mtllib material.mtl
usemtl light_silver
v -0.06369800 0.02019900 -0.03407700
v -0.06419200 0.02023200 -0.03405400
v -0.06467200 0.02033200 -0.03398400
v -0.06512600 0.02049500 -0.03387000
v -0.06554100 0.02071700 -0.03371400
v -0.06590500 0.02099200 -0.03352200
v -0.06621000 0.02131200 -0.03329800
v -0.06644500 0.02166900 -0.03304800
v -0.06660600 0.02205300 -0.03277900
v -0.06668800 0.02245300 -0.03249900
v -0.06668800 0.02285900 -0.03221400
v -0.06660600 0.02326000 -0.03193400
v -0.06644500 0.02364300 -0.03166500
v -0.06621000 0.02400000 -0.03141500
v -0.06590500 0.02432100 -0.03119100
v -0.06554100 0.02459600 -0.03099900
v -0.06512600 0.02481800 -0.03084300
v -0.06467200 0.02498100 -0.03072900
v -0.06419200 0.02508000 -0.03065900
v -0.06369800 0.02511400 -0.03063600
v -0.06480000 0.02472000 -0.03091100
v -0.06522000 0.02453200 -0.03104300
v -0.06559500 0.02428700 -0.03121400
v -0.06591200 0.02399300 -0.03142100
v -0.06616200 0.02365800 -0.03165500
v -0.06633600 0.02329200 -0.03191100
v -0.06643100 0.02290700 -0.03218100
v -0.06644300 0.02251400 -0.03245600
v -0.06637100 0.02212600 -0.03272800
v -0.06621800 0.02175400 -0.03298800
v -0.06598800 0.02140900 -0.03323000
v -0.06568900 0.02110300 -0.03344400
v -0.06533000 0.02084300 -0.03362600
v -0.06492000 0.02063800 -0.03376900
v -0.06447400 0.02049500 -0.03387000
v -0.06400400 0.02041800 -0.03392400
v -0.06352500 0.02040800 -0.03393100
v -0.06305100 0.02046700 -0.03389000
v -0.06259700 0.02059200 -0.03380200
v -0.06217600 0.02078000 -0.03367000
v -0.06180100 0.02102500 -0.03349900
v -0.06148400 0.02132000 -0.03329200
v -0.06123500 0.02165500 -0.03305800
v -0.06106000 0.02202100 -0.03280200
v -0.06096500 0.02240600 -0.03253200
v -0.06095400 0.02279800 -0.03225700
v -0.06102500 0.02318600 -0.03198500
v -0.06117800 0.02355800 -0.03172500
v -0.06140800 0.02390300 -0.03148300
v -0.06170700 0.02421000 -0.03126900
v -0.06206700 0.02447000 -0.03108700
v -0.06247600 0.02467400 -0.03094400
v -0.06292200 0.02481700 -0.03084300
v -0.06339200 0.02489500 -0.03078900
v -0.06387100 0.02490400 -0.03078200
v -0.06434500 0.02484600 -0.03082300
v -0.06320400 0.02508000 -0.03065900
v -0.06272400 0.02498100 -0.03072900
v -0.06227000 0.02481800 -0.03084300
v -0.06185500 0.02459600 -0.03099900
v -0.06149100 0.02432100 -0.03119100
v -0.06118700 0.02400000 -0.03141500
v -0.06095100 0.02364300 -0.03166500
v -0.06079000 0.02326000 -0.03193400
v -0.06070800 0.02285900 -0.03221400
v -0.06070800 0.02245300 -0.03249900
v -0.06079000 0.02205300 -0.03277900
v -0.06095100 0.02166900 -0.03304800
v -0.06118700 0.02131200 -0.03329800
v -0.06149100 0.02099200 -0.03352200
v -0.06185500 0.02071700 -0.03371400
v -0.06227000 0.02049500 -0.03387000
v -0.06272400 0.02033200 -0.03398400
v -0.06320400 0.02023200 -0.03405400
v -0.06259700 0.02225600 -0.03617700
v -0.06285800 0.02228000 -0.03627300
v -0.06284800 0.02224200 -0.03627200
v -0.06284100 0.02220700 -0.03625700
v -0.06307700 0.02222900 -0.03630800
v -0.06307000 0.02219100 -0.03630800
v -0.06306500 0.02215500 -0.03629400
v -0.06330500 0.02219300 -0.03633300
v -0.06330000 0.02215500 -0.03633400
v -0.06329700 0.02211900 -0.03631900
v -0.06353500 0.02217300 -0.03634700
v -0.06353300 0.02213500 -0.03634700
v -0.06353200 0.02209900 -0.03633300
v -0.06376700 0.02217000 -0.03634900
v -0.06376800 0.02213100 -0.03635000
v -0.06376800 0.02209500 -0.03633600
v -0.06399500 0.02218300 -0.03634000
v -0.06399900 0.02214400 -0.03634100
v -0.06400100 0.02210900 -0.03632600
v -0.06421800 0.02221100 -0.03632100
v -0.06422400 0.02217300 -0.03632100
v -0.06422800 0.02213700 -0.03630600
v -0.06443700 0.02225400 -0.03629100
v -0.06444600 0.02221600 -0.03629000
v -0.06445200 0.02218100 -0.03627600
v -0.06465100 0.02231200 -0.03625000
v -0.06466300 0.02227500 -0.03624900
v -0.06467000 0.02224100 -0.03623400
v -0.06485800 0.02238500 -0.03619900
v -0.06487200 0.02234900 -0.03619800
v -0.06488100 0.02231500 -0.03618200
v -0.06505800 0.02247100 -0.03613800
v -0.06507400 0.02243600 -0.03613600
v -0.06508400 0.02240300 -0.03612000
v -0.06524700 0.02257100 -0.03606800
v -0.06526600 0.02253700 -0.03606500
v -0.06527800 0.02250500 -0.03604900
v -0.06542600 0.02268400 -0.03599000
v -0.06544600 0.02265100 -0.03598600
v -0.06546000 0.02262000 -0.03596900
v -0.06559200 0.02280800 -0.03590200
v -0.06561500 0.02277700 -0.03589700
v -0.06563000 0.02274700 -0.03588000
v -0.06574600 0.02294400 -0.03580800
v -0.06577000 0.02291400 -0.03580200
v -0.06578600 0.02288500 -0.03578300
v -0.06588400 0.02308900 -0.03570600
v -0.06591000 0.02306200 -0.03569800
v -0.06592800 0.02303300 -0.03567900
v -0.06601400 0.02325300 -0.03559100
v -0.06604200 0.02322700 -0.03558300
v -0.06606000 0.02320000 -0.03556200
v -0.06612600 0.02342500 -0.03547100
v -0.06615500 0.02340100 -0.03546100
v -0.06617400 0.02337500 -0.03544000
v -0.06621000 0.02358500 -0.03535900
v -0.06624000 0.02356300 -0.03534800
v -0.06625900 0.02353800 -0.03532600
v -0.06628600 0.02377200 -0.03522800
v -0.06631600 0.02375200 -0.03521500
v -0.06633700 0.02372900 -0.03519200
v -0.06633900 0.02395600 -0.03509900
v -0.06637100 0.02393900 -0.03508400
v -0.06639100 0.02391700 -0.03506000
v -0.06637300 0.02414400 -0.03496700
v -0.06640500 0.02412900 -0.03495100
v -0.06642600 0.02410900 -0.03492600
v -0.06638700 0.02433400 -0.03483400
v -0.06641900 0.02432100 -0.03481700
v -0.06644000 0.02430200 -0.03479100
v -0.06638100 0.02452300 -0.03470200
v -0.06641300 0.02451300 -0.03468200
v -0.06643400 0.02449500 -0.03465500
v -0.06635600 0.02470700 -0.03457300
v -0.06638800 0.02469900 -0.03455200
v -0.06640900 0.02468300 -0.03452400
v -0.06631300 0.02488900 -0.03444600
v -0.06634400 0.02488200 -0.03442400
v -0.06636400 0.02486800 -0.03439400
v -0.06625100 0.02506600 -0.03432200
v -0.06628100 0.02506200 -0.03429800
v -0.06630100 0.02504900 -0.03426800
v -0.06617100 0.02523900 -0.03420100
v -0.06620000 0.02523600 -0.03417600
v -0.06622000 0.02522500 -0.03414400
v -0.06607400 0.02540500 -0.03408400
v -0.06610200 0.02540500 -0.03405800
v -0.06612100 0.02539500 -0.03402500
v -0.06596000 0.02556500 -0.03397200
v -0.06598700 0.02556600 -0.03394500
v -0.06600400 0.02555700 -0.03391200
v -0.06583000 0.02571600 -0.03386700
v -0.06585500 0.02571900 -0.03383800
v -0.06587200 0.02571100 -0.03380400
v -0.06568500 0.02585700 -0.03376800
v -0.06570900 0.02586200 -0.03373700
v -0.06572400 0.02585500 -0.03370300
v -0.06552600 0.02598800 -0.03367600
v -0.06554800 0.02599500 -0.03364500
v -0.06556200 0.02598900 -0.03360900
v -0.06535500 0.02610800 -0.03359200
v -0.06537400 0.02611600 -0.03356000
v -0.06538700 0.02611100 -0.03352400
v -0.06517100 0.02621500 -0.03351700
v -0.06518900 0.02622500 -0.03348400
v -0.06520100 0.02622100 -0.03344700
v -0.06496500 0.02631600 -0.03344600
v -0.06498000 0.02632600 -0.03341200
v -0.06499000 0.02632300 -0.03337500
v -0.06480000 0.02638400 -0.03328700
v -0.06260000 0.02228300 -0.03620500
v -0.06260800 0.02231800 -0.03622000
v -0.06262100 0.02235500 -0.03622100
v -0.06283900 0.02219200 -0.03624500
v -0.06271900 0.02224300 -0.03623300
v -0.06271700 0.02222800 -0.03622000
v -0.06284400 0.02222400 -0.03626600
v -0.06272700 0.02227700 -0.03624800
v -0.06272300 0.02225900 -0.03624200
v -0.06285200 0.02226100 -0.03627400
v -0.06273800 0.02231400 -0.03624800
v -0.06273200 0.02229600 -0.03625000
v -0.06286400 0.02229800 -0.03626700
v -0.06274500 0.02233300 -0.03624300
v -0.06475900 0.02636600 -0.03342100
v -0.06477500 0.02639000 -0.03339500
v -0.06478800 0.02640200 -0.03336000
v -0.06479600 0.02640000 -0.03332200
v -0.06487100 0.02635500 -0.03341900
v -0.06495600 0.02630500 -0.03346100
v -0.06486200 0.02634400 -0.03343400
v -0.06488500 0.02636600 -0.03338500
v -0.06497300 0.02632300 -0.03343000
v -0.06487800 0.02636200 -0.03340300
v -0.06489400 0.02636300 -0.03334700
v -0.06498500 0.02632700 -0.03339400
v -0.06489000 0.02636600 -0.03336600
v -0.06499200 0.02631700 -0.03335700
v -0.06489600 0.02635700 -0.03332900
v -0.06495600 0.02632300 -0.03332900
v -0.06510700 0.02625400 -0.03337700
v -0.06525200 0.02617800 -0.03343100
v -0.06539200 0.02609500 -0.03348900
v -0.06552400 0.02600400 -0.03355300
v -0.06565000 0.02590700 -0.03362100
v -0.06576800 0.02580300 -0.03369300
v -0.06587700 0.02569400 -0.03377000
v -0.06597800 0.02557900 -0.03385000
v -0.06607000 0.02545900 -0.03393400
v -0.06615300 0.02533500 -0.03402100
v -0.06622600 0.02520700 -0.03411100
v -0.06628900 0.02507500 -0.03420300
v -0.06634200 0.02494000 -0.03429800
v -0.06638400 0.02480300 -0.03439400
v -0.06641600 0.02466400 -0.03449100
v -0.06643700 0.02452300 -0.03458900
v -0.06644700 0.02438200 -0.03468800
v -0.06644600 0.02424100 -0.03478700
v -0.06643500 0.02409900 -0.03488600
v -0.06641300 0.02395900 -0.03498400
v -0.06638000 0.02382000 -0.03508200
v -0.06633600 0.02368300 -0.03517800
v -0.06628200 0.02354900 -0.03527200
v -0.06621800 0.02341700 -0.03536400
v -0.06614400 0.02329000 -0.03545300
v -0.06606000 0.02316600 -0.03554000
v -0.06596700 0.02304700 -0.03562300
v -0.06586500 0.02293200 -0.03570300
v -0.06575400 0.02282400 -0.03577900
v -0.06563600 0.02272100 -0.03585100
v -0.06550900 0.02262400 -0.03591900
v -0.06537600 0.02253500 -0.03598200
v -0.06523600 0.02245200 -0.03604000
v -0.06508900 0.02237700 -0.03609300
v -0.06493800 0.02230900 -0.03614000
v -0.06478100 0.02224900 -0.03618200
v -0.06462000 0.02219700 -0.03621800
v -0.06445600 0.02215400 -0.03624800
v -0.06428800 0.02211900 -0.03627300
v -0.06411800 0.02209300 -0.03629100
v -0.06394700 0.02207600 -0.03630300
v -0.06377400 0.02206800 -0.03630900
v -0.06360200 0.02206800 -0.03630800
v -0.06342900 0.02207800 -0.03630200
v -0.06325800 0.02209600 -0.03628900
v -0.06308800 0.02212300 -0.03627000
v -0.06292100 0.02215900 -0.03624500
v -0.06275700 0.02220300 -0.03621400
v -0.06263700 0.02238800 -0.03620700
v -0.06279800 0.02233500 -0.03624400
v -0.06296300 0.02229200 -0.03627400
v -0.06313100 0.02225700 -0.03629900
v -0.06330100 0.02223100 -0.03631700
v -0.06347400 0.02221400 -0.03632800
v -0.06364700 0.02220700 -0.03633400
v -0.06382000 0.02220900 -0.03633200
v -0.06399300 0.02222000 -0.03632400
v -0.06416500 0.02224000 -0.03631000
v -0.06433400 0.02227000 -0.03628900
v -0.06450100 0.02230800 -0.03626200
v -0.06466500 0.02235600 -0.03622900
v -0.06482400 0.02241200 -0.03619000
v -0.06497800 0.02247600 -0.03614500
v -0.06512700 0.02254900 -0.03609400
v -0.06527000 0.02263000 -0.03603800
v -0.06540600 0.02271800 -0.03597600
v -0.06553500 0.02281300 -0.03590900
v -0.06565600 0.02291400 -0.03583800
v -0.06576900 0.02302200 -0.03576200
v -0.06587300 0.02313600 -0.03568300
v -0.06596700 0.02325500 -0.03559900
v -0.06605200 0.02337900 -0.03551300
v -0.06612600 0.02350800 -0.03542300
v -0.06619100 0.02364000 -0.03533000
v -0.06624400 0.02377500 -0.03523600
v -0.06628700 0.02391200 -0.03513900
v -0.06631800 0.02405200 -0.03504200
v -0.06633900 0.02419300 -0.03494300
v -0.06634800 0.02433500 -0.03484300
v -0.06634500 0.02447700 -0.03474400
v -0.06633200 0.02461900 -0.03464500
v -0.06630700 0.02475900 -0.03454600
v -0.06627100 0.02489800 -0.03444900
v -0.06622400 0.02503500 -0.03435300
v -0.06616600 0.02516900 -0.03426000
v -0.06609700 0.02529900 -0.03416800
v -0.06601800 0.02542600 -0.03408000
v -0.06593000 0.02554800 -0.03399400
v -0.06583100 0.02566500 -0.03391200
v -0.06572400 0.02577600 -0.03383400
v -0.06560800 0.02588200 -0.03376000
v -0.06548400 0.02598100 -0.03369100
v -0.06535200 0.02607300 -0.03362600
v -0.06521300 0.02615800 -0.03356700
v -0.06506700 0.02623600 -0.03351300
v -0.06491600 0.02630500 -0.03346400
v -0.06427300 0.02470800 -0.03299500
v -0.06356000 0.02464300 -0.03304100
v -0.06284700 0.02457800 -0.03308600
v -0.06255900 0.02403900 -0.03346400
v -0.06227200 0.02350100 -0.03384100
v -0.06269800 0.02302700 -0.03417200
v -0.06312300 0.02255400 -0.03450300
v -0.06512400 0.02376200 -0.03365700
v -0.06469900 0.02423500 -0.03332600
v -0.06454900 0.02268500 -0.03441200
v -0.06483700 0.02322400 -0.03403500
v -0.06383600 0.02262000 -0.03445700
v -0.06312300 0.02255400 -0.03450300
v -0.06269800 0.02302700 -0.03417200
v -0.06227200 0.02350100 -0.03384100
v -0.06227200 0.02424600 -0.03490600
v -0.06255600 0.02393100 -0.03512600
v -0.06284000 0.02361500 -0.03534700
v -0.06312300 0.02330000 -0.03556800
v -0.06312300 0.02292700 -0.03503600
v -0.06227200 0.02350100 -0.03384100
v -0.06255900 0.02403900 -0.03346400
v -0.06284700 0.02457800 -0.03308600
v -0.06227200 0.02424600 -0.03490600
v -0.06284700 0.02532300 -0.03415100
v -0.06265500 0.02496400 -0.03440300
v -0.06246400 0.02460500 -0.03465400
v -0.06284700 0.02495000 -0.03361900
v -0.06284700 0.02457800 -0.03308600
v -0.06356000 0.02464300 -0.03304100
v -0.06427300 0.02470800 -0.03299500
v -0.06284700 0.02532300 -0.03415100
v -0.06284700 0.02495000 -0.03361900
v -0.06427300 0.02545400 -0.03406000
v -0.06379700 0.02541000 -0.03409000
v -0.06332200 0.02536700 -0.03412100
v -0.06427300 0.02508100 -0.03352700
v -0.06427300 0.02545400 -0.03406000
v -0.06512400 0.02376200 -0.03365700
v -0.06512400 0.02413500 -0.03419000
v -0.06512400 0.02450800 -0.03472200
v -0.06484000 0.02482300 -0.03450100
v -0.06455700 0.02513900 -0.03428100
v -0.06427300 0.02470800 -0.03299500
v -0.06469900 0.02423500 -0.03332600
v -0.06427300 0.02508100 -0.03352700
v -0.06512400 0.02450800 -0.03472200
v -0.06454900 0.02268500 -0.03441200
v -0.06512400 0.02413500 -0.03419000
v -0.06454900 0.02305800 -0.03494400
v -0.06454900 0.02343100 -0.03547700
v -0.06474100 0.02379000 -0.03522500
v -0.06493300 0.02414900 -0.03497400
v -0.06512400 0.02376200 -0.03365700
v -0.06483700 0.02322400 -0.03403500
v -0.06312300 0.02330000 -0.03556800
v -0.06454900 0.02343100 -0.03547700
v -0.06454900 0.02305800 -0.03494400
v -0.06359900 0.02334400 -0.03553800
v -0.06407400 0.02338700 -0.03550700
v -0.06312300 0.02255400 -0.03450300
v -0.06312300 0.02292700 -0.03503600
v -0.06454900 0.02268500 -0.03441200
v -0.06383600 0.02262000 -0.03445700
v -0.06480000 0.02638400 -0.03328700
v -0.06506100 0.02544500 -0.03217400
v -0.06529200 0.02532400 -0.03225900
v -0.06550700 0.02518500 -0.03235600
v -0.06570400 0.02502900 -0.03246500
v -0.06588000 0.02485900 -0.03258400
v -0.06603200 0.02467900 -0.03271000
v -0.06616200 0.02448900 -0.03284300
v -0.06626800 0.02428900 -0.03298400
v -0.06635100 0.02408100 -0.03312900
v -0.06640900 0.02386800 -0.03327800
v -0.06644100 0.02365100 -0.03343000
v -0.06644700 0.02343300 -0.03358300
v -0.06642800 0.02321600 -0.03373500
v -0.06638300 0.02300000 -0.03388600
v -0.06630800 0.02277700 -0.03404200
v -0.06621800 0.02258600 -0.03417600
v -0.06608700 0.02237200 -0.03432600
v -0.06593900 0.02218300 -0.03445800
v -0.06577000 0.02200700 -0.03458200
v -0.06558000 0.02184500 -0.03469500
v -0.06537200 0.02170100 -0.03479600
v -0.06515300 0.02157600 -0.03488300
v -0.06492000 0.02147000 -0.03495700
v -0.06467600 0.02138200 -0.03501900
v -0.06442200 0.02131500 -0.03506600
v -0.06416200 0.02126800 -0.03509900
v -0.06389800 0.02124100 -0.03511700
v -0.06363100 0.02123600 -0.03512100
v -0.06336600 0.02125200 -0.03511000
v -0.06310300 0.02128900 -0.03508400
v -0.06283000 0.02135000 -0.03504100
v -0.06259700 0.02059200 -0.03380200
v -0.06259700 0.02225600 -0.03617700
v -0.06275700 0.02220300 -0.03621400
v -0.06292100 0.02215900 -0.03624500
v -0.06308800 0.02212300 -0.03627000
v -0.06325800 0.02209600 -0.03628900
v -0.06342900 0.02207800 -0.03630200
v -0.06360200 0.02206800 -0.03630800
v -0.06377400 0.02206800 -0.03630900
v -0.06394700 0.02207600 -0.03630300
v -0.06411800 0.02209300 -0.03629100
v -0.06428800 0.02211900 -0.03627300
v -0.06445600 0.02215400 -0.03624800
v -0.06462000 0.02219700 -0.03621800
v -0.06478100 0.02224900 -0.03618200
v -0.06493800 0.02230900 -0.03614000
v -0.06508900 0.02237700 -0.03609300
v -0.06523600 0.02245200 -0.03604000
v -0.06537600 0.02253500 -0.03598200
v -0.06550900 0.02262400 -0.03591900
v -0.06563600 0.02272100 -0.03585100
v -0.06575400 0.02282400 -0.03577900
v -0.06586500 0.02293200 -0.03570300
v -0.06596700 0.02304700 -0.03562300
v -0.06606000 0.02316600 -0.03554000
v -0.06614400 0.02329000 -0.03545300
v -0.06621800 0.02341700 -0.03536400
v -0.06628200 0.02354900 -0.03527200
v -0.06633600 0.02368300 -0.03517800
v -0.06638000 0.02382000 -0.03508200
v -0.06641300 0.02395900 -0.03498400
v -0.06643500 0.02409900 -0.03488600
v -0.06644600 0.02424100 -0.03478700
v -0.06644700 0.02438200 -0.03468800
v -0.06643700 0.02452300 -0.03458900
v -0.06641600 0.02466400 -0.03449100
v -0.06638400 0.02480300 -0.03439400
v -0.06634200 0.02494000 -0.03429800
v -0.06628900 0.02507500 -0.03420300
v -0.06622600 0.02520700 -0.03411100
v -0.06615300 0.02533500 -0.03402100
v -0.06607000 0.02545900 -0.03393400
v -0.06597800 0.02557900 -0.03385000
v -0.06587700 0.02569400 -0.03377000
v -0.06576800 0.02580300 -0.03369300
v -0.06565000 0.02590700 -0.03362100
v -0.06552400 0.02600400 -0.03355300
v -0.06539200 0.02609500 -0.03348900
v -0.06525200 0.02617800 -0.03343100
v -0.06510700 0.02625400 -0.03337700
v -0.06495600 0.02632300 -0.03332900
v -0.06283000 0.02176600 -0.03563500
v -0.06271300 0.02138500 -0.03501700
v -0.06271300 0.02180100 -0.03561100
v -0.06271300 0.02200900 -0.03590800
v -0.06265400 0.02182000 -0.03559700
v -0.06265400 0.02202800 -0.03589400
v -0.06283000 0.02197400 -0.03593200
v -0.06277100 0.02178300 -0.03562300
v -0.06277100 0.02199100 -0.03592000
v -0.06310300 0.02170500 -0.03567800
v -0.06296600 0.02131700 -0.03506500
v -0.06296600 0.02173300 -0.03565900
v -0.06296600 0.02194000 -0.03595500
v -0.06289800 0.02174900 -0.03564700
v -0.06289800 0.02195700 -0.03594400
v -0.06310300 0.02191200 -0.03597500
v -0.06303400 0.02171800 -0.03566900
v -0.06303400 0.02192600 -0.03596600
v -0.06336600 0.02166800 -0.03570400
v -0.06323400 0.02126800 -0.03509900
v -0.06323400 0.02168400 -0.03569300
v -0.06323400 0.02189100 -0.03599000
v -0.06336600 0.02187600 -0.03600100
v -0.06329900 0.02167500 -0.03569900
v -0.06329900 0.02188300 -0.03599600
v -0.06363100 0.02165200 -0.03571500
v -0.06349800 0.02124100 -0.03511700
v -0.06349800 0.02165700 -0.03571100
v -0.06349800 0.02186500 -0.03600800
v -0.06343200 0.02166200 -0.03570800
v -0.06343200 0.02187000 -0.03600500
v -0.06363100 0.02186000 -0.03601200
v -0.06356500 0.02165400 -0.03571400
v -0.06356500 0.02186200 -0.03601100
v -0.06389800 0.02165700 -0.03571100
v -0.06376500 0.02123600 -0.03512100
v -0.06376500 0.02165200 -0.03571500
v -0.06376500 0.02186000 -0.03601200
v -0.06389800 0.02186500 -0.03600800
v -0.06383100 0.02165400 -0.03571400
v -0.06383100 0.02186200 -0.03601100
v -0.06416200 0.02168300 -0.03569300
v -0.06403000 0.02125200 -0.03511000
v -0.06403000 0.02166800 -0.03570400
v -0.06403000 0.02187600 -0.03600100
v -0.06396400 0.02166200 -0.03570800
v -0.06396400 0.02187000 -0.03600500
v -0.06416200 0.02189100 -0.03599000
v -0.06409600 0.02167500 -0.03569900
v -0.06409600 0.02188300 -0.03599600
v -0.06442200 0.02173100 -0.03566000
v -0.06429300 0.02128900 -0.03508400
v -0.06429300 0.02170400 -0.03567800
v -0.06429300 0.02191200 -0.03597500
v -0.06422800 0.02169300 -0.03568600
v -0.06422800 0.02190100 -0.03598300
v -0.06467600 0.02179800 -0.03561200
v -0.06455000 0.02134600 -0.03504400
v -0.06455000 0.02176200 -0.03563800
v -0.06442200 0.02193900 -0.03595700
v -0.06455000 0.02197000 -0.03593500
v -0.06448600 0.02174600 -0.03564900
v -0.06448600 0.02195400 -0.03594600
v -0.06467600 0.02200600 -0.03590900
v -0.06461300 0.02178000 -0.03562600
v -0.06461300 0.02198700 -0.03592300
v -0.06492000 0.02188600 -0.03555100
v -0.06479900 0.02142400 -0.03499000
v -0.06479900 0.02184000 -0.03558400
v -0.06479900 0.02204800 -0.03588000
v -0.06473800 0.02181800 -0.03559800
v -0.06473800 0.02202600 -0.03589500
v -0.06515300 0.02199200 -0.03547700
v -0.06503800 0.02152100 -0.03492200
v -0.06503800 0.02193700 -0.03551600
v -0.06492000 0.02209400 -0.03584800
v -0.06503800 0.02214400 -0.03581300
v -0.06497900 0.02191100 -0.03553400
v -0.06497900 0.02211800 -0.03583100
v -0.06515300 0.02220000 -0.03577400
v -0.06509600 0.02196400 -0.03549700
v -0.06509600 0.02217200 -0.03579400
v -0.06537200 0.02211600 -0.03539000
v -0.06526400 0.02163600 -0.03484100
v -0.06526400 0.02205200 -0.03543500
v -0.06526400 0.02226000 -0.03573200
v -0.06520900 0.02202100 -0.03545600
v -0.06520900 0.02222900 -0.03575300
v -0.06558000 0.02226100 -0.03528900
v -0.06547800 0.02177100 -0.03474700
v -0.06547800 0.02218700 -0.03534100
v -0.06537200 0.02232400 -0.03568700
v -0.06547800 0.02239400 -0.03563800
v -0.06542500 0.02215100 -0.03536600
v -0.06542500 0.02235900 -0.03566300
v -0.06558000 0.02246900 -0.03558600
v -0.06552900 0.02222300 -0.03531500
v -0.06552900 0.02243100 -0.03561200
v -0.06577000 0.02242200 -0.03517500
v -0.06567700 0.02192400 -0.03463900
v -0.06567700 0.02234000 -0.03523300
v -0.06567700 0.02254800 -0.03553000
v -0.06562900 0.02230000 -0.03526100
v -0.06562900 0.02250800 -0.03555800
v -0.06577000 0.02263000 -0.03547200
v -0.06572400 0.02238100 -0.03520500
v -0.06572400 0.02258800 -0.03550200
v -0.06593900 0.02259900 -0.03505200
v -0.06585700 0.02209300 -0.03452100
v -0.06585700 0.02250900 -0.03511500
v -0.06585700 0.02271700 -0.03541200
v -0.06593900 0.02280600 -0.03534900
v -0.06589900 0.02255300 -0.03508400
v -0.06589900 0.02276100 -0.03538100
v -0.06608700 0.02278800 -0.03492000
v -0.06601600 0.02227600 -0.03439300
v -0.06601600 0.02269200 -0.03498700
v -0.06601600 0.02290000 -0.03528400
v -0.06597800 0.02264500 -0.03502000
v -0.06597800 0.02285300 -0.03531700
v -0.06608700 0.02299600 -0.03521700
v -0.06605200 0.02273900 -0.03495400
v -0.06605200 0.02294700 -0.03525000
v -0.06621800 0.02300200 -0.03477000
v -0.06615600 0.02247700 -0.03425200
v -0.06615600 0.02289300 -0.03484600
v -0.06615600 0.02310100 -0.03514300
v -0.06612200 0.02284000 -0.03488300
v -0.06612200 0.02304800 -0.03518000
v -0.06621800 0.02321000 -0.03506700
v -0.06618800 0.02294700 -0.03480800
v -0.06618800 0.02315500 -0.03510500
v -0.06630800 0.02319300 -0.03463600
v -0.06626500 0.02268100 -0.03411000
v -0.06626500 0.02309600 -0.03470300
v -0.06626500 0.02330400 -0.03500000
v -0.06630800 0.02340100 -0.03493300
v -0.06628700 0.02314500 -0.03467000
v -0.06628700 0.02335200 -0.03496700
v -0.06638300 0.02341600 -0.03448000
v -0.06634900 0.02288800 -0.03396400
v -0.06634900 0.02330400 -0.03455800
v -0.06634900 0.02351200 -0.03485500
v -0.06632900 0.02324800 -0.03459700
v -0.06632900 0.02345600 -0.03489400
v -0.06638300 0.02362400 -0.03477700
v -0.06636700 0.02336000 -0.03451900
v -0.06636700 0.02356800 -0.03481600
v -0.06642800 0.02363100 -0.03432900
v -0.06640900 0.02310700 -0.03381100
v -0.06640900 0.02352300 -0.03440500
v -0.06640900 0.02373100 -0.03470200
v -0.06642800 0.02383900 -0.03462600
v -0.06641900 0.02357700 -0.03436700
v -0.06641900 0.02378500 -0.03466400
v -0.06644700 0.02384900 -0.03417600
v -0.06644100 0.02332400 -0.03365900
v -0.06644100 0.02374000 -0.03425300
v -0.06644100 0.02394800 -0.03455000
v -0.06643500 0.02368600 -0.03429100
v -0.06643500 0.02389400 -0.03458800
v -0.06644700 0.02405700 -0.03447300
v -0.06644500 0.02379500 -0.03421500
v -0.06644500 0.02400200 -0.03451200
v -0.06644100 0.02406700 -0.03402400
v -0.06644700 0.02354200 -0.03350600
v -0.06644700 0.02395800 -0.03410000
v -0.06644700 0.02416600 -0.03439700
v -0.06644100 0.02427500 -0.03432100
v -0.06644500 0.02401300 -0.03406200
v -0.06644500 0.02422100 -0.03435900
v -0.06640900 0.02428400 -0.03387200
v -0.06642800 0.02376000 -0.03335400
v -0.06642800 0.02417600 -0.03394800
v -0.06642800 0.02438400 -0.03424500
v -0.06643500 0.02412200 -0.03398600
v -0.06643500 0.02433000 -0.03428300
v -0.06640900 0.02449200 -0.03416900
v -0.06641900 0.02423000 -0.03391000
v -0.06641900 0.02443800 -0.03420700
v -0.06635100 0.02449700 -0.03372300
v -0.06638300 0.02397500 -0.03320300
v -0.06638300 0.02439100 -0.03379700
v -0.06638300 0.02459900 -0.03409400
v -0.06639700 0.02433800 -0.03383400
v -0.06639700 0.02454600 -0.03413100
v -0.06626800 0.02470500 -0.03357700
v -0.06631300 0.02418600 -0.03305600
v -0.06631300 0.02460200 -0.03365000
v -0.06635100 0.02470500 -0.03402000
v -0.06631300 0.02481000 -0.03394600
v -0.06633300 0.02455000 -0.03368600
v -0.06633300 0.02475800 -0.03398300
v -0.06626800 0.02491300 -0.03387400
v -0.06629100 0.02465300 -0.03361300
v -0.06629100 0.02486100 -0.03391000
v -0.06616200 0.02490500 -0.03343700
v -0.06621800 0.02439000 -0.03291300
v -0.06621800 0.02480600 -0.03350700
v -0.06621800 0.02501400 -0.03380400
v -0.06624400 0.02475500 -0.03354200
v -0.06624400 0.02496300 -0.03383900
v -0.06603200 0.02509500 -0.03330400
v -0.06610000 0.02458500 -0.03277600
v -0.06610000 0.02500100 -0.03337000
v -0.06616200 0.02511300 -0.03373400
v -0.06610000 0.02520900 -0.03366700
v -0.06613100 0.02495300 -0.03340300
v -0.06613100 0.02516100 -0.03370000
v -0.06603200 0.02530300 -0.03360100
v -0.06606700 0.02504900 -0.03333700
v -0.06606700 0.02525700 -0.03363300
v -0.06588000 0.02527500 -0.03317800
v -0.06595900 0.02477100 -0.03264600
v -0.06595900 0.02518700 -0.03324000
v -0.06595900 0.02539400 -0.03353700
v -0.06599600 0.02514100 -0.03327200
v -0.06599600 0.02534900 -0.03356900
v -0.06570400 0.02544500 -0.03305900
v -0.06579500 0.02494600 -0.03252300
v -0.06579500 0.02536200 -0.03311700
v -0.06588000 0.02548300 -0.03347500
v -0.06579500 0.02557000 -0.03341400
v -0.06583800 0.02531900 -0.03314700
v -0.06583800 0.02552700 -0.03344400
v -0.06570400 0.02565300 -0.03335600
v -0.06575000 0.02540400 -0.03308800
v -0.06575000 0.02561200 -0.03338500
v -0.06550700 0.02560100 -0.03295000
v -0.06560800 0.02510900 -0.03240900
v -0.06560800 0.02552500 -0.03300300
v -0.06560800 0.02573300 -0.03330000
v -0.06565600 0.02548500 -0.03303100
v -0.06565600 0.02569300 -0.03332800
v -0.06550700 0.02580900 -0.03324700
v -0.06555800 0.02556300 -0.03297600
v -0.06555800 0.02577100 -0.03327300
v -0.06529200 0.02574000 -0.03285300
v -0.06540100 0.02525700 -0.03230600
v -0.06540100 0.02567300 -0.03290000
v -0.06540100 0.02588000 -0.03319700
v -0.06529200 0.02594800 -0.03315000
v -0.06534700 0.02570700 -0.03287600
v -0.06534700 0.02591500 -0.03317300
v -0.06506100 0.02586100 -0.03276800
v -0.06517800 0.02538700 -0.03221500
v -0.06517800 0.02580300 -0.03280900
v -0.06517800 0.02601000 -0.03310600
v -0.06523500 0.02577200 -0.03283000
v -0.06523500 0.02598000 -0.03312700
v -0.06506100 0.02606800 -0.03306500
v -0.06512000 0.02583200 -0.03278800
v -0.06512000 0.02604000 -0.03308500
v -0.06493200 0.02550100 -0.03213500
v -0.06493200 0.02591700 -0.03272800
v -0.06493200 0.02612500 -0.03302500
v -0.06499700 0.02589000 -0.03274800
v -0.06499700 0.02609700 -0.03304500
v -0.06486600 0.02594300 -0.03271000
v -0.06486600 0.02615100 -0.03300700
v -0.06480000 0.02582900 -0.03249500
v -0.06480000 0.02527500 -0.03170300
v -0.06259700 0.02114700 -0.03459400
v -0.06259700 0.02170100 -0.03538600
v -0.06480000 0.02472000 -0.03091100
v -0.06522000 0.02453200 -0.03104300
v -0.06559500 0.02428700 -0.03121400
v -0.06591200 0.02399300 -0.03142100
v -0.06616200 0.02365800 -0.03165500
v -0.06633600 0.02329200 -0.03191100
v -0.06643100 0.02290700 -0.03218100
v -0.06644300 0.02251400 -0.03245600
v -0.06637100 0.02212600 -0.03272800
v -0.06621800 0.02175400 -0.03298800
v -0.06598800 0.02140900 -0.03323000
v -0.06568900 0.02110300 -0.03344400
v -0.06533000 0.02084300 -0.03362600
v -0.06492000 0.02063800 -0.03376900
v -0.06447400 0.02049500 -0.03387000
v -0.06400400 0.02041800 -0.03392400
v -0.06352500 0.02040800 -0.03393100
v -0.06305100 0.02046700 -0.03389000
v -0.06180500 0.02344700 -0.03546500
v -0.06180500 0.02406700 -0.03503100
v -0.06180500 0.02468700 -0.03459700
v -0.06180500 0.02530700 -0.03416300
v -0.06256200 0.02282600 -0.03590000
v -0.06256200 0.02592800 -0.03372800
v -0.06332000 0.02282600 -0.03590000
v -0.06332000 0.02592800 -0.03372800
v -0.06407700 0.02282600 -0.03590000
v -0.06407700 0.02592800 -0.03372800
v -0.06483400 0.02282600 -0.03590000
v -0.06483400 0.02592800 -0.03372800
v -0.06559100 0.02344700 -0.03546500
v -0.06559100 0.02406700 -0.03503100
v -0.06559100 0.02468700 -0.03459700
v -0.06559100 0.02530700 -0.03416300
v -0.06263700 0.02238800 -0.03620700
v -0.06279800 0.02233500 -0.03624400
v -0.06296300 0.02229200 -0.03627400
v -0.06313100 0.02225700 -0.03629900
v -0.06330100 0.02223100 -0.03631700
v -0.06347400 0.02221400 -0.03632800
v -0.06364700 0.02220700 -0.03633400
v -0.06382000 0.02220900 -0.03633200
v -0.06399300 0.02222000 -0.03632400
v -0.06416500 0.02224000 -0.03631000
v -0.06433400 0.02227000 -0.03628900
v -0.06450100 0.02230800 -0.03626200
v -0.06466500 0.02235600 -0.03622900
v -0.06482400 0.02241200 -0.03619000
v -0.06497800 0.02247600 -0.03614500
v -0.06512700 0.02254900 -0.03609400
v -0.06527000 0.02263000 -0.03603800
v -0.06540600 0.02271800 -0.03597600
v -0.06553500 0.02281300 -0.03590900
v -0.06565600 0.02291400 -0.03583800
v -0.06576900 0.02302200 -0.03576200
v -0.06587300 0.02313600 -0.03568300
v -0.06596700 0.02325500 -0.03559900
v -0.06605200 0.02337900 -0.03551300
v -0.06612600 0.02350800 -0.03542300
v -0.06619100 0.02364000 -0.03533000
v -0.06624400 0.02377500 -0.03523600
v -0.06628700 0.02391200 -0.03513900
v -0.06631800 0.02405200 -0.03504200
v -0.06633900 0.02419300 -0.03494300
v -0.06634800 0.02433500 -0.03484300
v -0.06634500 0.02447700 -0.03474400
v -0.06633200 0.02461900 -0.03464500
v -0.06630700 0.02475900 -0.03454600
v -0.06627100 0.02489800 -0.03444900
v -0.06622400 0.02503500 -0.03435300
v -0.06616600 0.02516900 -0.03426000
v -0.06609700 0.02529900 -0.03416800
v -0.06601800 0.02542600 -0.03408000
v -0.06593000 0.02554800 -0.03399400
v -0.06583100 0.02566500 -0.03391200
v -0.06572400 0.02577600 -0.03383400
v -0.06560800 0.02588200 -0.03376000
v -0.06548400 0.02598100 -0.03369100
v -0.06535200 0.02607300 -0.03362600
v -0.06521300 0.02615800 -0.03356700
v -0.06506700 0.02623600 -0.03351300
v -0.06491600 0.02630500 -0.03346400
v -0.06475900 0.02636600 -0.03342100
v -0.06332000 0.02251600 -0.03611700
v -0.06294100 0.02282600 -0.03590000
v -0.06294100 0.02251600 -0.03611700
v -0.06407700 0.02251600 -0.03611700
v -0.06369800 0.02282600 -0.03590000
v -0.06369800 0.02251600 -0.03611700
v -0.06483400 0.02251600 -0.03611700
v -0.06445500 0.02282600 -0.03590000
v -0.06445500 0.02251600 -0.03611700
v -0.06597000 0.02406700 -0.03503100
v -0.06559100 0.02375700 -0.03524800
v -0.06597000 0.02375700 -0.03524800
v -0.06597000 0.02468700 -0.03459700
v -0.06559100 0.02437700 -0.03481400
v -0.06597000 0.02437700 -0.03481400
v -0.06597000 0.02530700 -0.03416300
v -0.06559100 0.02499700 -0.03438000
v -0.06597000 0.02499700 -0.03438000
v -0.06407700 0.02623800 -0.03351100
v -0.06445500 0.02592800 -0.03372800
v -0.06445500 0.02623800 -0.03351100
v -0.06312300 0.02330000 -0.03556800
v -0.06284000 0.02361500 -0.03534700
v -0.06255600 0.02393100 -0.03512600
v -0.06227200 0.02424600 -0.03490600
v -0.06246400 0.02460500 -0.03465400
v -0.06265500 0.02496400 -0.03440300
v -0.06284700 0.02532300 -0.03415100
v -0.06332200 0.02536700 -0.03412100
v -0.06379700 0.02541000 -0.03409000
v -0.06427300 0.02545400 -0.03406000
v -0.06455700 0.02513900 -0.03428100
v -0.06484000 0.02482300 -0.03450100
v -0.06512400 0.02450800 -0.03472200
v -0.06493300 0.02414900 -0.03497400
v -0.06474100 0.02379000 -0.03522500
v -0.06454900 0.02343100 -0.03547700
v -0.06407400 0.02338700 -0.03550700
v -0.06359900 0.02334400 -0.03553800
v -0.06459800 0.02641900 -0.03338400
v -0.06443300 0.02646300 -0.03335400
v -0.06426500 0.02649700 -0.03332900
v -0.06409500 0.02652300 -0.03331100
v -0.06392300 0.02654000 -0.03329900
v -0.06374900 0.02654700 -0.03329400
v -0.06357600 0.02654500 -0.03329600
v -0.06340300 0.02653400 -0.03330300
v -0.06323200 0.02651400 -0.03331800
v -0.06306200 0.02648400 -0.03333800
v -0.06289500 0.02644600 -0.03336500
v -0.06273200 0.02639800 -0.03339900
v -0.06257200 0.02634200 -0.03343800
v -0.06241800 0.02627800 -0.03348300
v -0.06226900 0.02620500 -0.03353400
v -0.06212600 0.02612400 -0.03359000
v -0.06199000 0.02603600 -0.03365200
v -0.06186100 0.02594100 -0.03371900
v -0.06174000 0.02584000 -0.03379000
v -0.06162700 0.02573200 -0.03386500
v -0.06152400 0.02561800 -0.03394500
v -0.06142900 0.02549900 -0.03402900
v -0.06134500 0.02537500 -0.03411500
v -0.06127000 0.02524600 -0.03420500
v -0.06120600 0.02511400 -0.03429800
v -0.06115200 0.02497900 -0.03439200
v -0.06111000 0.02484200 -0.03448900
v -0.06107800 0.02470200 -0.03458600
v -0.06105800 0.02456100 -0.03468500
v -0.06104900 0.02441900 -0.03478500
v -0.06105100 0.02427700 -0.03488400
v -0.06106500 0.02413500 -0.03498300
v -0.06109000 0.02399500 -0.03508200
v -0.06112600 0.02385600 -0.03517900
v -0.06117300 0.02371900 -0.03527500
v -0.06123100 0.02358500 -0.03536800
v -0.06129900 0.02345500 -0.03546000
v -0.06137800 0.02332800 -0.03554800
v -0.06146700 0.02320600 -0.03563400
v -0.06156500 0.02308900 -0.03571600
v -0.06167200 0.02297800 -0.03579400
v -0.06178800 0.02287200 -0.03586800
v -0.06191300 0.02277300 -0.03593700
v -0.06204400 0.02268100 -0.03600200
v -0.06218300 0.02259600 -0.03606100
v -0.06232900 0.02251800 -0.03611500
v -0.06248000 0.02244900 -0.03616400
v -0.06332000 0.02623800 -0.03351100
v -0.06369800 0.02592800 -0.03372800
v -0.06369800 0.02623800 -0.03351100
v -0.06256200 0.02623800 -0.03351100
v -0.06294100 0.02592800 -0.03372800
v -0.06294100 0.02623800 -0.03351100
v -0.06180500 0.02499700 -0.03438000
v -0.06142700 0.02468700 -0.03459700
v -0.06142700 0.02499700 -0.03438000
v -0.06180500 0.02437700 -0.03481400
v -0.06142700 0.02406700 -0.03503100
v -0.06142700 0.02437700 -0.03481400
v -0.06180500 0.02375700 -0.03524800
v -0.06142700 0.02344700 -0.03546500
v -0.06142700 0.02375700 -0.03524800
v -0.06234300 0.02152800 -0.03491700
v -0.06211800 0.02164400 -0.03483500
v -0.06190800 0.02177800 -0.03474200
v -0.06171500 0.02192700 -0.03463700
v -0.06154600 0.02208600 -0.03452600
v -0.06139000 0.02226300 -0.03440200
v -0.06126000 0.02244600 -0.03427400
v -0.06115100 0.02263800 -0.03414000
v -0.06106500 0.02283700 -0.03400000
v -0.06100200 0.02304300 -0.03385600
v -0.06096300 0.02325200 -0.03371000
v -0.06094800 0.02346300 -0.03356200
v -0.06095800 0.02367500 -0.03341300
v -0.06099100 0.02388500 -0.03326600
v -0.06105200 0.02410200 -0.03311500
v -0.06113900 0.02431300 -0.03296700
v -0.06123900 0.02449600 -0.03283800
v -0.06137400 0.02469200 -0.03270200
v -0.06152600 0.02487000 -0.03257700
v -0.06169900 0.02503500 -0.03246100
v -0.06189100 0.02518600 -0.03235600
v -0.06209600 0.02531900 -0.03226200
v -0.06231300 0.02543400 -0.03218200
v -0.06254200 0.02553200 -0.03211300
v -0.06278100 0.02561200 -0.03205700
v -0.06302900 0.02567300 -0.03201400
v -0.06328200 0.02571500 -0.03198500
v -0.06353900 0.02573700 -0.03197000
v -0.06379700 0.02573900 -0.03196800
v -0.06405500 0.02572200 -0.03198000
v -0.06430900 0.02568400 -0.03200600
v -0.06457300 0.02562300 -0.03204900
v -0.06480000 0.02472000 -0.03091100
v -0.06480000 0.02527500 -0.03170300
v -0.06480000 0.02582900 -0.03249500
v -0.06259700 0.02225600 -0.03617700
v -0.06259700 0.02170100 -0.03538600
v -0.06259700 0.02114700 -0.03459400
v -0.06480000 0.02638400 -0.03328700
v -0.06463900 0.02643600 -0.03325000
v -0.06447500 0.02648100 -0.03321900
v -0.06430800 0.02651600 -0.03319400
v -0.06413800 0.02654300 -0.03317500
v -0.06396700 0.02656200 -0.03316200
v -0.06379500 0.02657100 -0.03315600
v -0.06362200 0.02657100 -0.03315500
v -0.06344900 0.02656300 -0.03316100
v -0.06327800 0.02654600 -0.03317300
v -0.06310800 0.02652000 -0.03319100
v -0.06294100 0.02648500 -0.03321600
v -0.06277600 0.02644200 -0.03324600
v -0.06261500 0.02639000 -0.03328200
v -0.06245900 0.02633100 -0.03332400
v -0.06230700 0.02626300 -0.03337100
v -0.06216100 0.02618700 -0.03342400
v -0.06202100 0.02610500 -0.03348200
v -0.06188700 0.02601500 -0.03354500
v -0.06176100 0.02591800 -0.03361300
v -0.06164200 0.02581600 -0.03368500
v -0.06153100 0.02570700 -0.03376100
v -0.06142900 0.02559300 -0.03384100
v -0.06133600 0.02547300 -0.03392400
v -0.06125200 0.02535000 -0.03401100
v -0.06117800 0.02522200 -0.03410000
v -0.06111400 0.02509000 -0.03419200
v -0.06106000 0.02495600 -0.03428600
v -0.06101700 0.02481900 -0.03438200
v -0.06098400 0.02468000 -0.03448000
v -0.06096100 0.02454000 -0.03457800
v -0.06095000 0.02439900 -0.03467700
v -0.06094900 0.02425700 -0.03477600
v -0.06095900 0.02411600 -0.03487500
v -0.06098000 0.02397500 -0.03497300
v -0.06101200 0.02383600 -0.03507000
v -0.06105500 0.02369900 -0.03516700
v -0.06110700 0.02356400 -0.03526100
v -0.06117000 0.02343300 -0.03535300
v -0.06124300 0.02330400 -0.03544300
v -0.06132600 0.02318000 -0.03553000
v -0.06141800 0.02306000 -0.03561400
v -0.06151900 0.02294600 -0.03569400
v -0.06162900 0.02283600 -0.03577100
v -0.06174600 0.02273300 -0.03584300
v -0.06187200 0.02263500 -0.03591100
v -0.06200500 0.02254500 -0.03597500
v -0.06214400 0.02246100 -0.03603300
v -0.06229000 0.02238500 -0.03608700
v -0.06244100 0.02231600 -0.03613500
v -0.06457300 0.02603900 -0.03264300
v -0.06468700 0.02559000 -0.03207300
v -0.06468700 0.02600600 -0.03266600
v -0.06468700 0.02621400 -0.03296300
v -0.06474400 0.02598700 -0.03267900
v -0.06474400 0.02619500 -0.03297600
v -0.06457300 0.02624700 -0.03294000
v -0.06463100 0.02602300 -0.03265400
v -0.06463100 0.02623100 -0.03295100
v -0.06430900 0.02610000 -0.03260000
v -0.06444200 0.02565700 -0.03202600
v -0.06444200 0.02607200 -0.03262000
v -0.06444200 0.02628000 -0.03291700
v -0.06450800 0.02605700 -0.03263100
v -0.06450800 0.02626400 -0.03292800
v -0.06405500 0.02613700 -0.03257400
v -0.06418200 0.02570500 -0.03199200
v -0.06418200 0.02612100 -0.03258500
v -0.06430900 0.02630800 -0.03289700
v -0.06418200 0.02632900 -0.03288200
v -0.06424600 0.02611100 -0.03259200
v -0.06424600 0.02631900 -0.03288900
v -0.06405500 0.02634500 -0.03287100
v -0.06411900 0.02613000 -0.03257900
v -0.06411900 0.02633800 -0.03287600
v -0.06379700 0.02615500 -0.03256200
v -0.06392600 0.02573300 -0.03197200
v -0.06392600 0.02614900 -0.03256600
v -0.06392600 0.02635700 -0.03286300
v -0.06399100 0.02614400 -0.03257000
v -0.06399100 0.02635200 -0.03286700
v -0.06353900 0.02615300 -0.03256300
v -0.06366800 0.02574100 -0.03196700
v -0.06366800 0.02615600 -0.03256100
v -0.06379700 0.02636300 -0.03285900
v -0.06366800 0.02636400 -0.03285800
v -0.06373300 0.02615600 -0.03256100
v -0.06373300 0.02636400 -0.03285800
v -0.06353900 0.02636100 -0.03286000
v -0.06360300 0.02615500 -0.03256200
v -0.06360300 0.02636300 -0.03285900
v -0.06328200 0.02613100 -0.03257900
v -0.06341000 0.02572800 -0.03197600
v -0.06341000 0.02614400 -0.03257000
v -0.06341000 0.02635200 -0.03286600
v -0.06347400 0.02614900 -0.03256600
v -0.06347400 0.02635700 -0.03286300
v -0.06302900 0.02608900 -0.03260800
v -0.06315500 0.02569600 -0.03199800
v -0.06315500 0.02611200 -0.03259200
v -0.06328200 0.02633800 -0.03287600
v -0.06315500 0.02632000 -0.03288900
v -0.06321800 0.02612200 -0.03258500
v -0.06321800 0.02633000 -0.03288200
v -0.06302900 0.02629700 -0.03290500
v -0.06309100 0.02610100 -0.03260000
v -0.06309100 0.02630900 -0.03289700
v -0.06278100 0.02602800 -0.03265100
v -0.06290400 0.02564500 -0.03203400
v -0.06290400 0.02606100 -0.03262800
v -0.06290400 0.02626800 -0.03292500
v -0.06296600 0.02607500 -0.03261800
v -0.06296600 0.02628300 -0.03291500
v -0.06254200 0.02594800 -0.03270700
v -0.06266000 0.02557400 -0.03208400
v -0.06266000 0.02599000 -0.03267700
v -0.06278100 0.02623500 -0.03294800
v -0.06266000 0.02619800 -0.03297400
v -0.06272000 0.02600900 -0.03266400
v -0.06272000 0.02621700 -0.03296100
v -0.06254200 0.02615600 -0.03300400
v -0.06260100 0.02596900 -0.03269200
v -0.06260100 0.02617700 -0.03298900
v -0.06231300 0.02585000 -0.03277600
v -0.06242600 0.02548500 -0.03214600
v -0.06242600 0.02590100 -0.03274000
v -0.06242600 0.02610900 -0.03303700
v -0.06248400 0.02592500 -0.03272300
v -0.06248400 0.02613300 -0.03302000
v -0.06209600 0.02573500 -0.03285600
v -0.06220300 0.02537800 -0.03222100
v -0.06220300 0.02579400 -0.03281400
v -0.06231300 0.02605800 -0.03307300
v -0.06220300 0.02600200 -0.03311100
v -0.06225700 0.02582300 -0.03279500
v -0.06225700 0.02603000 -0.03309200
v -0.06209600 0.02594300 -0.03315300
v -0.06214900 0.02576500 -0.03283500
v -0.06214900 0.02597300 -0.03313200
v -0.06189100 0.02560200 -0.03294900
v -0.06199100 0.02525400 -0.03230800
v -0.06199100 0.02567000 -0.03290100
v -0.06199100 0.02587800 -0.03319800
v -0.06204300 0.02570300 -0.03287800
v -0.06204300 0.02591100 -0.03317500
v -0.06169900 0.02545100 -0.03305500
v -0.06179300 0.02511200 -0.03240700
v -0.06179300 0.02552800 -0.03300100
v -0.06189100 0.02580900 -0.03324600
v -0.06179300 0.02573600 -0.03329800
v -0.06184100 0.02556500 -0.03297500
v -0.06184100 0.02577300 -0.03327200
v -0.06169900 0.02565900 -0.03335200
v -0.06174500 0.02549000 -0.03302800
v -0.06174500 0.02569800 -0.03332500
v -0.06152600 0.02528600 -0.03317100
v -0.06161000 0.02495400 -0.03251800
v -0.06161000 0.02537000 -0.03311200
v -0.06161000 0.02557800 -0.03340900
v -0.06165400 0.02541100 -0.03308300
v -0.06165400 0.02561900 -0.03338000
v -0.06152600 0.02549300 -0.03346800
v -0.06156800 0.02532800 -0.03314100
v -0.06156800 0.02553600 -0.03343800
v -0.06137400 0.02510700 -0.03329500
v -0.06144700 0.02478200 -0.03263800
v -0.06144700 0.02519800 -0.03323200
v -0.06144700 0.02540600 -0.03352900
v -0.06137400 0.02531500 -0.03359200
v -0.06141000 0.02515300 -0.03326300
v -0.06141000 0.02536100 -0.03356000
v -0.06123900 0.02491200 -0.03343200
v -0.06130300 0.02459500 -0.03276900
v -0.06130300 0.02501100 -0.03336300
v -0.06130300 0.02521900 -0.03366000
v -0.06133800 0.02506000 -0.03332900
v -0.06133800 0.02526800 -0.03362600
v -0.06123900 0.02512000 -0.03372900
v -0.06127000 0.02496200 -0.03339700
v -0.06127000 0.02517000 -0.03369400
v -0.06113900 0.02472900 -0.03356000
v -0.06118700 0.02440600 -0.03290200
v -0.06118700 0.02482100 -0.03349600
v -0.06118700 0.02502900 -0.03379300
v -0.06113900 0.02493700 -0.03385700
v -0.06116200 0.02477500 -0.03352800
v -0.06116200 0.02498300 -0.03382500
v -0.06105200 0.02451700 -0.03370900
v -0.06109200 0.02420800 -0.03304000
v -0.06109200 0.02462400 -0.03363400
v -0.06109200 0.02483200 -0.03393100
v -0.06111500 0.02467700 -0.03359700
v -0.06111500 0.02488500 -0.03389400
v -0.06105200 0.02472500 -0.03400600
v -0.06107100 0.02457100 -0.03367100
v -0.06107100 0.02477900 -0.03396800
v -0.06099100 0.02430100 -0.03386000
v -0.06101800 0.02399400 -0.03319000
v -0.06101800 0.02441000 -0.03378400
v -0.06101800 0.02461800 -0.03408100
v -0.06099100 0.02450900 -0.03415700
v -0.06100400 0.02435500 -0.03382200
v -0.06100400 0.02456300 -0.03411900
v -0.06095800 0.02409100 -0.03400700
v -0.06097100 0.02378000 -0.03334000
v -0.06097100 0.02419600 -0.03393400
v -0.06097100 0.02440400 -0.03423100
v -0.06098000 0.02424800 -0.03389700
v -0.06098000 0.02445600 -0.03419400
v -0.06095800 0.02429900 -0.03430400
v -0.06096400 0.02414300 -0.03397000
v -0.06096400 0.02435100 -0.03426700
v -0.06094800 0.02387900 -0.03415500
v -0.06095000 0.02356900 -0.03348700
v -0.06095000 0.02398500 -0.03408100
v -0.06095000 0.02419300 -0.03437800
v -0.06094800 0.02408700 -0.03445200
v -0.06094800 0.02393200 -0.03411800
v -0.06094800 0.02414000 -0.03441500
v -0.06096300 0.02366800 -0.03430300
v -0.06095300 0.02335800 -0.03363600
v -0.06095300 0.02377300 -0.03423000
v -0.06095300 0.02398100 -0.03452600
v -0.06095000 0.02382600 -0.03419200
v -0.06095000 0.02403400 -0.03448900
v -0.06096300 0.02387600 -0.03460000
v -0.06095700 0.02372100 -0.03426600
v -0.06095700 0.02392800 -0.03456300
v -0.06100200 0.02345900 -0.03445000
v -0.06098000 0.02314700 -0.03378300
v -0.06098000 0.02356300 -0.03437700
v -0.06098000 0.02377100 -0.03467400
v -0.06100200 0.02366700 -0.03474700
v -0.06099000 0.02351100 -0.03441300
v -0.06099000 0.02371900 -0.03471000
v -0.06106500 0.02325300 -0.03459400
v -0.06103100 0.02293900 -0.03392800
v -0.06103100 0.02335500 -0.03452200
v -0.06103100 0.02356300 -0.03481900
v -0.06101600 0.02340700 -0.03448600
v -0.06101600 0.02361500 -0.03478300
v -0.06106500 0.02346100 -0.03489100
v -0.06104700 0.02330400 -0.03455800
v -0.06104700 0.02351200 -0.03485500
v -0.06115100 0.02305400 -0.03473300
v -0.06110600 0.02273700 -0.03407000
v -0.06110600 0.02315300 -0.03466400
v -0.06110600 0.02336100 -0.03496100
v -0.06115100 0.02326200 -0.03503000
v -0.06112800 0.02310300 -0.03469900
v -0.06112800 0.02331100 -0.03499600
v -0.06126000 0.02286200 -0.03486800
v -0.06120300 0.02254100 -0.03420700
v -0.06120300 0.02295700 -0.03480100
v -0.06120300 0.02316500 -0.03509800
v -0.06117700 0.02300500 -0.03476800
v -0.06117700 0.02321300 -0.03506500
v -0.06126000 0.02307000 -0.03516500
v -0.06123100 0.02290900 -0.03483500
v -0.06123100 0.02311700 -0.03513200
v -0.06139000 0.02267900 -0.03499600
v -0.06132300 0.02235300 -0.03433900
v -0.06132300 0.02276900 -0.03493300
v -0.06132300 0.02297700 -0.03523000
v -0.06139000 0.02288700 -0.03529300
v -0.06135600 0.02272400 -0.03496500
v -0.06135600 0.02293100 -0.03526200
v -0.06154600 0.02250200 -0.03512000
v -0.06146500 0.02217300 -0.03446500
v -0.06146500 0.02258900 -0.03505900
v -0.06146500 0.02279700 -0.03535600
v -0.06142700 0.02263300 -0.03502800
v -0.06142700 0.02284100 -0.03532500
v -0.06154600 0.02271000 -0.03541700
v -0.06150500 0.02254500 -0.03509000
v -0.06150500 0.02275300 -0.03538700
v -0.06171500 0.02234300 -0.03523100
v -0.06162800 0.02200500 -0.03458300
v -0.06162800 0.02242100 -0.03517700
v -0.06162800 0.02262900 -0.03547400
v -0.06171500 0.02255100 -0.03552800
v -0.06167100 0.02238100 -0.03520400
v -0.06167100 0.02258900 -0.03550100
v -0.06190800 0.02219300 -0.03533600
v -0.06181000 0.02185000 -0.03469100
v -0.06181000 0.02226600 -0.03528500
v -0.06181000 0.02247400 -0.03558200
v -0.06176200 0.02230400 -0.03525800
v -0.06176200 0.02251200 -0.03555500
v -0.06190800 0.02240100 -0.03563300
v -0.06185900 0.02222900 -0.03531100
v -0.06185900 0.02243700 -0.03560800
v -0.06211800 0.02206000 -0.03542900
v -0.06201100 0.02170900 -0.03479000
v -0.06201100 0.02212500 -0.03538400
v -0.06201100 0.02233300 -0.03568100
v -0.06195900 0.02215900 -0.03536000
v -0.06195900 0.02236600 -0.03565700
v -0.06234300 0.02194400 -0.03551100
v -0.06222900 0.02158400 -0.03487800
v -0.06222900 0.02200000 -0.03547100
v -0.06211800 0.02226800 -0.03572600
v -0.06222900 0.02220800 -0.03576800
v -0.06217300 0.02202900 -0.03545100
v -0.06217300 0.02223700 -0.03574800
v -0.06234300 0.02215200 -0.03580800
v -0.06228500 0.02197100 -0.03549100
v -0.06228500 0.02217900 -0.03578800
v -0.06246800 0.02147300 -0.03495500
v -0.06246800 0.02188900 -0.03554900
v -0.06246800 0.02209700 -0.03584600
v -0.06240500 0.02191600 -0.03553000
v -0.06240500 0.02212400 -0.03582700
v -0.06253200 0.02186400 -0.03556700
v -0.06253200 0.02207200 -0.03586400
v -0.06259700 0.02059200 -0.03380200
v -0.06217600 0.02078000 -0.03367000
v -0.06180100 0.02102500 -0.03349900
v -0.06148400 0.02132000 -0.03329200
v -0.06123500 0.02165500 -0.03305800
v -0.06106000 0.02202100 -0.03280200
v -0.06096500 0.02240600 -0.03253200
v -0.06095400 0.02279800 -0.03225700
v -0.06102500 0.02318600 -0.03198500
v -0.06117800 0.02355800 -0.03172500
v -0.06140800 0.02390300 -0.03148300
v -0.06170700 0.02421000 -0.03126900
v -0.06206700 0.02447000 -0.03108700
v -0.06247600 0.02467400 -0.03094400
v -0.06292200 0.02481700 -0.03084300
v -0.06339200 0.02489500 -0.03078900
v -0.06387100 0.02490400 -0.03078200
v -0.06434500 0.02484600 -0.03082300
v -0.06475900 0.02636600 -0.03342100
v -0.06480000 0.02638400 -0.03328700
v -0.06453900 0.02646500 -0.03334200
v -0.06454900 0.02647700 -0.03330700
v -0.06455500 0.02647500 -0.03326900
v -0.06431900 0.02651600 -0.03330600
v -0.06432700 0.02652900 -0.03327100
v -0.06433200 0.02652700 -0.03323200
v -0.06409200 0.02655200 -0.03328100
v -0.06409600 0.02656500 -0.03324500
v -0.06409900 0.02656400 -0.03320700
v -0.06386100 0.02657100 -0.03326800
v -0.06386300 0.02658500 -0.03323100
v -0.06386400 0.02658400 -0.03319300
v -0.06362900 0.02657500 -0.03326500
v -0.06362900 0.02658800 -0.03322900
v -0.06362800 0.02658700 -0.03319000
v -0.06340100 0.02656200 -0.03327400
v -0.06339700 0.02657500 -0.03323800
v -0.06339500 0.02657400 -0.03320000
v -0.06317800 0.02653400 -0.03329400
v -0.06317200 0.02654700 -0.03325800
v -0.06316800 0.02654600 -0.03322000
v -0.06295900 0.02649100 -0.03332400
v -0.06295000 0.02650300 -0.03328900
v -0.06294400 0.02650100 -0.03325100
v -0.06274500 0.02643200 -0.03336500
v -0.06273400 0.02644400 -0.03333000
v -0.06272600 0.02644200 -0.03329200
v -0.06253800 0.02636000 -0.03341600
v -0.06252400 0.02637100 -0.03338100
v -0.06251500 0.02636800 -0.03334400
v -0.06233900 0.02627300 -0.03347600
v -0.06232300 0.02628300 -0.03344300
v -0.06231200 0.02628000 -0.03340600
v -0.06214900 0.02617300 -0.03354600
v -0.06213100 0.02618200 -0.03351300
v -0.06211900 0.02617800 -0.03347700
v -0.06197000 0.02606100 -0.03362500
v -0.06195000 0.02606800 -0.03359300
v -0.06193600 0.02606300 -0.03355700
v -0.06180400 0.02593600 -0.03371200
v -0.06178100 0.02594200 -0.03368100
v -0.06176700 0.02593600 -0.03364600
v -0.06165100 0.02580100 -0.03380700
v -0.06162600 0.02580500 -0.03377700
v -0.06161000 0.02579800 -0.03374300
v -0.06151200 0.02565500 -0.03390900
v -0.06148600 0.02565800 -0.03388000
v -0.06146900 0.02565000 -0.03384700
v -0.06138200 0.02549200 -0.03402300
v -0.06135400 0.02549300 -0.03399600
v -0.06133600 0.02548300 -0.03396400
v -0.06127000 0.02532000 -0.03414400
v -0.06124100 0.02531900 -0.03411800
v -0.06122200 0.02530800 -0.03408600
v -0.06118700 0.02516000 -0.03425600
v -0.06115700 0.02515700 -0.03423100
v -0.06113700 0.02514500 -0.03420000
v -0.06111100 0.02497300 -0.03438700
v -0.06108000 0.02496800 -0.03436400
v -0.06105900 0.02495400 -0.03433400
v -0.06105700 0.02478800 -0.03451600
v -0.06102600 0.02478100 -0.03449500
v -0.06100500 0.02476600 -0.03446600
v -0.06102300 0.02460100 -0.03464800
v -0.06099100 0.02459100 -0.03462800
v -0.06097000 0.02457400 -0.03460000
v -0.06100900 0.02441100 -0.03478000
v -0.06097700 0.02439900 -0.03476200
v -0.06095600 0.02438100 -0.03473500
v -0.06101500 0.02422100 -0.03491300
v -0.06098300 0.02420700 -0.03489600
v -0.06096200 0.02418700 -0.03487100
v -0.06104000 0.02403700 -0.03504200
v -0.06100800 0.02402100 -0.03502700
v -0.06098700 0.02400000 -0.03500200
v -0.06108400 0.02385600 -0.03516900
v -0.06105200 0.02383800 -0.03515500
v -0.06103200 0.02381500 -0.03513200
v -0.06114600 0.02367900 -0.03529300
v -0.06111500 0.02365800 -0.03528100
v -0.06109500 0.02363400 -0.03525800
v -0.06122500 0.02350600 -0.03541400
v -0.06119600 0.02348300 -0.03540300
v -0.06117700 0.02345800 -0.03538200
v -0.06132300 0.02333900 -0.03553100
v -0.06129400 0.02331500 -0.03552100
v -0.06127600 0.02328800 -0.03550100
v -0.06143700 0.02318000 -0.03564200
v -0.06141000 0.02315300 -0.03563400
v -0.06139200 0.02312600 -0.03561400
v -0.06156600 0.02302900 -0.03574800
v -0.06154100 0.02300100 -0.03574100
v -0.06152400 0.02297200 -0.03572200
v -0.06171100 0.02288800 -0.03584700
v -0.06168800 0.02285700 -0.03584100
v -0.06167200 0.02282700 -0.03582300
v -0.06187000 0.02275700 -0.03593900
v -0.06184800 0.02272500 -0.03593400
v -0.06183400 0.02269400 -0.03591700
v -0.06204200 0.02263700 -0.03602300
v -0.06202200 0.02260400 -0.03601900
v -0.06200900 0.02257200 -0.03600200
v -0.06222500 0.02252900 -0.03609800
v -0.06220700 0.02249500 -0.03609500
v -0.06219600 0.02246200 -0.03607900
v -0.06243200 0.02242900 -0.03616800
v -0.06241700 0.02239300 -0.03616600
v -0.06240700 0.02235900 -0.03615100
v -0.06263700 0.02238800 -0.03620700
v -0.06262100 0.02235500 -0.03622100
v -0.06260800 0.02231800 -0.03622000
v -0.06260000 0.02228300 -0.03620500
v -0.06252500 0.02239000 -0.03619600
v -0.06244100 0.02244600 -0.03616300
v -0.06253400 0.02240800 -0.03619100
v -0.06251100 0.02235400 -0.03619400
v -0.06242400 0.02241100 -0.03616900
v -0.06251800 0.02237200 -0.03619700
v -0.06250200 0.02232000 -0.03617900
v -0.06241100 0.02237600 -0.03616000
v -0.06250600 0.02233600 -0.03618800
v -0.06240400 0.02234500 -0.03613800
v -0.06250000 0.02230500 -0.03616600
v -0.06479600 0.02640000 -0.03332200
v -0.06478800 0.02640200 -0.03336000
v -0.06477500 0.02639000 -0.03339500
v -0.06455700 0.02646900 -0.03325100
v -0.06467700 0.02644000 -0.03329400
v -0.06467900 0.02643400 -0.03327500
v -0.06455200 0.02647800 -0.03328800
v -0.06466900 0.02644200 -0.03333100
v -0.06467400 0.02644300 -0.03331200
v -0.06454400 0.02647300 -0.03332500
v -0.06465800 0.02643000 -0.03336600
v -0.06466400 0.02643800 -0.03334900
v -0.06453300 0.02645400 -0.03335700
v -0.06465100 0.02641900 -0.03338200
v -0.06259700 0.02225600 -0.03617700
v -0.06244100 0.02231600 -0.03613500
v -0.06229000 0.02238500 -0.03608700
v -0.06214400 0.02246100 -0.03603300
v -0.06200500 0.02254500 -0.03597500
v -0.06187200 0.02263500 -0.03591100
v -0.06174600 0.02273300 -0.03584300
v -0.06162900 0.02283600 -0.03577100
v -0.06151900 0.02294600 -0.03569400
v -0.06141800 0.02306000 -0.03561400
v -0.06132600 0.02318000 -0.03553000
v -0.06124300 0.02330400 -0.03544300
v -0.06117000 0.02343300 -0.03535300
v -0.06110700 0.02356400 -0.03526100
v -0.06105500 0.02369900 -0.03516700
v -0.06101200 0.02383600 -0.03507000
v -0.06098000 0.02397500 -0.03497300
v -0.06095900 0.02411600 -0.03487500
v -0.06094900 0.02425700 -0.03477600
v -0.06095000 0.02439900 -0.03467700
v -0.06096100 0.02454000 -0.03457800
v -0.06098400 0.02468000 -0.03448000
v -0.06101700 0.02481900 -0.03438200
v -0.06106000 0.02495600 -0.03428600
v -0.06111400 0.02509000 -0.03419200
v -0.06117800 0.02522200 -0.03410000
v -0.06125200 0.02535000 -0.03401100
v -0.06133600 0.02547300 -0.03392400
v -0.06142900 0.02559300 -0.03384100
v -0.06153100 0.02570700 -0.03376100
v -0.06164200 0.02581600 -0.03368500
v -0.06176100 0.02591800 -0.03361300
v -0.06188700 0.02601500 -0.03354500
v -0.06202100 0.02610500 -0.03348200
v -0.06216100 0.02618700 -0.03342400
v -0.06230700 0.02626300 -0.03337100
v -0.06245900 0.02633100 -0.03332400
v -0.06261500 0.02639000 -0.03328200
v -0.06277600 0.02644200 -0.03324600
v -0.06294100 0.02648500 -0.03321600
v -0.06310800 0.02652000 -0.03319100
v -0.06327800 0.02654600 -0.03317300
v -0.06344900 0.02656300 -0.03316100
v -0.06362200 0.02657100 -0.03315500
v -0.06379500 0.02657100 -0.03315600
v -0.06396700 0.02656200 -0.03316200
v -0.06413800 0.02654300 -0.03317500
v -0.06430800 0.02651600 -0.03319400
v -0.06447500 0.02648100 -0.03321900
v -0.06463900 0.02643600 -0.03325000
v -0.06459800 0.02641900 -0.03338400
v -0.06443300 0.02646300 -0.03335400
v -0.06426500 0.02649700 -0.03332900
v -0.06409500 0.02652300 -0.03331100
v -0.06392300 0.02654000 -0.03329900
v -0.06374900 0.02654700 -0.03329400
v -0.06357600 0.02654500 -0.03329600
v -0.06340300 0.02653400 -0.03330300
v -0.06323200 0.02651400 -0.03331800
v -0.06306200 0.02648400 -0.03333800
v -0.06289500 0.02644600 -0.03336500
v -0.06273200 0.02639800 -0.03339900
v -0.06257200 0.02634200 -0.03343800
v -0.06241800 0.02627800 -0.03348300
v -0.06226900 0.02620500 -0.03353400
v -0.06212600 0.02612400 -0.03359000
v -0.06199000 0.02603600 -0.03365200
v -0.06186100 0.02594100 -0.03371900
v -0.06174000 0.02584000 -0.03379000
v -0.06162700 0.02573200 -0.03386500
v -0.06152400 0.02561800 -0.03394500
v -0.06142900 0.02549900 -0.03402900
v -0.06134500 0.02537500 -0.03411500
v -0.06127000 0.02524600 -0.03420500
v -0.06120600 0.02511400 -0.03429800
v -0.06115200 0.02497900 -0.03439200
v -0.06111000 0.02484200 -0.03448900
v -0.06107800 0.02470200 -0.03458600
v -0.06105800 0.02456100 -0.03468500
v -0.06104900 0.02441900 -0.03478500
v -0.06105100 0.02427700 -0.03488400
v -0.06106500 0.02413500 -0.03498300
v -0.06109000 0.02399500 -0.03508200
v -0.06112600 0.02385600 -0.03517900
v -0.06117300 0.02371900 -0.03527500
v -0.06123100 0.02358500 -0.03536800
v -0.06129900 0.02345500 -0.03546000
v -0.06137800 0.02332800 -0.03554800
v -0.06146700 0.02320600 -0.03563400
v -0.06156500 0.02308900 -0.03571600
v -0.06167200 0.02297800 -0.03579400
v -0.06178800 0.02287200 -0.03586800
v -0.06191300 0.02277300 -0.03593700
v -0.06204400 0.02268100 -0.03600200
v -0.06218300 0.02259600 -0.03606100
v -0.06232900 0.02251800 -0.03611500
v -0.06248000 0.02244900 -0.03616400
v -0.06369800 -0.02511400 -0.03063600
v -0.06419200 -0.02508000 -0.03065900
v -0.06467200 -0.02498100 -0.03072900
v -0.06512600 -0.02481800 -0.03084300
v -0.06554100 -0.02459600 -0.03099900
v -0.06590500 -0.02432100 -0.03119100
v -0.06621000 -0.02400000 -0.03141500
v -0.06644500 -0.02364300 -0.03166500
v -0.06660600 -0.02326000 -0.03193400
v -0.06668800 -0.02285900 -0.03221400
v -0.06668800 -0.02245300 -0.03249900
v -0.06660600 -0.02205300 -0.03277900
v -0.06644500 -0.02166900 -0.03304800
v -0.06621000 -0.02131200 -0.03329800
v -0.06590500 -0.02099200 -0.03352200
v -0.06554100 -0.02071700 -0.03371400
v -0.06512600 -0.02049500 -0.03387000
v -0.06467200 -0.02033200 -0.03398400
v -0.06419200 -0.02023200 -0.03405400
v -0.06369800 -0.02019900 -0.03407700
v -0.06163900 -0.02116300 -0.03340200
v -0.06198700 -0.02089300 -0.03359100
v -0.06238700 -0.02067600 -0.03374300
v -0.06282600 -0.02052000 -0.03385200
v -0.06329200 -0.02042800 -0.03391700
v -0.06377100 -0.02040400 -0.03393300
v -0.06424700 -0.02044900 -0.03390200
v -0.06470700 -0.02056100 -0.03382400
v -0.06513600 -0.02073600 -0.03370100
v -0.06552100 -0.02096900 -0.03353800
v -0.06585100 -0.02125400 -0.03333800
v -0.06611500 -0.02158200 -0.03310900
v -0.06630600 -0.02194200 -0.03285700
v -0.06641800 -0.02232400 -0.03258900
v -0.06644700 -0.02271600 -0.03231500
v -0.06639300 -0.02310600 -0.03204200
v -0.06625700 -0.02348200 -0.03177800
v -0.06604300 -0.02383400 -0.03153200
v -0.06575700 -0.02414900 -0.03131100
v -0.06541000 -0.02442000 -0.03112200
v -0.06501000 -0.02463600 -0.03097000
v -0.06457000 -0.02479300 -0.03086100
v -0.06410400 -0.02488400 -0.03079600
v -0.06362600 -0.02490800 -0.03078000
v -0.06314900 -0.02486400 -0.03081100
v -0.06269000 -0.02475200 -0.03088900
v -0.06226100 -0.02457700 -0.03101200
v -0.06187500 -0.02434300 -0.03117500
v -0.06154600 -0.02405800 -0.03137500
v -0.06128100 -0.02373100 -0.03160400
v -0.06109000 -0.02337100 -0.03185600
v -0.06097800 -0.02298900 -0.03212400
v -0.06094900 -0.02259700 -0.03239800
v -0.06100300 -0.02220700 -0.03267100
v -0.06114000 -0.02183000 -0.03293500
v -0.06135400 -0.02147900 -0.03318100
v -0.06320400 -0.02023200 -0.03405400
v -0.06272400 -0.02033200 -0.03398400
v -0.06227000 -0.02049500 -0.03387000
v -0.06185500 -0.02071700 -0.03371400
v -0.06149100 -0.02099200 -0.03352200
v -0.06118700 -0.02131200 -0.03329800
v -0.06095100 -0.02166900 -0.03304800
v -0.06079000 -0.02205300 -0.03277900
v -0.06070800 -0.02245300 -0.03249900
v -0.06070800 -0.02285900 -0.03221400
v -0.06079000 -0.02326000 -0.03193400
v -0.06095100 -0.02364300 -0.03166500
v -0.06118700 -0.02400000 -0.03141500
v -0.06149100 -0.02432100 -0.03119100
v -0.06185500 -0.02459600 -0.03099900
v -0.06227000 -0.02481800 -0.03084300
v -0.06272400 -0.02498100 -0.03072900
v -0.06320400 -0.02508000 -0.03065900
v -0.06568200 -0.02581600 -0.03380700
v -0.06575700 -0.02581300 -0.03368700
v -0.06587100 -0.02567100 -0.03389800
v -0.06589700 -0.02567400 -0.03386900
v -0.06591400 -0.02566500 -0.03383600
v -0.06599700 -0.02551500 -0.03400700
v -0.06602500 -0.02551600 -0.03397900
v -0.06604300 -0.02550700 -0.03394700
v -0.06610900 -0.02534900 -0.03412300
v -0.06613700 -0.02534800 -0.03409700
v -0.06615600 -0.02533700 -0.03406600
v -0.06620200 -0.02517500 -0.03424500
v -0.06623200 -0.02517200 -0.03422000
v -0.06625200 -0.02516000 -0.03419000
v -0.06627800 -0.02499600 -0.03437100
v -0.06630800 -0.02499100 -0.03434800
v -0.06632900 -0.02497700 -0.03431800
v -0.06633300 -0.02481400 -0.03449800
v -0.06636400 -0.02480600 -0.03447700
v -0.06638500 -0.02479100 -0.03444800
v -0.06636900 -0.02463100 -0.03462600
v -0.06640100 -0.02462200 -0.03460600
v -0.06642200 -0.02460600 -0.03457800
v -0.06638600 -0.02444700 -0.03475500
v -0.06641800 -0.02443600 -0.03473600
v -0.06643900 -0.02441800 -0.03470900
v -0.06638400 -0.02426300 -0.03488400
v -0.06641600 -0.02424900 -0.03486700
v -0.06643700 -0.02423000 -0.03484100
v -0.06636400 -0.02407900 -0.03501300
v -0.06639500 -0.02406300 -0.03499700
v -0.06641600 -0.02404200 -0.03497300
v -0.06632400 -0.02389700 -0.03514000
v -0.06635500 -0.02387900 -0.03512600
v -0.06637600 -0.02385700 -0.03510200
v -0.06626600 -0.02371900 -0.03526500
v -0.06629700 -0.02369800 -0.03525300
v -0.06631700 -0.02367500 -0.03523000
v -0.06619100 -0.02354500 -0.03538700
v -0.06622000 -0.02352200 -0.03537600
v -0.06624000 -0.02349700 -0.03535400
v -0.06609700 -0.02337700 -0.03550500
v -0.06612600 -0.02335200 -0.03549500
v -0.06614500 -0.02332600 -0.03547400
v -0.06598700 -0.02321600 -0.03561700
v -0.06601400 -0.02318900 -0.03560900
v -0.06603200 -0.02316200 -0.03558900
v -0.06586100 -0.02306300 -0.03572400
v -0.06588600 -0.02303400 -0.03571700
v -0.06590300 -0.02300600 -0.03569800
v -0.06571100 -0.02291100 -0.03583100
v -0.06573500 -0.02288100 -0.03582500
v -0.06575100 -0.02285100 -0.03580600
v -0.06554500 -0.02277100 -0.03592900
v -0.06556700 -0.02274000 -0.03592400
v -0.06558200 -0.02270800 -0.03590600
v -0.06538500 -0.02265700 -0.03600900
v -0.06540500 -0.02262400 -0.03600500
v -0.06541900 -0.02259200 -0.03598800
v -0.06519100 -0.02254000 -0.03609000
v -0.06520900 -0.02250600 -0.03608800
v -0.06522100 -0.02247300 -0.03607100
v -0.06499300 -0.02244200 -0.03615900
v -0.06500900 -0.02240600 -0.03615700
v -0.06501900 -0.02237200 -0.03614200
v -0.06478600 -0.02235700 -0.03621800
v -0.06479800 -0.02232100 -0.03621700
v -0.06480700 -0.02228700 -0.03620200
v -0.06457000 -0.02228800 -0.03626700
v -0.06458000 -0.02225100 -0.03626600
v -0.06458700 -0.02221600 -0.03625100
v -0.06434700 -0.02223400 -0.03630400
v -0.06435500 -0.02219600 -0.03630400
v -0.06436000 -0.02216100 -0.03629000
v -0.06412600 -0.02219700 -0.03633000
v -0.06413100 -0.02215900 -0.03633000
v -0.06413500 -0.02212300 -0.03631600
v -0.06390200 -0.02217600 -0.03634500
v -0.06390500 -0.02213700 -0.03634600
v -0.06390600 -0.02210100 -0.03633200
v -0.06367700 -0.02216900 -0.03635000
v -0.06367700 -0.02213100 -0.03635000
v -0.06367700 -0.02209500 -0.03633600
v -0.06345200 -0.02217900 -0.03634300
v -0.06344900 -0.02214000 -0.03634400
v -0.06344700 -0.02210400 -0.03632900
v -0.06322800 -0.02220300 -0.03632600
v -0.06322300 -0.02216500 -0.03632600
v -0.06321900 -0.02212900 -0.03631200
v -0.06300800 -0.02224300 -0.03629800
v -0.06300000 -0.02220500 -0.03629800
v -0.06299500 -0.02217000 -0.03628300
v -0.06279300 -0.02229800 -0.03626000
v -0.06278200 -0.02226100 -0.03625900
v -0.06277500 -0.02222600 -0.03624400
v -0.06258400 -0.02236700 -0.03621100
v -0.06257100 -0.02233100 -0.03621000
v -0.06256200 -0.02229600 -0.03619500
v -0.06238300 -0.02245100 -0.03615300
v -0.06236700 -0.02241500 -0.03615100
v -0.06235700 -0.02238200 -0.03613500
v -0.06219100 -0.02254800 -0.03608500
v -0.06217300 -0.02251300 -0.03608200
v -0.06216100 -0.02248000 -0.03606600
v -0.06201000 -0.02265700 -0.03600800
v -0.06199000 -0.02262400 -0.03600500
v -0.06197700 -0.02259200 -0.03598800
v -0.06183000 -0.02278800 -0.03591700
v -0.06180800 -0.02275600 -0.03591200
v -0.06179300 -0.02272500 -0.03589500
v -0.06163900 -0.02282700 -0.03577700
v -0.06575200 -0.02583000 -0.03372100
v -0.06573500 -0.02583700 -0.03375600
v -0.06571100 -0.02583200 -0.03378600
v -0.06591800 -0.02565700 -0.03381900
v -0.06583500 -0.02574900 -0.03377700
v -0.06583900 -0.02574200 -0.03376000
v -0.06590600 -0.02567100 -0.03385300
v -0.06581900 -0.02575700 -0.03381100
v -0.06582800 -0.02575500 -0.03379400
v -0.06588500 -0.02567400 -0.03388500
v -0.06579400 -0.02575300 -0.03384000
v -0.06580700 -0.02575700 -0.03382700
v -0.06585500 -0.02566500 -0.03391000
v -0.06577900 -0.02574700 -0.03385200
v -0.06171400 -0.02293800 -0.03582100
v -0.06168500 -0.02291300 -0.03583000
v -0.06166100 -0.02288300 -0.03582400
v -0.06164500 -0.02285300 -0.03580600
v -0.06175600 -0.02284900 -0.03587400
v -0.06184300 -0.02280200 -0.03591400
v -0.06177000 -0.02286300 -0.03587100
v -0.06173200 -0.02281800 -0.03586900
v -0.06181800 -0.02277200 -0.03591600
v -0.06174300 -0.02283400 -0.03587300
v -0.06171700 -0.02278800 -0.03585100
v -0.06179900 -0.02274000 -0.03590500
v -0.06172400 -0.02280300 -0.03586100
v -0.06178900 -0.02271100 -0.03588200
v -0.06171300 -0.02277400 -0.03583800
v -0.06175700 -0.02272400 -0.03585000
v -0.06188400 -0.02262700 -0.03591700
v -0.06201700 -0.02253700 -0.03598000
v -0.06215700 -0.02245400 -0.03603800
v -0.06230300 -0.02237800 -0.03609100
v -0.06245400 -0.02231000 -0.03613900
v -0.06261100 -0.02225000 -0.03618100
v -0.06277200 -0.02219900 -0.03621700
v -0.06293600 -0.02215500 -0.03624800
v -0.06310400 -0.02212000 -0.03627200
v -0.06327300 -0.02209400 -0.03629000
v -0.06344500 -0.02207700 -0.03630300
v -0.06361700 -0.02206800 -0.03630900
v -0.06379000 -0.02206800 -0.03630900
v -0.06396200 -0.02207700 -0.03630200
v -0.06413400 -0.02209500 -0.03628900
v -0.06430300 -0.02212200 -0.03627100
v -0.06447100 -0.02215800 -0.03624600
v -0.06463500 -0.02220200 -0.03621500
v -0.06479500 -0.02225400 -0.03617800
v -0.06495100 -0.02231500 -0.03613600
v -0.06510300 -0.02238300 -0.03608800
v -0.06524800 -0.02245900 -0.03603500
v -0.06538800 -0.02254200 -0.03597600
v -0.06552100 -0.02263300 -0.03591300
v -0.06564700 -0.02273000 -0.03584500
v -0.06576500 -0.02283300 -0.03577300
v -0.06587400 -0.02294200 -0.03569600
v -0.06597600 -0.02305700 -0.03561600
v -0.06606800 -0.02317700 -0.03553200
v -0.06615100 -0.02330100 -0.03544500
v -0.06622400 -0.02342900 -0.03535600
v -0.06628700 -0.02356100 -0.03526300
v -0.06634000 -0.02369500 -0.03516900
v -0.06638300 -0.02383300 -0.03507300
v -0.06641500 -0.02397200 -0.03497600
v -0.06643600 -0.02411200 -0.03487700
v -0.06644700 -0.02425300 -0.03477800
v -0.06644700 -0.02439500 -0.03467900
v -0.06643500 -0.02453600 -0.03458100
v -0.06641300 -0.02467600 -0.03448200
v -0.06638100 -0.02481500 -0.03438500
v -0.06633700 -0.02495200 -0.03428900
v -0.06628400 -0.02508700 -0.03419500
v -0.06622000 -0.02521800 -0.03410300
v -0.06614600 -0.02534600 -0.03401300
v -0.06606200 -0.02547000 -0.03392600
v -0.06597000 -0.02558900 -0.03384300
v -0.06586800 -0.02570400 -0.03376300
v -0.06579300 -0.02570600 -0.03388300
v -0.06589500 -0.02559100 -0.03396400
v -0.06598700 -0.02547100 -0.03404800
v -0.06606900 -0.02534600 -0.03413500
v -0.06614200 -0.02521700 -0.03422600
v -0.06620400 -0.02508400 -0.03431900
v -0.06625500 -0.02494800 -0.03441400
v -0.06629500 -0.02481000 -0.03451100
v -0.06632400 -0.02467000 -0.03460900
v -0.06634200 -0.02452900 -0.03470800
v -0.06634800 -0.02438700 -0.03480700
v -0.06634300 -0.02424500 -0.03490600
v -0.06632700 -0.02410400 -0.03500500
v -0.06630000 -0.02396300 -0.03510400
v -0.06626100 -0.02382500 -0.03520100
v -0.06621100 -0.02368900 -0.03529600
v -0.06615100 -0.02355500 -0.03538900
v -0.06608000 -0.02342600 -0.03548000
v -0.06599900 -0.02330000 -0.03556800
v -0.06590800 -0.02317900 -0.03565300
v -0.06580800 -0.02306300 -0.03573400
v -0.06569900 -0.02295300 -0.03581100
v -0.06558100 -0.02284900 -0.03588400
v -0.06545500 -0.02275200 -0.03595200
v -0.06532100 -0.02266100 -0.03601600
v -0.06518100 -0.02257800 -0.03607400
v -0.06503400 -0.02250200 -0.03612700
v -0.06488100 -0.02243500 -0.03617400
v -0.06472300 -0.02237500 -0.03621600
v -0.06456100 -0.02232500 -0.03625100
v -0.06439600 -0.02228300 -0.03628000
v -0.06422700 -0.02225000 -0.03630300
v -0.06405600 -0.02222600 -0.03632000
v -0.06388400 -0.02221200 -0.03633000
v -0.06371000 -0.02220600 -0.03633400
v -0.06353700 -0.02221000 -0.03633100
v -0.06336400 -0.02222400 -0.03632200
v -0.06319300 -0.02224600 -0.03630600
v -0.06302400 -0.02227800 -0.03628400
v -0.06285800 -0.02231800 -0.03625600
v -0.06269500 -0.02236800 -0.03622100
v -0.06253700 -0.02242600 -0.03618000
v -0.06238400 -0.02249200 -0.03613400
v -0.06223600 -0.02256700 -0.03608200
v -0.06209500 -0.02264900 -0.03602400
v -0.06196000 -0.02273800 -0.03596100
v -0.06183300 -0.02283500 -0.03589400
v -0.06398500 -0.02248000 -0.03455600
v -0.06330400 -0.02266600 -0.03442500
v -0.06262400 -0.02285200 -0.03429500
v -0.06233700 -0.02400400 -0.03348800
v -0.06269500 -0.02426400 -0.03330600
v -0.06305400 -0.02452300 -0.03312400
v -0.06341200 -0.02478300 -0.03294300
v -0.06409200 -0.02459700 -0.03307300
v -0.06477300 -0.02441000 -0.03320400
v -0.06505900 -0.02325900 -0.03401000
v -0.06452200 -0.02286900 -0.03428300
v -0.06491600 -0.02383500 -0.03360700
v -0.06477300 -0.02441000 -0.03320400
v -0.06409200 -0.02459700 -0.03307300
v -0.06341200 -0.02478300 -0.03294300
v -0.06341200 -0.02552900 -0.03400700
v -0.06386500 -0.02540500 -0.03409400
v -0.06431900 -0.02528000 -0.03418100
v -0.06477300 -0.02515600 -0.03426800
v -0.06341200 -0.02515600 -0.03347500
v -0.06477300 -0.02478300 -0.03373600
v -0.06341200 -0.02478300 -0.03294300
v -0.06305400 -0.02452300 -0.03312400
v -0.06269500 -0.02426400 -0.03330600
v -0.06233700 -0.02400400 -0.03348800
v -0.06341200 -0.02552900 -0.03400700
v -0.06341200 -0.02515600 -0.03347500
v -0.06233700 -0.02475000 -0.03455300
v -0.06269500 -0.02500900 -0.03437100
v -0.06305400 -0.02526900 -0.03418900
v -0.06233700 -0.02437700 -0.03402100
v -0.06233700 -0.02400400 -0.03348800
v -0.06262400 -0.02285200 -0.03429500
v -0.06233700 -0.02475000 -0.03455300
v -0.06233700 -0.02437700 -0.03402100
v -0.06262400 -0.02359800 -0.03535900
v -0.06252800 -0.02398200 -0.03509100
v -0.06243300 -0.02436600 -0.03482200
v -0.06262400 -0.02285200 -0.03429500
v -0.06330400 -0.02266600 -0.03442500
v -0.06398500 -0.02248000 -0.03455600
v -0.06262400 -0.02359800 -0.03535900
v -0.06398500 -0.02322500 -0.03562000
v -0.06353100 -0.02334900 -0.03553300
v -0.06307700 -0.02347400 -0.03544600
v -0.06398500 -0.02285200 -0.03508800
v -0.06505900 -0.02325900 -0.03401000
v -0.06398500 -0.02322500 -0.03562000
v -0.06505900 -0.02363100 -0.03454300
v -0.06505900 -0.02400400 -0.03507500
v -0.06470100 -0.02374500 -0.03525700
v -0.06434300 -0.02348500 -0.03543900
v -0.06398500 -0.02248000 -0.03455600
v -0.06452200 -0.02286900 -0.03428300
v -0.06398500 -0.02285200 -0.03508800
v -0.06505900 -0.02400400 -0.03507500
v -0.06505900 -0.02363100 -0.03454300
v -0.06477300 -0.02515600 -0.03426800
v -0.06486800 -0.02477200 -0.03453700
v -0.06496400 -0.02438800 -0.03480600
v -0.06477300 -0.02441000 -0.03320400
v -0.06477300 -0.02478300 -0.03373600
v -0.06505900 -0.02325900 -0.03401000
v -0.06491600 -0.02383500 -0.03360700
v -0.06183800 -0.02182900 -0.03470600
v -0.06204200 -0.02169000 -0.03480300
v -0.06226100 -0.02156700 -0.03488900
v -0.06249400 -0.02146300 -0.03496200
v -0.06273100 -0.02137900 -0.03502100
v -0.06298500 -0.02131200 -0.03506800
v -0.06323700 -0.02126700 -0.03509900
v -0.06349300 -0.02124200 -0.03511700
v -0.06375200 -0.02123600 -0.03512100
v -0.06401000 -0.02125000 -0.03511100
v -0.06426500 -0.02128400 -0.03508800
v -0.06451500 -0.02133700 -0.03505000
v -0.06475800 -0.02140900 -0.03500000
v -0.06499100 -0.02150000 -0.03493600
v -0.06522400 -0.02161400 -0.03485600
v -0.06544300 -0.02174700 -0.03476300
v -0.06562500 -0.02188100 -0.03466900
v -0.06581100 -0.02204600 -0.03455400
v -0.06597100 -0.02222000 -0.03443200
v -0.06611000 -0.02240500 -0.03430200
v -0.06622600 -0.02260100 -0.03416500
v -0.06631700 -0.02280200 -0.03402500
v -0.06638500 -0.02300600 -0.03388200
v -0.06642800 -0.02321500 -0.03373500
v -0.06644700 -0.02342600 -0.03358800
v -0.06644200 -0.02363800 -0.03343900
v -0.06641300 -0.02384800 -0.03329200
v -0.06636000 -0.02405500 -0.03314700
v -0.06628300 -0.02425700 -0.03300600
v -0.06618300 -0.02445300 -0.03286900
v -0.06606200 -0.02463900 -0.03273800
v -0.06591000 -0.02482700 -0.03260700
v -0.06575700 -0.02581300 -0.03368700
v -0.06586800 -0.02570400 -0.03376300
v -0.06597000 -0.02558900 -0.03384300
v -0.06606200 -0.02547000 -0.03392600
v -0.06614600 -0.02534600 -0.03401300
v -0.06622000 -0.02521800 -0.03410300
v -0.06628400 -0.02508700 -0.03419500
v -0.06633700 -0.02495200 -0.03428900
v -0.06638100 -0.02481500 -0.03438500
v -0.06641300 -0.02467600 -0.03448200
v -0.06643500 -0.02453600 -0.03458100
v -0.06644700 -0.02439500 -0.03467900
v -0.06644700 -0.02425300 -0.03477800
v -0.06643600 -0.02411200 -0.03487700
v -0.06641500 -0.02397200 -0.03497600
v -0.06638300 -0.02383300 -0.03507300
v -0.06634000 -0.02369500 -0.03516900
v -0.06628700 -0.02356100 -0.03526300
v -0.06622400 -0.02342900 -0.03535600
v -0.06615100 -0.02330100 -0.03544500
v -0.06606800 -0.02317700 -0.03553200
v -0.06597600 -0.02305700 -0.03561600
v -0.06587400 -0.02294200 -0.03569600
v -0.06576500 -0.02283300 -0.03577300
v -0.06564700 -0.02273000 -0.03584500
v -0.06552100 -0.02263300 -0.03591300
v -0.06538800 -0.02254200 -0.03597600
v -0.06524800 -0.02245900 -0.03603500
v -0.06510300 -0.02238300 -0.03608800
v -0.06495100 -0.02231500 -0.03613600
v -0.06479500 -0.02225400 -0.03617800
v -0.06463500 -0.02220200 -0.03621500
v -0.06447100 -0.02215800 -0.03624600
v -0.06430300 -0.02212200 -0.03627100
v -0.06413400 -0.02209500 -0.03628900
v -0.06396200 -0.02207700 -0.03630200
v -0.06379000 -0.02206800 -0.03630900
v -0.06361700 -0.02206800 -0.03630900
v -0.06344500 -0.02207700 -0.03630300
v -0.06327300 -0.02209400 -0.03629000
v -0.06310400 -0.02212000 -0.03627200
v -0.06293600 -0.02215500 -0.03624800
v -0.06277200 -0.02219900 -0.03621700
v -0.06261100 -0.02225000 -0.03618100
v -0.06245400 -0.02231000 -0.03613900
v -0.06230300 -0.02237800 -0.03609100
v -0.06215700 -0.02245400 -0.03603800
v -0.06201700 -0.02253700 -0.03598000
v -0.06188400 -0.02262700 -0.03591700
v -0.06175700 -0.02272400 -0.03585000
v -0.06591000 -0.02524300 -0.03320100
v -0.06583600 -0.02490500 -0.03255200
v -0.06583600 -0.02532100 -0.03314600
v -0.06583600 -0.02552900 -0.03344300
v -0.06579700 -0.02535900 -0.03311900
v -0.06579700 -0.02556700 -0.03341600
v -0.06591000 -0.02545000 -0.03349800
v -0.06587300 -0.02528200 -0.03317300
v -0.06587300 -0.02549000 -0.03347000
v -0.06606200 -0.02505500 -0.03333200
v -0.06598900 -0.02473500 -0.03267100
v -0.06598900 -0.02515000 -0.03326500
v -0.06598900 -0.02535800 -0.03356200
v -0.06595000 -0.02519700 -0.03323300
v -0.06595000 -0.02540500 -0.03353000
v -0.06618300 -0.02486800 -0.03346300
v -0.06612500 -0.02454700 -0.03280300
v -0.06612500 -0.02496300 -0.03339600
v -0.06606200 -0.02526300 -0.03362900
v -0.06612500 -0.02517100 -0.03369300
v -0.06609400 -0.02500900 -0.03336400
v -0.06609400 -0.02521700 -0.03366100
v -0.06618300 -0.02507600 -0.03376000
v -0.06615500 -0.02491600 -0.03342900
v -0.06615500 -0.02512400 -0.03372600
v -0.06628300 -0.02467300 -0.03359900
v -0.06623600 -0.02435600 -0.03293700
v -0.06623600 -0.02477200 -0.03353000
v -0.06623600 -0.02498000 -0.03382700
v -0.06621000 -0.02482000 -0.03349600
v -0.06621000 -0.02502800 -0.03379300
v -0.06636000 -0.02447100 -0.03374100
v -0.06632400 -0.02415700 -0.03307600
v -0.06632400 -0.02457300 -0.03367000
v -0.06628300 -0.02488100 -0.03389600
v -0.06632400 -0.02478100 -0.03396700
v -0.06630400 -0.02462300 -0.03363400
v -0.06630400 -0.02483100 -0.03393100
v -0.06636000 -0.02467900 -0.03403800
v -0.06634300 -0.02452200 -0.03370500
v -0.06634300 -0.02473000 -0.03400200
v -0.06641300 -0.02426400 -0.03388600
v -0.06638900 -0.02395200 -0.03321900
v -0.06638900 -0.02436800 -0.03381300
v -0.06638900 -0.02457600 -0.03411000
v -0.06637500 -0.02442000 -0.03377700
v -0.06637500 -0.02462800 -0.03407400
v -0.06644200 -0.02405400 -0.03403300
v -0.06643000 -0.02374300 -0.03336600
v -0.06643000 -0.02415900 -0.03395900
v -0.06641300 -0.02447200 -0.03418300
v -0.06643000 -0.02436700 -0.03425600
v -0.06642200 -0.02421100 -0.03392300
v -0.06642200 -0.02441900 -0.03422000
v -0.06644200 -0.02426100 -0.03433000
v -0.06643700 -0.02410600 -0.03399600
v -0.06643700 -0.02431400 -0.03429300
v -0.06644700 -0.02384200 -0.03418200
v -0.06644800 -0.02353200 -0.03351300
v -0.06644800 -0.02394800 -0.03410700
v -0.06644800 -0.02415600 -0.03440400
v -0.06644600 -0.02400100 -0.03407000
v -0.06644600 -0.02420900 -0.03436700
v -0.06642800 -0.02363100 -0.03432900
v -0.06644100 -0.02332000 -0.03366200
v -0.06644100 -0.02373600 -0.03425600
v -0.06644700 -0.02405000 -0.03447800
v -0.06644100 -0.02394400 -0.03455200
v -0.06644500 -0.02378900 -0.03421900
v -0.06644500 -0.02399700 -0.03451500
v -0.06642800 -0.02383900 -0.03462600
v -0.06643500 -0.02368300 -0.03429200
v -0.06643500 -0.02389100 -0.03458900
v -0.06638500 -0.02342200 -0.03447500
v -0.06640900 -0.02311000 -0.03380900
v -0.06640900 -0.02352600 -0.03440300
v -0.06640900 -0.02373400 -0.03470000
v -0.06641900 -0.02357800 -0.03436600
v -0.06641900 -0.02378600 -0.03466300
v -0.06631700 -0.02321800 -0.03461900
v -0.06635400 -0.02290300 -0.03395400
v -0.06635400 -0.02331900 -0.03454700
v -0.06638500 -0.02363000 -0.03477200
v -0.06635400 -0.02352700 -0.03484400
v -0.06637000 -0.02337100 -0.03451200
v -0.06637000 -0.02357800 -0.03480800
v -0.06631700 -0.02342600 -0.03491600
v -0.06633600 -0.02326800 -0.03458300
v -0.06633600 -0.02347600 -0.03488000
v -0.06622600 -0.02301700 -0.03475900
v -0.06627500 -0.02270000 -0.03409600
v -0.06627500 -0.02311600 -0.03469000
v -0.06627500 -0.02332400 -0.03498600
v -0.06629700 -0.02316700 -0.03465400
v -0.06629700 -0.02337500 -0.03495100
v -0.06611000 -0.02282100 -0.03489600
v -0.06617100 -0.02250200 -0.03423500
v -0.06617100 -0.02291800 -0.03482900
v -0.06622600 -0.02322500 -0.03505600
v -0.06617100 -0.02312600 -0.03512600
v -0.06619900 -0.02296700 -0.03479400
v -0.06619900 -0.02317500 -0.03509100
v -0.06611000 -0.02302900 -0.03519300
v -0.06614100 -0.02286900 -0.03486300
v -0.06614100 -0.02307700 -0.03516000
v -0.06597100 -0.02263600 -0.03502600
v -0.06604300 -0.02231100 -0.03436800
v -0.06604300 -0.02272700 -0.03496200
v -0.06604300 -0.02293500 -0.03525900
v -0.06607700 -0.02277400 -0.03492900
v -0.06607700 -0.02298200 -0.03522600
v -0.06597100 -0.02284300 -0.03532300
v -0.06600800 -0.02268100 -0.03499400
v -0.06600800 -0.02288900 -0.03529100
v -0.06581100 -0.02246200 -0.03514800
v -0.06589300 -0.02213100 -0.03449400
v -0.06589300 -0.02254700 -0.03508800
v -0.06589300 -0.02275500 -0.03538500
v -0.06581100 -0.02267000 -0.03544500
v -0.06585300 -0.02250400 -0.03511800
v -0.06585300 -0.02271200 -0.03541500
v -0.06562500 -0.02229700 -0.03526300
v -0.06572100 -0.02196200 -0.03461300
v -0.06572100 -0.02237700 -0.03520700
v -0.06572100 -0.02258500 -0.03550400
v -0.06576600 -0.02241900 -0.03517800
v -0.06576600 -0.02262700 -0.03547500
v -0.06562500 -0.02250500 -0.03556000
v -0.06567400 -0.02233700 -0.03523500
v -0.06567400 -0.02254500 -0.03553200
v -0.06544300 -0.02216300 -0.03535700
v -0.06553600 -0.02181200 -0.03471800
v -0.06553600 -0.02222800 -0.03531100
v -0.06553600 -0.02243600 -0.03560800
v -0.06544300 -0.02237100 -0.03565400
v -0.06549000 -0.02219500 -0.03533500
v -0.06549000 -0.02240300 -0.03563200
v -0.06522400 -0.02203000 -0.03545000
v -0.06533600 -0.02167800 -0.03481100
v -0.06533600 -0.02209400 -0.03540500
v -0.06533600 -0.02230200 -0.03570200
v -0.06539000 -0.02212800 -0.03538200
v -0.06539000 -0.02233600 -0.03567900
v -0.06522400 -0.02223800 -0.03574700
v -0.06528100 -0.02206100 -0.03542800
v -0.06528100 -0.02226900 -0.03572500
v -0.06499100 -0.02191600 -0.03553000
v -0.06510900 -0.02155500 -0.03489800
v -0.06510900 -0.02197000 -0.03549200
v -0.06510900 -0.02217800 -0.03578900
v -0.06499100 -0.02212400 -0.03582700
v -0.06505100 -0.02194200 -0.03551200
v -0.06505100 -0.02215000 -0.03580800
v -0.06475800 -0.02182500 -0.03559400
v -0.06487600 -0.02145200 -0.03497000
v -0.06487600 -0.02186800 -0.03556400
v -0.06487600 -0.02207600 -0.03586000
v -0.06493400 -0.02189100 -0.03554700
v -0.06493400 -0.02209900 -0.03584400
v -0.06475800 -0.02203300 -0.03589100
v -0.06481700 -0.02184600 -0.03557900
v -0.06481700 -0.02205400 -0.03587600
v -0.06451500 -0.02175300 -0.03564400
v -0.06463700 -0.02137100 -0.03502700
v -0.06463700 -0.02178700 -0.03562100
v -0.06463700 -0.02199400 -0.03591800
v -0.06451500 -0.02196100 -0.03594100
v -0.06457600 -0.02176900 -0.03563300
v -0.06457600 -0.02197700 -0.03593000
v -0.06426500 -0.02169900 -0.03568200
v -0.06439100 -0.02130800 -0.03507100
v -0.06439100 -0.02172400 -0.03566500
v -0.06439100 -0.02193200 -0.03596200
v -0.06445300 -0.02173800 -0.03565500
v -0.06445300 -0.02194600 -0.03595200
v -0.06426500 -0.02190700 -0.03597900
v -0.06432800 -0.02171100 -0.03567400
v -0.06432800 -0.02191900 -0.03597100
v -0.06401000 -0.02166600 -0.03570500
v -0.06413800 -0.02126400 -0.03510100
v -0.06413800 -0.02168000 -0.03569500
v -0.06413800 -0.02188800 -0.03599200
v -0.06401000 -0.02187400 -0.03600200
v -0.06407400 -0.02167200 -0.03570100
v -0.06407400 -0.02188000 -0.03599800
v -0.06375200 -0.02165200 -0.03571500
v -0.06388100 -0.02124000 -0.03511800
v -0.06388100 -0.02165600 -0.03571200
v -0.06388100 -0.02186400 -0.03600900
v -0.06394500 -0.02166000 -0.03570900
v -0.06394500 -0.02186800 -0.03600600
v -0.06375200 -0.02185900 -0.03601200
v -0.06381600 -0.02165300 -0.03571400
v -0.06381600 -0.02186100 -0.03601100
v -0.06349300 -0.02165700 -0.03571100
v -0.06362300 -0.02123600 -0.03512100
v -0.06362300 -0.02165200 -0.03571500
v -0.06362300 -0.02186000 -0.03601200
v -0.06349300 -0.02186500 -0.03600800
v -0.06355800 -0.02165400 -0.03571300
v -0.06355800 -0.02186200 -0.03601000
v -0.06323700 -0.02168300 -0.03569300
v -0.06336500 -0.02125200 -0.03511000
v -0.06336500 -0.02166800 -0.03570400
v -0.06336500 -0.02187600 -0.03600100
v -0.06342900 -0.02166200 -0.03570800
v -0.06342900 -0.02187000 -0.03600500
v -0.06323700 -0.02189100 -0.03599000
v -0.06330100 -0.02167500 -0.03569900
v -0.06330100 -0.02188300 -0.03599600
v -0.06298500 -0.02172800 -0.03566100
v -0.06311000 -0.02128700 -0.03508500
v -0.06311000 -0.02170300 -0.03567900
v -0.06311000 -0.02191100 -0.03597600
v -0.06298500 -0.02193600 -0.03595800
v -0.06304700 -0.02171500 -0.03567100
v -0.06304700 -0.02192300 -0.03596800
v -0.06273100 -0.02179500 -0.03561500
v -0.06285700 -0.02134300 -0.03504600
v -0.06285700 -0.02175900 -0.03564000
v -0.06285700 -0.02196700 -0.03593700
v -0.06292000 -0.02174300 -0.03565100
v -0.06292000 -0.02195100 -0.03594800
v -0.06273100 -0.02200300 -0.03591200
v -0.06279400 -0.02177600 -0.03562800
v -0.06279400 -0.02198400 -0.03592500
v -0.06249400 -0.02187800 -0.03555600
v -0.06261200 -0.02141900 -0.03499300
v -0.06261200 -0.02183400 -0.03558700
v -0.06261200 -0.02204200 -0.03588400
v -0.06249400 -0.02208600 -0.03585300
v -0.06255300 -0.02185600 -0.03557200
v -0.06255300 -0.02206400 -0.03586900
v -0.06226100 -0.02198300 -0.03548300
v -0.06237600 -0.02151300 -0.03492700
v -0.06237600 -0.02192800 -0.03552100
v -0.06237600 -0.02213600 -0.03581800
v -0.06243500 -0.02190300 -0.03553900
v -0.06243500 -0.02211100 -0.03583600
v -0.06226100 -0.02219100 -0.03578000
v -0.06231900 -0.02195500 -0.03550300
v -0.06231900 -0.02216300 -0.03580000
v -0.06204200 -0.02210500 -0.03539700
v -0.06215000 -0.02162600 -0.03484800
v -0.06215000 -0.02204200 -0.03544200
v -0.06215000 -0.02225000 -0.03573900
v -0.06220500 -0.02201200 -0.03546300
v -0.06220500 -0.02222000 -0.03576000
v -0.06183800 -0.02224500 -0.03530000
v -0.06193800 -0.02175700 -0.03475600
v -0.06193800 -0.02217300 -0.03535000
v -0.06204200 -0.02231300 -0.03569400
v -0.06193800 -0.02238100 -0.03564700
v -0.06198900 -0.02213900 -0.03537400
v -0.06198900 -0.02234700 -0.03567100
v -0.06183800 -0.02245300 -0.03559700
v -0.06188700 -0.02220800 -0.03532500
v -0.06188700 -0.02241600 -0.03562200
v -0.06173600 -0.02191000 -0.03464900
v -0.06173600 -0.02232600 -0.03524300
v -0.06173600 -0.02253400 -0.03554000
v -0.06178600 -0.02228500 -0.03527200
v -0.06178600 -0.02249300 -0.03556900
v -0.06168700 -0.02236800 -0.03521400
v -0.06168700 -0.02257600 -0.03551100
v -0.06163900 -0.02282700 -0.03577700
v -0.06163900 -0.02227200 -0.03498600
v -0.06163900 -0.02171800 -0.03419400
v -0.06575700 -0.02414900 -0.03131100
v -0.06575700 -0.02470400 -0.03210300
v -0.06575700 -0.02525800 -0.03289500
v -0.06163900 -0.02116300 -0.03340200
v -0.06198700 -0.02089300 -0.03359100
v -0.06238700 -0.02067600 -0.03374300
v -0.06282600 -0.02052000 -0.03385200
v -0.06329200 -0.02042800 -0.03391700
v -0.06377100 -0.02040400 -0.03393300
v -0.06424700 -0.02044900 -0.03390200
v -0.06470700 -0.02056100 -0.03382400
v -0.06513600 -0.02073600 -0.03370100
v -0.06552100 -0.02096900 -0.03353800
v -0.06585100 -0.02125400 -0.03333800
v -0.06611500 -0.02158200 -0.03310900
v -0.06630600 -0.02194200 -0.03285700
v -0.06641800 -0.02232400 -0.03258900
v -0.06644700 -0.02271600 -0.03231500
v -0.06639300 -0.02310600 -0.03204200
v -0.06625700 -0.02348200 -0.03177800
v -0.06604300 -0.02383400 -0.03153200
v -0.06559100 -0.02344700 -0.03546500
v -0.06559100 -0.02406700 -0.03503100
v -0.06559100 -0.02468700 -0.03459700
v -0.06559100 -0.02530700 -0.03416300
v -0.06483400 -0.02282600 -0.03590000
v -0.06483400 -0.02344700 -0.03546500
v -0.06483400 -0.02592800 -0.03372800
v -0.06407700 -0.02282600 -0.03590000
v -0.06407700 -0.02592800 -0.03372800
v -0.06332000 -0.02282600 -0.03590000
v -0.06332000 -0.02592800 -0.03372800
v -0.06256200 -0.02282600 -0.03590000
v -0.06256200 -0.02530700 -0.03416300
v -0.06256200 -0.02592800 -0.03372800
v -0.06180500 -0.02344700 -0.03546500
v -0.06180500 -0.02406700 -0.03503100
v -0.06180500 -0.02468700 -0.03459700
v -0.06180500 -0.02530700 -0.03416300
v -0.06568200 -0.02581600 -0.03380700
v -0.06579300 -0.02570600 -0.03388300
v -0.06589500 -0.02559100 -0.03396400
v -0.06598700 -0.02547100 -0.03404800
v -0.06606900 -0.02534600 -0.03413500
v -0.06614200 -0.02521700 -0.03422600
v -0.06620400 -0.02508400 -0.03431900
v -0.06625500 -0.02494800 -0.03441400
v -0.06629500 -0.02481000 -0.03451100
v -0.06632400 -0.02467000 -0.03460900
v -0.06634200 -0.02452900 -0.03470800
v -0.06634800 -0.02438700 -0.03480700
v -0.06634300 -0.02424500 -0.03490600
v -0.06632700 -0.02410400 -0.03500500
v -0.06630000 -0.02396300 -0.03510400
v -0.06626100 -0.02382500 -0.03520100
v -0.06621100 -0.02368900 -0.03529600
v -0.06615100 -0.02355500 -0.03538900
v -0.06608000 -0.02342600 -0.03548000
v -0.06599900 -0.02330000 -0.03556800
v -0.06590800 -0.02317900 -0.03565300
v -0.06580800 -0.02306300 -0.03573400
v -0.06569900 -0.02295300 -0.03581100
v -0.06558100 -0.02284900 -0.03588400
v -0.06545500 -0.02275200 -0.03595200
v -0.06532100 -0.02266100 -0.03601600
v -0.06518100 -0.02257800 -0.03607400
v -0.06503400 -0.02250200 -0.03612700
v -0.06488100 -0.02243500 -0.03617400
v -0.06472300 -0.02237500 -0.03621600
v -0.06456100 -0.02232500 -0.03625100
v -0.06439600 -0.02228300 -0.03628000
v -0.06422700 -0.02225000 -0.03630300
v -0.06405600 -0.02222600 -0.03632000
v -0.06388400 -0.02221200 -0.03633000
v -0.06371000 -0.02220600 -0.03633400
v -0.06353700 -0.02221000 -0.03633100
v -0.06336400 -0.02222400 -0.03632200
v -0.06319300 -0.02224600 -0.03630600
v -0.06302400 -0.02227800 -0.03628400
v -0.06285800 -0.02231800 -0.03625600
v -0.06269500 -0.02236800 -0.03622100
v -0.06253700 -0.02242600 -0.03618000
v -0.06238400 -0.02249200 -0.03613400
v -0.06223600 -0.02256700 -0.03608200
v -0.06209500 -0.02264900 -0.03602400
v -0.06196000 -0.02273800 -0.03596100
v -0.06183300 -0.02283500 -0.03589400
v -0.06171400 -0.02293800 -0.03582100
v -0.06559100 -0.02561700 -0.03394500
v -0.06597000 -0.02530700 -0.03416300
v -0.06559100 -0.02499700 -0.03438000
v -0.06597000 -0.02468700 -0.03459700
v -0.06597000 -0.02499700 -0.03438000
v -0.06559100 -0.02437700 -0.03481400
v -0.06597000 -0.02406700 -0.03503100
v -0.06597000 -0.02437700 -0.03481400
v -0.06559100 -0.02375700 -0.03524800
v -0.06597000 -0.02344700 -0.03546500
v -0.06597000 -0.02375700 -0.03524800
v -0.06559100 -0.02313700 -0.03568300
v -0.06483400 -0.02313700 -0.03568300
v -0.06521200 -0.02344700 -0.03546500
v -0.06521200 -0.02282600 -0.03590000
v -0.06521200 -0.02313700 -0.03568300
v -0.06483400 -0.02251600 -0.03611700
v -0.06407700 -0.02251600 -0.03611700
v -0.06445500 -0.02282600 -0.03590000
v -0.06445500 -0.02251600 -0.03611700
v -0.06332000 -0.02251600 -0.03611700
v -0.06369800 -0.02282600 -0.03590000
v -0.06369800 -0.02251600 -0.03611700
v -0.06256200 -0.02251600 -0.03611700
v -0.06294100 -0.02282600 -0.03590000
v -0.06294100 -0.02251600 -0.03611700
v -0.06218400 -0.02282600 -0.03590000
v -0.06180500 -0.02313700 -0.03568300
v -0.06218400 -0.02344700 -0.03546500
v -0.06256200 -0.02313700 -0.03568300
v -0.06218400 -0.02313700 -0.03568300
v -0.06142700 -0.02344700 -0.03546500
v -0.06477300 -0.02515600 -0.03426800
v -0.06431900 -0.02528000 -0.03418100
v -0.06386500 -0.02540500 -0.03409400
v -0.06341200 -0.02552900 -0.03400700
v -0.06305400 -0.02526900 -0.03418900
v -0.06269500 -0.02500900 -0.03437100
v -0.06233700 -0.02475000 -0.03455300
v -0.06243300 -0.02436600 -0.03482200
v -0.06252800 -0.02398200 -0.03509100
v -0.06262400 -0.02359800 -0.03535900
v -0.06307700 -0.02347400 -0.03544600
v -0.06353100 -0.02334900 -0.03553300
v -0.06398500 -0.02322500 -0.03562000
v -0.06434300 -0.02348500 -0.03543900
v -0.06470100 -0.02374500 -0.03525700
v -0.06505900 -0.02400400 -0.03507500
v -0.06496400 -0.02438800 -0.03480600
v -0.06486800 -0.02477200 -0.03453700
v -0.06160300 -0.02304800 -0.03574500
v -0.06150200 -0.02316300 -0.03566400
v -0.06140900 -0.02328300 -0.03558000
v -0.06132700 -0.02340800 -0.03549200
v -0.06125500 -0.02353700 -0.03540200
v -0.06119300 -0.02367000 -0.03530900
v -0.06114200 -0.02380600 -0.03521400
v -0.06110100 -0.02394400 -0.03511700
v -0.06107200 -0.02408400 -0.03501900
v -0.06105500 -0.02422500 -0.03492000
v -0.06104800 -0.02436700 -0.03482100
v -0.06105300 -0.02450900 -0.03472200
v -0.06106900 -0.02465000 -0.03462200
v -0.06109700 -0.02479100 -0.03452400
v -0.06113500 -0.02492900 -0.03442700
v -0.06118500 -0.02506500 -0.03433200
v -0.06124500 -0.02519800 -0.03423900
v -0.06131600 -0.02532800 -0.03414800
v -0.06139700 -0.02545400 -0.03406000
v -0.06148800 -0.02557500 -0.03397500
v -0.06158800 -0.02569100 -0.03389400
v -0.06169800 -0.02580100 -0.03381700
v -0.06181600 -0.02590500 -0.03374400
v -0.06194200 -0.02600200 -0.03367600
v -0.06207500 -0.02609300 -0.03361200
v -0.06221600 -0.02617600 -0.03355400
v -0.06236300 -0.02625200 -0.03350100
v -0.06251500 -0.02631900 -0.03345400
v -0.06267300 -0.02637900 -0.03341200
v -0.06283500 -0.02642900 -0.03337700
v -0.06300100 -0.02647100 -0.03334800
v -0.06316900 -0.02650400 -0.03332500
v -0.06334000 -0.02652800 -0.03330800
v -0.06351300 -0.02654200 -0.03329800
v -0.06368600 -0.02654800 -0.03329400
v -0.06385900 -0.02654400 -0.03329700
v -0.06403200 -0.02653000 -0.03330600
v -0.06420300 -0.02650800 -0.03332200
v -0.06437200 -0.02647600 -0.03334400
v -0.06453800 -0.02643600 -0.03337200
v -0.06470100 -0.02638600 -0.03340700
v -0.06485900 -0.02632800 -0.03344800
v -0.06501300 -0.02626200 -0.03349400
v -0.06516000 -0.02618700 -0.03354600
v -0.06530200 -0.02610500 -0.03360400
v -0.06543600 -0.02601600 -0.03366700
v -0.06556300 -0.02591900 -0.03373400
v -0.06142700 -0.02406700 -0.03503100
v -0.06180500 -0.02375700 -0.03524800
v -0.06142700 -0.02375700 -0.03524800
v -0.06142700 -0.02468700 -0.03459700
v -0.06180500 -0.02437700 -0.03481400
v -0.06142700 -0.02437700 -0.03481400
v -0.06142700 -0.02530700 -0.03416300
v -0.06180500 -0.02499700 -0.03438000
v -0.06142700 -0.02499700 -0.03438000
v -0.06180500 -0.02561700 -0.03394500
v -0.06218400 -0.02592800 -0.03372800
v -0.06256200 -0.02561700 -0.03394500
v -0.06218400 -0.02530700 -0.03416300
v -0.06218400 -0.02561700 -0.03394500
v -0.06256200 -0.02623800 -0.03351100
v -0.06332000 -0.02623800 -0.03351100
v -0.06294100 -0.02592800 -0.03372800
v -0.06294100 -0.02623800 -0.03351100
v -0.06407700 -0.02623800 -0.03351100
v -0.06369800 -0.02592800 -0.03372800
v -0.06369800 -0.02623800 -0.03351100
v -0.06483400 -0.02623800 -0.03351100
v -0.06445500 -0.02592800 -0.03372800
v -0.06445500 -0.02623800 -0.03351100
v -0.06521200 -0.02592800 -0.03372800
v -0.06483400 -0.02561700 -0.03394500
v -0.06521200 -0.02530700 -0.03416300
v -0.06521200 -0.02561700 -0.03394500
v -0.06575700 -0.02414900 -0.03131100
v -0.06555200 -0.02515200 -0.03237900
v -0.06534100 -0.02529400 -0.03227900
v -0.06511400 -0.02541900 -0.03219200
v -0.06487200 -0.02552500 -0.03211800
v -0.06462000 -0.02561000 -0.03205800
v -0.06436500 -0.02567300 -0.03201400
v -0.06410300 -0.02571600 -0.03198400
v -0.06383800 -0.02573800 -0.03196900
v -0.06357200 -0.02573800 -0.03196900
v -0.06330600 -0.02571800 -0.03198300
v -0.06304500 -0.02567600 -0.03201200
v -0.06278900 -0.02561400 -0.03205600
v -0.06254200 -0.02553200 -0.03211300
v -0.06230600 -0.02543100 -0.03218400
v -0.06207000 -0.02530300 -0.03227300
v -0.06187500 -0.02517500 -0.03236300
v -0.06166700 -0.02500700 -0.03248100
v -0.06149300 -0.02483400 -0.03260200
v -0.06134000 -0.02464700 -0.03273200
v -0.06121100 -0.02444900 -0.03287100
v -0.06110700 -0.02424300 -0.03301600
v -0.06103000 -0.02403400 -0.03316200
v -0.06097800 -0.02382000 -0.03331200
v -0.06095200 -0.02360300 -0.03346400
v -0.06095100 -0.02338400 -0.03361700
v -0.06097600 -0.02316700 -0.03376900
v -0.06102700 -0.02295300 -0.03391900
v -0.06110300 -0.02274400 -0.03406600
v -0.06120300 -0.02254100 -0.03420700
v -0.06132600 -0.02234800 -0.03434300
v -0.06148200 -0.02215400 -0.03447800
v -0.06163900 -0.02282700 -0.03577700
v -0.06163900 -0.02116300 -0.03340200
v -0.06163900 -0.02171800 -0.03419400
v -0.06163900 -0.02227200 -0.03498600
v -0.06575700 -0.02581300 -0.03368700
v -0.06575700 -0.02525800 -0.03289500
v -0.06575700 -0.02470400 -0.03210300
v -0.06152900 -0.02293500 -0.03570100
v -0.06142700 -0.02305000 -0.03562100
v -0.06133400 -0.02316900 -0.03553800
v -0.06125000 -0.02329300 -0.03545100
v -0.06117600 -0.02342100 -0.03536100
v -0.06111300 -0.02355200 -0.03526900
v -0.06105900 -0.02368700 -0.03517500
v -0.06101600 -0.02382400 -0.03507900
v -0.06098300 -0.02396300 -0.03498200
v -0.06096100 -0.02410300 -0.03488400
v -0.06095000 -0.02424400 -0.03478500
v -0.06094900 -0.02438600 -0.03468600
v -0.06096000 -0.02452700 -0.03458700
v -0.06098100 -0.02466800 -0.03448800
v -0.06101300 -0.02480700 -0.03439100
v -0.06105600 -0.02494400 -0.03429500
v -0.06110900 -0.02507800 -0.03420100
v -0.06117200 -0.02521000 -0.03410800
v -0.06124500 -0.02533800 -0.03401900
v -0.06132800 -0.02546200 -0.03393200
v -0.06142100 -0.02558200 -0.03384800
v -0.06152200 -0.02569700 -0.03376800
v -0.06163200 -0.02580600 -0.03369100
v -0.06175000 -0.02590900 -0.03361900
v -0.06187500 -0.02600600 -0.03355100
v -0.06200800 -0.02609700 -0.03348800
v -0.06214800 -0.02618000 -0.03342900
v -0.06229400 -0.02625600 -0.03337600
v -0.06244500 -0.02632500 -0.03332800
v -0.06260100 -0.02638500 -0.03328600
v -0.06276100 -0.02643800 -0.03324900
v -0.06292600 -0.02648200 -0.03321800
v -0.06309300 -0.02651700 -0.03319300
v -0.06326300 -0.02654400 -0.03317500
v -0.06343400 -0.02656200 -0.03316200
v -0.06360600 -0.02657100 -0.03315600
v -0.06377900 -0.02657100 -0.03315500
v -0.06395200 -0.02656300 -0.03316100
v -0.06412300 -0.02654500 -0.03317400
v -0.06429300 -0.02651900 -0.03319200
v -0.06446000 -0.02648400 -0.03321600
v -0.06462500 -0.02644100 -0.03324700
v -0.06478500 -0.02638900 -0.03328300
v -0.06494200 -0.02632900 -0.03332500
v -0.06509300 -0.02626100 -0.03337300
v -0.06523900 -0.02618500 -0.03342600
v -0.06537900 -0.02610200 -0.03348400
v -0.06551300 -0.02601200 -0.03354700
v -0.06563900 -0.02591600 -0.03361500
v -0.06148200 -0.02257000 -0.03507200
v -0.06155800 -0.02207300 -0.03453500
v -0.06155800 -0.02248900 -0.03512900
v -0.06155800 -0.02269700 -0.03542600
v -0.06159800 -0.02244900 -0.03515600
v -0.06159800 -0.02265700 -0.03545300
v -0.06148200 -0.02277800 -0.03536900
v -0.06151900 -0.02252900 -0.03510100
v -0.06151900 -0.02273700 -0.03539800
v -0.06132600 -0.02276400 -0.03493600
v -0.06140100 -0.02224900 -0.03441100
v -0.06140100 -0.02266500 -0.03500500
v -0.06140100 -0.02287300 -0.03530200
v -0.06144100 -0.02261700 -0.03503900
v -0.06144100 -0.02282500 -0.03533600
v -0.06132600 -0.02297200 -0.03523300
v -0.06136300 -0.02271400 -0.03497100
v -0.06136300 -0.02292200 -0.03526800
v -0.06120300 -0.02295700 -0.03480100
v -0.06126200 -0.02244300 -0.03427600
v -0.06126200 -0.02285900 -0.03487000
v -0.06126200 -0.02306700 -0.03516700
v -0.06120300 -0.02316500 -0.03509800
v -0.06123100 -0.02290800 -0.03483600
v -0.06123100 -0.02311600 -0.03513200
v -0.06110300 -0.02315900 -0.03465900
v -0.06115000 -0.02264100 -0.03413700
v -0.06115000 -0.02305700 -0.03473100
v -0.06115000 -0.02326500 -0.03502800
v -0.06117500 -0.02300700 -0.03476600
v -0.06117500 -0.02321500 -0.03506300
v -0.06110300 -0.02336700 -0.03495600
v -0.06112500 -0.02310800 -0.03469500
v -0.06112500 -0.02331600 -0.03499200
v -0.06102700 -0.02336900 -0.03451300
v -0.06106200 -0.02284700 -0.03399300
v -0.06106200 -0.02326300 -0.03458700
v -0.06106200 -0.02347100 -0.03488400
v -0.06102700 -0.02357700 -0.03481000
v -0.06104300 -0.02331600 -0.03455000
v -0.06104300 -0.02352400 -0.03484700
v -0.06097600 -0.02358300 -0.03436300
v -0.06099800 -0.02305900 -0.03384400
v -0.06099800 -0.02347500 -0.03443800
v -0.06099800 -0.02368300 -0.03473500
v -0.06101200 -0.02342200 -0.03447600
v -0.06101200 -0.02363000 -0.03477300
v -0.06097600 -0.02379100 -0.03466000
v -0.06098600 -0.02352900 -0.03440100
v -0.06098600 -0.02373700 -0.03469800
v -0.06095100 -0.02380000 -0.03421100
v -0.06096000 -0.02327600 -0.03369300
v -0.06096000 -0.02369100 -0.03428700
v -0.06096000 -0.02389900 -0.03458400
v -0.06096700 -0.02363700 -0.03432500
v -0.06096700 -0.02384500 -0.03462200
v -0.06095200 -0.02401900 -0.03405800
v -0.06094800 -0.02349400 -0.03354000
v -0.06094800 -0.02390900 -0.03413400
v -0.06095100 -0.02400800 -0.03450800
v -0.06094800 -0.02411700 -0.03443100
v -0.06094900 -0.02385500 -0.03417200
v -0.06094900 -0.02406300 -0.03446900
v -0.06095200 -0.02422600 -0.03435500
v -0.06094900 -0.02396400 -0.03409600
v -0.06094900 -0.02417200 -0.03439300
v -0.06097800 -0.02423600 -0.03390600
v -0.06096200 -0.02371200 -0.03338800
v -0.06096200 -0.02412700 -0.03398200
v -0.06096200 -0.02433500 -0.03427800
v -0.06095600 -0.02407300 -0.03402000
v -0.06095600 -0.02428100 -0.03431700
v -0.06103000 -0.02445000 -0.03375600
v -0.06100100 -0.02392800 -0.03323600
v -0.06100100 -0.02434300 -0.03383000
v -0.06097800 -0.02444400 -0.03420300
v -0.06100100 -0.02455100 -0.03412700
v -0.06098900 -0.02429000 -0.03386800
v -0.06098900 -0.02449800 -0.03416500
v -0.06103000 -0.02465800 -0.03405300
v -0.06101500 -0.02439700 -0.03379300
v -0.06101500 -0.02460500 -0.03409000
v -0.06110700 -0.02465900 -0.03360900
v -0.06106600 -0.02413900 -0.03308800
v -0.06106600 -0.02455500 -0.03368200
v -0.06106600 -0.02476300 -0.03397900
v -0.06104700 -0.02450300 -0.03371900
v -0.06104700 -0.02471100 -0.03401600
v -0.06121100 -0.02486500 -0.03346500
v -0.06115600 -0.02434700 -0.03294300
v -0.06115600 -0.02476300 -0.03353600
v -0.06110700 -0.02486700 -0.03390600
v -0.06115600 -0.02497100 -0.03383300
v -0.06113100 -0.02471100 -0.03357300
v -0.06113100 -0.02491900 -0.03387000
v -0.06121100 -0.02507300 -0.03376200
v -0.06118300 -0.02481400 -0.03350000
v -0.06118300 -0.02502200 -0.03379700
v -0.06134000 -0.02506300 -0.03332600
v -0.06127300 -0.02455000 -0.03280100
v -0.06127300 -0.02496600 -0.03339500
v -0.06127300 -0.02517300 -0.03369200
v -0.06124100 -0.02491600 -0.03343000
v -0.06124100 -0.02512400 -0.03372700
v -0.06134000 -0.02527100 -0.03362300
v -0.06130600 -0.02501500 -0.03336000
v -0.06130600 -0.02522300 -0.03365700
v -0.06149300 -0.02525000 -0.03319600
v -0.06141400 -0.02474200 -0.03266600
v -0.06141400 -0.02515800 -0.03326000
v -0.06141400 -0.02536600 -0.03355700
v -0.06149300 -0.02545800 -0.03349300
v -0.06145300 -0.02520400 -0.03322800
v -0.06145300 -0.02541200 -0.03352500
v -0.06166700 -0.02542300 -0.03307500
v -0.06157700 -0.02492200 -0.03254000
v -0.06157700 -0.02533800 -0.03313400
v -0.06157700 -0.02554600 -0.03343100
v -0.06153400 -0.02529400 -0.03316500
v -0.06153400 -0.02550200 -0.03346200
v -0.06166700 -0.02563100 -0.03337200
v -0.06162200 -0.02538100 -0.03310400
v -0.06162200 -0.02558900 -0.03340100
v -0.06187500 -0.02559100 -0.03295700
v -0.06176900 -0.02509300 -0.03242000
v -0.06176900 -0.02550900 -0.03301400
v -0.06176900 -0.02571700 -0.03331100
v -0.06171700 -0.02546600 -0.03304400
v -0.06171700 -0.02567400 -0.03334100
v -0.06187500 -0.02579900 -0.03325400
v -0.06182100 -0.02555000 -0.03298500
v -0.06182100 -0.02575800 -0.03328200
v -0.06207000 -0.02571900 -0.03286700
v -0.06197100 -0.02524100 -0.03231700
v -0.06197100 -0.02565700 -0.03291100
v -0.06197100 -0.02586500 -0.03320800
v -0.06207000 -0.02592700 -0.03316400
v -0.06202000 -0.02568800 -0.03288800
v -0.06202000 -0.02589600 -0.03318500
v -0.06230600 -0.02584700 -0.03277800
v -0.06218600 -0.02537000 -0.03222700
v -0.06218600 -0.02578500 -0.03282100
v -0.06218600 -0.02599300 -0.03311800
v -0.06212800 -0.02575300 -0.03284300
v -0.06212800 -0.02596100 -0.03314000
v -0.06230600 -0.02605500 -0.03307500
v -0.06224600 -0.02581700 -0.03279900
v -0.06224600 -0.02602500 -0.03309600
v -0.06254200 -0.02594800 -0.03270700
v -0.06242300 -0.02548400 -0.03214700
v -0.06242300 -0.02590000 -0.03274100
v -0.06242300 -0.02610800 -0.03303800
v -0.06254200 -0.02615600 -0.03300400
v -0.06248200 -0.02592400 -0.03272300
v -0.06248200 -0.02613200 -0.03302000
v -0.06278900 -0.02603000 -0.03264900
v -0.06266500 -0.02557500 -0.03208300
v -0.06266500 -0.02599100 -0.03267600
v -0.06266500 -0.02619900 -0.03297300
v -0.06260300 -0.02597000 -0.03269100
v -0.06260300 -0.02617800 -0.03298800
v -0.06278900 -0.02623800 -0.03294600
v -0.06272700 -0.02601100 -0.03266300
v -0.06272700 -0.02621900 -0.03295900
v -0.06304500 -0.02609200 -0.03260600
v -0.06291600 -0.02564800 -0.03203200
v -0.06291600 -0.02606300 -0.03262600
v -0.06291600 -0.02627100 -0.03292300
v -0.06304500 -0.02630000 -0.03290300
v -0.06298000 -0.02607800 -0.03261600
v -0.06298000 -0.02628600 -0.03291200
v -0.06330600 -0.02613300 -0.03257700
v -0.06317500 -0.02569900 -0.03199600
v -0.06317500 -0.02611500 -0.03259000
v -0.06317500 -0.02632300 -0.03288700
v -0.06311000 -0.02610400 -0.03259700
v -0.06311000 -0.02631200 -0.03289400
v -0.06330600 -0.02634100 -0.03287400
v -0.06324100 -0.02612500 -0.03258300
v -0.06324100 -0.02633300 -0.03288000
v -0.06357200 -0.02615400 -0.03256200
v -0.06343900 -0.02573100 -0.03197400
v -0.06343900 -0.02614600 -0.03256800
v -0.06343900 -0.02635400 -0.03286500
v -0.06337300 -0.02614100 -0.03257200
v -0.06337300 -0.02634900 -0.03286900
v -0.06383800 -0.02615400 -0.03256300
v -0.06370500 -0.02574100 -0.03196700
v -0.06370500 -0.02615600 -0.03256100
v -0.06357200 -0.02636200 -0.03285900
v -0.06370500 -0.02636400 -0.03285800
v -0.06363800 -0.02615600 -0.03256100
v -0.06363800 -0.02636400 -0.03285800
v -0.06383800 -0.02636100 -0.03286000
v -0.06377200 -0.02615600 -0.03256100
v -0.06377200 -0.02636400 -0.03285800
v -0.06410300 -0.02613200 -0.03257800
v -0.06397100 -0.02572900 -0.03197500
v -0.06397100 -0.02614500 -0.03256900
v -0.06397100 -0.02635300 -0.03286600
v -0.06390500 -0.02615000 -0.03256500
v -0.06390500 -0.02635800 -0.03286200
v -0.06436500 -0.02608900 -0.03260800
v -0.06423500 -0.02569700 -0.03199700
v -0.06423500 -0.02611300 -0.03259100
v -0.06410300 -0.02634000 -0.03287500
v -0.06423500 -0.02632100 -0.03288800
v -0.06416900 -0.02612300 -0.03258400
v -0.06416900 -0.02633100 -0.03288100
v -0.06436500 -0.02629700 -0.03290500
v -0.06430000 -0.02610200 -0.03259900
v -0.06430000 -0.02631000 -0.03289600
v -0.06462000 -0.02602600 -0.03265200
v -0.06449300 -0.02564400 -0.03203400
v -0.06449300 -0.02606000 -0.03262800
v -0.06449300 -0.02626800 -0.03292500
v -0.06442900 -0.02607500 -0.03261800
v -0.06442900 -0.02628300 -0.03291500
v -0.06487200 -0.02594100 -0.03271200
v -0.06474700 -0.02557000 -0.03208600
v -0.06474700 -0.02598600 -0.03268000
v -0.06462000 -0.02623400 -0.03294900
v -0.06474700 -0.02619400 -0.03297700
v -0.06468400 -0.02600700 -0.03266600
v -0.06468400 -0.02621500 -0.03296300
v -0.06487200 -0.02614900 -0.03300900
v -0.06481000 -0.02596400 -0.03269500
v -0.06481000 -0.02617200 -0.03299200
v -0.06511400 -0.02583500 -0.03278600
v -0.06499400 -0.02547500 -0.03215300
v -0.06499400 -0.02589100 -0.03274700
v -0.06499400 -0.02609800 -0.03304400
v -0.06493300 -0.02591600 -0.03272900
v -0.06493300 -0.02612400 -0.03302600
v -0.06511400 -0.02604300 -0.03308300
v -0.06505400 -0.02586300 -0.03276600
v -0.06505400 -0.02607100 -0.03306300
v -0.06534100 -0.02571000 -0.03287300
v -0.06522900 -0.02535900 -0.03223400
v -0.06522900 -0.02577500 -0.03282800
v -0.06522900 -0.02598300 -0.03312500
v -0.06534100 -0.02591800 -0.03317000
v -0.06528600 -0.02574300 -0.03285000
v -0.06528600 -0.02595100 -0.03314700
v -0.06555200 -0.02556700 -0.03297300
v -0.06544900 -0.02522500 -0.03232800
v -0.06544900 -0.02564100 -0.03292200
v -0.06544900 -0.02584900 -0.03321900
v -0.06539600 -0.02567600 -0.03289700
v -0.06539600 -0.02588400 -0.03319400
v -0.06555200 -0.02577500 -0.03327000
v -0.06550100 -0.02560500 -0.03294700
v -0.06550100 -0.02581300 -0.03324400
v -0.06565800 -0.02506800 -0.03243800
v -0.06565800 -0.02548400 -0.03303100
v -0.06565800 -0.02569200 -0.03332800
v -0.06560600 -0.02552600 -0.03300200
v -0.06560600 -0.02573400 -0.03329900
v -0.06570800 -0.02544100 -0.03306200
v -0.06570800 -0.02564900 -0.03335900
v -0.06541000 -0.02442000 -0.03112200
v -0.06501000 -0.02463600 -0.03097000
v -0.06457000 -0.02479300 -0.03086100
v -0.06410400 -0.02488400 -0.03079600
v -0.06362600 -0.02490800 -0.03078000
v -0.06314900 -0.02486400 -0.03081100
v -0.06269000 -0.02475200 -0.03088900
v -0.06226100 -0.02457700 -0.03101200
v -0.06187500 -0.02434300 -0.03117500
v -0.06154600 -0.02405800 -0.03137500
v -0.06128100 -0.02373100 -0.03160400
v -0.06109000 -0.02337100 -0.03185600
v -0.06097800 -0.02298900 -0.03212400
v -0.06094900 -0.02259700 -0.03239800
v -0.06100300 -0.02220700 -0.03267100
v -0.06114000 -0.02183000 -0.03293500
v -0.06135400 -0.02147900 -0.03318100
v -0.06163900 -0.02282700 -0.03577700
v -0.06152500 -0.02307400 -0.03571700
v -0.06150000 -0.02304600 -0.03570900
v -0.06148300 -0.02301700 -0.03569000
v -0.06139900 -0.02322900 -0.03560800
v -0.06137200 -0.02320300 -0.03559900
v -0.06135400 -0.02317600 -0.03557900
v -0.06128700 -0.02339600 -0.03549100
v -0.06125900 -0.02337100 -0.03548100
v -0.06124000 -0.02334500 -0.03546000
v -0.06119400 -0.02356900 -0.03537000
v -0.06116400 -0.02354700 -0.03535800
v -0.06114400 -0.02352200 -0.03533600
v -0.06111900 -0.02374900 -0.03524400
v -0.06108800 -0.02372900 -0.03523100
v -0.06106800 -0.02370500 -0.03520800
v -0.06106300 -0.02393100 -0.03511600
v -0.06103200 -0.02391300 -0.03510200
v -0.06101100 -0.02389100 -0.03507800
v -0.06102700 -0.02411300 -0.03498900
v -0.06099600 -0.02409800 -0.03497300
v -0.06097500 -0.02407700 -0.03494800
v -0.06101000 -0.02429700 -0.03486000
v -0.06097800 -0.02428400 -0.03484300
v -0.06095700 -0.02426500 -0.03481700
v -0.06101200 -0.02448200 -0.03473100
v -0.06098000 -0.02447100 -0.03471200
v -0.06095900 -0.02445300 -0.03468500
v -0.06103300 -0.02466600 -0.03460200
v -0.06100100 -0.02465700 -0.03458100
v -0.06098000 -0.02464100 -0.03455300
v -0.06107200 -0.02484800 -0.03447500
v -0.06104100 -0.02484100 -0.03445300
v -0.06102000 -0.02482600 -0.03442400
v -0.06113000 -0.02502600 -0.03435000
v -0.06109900 -0.02502100 -0.03432600
v -0.06107900 -0.02500800 -0.03429600
v -0.06120600 -0.02520000 -0.03422800
v -0.06117600 -0.02519700 -0.03420300
v -0.06115600 -0.02518500 -0.03417200
v -0.06129900 -0.02536800 -0.03411000
v -0.06127100 -0.02536700 -0.03408400
v -0.06125200 -0.02535700 -0.03405200
v -0.06140900 -0.02552900 -0.03399700
v -0.06138200 -0.02553000 -0.03397000
v -0.06136400 -0.02552100 -0.03393700
v -0.06153600 -0.02568200 -0.03389000
v -0.06151000 -0.02568500 -0.03386100
v -0.06149300 -0.02567700 -0.03382800
v -0.06168500 -0.02583400 -0.03378400
v -0.06166200 -0.02583800 -0.03375400
v -0.06164600 -0.02583100 -0.03372000
v -0.06185100 -0.02597400 -0.03368600
v -0.06182900 -0.02598000 -0.03365500
v -0.06181400 -0.02597400 -0.03362000
v -0.06201100 -0.02608800 -0.03360600
v -0.06199100 -0.02609600 -0.03357400
v -0.06197700 -0.02609100 -0.03353800
v -0.06220500 -0.02620500 -0.03352400
v -0.06218700 -0.02621400 -0.03349100
v -0.06217500 -0.02621000 -0.03345500
v -0.06240300 -0.02630300 -0.03345500
v -0.06238800 -0.02631400 -0.03342100
v -0.06237700 -0.02631000 -0.03338400
v -0.06261100 -0.02638700 -0.03339600
v -0.06259800 -0.02639900 -0.03336200
v -0.06258900 -0.02639600 -0.03332400
v -0.06282700 -0.02645600 -0.03334800
v -0.06281600 -0.02646900 -0.03331300
v -0.06280900 -0.02646700 -0.03327500
v -0.06304900 -0.02651000 -0.03331000
v -0.06304100 -0.02652300 -0.03327500
v -0.06303600 -0.02652100 -0.03323600
v -0.06327000 -0.02654700 -0.03328400
v -0.06326500 -0.02656100 -0.03324800
v -0.06326200 -0.02655900 -0.03321000
v -0.06349400 -0.02656900 -0.03326900
v -0.06349200 -0.02658300 -0.03323300
v -0.06349000 -0.02658100 -0.03319400
v -0.06371900 -0.02657500 -0.03326500
v -0.06371900 -0.02658900 -0.03322900
v -0.06372000 -0.02658800 -0.03319000
v -0.06394400 -0.02656600 -0.03327100
v -0.06394700 -0.02658000 -0.03323500
v -0.06394900 -0.02657800 -0.03319700
v -0.06416800 -0.02654200 -0.03328800
v -0.06417300 -0.02655500 -0.03325200
v -0.06417700 -0.02655300 -0.03321400
v -0.06438800 -0.02650200 -0.03331600
v -0.06439600 -0.02651400 -0.03328100
v -0.06440200 -0.02651300 -0.03324300
v -0.06460300 -0.02644700 -0.03335500
v -0.06461400 -0.02645900 -0.03332000
v -0.06462100 -0.02645700 -0.03328200
v -0.06481200 -0.02637800 -0.03340300
v -0.06482500 -0.02638900 -0.03336900
v -0.06483400 -0.02638600 -0.03333100
v -0.06501300 -0.02629400 -0.03346200
v -0.06502900 -0.02630400 -0.03342800
v -0.06503900 -0.02630100 -0.03339100
v -0.06520500 -0.02619700 -0.03353000
v -0.06522300 -0.02620600 -0.03349600
v -0.06523500 -0.02620200 -0.03346000
v -0.06538600 -0.02608700 -0.03360600
v -0.06540600 -0.02609500 -0.03357400
v -0.06542000 -0.02609000 -0.03353800
v -0.06556600 -0.02595700 -0.03369800
v -0.06558900 -0.02596300 -0.03366700
v -0.06560300 -0.02595700 -0.03363100
v -0.06568200 -0.02581600 -0.03380700
v -0.06575700 -0.02581300 -0.03368700
v -0.06571100 -0.02583200 -0.03378600
v -0.06573500 -0.02583700 -0.03375600
v -0.06575200 -0.02583000 -0.03372100
v -0.06564100 -0.02589600 -0.03374000
v -0.06555300 -0.02594900 -0.03371100
v -0.06562700 -0.02588800 -0.03375300
v -0.06566400 -0.02590100 -0.03371000
v -0.06557800 -0.02596200 -0.03368300
v -0.06565300 -0.02590000 -0.03372600
v -0.06567900 -0.02589500 -0.03367500
v -0.06559700 -0.02596200 -0.03364900
v -0.06567300 -0.02590000 -0.03369300
v -0.06560700 -0.02595000 -0.03361400
v -0.06568300 -0.02588800 -0.03365800
v -0.06164500 -0.02285300 -0.03580600
v -0.06166100 -0.02288300 -0.03582400
v -0.06168500 -0.02291300 -0.03583000
v -0.06147800 -0.02300400 -0.03567700
v -0.06156100 -0.02293300 -0.03574900
v -0.06155700 -0.02292000 -0.03573600
v -0.06149000 -0.02303100 -0.03570100
v -0.06157800 -0.02296300 -0.03576800
v -0.06156800 -0.02294800 -0.03576000
v -0.06151200 -0.02306000 -0.03571500
v -0.06160300 -0.02299100 -0.03577400
v -0.06158900 -0.02297700 -0.03577300
v -0.06154100 -0.02308700 -0.03571500
v -0.06161800 -0.02300500 -0.03577200
v -0.06563900 -0.02591600 -0.03361500
v -0.06551300 -0.02601200 -0.03354700
v -0.06537900 -0.02610200 -0.03348400
v -0.06523900 -0.02618500 -0.03342600
v -0.06509300 -0.02626100 -0.03337300
v -0.06494200 -0.02632900 -0.03332500
v -0.06478500 -0.02638900 -0.03328300
v -0.06462500 -0.02644100 -0.03324700
v -0.06446000 -0.02648400 -0.03321600
v -0.06429300 -0.02651900 -0.03319200
v -0.06412300 -0.02654500 -0.03317400
v -0.06395200 -0.02656300 -0.03316100
v -0.06377900 -0.02657100 -0.03315500
v -0.06360600 -0.02657100 -0.03315600
v -0.06343400 -0.02656200 -0.03316200
v -0.06326300 -0.02654400 -0.03317500
v -0.06309300 -0.02651700 -0.03319300
v -0.06292600 -0.02648200 -0.03321800
v -0.06276100 -0.02643800 -0.03324900
v -0.06260100 -0.02638500 -0.03328600
v -0.06244500 -0.02632500 -0.03332800
v -0.06229400 -0.02625600 -0.03337600
v -0.06214800 -0.02618000 -0.03342900
v -0.06200800 -0.02609700 -0.03348800
v -0.06187500 -0.02600600 -0.03355100
v -0.06175000 -0.02590900 -0.03361900
v -0.06163200 -0.02580600 -0.03369100
v -0.06152200 -0.02569700 -0.03376800
v -0.06142100 -0.02558200 -0.03384800
v -0.06132800 -0.02546200 -0.03393200
v -0.06124500 -0.02533800 -0.03401900
v -0.06117200 -0.02521000 -0.03410800
v -0.06110900 -0.02507800 -0.03420100
v -0.06105600 -0.02494400 -0.03429500
v -0.06101300 -0.02480700 -0.03439100
v -0.06098100 -0.02466800 -0.03448800
v -0.06096000 -0.02452700 -0.03458700
v -0.06094900 -0.02438600 -0.03468600
v -0.06095000 -0.02424400 -0.03478500
v -0.06096100 -0.02410300 -0.03488400
v -0.06098300 -0.02396300 -0.03498200
v -0.06101600 -0.02382400 -0.03507900
v -0.06105900 -0.02368700 -0.03517500
v -0.06111300 -0.02355200 -0.03526900
v -0.06117600 -0.02342100 -0.03536100
v -0.06125000 -0.02329300 -0.03545100
v -0.06133400 -0.02316900 -0.03553800
v -0.06142700 -0.02305000 -0.03562100
v -0.06152900 -0.02293500 -0.03570100
v -0.06171400 -0.02293800 -0.03582100
v -0.06160300 -0.02304800 -0.03574500
v -0.06150200 -0.02316300 -0.03566400
v -0.06140900 -0.02328300 -0.03558000
v -0.06132700 -0.02340800 -0.03549200
v -0.06125500 -0.02353700 -0.03540200
v -0.06119300 -0.02367000 -0.03530900
v -0.06114200 -0.02380600 -0.03521400
v -0.06110100 -0.02394400 -0.03511700
v -0.06107200 -0.02408400 -0.03501900
v -0.06105500 -0.02422500 -0.03492000
v -0.06104800 -0.02436700 -0.03482100
v -0.06105300 -0.02450900 -0.03472200
v -0.06106900 -0.02465000 -0.03462200
v -0.06109700 -0.02479100 -0.03452400
v -0.06113500 -0.02492900 -0.03442700
v -0.06118500 -0.02506500 -0.03433200
v -0.06124500 -0.02519800 -0.03423900
v -0.06131600 -0.02532800 -0.03414800
v -0.06139700 -0.02545400 -0.03406000
v -0.06148800 -0.02557500 -0.03397500
v -0.06158800 -0.02569100 -0.03389400
v -0.06169800 -0.02580100 -0.03381700
v -0.06181600 -0.02590500 -0.03374400
v -0.06194200 -0.02600200 -0.03367600
v -0.06207500 -0.02609300 -0.03361200
v -0.06221600 -0.02617600 -0.03355400
v -0.06236300 -0.02625200 -0.03350100
v -0.06251500 -0.02631900 -0.03345400
v -0.06267300 -0.02637900 -0.03341200
v -0.06283500 -0.02642900 -0.03337700
v -0.06300100 -0.02647100 -0.03334800
v -0.06316900 -0.02650400 -0.03332500
v -0.06334000 -0.02652800 -0.03330800
v -0.06351300 -0.02654200 -0.03329800
v -0.06368600 -0.02654800 -0.03329400
v -0.06385900 -0.02654400 -0.03329700
v -0.06403200 -0.02653000 -0.03330600
v -0.06420300 -0.02650800 -0.03332200
v -0.06437200 -0.02647600 -0.03334400
v -0.06453800 -0.02643600 -0.03337200
v -0.06470100 -0.02638600 -0.03340700
v -0.06485900 -0.02632800 -0.03344800
v -0.06501300 -0.02626200 -0.03349400
v -0.06516000 -0.02618700 -0.03354600
v -0.06530200 -0.02610500 -0.03360400
v -0.06543600 -0.02601600 -0.03366700
v -0.06556300 -0.02591900 -0.03373400
vn -0.00000000 0.57360000 -0.81910000
vn -0.00000000 0.57350000 -0.81920000
vn -0.00010000 0.57370000 -0.81910000
vn -0.00000000 0.57360000 -0.81910000
vn -0.00000000 0.57360000 -0.81910000
vn 0.00010000 0.57360000 -0.81920000
vn -0.00000000 0.57360000 -0.81910000
vn 0.00010000 0.57360000 -0.81910000
vn 0.00010000 0.57330000 -0.81930000
vn -0.00000000 0.57360000 -0.81920000
vn -0.00000000 0.57360000 -0.81920000
vn -0.00000000 0.57360000 -0.81910000
vn -0.00000000 0.57360000 -0.81910000
vn -0.00000000 0.57360000 -0.81920000
vn 0.00010000 0.57350000 -0.81920000
vn -0.00000000 0.57350000 -0.81920000
vn -0.00000000 0.57360000 -0.81920000
vn -0.00000000 0.57360000 -0.81920000
vn 0.00010000 0.57350000 -0.81920000
vn -0.00000000 0.57360000 -0.81920000
vn -0.00000000 0.57360000 -0.81910000
vn -0.00000000 0.57360000 -0.81920000
vn -0.00000000 0.57360000 -0.81920000
vn -0.00000000 0.57360000 -0.81920000
vn -0.00000000 0.57360000 -0.81920000
vn 0.00010000 0.57360000 -0.81910000
vn -0.00000000 0.57360000 -0.81920000
vn -0.00000000 0.57360000 -0.81910000
vn -0.00000000 0.57330000 -0.81940000
vn 0.00010000 0.57360000 -0.81910000
vn -0.00000000 0.57360000 -0.81920000
vn 0.00010000 0.57360000 -0.81920000
vn -0.00020000 0.57370000 -0.81910000
vn -0.00000000 0.57360000 -0.81910000
vn -0.00020000 0.57350000 -0.81920000
vn -0.00000000 0.57360000 -0.81920000
vn -0.00000000 0.57350000 -0.81920000
vn -0.00000000 0.57350000 -0.81920000
vn 0.00020000 0.57360000 -0.81910000
vn 0.00030000 0.57380000 -0.81900000
vn -0.00000000 0.57350000 -0.81920000
vn -0.00000000 0.57360000 -0.81910000
vn 0.00030000 0.57320000 -0.81940000
vn -0.00000000 0.57360000 -0.81910000
vn 0.00010000 0.57360000 -0.81910000
vn -0.00000000 0.57360000 -0.81910000
vn -0.00000000 0.57350000 -0.81920000
vn -0.00000000 0.57360000 -0.81910000
vn 0.00020000 0.57360000 -0.81920000
vn -0.00000000 0.57360000 -0.81920000
vn -0.00010000 0.57360000 -0.81920000
vn -0.00020000 0.57370000 -0.81910000
vn -0.00000000 0.57360000 -0.81910000
vn 0.00010000 0.57360000 -0.81920000
vn -0.00000000 0.57360000 -0.81920000
vn 0.00010000 0.57350000 -0.81920000
vn -0.00000000 0.57360000 -0.81920000
vn -0.00010000 0.57360000 -0.81920000
vn -0.00000000 0.57390000 -0.81890000
vn -0.00010000 0.57350000 -0.81920000
vn -0.00000000 0.57360000 -0.81920000
vn 0.00010000 0.57360000 -0.81910000
vn -0.00000000 0.57350000 -0.81920000
vn -0.00000000 0.57360000 -0.81920000
vn -0.00000000 0.57360000 -0.81910000
vn -0.00000000 0.57360000 -0.81910000
vn -0.00000000 0.57360000 -0.81910000
vn 0.00010000 0.57350000 -0.81920000
vn -0.00010000 0.57360000 -0.81910000
vn -0.00000000 0.57360000 -0.81910000
vn -0.00000000 0.57350000 -0.81920000
vn -0.00000000 0.57380000 -0.81900000
vn -0.00000000 0.57350000 -0.81920000
vn -0.00000000 0.57360000 -0.81910000
vn 0.40050000 -0.75060000 -0.52560000
vn 0.12320000 0.22030000 -0.96760000
vn 0.22310000 -0.15410000 -0.96250000
vn 0.28930000 -0.50350000 -0.81410000
vn 0.09100000 0.21290000 -0.97280000
vn 0.16490000 -0.16750000 -0.97200000
vn 0.21380000 -0.52100000 -0.82640000
vn 0.05770000 0.20760000 -0.97650000
vn 0.10450000 -0.17710000 -0.97860000
vn 0.13550000 -0.53330000 -0.83500000
vn 0.02400000 0.20470000 -0.97850000
vn 0.04330000 -0.18240000 -0.98230000
vn 0.05610000 -0.54010000 -0.83970000
vn -0.01020000 0.20420000 -0.97890000
vn -0.01820000 -0.18320000 -0.98290000
vn -0.02360000 -0.54120000 -0.84060000
vn -0.04360000 0.20610000 -0.97760000
vn -0.07890000 -0.17980000 -0.98050000
vn -0.10230000 -0.53680000 -0.83750000
vn -0.07630000 0.21020000 -0.97470000
vn -0.13810000 -0.17230000 -0.97530000
vn -0.17900000 -0.52710000 -0.83070000
vn -0.10840000 0.21650000 -0.97030000
vn -0.19620000 -0.16080000 -0.96730000
vn -0.25440000 -0.51230000 -0.82030000
vn -0.13970000 0.22510000 -0.96430000
vn -0.25310000 -0.14540000 -0.95640000
vn -0.32810000 -0.49220000 -0.80630000
vn -0.17020000 0.23570000 -0.95680000
vn -0.30810000 -0.12610000 -0.94300000
vn -0.39940000 -0.46730000 -0.78880000
vn -0.19930000 0.24830000 -0.94800000
vn -0.36090000 -0.10310000 -0.92690000
vn -0.46790000 -0.43740000 -0.76790000
vn -0.22730000 0.26320000 -0.93760000
vn -0.41130000 -0.07660000 -0.90830000
vn -0.53320000 -0.40300000 -0.74380000
vn -0.25330000 0.27960000 -0.92610000
vn -0.45870000 -0.04670000 -0.88740000
vn -0.59470000 -0.36430000 -0.71670000
vn -0.27770000 0.29780000 -0.91330000
vn -0.50290000 -0.01360000 -0.86420000
vn -0.65200000 -0.32140000 -0.68670000
vn -0.30010000 0.31780000 -0.89940000
vn -0.54360000 0.02230000 -0.83910000
vn -0.70480000 -0.27480000 -0.65400000
vn -0.32050000 0.33890000 -0.88450000
vn -0.58050000 0.06090000 -0.81200000
vn -0.75260000 -0.22480000 -0.61900000
vn -0.33960000 0.36300000 -0.86770000
vn -0.61500000 0.10430000 -0.78160000
vn -0.79730000 -0.16850000 -0.57960000
vn -0.35590000 0.38820000 -0.85010000
vn -0.64460000 0.15000000 -0.74960000
vn -0.83580000 -0.10930000 -0.53810000
vn -0.36820000 0.41160000 -0.83370000
vn -0.66690000 0.19240000 -0.71990000
vn -0.86450000 -0.05430000 -0.49960000
vn -0.37930000 0.43910000 -0.81450000
vn -0.68700000 0.24210000 -0.68510000
vn -0.89070000 0.01010000 -0.45450000
vn -0.38710000 0.46630000 -0.79540000
vn -0.70120000 0.29110000 -0.65080000
vn -0.90910000 0.07370000 -0.41000000
vn -0.39220000 0.49370000 -0.77620000
vn -0.71020000 0.34090000 -0.61590000
vn -0.92080000 0.13830000 -0.36470000
vn -0.39430000 0.52140000 -0.75680000
vn -0.71390000 0.39130000 -0.58070000
vn -0.92560000 0.20350000 -0.31910000
vn -0.39330000 0.54930000 -0.73730000
vn -0.71240000 0.44170000 -0.54540000
vn -0.92360000 0.26890000 -0.27330000
vn -0.38950000 0.57610000 -0.71860000
vn -0.70570000 0.49050000 -0.51120000
vn -0.91500000 0.33220000 -0.22900000
vn -0.38330000 0.60280000 -0.69980000
vn -0.69420000 0.53860000 -0.47750000
vn -0.90000000 0.39450000 -0.18530000
vn -0.37420000 0.62880000 -0.68160000
vn -0.67780000 0.58570000 -0.44450000
vn -0.87870000 0.45570000 -0.14250000
vn -0.36250000 0.65410000 -0.66390000
vn -0.65650000 0.63160000 -0.41240000
vn -0.85120000 0.51510000 -0.10090000
vn -0.34830000 0.67850000 -0.64680000
vn -0.63070000 0.67580000 -0.38140000
vn -0.81770000 0.57240000 -0.06080000
vn -0.33150000 0.70190000 -0.63040000
vn -0.60040000 0.71820000 -0.35180000
vn -0.77850000 0.62730000 -0.02240000
vn -0.31230000 0.72430000 -0.61470000
vn -0.56600000 0.75820000 -0.32380000
vn -0.73380000 0.67920000 0.01400000
vn -0.29130000 0.74480000 -0.60040000
vn -0.52750000 0.79570000 -0.29750000
vn -0.68400000 0.72790000 0.04810000
vn -0.26810000 0.76400000 -0.58690000
vn -0.48540000 0.83060000 -0.27310000
vn -0.62930000 0.77310000 0.07970000
vn -0.24300000 0.78150000 -0.57460000
vn -0.43980000 0.86240000 -0.25080000
vn -0.57020000 0.81430000 0.10860000
vn -0.21600000 0.79720000 -0.56370000
vn -0.39120000 0.89090000 -0.23080000
vn -0.50710000 0.85130000 0.13450000
vn -0.18570000 0.81200000 -0.55330000
vn -0.33630000 0.91750000 -0.21220000
vn -0.43600000 0.88590000 0.15870000
vn -0.40050000 0.75060000 0.52550000
vn 0.37000000 -0.47400000 -0.79900000
vn 0.28320000 -0.12520000 -0.95090000
vn 0.15330000 0.24270000 -0.95790000
vn 0.30660000 -0.65300000 -0.69250000
vn 0.33040000 -0.49150000 -0.80580000
vn 0.35020000 -0.64040000 -0.68360000
vn 0.26110000 -0.33510000 -0.90530000
vn 0.25480000 -0.14490000 -0.95610000
vn 0.29820000 -0.32420000 -0.89780000
vn 0.17650000 0.03380000 -0.98370000
vn 0.14070000 0.22560000 -0.96400000
vn 0.20160000 0.04110000 -0.97860000
vn 0.06290000 0.40520000 -0.91210000
vn 0.07180000 0.40780000 -0.91020000
vn -0.00000000 0.57360000 -0.81910000
vn -0.15330000 0.81710000 -0.55570000
vn -0.28320000 0.93630000 -0.20760000
vn -0.37000000 0.91290000 0.17210000
vn -0.17190000 0.81780000 -0.54930000
vn -0.09480000 0.70730000 -0.70060000
vn -0.08780000 0.71020000 -0.69850000
vn -0.31140000 0.92790000 -0.20490000
vn -0.26600000 0.88150000 -0.39010000
vn -0.24630000 0.88970000 -0.38440000
vn -0.40370000 0.89930000 0.16800000
vn -0.39350000 0.91890000 -0.02720000
vn -0.36440000 0.93110000 -0.01880000
vn -0.46210000 0.81960000 0.33870000
vn -0.42790000 0.83390000 0.34870000
vn -0.45720000 0.72850000 0.51010000
vn -0.51220000 0.70360000 0.49260000
vn -0.56510000 0.67580000 0.47320000
vn -0.61580000 0.64540000 0.45190000
vn -0.66400000 0.61250000 0.42880000
vn -0.70970000 0.57710000 0.40410000
vn -0.75250000 0.53950000 0.37770000
vn -0.79240000 0.49970000 0.34980000
vn -0.82910000 0.45800000 0.32060000
vn -0.86260000 0.41440000 0.29010000
vn -0.89270000 0.36920000 0.25840000
vn -0.91920000 0.32260000 0.22580000
vn -0.94210000 0.27470000 0.19230000
vn -0.96130000 0.22570000 0.15800000
vn -0.97670000 0.17580000 0.12300000
vn -0.98830000 0.12520000 0.08760000
vn -0.99590000 0.07410000 0.05190000
vn -0.99960000 0.02280000 0.01580000
vn -0.99940000 -0.02870000 -0.02010000
vn -0.99520000 -0.08000000 -0.05610000
vn -0.98710000 -0.13110000 -0.09180000
vn -0.97510000 -0.18160000 -0.12720000
vn -0.95930000 -0.23140000 -0.16210000
vn -0.93960000 -0.28030000 -0.19630000
vn -0.91630000 -0.32810000 -0.22980000
vn -0.88930000 -0.37450000 -0.26240000
vn -0.85890000 -0.41950000 -0.29390000
vn -0.82500000 -0.46290000 -0.32420000
vn -0.78790000 -0.50440000 -0.35330000
vn -0.74770000 -0.54390000 -0.38090000
vn -0.70450000 -0.58130000 -0.40710000
vn -0.65860000 -0.61640000 -0.43170000
vn -0.61000000 -0.64910000 -0.45450000
vn -0.55900000 -0.67920000 -0.47560000
vn -0.50590000 -0.70660000 -0.49480000
vn -0.45070000 -0.73120000 -0.51210000
vn -0.39380000 -0.75290000 -0.52730000
vn -0.33530000 -0.77170000 -0.54040000
vn -0.27550000 -0.78740000 -0.55150000
vn -0.21460000 -0.80000000 -0.56030000
vn -0.15280000 -0.80950000 -0.56690000
vn -0.09050000 -0.81570000 -0.57130000
vn -0.02780000 -0.81880000 -0.57340000
vn 0.03500000 -0.81860000 -0.57330000
vn 0.09780000 -0.81510000 -0.57090000
vn 0.16010000 -0.80860000 -0.56620000
vn 0.22170000 -0.79870000 -0.55940000
vn 0.28250000 -0.78570000 -0.55030000
vn 0.34220000 -0.76970000 -0.53900000
vn -0.00000000 0.57360000 -0.81920000
vn -0.00000000 0.57350000 -0.81920000
vn -0.00000000 0.57350000 -0.81920000
vn -0.00000000 0.57350000 -0.81920000
vn -0.00000000 0.57350000 -0.81920000
vn -0.00000000 0.57350000 -0.81920000
vn -0.00000000 0.57350000 -0.81920000
vn -0.00000000 0.57350000 -0.81920000
vn -0.00000000 0.57350000 -0.81920000
vn -0.00000000 0.57350000 -0.81920000
vn -0.00000000 0.57350000 -0.81920000
vn -0.00000000 0.57350000 -0.81920000
vn -0.00000000 0.57350000 -0.81920000
vn -0.00000000 0.57360000 -0.81920000
vn -0.00000000 0.57350000 -0.81920000
vn -0.00000000 0.57360000 -0.81920000
vn -0.00010000 0.57350000 -0.81920000
vn -0.00000000 0.57350000 -0.81920000
vn -0.00010000 0.57350000 -0.81920000
vn -0.00000000 0.57350000 -0.81920000
vn -0.00010000 0.57350000 -0.81920000
vn -0.00000000 0.57350000 -0.81920000
vn -0.00000000 0.57360000 -0.81920000
vn -0.00000000 0.57360000 -0.81920000
vn -0.00000000 0.57360000 -0.81920000
vn -0.00010000 0.57360000 -0.81920000
vn -0.00010000 0.57360000 -0.81920000
vn -0.00010000 0.57360000 -0.81920000
vn -0.00000000 0.57360000 -0.81910000
vn -0.00010000 0.57360000 -0.81910000
vn -0.00010000 0.57360000 -0.81920000
vn -0.00010000 0.57360000 -0.81910000
vn -0.00020000 0.57360000 -0.81910000
vn -0.00010000 0.57360000 -0.81910000
vn -0.00000000 0.57360000 -0.81910000
vn -0.00000000 0.57360000 -0.81910000
vn -0.00020000 0.57360000 -0.81910000
vn -0.00000000 0.57360000 -0.81910000
vn -0.00000000 0.57360000 -0.81910000
vn -0.00010000 0.57360000 -0.81910000
vn -0.00000000 0.57360000 -0.81910000
vn -0.00000000 0.57360000 -0.81910000
vn -0.00000000 0.57360000 -0.81910000
vn -0.00000000 0.57360000 -0.81910000
vn -0.00000000 0.57370000 -0.81910000
vn -0.00000000 0.57360000 -0.81910000
vn -0.00000000 0.57370000 -0.81910000
vn -0.00000000 0.57370000 -0.81910000
vn 0.00010000 0.57350000 -0.81920000
vn -0.00020000 0.57350000 -0.81920000
vn -0.00000000 0.57360000 -0.81920000
vn -0.00010000 0.57360000 -0.81910000
vn -0.00010000 0.57360000 -0.81920000
vn -0.00000000 0.57360000 -0.81910000
vn 0.00020000 0.57320000 -0.81940000
vn -0.00000000 0.57360000 -0.81920000
vn -0.00000000 0.57360000 -0.81910000
vn -0.00000000 0.57360000 -0.81910000
vn -0.00010000 0.57370000 -0.81910000
vn 0.00010000 0.57350000 -0.81920000
vn -0.80500000 0.48600000 0.34020000
vn -0.80520000 0.48560000 0.34020000
vn -0.80490000 0.48600000 0.34050000
vn -0.80500000 0.48600000 0.34030000
vn -0.80480000 0.48610000 0.34050000
vn -0.80500000 0.48590000 0.34030000
vn -0.80500000 0.48600000 0.34030000
vn -0.80500000 0.48590000 0.34030000
vn -0.91630000 -0.32810000 -0.22980000
vn -0.91630000 -0.32810000 -0.22970000
vn -0.91630000 -0.32810000 -0.22970000
vn -0.91630000 -0.32800000 -0.22970000
vn -0.91630000 -0.32810000 -0.22970000
vn -0.91630000 -0.32810000 -0.22970000
vn -0.91640000 -0.32790000 -0.22970000
vn -0.91620000 -0.32840000 -0.22970000
vn -0.11130000 -0.81410000 -0.57000000
vn -0.11110000 -0.81410000 -0.57000000
vn -0.11130000 -0.81410000 -0.57000000
vn -0.11130000 -0.81420000 -0.56980000
vn -0.11130000 -0.81410000 -0.56990000
vn -0.11120000 -0.81420000 -0.56980000
vn -0.11140000 -0.81400000 -0.57000000
vn -0.11120000 -0.81420000 -0.56980000
vn -0.11140000 -0.81410000 -0.56990000
vn 0.80490000 -0.48610000 -0.34030000
vn 0.80500000 -0.48590000 -0.34020000
vn 0.80490000 -0.48600000 -0.34040000
vn 0.80490000 -0.48600000 -0.34040000
vn 0.80510000 -0.48580000 -0.34040000
vn 0.80500000 -0.48600000 -0.34030000
vn 0.80490000 -0.48600000 -0.34040000
vn 0.80510000 -0.48600000 -0.34010000
vn 0.80500000 -0.48600000 -0.34030000
vn 0.91630000 0.32810000 0.22970000
vn 0.91630000 0.32810000 0.22970000
vn 0.91630000 0.32800000 0.22960000
vn 0.91620000 0.32820000 0.22980000
vn 0.91630000 0.32800000 0.22970000
vn 0.91630000 0.32810000 0.22970000
vn 0.91630000 0.32800000 0.22970000
vn 0.91620000 0.32820000 0.22980000
vn 0.91620000 0.32820000 0.22980000
vn 0.11130000 0.81410000 0.57000000
vn 0.11140000 0.81420000 0.56980000
vn 0.11120000 0.81420000 0.56990000
vn 0.11130000 0.81410000 0.57000000
vn 0.11140000 0.81410000 0.57000000
vn 0.11130000 0.81410000 0.57000000
vn 0.11160000 0.81410000 0.56990000
vn 0.11130000 0.81410000 0.57000000
vn 0.11130000 0.81410000 0.57000000
vn -0.40050000 0.75060000 0.52560000
vn -0.49540000 0.71150000 0.49830000
vn -0.57940000 0.66760000 0.46750000
vn -0.65760000 0.61710000 0.43210000
vn -0.72930000 0.56040000 0.39240000
vn -0.79350000 0.49850000 0.34900000
vn -0.84870000 0.43330000 0.30340000
vn -0.89580000 0.36410000 0.25480000
vn -0.93470000 0.29120000 0.20390000
vn -0.96470000 0.21580000 0.15110000
vn -0.98570000 0.13820000 0.09680000
vn -0.99740000 0.05950000 0.04160000
vn -0.99970000 -0.01990000 -0.01400000
vn -0.99270000 -0.09910000 -0.06940000
vn -0.97630000 -0.17740000 -0.12410000
vn -0.94890000 -0.25850000 -0.18100000
vn -0.91630000 -0.32810000 -0.22980000
vn -0.86860000 -0.40590000 -0.28420000
vn -0.81500000 -0.47470000 -0.33230000
vn -0.75330000 -0.53870000 -0.37720000
vn -0.68420000 -0.59740000 -0.41830000
vn -0.60870000 -0.65000000 -0.45500000
vn -0.52890000 -0.69520000 -0.48680000
vn -0.44400000 -0.73410000 -0.51380000
vn -0.35550000 -0.76570000 -0.53610000
vn -0.26340000 -0.79020000 -0.55330000
vn -0.16880000 -0.80740000 -0.56530000
vn -0.07260000 -0.81700000 -0.57210000
vn 0.02430000 -0.81890000 -0.57340000
vn 0.12100000 -0.81310000 -0.56940000
vn 0.21640000 -0.79990000 -0.55980000
vn 0.31550000 -0.77730000 -0.54430000
vn 0.40050000 -0.75060000 -0.52560000
vn 0.40050000 -0.75060000 -0.52560000
vn 0.34220000 -0.76970000 -0.53900000
vn 0.28250000 -0.78580000 -0.55020000
vn 0.22170000 -0.79870000 -0.55940000
vn 0.16000000 -0.80860000 -0.56620000
vn 0.09780000 -0.81520000 -0.57080000
vn 0.03510000 -0.81860000 -0.57320000
vn -0.02780000 -0.81880000 -0.57340000
vn -0.09050000 -0.81580000 -0.57120000
vn -0.15280000 -0.80950000 -0.56690000
vn -0.21460000 -0.80010000 -0.56020000
vn -0.27550000 -0.78750000 -0.55140000
vn -0.33530000 -0.77170000 -0.54040000
vn -0.39380000 -0.75300000 -0.52720000
vn -0.45070000 -0.73120000 -0.51200000
vn -0.50590000 -0.70660000 -0.49470000
vn -0.55910000 -0.67920000 -0.47560000
vn -0.61000000 -0.64910000 -0.45450000
vn -0.65860000 -0.61640000 -0.43160000
vn -0.70450000 -0.58130000 -0.40710000
vn -0.74770000 -0.54390000 -0.38090000
vn -0.78790000 -0.50440000 -0.35320000
vn -0.82500000 -0.46290000 -0.32410000
vn -0.85890000 -0.41950000 -0.29380000
vn -0.88930000 -0.37450000 -0.26240000
vn -0.91630000 -0.32810000 -0.22970000
vn -0.93960000 -0.28030000 -0.19630000
vn -0.95930000 -0.23140000 -0.16210000
vn -0.97510000 -0.18160000 -0.12720000
vn -0.98710000 -0.13110000 -0.09180000
vn -0.99520000 -0.08010000 -0.05610000
vn -0.99940000 -0.02860000 -0.02010000
vn -0.99960000 0.02280000 0.01590000
vn -0.99590000 0.07410000 0.05190000
vn -0.98820000 0.12520000 0.08770000
vn -0.97670000 0.17580000 0.12310000
vn -0.96130000 0.22570000 0.15800000
vn -0.94210000 0.27460000 0.19230000
vn -0.91920000 0.32260000 0.22590000
vn -0.89270000 0.36920000 0.25850000
vn -0.86260000 0.41440000 0.29020000
vn -0.82910000 0.45790000 0.32070000
vn -0.79240000 0.49970000 0.34990000
vn -0.75250000 0.53950000 0.37770000
vn -0.70970000 0.57710000 0.40410000
vn -0.66410000 0.61250000 0.42890000
vn -0.61580000 0.64540000 0.45190000
vn -0.56510000 0.67580000 0.47320000
vn -0.51220000 0.70350000 0.49260000
vn -0.45720000 0.72850000 0.51010000
vn 0.31560000 -0.77730000 -0.54430000
vn 0.35840000 -0.76470000 -0.53550000
vn 0.35850000 -0.76470000 -0.53540000
vn 0.35840000 -0.76470000 -0.53550000
vn 0.37960000 -0.75790000 -0.53060000
vn 0.37960000 -0.75780000 -0.53070000
vn 0.31550000 -0.77730000 -0.54430000
vn 0.33710000 -0.77120000 -0.54000000
vn 0.33690000 -0.77120000 -0.54010000
vn 0.21650000 -0.79970000 -0.56000000
vn 0.26640000 -0.78960000 -0.55280000
vn 0.26640000 -0.78960000 -0.55280000
vn 0.26640000 -0.78960000 -0.55280000
vn 0.29110000 -0.78370000 -0.54870000
vn 0.29090000 -0.78380000 -0.54870000
vn 0.21640000 -0.79970000 -0.56000000
vn 0.24150000 -0.79490000 -0.55660000
vn 0.24150000 -0.79490000 -0.55660000
vn 0.12090000 -0.81310000 -0.56940000
vn 0.16890000 -0.80740000 -0.56530000
vn 0.16890000 -0.80740000 -0.56540000
vn 0.16890000 -0.80740000 -0.56530000
vn 0.12090000 -0.81320000 -0.56930000
vn 0.14490000 -0.81050000 -0.56750000
vn 0.14490000 -0.81050000 -0.56760000
vn 0.02430000 -0.81890000 -0.57340000
vn 0.07280000 -0.81700000 -0.57200000
vn 0.07270000 -0.81700000 -0.57210000
vn 0.07270000 -0.81690000 -0.57210000
vn 0.09690000 -0.81530000 -0.57080000
vn 0.09680000 -0.81530000 -0.57090000
vn 0.02430000 -0.81890000 -0.57350000
vn 0.04850000 -0.81820000 -0.57290000
vn 0.04860000 -0.81820000 -0.57280000
vn -0.07260000 -0.81700000 -0.57210000
vn -0.02420000 -0.81890000 -0.57340000
vn -0.02420000 -0.81890000 -0.57340000
vn -0.02420000 -0.81890000 -0.57340000
vn -0.07260000 -0.81700000 -0.57200000
vn -0.04830000 -0.81820000 -0.57290000
vn -0.04840000 -0.81820000 -0.57290000
vn -0.16880000 -0.80740000 -0.56540000
vn -0.12080000 -0.81310000 -0.56950000
vn -0.12080000 -0.81310000 -0.56940000
vn -0.12080000 -0.81320000 -0.56940000
vn -0.09670000 -0.81530000 -0.57090000
vn -0.09690000 -0.81530000 -0.57090000
vn -0.16870000 -0.80740000 -0.56530000
vn -0.14480000 -0.81050000 -0.56750000
vn -0.14460000 -0.81050000 -0.56770000
vn -0.26330000 -0.79020000 -0.55330000
vn -0.21630000 -0.79980000 -0.56000000
vn -0.21640000 -0.79980000 -0.56000000
vn -0.21630000 -0.79970000 -0.56000000
vn -0.19260000 -0.80380000 -0.56280000
vn -0.19270000 -0.80370000 -0.56290000
vn -0.35560000 -0.76560000 -0.53610000
vn -0.30980000 -0.77880000 -0.54540000
vn -0.30980000 -0.77880000 -0.54540000
vn -0.26340000 -0.79020000 -0.55330000
vn -0.30980000 -0.77880000 -0.54540000
vn -0.28670000 -0.78480000 -0.54950000
vn -0.28660000 -0.78480000 -0.54950000
vn -0.35550000 -0.76560000 -0.53610000
vn -0.33290000 -0.77240000 -0.54090000
vn -0.33260000 -0.77250000 -0.54090000
vn -0.44430000 -0.73390000 -0.51380000
vn -0.40040000 -0.75060000 -0.52560000
vn -0.40040000 -0.75060000 -0.52560000
vn -0.40040000 -0.75070000 -0.52550000
vn -0.37800000 -0.75840000 -0.53100000
vn -0.37810000 -0.75840000 -0.53100000
vn -0.52890000 -0.69520000 -0.48680000
vn -0.48720000 -0.71540000 -0.50090000
vn -0.48720000 -0.71540000 -0.50090000
vn -0.44430000 -0.73390000 -0.51390000
vn -0.48730000 -0.71540000 -0.50070000
vn -0.46590000 -0.72480000 -0.50750000
vn -0.46580000 -0.72490000 -0.50750000
vn -0.52890000 -0.69520000 -0.48670000
vn -0.50810000 -0.70560000 -0.49390000
vn -0.50840000 -0.70530000 -0.49400000
vn -0.60860000 -0.65000000 -0.45510000
vn -0.56940000 -0.67340000 -0.47150000
vn -0.56940000 -0.67340000 -0.47150000
vn -0.56940000 -0.67340000 -0.47150000
vn -0.54930000 -0.68450000 -0.47930000
vn -0.54940000 -0.68440000 -0.47930000
vn -0.68420000 -0.59740000 -0.41830000
vn -0.64720000 -0.62450000 -0.43730000
vn -0.64720000 -0.62450000 -0.43730000
vn -0.60860000 -0.65000000 -0.45510000
vn -0.64720000 -0.62450000 -0.43730000
vn -0.62810000 -0.63740000 -0.44630000
vn -0.62800000 -0.63750000 -0.44630000
vn -0.68410000 -0.59740000 -0.41840000
vn -0.66590000 -0.61110000 -0.42790000
vn -0.66580000 -0.61120000 -0.42790000
vn -0.75330000 -0.53870000 -0.37720000
vn -0.71960000 -0.56880000 -0.39820000
vn -0.71960000 -0.56880000 -0.39830000
vn -0.71960000 -0.56870000 -0.39840000
vn -0.70210000 -0.58330000 -0.40840000
vn -0.70200000 -0.58330000 -0.40850000
vn -0.75330000 -0.53870000 -0.37720000
vn -0.73670000 -0.55400000 -0.38780000
vn -0.73670000 -0.55390000 -0.38790000
vn -0.81500000 -0.47460000 -0.33230000
vn -0.78520000 -0.50730000 -0.35520000
vn -0.78510000 -0.50730000 -0.35520000
vn -0.78520000 -0.50730000 -0.35520000
vn -0.81510000 -0.47460000 -0.33230000
vn -0.80030000 -0.49110000 -0.34390000
vn -0.80030000 -0.49120000 -0.34390000
vn -0.86860000 -0.40590000 -0.28420000
vn -0.84280000 -0.44080000 -0.30870000
vn -0.84290000 -0.44080000 -0.30860000
vn -0.84290000 -0.44080000 -0.30860000
vn -0.82920000 -0.45780000 -0.32050000
vn -0.82940000 -0.45760000 -0.32060000
vn -0.86870000 -0.40580000 -0.28420000
vn -0.85600000 -0.42350000 -0.29650000
vn -0.85590000 -0.42360000 -0.29670000
vn -0.91630000 -0.32810000 -0.22970000
vn -0.89370000 -0.36750000 -0.25730000
vn -0.89370000 -0.36750000 -0.25730000
vn -0.89370000 -0.36740000 -0.25730000
vn -0.88150000 -0.38680000 -0.27080000
vn -0.88150000 -0.38680000 -0.27080000
vn -0.91630000 -0.32810000 -0.22970000
vn -0.90530000 -0.34790000 -0.24350000
vn -0.90530000 -0.34790000 -0.24370000
vn -0.94890000 -0.25840000 -0.18100000
vn -0.93360000 -0.29360000 -0.20560000
vn -0.93360000 -0.29360000 -0.20560000
vn -0.93360000 -0.29360000 -0.20560000
vn -0.94890000 -0.25850000 -0.18100000
vn -0.94150000 -0.27620000 -0.19330000
vn -0.94140000 -0.27630000 -0.19330000
vn -0.97630000 -0.17730000 -0.12410000
vn -0.96390000 -0.21820000 -0.15280000
vn -0.96390000 -0.21820000 -0.15280000
vn -0.96390000 -0.21810000 -0.15280000
vn -0.95670000 -0.23840000 -0.16690000
vn -0.95670000 -0.23840000 -0.16700000
vn -0.97630000 -0.17720000 -0.12420000
vn -0.97040000 -0.19800000 -0.13860000
vn -0.97040000 -0.19780000 -0.13860000
vn -0.99270000 -0.09910000 -0.06930000
vn -0.98560000 -0.13840000 -0.09680000
vn -0.98560000 -0.13830000 -0.09690000
vn -0.98560000 -0.13840000 -0.09690000
vn -0.99260000 -0.09910000 -0.06940000
vn -0.98940000 -0.11870000 -0.08310000
vn -0.98940000 -0.11880000 -0.08310000
vn -0.99970000 -0.01990000 -0.01390000
vn -0.99740000 -0.05950000 -0.04170000
vn -0.99740000 -0.05960000 -0.04170000
vn -0.99740000 -0.05950000 -0.04170000
vn -0.99530000 -0.07980000 -0.05580000
vn -0.99530000 -0.07940000 -0.05560000
vn -0.99970000 -0.01990000 -0.01390000
vn -0.99880000 -0.03970000 -0.02780000
vn -0.99880000 -0.03970000 -0.02780000
vn -0.99740000 0.05940000 0.04160000
vn -0.99970000 0.01980000 0.01390000
vn -0.99970000 0.01980000 0.01380000
vn -0.99970000 0.01980000 0.01390000
vn -0.99740000 0.05950000 0.04170000
vn -0.99880000 0.03960000 0.02780000
vn -0.99880000 0.03960000 0.02780000
vn -0.98570000 0.13810000 0.09680000
vn -0.99270000 0.09900000 0.06950000
vn -0.99270000 0.09890000 0.06930000
vn -0.99270000 0.09890000 0.06910000
vn -0.99530000 0.07930000 0.05560000
vn -0.99530000 0.07940000 0.05550000
vn -0.98570000 0.13820000 0.09680000
vn -0.98940000 0.11870000 0.08310000
vn -0.98950000 0.11860000 0.08290000
vn -0.96470000 0.21570000 0.15100000
vn -0.97630000 0.17720000 0.12410000
vn -0.97630000 0.17720000 0.12410000
vn -0.97630000 0.17720000 0.12410000
vn -0.98130000 0.15770000 0.11050000
vn -0.98130000 0.15780000 0.11050000
vn -0.93470000 0.29120000 0.20390000
vn -0.95080000 0.25380000 0.17770000
vn -0.95080000 0.25380000 0.17770000
vn -0.96470000 0.21580000 0.15110000
vn -0.95080000 0.25380000 0.17770000
vn -0.95800000 0.23480000 0.16450000
vn -0.95800000 0.23480000 0.16440000
vn -0.93470000 0.29120000 0.20390000
vn -0.94300000 0.27260000 0.19090000
vn -0.94300000 0.27250000 0.19080000
vn -0.89590000 0.36400000 0.25480000
vn -0.91640000 0.32800000 0.22960000
vn -0.91640000 0.32800000 0.22960000
vn -0.91640000 0.32800000 0.22960000
vn -0.92580000 0.30970000 0.21690000
vn -0.92580000 0.30970000 0.21680000
vn -0.84870000 0.43330000 0.30340000
vn -0.87330000 0.39910000 0.27940000
vn -0.87330000 0.39910000 0.27940000
vn -0.89590000 0.36390000 0.25480000
vn -0.87330000 0.39910000 0.27930000
vn -0.88490000 0.38160000 0.26720000
vn -0.88490000 0.38150000 0.26730000
vn -0.84870000 0.43320000 0.30340000
vn -0.86120000 0.41640000 0.29160000
vn -0.86120000 0.41640000 0.29150000
vn -0.79350000 0.49850000 0.34910000
vn -0.82210000 0.46640000 0.32660000
vn -0.82210000 0.46640000 0.32660000
vn -0.82210000 0.46640000 0.32660000
vn -0.83560000 0.45000000 0.31510000
vn -0.83560000 0.45000000 0.31500000
vn -0.72930000 0.56040000 0.39250000
vn -0.76240000 0.53010000 0.37120000
vn -0.76230000 0.53010000 0.37120000
vn -0.79350000 0.49850000 0.34910000
vn -0.76230000 0.53010000 0.37120000
vn -0.77810000 0.51450000 0.36030000
vn -0.77810000 0.51460000 0.36020000
vn -0.72930000 0.56040000 0.39240000
vn -0.74600000 0.54540000 0.38200000
vn -0.74590000 0.54570000 0.38190000
vn -0.65760000 0.61710000 0.43210000
vn -0.69440000 0.58940000 0.41280000
vn -0.69430000 0.58950000 0.41280000
vn -0.69430000 0.58960000 0.41270000
vn -0.71210000 0.57510000 0.40270000
vn -0.71220000 0.57510000 0.40260000
vn -0.65760000 0.61710000 0.43210000
vn -0.67630000 0.60340000 0.42250000
vn -0.67620000 0.60350000 0.42260000
vn -0.57950000 0.66750000 0.46750000
vn -0.61930000 0.64320000 0.45030000
vn -0.61930000 0.64320000 0.45030000
vn -0.61930000 0.64320000 0.45030000
vn -0.57940000 0.66760000 0.46750000
vn -0.59950000 0.65560000 0.45910000
vn -0.59960000 0.65560000 0.45910000
vn -0.49550000 0.71150000 0.49820000
vn -0.53810000 0.69040000 0.48360000
vn -0.53810000 0.69040000 0.48350000
vn -0.53810000 0.69050000 0.48330000
vn -0.55890000 0.67920000 0.47570000
vn -0.55900000 0.67920000 0.47560000
vn -0.49540000 0.71160000 0.49820000
vn -0.51690000 0.70120000 0.49100000
vn -0.51710000 0.70120000 0.49090000
vn -0.44860000 0.73210000 0.51260000
vn -0.44860000 0.73210000 0.51260000
vn -0.44850000 0.73230000 0.51240000
vn -0.47210000 0.72220000 0.50560000
vn -0.47220000 0.72210000 0.50560000
vn -0.42470000 0.74160000 0.51930000
vn -0.42470000 0.74160000 0.51930000
vn -0.40050000 0.75060000 0.52560000
vn -0.40050000 0.75060000 0.52560000
vn 0.40050000 -0.75060000 -0.52560000
vn 0.40050000 -0.75060000 -0.52560000
vn -0.40050000 0.75060000 0.52560000
vn -0.55350000 0.68220000 0.47770000
vn -0.68970000 0.59310000 0.41530000
vn -0.80500000 0.48600000 0.34030000
vn -0.89580000 0.36410000 0.25490000
vn -0.95940000 0.23110000 0.16190000
vn -0.99380000 0.09120000 0.06380000
vn -0.99800000 -0.05160000 -0.03610000
vn -0.97190000 -0.19280000 -0.13500000
vn -0.91630000 -0.32810000 -0.22970000
vn -0.83280000 -0.45340000 -0.31750000
vn -0.72410000 -0.56500000 -0.39560000
vn -0.59330000 -0.65940000 -0.46170000
vn -0.44450000 -0.73380000 -0.51380000
vn -0.28220000 -0.78590000 -0.55030000
vn -0.11130000 -0.81410000 -0.57000000
vn 0.06300000 -0.81750000 -0.57240000
vn 0.23530000 -0.79610000 -0.55750000
vn -0.00000000 0.57350000 -0.81920000
vn 0.00010000 0.57340000 -0.81930000
vn -0.00000000 0.57360000 -0.81910000
vn -0.00000000 0.57350000 -0.81920000
vn -0.00000000 0.57370000 -0.81910000
vn -0.00000000 0.57370000 -0.81910000
vn 0.00020000 0.57340000 -0.81930000
vn -0.00000000 0.57360000 -0.81910000
vn -0.00000000 0.57360000 -0.81910000
vn 0.00020000 0.57340000 -0.81930000
vn -0.00000000 0.57340000 -0.81920000
vn -0.00000000 0.57370000 -0.81910000
vn -0.00000000 0.57340000 -0.81920000
vn -0.00030000 0.57350000 -0.81920000
vn -0.00010000 0.57360000 -0.81910000
vn -0.00000000 0.57360000 -0.81910000
vn -0.00010000 0.57400000 -0.81890000
vn -0.00010000 0.57370000 -0.81910000
vn 0.00010000 0.57360000 -0.81910000
vn -0.00000000 0.57370000 -0.81910000
vn -0.00000000 0.57360000 -0.81910000
vn -0.00000000 0.57360000 -0.81910000
vn -0.00000000 0.57360000 -0.81910000
vn -0.00000000 0.57360000 -0.81920000
vn -0.00000000 0.57360000 -0.81920000
vn -0.00000000 0.57350000 -0.81920000
vn -0.00000000 0.57360000 -0.81920000
vn -0.00000000 0.57350000 -0.81920000
vn 0.00010000 0.57360000 -0.81920000
vn -0.00000000 0.57360000 -0.81910000
vn -0.00000000 0.57340000 -0.81930000
vn -0.00000000 0.57360000 -0.81910000
vn -0.00000000 0.57360000 -0.81910000
vn -0.00000000 0.57360000 -0.81910000
vn -0.00010000 0.57360000 -0.81910000
vn -0.00000000 0.57360000 -0.81910000
vn -0.00010000 0.57350000 -0.81920000
vn -0.00000000 0.57360000 -0.81910000
vn -0.00000000 0.57360000 -0.81920000
vn -0.00000000 0.57360000 -0.81910000
vn -0.00000000 0.57360000 -0.81910000
vn -0.00000000 0.57360000 -0.81910000
vn -0.00000000 0.57360000 -0.81910000
vn 0.00010000 0.57350000 -0.81920000
vn -0.00000000 0.57360000 -0.81910000
vn -0.00000000 0.57360000 -0.81910000
vn -0.00000000 0.57360000 -0.81920000
vn -0.00000000 0.57360000 -0.81910000
vn -0.00000000 0.57360000 -0.81910000
vn -0.00000000 0.57360000 -0.81910000
vn -0.00010000 0.57360000 -0.81920000
vn -0.00000000 0.57360000 -0.81910000
vn -0.00020000 0.57350000 -0.81920000
vn -0.00000000 0.57360000 -0.81920000
vn -0.00000000 0.57360000 -0.81910000
vn 0.00010000 0.57360000 -0.81910000
vn -0.00000000 0.57360000 -0.81910000
vn -0.00000000 0.57360000 -0.81910000
vn -0.00000000 0.57360000 -0.81910000
vn -0.00000000 0.57350000 -0.81920000
vn -0.00000000 0.57360000 -0.81920000
vn -0.00000000 0.57360000 -0.81910000
vn -0.00000000 0.57360000 -0.81920000
vn -0.00000000 0.57360000 -0.81920000
vn -0.00010000 0.57400000 -0.81890000
vn -0.00040000 0.57370000 -0.81910000
vn -0.00000000 0.57360000 -0.81920000
vn -0.00000000 0.57370000 -0.81910000
vn -0.00000000 0.57360000 -0.81910000
vn -0.00000000 0.57360000 -0.81920000
vn 0.00010000 0.57360000 -0.81920000
vn 0.00020000 0.57380000 -0.81900000
vn 0.00010000 0.57340000 -0.81930000
vn -0.00000000 0.57350000 -0.81920000
vn 0.00010000 0.57330000 -0.81940000
vn -0.00010000 0.57340000 -0.81930000
vn -0.00000000 0.57350000 -0.81920000
vn 0.00030000 0.57350000 -0.81920000
vn -0.00000000 0.57360000 -0.81910000
vn -0.00010000 0.57350000 -0.81920000
vn -0.00010000 0.57360000 -0.81910000
vn 0.00010000 0.57350000 -0.81920000
vn -0.00010000 0.57350000 -0.81920000
vn -0.00000000 0.57370000 -0.81910000
vn -0.00000000 0.57360000 -0.81920000
vn -0.00010000 0.57360000 -0.81910000
vn 0.00010000 0.57360000 -0.81910000
vn -0.00010000 0.57370000 -0.81900000
vn -0.00000000 0.57350000 -0.81920000
vn 0.00010000 0.57350000 -0.81920000
vn -0.00020000 0.57350000 -0.81920000
vn -0.00000000 0.57360000 -0.81910000
vn 0.00010000 0.57350000 -0.81920000
vn -0.00000000 0.57330000 -0.81930000
vn -0.00000000 0.57350000 -0.81920000
vn 0.00010000 0.57360000 -0.81910000
vn -0.00000000 0.57360000 -0.81920000
vn -0.00000000 0.57350000 -0.81920000
vn -0.00000000 0.57360000 -0.81920000
vn -0.00020000 0.57350000 -0.81920000
vn -0.00030000 0.57370000 -0.81910000
vn 0.00010000 0.57350000 -0.81920000
vn -0.00000000 0.57330000 -0.81930000
vn -0.00000000 0.57360000 -0.81920000
vn -0.00000000 0.57360000 -0.81920000
vn -0.00000000 0.57360000 -0.81920000
vn -0.00000000 0.57360000 -0.81910000
vn -0.00000000 0.57360000 -0.81920000
vn -0.00000000 0.57360000 -0.81910000
vn -0.00000000 0.57360000 -0.81920000
vn -0.00000000 0.57360000 -0.81910000
vn -0.00000000 0.57360000 -0.81920000
vn -0.00000000 0.57360000 -0.81910000
vn -0.00000000 0.57360000 -0.81910000
vn -0.00000000 0.57360000 -0.81920000
vn -0.00010000 0.57370000 -0.81900000
vn -0.00000000 0.57350000 -0.81920000
vn -0.00000000 0.57340000 -0.81930000
vn 0.00010000 0.57350000 -0.81920000
vn -0.00000000 0.57360000 -0.81920000
vn -0.00000000 0.57360000 -0.81920000
vn -0.00000000 0.57360000 -0.81910000
vn -0.00000000 0.57360000 -0.81910000
vn -0.00000000 0.57360000 -0.81910000
vn -0.00000000 0.57360000 -0.81920000
vn -0.00000000 0.57360000 -0.81920000
vn -0.00000000 0.57350000 -0.81920000
vn -0.00000000 0.57350000 -0.81920000
vn -0.00000000 0.57360000 -0.81920000
vn -0.00000000 0.57360000 -0.81910000
vn -0.00000000 0.57360000 -0.81910000
vn -0.00000000 0.57360000 -0.81920000
vn -0.00000000 0.57360000 -0.81910000
vn -0.00010000 0.57360000 -0.81910000
vn -0.00000000 0.57360000 -0.81920000
vn -0.00000000 0.57360000 -0.81920000
vn -0.00000000 0.57360000 -0.81910000
vn -0.00010000 0.57360000 -0.81920000
vn -0.00000000 0.57360000 -0.81910000
vn -0.00010000 0.57360000 -0.81920000
vn -0.00000000 0.57360000 -0.81910000
vn -0.00000000 0.57360000 -0.81910000
vn 0.00010000 0.57360000 -0.81910000
vn -0.00000000 0.57360000 -0.81910000
vn -0.00000000 0.57360000 -0.81910000
vn -0.00010000 0.57360000 -0.81920000
vn -0.00000000 0.57350000 -0.81920000
vn -0.00000000 0.57360000 -0.81910000
vn -0.00000000 0.57360000 -0.81910000
vn -0.00000000 0.57360000 -0.81920000
vn -0.00000000 0.57360000 -0.81920000
vn 0.00020000 0.57380000 -0.81900000
vn -0.00000000 0.57360000 -0.81920000
vn -0.00020000 0.57380000 -0.81900000
vn -0.00000000 0.57350000 -0.81920000
vn -0.00000000 0.57360000 -0.81910000
vn -0.00000000 0.57360000 -0.81910000
vn -0.00010000 0.57340000 -0.81930000
vn 0.00010000 0.57330000 -0.81940000
vn 0.00010000 0.57370000 -0.81910000
vn -0.00000000 0.57360000 -0.81910000
vn -0.00020000 0.57360000 -0.81910000
vn -0.00010000 0.57350000 -0.81920000
vn -0.00010000 0.57350000 -0.81920000
vn -0.00010000 0.57360000 -0.81910000
vn -0.00010000 0.57350000 -0.81920000
vn 0.49280000 -0.71280000 -0.49910000
vn 0.57460000 -0.67050000 -0.46940000
vn 0.65080000 -0.62200000 -0.43550000
vn 0.72100000 -0.56760000 -0.39740000
vn 0.78270000 -0.50980000 -0.35700000
vn 0.83920000 -0.44550000 -0.31190000
vn 0.88660000 -0.37880000 -0.26540000
vn 0.92610000 -0.30920000 -0.21640000
vn 0.95740000 -0.23660000 -0.16560000
vn 0.98030000 -0.16190000 -0.11340000
vn 0.99450000 -0.08580000 -0.06000000
vn 0.99990000 -0.00900000 -0.00630000
vn 0.99660000 0.06800000 0.04760000
vn 0.98440000 0.14430000 0.10100000
vn 0.96220000 0.22310000 0.15620000
vn 0.93050000 0.30010000 0.21000000
vn 0.89430000 0.36660000 0.25670000
vn 0.84530000 0.43770000 0.30640000
vn 0.78980000 0.50240000 0.35180000
vn 0.72690000 0.56240000 0.39400000
vn 0.65730000 0.61730000 0.43230000
vn 0.58260000 0.66570000 0.46620000
vn 0.50380000 0.70760000 0.49550000
vn 0.42040000 0.74320000 0.52050000
vn 0.33340000 0.77230000 0.54070000
vn 0.24350000 0.79450000 0.55630000
vn 0.15140000 0.80960000 0.56710000
vn 0.05790000 0.81780000 0.57260000
vn -0.03600000 0.81860000 0.57330000
vn -0.12970000 0.81220000 0.56880000
vn -0.22220000 0.79870000 0.55920000
vn -0.31830000 0.77650000 0.54380000
vn -0.40050000 0.75060000 0.52560000
vn -0.40050000 0.75060000 0.52560000
vn -0.40050000 0.75060000 0.52560000
vn 0.40050000 -0.75060000 -0.52560000
vn 0.40050000 -0.75060000 -0.52560000
vn 0.40050000 -0.75060000 -0.52560000
vn -0.40050000 0.75060000 0.52560000
vn -0.34220000 0.76970000 0.53900000
vn -0.28250000 0.78570000 0.55030000
vn -0.22170000 0.79880000 0.55930000
vn -0.16000000 0.80860000 0.56620000
vn -0.09780000 0.81520000 0.57080000
vn -0.03510000 0.81870000 0.57320000
vn 0.02780000 0.81880000 0.57340000
vn 0.09040000 0.81580000 0.57120000
vn 0.15280000 0.80960000 0.56680000
vn 0.21460000 0.80010000 0.56020000
vn 0.27550000 0.78750000 0.55140000
vn 0.33530000 0.77180000 0.54030000
vn 0.39380000 0.75300000 0.52720000
vn 0.45070000 0.73120000 0.51200000
vn 0.50590000 0.70660000 0.49470000
vn 0.55910000 0.67920000 0.47560000
vn 0.61000000 0.64910000 0.45450000
vn 0.65850000 0.61650000 0.43160000
vn 0.70450000 0.58130000 0.40710000
vn 0.74770000 0.54390000 0.38090000
vn 0.78790000 0.50440000 0.35320000
vn 0.82500000 0.46290000 0.32410000
vn 0.85890000 0.41960000 0.29380000
vn 0.88930000 0.37460000 0.26220000
vn 0.91630000 0.32810000 0.22970000
vn 0.93960000 0.28030000 0.19630000
vn 0.95930000 0.23140000 0.16200000
vn 0.97510000 0.18160000 0.12720000
vn 0.98710000 0.13110000 0.09180000
vn 0.99520000 0.08010000 0.05610000
vn 0.99940000 0.02880000 0.02000000
vn 0.99960000 -0.02270000 -0.01590000
vn 0.99590000 -0.07410000 -0.05190000
vn 0.98830000 -0.12520000 -0.08760000
vn 0.97670000 -0.17580000 -0.12300000
vn 0.96130000 -0.22570000 -0.15800000
vn 0.94210000 -0.27460000 -0.19230000
vn 0.91920000 -0.32260000 -0.22590000
vn 0.89270000 -0.36920000 -0.25850000
vn 0.86260000 -0.41440000 -0.29020000
vn 0.82910000 -0.45790000 -0.32070000
vn 0.79240000 -0.49970000 -0.34990000
vn 0.75250000 -0.53950000 -0.37770000
vn 0.70970000 -0.57710000 -0.40410000
vn 0.66410000 -0.61250000 -0.42880000
vn 0.61580000 -0.64540000 -0.45190000
vn 0.56510000 -0.67580000 -0.47320000
vn 0.51220000 -0.70350000 -0.49260000
vn 0.45720000 -0.72850000 -0.51010000
vn -0.31820000 0.77660000 0.54380000
vn -0.35970000 0.76430000 0.53520000
vn -0.35980000 0.76430000 0.53520000
vn -0.35970000 0.76430000 0.53520000
vn -0.38030000 0.75760000 0.53060000
vn -0.38020000 0.75770000 0.53050000
vn -0.31830000 0.77650000 0.54380000
vn -0.33910000 0.77060000 0.53960000
vn -0.33900000 0.77070000 0.53960000
vn -0.22220000 0.79870000 0.55920000
vn -0.27060000 0.78860000 0.55220000
vn -0.27060000 0.78860000 0.55220000
vn -0.27060000 0.78860000 0.55220000
vn -0.29450000 0.78280000 0.54820000
vn -0.29460000 0.78280000 0.54810000
vn -0.12960000 0.81230000 0.56870000
vn -0.17610000 0.80630000 0.56460000
vn -0.17610000 0.80630000 0.56460000
vn -0.22220000 0.79870000 0.55920000
vn -0.17620000 0.80640000 0.56450000
vn -0.19910000 0.80260000 0.56240000
vn -0.19920000 0.80280000 0.56200000
vn -0.12970000 0.81220000 0.56880000
vn -0.15300000 0.80950000 0.56680000
vn -0.15320000 0.80940000 0.56690000
vn -0.03600000 0.81860000 0.57320000
vn -0.08300000 0.81630000 0.57160000
vn -0.08300000 0.81630000 0.57160000
vn -0.08300000 0.81630000 0.57160000
vn -0.10630000 0.81450000 0.57040000
vn -0.10630000 0.81450000 0.57030000
vn 0.05790000 0.81780000 0.57260000
vn 0.01100000 0.81910000 0.57350000
vn 0.01100000 0.81920000 0.57350000
vn -0.03610000 0.81860000 0.57320000
vn 0.01100000 0.81910000 0.57360000
vn -0.01250000 0.81910000 0.57360000
vn -0.01250000 0.81910000 0.57350000
vn 0.05790000 0.81790000 0.57250000
vn 0.03440000 0.81860000 0.57330000
vn 0.03460000 0.81870000 0.57320000
vn 0.15140000 0.80970000 0.56700000
vn 0.10480000 0.81480000 0.57020000
vn 0.10470000 0.81460000 0.57040000
vn 0.10480000 0.81460000 0.57040000
vn 0.08140000 0.81640000 0.57170000
vn 0.08140000 0.81640000 0.57170000
vn 0.24350000 0.79450000 0.55630000
vn 0.19760000 0.80300000 0.56230000
vn 0.19760000 0.80300000 0.56230000
vn 0.15140000 0.80970000 0.56700000
vn 0.19760000 0.80300000 0.56220000
vn 0.17450000 0.80660000 0.56480000
vn 0.17420000 0.80680000 0.56460000
vn 0.24350000 0.79450000 0.55630000
vn 0.22060000 0.79890000 0.55950000
vn 0.22080000 0.79900000 0.55930000
vn 0.33350000 0.77230000 0.54070000
vn 0.28880000 0.78420000 0.54920000
vn 0.28880000 0.78430000 0.54910000
vn 0.28880000 0.78420000 0.54910000
vn 0.26620000 0.78960000 0.55290000
vn 0.26620000 0.78960000 0.55290000
vn 0.42050000 0.74320000 0.52040000
vn 0.37740000 0.75860000 0.53120000
vn 0.37740000 0.75860000 0.53120000
vn 0.33350000 0.77230000 0.54070000
vn 0.37730000 0.75860000 0.53110000
vn 0.35560000 0.76560000 0.53610000
vn 0.35550000 0.76570000 0.53610000
vn 0.42040000 0.74320000 0.52050000
vn 0.39910000 0.75110000 0.52590000
vn 0.39920000 0.75110000 0.52580000
vn 0.50380000 0.70760000 0.49550000
vn 0.46260000 0.72620000 0.50850000
vn 0.46260000 0.72620000 0.50850000
vn 0.46260000 0.72620000 0.50850000
vn 0.44160000 0.73490000 0.51460000
vn 0.44180000 0.73490000 0.51460000
vn 0.58270000 0.66570000 0.46620000
vn 0.54380000 0.68740000 0.48140000
vn 0.54380000 0.68740000 0.48140000
vn 0.50380000 0.70760000 0.49550000
vn 0.54380000 0.68750000 0.48130000
vn 0.52410000 0.69770000 0.48830000
vn 0.52400000 0.69770000 0.48850000
vn 0.58260000 0.66580000 0.46610000
vn 0.56340000 0.67670000 0.47390000
vn 0.56350000 0.67670000 0.47380000
vn 0.65730000 0.61730000 0.43230000
vn 0.62060000 0.64230000 0.44970000
vn 0.62070000 0.64230000 0.44970000
vn 0.62070000 0.64230000 0.44970000
vn 0.60180000 0.65420000 0.45810000
vn 0.60160000 0.65440000 0.45800000
vn 0.72670000 0.56270000 0.39410000
vn 0.69290000 0.59060000 0.41360000
vn 0.69290000 0.59060000 0.41360000
vn 0.65730000 0.61730000 0.43230000
vn 0.69290000 0.59070000 0.41350000
vn 0.67530000 0.60410000 0.42310000
vn 0.67530000 0.60420000 0.42300000
vn 0.72690000 0.56260000 0.39380000
vn 0.71010000 0.57670000 0.40390000
vn 0.71010000 0.57680000 0.40390000
vn 0.78980000 0.50240000 0.35180000
vn 0.75930000 0.53310000 0.37330000
vn 0.75930000 0.53310000 0.37330000
vn 0.75920000 0.53310000 0.37330000
vn 0.74330000 0.54790000 0.38370000
vn 0.74320000 0.54810000 0.38370000
vn 0.78980000 0.50240000 0.35180000
vn 0.77480000 0.51780000 0.36270000
vn 0.77480000 0.51780000 0.36270000
vn 0.84530000 0.43760000 0.30660000
vn 0.81860000 0.47050000 0.32950000
vn 0.81850000 0.47060000 0.32950000
vn 0.81850000 0.47060000 0.32950000
vn 0.84520000 0.43770000 0.30660000
vn 0.83220000 0.45420000 0.31810000
vn 0.83220000 0.45420000 0.31790000
vn 0.89430000 0.36660000 0.25670000
vn 0.87090000 0.40260000 0.28190000
vn 0.87080000 0.40270000 0.28190000
vn 0.87090000 0.40270000 0.28190000
vn 0.85830000 0.42030000 0.29430000
vn 0.85830000 0.42030000 0.29430000
vn 0.89430000 0.36660000 0.25670000
vn 0.88280000 0.38480000 0.26950000
vn 0.88270000 0.38490000 0.26950000
vn 0.93050000 0.29990000 0.21010000
vn 0.91330000 0.33370000 0.23350000
vn 0.91330000 0.33370000 0.23370000
vn 0.91330000 0.33370000 0.23360000
vn 0.93050000 0.30010000 0.21010000
vn 0.92210000 0.31690000 0.22190000
vn 0.92210000 0.31690000 0.22180000
vn 0.96220000 0.22310000 0.15620000
vn 0.94750000 0.26190000 0.18340000
vn 0.94750000 0.26190000 0.18340000
vn 0.94750000 0.26190000 0.18340000
vn 0.93930000 0.28110000 0.19690000
vn 0.93930000 0.28100000 0.19680000
vn 0.96220000 0.22310000 0.15620000
vn 0.95510000 0.24260000 0.16990000
vn 0.95510000 0.24250000 0.16990000
vn 0.98430000 0.14450000 0.10120000
vn 0.97450000 0.18380000 0.12870000
vn 0.97450000 0.18390000 0.12880000
vn 0.97450000 0.18390000 0.12880000
vn 0.98440000 0.14430000 0.10100000
vn 0.97970000 0.16420000 0.11490000
vn 0.97970000 0.16420000 0.11490000
vn 0.99650000 0.06800000 0.04760000
vn 0.99150000 0.10630000 0.07440000
vn 0.99160000 0.10620000 0.07440000
vn 0.99160000 0.10620000 0.07440000
vn 0.98820000 0.12530000 0.08780000
vn 0.98830000 0.12520000 0.08750000
vn 0.99660000 0.06790000 0.04760000
vn 0.99430000 0.08710000 0.06100000
vn 0.99430000 0.08710000 0.06100000
vn 0.99990000 -0.00900000 -0.00630000
vn 0.99940000 0.02950000 0.02070000
vn 0.99940000 0.02950000 0.02070000
vn 0.99930000 0.02960000 0.02070000
vn 0.99990000 -0.00900000 -0.00630000
vn 0.99990000 0.01030000 0.00720000
vn 0.99990000 0.01030000 0.00720000
vn 0.99450000 -0.08580000 -0.06010000
vn 0.99830000 -0.04740000 -0.03320000
vn 0.99830000 -0.04740000 -0.03320000
vn 0.99830000 -0.04750000 -0.03310000
vn 0.99940000 -0.02820000 -0.01970000
vn 0.99940000 -0.02830000 -0.01990000
vn 0.99450000 -0.08580000 -0.06010000
vn 0.99670000 -0.06670000 -0.04670000
vn 0.99670000 -0.06680000 -0.04670000
vn 0.98030000 -0.16190000 -0.11340000
vn 0.98850000 -0.12410000 -0.08670000
vn 0.98850000 -0.12400000 -0.08680000
vn 0.98850000 -0.12400000 -0.08680000
vn 0.98030000 -0.16190000 -0.11340000
vn 0.98460000 -0.14300000 -0.10010000
vn 0.98460000 -0.14300000 -0.10020000
vn 0.95740000 -0.23660000 -0.16560000
vn 0.96990000 -0.19940000 -0.13960000
vn 0.96990000 -0.19940000 -0.13960000
vn 0.96990000 -0.19940000 -0.13980000
vn 0.97530000 -0.18080000 -0.12650000
vn 0.97530000 -0.18080000 -0.12670000
vn 0.95740000 -0.23650000 -0.16560000
vn 0.96390000 -0.21810000 -0.15270000
vn 0.96400000 -0.21770000 -0.15270000
vn 0.92610000 -0.30910000 -0.21650000
vn 0.94280000 -0.27320000 -0.19130000
vn 0.94280000 -0.27310000 -0.19120000
vn 0.94280000 -0.27310000 -0.19130000
vn 0.92610000 -0.30910000 -0.21640000
vn 0.93470000 -0.29120000 -0.20390000
vn 0.93470000 -0.29120000 -0.20390000
vn 0.88650000 -0.37900000 -0.26540000
vn 0.90730000 -0.34450000 -0.24100000
vn 0.90730000 -0.34440000 -0.24120000
vn 0.90730000 -0.34440000 -0.24120000
vn 0.91690000 -0.32690000 -0.22890000
vn 0.91690000 -0.32690000 -0.22900000
vn 0.88650000 -0.37900000 -0.26540000
vn 0.89720000 -0.36180000 -0.25330000
vn 0.89720000 -0.36180000 -0.25330000
vn 0.83910000 -0.44560000 -0.31200000
vn 0.86380000 -0.41270000 -0.28890000
vn 0.86380000 -0.41270000 -0.28890000
vn 0.86380000 -0.41270000 -0.28900000
vn 0.83920000 -0.44540000 -0.31200000
vn 0.85180000 -0.42920000 -0.30050000
vn 0.85170000 -0.42920000 -0.30060000
vn 0.78270000 -0.50980000 -0.35700000
vn 0.81190000 -0.47820000 -0.33480000
vn 0.81190000 -0.47820000 -0.33480000
vn 0.81190000 -0.47830000 -0.33470000
vn 0.82580000 -0.46190000 -0.32350000
vn 0.82570000 -0.46220000 -0.32350000
vn 0.78270000 -0.50980000 -0.35700000
vn 0.79750000 -0.49420000 -0.34600000
vn 0.79750000 -0.49420000 -0.34600000
vn 0.72110000 -0.56750000 -0.39740000
vn 0.75270000 -0.53930000 -0.37760000
vn 0.75270000 -0.53930000 -0.37760000
vn 0.75270000 -0.53930000 -0.37760000
vn 0.72100000 -0.56770000 -0.39740000
vn 0.73690000 -0.55370000 -0.38770000
vn 0.73710000 -0.55360000 -0.38760000
vn 0.65080000 -0.62190000 -0.43550000
vn 0.68650000 -0.59580000 -0.41680000
vn 0.68660000 -0.59550000 -0.41700000
vn 0.68680000 -0.59540000 -0.41690000
vn 0.70410000 -0.58170000 -0.40730000
vn 0.70390000 -0.58170000 -0.40750000
vn 0.65080000 -0.62190000 -0.43550000
vn 0.66890000 -0.60890000 -0.42630000
vn 0.66910000 -0.60870000 -0.42640000
vn 0.57450000 -0.67040000 -0.46950000
vn 0.61330000 -0.64700000 -0.45300000
vn 0.61340000 -0.64700000 -0.45300000
vn 0.61340000 -0.64700000 -0.45300000
vn 0.63230000 -0.63470000 -0.44440000
vn 0.63230000 -0.63460000 -0.44440000
vn 0.49280000 -0.71280000 -0.49910000
vn 0.53430000 -0.69240000 -0.48490000
vn 0.53430000 -0.69240000 -0.48490000
vn 0.57450000 -0.67050000 -0.46950000
vn 0.53430000 -0.69240000 -0.48490000
vn 0.55450000 -0.68170000 -0.47730000
vn 0.55460000 -0.68170000 -0.47720000
vn 0.49280000 -0.71280000 -0.49910000
vn 0.51380000 -0.70280000 -0.49210000
vn 0.51370000 -0.70280000 -0.49210000
vn 0.44730000 -0.73270000 -0.51300000
vn 0.44730000 -0.73270000 -0.51300000
vn 0.44730000 -0.73260000 -0.51300000
vn 0.47020000 -0.72300000 -0.50620000
vn 0.47020000 -0.72300000 -0.50620000
vn 0.42400000 -0.74200000 -0.51930000
vn 0.42410000 -0.74180000 -0.51960000
vn 0.40050000 -0.75060000 -0.52560000
vn 0.55350000 -0.68220000 -0.47770000
vn 0.68970000 -0.59310000 -0.41530000
vn 0.80500000 -0.48600000 -0.34030000
vn 0.89580000 -0.36410000 -0.25490000
vn 0.95940000 -0.23120000 -0.16180000
vn 0.99380000 -0.09120000 -0.06380000
vn 0.99800000 0.05160000 0.03610000
vn 0.97190000 0.19280000 0.13500000
vn 0.91630000 0.32810000 0.22970000
vn 0.83280000 0.45340000 0.31750000
vn 0.72410000 0.56500000 0.39560000
vn 0.59330000 0.65940000 0.46170000
vn 0.44450000 0.73380000 0.51380000
vn 0.28220000 0.78590000 0.55030000
vn 0.11130000 0.81410000 0.57000000
vn -0.06300000 0.81750000 0.57240000
vn -0.23530000 0.79620000 0.55750000
vn -0.00000000 0.57360000 -0.81910000
vn -0.40050000 0.75070000 0.52550000
vn -0.12320000 0.83390000 -0.53800000
vn -0.22310000 0.95720000 -0.18440000
vn -0.28930000 0.93720000 0.19470000
vn -0.09110000 0.84130000 -0.53280000
vn -0.16490000 0.97070000 -0.17500000
vn -0.21380000 0.95470000 0.20690000
vn -0.05770000 0.84660000 -0.52910000
vn -0.10450000 0.98020000 -0.16830000
vn -0.13550000 0.96710000 0.21550000
vn -0.02370000 0.84950000 -0.52700000
vn -0.04330000 0.98540000 -0.16470000
vn -0.05610000 0.97380000 0.22030000
vn 0.01010000 0.85000000 -0.52670000
vn 0.01820000 0.98630000 -0.16400000
vn 0.02360000 0.97500000 0.22110000
vn 0.04360000 0.84810000 -0.52810000
vn 0.07890000 0.98290000 -0.16640000
vn 0.10230000 0.97060000 0.21800000
vn 0.07670000 0.84410000 -0.53070000
vn 0.13810000 0.97540000 -0.17160000
vn 0.17900000 0.96090000 0.21120000
vn 0.10840000 0.83770000 -0.53530000
vn 0.19620000 0.96400000 -0.17970000
vn 0.25440000 0.94600000 0.20080000
vn 0.13970000 0.82910000 -0.54130000
vn 0.25300000 0.94850000 -0.19050000
vn 0.32810000 0.92600000 0.18680000
vn 0.17010000 0.81850000 -0.54880000
vn 0.30810000 0.92920000 -0.20400000
vn 0.39940000 0.90100000 0.16930000
vn 0.19930000 0.80560000 -0.55790000
vn 0.36090000 0.90620000 -0.22020000
vn 0.46790000 0.87120000 0.14840000
vn 0.22680000 0.79130000 -0.56790000
vn 0.41130000 0.87970000 -0.23850000
vn 0.53320000 0.83680000 0.12430000
vn 0.25330000 0.77460000 -0.57950000
vn 0.45870000 0.84980000 -0.25960000
vn 0.59470000 0.79810000 0.09720000
vn 0.27760000 0.75640000 -0.59230000
vn 0.50290000 0.81680000 -0.28280000
vn 0.65200000 0.75520000 0.06720000
vn 0.30010000 0.73650000 -0.60620000
vn 0.54360000 0.78080000 -0.30790000
vn 0.70480000 0.70860000 0.03460000
vn 0.32050000 0.71520000 -0.62110000
vn 0.58040000 0.74220000 -0.33490000
vn 0.75260000 0.65850000 -0.00060000
vn 0.33960000 0.69120000 -0.63790000
vn 0.61500000 0.69880000 -0.36530000
vn 0.79730000 0.60230000 -0.03990000
vn 0.35600000 0.66600000 -0.65550000
vn 0.64460000 0.65310000 -0.39730000
vn 0.83570000 0.54310000 -0.08130000
vn 0.36820000 0.64260000 -0.67190000
vn 0.66680000 0.61070000 -0.42700000
vn 0.86450000 0.48810000 -0.11990000
vn 0.37930000 0.61520000 -0.69110000
vn 0.68700000 0.56100000 -0.46180000
vn 0.89070000 0.42360000 -0.16500000
vn 0.38720000 0.58800000 -0.71020000
vn 0.70110000 0.51210000 -0.49610000
vn 0.90910000 0.36010000 -0.20950000
vn 0.39210000 0.56060000 -0.72940000
vn 0.71020000 0.46210000 -0.53110000
vn 0.92080000 0.29540000 -0.25470000
vn 0.39420000 0.53280000 -0.74880000
vn 0.71400000 0.41180000 -0.56630000
vn 0.92560000 0.23020000 -0.30040000
vn 0.39340000 0.50490000 -0.76830000
vn 0.71240000 0.36140000 -0.60160000
vn 0.92360000 0.16490000 -0.34610000
vn 0.38950000 0.47830000 -0.78710000
vn 0.70570000 0.31280000 -0.63570000
vn 0.91500000 0.10160000 -0.39050000
vn 0.38330000 0.45130000 -0.80590000
vn 0.69430000 0.26440000 -0.66940000
vn 0.90000000 0.03920000 -0.43410000
vn 0.37420000 0.42540000 -0.82400000
vn 0.67770000 0.21740000 -0.70240000
vn 0.87870000 -0.02190000 -0.47690000
vn 0.36250000 0.40010000 -0.84170000
vn 0.65650000 0.17150000 -0.73450000
vn 0.85120000 -0.08130000 -0.51850000
vn 0.34820000 0.37570000 -0.85880000
vn 0.63070000 0.12730000 -0.76550000
vn 0.81770000 -0.13870000 -0.55870000
vn 0.33150000 0.35230000 -0.87520000
vn 0.60050000 0.08500000 -0.79510000
vn 0.77850000 -0.19350000 -0.59710000
vn 0.31230000 0.33000000 -0.89080000
vn 0.56600000 0.04500000 -0.82320000
vn 0.73380000 -0.24550000 -0.63350000
vn 0.29130000 0.30940000 -0.90520000
vn 0.52750000 0.00740000 -0.84950000
vn 0.68390000 -0.29420000 -0.66760000
vn 0.26800000 0.29030000 -0.91870000
vn 0.48540000 -0.02740000 -0.87390000
vn 0.62930000 -0.33930000 -0.69920000
vn 0.24280000 0.27270000 -0.93100000
vn 0.43980000 -0.05920000 -0.89610000
vn 0.57020000 -0.38050000 -0.72800000
vn 0.21600000 0.25710000 -0.94190000
vn 0.39120000 -0.08780000 -0.91610000
vn 0.50710000 -0.41760000 -0.75390000
vn 0.18570000 0.24220000 -0.95230000
vn 0.33630000 -0.11440000 -0.93480000
vn 0.43600000 -0.45210000 -0.77820000
vn -0.00000000 0.57350000 -0.81920000
vn 0.15330000 0.24270000 -0.95790000
vn 0.28320000 -0.12520000 -0.95090000
vn 0.37000000 -0.47400000 -0.79900000
vn 0.17200000 0.23640000 -0.95630000
vn 0.09480000 0.41640000 -0.90420000
vn 0.08780000 0.41350000 -0.90630000
vn 0.31140000 -0.12490000 -0.94200000
vn 0.26600000 0.06510000 -0.96180000
vn 0.24630000 0.05690000 -0.96750000
vn 0.40370000 -0.46550000 -0.78760000
vn 0.39350000 -0.28870000 -0.87280000
vn 0.36440000 -0.30080000 -0.88130000
vn 0.46210000 -0.59860000 -0.65430000
vn 0.42790000 -0.61290000 -0.66430000
vn -0.37000000 0.91290000 0.17210000
vn -0.28320000 0.93630000 -0.20760000
vn -0.15330000 0.81720000 -0.55570000
vn -0.30660000 0.87410000 0.37680000
vn -0.33040000 0.92530000 0.18630000
vn -0.35020000 0.86140000 0.36790000
vn -0.26110000 0.96530000 0.00520000
vn -0.25490000 0.94790000 -0.19090000
vn -0.29820000 0.95450000 -0.00240000
vn -0.17650000 0.91290000 -0.36820000
vn -0.14070000 0.82890000 -0.54150000
vn -0.20160000 0.90550000 -0.37330000
vn -0.06280000 0.71850000 -0.69270000
vn -0.07190000 0.71580000 -0.69460000
vn 0.40050000 -0.75050000 -0.52560000
vn 0.45720000 -0.72850000 -0.51010000
vn 0.51220000 -0.70350000 -0.49270000
vn 0.56510000 -0.67580000 -0.47320000
vn 0.61580000 -0.64540000 -0.45200000
vn 0.66400000 -0.61240000 -0.42890000
vn 0.70970000 -0.57710000 -0.40410000
vn 0.75250000 -0.53940000 -0.37780000
vn 0.79240000 -0.49970000 -0.34990000
vn 0.82910000 -0.45790000 -0.32080000
vn 0.86260000 -0.41440000 -0.29020000
vn 0.89270000 -0.36920000 -0.25860000
vn 0.91920000 -0.32260000 -0.22590000
vn 0.94210000 -0.27460000 -0.19250000
vn 0.96130000 -0.22560000 -0.15800000
vn 0.97670000 -0.17570000 -0.12310000
vn 0.98820000 -0.12520000 -0.08770000
vn 0.99590000 -0.07410000 -0.05190000
vn 0.99960000 -0.02270000 -0.01600000
vn 0.99940000 0.02880000 0.02010000
vn 0.99520000 0.08010000 0.05600000
vn 0.98710000 0.13110000 0.09180000
vn 0.97510000 0.18160000 0.12710000
vn 0.95930000 0.23140000 0.16200000
vn 0.93960000 0.28030000 0.19620000
vn 0.91630000 0.32810000 0.22970000
vn 0.88930000 0.37470000 0.26220000
vn 0.85890000 0.41960000 0.29380000
vn 0.82500000 0.46290000 0.32410000
vn 0.78790000 0.50450000 0.35310000
vn 0.74770000 0.54400000 0.38090000
vn 0.70450000 0.58140000 0.40690000
vn 0.65860000 0.61640000 0.43160000
vn 0.61000000 0.64910000 0.45450000
vn 0.55900000 0.67930000 0.47550000
vn 0.50590000 0.70660000 0.49470000
vn 0.45070000 0.73120000 0.51200000
vn 0.39380000 0.75300000 0.52720000
vn 0.33530000 0.77180000 0.54030000
vn 0.27550000 0.78750000 0.55130000
vn 0.21460000 0.80010000 0.56020000
vn 0.15280000 0.80960000 0.56670000
vn 0.09050000 0.81580000 0.57120000
vn 0.02780000 0.81890000 0.57330000
vn -0.03510000 0.81870000 0.57310000
vn -0.09780000 0.81530000 0.57080000
vn -0.16010000 0.80870000 0.56610000
vn -0.22170000 0.79880000 0.55930000
vn -0.28250000 0.78580000 0.55020000
vn -0.34220000 0.76970000 0.53890000
vn -0.00000000 0.57360000 -0.81910000
vn -0.00000000 0.57360000 -0.81910000
vn -0.00000000 0.57370000 -0.81910000
vn -0.00000000 0.57370000 -0.81910000
vn -0.00000000 0.57360000 -0.81910000
vn -0.00000000 0.57370000 -0.81910000
vn -0.00000000 0.57360000 -0.81910000
vn -0.00000000 0.57370000 -0.81910000
vn -0.00000000 0.57370000 -0.81910000
vn -0.00000000 0.57370000 -0.81910000
vn -0.00000000 0.57360000 -0.81910000
vn -0.00000000 0.57370000 -0.81910000
vn -0.00000000 0.57360000 -0.81910000
vn -0.00000000 0.57370000 -0.81910000
vn -0.00000000 0.57370000 -0.81910000
vn -0.00000000 0.57360000 -0.81910000
vn -0.00000000 0.57370000 -0.81910000
vn -0.00000000 0.57360000 -0.81910000
vn -0.00000000 0.57360000 -0.81910000
vn 0.00010000 0.57360000 -0.81910000
vn 0.00010000 0.57360000 -0.81910000
vn 0.00010000 0.57360000 -0.81910000
vn 0.00020000 0.57360000 -0.81910000
vn -0.00000000 0.57360000 -0.81910000
vn -0.00000000 0.57360000 -0.81920000
vn -0.00000000 0.57360000 -0.81920000
vn -0.00000000 0.57360000 -0.81920000
vn -0.00000000 0.57360000 -0.81910000
vn -0.00000000 0.57360000 -0.81920000
vn -0.00000000 0.57360000 -0.81920000
vn -0.00000000 0.57360000 -0.81920000
vn -0.00000000 0.57360000 -0.81920000
vn -0.00000000 0.57360000 -0.81920000
vn 0.00020000 0.57360000 -0.81920000
vn 0.00010000 0.57350000 -0.81920000
vn -0.00000000 0.57350000 -0.81920000
vn -0.00000000 0.57360000 -0.81920000
vn -0.00000000 0.57360000 -0.81920000
vn -0.00000000 0.57350000 -0.81920000
vn -0.00000000 0.57360000 -0.81920000
vn -0.00000000 0.57350000 -0.81920000
vn -0.00000000 0.57360000 -0.81920000
vn -0.00000000 0.57350000 -0.81920000
vn -0.00000000 0.57350000 -0.81920000
vn -0.00000000 0.57350000 -0.81920000
vn -0.00000000 0.57350000 -0.81920000
vn -0.00000000 0.57350000 -0.81920000
vn -0.00000000 -0.57350000 -0.81920000
vn 0.00020000 -0.57350000 -0.81920000
vn -0.00000000 -0.57360000 -0.81910000
vn -0.00000000 -0.57360000 -0.81920000
vn -0.00000000 -0.57360000 -0.81910000
vn -0.00000000 -0.57350000 -0.81920000
vn -0.00000000 -0.57360000 -0.81910000
vn -0.00000000 -0.57360000 -0.81910000
vn -0.00000000 -0.57360000 -0.81910000
vn -0.00000000 -0.57360000 -0.81920000
vn 0.00010000 -0.57350000 -0.81920000
vn -0.00020000 -0.57390000 -0.81890000
vn -0.00010000 -0.57350000 -0.81920000
vn 0.00010000 -0.57360000 -0.81920000
vn -0.00000000 -0.57360000 -0.81920000
vn -0.00000000 -0.57360000 -0.81910000
vn -0.00010000 -0.57360000 -0.81910000
vn -0.00000000 -0.57350000 -0.81920000
vn -0.00000000 -0.57360000 -0.81910000
vn -0.00000000 -0.57360000 -0.81910000
vn -0.00010000 -0.57360000 -0.81910000
vn -0.00000000 -0.57360000 -0.81910000
vn -0.00000000 -0.57360000 -0.81910000
vn -0.00000000 -0.57360000 -0.81910000
vn 0.00020000 -0.57330000 -0.81940000
vn -0.00000000 -0.57370000 -0.81910000
vn -0.00000000 -0.57360000 -0.81920000
vn -0.00000000 -0.57360000 -0.81920000
vn -0.00000000 -0.57360000 -0.81920000
vn -0.00000000 -0.57360000 -0.81910000
vn -0.00000000 -0.57360000 -0.81920000
vn -0.00000000 -0.57360000 -0.81910000
vn -0.00010000 -0.57360000 -0.81910000
vn 0.00020000 -0.57360000 -0.81920000
vn -0.00010000 -0.57360000 -0.81910000
vn -0.00000000 -0.57360000 -0.81920000
vn -0.00000000 -0.57370000 -0.81910000
vn -0.00010000 -0.57360000 -0.81910000
vn -0.00000000 -0.57360000 -0.81920000
vn -0.00000000 -0.57360000 -0.81920000
vn -0.00000000 -0.57360000 -0.81920000
vn -0.00000000 -0.57370000 -0.81900000
vn -0.00000000 -0.57350000 -0.81920000
vn -0.00000000 -0.57340000 -0.81930000
vn -0.00000000 -0.57360000 -0.81910000
vn -0.00000000 -0.57350000 -0.81920000
vn -0.00000000 -0.57360000 -0.81910000
vn -0.00000000 -0.57360000 -0.81920000
vn 0.00020000 -0.57360000 -0.81920000
vn -0.00000000 -0.57360000 -0.81920000
vn -0.00000000 -0.57370000 -0.81910000
vn -0.00000000 -0.57360000 -0.81920000
vn 0.00010000 -0.57370000 -0.81910000
vn -0.00000000 -0.57360000 -0.81920000
vn -0.00000000 -0.57360000 -0.81910000
vn -0.00040000 -0.57370000 -0.81910000
vn 0.00010000 -0.57350000 -0.81920000
vn -0.00000000 -0.57360000 -0.81910000
vn -0.00000000 -0.57360000 -0.81910000
vn -0.00000000 -0.57350000 -0.81920000
vn -0.00000000 -0.57360000 -0.81920000
vn -0.00040000 -0.57360000 -0.81910000
vn -0.00010000 -0.57360000 -0.81910000
vn -0.00010000 -0.57360000 -0.81910000
vn -0.00030000 -0.57380000 -0.81900000
vn -0.00000000 -0.57360000 -0.81920000
vn -0.00000000 -0.57360000 -0.81910000
vn -0.00000000 -0.57360000 -0.81910000
vn 0.00010000 -0.57360000 -0.81910000
vn -0.00000000 -0.57350000 -0.81920000
vn -0.00000000 -0.57360000 -0.81910000
vn 0.00010000 -0.57360000 -0.81910000
vn -0.00000000 -0.57350000 -0.81920000
vn -0.00000000 -0.57360000 -0.81910000
vn -0.00000000 -0.57360000 -0.81910000
vn -0.74880000 -0.54290000 0.38010000
vn -0.31850000 -0.71750000 -0.61950000
vn -0.57690000 -0.74630000 -0.33210000
vn -0.74790000 -0.66380000 0.00320000
vn -0.33710000 -0.69460000 -0.63550000
vn -0.61040000 -0.70500000 -0.36100000
vn -0.79140000 -0.61040000 -0.03420000
vn -0.35340000 -0.67030000 -0.65250000
vn -0.64000000 -0.66090000 -0.39190000
vn -0.82980000 -0.55310000 -0.07430000
vn -0.36720000 -0.64470000 -0.67050000
vn -0.66490000 -0.61480000 -0.42420000
vn -0.86210000 -0.49330000 -0.11620000
vn -0.37810000 -0.61860000 -0.68880000
vn -0.68490000 -0.56710000 -0.45750000
vn -0.88790000 -0.43150000 -0.15950000
vn -0.38630000 -0.59180000 -0.70750000
vn -0.69960000 -0.51880000 -0.49140000
vn -0.90700000 -0.36880000 -0.20340000
vn -0.39170000 -0.56500000 -0.72620000
vn -0.70910000 -0.47040000 -0.52530000
vn -0.91930000 -0.30610000 -0.24730000
vn -0.39370000 -0.53820000 -0.74520000
vn -0.71370000 -0.42150000 -0.55950000
vn -0.92520000 -0.24270000 -0.29160000
vn -0.39380000 -0.51100000 -0.76400000
vn -0.71320000 -0.37250000 -0.59390000
vn -0.92460000 -0.17920000 -0.33610000
vn -0.39080000 -0.48410000 -0.78290000
vn -0.70770000 -0.32360000 -0.62800000
vn -0.91750000 -0.11590000 -0.38050000
vn -0.38520000 -0.45750000 -0.80150000
vn -0.69730000 -0.27540000 -0.66180000
vn -0.90390000 -0.05330000 -0.42430000
vn -0.37650000 -0.43110000 -0.82000000
vn -0.68190000 -0.22800000 -0.69500000
vn -0.88400000 0.00820000 -0.46730000
vn -0.36530000 -0.40580000 -0.83780000
vn -0.66170000 -0.18180000 -0.72740000
vn -0.85800000 0.06800000 -0.50920000
vn -0.35170000 -0.38110000 -0.85500000
vn -0.63700000 -0.13720000 -0.75860000
vn -0.82580000 0.12580000 -0.54970000
vn -0.33570000 -0.35750000 -0.87150000
vn -0.60770000 -0.09440000 -0.78850000
vn -0.78780000 0.18130000 -0.58860000
vn -0.31700000 -0.33510000 -0.88720000
vn -0.57410000 -0.05380000 -0.81700000
vn -0.74440000 0.23400000 -0.62540000
vn -0.29510000 -0.31290000 -0.90280000
vn -0.53440000 -0.01360000 -0.84510000
vn -0.69280000 0.28610000 -0.66190000
vn -0.27080000 -0.29240000 -0.91720000
vn -0.49040000 0.02360000 -0.87120000
vn -0.63580000 0.33430000 -0.69570000
vn -0.24730000 -0.27560000 -0.92890000
vn -0.44800000 0.05390000 -0.89240000
vn -0.58080000 0.37360000 -0.72320000
vn -0.21890000 -0.25850000 -0.94090000
vn -0.39650000 0.08490000 -0.91410000
vn -0.51400000 0.41380000 -0.75140000
vn -0.18970000 -0.24410000 -0.95100000
vn -0.34390000 0.11110000 -0.93240000
vn -0.44580000 0.44770000 -0.77510000
vn -0.15930000 -0.23170000 -0.95970000
vn -0.28870000 0.13330000 -0.94810000
vn -0.37430000 0.47670000 -0.79540000
vn -0.12780000 -0.22160000 -0.96670000
vn -0.23140000 0.15170000 -0.96100000
vn -0.30000000 0.50050000 -0.81210000
vn -0.09510000 -0.21360000 -0.97230000
vn -0.17240000 0.16620000 -0.97090000
vn -0.22350000 0.51900000 -0.82500000
vn -0.06260000 -0.20810000 -0.97610000
vn -0.11370000 0.17590000 -0.97780000
vn -0.14730000 0.53180000 -0.83400000
vn -0.02990000 -0.20500000 -0.97830000
vn -0.05420000 0.18170000 -0.98190000
vn -0.07030000 0.53930000 -0.83920000
vn 0.00310000 -0.20410000 -0.97890000
vn 0.00560000 0.18330000 -0.98300000
vn 0.00730000 0.54140000 -0.84070000
vn 0.03610000 -0.20550000 -0.97800000
vn 0.06540000 0.18090000 -0.98130000
vn 0.08480000 0.53830000 -0.83850000
vn 0.06890000 -0.20910000 -0.97550000
vn 0.12470000 0.17430000 -0.97680000
vn 0.16170000 0.52980000 -0.83260000
vn 0.10110000 -0.21490000 -0.97140000
vn 0.18310000 0.16380000 -0.96930000
vn 0.23740000 0.51610000 -0.82300000
vn 0.13300000 -0.22310000 -0.96570000
vn 0.24030000 0.14930000 -0.95920000
vn 0.31150000 0.49720000 -0.80980000
vn 0.16330000 -0.23320000 -0.95860000
vn 0.29570000 0.13080000 -0.94630000
vn 0.38340000 0.47330000 -0.79310000
vn 0.19280000 -0.24540000 -0.95010000
vn 0.34910000 0.10870000 -0.93070000
vn 0.45270000 0.44460000 -0.77290000
vn 0.22090000 -0.25960000 -0.94010000
vn 0.40010000 0.08290000 -0.91270000
vn 0.51870000 0.41120000 -0.74960000
vn 0.24750000 -0.27570000 -0.92880000
vn 0.44820000 0.05380000 -0.89230000
vn 0.58110000 0.37350000 -0.72310000
vn 0.27390000 -0.29480000 -0.91550000
vn 0.49600000 0.01920000 -0.86810000
vn 0.64310000 0.32860000 -0.69170000
vn 0.74880000 0.54290000 -0.38030000
vn -0.69180000 -0.72110000 0.03780000
vn -0.52950000 -0.78950000 -0.31040000
vn -0.28660000 -0.73770000 -0.61130000
vn -0.79270000 -0.58430000 0.17390000
vn -0.72130000 -0.69220000 0.02310000
vn -0.76460000 -0.61430000 0.19490000
vn -0.67500000 -0.71850000 -0.16760000
vn -0.55640000 -0.76820000 -0.31680000
vn -0.65110000 -0.74410000 -0.14960000
vn -0.45630000 -0.74600000 -0.48500000
vn -0.30700000 -0.72960000 -0.61110000
vn -0.44010000 -0.76330000 -0.47290000
vn -0.16260000 -0.65900000 -0.73430000
vn -0.15670000 -0.66520000 -0.73000000
vn -0.00000000 -0.57350000 -0.81920000
vn 0.28660000 -0.32210000 -0.90230000
vn 0.52950000 -0.02170000 -0.84810000
vn 0.69180000 0.28210000 -0.66470000
vn 0.28480000 -0.30370000 -0.90920000
vn 0.13980000 -0.44330000 -0.88540000
vn 0.14540000 -0.44780000 -0.88220000
vn 0.51580000 0.00300000 -0.85670000
vn 0.39240000 -0.14050000 -0.90900000
vn 0.40790000 -0.15330000 -0.90000000
vn 0.66860000 0.30750000 -0.67710000
vn 0.58040000 0.17720000 -0.79480000
vn 0.60350000 0.15820000 -0.78150000
vn 0.68170000 0.46770000 -0.56270000
vn 0.70880000 0.44540000 -0.54700000
vn 0.70570000 0.58040000 -0.40640000
vn 0.65980000 0.61550000 -0.43110000
vn 0.61130000 0.64820000 -0.45390000
vn 0.56050000 0.67830000 -0.47510000
vn 0.50740000 0.70580000 -0.49430000
vn 0.45220000 0.73060000 -0.51160000
vn 0.39530000 0.75240000 -0.52690000
vn 0.33690000 0.77120000 -0.54010000
vn 0.27710000 0.78700000 -0.55120000
vn 0.21620000 0.79970000 -0.56010000
vn 0.15450000 0.80930000 -0.56670000
vn 0.09210000 0.81560000 -0.57120000
vn 0.02940000 0.81870000 -0.57340000
vn -0.03340000 0.81860000 -0.57330000
vn -0.09610000 0.81530000 -0.57110000
vn -0.15840000 0.80880000 -0.56640000
vn -0.22010000 0.79900000 -0.55960000
vn -0.28090000 0.78610000 -0.55050000
vn -0.34060000 0.77010000 -0.53940000
vn -0.39900000 0.75110000 -0.52600000
vn -0.45570000 0.72910000 -0.51060000
vn -0.51070000 0.70420000 -0.49320000
vn -0.56370000 0.67660000 -0.47380000
vn -0.61450000 0.64630000 -0.45250000
vn -0.66280000 0.61340000 -0.42950000
vn -0.70850000 0.57810000 -0.40480000
vn -0.75140000 0.54050000 -0.37850000
vn -0.79130000 0.50080000 -0.35070000
vn -0.82820000 0.45910000 -0.32150000
vn -0.86180000 0.41560000 -0.29100000
vn -0.89190000 0.37040000 -0.25940000
vn -0.91850000 0.32380000 -0.22680000
vn -0.94160000 0.27590000 -0.19330000
vn -0.96080000 0.22700000 -0.15900000
vn -0.97630000 0.17710000 -0.12420000
vn -0.98800000 0.12650000 -0.08870000
vn -0.99570000 0.07540000 -0.05300000
vn -0.99960000 0.02410000 -0.01690000
vn -0.99940000 -0.02740000 0.01900000
vn -0.99540000 -0.07870000 0.05510000
vn -0.98740000 -0.12980000 0.09080000
vn -0.97550000 -0.18030000 0.12620000
vn -0.95970000 -0.23010000 0.16110000
vn -0.94020000 -0.27900000 0.19530000
vn -0.91700000 -0.32680000 0.22880000
vn -0.89010000 -0.37340000 0.26140000
vn -0.85970000 -0.41840000 0.29290000
vn -0.82600000 -0.46180000 0.32330000
vn -0.78900000 -0.50340000 0.35240000
vn -0.00000000 -0.57360000 -0.81910000
vn -0.00000000 -0.57360000 -0.81920000
vn -0.00010000 -0.57360000 -0.81910000
vn -0.00010000 -0.57360000 -0.81910000
vn -0.00000000 -0.57360000 -0.81920000
vn -0.00020000 -0.57360000 -0.81910000
vn -0.00000000 -0.57360000 -0.81920000
vn -0.00000000 -0.57360000 -0.81920000
vn -0.00000000 -0.57360000 -0.81920000
vn -0.00000000 -0.57360000 -0.81910000
vn -0.00010000 -0.57360000 -0.81920000
vn -0.00010000 -0.57360000 -0.81920000
vn -0.00010000 -0.57360000 -0.81920000
vn -0.00000000 -0.57360000 -0.81920000
vn -0.00000000 -0.57360000 -0.81920000
vn -0.00010000 -0.57360000 -0.81920000
vn -0.00000000 -0.57360000 -0.81920000
vn -0.00000000 -0.57350000 -0.81920000
vn -0.00010000 -0.57350000 -0.81920000
vn -0.00010000 -0.57350000 -0.81920000
vn -0.00000000 -0.57360000 -0.81920000
vn -0.00000000 -0.57350000 -0.81920000
vn -0.00000000 -0.57350000 -0.81920000
vn -0.00000000 -0.57350000 -0.81920000
vn -0.00000000 -0.57350000 -0.81920000
vn -0.00000000 -0.57350000 -0.81920000
vn -0.00000000 -0.57350000 -0.81920000
vn -0.00000000 -0.57350000 -0.81920000
vn -0.00000000 -0.57350000 -0.81920000
vn -0.00000000 -0.57350000 -0.81920000
vn -0.00000000 -0.57350000 -0.81920000
vn -0.00000000 -0.57350000 -0.81920000
vn -0.00000000 -0.57350000 -0.81920000
vn -0.00000000 -0.57350000 -0.81920000
vn -0.00000000 -0.57350000 -0.81920000
vn -0.00000000 -0.57350000 -0.81920000
vn -0.00000000 -0.57350000 -0.81920000
vn -0.00000000 -0.57350000 -0.81920000
vn -0.00000000 -0.57350000 -0.81920000
vn -0.00000000 -0.57350000 -0.81920000
vn -0.00000000 -0.57350000 -0.81920000
vn -0.00000000 -0.57350000 -0.81920000
vn -0.00000000 -0.57350000 -0.81920000
vn -0.00000000 -0.57350000 -0.81920000
vn -0.00000000 -0.57360000 -0.81920000
vn -0.00000000 -0.57350000 -0.81920000
vn -0.00000000 -0.57350000 -0.81920000
vn -0.00000000 -0.57360000 -0.81910000
vn -0.00000000 -0.57360000 -0.81920000
vn -0.00000000 -0.57360000 -0.81910000
vn 0.00010000 -0.57360000 -0.81910000
vn -0.00000000 -0.57360000 -0.81910000
vn -0.00000000 -0.57360000 -0.81910000
vn -0.00000000 -0.57360000 -0.81910000
vn 0.00020000 -0.57350000 -0.81920000
vn -0.00000000 -0.57360000 -0.81910000
vn -0.00010000 -0.57360000 -0.81910000
vn -0.00000000 -0.57360000 -0.81910000
vn 0.00020000 -0.57350000 -0.81920000
vn 0.31710000 0.77680000 -0.54400000
vn 0.31710000 0.77690000 -0.54400000
vn 0.31700000 0.77690000 -0.54410000
vn 0.31710000 0.77690000 -0.54400000
vn 0.31710000 0.77690000 -0.54400000
vn 0.31700000 0.77690000 -0.54400000
vn 0.31710000 0.77690000 -0.54400000
vn 0.31710000 0.77690000 -0.54400000
vn 0.31700000 0.77700000 -0.54390000
vn -0.66280000 0.61350000 -0.42930000
vn -0.66280000 0.61340000 -0.42950000
vn -0.66270000 0.61350000 -0.42950000
vn -0.66280000 0.61340000 -0.42950000
vn -0.66280000 0.61340000 -0.42950000
vn -0.66280000 0.61340000 -0.42950000
vn -0.66280000 0.61340000 -0.42950000
vn -0.66280000 0.61340000 -0.42950000
vn -0.66280000 0.61330000 -0.42970000
vn -0.66280000 0.61340000 -0.42950000
vn -0.97980000 -0.16380000 0.11460000
vn -0.97980000 -0.16380000 0.11470000
vn -0.97990000 -0.16350000 0.11450000
vn -0.97990000 -0.16340000 0.11440000
vn -0.97990000 -0.16350000 0.11450000
vn -0.97990000 -0.16360000 0.11410000
vn -0.97990000 -0.16350000 0.11450000
vn -0.31710000 -0.77680000 0.54410000
vn -0.31710000 -0.77680000 0.54400000
vn -0.31710000 -0.77690000 0.54400000
vn -0.31710000 -0.77690000 0.54390000
vn -0.31710000 -0.77690000 0.54390000
vn -0.31710000 -0.77690000 0.54390000
vn -0.31700000 -0.77690000 0.54390000
vn -0.31710000 -0.77690000 0.54400000
vn 0.66280000 -0.61340000 0.42950000
vn 0.66280000 -0.61330000 0.42960000
vn 0.66290000 -0.61330000 0.42940000
vn 0.66270000 -0.61340000 0.42960000
vn 0.66280000 -0.61330000 0.42950000
vn 0.66280000 -0.61340000 0.42950000
vn 0.66280000 -0.61330000 0.42960000
vn 0.66280000 -0.61340000 0.42940000
vn 0.66280000 -0.61330000 0.42950000
vn 0.97990000 0.16350000 -0.11450000
vn 0.97990000 0.16350000 -0.11450000
vn 0.97990000 0.16340000 -0.11450000
vn 0.97990000 0.16350000 -0.11440000
vn 0.97990000 0.16340000 -0.11450000
vn 0.97990000 0.16340000 -0.11460000
vn 0.97990000 0.16360000 -0.11460000
vn 0.97990000 0.16350000 -0.11460000
vn 0.97990000 0.16340000 -0.11430000
vn 0.67650000 0.60330000 -0.42240000
vn 0.60220000 0.65410000 -0.45780000
vn 0.52240000 0.69850000 -0.48910000
vn 0.43770000 0.73650000 -0.51570000
vn 0.35160000 0.76690000 -0.53690000
vn 0.25950000 0.79110000 -0.55390000
vn 0.16770000 0.80760000 -0.56540000
vn 0.07440000 0.81690000 -0.57200000
vn -0.01950000 0.81900000 -0.57350000
vn -0.11330000 0.81390000 -0.56990000
vn -0.20580000 0.80180000 -0.56100000
vn -0.29700000 0.78220000 -0.54770000
vn -0.38530000 0.75590000 -0.52930000
vn -0.47020000 0.72290000 -0.50620000
vn -0.55500000 0.68140000 -0.47710000
vn -0.63460000 0.63310000 -0.44330000
vn -0.70090000 0.58430000 -0.40910000
vn -0.76830000 0.52440000 -0.36690000
vn -0.82650000 0.46120000 -0.32290000
vn -0.87690000 0.39370000 -0.27570000
vn -0.91920000 0.32260000 -0.22590000
vn -0.95250000 0.24950000 -0.17460000
vn -0.97690000 0.17510000 -0.12270000
vn -0.99260000 0.09930000 -0.06940000
vn -0.99960000 0.02250000 -0.01570000
vn -0.99780000 -0.05440000 0.03820000
vn -0.98710000 -0.13090000 0.09170000
vn -0.96780000 -0.20630000 0.14440000
vn -0.93990000 -0.27980000 0.19580000
vn -0.90360000 -0.35080000 0.24570000
vn -0.85940000 -0.41880000 0.29330000
vn -0.80420000 -0.48680000 0.34090000
vn -0.74880000 -0.54290000 0.38020000
vn -0.78900000 -0.50330000 0.35240000
vn -0.82600000 -0.46180000 0.32340000
vn -0.85970000 -0.41840000 0.29300000
vn -0.89010000 -0.37330000 0.26140000
vn -0.91700000 -0.32680000 0.22880000
vn -0.94020000 -0.27900000 0.19540000
vn -0.95970000 -0.23010000 0.16110000
vn -0.97550000 -0.18030000 0.12620000
vn -0.98740000 -0.12980000 0.09080000
vn -0.99540000 -0.07870000 0.05510000
vn -0.99940000 -0.02730000 0.01920000
vn -0.99960000 0.02410000 -0.01690000
vn -0.99570000 0.07550000 -0.05290000
vn -0.98800000 0.12650000 -0.08860000
vn -0.97630000 0.17710000 -0.12400000
vn -0.96080000 0.22700000 -0.15900000
vn -0.94150000 0.27600000 -0.19320000
vn -0.91850000 0.32380000 -0.22680000
vn -0.89190000 0.37040000 -0.25940000
vn -0.86170000 0.41560000 -0.29100000
vn -0.82820000 0.45900000 -0.32150000
vn -0.79140000 0.50080000 -0.35060000
vn -0.75140000 0.54050000 -0.37850000
vn -0.70850000 0.57810000 -0.40480000
vn -0.66280000 0.61340000 -0.42950000
vn -0.61450000 0.64620000 -0.45250000
vn -0.56370000 0.67660000 -0.47380000
vn -0.51070000 0.70420000 -0.49320000
vn -0.45580000 0.72910000 -0.51050000
vn -0.39900000 0.75110000 -0.52590000
vn -0.34060000 0.77020000 -0.53930000
vn -0.28090000 0.78620000 -0.55050000
vn -0.22010000 0.79910000 -0.55950000
vn -0.15840000 0.80880000 -0.56640000
vn -0.09610000 0.81540000 -0.57090000
vn -0.03340000 0.81870000 -0.57320000
vn 0.02940000 0.81880000 -0.57340000
vn 0.09210000 0.81570000 -0.57110000
vn 0.15450000 0.80930000 -0.56670000
vn 0.21620000 0.79980000 -0.56000000
vn 0.27710000 0.78710000 -0.55110000
vn 0.33690000 0.77130000 -0.54010000
vn 0.39530000 0.75240000 -0.52690000
vn 0.45220000 0.73060000 -0.51160000
vn 0.50730000 0.70590000 -0.49430000
vn 0.56040000 0.67840000 -0.47510000
vn 0.61130000 0.64820000 -0.45390000
vn 0.65980000 0.61550000 -0.43100000
vn 0.70570000 0.58030000 -0.40640000
vn -0.80430000 -0.48680000 0.34080000
vn -0.77730000 -0.51540000 0.36090000
vn -0.77730000 -0.51530000 0.36090000
vn -0.77730000 -0.51530000 0.36080000
vn -0.76320000 -0.52920000 0.37080000
vn -0.76320000 -0.52930000 0.37060000
vn -0.80420000 -0.48680000 0.34090000
vn -0.79090000 -0.50130000 0.35090000
vn -0.79100000 -0.50120000 0.35090000
vn -0.85950000 -0.41870000 0.29320000
vn -0.83290000 -0.45330000 0.31740000
vn -0.83290000 -0.45340000 0.31740000
vn -0.83290000 -0.45330000 0.31740000
vn -0.81880000 -0.47020000 0.32930000
vn -0.81880000 -0.47020000 0.32930000
vn -0.90370000 -0.35080000 0.24560000
vn -0.88250000 -0.38520000 0.26970000
vn -0.88260000 -0.38520000 0.26970000
vn -0.85950000 -0.41870000 0.29320000
vn -0.88260000 -0.38510000 0.26970000
vn -0.87130000 -0.40200000 0.28150000
vn -0.87130000 -0.40210000 0.28140000
vn -0.90370000 -0.35090000 0.24550000
vn -0.89340000 -0.36810000 0.25770000
vn -0.89330000 -0.36810000 0.25780000
vn -0.93990000 -0.27970000 0.19590000
vn -0.92280000 -0.31540000 0.22140000
vn -0.92280000 -0.31560000 0.22100000
vn -0.92280000 -0.31560000 0.22100000
vn -0.91350000 -0.33330000 0.23340000
vn -0.91350000 -0.33310000 0.23340000
vn -0.96780000 -0.20620000 0.14440000
vn -0.95490000 -0.24330000 0.17030000
vn -0.95490000 -0.24330000 0.17030000
vn -0.93990000 -0.27980000 0.19590000
vn -0.95490000 -0.24340000 0.17030000
vn -0.94770000 -0.26150000 0.18310000
vn -0.94770000 -0.26160000 0.18310000
vn -0.96780000 -0.20640000 0.14420000
vn -0.96160000 -0.22480000 0.15740000
vn -0.96160000 -0.22480000 0.15720000
vn -0.98710000 -0.13090000 0.09170000
vn -0.97850000 -0.16880000 0.11820000
vn -0.97850000 -0.16880000 0.11820000
vn -0.97850000 -0.16880000 0.11820000
vn -0.97340000 -0.18760000 0.13140000
vn -0.97350000 -0.18740000 0.13130000
vn -0.99780000 -0.05450000 0.03810000
vn -0.99360000 -0.09280000 0.06500000
vn -0.99360000 -0.09280000 0.06500000
vn -0.98710000 -0.13100000 0.09170000
vn -0.99360000 -0.09270000 0.06500000
vn -0.99060000 -0.11190000 0.07840000
vn -0.99060000 -0.11190000 0.07840000
vn -0.99780000 -0.05440000 0.03810000
vn -0.99600000 -0.07360000 0.05160000
vn -0.99590000 -0.07370000 0.05170000
vn -0.99960000 0.02250000 -0.01570000
vn -0.99980000 -0.01580000 0.01120000
vn -0.99980000 -0.01600000 0.01120000
vn -0.99980000 -0.01600000 0.01120000
vn -0.99910000 -0.03520000 0.02470000
vn -0.99910000 -0.03520000 0.02470000
vn -0.99260000 0.09930000 -0.06950000
vn -0.99720000 0.06100000 -0.04260000
vn -0.99720000 0.06090000 -0.04270000
vn -0.99960000 0.02250000 -0.01580000
vn -0.99720000 0.06100000 -0.04280000
vn -0.99870000 0.04180000 -0.02920000
vn -0.99870000 0.04170000 -0.02930000
vn -0.99260000 0.09920000 -0.06960000
vn -0.99520000 0.08010000 -0.05610000
vn -0.99520000 0.08020000 -0.05620000
vn -0.97690000 0.17520000 -0.12270000
vn -0.98580000 0.13720000 -0.09630000
vn -0.98580000 0.13740000 -0.09620000
vn -0.98580000 0.13740000 -0.09620000
vn -0.98950000 0.11830000 -0.08280000
vn -0.98950000 0.11830000 -0.08290000
vn -0.95250000 0.24960000 -0.17470000
vn -0.96580000 0.21260000 -0.14870000
vn -0.96570000 0.21260000 -0.14880000
vn -0.97690000 0.17510000 -0.12260000
vn -0.96580000 0.21250000 -0.14890000
vn -0.97160000 0.19390000 -0.13570000
vn -0.97160000 0.19390000 -0.13580000
vn -0.95250000 0.24950000 -0.17470000
vn -0.95940000 0.23110000 -0.16180000
vn -0.95940000 0.23110000 -0.16190000
vn -0.91920000 0.32250000 -0.22590000
vn -0.93690000 0.28630000 -0.20050000
vn -0.93690000 0.28640000 -0.20050000
vn -0.93690000 0.28630000 -0.20050000
vn -0.94500000 0.26800000 -0.18760000
vn -0.94510000 0.26770000 -0.18770000
vn -0.87690000 0.39370000 -0.27570000
vn -0.89910000 0.35850000 -0.25110000
vn -0.89910000 0.35860000 -0.25110000
vn -0.91920000 0.32260000 -0.22590000
vn -0.89910000 0.35840000 -0.25110000
vn -0.90950000 0.34060000 -0.23850000
vn -0.90940000 0.34070000 -0.23860000
vn -0.87690000 0.39370000 -0.27570000
vn -0.88810000 0.37650000 -0.26360000
vn -0.88840000 0.37610000 -0.26320000
vn -0.82640000 0.46120000 -0.32290000
vn -0.85270000 0.42800000 -0.29960000
vn -0.85270000 0.42800000 -0.29970000
vn -0.85270000 0.42800000 -0.29970000
vn -0.86500000 0.41100000 -0.28770000
vn -0.86520000 0.41080000 -0.28770000
vn -0.82650000 0.46130000 -0.32280000
vn -0.83990000 0.44470000 -0.31130000
vn -0.83980000 0.44470000 -0.31140000
vn -0.76820000 0.52450000 -0.36720000
vn -0.79830000 0.49340000 -0.34540000
vn -0.79830000 0.49340000 -0.34530000
vn -0.79830000 0.49330000 -0.34540000
vn -0.76830000 0.52420000 -0.36720000
vn -0.78350000 0.50900000 -0.35630000
vn -0.78350000 0.50900000 -0.35650000
vn -0.70080000 0.58430000 -0.40920000
vn -0.73540000 0.55510000 -0.38860000
vn -0.73550000 0.55490000 -0.38870000
vn -0.73520000 0.55530000 -0.38870000
vn -0.75210000 0.53990000 -0.37800000
vn -0.75210000 0.53990000 -0.37800000
vn -0.70080000 0.58440000 -0.40920000
vn -0.71830000 0.56990000 -0.39900000
vn -0.71860000 0.56940000 -0.39920000
vn -0.63470000 0.63300000 -0.44330000
vn -0.66860000 0.60920000 -0.42640000
vn -0.66840000 0.60930000 -0.42660000
vn -0.66840000 0.60930000 -0.42660000
vn -0.63460000 0.63310000 -0.44320000
vn -0.65160000 0.62140000 -0.43510000
vn -0.65170000 0.62140000 -0.43500000
vn -0.55500000 0.68140000 -0.47710000
vn -0.59550000 0.65810000 -0.46080000
vn -0.59550000 0.65810000 -0.46070000
vn -0.59550000 0.65810000 -0.46080000
vn -0.61530000 0.64580000 -0.45210000
vn -0.61530000 0.64570000 -0.45220000
vn -0.55490000 0.68140000 -0.47730000
vn -0.57540000 0.67000000 -0.46910000
vn -0.57540000 0.66990000 -0.46910000
vn -0.47020000 0.72300000 -0.50620000
vn -0.51320000 0.70320000 -0.49200000
vn -0.51320000 0.70310000 -0.49220000
vn -0.51320000 0.70300000 -0.49230000
vn -0.47020000 0.72290000 -0.50620000
vn -0.49190000 0.71320000 -0.49940000
vn -0.49180000 0.71320000 -0.49950000
vn -0.38530000 0.75590000 -0.52930000
vn -0.42830000 0.74030000 -0.51820000
vn -0.42820000 0.74020000 -0.51830000
vn -0.42820000 0.74010000 -0.51850000
vn -0.44930000 0.73180000 -0.51240000
vn -0.44920000 0.73180000 -0.51250000
vn -0.38530000 0.75590000 -0.52930000
vn -0.40700000 0.74810000 -0.52410000
vn -0.40710000 0.74810000 -0.52400000
vn -0.29700000 0.78220000 -0.54770000
vn -0.34150000 0.76990000 -0.53910000
vn -0.34150000 0.76990000 -0.53910000
vn -0.34150000 0.76990000 -0.53910000
vn -0.29690000 0.78230000 -0.54760000
vn -0.31930000 0.77630000 -0.54350000
vn -0.31940000 0.77630000 -0.54350000
vn -0.20610000 0.80160000 -0.56130000
vn -0.25180000 0.79280000 -0.55510000
vn -0.25180000 0.79280000 -0.55510000
vn -0.25180000 0.79280000 -0.55510000
vn -0.27450000 0.78770000 -0.55150000
vn -0.27430000 0.78770000 -0.55160000
vn -0.20600000 0.80160000 -0.56130000
vn -0.22900000 0.79740000 -0.55830000
vn -0.22900000 0.79740000 -0.55830000
vn -0.11330000 0.81390000 -0.56990000
vn -0.15980000 0.80860000 -0.56620000
vn -0.15980000 0.80860000 -0.56620000
vn -0.15980000 0.80860000 -0.56620000
vn -0.11320000 0.81390000 -0.56980000
vn -0.13660000 0.81150000 -0.56820000
vn -0.13660000 0.81150000 -0.56820000
vn -0.01950000 0.81900000 -0.57350000
vn -0.06650000 0.81730000 -0.57230000
vn -0.06660000 0.81730000 -0.57240000
vn -0.06650000 0.81750000 -0.57210000
vn -0.08990000 0.81590000 -0.57120000
vn -0.08970000 0.81580000 -0.57130000
vn -0.01950000 0.81900000 -0.57350000
vn -0.04300000 0.81840000 -0.57300000
vn -0.04280000 0.81840000 -0.57300000
vn 0.07440000 0.81690000 -0.57200000
vn 0.02750000 0.81880000 -0.57340000
vn 0.02750000 0.81880000 -0.57340000
vn 0.02750000 0.81880000 -0.57340000
vn 0.07440000 0.81690000 -0.57200000
vn 0.05090000 0.81810000 -0.57280000
vn 0.05100000 0.81810000 -0.57280000
vn 0.16770000 0.80750000 -0.56550000
vn 0.12120000 0.81320000 -0.56930000
vn 0.12120000 0.81310000 -0.56940000
vn 0.12120000 0.81310000 -0.56940000
vn 0.09780000 0.81520000 -0.57080000
vn 0.09800000 0.81520000 -0.57090000
vn 0.16770000 0.80750000 -0.56550000
vn 0.14450000 0.81060000 -0.56750000
vn 0.14460000 0.81060000 -0.56750000
vn 0.25930000 0.79110000 -0.55400000
vn 0.21380000 0.80020000 -0.56040000
vn 0.21380000 0.80020000 -0.56030000
vn 0.21380000 0.80020000 -0.56030000
vn 0.25950000 0.79110000 -0.55390000
vn 0.23670000 0.79590000 -0.55720000
vn 0.23670000 0.79590000 -0.55730000
vn 0.35160000 0.76680000 -0.53700000
vn 0.30600000 0.77990000 -0.54600000
vn 0.30590000 0.77990000 -0.54610000
vn 0.30590000 0.77990000 -0.54610000
vn 0.28280000 0.78570000 -0.55010000
vn 0.28250000 0.78590000 -0.55010000
vn 0.35160000 0.76680000 -0.53690000
vn 0.32890000 0.77360000 -0.54160000
vn 0.32890000 0.77360000 -0.54160000
vn 0.43760000 0.73660000 -0.51580000
vn 0.39510000 0.75250000 -0.52690000
vn 0.39510000 0.75250000 -0.52690000
vn 0.39510000 0.75250000 -0.52690000
vn 0.43770000 0.73650000 -0.51570000
vn 0.41650000 0.74480000 -0.52140000
vn 0.41650000 0.74470000 -0.52140000
vn 0.52240000 0.69850000 -0.48910000
vn 0.48060000 0.71830000 -0.50300000
vn 0.48060000 0.71830000 -0.50300000
vn 0.48060000 0.71840000 -0.50300000
vn 0.45930000 0.72760000 -0.50950000
vn 0.45930000 0.72760000 -0.50950000
vn 0.52240000 0.69850000 -0.48910000
vn 0.50160000 0.70860000 -0.49620000
vn 0.50190000 0.70860000 -0.49610000
vn 0.60230000 0.65390000 -0.45790000
vn 0.56300000 0.67700000 -0.47400000
vn 0.56300000 0.67700000 -0.47400000
vn 0.56300000 0.67700000 -0.47400000
vn 0.54290000 0.68790000 -0.48170000
vn 0.54290000 0.68780000 -0.48180000
vn 0.67650000 0.60330000 -0.42240000
vn 0.64020000 0.62930000 -0.44060000
vn 0.64010000 0.62930000 -0.44070000
vn 0.60230000 0.65390000 -0.45790000
vn 0.64010000 0.62930000 -0.44070000
vn 0.62140000 0.64180000 -0.44940000
vn 0.62140000 0.64180000 -0.44940000
vn 0.67650000 0.60330000 -0.42240000
vn 0.65860000 0.61640000 -0.43160000
vn 0.65850000 0.61650000 -0.43170000
vn 0.71360000 0.57390000 -0.40180000
vn 0.71360000 0.57390000 -0.40180000
vn 0.71360000 0.57390000 -0.40180000
vn 0.69530000 0.58880000 -0.41220000
vn 0.69530000 0.58880000 -0.41220000
vn 0.73140000 0.55870000 -0.39100000
vn 0.73140000 0.55870000 -0.39120000
vn 0.74880000 0.54290000 -0.38020000
vn 0.74880000 0.54290000 -0.38020000
vn 0.74880000 0.54290000 -0.38020000
vn -0.74880000 -0.54290000 0.38020000
vn -0.74880000 -0.54290000 0.38020000
vn -0.74880000 -0.54290000 0.38020000
vn 0.74880000 0.54290000 -0.38020000
vn 0.62230000 0.64120000 -0.44900000
vn 0.47700000 0.72000000 -0.50410000
vn 0.31710000 0.77690000 -0.54400000
vn 0.14760000 0.81020000 -0.56730000
vn -0.02640000 0.81890000 -0.57340000
vn -0.19960000 0.80260000 -0.56210000
vn -0.36670000 0.76210000 -0.53360000
vn -0.52270000 0.69830000 -0.48900000
vn -0.66280000 0.61340000 -0.42950000
vn -0.78280000 0.50980000 -0.35700000
vn -0.87890000 0.39070000 -0.27360000
vn -0.94840000 0.25970000 -0.18190000
vn -0.98900000 0.12090000 -0.08470000
vn -0.99970000 -0.02160000 0.01510000
vn -0.97990000 -0.16350000 0.11450000
vn -0.93030000 -0.30040000 0.21030000
vn -0.85250000 -0.42820000 0.29980000
vn -0.00000000 -0.57360000 -0.81910000
vn 0.00010000 -0.57350000 -0.81920000
vn 0.00030000 -0.57350000 -0.81920000
vn -0.00000000 -0.57360000 -0.81920000
vn -0.00000000 -0.57360000 -0.81920000
vn -0.00000000 -0.57350000 -0.81920000
vn -0.00000000 -0.57350000 -0.81920000
vn -0.00000000 -0.57370000 -0.81910000
vn -0.00000000 -0.57370000 -0.81910000
vn -0.00010000 -0.57380000 -0.81900000
vn -0.00000000 -0.57370000 -0.81910000
vn -0.00000000 -0.57350000 -0.81920000
vn -0.00000000 -0.57360000 -0.81910000
vn -0.00000000 -0.57360000 -0.81920000
vn -0.00000000 -0.57360000 -0.81910000
vn 0.00030000 -0.57350000 -0.81920000
vn 0.00010000 -0.57350000 -0.81920000
vn -0.00000000 -0.57360000 -0.81910000
vn -0.00000000 -0.57360000 -0.81910000
vn -0.00000000 -0.57370000 -0.81910000
vn -0.00000000 -0.57360000 -0.81910000
vn -0.00000000 -0.57360000 -0.81910000
vn -0.00000000 -0.57360000 -0.81920000
vn -0.00010000 -0.57360000 -0.81910000
vn -0.00000000 -0.57360000 -0.81920000
vn -0.00020000 -0.57370000 -0.81910000
vn -0.00000000 -0.57360000 -0.81920000
vn 0.00010000 -0.57370000 -0.81910000
vn -0.00000000 -0.57370000 -0.81910000
vn -0.00000000 -0.57360000 -0.81910000
vn -0.00010000 -0.57340000 -0.81920000
vn -0.00000000 -0.57360000 -0.81910000
vn -0.00000000 -0.57360000 -0.81910000
vn 0.00010000 -0.57360000 -0.81910000
vn -0.00000000 -0.57360000 -0.81920000
vn 0.00010000 -0.57320000 -0.81940000
vn -0.00000000 -0.57360000 -0.81910000
vn -0.00000000 -0.57360000 -0.81910000
vn -0.00000000 -0.57360000 -0.81920000
vn -0.00000000 -0.57350000 -0.81920000
vn -0.00000000 -0.57360000 -0.81910000
vn -0.00000000 -0.57360000 -0.81920000
vn -0.00000000 -0.57350000 -0.81920000
vn -0.00000000 -0.57360000 -0.81910000
vn 0.00010000 -0.57360000 -0.81910000
vn 0.00010000 -0.57360000 -0.81910000
vn -0.00000000 -0.57360000 -0.81910000
vn -0.00000000 -0.57360000 -0.81910000
vn -0.00000000 -0.57360000 -0.81910000
vn 0.00010000 -0.57360000 -0.81910000
vn -0.00000000 -0.57360000 -0.81910000
vn -0.00000000 -0.57360000 -0.81910000
vn 0.00010000 -0.57360000 -0.81920000
vn -0.00000000 -0.57360000 -0.81910000
vn -0.00000000 -0.57360000 -0.81910000
vn -0.00000000 -0.57360000 -0.81910000
vn 0.00020000 -0.57360000 -0.81920000
vn -0.00000000 -0.57360000 -0.81910000
vn -0.00000000 -0.57360000 -0.81910000
vn -0.00000000 -0.57360000 -0.81910000
vn 0.00020000 -0.57360000 -0.81920000
vn -0.00000000 -0.57360000 -0.81920000
vn -0.00000000 -0.57360000 -0.81920000
vn -0.00000000 -0.57360000 -0.81920000
vn -0.00000000 -0.57360000 -0.81910000
vn -0.00000000 -0.57360000 -0.81910000
vn -0.00000000 -0.57360000 -0.81910000
vn 0.00010000 -0.57360000 -0.81920000
vn -0.00000000 -0.57360000 -0.81910000
vn -0.00000000 -0.57360000 -0.81910000
vn 0.00020000 -0.57360000 -0.81910000
vn 0.00010000 -0.57360000 -0.81910000
vn 0.00020000 -0.57350000 -0.81920000
vn -0.00000000 -0.57370000 -0.81900000
vn -0.00000000 -0.57320000 -0.81940000
vn -0.00000000 -0.57350000 -0.81920000
vn -0.00000000 -0.57360000 -0.81910000
vn 0.00010000 -0.57350000 -0.81920000
vn -0.00010000 -0.57360000 -0.81920000
vn 0.00010000 -0.57360000 -0.81910000
vn -0.00000000 -0.57360000 -0.81910000
vn 0.00020000 -0.57340000 -0.81930000
vn -0.00000000 -0.57370000 -0.81900000
vn -0.00000000 -0.57350000 -0.81920000
vn 0.00010000 -0.57370000 -0.81910000
vn 0.00010000 -0.57350000 -0.81920000
vn 0.00020000 -0.57360000 -0.81910000
vn -0.00020000 -0.57360000 -0.81910000
vn -0.00000000 -0.57350000 -0.81920000
vn 0.00010000 -0.57350000 -0.81920000
vn -0.00020000 -0.57370000 -0.81910000
vn -0.00020000 -0.57340000 -0.81930000
vn -0.00000000 -0.57360000 -0.81910000
vn -0.00000000 -0.57360000 -0.81920000
vn -0.00000000 -0.57360000 -0.81910000
vn -0.00000000 -0.57350000 -0.81920000
vn -0.00040000 -0.57370000 -0.81910000
vn -0.00010000 -0.57380000 -0.81900000
vn 0.00010000 -0.57360000 -0.81920000
vn -0.00000000 -0.57360000 -0.81920000
vn -0.00000000 -0.57360000 -0.81920000
vn -0.00000000 -0.57360000 -0.81920000
vn -0.00000000 -0.57360000 -0.81920000
vn -0.00000000 -0.57360000 -0.81920000
vn -0.00010000 -0.57350000 -0.81920000
vn -0.00020000 -0.57360000 -0.81910000
vn 0.00010000 -0.57360000 -0.81910000
vn -0.00000000 -0.57350000 -0.81920000
vn -0.00010000 -0.57370000 -0.81910000
vn 0.00010000 -0.57350000 -0.81920000
vn -0.00000000 -0.57360000 -0.81910000
vn -0.00000000 -0.57360000 -0.81910000
vn 0.00010000 -0.57350000 -0.81920000
vn -0.00010000 -0.57350000 -0.81920000
vn -0.00020000 -0.57360000 -0.81910000
vn 0.00040000 -0.57360000 -0.81910000
vn -0.00000000 -0.57360000 -0.81920000
vn -0.00000000 -0.57350000 -0.81920000
vn -0.00000000 -0.57360000 -0.81910000
vn 0.00010000 -0.57360000 -0.81910000
vn -0.00000000 -0.57350000 -0.81920000
vn -0.00000000 -0.57360000 -0.81910000
vn -0.00000000 -0.57360000 -0.81920000
vn -0.00020000 -0.57370000 -0.81910000
vn -0.00000000 -0.57360000 -0.81920000
vn -0.00000000 -0.57370000 -0.81910000
vn -0.00000000 -0.57360000 -0.81910000
vn -0.00000000 -0.57360000 -0.81910000
vn -0.00000000 -0.57350000 -0.81920000
vn -0.00000000 -0.57360000 -0.81910000
vn 0.00010000 -0.57350000 -0.81920000
vn 0.00010000 -0.57360000 -0.81910000
vn -0.00000000 -0.57360000 -0.81920000
vn -0.00000000 -0.57360000 -0.81910000
vn -0.00000000 -0.57360000 -0.81920000
vn -0.00000000 -0.57370000 -0.81910000
vn -0.00000000 -0.57360000 -0.81910000
vn -0.00000000 -0.57360000 -0.81910000
vn -0.00000000 -0.57360000 -0.81920000
vn -0.00000000 -0.57360000 -0.81920000
vn -0.00000000 -0.57360000 -0.81910000
vn -0.00000000 -0.57360000 -0.81910000
vn -0.00000000 -0.57360000 -0.81920000
vn -0.00000000 -0.57360000 -0.81920000
vn -0.00000000 -0.57360000 -0.81910000
vn -0.00000000 -0.57370000 -0.81910000
vn -0.00000000 -0.57360000 -0.81920000
vn -0.00000000 -0.57360000 -0.81920000
vn -0.00000000 -0.57350000 -0.81920000
vn -0.00000000 -0.57360000 -0.81910000
vn 0.00010000 -0.57360000 -0.81920000
vn -0.00000000 -0.57360000 -0.81920000
vn -0.00000000 -0.57360000 -0.81920000
vn -0.00000000 -0.57360000 -0.81910000
vn 0.00020000 -0.57350000 -0.81920000
vn -0.00000000 -0.57360000 -0.81910000
vn -0.00000000 -0.57360000 -0.81910000
vn -0.00000000 -0.57360000 -0.81910000
vn -0.00000000 -0.57360000 -0.81910000
vn -0.00000000 -0.57360000 -0.81910000
vn -0.00010000 -0.57360000 -0.81910000
vn -0.00000000 -0.57360000 -0.81920000
vn -0.00000000 -0.57360000 -0.81910000
vn -0.00000000 -0.57360000 -0.81920000
vn 0.00010000 -0.57360000 -0.81910000
vn 0.00020000 -0.57340000 -0.81930000
vn -0.00030000 -0.57340000 -0.81930000
vn -0.00010000 -0.57350000 -0.81920000
vn -0.00010000 -0.57370000 -0.81910000
vn -0.00000000 -0.57320000 -0.81940000
vn -0.00010000 -0.57360000 -0.81910000
vn -0.00000000 -0.57350000 -0.81920000
vn 0.00010000 -0.57350000 -0.81920000
vn -0.00000000 -0.57360000 -0.81920000
vn 0.00020000 -0.57340000 -0.81930000
vn 0.00010000 -0.57360000 -0.81910000
vn -0.00000000 -0.57360000 -0.81910000
vn -0.00000000 -0.57370000 -0.81900000
vn -0.00000000 -0.57350000 -0.81920000
vn -0.00010000 -0.57350000 -0.81920000
vn -0.00000000 -0.57360000 -0.81920000
vn 0.00020000 -0.57360000 -0.81910000
vn -0.00020000 -0.57360000 -0.81910000
vn 0.00010000 -0.57330000 -0.81930000
vn 0.00010000 -0.57350000 -0.81920000
vn -0.00020000 -0.57370000 -0.81910000
vn -0.00000000 -0.57350000 -0.81920000
vn -0.00010000 -0.57400000 -0.81890000
vn 0.00010000 -0.57350000 -0.81920000
vn -0.00000000 -0.57360000 -0.81910000
vn 0.00010000 -0.57370000 -0.81910000
vn -0.00010000 -0.57380000 -0.81900000
vn -0.74880000 -0.54290000 0.38020000
vn -0.67430000 -0.60490000 0.42360000
vn -0.59730000 -0.65690000 0.46010000
vn -0.51470000 -0.70230000 0.49180000
vn -0.42680000 -0.74080000 0.51870000
vn -0.33510000 -0.77170000 0.54050000
vn -0.24240000 -0.79470000 0.55650000
vn -0.14720000 -0.81010000 0.56760000
vn -0.05100000 -0.81810000 0.57280000
vn 0.04620000 -0.81820000 0.57310000
vn 0.14240000 -0.81080000 0.56770000
vn 0.23750000 -0.79570000 0.55720000
vn 0.33040000 -0.77320000 0.54130000
vn 0.42020000 -0.74330000 0.52050000
vn 0.50610000 -0.70650000 0.49470000
vn 0.59200000 -0.66020000 0.46230000
vn 0.66290000 -0.61320000 0.42950000
vn 0.73850000 -0.55230000 0.38680000
vn 0.80190000 -0.48940000 0.34270000
vn 0.85740000 -0.42160000 0.29530000
vn 0.90430000 -0.34960000 0.24480000
vn 0.94220000 -0.27450000 0.19230000
vn 0.97020000 -0.19860000 0.13900000
vn 0.98910000 -0.12040000 0.08470000
vn 0.99870000 -0.04170000 0.02920000
vn 0.99890000 0.03770000 -0.02620000
vn 0.98980000 0.11670000 -0.08170000
vn 0.97140000 0.19460000 -0.13630000
vn 0.94380000 0.27070000 -0.18950000
vn 0.90740000 0.34430000 -0.24100000
vn 0.86240000 0.41500000 -0.29000000
vn 0.80600000 0.48490000 -0.33950000
vn 0.74880000 0.54290000 -0.38020000
vn 0.74880000 0.54290000 -0.38010000
vn 0.74880000 0.54290000 -0.38020000
vn 0.74880000 0.54290000 -0.38020000
vn -0.74880000 -0.54290000 0.38020000
vn -0.74880000 -0.54290000 0.38020000
vn -0.74880000 -0.54290000 0.38020000
vn 0.78890000 0.50330000 -0.35250000
vn 0.82590000 0.46180000 -0.32340000
vn 0.85970000 0.41840000 -0.29290000
vn 0.89010000 0.37330000 -0.26140000
vn 0.91700000 0.32680000 -0.22890000
vn 0.94020000 0.27900000 -0.19540000
vn 0.95970000 0.23010000 -0.16110000
vn 0.97550000 0.18020000 -0.12630000
vn 0.98740000 0.12970000 -0.09090000
vn 0.99540000 0.07870000 -0.05510000
vn 0.99940000 0.02730000 -0.01920000
vn 0.99960000 -0.02410000 0.01680000
vn 0.99570000 -0.07550000 0.05280000
vn 0.98800000 -0.12650000 0.08860000
vn 0.97630000 -0.17710000 0.12400000
vn 0.96080000 -0.22700000 0.15890000
vn 0.94150000 -0.27600000 0.19320000
vn 0.91850000 -0.32380000 0.22680000
vn 0.89190000 -0.37040000 0.25940000
vn 0.86170000 -0.41560000 0.29100000
vn 0.82820000 -0.45910000 0.32140000
vn 0.79140000 -0.50080000 0.35070000
vn 0.75140000 -0.54050000 0.37840000
vn 0.70850000 -0.57810000 0.40470000
vn 0.66280000 -0.61340000 0.42950000
vn 0.61450000 -0.64630000 0.45240000
vn 0.56370000 -0.67660000 0.47370000
vn 0.51070000 -0.70430000 0.49310000
vn 0.45580000 -0.72910000 0.51050000
vn 0.39900000 -0.75110000 0.52590000
vn 0.34060000 -0.77020000 0.53930000
vn 0.28090000 -0.78620000 0.55050000
vn 0.22010000 -0.79910000 0.55950000
vn 0.15840000 -0.80880000 0.56630000
vn 0.09610000 -0.81540000 0.57090000
vn 0.03340000 -0.81870000 0.57330000
vn -0.02940000 -0.81880000 0.57330000
vn -0.09210000 -0.81580000 0.57100000
vn -0.15450000 -0.80930000 0.56670000
vn -0.21620000 -0.79980000 0.56000000
vn -0.27710000 -0.78710000 0.55110000
vn -0.33690000 -0.77130000 0.54000000
vn -0.39530000 -0.75240000 0.52690000
vn -0.45220000 -0.73060000 0.51160000
vn -0.50730000 -0.70590000 0.49430000
vn -0.56040000 -0.67840000 0.47500000
vn -0.61130000 -0.64830000 0.45390000
vn -0.65980000 -0.61550000 0.43100000
vn -0.70570000 -0.58040000 0.40630000
vn 0.80590000 0.48500000 -0.33960000
vn 0.77820000 0.51450000 -0.36020000
vn 0.77820000 0.51450000 -0.36020000
vn 0.77820000 0.51450000 -0.36020000
vn 0.76370000 0.52890000 -0.37020000
vn 0.76370000 0.52880000 -0.37030000
vn 0.80590000 0.48500000 -0.33950000
vn 0.79230000 0.49980000 -0.35000000
vn 0.79220000 0.50000000 -0.35000000
vn 0.86250000 0.41460000 -0.29030000
vn 0.83530000 0.45040000 -0.31530000
vn 0.83520000 0.45040000 -0.31540000
vn 0.83530000 0.45030000 -0.31530000
vn 0.82090000 0.46780000 -0.32750000
vn 0.82070000 0.46790000 -0.32780000
vn 0.86250000 0.41460000 -0.29030000
vn 0.84930000 0.43240000 -0.30290000
vn 0.84920000 0.43260000 -0.30290000
vn 0.90740000 0.34430000 -0.24100000
vn 0.88600000 0.37990000 -0.26590000
vn 0.88600000 0.37990000 -0.26600000
vn 0.88600000 0.37990000 -0.26600000
vn 0.90740000 0.34420000 -0.24130000
vn 0.89700000 0.36200000 -0.25350000
vn 0.89700000 0.36210000 -0.25360000
vn 0.94380000 0.27070000 -0.18950000
vn 0.92670000 0.30780000 -0.21540000
vn 0.92670000 0.30780000 -0.21560000
vn 0.92670000 0.30780000 -0.21560000
vn 0.91730000 0.32610000 -0.22830000
vn 0.91740000 0.32600000 -0.22840000
vn 0.94380000 0.27070000 -0.18950000
vn 0.93550000 0.28940000 -0.20260000
vn 0.93550000 0.28930000 -0.20260000
vn 0.97140000 0.19460000 -0.13630000
vn 0.95870000 0.23290000 -0.16310000
vn 0.95870000 0.23290000 -0.16310000
vn 0.95870000 0.23290000 -0.16310000
vn 0.97140000 0.19460000 -0.13630000
vn 0.96530000 0.21400000 -0.14980000
vn 0.96530000 0.21380000 -0.14970000
vn 0.98980000 0.11670000 -0.08170000
vn 0.98170000 0.15600000 -0.10920000
vn 0.98170000 0.15580000 -0.10910000
vn 0.98170000 0.15580000 -0.10910000
vn 0.97680000 0.17530000 -0.12270000
vn 0.97680000 0.17540000 -0.12270000
vn 0.98980000 0.11650000 -0.08170000
vn 0.98610000 0.13630000 -0.09540000
vn 0.98610000 0.13630000 -0.09540000
vn 0.99890000 0.03760000 -0.02640000
vn 0.99550000 0.07730000 -0.05410000
vn 0.99550000 0.07720000 -0.05410000
vn 0.99550000 0.07720000 -0.05410000
vn 0.99300000 0.09700000 -0.06790000
vn 0.99300000 0.09700000 -0.06790000
vn 0.99870000 -0.04160000 0.02920000
vn 1.00000000 -0.00210000 0.00150000
vn 1.00000000 -0.00210000 0.00150000
vn 0.99890000 0.03760000 -0.02640000
vn 1.00000000 -0.00210000 0.00130000
vn 0.99980000 0.01770000 -0.01230000
vn 0.99980000 0.01770000 -0.01250000
vn 0.99870000 -0.04170000 0.02920000
vn 0.99960000 -0.02190000 0.01540000
vn 0.99960000 -0.02190000 0.01530000
vn 0.98910000 -0.12070000 0.08450000
vn 0.99510000 -0.08130000 0.05700000
vn 0.99510000 -0.08130000 0.05690000
vn 0.99510000 -0.08130000 0.05700000
vn 0.99720000 -0.06170000 0.04320000
vn 0.99720000 -0.06160000 0.04320000
vn 0.97020000 -0.19860000 0.13900000
vn 0.98080000 -0.15980000 0.11190000
vn 0.98080000 -0.15990000 0.11180000
vn 0.98910000 -0.12070000 0.08450000
vn 0.98090000 -0.15960000 0.11150000
vn 0.98520000 -0.14030000 0.09830000
vn 0.98520000 -0.14020000 0.09830000
vn 0.97020000 -0.19850000 0.13910000
vn 0.97580000 -0.17920000 0.12560000
vn 0.97570000 -0.17940000 0.12560000
vn 0.94220000 -0.27460000 0.19220000
vn 0.95730000 -0.23650000 0.16600000
vn 0.95730000 -0.23680000 0.16580000
vn 0.95730000 -0.23690000 0.16590000
vn 0.96400000 -0.21780000 0.15250000
vn 0.96400000 -0.21780000 0.15240000
vn 0.90430000 -0.34970000 0.24480000
vn 0.92440000 -0.31250000 0.21880000
vn 0.92440000 -0.31250000 0.21880000
vn 0.94210000 -0.27460000 0.19230000
vn 0.92440000 -0.31250000 0.21880000
vn 0.93360000 -0.29360000 0.20560000
vn 0.93350000 -0.29390000 0.20550000
vn 0.90430000 -0.34970000 0.24480000
vn 0.91450000 -0.33140000 0.23220000
vn 0.91470000 -0.33100000 0.23190000
vn 0.85740000 -0.42160000 0.29520000
vn 0.88200000 -0.38600000 0.27040000
vn 0.88200000 -0.38600000 0.27040000
vn 0.88190000 -0.38610000 0.27040000
vn 0.89340000 -0.36800000 0.25770000
vn 0.89350000 -0.36790000 0.25760000
vn 0.85740000 -0.42160000 0.29520000
vn 0.86990000 -0.40390000 0.28290000
vn 0.86990000 -0.40400000 0.28290000
vn 0.80190000 -0.48940000 0.34270000
vn 0.83070000 -0.45610000 0.31930000
vn 0.83070000 -0.45610000 0.31930000
vn 0.83070000 -0.45610000 0.31930000
vn 0.80200000 -0.48940000 0.34250000
vn 0.81660000 -0.47290000 0.33110000
vn 0.81660000 -0.47280000 0.33110000
vn 0.73860000 -0.55220000 0.38670000
vn 0.77110000 -0.52150000 0.36530000
vn 0.77120000 -0.52150000 0.36520000
vn 0.77120000 -0.52150000 0.36520000
vn 0.78680000 -0.50560000 0.35410000
vn 0.78670000 -0.50580000 0.35400000
vn 0.73850000 -0.55240000 0.38670000
vn 0.75510000 -0.53710000 0.37610000
vn 0.75520000 -0.53700000 0.37590000
vn 0.66280000 -0.61340000 0.42950000
vn 0.70170000 -0.58360000 0.40870000
vn 0.70160000 -0.58370000 0.40870000
vn 0.70160000 -0.58370000 0.40870000
vn 0.72030000 -0.56820000 0.39790000
vn 0.72030000 -0.56820000 0.39790000
vn 0.66280000 -0.61340000 0.42950000
vn 0.68250000 -0.59870000 0.41930000
vn 0.68250000 -0.59880000 0.41900000
vn 0.59200000 -0.66020000 0.46230000
vn 0.62810000 -0.63750000 0.44630000
vn 0.62800000 -0.63740000 0.44640000
vn 0.62810000 -0.63740000 0.44630000
vn 0.59200000 -0.66010000 0.46230000
vn 0.61020000 -0.64890000 0.45450000
vn 0.61020000 -0.64890000 0.45440000
vn 0.50610000 -0.70650000 0.49470000
vn 0.54980000 -0.68420000 0.47920000
vn 0.54980000 -0.68430000 0.47900000
vn 0.54980000 -0.68420000 0.47910000
vn 0.57110000 -0.67240000 0.47090000
vn 0.57130000 -0.67240000 0.47060000
vn 0.50610000 -0.70650000 0.49470000
vn 0.52810000 -0.69560000 0.48710000
vn 0.52820000 -0.69560000 0.48710000
vn 0.42020000 -0.74330000 0.52050000
vn 0.46370000 -0.72570000 0.50820000
vn 0.46370000 -0.72580000 0.50820000
vn 0.46370000 -0.72580000 0.50820000
vn 0.42020000 -0.74330000 0.52050000
vn 0.44210000 -0.73470000 0.51450000
vn 0.44210000 -0.73470000 0.51450000
vn 0.33060000 -0.77310000 0.54140000
vn 0.37580000 -0.75900000 0.53170000
vn 0.37580000 -0.75910000 0.53150000
vn 0.37580000 -0.75910000 0.53150000
vn 0.39820000 -0.75140000 0.52620000
vn 0.39810000 -0.75140000 0.52620000
vn 0.33040000 -0.77310000 0.54140000
vn 0.35320000 -0.76630000 0.53660000
vn 0.35320000 -0.76630000 0.53660000
vn 0.23750000 -0.79570000 0.55720000
vn 0.28430000 -0.78530000 0.54990000
vn 0.28430000 -0.78530000 0.54990000
vn 0.28430000 -0.78530000 0.54990000
vn 0.23740000 -0.79570000 0.55720000
vn 0.26100000 -0.79070000 0.55370000
vn 0.26100000 -0.79080000 0.55370000
vn 0.14240000 -0.81080000 0.56770000
vn 0.19020000 -0.80420000 0.56310000
vn 0.19010000 -0.80420000 0.56310000
vn 0.19020000 -0.80420000 0.56310000
vn 0.21390000 -0.80020000 0.56030000
vn 0.21380000 -0.80020000 0.56030000
vn 0.14250000 -0.81070000 0.56780000
vn 0.16620000 -0.80770000 0.56560000
vn 0.16660000 -0.80780000 0.56540000
vn 0.04590000 -0.81830000 0.57300000
vn 0.09430000 -0.81550000 0.57100000
vn 0.09430000 -0.81550000 0.57100000
vn 0.09430000 -0.81550000 0.57100000
vn 0.11840000 -0.81330000 0.56960000
vn 0.11850000 -0.81340000 0.56950000
vn -0.05100000 -0.81810000 0.57280000
vn -0.00260000 -0.81910000 0.57370000
vn -0.00250000 -0.81920000 0.57360000
vn 0.04600000 -0.81830000 0.57300000
vn -0.00260000 -0.81920000 0.57350000
vn 0.02170000 -0.81890000 0.57350000
vn 0.02170000 -0.81900000 0.57340000
vn -0.05100000 -0.81810000 0.57290000
vn -0.02670000 -0.81880000 0.57340000
vn -0.02660000 -0.81890000 0.57340000
vn -0.14740000 -0.81020000 0.56730000
vn -0.09930000 -0.81510000 0.57080000
vn -0.09930000 -0.81510000 0.57070000
vn -0.09930000 -0.81510000 0.57070000
vn -0.07520000 -0.81680000 0.57200000
vn -0.07510000 -0.81680000 0.57200000
vn -0.24240000 -0.79470000 0.55650000
vn -0.19510000 -0.80340000 0.56250000
vn -0.19510000 -0.80340000 0.56250000
vn -0.14740000 -0.81020000 0.56730000
vn -0.19510000 -0.80340000 0.56250000
vn -0.17130000 -0.80700000 0.56510000
vn -0.17130000 -0.80700000 0.56510000
vn -0.24240000 -0.79470000 0.55640000
vn -0.21890000 -0.79930000 0.55970000
vn -0.21890000 -0.79930000 0.55970000
vn -0.33520000 -0.77180000 0.54040000
vn -0.28910000 -0.78410000 0.54910000
vn -0.28910000 -0.78420000 0.54910000
vn -0.28910000 -0.78420000 0.54910000
vn -0.26580000 -0.78970000 0.55300000
vn -0.26580000 -0.78960000 0.55300000
vn -0.42690000 -0.74080000 0.51870000
vn -0.38150000 -0.75720000 0.53020000
vn -0.38150000 -0.75720000 0.53020000
vn -0.33520000 -0.77180000 0.54040000
vn -0.38150000 -0.75720000 0.53020000
vn -0.35840000 -0.76470000 0.53550000
vn -0.35850000 -0.76480000 0.53530000
vn -0.42680000 -0.74080000 0.51860000
vn -0.40410000 -0.74920000 0.52480000
vn -0.40450000 -0.74930000 0.52440000
vn -0.51470000 -0.70230000 0.49180000
vn -0.47140000 -0.72240000 0.50600000
vn -0.47130000 -0.72240000 0.50590000
vn -0.47150000 -0.72250000 0.50560000
vn -0.44920000 -0.73180000 0.51250000
vn -0.44940000 -0.73170000 0.51240000
vn -0.51470000 -0.70230000 0.49180000
vn -0.49320000 -0.71270000 0.49880000
vn -0.49310000 -0.71260000 0.49900000
vn -0.59740000 -0.65690000 0.46000000
vn -0.55670000 -0.68050000 0.47640000
vn -0.55670000 -0.68040000 0.47650000
vn -0.55670000 -0.68050000 0.47650000
vn -0.59740000 -0.65690000 0.45990000
vn -0.57740000 -0.66870000 0.46840000
vn -0.57730000 -0.66890000 0.46830000
vn -0.67420000 -0.60500000 0.42360000
vn -0.63670000 -0.63160000 0.44240000
vn -0.63660000 -0.63170000 0.44230000
vn -0.63660000 -0.63170000 0.44240000
vn -0.61690000 -0.64460000 0.45160000
vn -0.61720000 -0.64450000 0.45130000
vn -0.67430000 -0.60490000 0.42360000
vn -0.65570000 -0.61850000 0.43310000
vn -0.65590000 -0.61830000 0.43300000
vn -0.71250000 -0.57470000 0.40260000
vn -0.71260000 -0.57470000 0.40240000
vn -0.71280000 -0.57470000 0.40210000
vn -0.69360000 -0.59000000 0.41320000
vn -0.69370000 -0.59000000 0.41320000
vn -0.73090000 -0.55890000 0.39160000
vn -0.73090000 -0.55910000 0.39140000
vn -0.62230000 -0.64120000 0.44900000
vn -0.47690000 -0.72000000 0.50420000
vn -0.31710000 -0.77690000 0.54400000
vn -0.14760000 -0.81020000 0.56730000
vn 0.02640000 -0.81890000 0.57340000
vn 0.19960000 -0.80270000 0.56200000
vn 0.36670000 -0.76210000 0.53360000
vn 0.52270000 -0.69830000 0.48900000
vn 0.66280000 -0.61340000 0.42950000
vn 0.78280000 -0.50980000 0.35690000
vn 0.87890000 -0.39070000 0.27360000
vn 0.94840000 -0.25980000 0.18190000
vn 0.98900000 -0.12090000 0.08470000
vn 0.99970000 0.02160000 -0.01510000
vn 0.97990000 0.16350000 -0.11450000
vn 0.93030000 0.30040000 -0.21030000
vn 0.85250000 0.42820000 -0.29980000
vn 0.74880000 0.54290000 -0.38020000
vn 0.31850000 -0.33680000 -0.88610000
vn 0.57690000 -0.05680000 -0.81480000
vn 0.74790000 0.23010000 -0.62270000
vn 0.33710000 -0.35960000 -0.87010000
vn 0.61040000 -0.09810000 -0.78600000
vn 0.79140000 0.17660000 -0.58530000
vn 0.35340000 -0.38390000 -0.85310000
vn 0.64010000 -0.14220000 -0.75510000
vn 0.82980000 0.11930000 -0.54520000
vn 0.36720000 -0.40960000 -0.83510000
vn 0.66490000 -0.18830000 -0.72280000
vn 0.86210000 0.05950000 -0.50320000
vn 0.37800000 -0.43580000 -0.81680000
vn 0.68490000 -0.23600000 -0.68940000
vn 0.88790000 -0.00230000 -0.46000000
vn 0.38630000 -0.46240000 -0.79810000
vn 0.69960000 -0.28440000 -0.65550000
vn 0.90700000 -0.06490000 -0.41610000
vn 0.39170000 -0.48940000 -0.77910000
vn 0.70910000 -0.33280000 -0.62170000
vn 0.91930000 -0.12770000 -0.37220000
vn 0.39400000 -0.51610000 -0.76050000
vn 0.71360000 -0.38170000 -0.58740000
vn 0.92520000 -0.19100000 -0.32780000
vn 0.39380000 -0.54320000 -0.74150000
vn 0.71320000 -0.43070000 -0.55310000
vn 0.92460000 -0.25460000 -0.28330000
vn 0.39070000 -0.57010000 -0.72270000
vn 0.70770000 -0.47940000 -0.51890000
vn 0.91750000 -0.31790000 -0.23900000
vn 0.38470000 -0.59690000 -0.70400000
vn 0.69720000 -0.52770000 -0.48520000
vn 0.90390000 -0.38050000 -0.19520000
vn 0.37650000 -0.62300000 -0.68560000
vn 0.68190000 -0.57510000 -0.45190000
vn 0.88410000 -0.44190000 -0.15220000
vn 0.36540000 -0.64840000 -0.66790000
vn 0.66170000 -0.62130000 -0.41960000
vn 0.85790000 -0.50180000 -0.11030000
vn 0.35170000 -0.67300000 -0.65070000
vn 0.63700000 -0.66590000 -0.38840000
vn 0.82580000 -0.55960000 -0.06980000
vn 0.33560000 -0.69670000 -0.63400000
vn 0.60760000 -0.70870000 -0.35840000
vn 0.78790000 -0.61510000 -0.03090000
vn 0.31700000 -0.71910000 -0.61840000
vn 0.57420000 -0.74930000 -0.33000000
vn 0.74440000 -0.66770000 0.00590000
vn 0.29510000 -0.74130000 -0.60280000
vn 0.53440000 -0.78950000 -0.30180000
vn 0.69280000 -0.71990000 0.04250000
vn 0.27070000 -0.76190000 -0.58840000
vn 0.49040000 -0.82670000 -0.27580000
vn 0.63590000 -0.76800000 0.07620000
vn 0.24730000 -0.77860000 -0.57680000
vn 0.44800000 -0.85700000 -0.25460000
vn 0.58080000 -0.80740000 0.10370000
vn 0.21890000 -0.79570000 -0.56470000
vn 0.39660000 -0.88800000 -0.23280000
vn 0.51400000 -0.84760000 0.13190000
vn 0.18970000 -0.81020000 -0.55460000
vn 0.34390000 -0.91420000 -0.21460000
vn 0.44570000 -0.88150000 0.15570000
vn 0.15940000 -0.82250000 -0.54600000
vn 0.28870000 -0.93650000 -0.19890000
vn 0.37430000 -0.91050000 0.17590000
vn 0.12780000 -0.83260000 -0.53890000
vn 0.23140000 -0.95490000 -0.18600000
vn 0.30000000 -0.93430000 0.19260000
vn 0.09510000 -0.84060000 -0.53330000
vn 0.17240000 -0.96920000 -0.17580000
vn 0.22350000 -0.95280000 0.20560000
vn 0.06270000 -0.84600000 -0.52940000
vn 0.11370000 -0.97900000 -0.16910000
vn 0.14730000 -0.96560000 0.21450000
vn 0.02990000 -0.84920000 -0.52730000
vn 0.05420000 -0.98480000 -0.16510000
vn 0.07030000 -0.97300000 0.21970000
vn -0.00310000 -0.85010000 -0.52660000
vn -0.00560000 -0.98650000 -0.16390000
vn -0.00730000 -0.97520000 0.22120000
vn -0.03610000 -0.84870000 -0.52770000
vn -0.06540000 -0.98400000 -0.16560000
vn -0.08480000 -0.97200000 0.21900000
vn -0.06890000 -0.84510000 -0.53010000
vn -0.12460000 -0.97750000 -0.17020000
vn -0.16170000 -0.96360000 0.21310000
vn -0.10110000 -0.83930000 -0.53420000
vn -0.18320000 -0.96690000 -0.17760000
vn -0.23740000 -0.94990000 0.20350000
vn -0.13300000 -0.83120000 -0.53990000
vn -0.24030000 -0.95240000 -0.18780000
vn -0.31150000 -0.93100000 0.19030000
vn -0.16330000 -0.82100000 -0.54700000
vn -0.29580000 -0.93390000 -0.20070000
vn -0.38340000 -0.90710000 0.17360000
vn -0.19280000 -0.80880000 -0.55560000
vn -0.34920000 -0.91180000 -0.21620000
vn -0.45270000 -0.87840000 0.15340000
vn -0.22090000 -0.79460000 -0.56550000
vn -0.40010000 -0.88600000 -0.23420000
vn -0.51870000 -0.84500000 0.13010000
vn -0.24740000 -0.77860000 -0.57670000
vn -0.44820000 -0.85690000 -0.25460000
vn -0.58110000 -0.80720000 0.10360000
vn -0.27390000 -0.75940000 -0.59010000
vn -0.49600000 -0.82230000 -0.27890000
vn -0.64310000 -0.76240000 0.07220000
vn -0.00000000 -0.57360000 -0.81910000
vn -0.74880000 -0.54300000 0.38010000
vn -0.28660000 -0.73770000 -0.61130000
vn -0.52940000 -0.78950000 -0.31040000
vn -0.69180000 -0.72110000 0.03770000
vn -0.28460000 -0.75030000 -0.59670000
vn -0.13980000 -0.68040000 -0.71930000
vn -0.14540000 -0.67590000 -0.72260000
vn -0.51570000 -0.80610000 -0.29030000
vn -0.39240000 -0.80610000 -0.44290000
vn -0.40800000 -0.79330000 -0.45190000
vn -0.66870000 -0.74130000 0.05750000
vn -0.58040000 -0.80750000 -0.10530000
vn -0.60360000 -0.78840000 -0.11860000
vn -0.68170000 -0.68870000 0.24710000
vn -0.70880000 -0.66640000 0.23140000
vn 0.69180000 0.28210000 -0.66470000
vn 0.52950000 -0.02170000 -0.84800000
vn 0.28660000 -0.32210000 -0.90230000
vn 0.79270000 0.36320000 -0.48950000
vn 0.72130000 0.25840000 -0.64260000
vn 0.76460000 0.39330000 -0.51060000
vn 0.67500000 0.08830000 -0.73250000
vn 0.55640000 -0.03500000 -0.83020000
vn 0.65100000 0.11400000 -0.75040000
vn 0.45630000 -0.20060000 -0.86690000
vn 0.30700000 -0.32480000 -0.89460000
vn 0.44010000 -0.18320000 -0.87910000
vn 0.16260000 -0.46470000 -0.87040000
vn 0.15670000 -0.45850000 -0.87480000
vn -0.70570000 -0.58040000 0.40640000
vn -0.65980000 -0.61550000 0.43100000
vn -0.61130000 -0.64830000 0.45390000
vn -0.56040000 -0.67840000 0.47500000
vn -0.50740000 -0.70590000 0.49420000
vn -0.45220000 -0.73070000 0.51150000
vn -0.39530000 -0.75250000 0.52680000
vn -0.33690000 -0.77130000 0.54000000
vn -0.27710000 -0.78710000 0.55110000
vn -0.21620000 -0.79980000 0.56000000
vn -0.15450000 -0.80930000 0.56670000
vn -0.09210000 -0.81570000 0.57110000
vn -0.02950000 -0.81880000 0.57330000
vn 0.03340000 -0.81880000 0.57320000
vn 0.09610000 -0.81540000 0.57080000
vn 0.15840000 -0.80890000 0.56630000
vn 0.22010000 -0.79910000 0.55940000
vn 0.28090000 -0.78620000 0.55040000
vn 0.34060000 -0.77020000 0.53920000
vn 0.39900000 -0.75120000 0.52580000
vn 0.45570000 -0.72920000 0.51050000
vn 0.51070000 -0.70430000 0.49310000
vn 0.56370000 -0.67670000 0.47370000
vn 0.61450000 -0.64630000 0.45240000
vn 0.66280000 -0.61340000 0.42950000
vn 0.70850000 -0.57810000 0.40470000
vn 0.75140000 -0.54060000 0.37840000
vn 0.79140000 -0.50080000 0.35060000
vn 0.82820000 -0.45910000 0.32140000
vn 0.86170000 -0.41560000 0.29100000
vn 0.89190000 -0.37050000 0.25940000
vn 0.91850000 -0.32390000 0.22670000
vn 0.94150000 -0.27600000 0.19310000
vn 0.96080000 -0.22700000 0.15890000
vn 0.97630000 -0.17710000 0.12400000
vn 0.98800000 -0.12660000 0.08860000
vn 0.99570000 -0.07550000 0.05280000
vn 0.99960000 -0.02410000 0.01690000
vn 0.99940000 0.02730000 -0.01920000
vn 0.99540000 0.07870000 -0.05510000
vn 0.98740000 0.12970000 -0.09100000
vn 0.97550000 0.18030000 -0.12630000
vn 0.95970000 0.23010000 -0.16110000
vn 0.94020000 0.27900000 -0.19540000
vn 0.91700000 0.32680000 -0.22890000
vn 0.89010000 0.37330000 -0.26150000
vn 0.85970000 0.41830000 -0.29310000
vn 0.82600000 0.46170000 -0.32340000
vn 0.78890000 0.50330000 -0.35250000
vn -0.00000000 -0.57360000 -0.81920000
vn -0.00000000 -0.57360000 -0.81920000
vn -0.00000000 -0.57360000 -0.81920000
vn -0.00000000 -0.57360000 -0.81920000
vn -0.00000000 -0.57360000 -0.81920000
vn 0.00010000 -0.57350000 -0.81920000
vn -0.00000000 -0.57360000 -0.81920000
vn 0.00010000 -0.57360000 -0.81920000
vn -0.00000000 -0.57360000 -0.81910000
vn 0.00010000 -0.57360000 -0.81920000
vn -0.00000000 -0.57360000 -0.81910000
vn -0.00000000 -0.57360000 -0.81910000
vn -0.00000000 -0.57360000 -0.81910000
vn -0.00000000 -0.57360000 -0.81910000
vn 0.00010000 -0.57360000 -0.81910000
vn -0.00000000 -0.57360000 -0.81910000
vn -0.00000000 -0.57360000 -0.81910000
vn 0.00010000 -0.57360000 -0.81910000
vn -0.00000000 -0.57360000 -0.81910000
vn -0.00000000 -0.57360000 -0.81910000
vn -0.00000000 -0.57360000 -0.81910000
vn -0.00000000 -0.57360000 -0.81910000
vn -0.00000000 -0.57360000 -0.81910000
vn -0.00000000 -0.57360000 -0.81910000
vn -0.00000000 -0.57360000 -0.81910000
vn -0.00000000 -0.57360000 -0.81910000
vn -0.00000000 -0.57370000 -0.81910000
vn -0.00000000 -0.57370000 -0.81910000
vn -0.00000000 -0.57360000 -0.81910000
vn -0.00000000 -0.57370000 -0.81910000
vn -0.00000000 -0.57360000 -0.81910000
vn -0.00000000 -0.57360000 -0.81910000
vn -0.00000000 -0.57370000 -0.81910000
vn -0.00000000 -0.57370000 -0.81910000
vn -0.00000000 -0.57360000 -0.81910000
vn -0.00000000 -0.57360000 -0.81910000
vn -0.00000000 -0.57360000 -0.81910000
vn -0.00000000 -0.57360000 -0.81910000
vn -0.00000000 -0.57370000 -0.81910000
vn -0.00000000 -0.57360000 -0.81910000
vn -0.00000000 -0.57370000 -0.81910000
vn -0.00000000 -0.57360000 -0.81910000
vn -0.00000000 -0.57370000 -0.81910000
vn -0.00000000 -0.57360000 -0.81910000
vn -0.00000000 -0.57360000 -0.81910000
vn -0.00000000 -0.57360000 -0.81910000
vn -0.00000000 -0.57360000 -0.81910000
vn -0.00000000 -0.57360000 -0.81910000
vt 0.17682100 0.48691800
vt 0.20602500 0.48934700
vt 0.23443200 0.49657100
vt 0.26126700 0.50839100
vt 0.28579900 0.52448500
vt 0.30735900 0.54441400
vt 0.32535700 0.56763400
vt 0.33930400 0.59351300
vt 0.34881900 0.62134300
vt 0.35364200 0.65036700
vt 0.35364200 0.67979200
vt 0.34881900 0.70881600
vt 0.33930400 0.73664700
vt 0.32535700 0.76252500
vt 0.30735900 0.78574600
vt 0.28579900 0.80567500
vt 0.26126700 0.82176900
vt 0.23443200 0.83358900
vt 0.20602500 0.84081200
vt 0.17682100 0.84324200
vt 0.24196000 0.81472500
vt 0.26684900 0.80109300
vt 0.28900200 0.78332900
vt 0.30774700 0.76197200
vt 0.32251300 0.73767100
vt 0.33285300 0.71116400
vt 0.33845200 0.68325700
vt 0.33914000 0.65479700
vt 0.33489600 0.62665100
vt 0.32584900 0.59967100
vt 0.31227400 0.57467900
vt 0.29458300 0.55243400
vt 0.27331400 0.53361200
vt 0.24911300 0.51878400
vt 0.22271500 0.50840100
vt 0.19492300 0.50277900
vt 0.16658100 0.50208800
vt 0.13855100 0.50635000
vt 0.11168300 0.51543500
vt 0.08679400 0.52906600
vt 0.06464000 0.54683000
vt 0.04589600 0.56818800
vt 0.03112900 0.59248900
vt 0.02078900 0.61899600
vt 0.01519000 0.64690300
vt 0.01450200 0.67536200
vt 0.01874600 0.70350900
vt 0.02779400 0.73048800
vt 0.04136900 0.75548000
vt 0.05906000 0.77772500
vt 0.08032900 0.79654800
vt 0.10453000 0.81137500
vt 0.13092700 0.82175800
vt 0.15871900 0.82738000
vt 0.18706100 0.82807100
vt 0.21509200 0.82380900
vt 0.14761800 0.84081200
vt 0.11921100 0.83358900
vt 0.09237500 0.82176900
vt 0.06784300 0.80567500
vt 0.04628400 0.78574600
vt 0.02828500 0.76252500
vt 0.01433800 0.73664700
vt 0.00482300 0.70881600
vt 0.00000000 0.67979200
vt 0.00000000 0.65036700
vt 0.00482300 0.62134300
vt 0.01433800 0.59351300
vt 0.02828500 0.56763400
vt 0.04628400 0.54441400
vt 0.06784300 0.52448500
vt 0.09237500 0.50839100
vt 0.11921100 0.49657100
vt 0.14761800 0.48934700
vt 0.90368100 0.00000000
vt 0.90949600 0.01539200
vt 0.90755100 0.01539200
vt 0.90561600 0.01539200
vt 0.90949600 0.02923700
vt 0.90755100 0.02923700
vt 0.90561600 0.02923700
vt 0.90949600 0.04331400
vt 0.90755100 0.04331400
vt 0.90561600 0.04331400
vt 0.90949600 0.05739200
vt 0.90755100 0.05739200
vt 0.90561600 0.05739200
vt 0.90949600 0.07146900
vt 0.90755100 0.07146900
vt 0.90561600 0.07146900
vt 0.90949600 0.08538200
vt 0.90755100 0.08538200
vt 0.90561600 0.08538200
vt 0.90949600 0.09907500
vt 0.90755100 0.09907500
vt 0.90561600 0.09907500
vt 0.90949600 0.11276700
vt 0.90755100 0.11276700
vt 0.90561600 0.11276700
vt 0.90949600 0.12646000
vt 0.90755100 0.12646000
vt 0.90561600 0.12646000
vt 0.90949600 0.14015300
vt 0.90755100 0.14015300
vt 0.90561600 0.14015300
vt 0.90949600 0.15384600
vt 0.90755100 0.15384600
vt 0.90561600 0.15384600
vt 0.90949600 0.16753800
vt 0.90755100 0.16753800
vt 0.90561600 0.16753800
vt 0.90949600 0.18123100
vt 0.90755100 0.18123100
vt 0.90561600 0.18123100
vt 0.90949600 0.19492400
vt 0.90755100 0.19492400
vt 0.90561600 0.19492400
vt 0.90949600 0.20861700
vt 0.90755100 0.20861700
vt 0.90561600 0.20861700
vt 0.90949600 0.22230900
vt 0.90755100 0.22230900
vt 0.90561600 0.22230900
vt 0.90949600 0.23677300
vt 0.90755100 0.23677300
vt 0.90561600 0.23677300
vt 0.90949600 0.25122100
vt 0.90755100 0.25122100
vt 0.90561600 0.25122100
vt 0.90949600 0.26411200
vt 0.90755100 0.26411200
vt 0.90561600 0.26411200
vt 0.90949600 0.27873900
vt 0.90755100 0.27873900
vt 0.90561600 0.27873900
vt 0.90949600 0.29281700
vt 0.90755100 0.29281700
vt 0.90561600 0.29281700
vt 0.90949600 0.30689400
vt 0.90755100 0.30689400
vt 0.90561600 0.30689400
vt 0.90949600 0.32097100
vt 0.90755100 0.32097100
vt 0.90561600 0.32097100
vt 0.90949600 0.33504900
vt 0.90755100 0.33504900
vt 0.90561600 0.33504900
vt 0.90949600 0.34877000
vt 0.90755100 0.34877000
vt 0.90561600 0.34877000
vt 0.90949600 0.36246200
vt 0.90755100 0.36246200
vt 0.90561600 0.36246200
vt 0.90949600 0.37615500
vt 0.90755100 0.37615500
vt 0.90561600 0.37615500
vt 0.90949600 0.38984800
vt 0.90755100 0.38984800
vt 0.90561600 0.38984800
vt 0.90949600 0.40354000
vt 0.90755100 0.40354000
vt 0.90561600 0.40354000
vt 0.90949600 0.41723300
vt 0.90755100 0.41723300
vt 0.90561600 0.41723300
vt 0.90949600 0.43092600
vt 0.90755100 0.43092600
vt 0.90561600 0.43092600
vt 0.90949600 0.44461900
vt 0.90755100 0.44461900
vt 0.90561600 0.44461900
vt 0.90949600 0.45831100
vt 0.90755100 0.45831100
vt 0.90561600 0.45831100
vt 0.90949600 0.47200400
vt 0.90755100 0.47200400
vt 0.90561600 0.47200400
vt 0.90949600 0.48569700
vt 0.90755100 0.48569700
vt 0.90561600 0.48569700
vt 0.90949600 0.50029800
vt 0.90755100 0.50029800
vt 0.90561600 0.50029800
vt 0.90368100 0.51308200
vt 0.90564100 0.00000000
vt 0.90760000 0.00000000
vt 0.90955900 0.00000000
vt 0.90464900 0.01539200
vt 0.90561600 0.00769600
vt 0.90464900 0.00769600
vt 0.90658300 0.01539200
vt 0.90755100 0.00769600
vt 0.90658300 0.00769600
vt 0.90852300 0.01539200
vt 0.90949600 0.00769600
vt 0.90852300 0.00769600
vt 0.91050700 0.01539200
vt 0.91050700 0.00769600
vt 0.91151800 0.51308200
vt 0.90955900 0.51308200
vt 0.90760000 0.51308200
vt 0.90564100 0.51308200
vt 0.90949600 0.50669000
vt 0.91050700 0.50029800
vt 0.91050700 0.50669000
vt 0.90755100 0.50669000
vt 0.90852300 0.50029800
vt 0.90852300 0.50669000
vt 0.90561600 0.50669000
vt 0.90658300 0.50029800
vt 0.90658300 0.50669000
vt 0.90464900 0.50029800
vt 0.90464900 0.50669000
vt 0.90368100 0.50282100
vt 0.90368100 0.49255900
vt 0.90368100 0.48229800
vt 0.90368100 0.47203600
vt 0.90368100 0.46177400
vt 0.90368100 0.45151300
vt 0.90368100 0.44125100
vt 0.90368100 0.43098900
vt 0.90368100 0.42072800
vt 0.90368100 0.41046600
vt 0.90368100 0.40020400
vt 0.90368100 0.38994300
vt 0.90368100 0.37968100
vt 0.90368100 0.36941900
vt 0.90368100 0.35915800
vt 0.90368100 0.34889600
vt 0.90368100 0.33863400
vt 0.90368100 0.32837300
vt 0.90368100 0.31811100
vt 0.90368100 0.30784900
vt 0.90368100 0.29758800
vt 0.90368100 0.28732600
vt 0.90368100 0.27706500
vt 0.90368100 0.26680300
vt 0.90368100 0.25654100
vt 0.90368100 0.24628000
vt 0.90368100 0.23601800
vt 0.90368100 0.22575600
vt 0.90368100 0.21549500
vt 0.90368100 0.20523300
vt 0.90368100 0.19497100
vt 0.90368100 0.18471000
vt 0.90368100 0.17444800
vt 0.90368100 0.16418600
vt 0.90368100 0.15392500
vt 0.90368100 0.14366300
vt 0.90368100 0.13340100
vt 0.90368100 0.12314000
vt 0.90368100 0.11287800
vt 0.90368100 0.10261600
vt 0.90368100 0.09235500
vt 0.90368100 0.08209300
vt 0.90368100 0.07183200
vt 0.90368100 0.06157000
vt 0.90368100 0.05130800
vt 0.90368100 0.04104700
vt 0.90368100 0.03078500
vt 0.90368100 0.02052300
vt 0.90368100 0.01026200
vt 0.91151800 0.00000000
vt 0.91151800 0.01068900
vt 0.91151800 0.02137800
vt 0.91151800 0.03206800
vt 0.91151800 0.04275700
vt 0.91151800 0.05344600
vt 0.91151800 0.06413500
vt 0.91151800 0.07482500
vt 0.91151800 0.08551400
vt 0.91151800 0.09620300
vt 0.91151800 0.10689200
vt 0.91151800 0.11758100
vt 0.91151800 0.12827100
vt 0.91151800 0.13896000
vt 0.91151800 0.14964900
vt 0.91151800 0.16033800
vt 0.91151800 0.17102700
vt 0.91151800 0.18171700
vt 0.91151800 0.19240600
vt 0.91151800 0.20309500
vt 0.91151800 0.21378400
vt 0.91151800 0.22447400
vt 0.91151800 0.23516300
vt 0.91151800 0.24585200
vt 0.91151800 0.25654100
vt 0.91151800 0.26723000
vt 0.91151800 0.27792000
vt 0.91151800 0.28860900
vt 0.91151800 0.29929800
vt 0.91151800 0.30998700
vt 0.91151800 0.32067700
vt 0.91151800 0.33136600
vt 0.91151800 0.34205500
vt 0.91151800 0.35274400
vt 0.91151800 0.36343300
vt 0.91151800 0.37412300
vt 0.91151800 0.38481200
vt 0.91151800 0.39550100
vt 0.91151800 0.40619000
vt 0.91151800 0.41688000
vt 0.91151800 0.42756900
vt 0.91151800 0.43825800
vt 0.91151800 0.44894700
vt 0.91151800 0.45963600
vt 0.91151800 0.47032600
vt 0.91151800 0.48101500
vt 0.91151800 0.49170400
vt 0.91151800 0.50239300
vt 0.35510700 0.60574000
vt 0.35980500 0.56339500
vt 0.36450400 0.52104900
vt 0.40318100 0.50398300
vt 0.44185900 0.48691800
vt 0.47583800 0.51219800
vt 0.50981700 0.53747800
vt 0.42306600 0.65630000
vt 0.38908700 0.63102000
vt 0.50042100 0.62216900
vt 0.46174400 0.63923500
vt 0.50511900 0.57982300
vt 0.89193900 0.06725500
vt 0.85481900 0.08817800
vt 0.81769900 0.10910100
vt 0.77979000 0.04184600
vt 0.80453600 0.02789700
vt 0.82928300 0.01394900
vt 0.85402900 0.00000000
vt 0.87298400 0.03362800
vt 0.77979000 0.54277400
vt 0.81321300 0.51690200
vt 0.84663700 0.49102900
vt 0.82606700 0.60411700
vt 0.89291500 0.55237300
vt 0.87063200 0.56962100
vt 0.84835000 0.58686900
vt 0.86977600 0.52170100
vt 0.76638900 0.55239800
vt 0.72494800 0.54570900
vt 0.68350600 0.53901900
vt 0.77832500 0.47615100
vt 0.77235700 0.51427400
vt 0.69544100 0.46277300
vt 0.72306900 0.46723200
vt 0.75069700 0.47169200
vt 0.68947300 0.50089600
vt 0.91298300 0.07720400
vt 0.99673900 0.00000000
vt 0.99673900 0.03860200
vt 0.99673900 0.07720400
vt 0.96882100 0.07720400
vt 0.94090200 0.07720400
vt 0.91298300 0.00000000
vt 0.95486100 0.00000000
vt 0.91298300 0.03860200
vt 0.76872700 0.00000000
vt 0.68350600 0.07720400
vt 0.76872700 0.03860200
vt 0.68350600 0.03860200
vt 0.68350600 0.00000000
vt 0.71191300 0.00000000
vt 0.74032000 0.00000000
vt 0.76872700 0.07720400
vt 0.72611600 0.07720400
vt 0.91298300 0.50000000
vt 0.99673900 0.50000000
vt 0.99673900 0.53860200
vt 0.94090200 0.50000000
vt 0.96882100 0.50000000
vt 0.91298300 0.57720400
vt 0.91298300 0.53860200
vt 0.99673900 0.57720400
vt 0.95486100 0.57720400
vt 0.51128200 0.48691800
vt 0.59666200 0.50422700
vt 0.59666200 0.52045700
vt 0.59666200 0.53668800
vt 0.59666200 0.55291800
vt 0.59666200 0.56906900
vt 0.59666200 0.58485600
vt 0.59666200 0.60064300
vt 0.59666200 0.61643000
vt 0.59666200 0.63221700
vt 0.59666200 0.64800400
vt 0.59666200 0.66379100
vt 0.59666200 0.67957800
vt 0.59666200 0.69536500
vt 0.59666200 0.71115200
vt 0.59666200 0.72790500
vt 0.59666200 0.74272600
vt 0.59666200 0.76003600
vt 0.59666200 0.77626600
vt 0.59666200 0.79249700
vt 0.59666200 0.80872700
vt 0.59666200 0.82487800
vt 0.59666200 0.84066500
vt 0.59666200 0.85645200
vt 0.59666200 0.87223900
vt 0.59666200 0.88802600
vt 0.59666200 0.90381300
vt 0.59666200 0.91960000
vt 0.59666200 0.93538700
vt 0.59666200 0.95117400
vt 0.59666200 0.96696100
vt 0.59666200 0.98371300
vt 0.68204100 0.99853500
vt 0.51128200 0.99853500
vt 0.51128200 0.98830300
vt 0.51128200 0.97807000
vt 0.51128200 0.96783800
vt 0.51128200 0.95760600
vt 0.51128200 0.94737300
vt 0.51128200 0.93714100
vt 0.51128200 0.92690900
vt 0.51128200 0.91667600
vt 0.51128200 0.90644400
vt 0.51128200 0.89621200
vt 0.51128200 0.88597900
vt 0.51128200 0.87574700
vt 0.51128200 0.86551500
vt 0.51128200 0.85528200
vt 0.51128200 0.84505000
vt 0.51128200 0.83481800
vt 0.51128200 0.82458500
vt 0.51128200 0.81435300
vt 0.51128200 0.80412000
vt 0.51128200 0.79388800
vt 0.51128200 0.78365600
vt 0.51128200 0.77342300
vt 0.51128200 0.76319100
vt 0.51128200 0.75295900
vt 0.51128200 0.74272600
vt 0.51128200 0.73249400
vt 0.51128200 0.72226200
vt 0.51128200 0.71202900
vt 0.51128200 0.70179700
vt 0.51128200 0.69156500
vt 0.51128200 0.68133200
vt 0.51128200 0.67110000
vt 0.51128200 0.66086800
vt 0.51128200 0.65063500
vt 0.51128200 0.64040300
vt 0.51128200 0.63017000
vt 0.51128200 0.61993800
vt 0.51128200 0.60970600
vt 0.51128200 0.59947300
vt 0.51128200 0.58924100
vt 0.51128200 0.57900900
vt 0.51128200 0.56877600
vt 0.51128200 0.55854400
vt 0.51128200 0.54831200
vt 0.51128200 0.53807900
vt 0.51128200 0.52784700
vt 0.51128200 0.51761500
vt 0.51128200 0.50738200
vt 0.51128200 0.49715000
vt 0.55397200 0.98371300
vt 0.59666200 0.99112400
vt 0.55397200 0.99112400
vt 0.53262700 0.99112400
vt 0.55397200 0.99483000
vt 0.53262700 0.99483000
vt 0.53262700 0.98371300
vt 0.55397200 0.98741900
vt 0.53262700 0.98741900
vt 0.55397200 0.96696100
vt 0.59666200 0.97533700
vt 0.55397200 0.97533700
vt 0.53262700 0.97533700
vt 0.55397200 0.97952500
vt 0.53262700 0.97952500
vt 0.53262700 0.96696100
vt 0.55397200 0.97114900
vt 0.53262700 0.97114900
vt 0.55397200 0.95117400
vt 0.59666200 0.95906800
vt 0.55397200 0.95906800
vt 0.53262700 0.95906800
vt 0.53262700 0.95117400
vt 0.55397200 0.95512100
vt 0.53262700 0.95512100
vt 0.55397200 0.93538700
vt 0.59666200 0.94328100
vt 0.55397200 0.94328100
vt 0.53262700 0.94328100
vt 0.55397200 0.94722700
vt 0.53262700 0.94722700
vt 0.53262700 0.93538700
vt 0.55397200 0.93933400
vt 0.53262700 0.93933400
vt 0.55397200 0.91960000
vt 0.59666200 0.92749400
vt 0.55397200 0.92749400
vt 0.53262700 0.92749400
vt 0.53262700 0.91960000
vt 0.55397200 0.92354700
vt 0.53262700 0.92354700
vt 0.55397200 0.90381300
vt 0.59666200 0.91170600
vt 0.55397200 0.91170600
vt 0.53262700 0.91170600
vt 0.55397200 0.91565300
vt 0.53262700 0.91565300
vt 0.53262700 0.90381300
vt 0.55397200 0.90776000
vt 0.53262700 0.90776000
vt 0.55397200 0.88802600
vt 0.59666200 0.89591900
vt 0.55397200 0.89591900
vt 0.53262700 0.89591900
vt 0.55397200 0.89986600
vt 0.53262700 0.89986600
vt 0.55397200 0.87223900
vt 0.59666200 0.88013200
vt 0.55397200 0.88013200
vt 0.53262700 0.88802600
vt 0.53262700 0.88013200
vt 0.55397200 0.88407900
vt 0.53262700 0.88407900
vt 0.53262700 0.87223900
vt 0.55397200 0.87618600
vt 0.53262700 0.87618600
vt 0.55397200 0.85645200
vt 0.59666200 0.86434500
vt 0.55397200 0.86434500
vt 0.53262700 0.86434500
vt 0.55397200 0.86829200
vt 0.53262700 0.86829200
vt 0.55397200 0.84066500
vt 0.59666200 0.84855800
vt 0.55397200 0.84855800
vt 0.53262700 0.85645200
vt 0.53262700 0.84855800
vt 0.55397200 0.85250500
vt 0.53262700 0.85250500
vt 0.53262700 0.84066500
vt 0.55397200 0.84461200
vt 0.53262700 0.84461200
vt 0.55397200 0.82487800
vt 0.59666200 0.83277100
vt 0.55397200 0.83277100
vt 0.53262700 0.83277100
vt 0.55397200 0.83671800
vt 0.53262700 0.83671800
vt 0.55397200 0.80872700
vt 0.59666200 0.81680300
vt 0.55397200 0.81680300
vt 0.53262700 0.82487800
vt 0.53262700 0.81680300
vt 0.55397200 0.82084000
vt 0.53262700 0.82084000
vt 0.53262700 0.80872700
vt 0.55397200 0.81276500
vt 0.53262700 0.81276500
vt 0.55397200 0.79249700
vt 0.59666200 0.80061200
vt 0.55397200 0.80061200
vt 0.53262700 0.80061200
vt 0.55397200 0.80467000
vt 0.53262700 0.80467000
vt 0.53262700 0.79249700
vt 0.55397200 0.79655400
vt 0.53262700 0.79655400
vt 0.55397200 0.77626600
vt 0.59666200 0.78438100
vt 0.55397200 0.78438100
vt 0.53262700 0.78438100
vt 0.53262700 0.77626600
vt 0.55397200 0.78032400
vt 0.53262700 0.78032400
vt 0.55397200 0.76003600
vt 0.59666200 0.76815100
vt 0.55397200 0.76815100
vt 0.53262700 0.76815100
vt 0.55397200 0.77220900
vt 0.53262700 0.77220900
vt 0.53262700 0.76003600
vt 0.55397200 0.76409300
vt 0.53262700 0.76409300
vt 0.55397200 0.74272600
vt 0.59666200 0.75138100
vt 0.55397200 0.75138100
vt 0.53262700 0.75138100
vt 0.55397200 0.75570800
vt 0.53262700 0.75570800
vt 0.53262700 0.74272600
vt 0.55397200 0.74705400
vt 0.53262700 0.74705400
vt 0.55397200 0.72790500
vt 0.59666200 0.73531500
vt 0.55397200 0.73531500
vt 0.53262700 0.73531500
vt 0.53262700 0.72790500
vt 0.55397200 0.73161000
vt 0.53262700 0.73161000
vt 0.55397200 0.71115200
vt 0.59666200 0.71952800
vt 0.55397200 0.71952800
vt 0.53262700 0.71952800
vt 0.55397200 0.72371600
vt 0.53262700 0.72371600
vt 0.53262700 0.71115200
vt 0.55397200 0.71534000
vt 0.53262700 0.71534000
vt 0.55397200 0.69536500
vt 0.59666200 0.70325900
vt 0.55397200 0.70325900
vt 0.53262700 0.70325900
vt 0.53262700 0.69536500
vt 0.55397200 0.69931200
vt 0.53262700 0.69931200
vt 0.55397200 0.67957800
vt 0.59666200 0.68747200
vt 0.55397200 0.68747200
vt 0.53262700 0.68747200
vt 0.55397200 0.69141800
vt 0.53262700 0.69141800
vt 0.53262700 0.67957800
vt 0.55397200 0.68352500
vt 0.53262700 0.68352500
vt 0.55397200 0.66379100
vt 0.59666200 0.67168500
vt 0.55397200 0.67168500
vt 0.53262700 0.67168500
vt 0.53262700 0.66379100
vt 0.55397200 0.66773800
vt 0.53262700 0.66773800
vt 0.55397200 0.64800400
vt 0.59666200 0.65589800
vt 0.55397200 0.65589800
vt 0.53262700 0.65589800
vt 0.55397200 0.65984400
vt 0.53262700 0.65984400
vt 0.53262700 0.64800400
vt 0.55397200 0.65195100
vt 0.53262700 0.65195100
vt 0.55397200 0.63221700
vt 0.59666200 0.64011100
vt 0.55397200 0.64011100
vt 0.53262700 0.64011100
vt 0.55397200 0.64405700
vt 0.53262700 0.64405700
vt 0.55397200 0.61643000
vt 0.59666200 0.62432400
vt 0.55397200 0.62432400
vt 0.53262700 0.63221700
vt 0.53262700 0.62432400
vt 0.55397200 0.62827000
vt 0.53262700 0.62827000
vt 0.53262700 0.61643000
vt 0.55397200 0.62037700
vt 0.53262700 0.62037700
vt 0.55397200 0.60064300
vt 0.59666200 0.60853700
vt 0.55397200 0.60853700
vt 0.53262700 0.60853700
vt 0.55397200 0.61248300
vt 0.53262700 0.61248300
vt 0.55397200 0.58485600
vt 0.59666200 0.59275000
vt 0.55397200 0.59275000
vt 0.53262700 0.60064300
vt 0.53262700 0.59275000
vt 0.55397200 0.59669600
vt 0.53262700 0.59669600
vt 0.53262700 0.58485600
vt 0.55397200 0.58880300
vt 0.53262700 0.58880300
vt 0.55397200 0.56906900
vt 0.59666200 0.57696200
vt 0.55397200 0.57696200
vt 0.53262700 0.57696200
vt 0.55397200 0.58090900
vt 0.53262700 0.58090900
vt 0.55397200 0.55291800
vt 0.59666200 0.56099400
vt 0.55397200 0.56099400
vt 0.53262700 0.56906900
vt 0.53262700 0.56099400
vt 0.55397200 0.56503100
vt 0.53262700 0.56503100
vt 0.53262700 0.55291800
vt 0.55397200 0.55695600
vt 0.53262700 0.55695600
vt 0.55397200 0.53668800
vt 0.59666200 0.54480300
vt 0.55397200 0.54480300
vt 0.53262700 0.54480300
vt 0.55397200 0.54886100
vt 0.53262700 0.54886100
vt 0.53262700 0.53668800
vt 0.55397200 0.54074600
vt 0.53262700 0.54074600
vt 0.55397200 0.52045700
vt 0.59666200 0.52857300
vt 0.55397200 0.52857300
vt 0.53262700 0.52857300
vt 0.53262700 0.52045700
vt 0.55397200 0.52451500
vt 0.53262700 0.52451500
vt 0.55397200 0.50422700
vt 0.59666200 0.51234200
vt 0.55397200 0.51234200
vt 0.53262700 0.51234200
vt 0.55397200 0.51640000
vt 0.53262700 0.51640000
vt 0.53262700 0.50422700
vt 0.55397200 0.50828400
vt 0.53262700 0.50828400
vt 0.59666200 0.49557200
vt 0.55397200 0.49557200
vt 0.53262700 0.49557200
vt 0.55397200 0.49989900
vt 0.53262700 0.49989900
vt 0.55397200 0.49124500
vt 0.53262700 0.49124500
vt 0.56820200 0.48691800
vt 0.62512100 0.48691800
vt 0.62512100 0.99853500
vt 0.56820200 0.99853500
vt 0.68204100 0.48691800
vt 0.68204100 0.51534100
vt 0.68204100 0.54376400
vt 0.68204100 0.57218700
vt 0.68204100 0.60061000
vt 0.68204100 0.62903400
vt 0.68204100 0.65745700
vt 0.68204100 0.68588000
vt 0.68204100 0.71430300
vt 0.68204100 0.74272600
vt 0.68204100 0.77115000
vt 0.68204100 0.79957300
vt 0.68204100 0.82799600
vt 0.68204100 0.85641900
vt 0.68204100 0.88484200
vt 0.68204100 0.91326600
vt 0.68204100 0.94168900
vt 0.68204100 0.97011200
vt 0.04493500 0.26170500
vt 0.04493500 0.30646000
vt 0.04493500 0.35121600
vt 0.04493500 0.39597100
vt 0.08990000 0.21694900
vt 0.08990000 0.44072700
vt 0.13486500 0.21694900
vt 0.13486500 0.44072700
vt 0.17982900 0.21694900
vt 0.17982900 0.44072700
vt 0.22479400 0.21694900
vt 0.22479400 0.44072700
vt 0.26975900 0.26170500
vt 0.26975900 0.30646000
vt 0.26975900 0.35121600
vt 0.26975900 0.39597100
vt 0.09431700 0.18530600
vt 0.10388300 0.18151000
vt 0.11367900 0.17834500
vt 0.12366100 0.17582500
vt 0.13378700 0.17395900
vt 0.14401500 0.17275700
vt 0.15429900 0.17222300
vt 0.16459700 0.17236000
vt 0.17486300 0.17316700
vt 0.18505500 0.17464100
vt 0.19512700 0.17677500
vt 0.20503900 0.17956000
vt 0.21474500 0.18298400
vt 0.22420600 0.18703300
vt 0.23338100 0.19168900
vt 0.24223000 0.19693200
vt 0.25071600 0.20274100
vt 0.25880200 0.20908900
vt 0.26645300 0.21595000
vt 0.27363700 0.22329400
vt 0.28032300 0.23109000
vt 0.28648300 0.23930500
vt 0.29209000 0.24790400
vt 0.29711900 0.25684800
vt 0.30155000 0.26610200
vt 0.30536400 0.27562300
vt 0.30854400 0.28537300
vt 0.31107600 0.29530900
vt 0.31295000 0.30538800
vt 0.31415800 0.31556800
vt 0.31469400 0.32580400
vt 0.31455700 0.33605400
vt 0.31374600 0.34627300
vt 0.31226500 0.35641700
vt 0.31012100 0.36644300
vt 0.30732300 0.37630800
vt 0.30388300 0.38596900
vt 0.29981500 0.39538600
vt 0.29513800 0.40451800
vt 0.28987000 0.41332600
vt 0.28403400 0.42177200
vt 0.27765600 0.42982000
vt 0.27076300 0.43743600
vt 0.26338500 0.44458700
vt 0.25555200 0.45124200
vt 0.24729900 0.45737300
vt 0.23866000 0.46295300
vt 0.22967300 0.46796000
vt 0.22037700 0.47237000
vt 0.13486500 0.19457200
vt 0.11238200 0.21694900
vt 0.11238200 0.19457200
vt 0.17982900 0.19457200
vt 0.15734700 0.21694900
vt 0.15734700 0.19457200
vt 0.22479400 0.19457200
vt 0.20231200 0.21694900
vt 0.20231200 0.19457200
vt 0.29224100 0.30646000
vt 0.26975900 0.28408300
vt 0.29224100 0.28408300
vt 0.29224100 0.35121600
vt 0.26975900 0.32883800
vt 0.29224100 0.32883800
vt 0.29224100 0.39597100
vt 0.26975900 0.37359400
vt 0.29224100 0.37359400
vt 0.17982900 0.46310400
vt 0.20231200 0.44072700
vt 0.20231200 0.46310400
vt 0.12321600 0.25111400
vt 0.10636200 0.27387500
vt 0.08950900 0.29663600
vt 0.07265600 0.31939700
vt 0.08403300 0.34530500
vt 0.09541000 0.37121300
vt 0.10678700 0.39712100
vt 0.13501700 0.40026800
vt 0.16324800 0.40341500
vt 0.19147800 0.40656200
vt 0.20833200 0.38380100
vt 0.22518500 0.36104000
vt 0.24203800 0.33827900
vt 0.23066100 0.31237100
vt 0.21928400 0.28646300
vt 0.20790700 0.26055500
vt 0.17967700 0.25740800
vt 0.15144600 0.25426100
vt 0.21081100 0.47616600
vt 0.20101500 0.47933100
vt 0.19103300 0.48185200
vt 0.18090700 0.48371700
vt 0.17067900 0.48491900
vt 0.16039500 0.48545300
vt 0.15009700 0.48531600
vt 0.13983100 0.48450900
vt 0.12963900 0.48303500
vt 0.11956700 0.48090100
vt 0.10965600 0.47811600
vt 0.09994900 0.47469200
vt 0.09048800 0.47064300
vt 0.08131300 0.46598700
vt 0.07246400 0.46074400
vt 0.06397800 0.45493600
vt 0.05589200 0.44858700
vt 0.04824100 0.44172600
vt 0.04105700 0.43438200
vt 0.03437100 0.42658600
vt 0.02821100 0.41837100
vt 0.02260400 0.40977300
vt 0.01757500 0.40082800
vt 0.01314400 0.39157500
vt 0.00933000 0.38205300
vt 0.00615000 0.37230300
vt 0.00361800 0.36236700
vt 0.00174400 0.35228800
vt 0.00053600 0.34210800
vt 0.00000000 0.33187200
vt 0.00013800 0.32162200
vt 0.00094800 0.31140300
vt 0.00242900 0.30125900
vt 0.00457300 0.29123400
vt 0.00737100 0.28136900
vt 0.01081100 0.27170700
vt 0.01487900 0.26229000
vt 0.01955700 0.25315800
vt 0.02482400 0.24435000
vt 0.03066000 0.23590400
vt 0.03703800 0.22785600
vt 0.04393100 0.22024000
vt 0.05130900 0.21308900
vt 0.05914200 0.20643400
vt 0.06739600 0.20030300
vt 0.07603400 0.19472300
vt 0.08502100 0.18971600
vt 0.13486500 0.46310400
vt 0.15734700 0.44072700
vt 0.15734700 0.46310400
vt 0.08990000 0.46310400
vt 0.11238200 0.44072700
vt 0.11238200 0.46310400
vt 0.04493500 0.37359400
vt 0.02245300 0.35121600
vt 0.02245300 0.37359400
vt 0.04493500 0.32883800
vt 0.02245300 0.30646000
vt 0.02245300 0.32883800
vt 0.04493500 0.28408300
vt 0.02245300 0.26170500
vt 0.02245300 0.28408300
vt 0.01686600 0.08537900
vt 0.03264900 0.08537900
vt 0.04843300 0.08537900
vt 0.06421700 0.08537900
vt 0.07952800 0.08537900
vt 0.09534000 0.08537900
vt 0.11069300 0.08537900
vt 0.12604500 0.08537900
vt 0.14139800 0.08537900
vt 0.15675000 0.08537900
vt 0.17210300 0.08537900
vt 0.18745500 0.08537900
vt 0.20280800 0.08537900
vt 0.21816000 0.08537900
vt 0.23429400 0.08537900
vt 0.25049200 0.08537900
vt 0.26503000 0.08537900
vt 0.28129900 0.08537900
vt 0.29708200 0.08537900
vt 0.31286600 0.08537900
vt 0.32865000 0.08537900
vt 0.34420500 0.08537900
vt 0.35955800 0.08537900
vt 0.37491000 0.08537900
vt 0.39026300 0.08537900
vt 0.40561500 0.08537900
vt 0.42096800 0.08537900
vt 0.43632000 0.08537900
vt 0.45167300 0.08537900
vt 0.46702500 0.08537900
vt 0.48237700 0.08537900
vt 0.49868600 0.08537900
vt 0.51308200 0.00000000
vt 0.51308200 0.05692000
vt 0.51308200 0.11383900
vt 0.00000000 0.17075900
vt 0.00000000 0.11383900
vt 0.00000000 0.05692000
vt 0.51308200 0.17075900
vt 0.50282100 0.17075900
vt 0.49255900 0.17075900
vt 0.48229800 0.17075900
vt 0.47203600 0.17075900
vt 0.46177400 0.17075900
vt 0.45151300 0.17075900
vt 0.44125100 0.17075900
vt 0.43098900 0.17075900
vt 0.42072800 0.17075900
vt 0.41046600 0.17075900
vt 0.40020400 0.17075900
vt 0.38994300 0.17075900
vt 0.37968100 0.17075900
vt 0.36941900 0.17075900
vt 0.35915800 0.17075900
vt 0.34889600 0.17075900
vt 0.33863400 0.17075900
vt 0.32837300 0.17075900
vt 0.31811100 0.17075900
vt 0.30784900 0.17075900
vt 0.29758800 0.17075900
vt 0.28732600 0.17075900
vt 0.27706500 0.17075900
vt 0.26680300 0.17075900
vt 0.25654100 0.17075900
vt 0.24628000 0.17075900
vt 0.23601800 0.17075900
vt 0.22575600 0.17075900
vt 0.21549500 0.17075900
vt 0.20523300 0.17075900
vt 0.19497100 0.17075900
vt 0.18471000 0.17075900
vt 0.17444800 0.17075900
vt 0.16418600 0.17075900
vt 0.15392500 0.17075900
vt 0.14366300 0.17075900
vt 0.13340100 0.17075900
vt 0.12314000 0.17075900
vt 0.11287800 0.17075900
vt 0.10261600 0.17075900
vt 0.09235500 0.17075900
vt 0.08209300 0.17075900
vt 0.07183200 0.17075900
vt 0.06157000 0.17075900
vt 0.05130800 0.17075900
vt 0.04104700 0.17075900
vt 0.03078500 0.17075900
vt 0.02052300 0.17075900
vt 0.01026200 0.17075900
vt 0.49868600 0.12806900
vt 0.50588400 0.08537900
vt 0.50588400 0.12806900
vt 0.50588400 0.14941400
vt 0.50948300 0.12806900
vt 0.50948300 0.14941400
vt 0.49868600 0.14941400
vt 0.50228500 0.12806900
vt 0.50228500 0.14941400
vt 0.48237700 0.12806900
vt 0.49053200 0.08537900
vt 0.49053200 0.12806900
vt 0.49053200 0.14941400
vt 0.49460900 0.12806900
vt 0.49460900 0.14941400
vt 0.46702500 0.12806900
vt 0.47470100 0.08537900
vt 0.47470100 0.12806900
vt 0.48237700 0.14941400
vt 0.47470100 0.14941400
vt 0.47853900 0.12806900
vt 0.47853900 0.14941400
vt 0.46702500 0.14941400
vt 0.47086300 0.12806900
vt 0.47086300 0.14941400
vt 0.45167300 0.12806900
vt 0.45934900 0.08537900
vt 0.45934900 0.12806900
vt 0.45934900 0.14941400
vt 0.46318700 0.12806900
vt 0.46318700 0.14941400
vt 0.43632000 0.12806900
vt 0.44399600 0.08537900
vt 0.44399600 0.12806900
vt 0.45167300 0.14941400
vt 0.44399600 0.14941400
vt 0.44783400 0.12806900
vt 0.44783400 0.14941400
vt 0.43632000 0.14941400
vt 0.44015800 0.12806900
vt 0.44015800 0.14941400
vt 0.42096800 0.12806900
vt 0.42864400 0.08537900
vt 0.42864400 0.12806900
vt 0.42864400 0.14941400
vt 0.43248200 0.12806900
vt 0.43248200 0.14941400
vt 0.40561500 0.12806900
vt 0.41329100 0.08537900
vt 0.41329100 0.12806900
vt 0.42096800 0.14941400
vt 0.41329100 0.14941400
vt 0.41712900 0.12806900
vt 0.41712900 0.14941400
vt 0.40561500 0.14941400
vt 0.40945300 0.12806900
vt 0.40945300 0.14941400
vt 0.39026300 0.12806900
vt 0.39793900 0.08537900
vt 0.39793900 0.12806900
vt 0.39793900 0.14941400
vt 0.40177700 0.12806900
vt 0.40177700 0.14941400
vt 0.37491000 0.12806900
vt 0.38258600 0.08537900
vt 0.38258600 0.12806900
vt 0.39026300 0.14941400
vt 0.38258600 0.14941400
vt 0.38642500 0.12806900
vt 0.38642500 0.14941400
vt 0.37491000 0.14941400
vt 0.37874800 0.12806900
vt 0.37874800 0.14941400
vt 0.35955800 0.12806900
vt 0.36723400 0.08537900
vt 0.36723400 0.12806900
vt 0.36723400 0.14941400
vt 0.37107200 0.12806900
vt 0.37107200 0.14941400
vt 0.34420500 0.12806900
vt 0.35188200 0.08537900
vt 0.35188200 0.12806900
vt 0.35955800 0.14941400
vt 0.35188200 0.14941400
vt 0.35572000 0.12806900
vt 0.35572000 0.14941400
vt 0.34420500 0.14941400
vt 0.34804300 0.12806900
vt 0.34804300 0.14941400
vt 0.32865000 0.12806900
vt 0.33642800 0.08537900
vt 0.33642800 0.12806900
vt 0.33642800 0.14941400
vt 0.34031600 0.12806900
vt 0.34031600 0.14941400
vt 0.31286600 0.12806900
vt 0.32075800 0.08537900
vt 0.32075800 0.12806900
vt 0.32865000 0.14941400
vt 0.32075800 0.14941400
vt 0.32470400 0.12806900
vt 0.32470400 0.14941400
vt 0.31286600 0.14941400
vt 0.31681200 0.12806900
vt 0.31681200 0.14941400
vt 0.29708200 0.12806900
vt 0.30497400 0.08537900
vt 0.30497400 0.12806900
vt 0.30497400 0.14941400
vt 0.30892000 0.12806900
vt 0.30892000 0.14941400
vt 0.29708200 0.14941400
vt 0.30102800 0.12806900
vt 0.30102800 0.14941400
vt 0.28129900 0.12806900
vt 0.28919100 0.08537900
vt 0.28919100 0.12806900
vt 0.28919100 0.14941400
vt 0.28129900 0.14941400
vt 0.28524500 0.12806900
vt 0.28524500 0.14941400
vt 0.26503000 0.12806900
vt 0.27316400 0.08537900
vt 0.27316400 0.12806900
vt 0.27316400 0.14941400
vt 0.27723100 0.12806900
vt 0.27723100 0.14941400
vt 0.26503000 0.14941400
vt 0.26909700 0.12806900
vt 0.26909700 0.14941400
vt 0.25049200 0.12806900
vt 0.25776100 0.08537900
vt 0.25776100 0.12806900
vt 0.25776100 0.14941400
vt 0.25049200 0.14941400
vt 0.25412600 0.12806900
vt 0.25412600 0.14941400
vt 0.23429400 0.12806900
vt 0.24239300 0.08537900
vt 0.24239300 0.12806900
vt 0.24239300 0.14941400
vt 0.24644200 0.12806900
vt 0.24644200 0.14941400
vt 0.23429400 0.14941400
vt 0.23834300 0.12806900
vt 0.23834300 0.14941400
vt 0.21816000 0.12806900
vt 0.22622700 0.08537900
vt 0.22622700 0.12806900
vt 0.22622700 0.14941400
vt 0.21816000 0.14941400
vt 0.22219300 0.12806900
vt 0.22219300 0.14941400
vt 0.20280800 0.12806900
vt 0.21048400 0.08537900
vt 0.21048400 0.12806900
vt 0.21048400 0.14941400
vt 0.21432200 0.12806900
vt 0.21432200 0.14941400
vt 0.20280800 0.14941400
vt 0.20664600 0.12806900
vt 0.20664600 0.14941400
vt 0.18745500 0.12806900
vt 0.19513100 0.08537900
vt 0.19513100 0.12806900
vt 0.19513100 0.14941400
vt 0.18745500 0.14941400
vt 0.19129300 0.12806900
vt 0.19129300 0.14941400
vt 0.17210300 0.12806900
vt 0.17977900 0.08537900
vt 0.17977900 0.12806900
vt 0.17977900 0.14941400
vt 0.18361700 0.12806900
vt 0.18361700 0.14941400
vt 0.17210300 0.14941400
vt 0.17594100 0.12806900
vt 0.17594100 0.14941400
vt 0.15675000 0.12806900
vt 0.16442600 0.08537900
vt 0.16442600 0.12806900
vt 0.16442600 0.14941400
vt 0.15675000 0.14941400
vt 0.16058800 0.12806900
vt 0.16058800 0.14941400
vt 0.14139800 0.12806900
vt 0.14907400 0.08537900
vt 0.14907400 0.12806900
vt 0.14907400 0.14941400
vt 0.15291200 0.12806900
vt 0.15291200 0.14941400
vt 0.14139800 0.14941400
vt 0.14523600 0.12806900
vt 0.14523600 0.14941400
vt 0.12604500 0.12806900
vt 0.13372100 0.08537900
vt 0.13372100 0.12806900
vt 0.13372100 0.14941400
vt 0.12604500 0.14941400
vt 0.12988300 0.12806900
vt 0.12988300 0.14941400
vt 0.11069300 0.12806900
vt 0.11836900 0.08537900
vt 0.11836900 0.12806900
vt 0.11836900 0.14941400
vt 0.12220700 0.12806900
vt 0.12220700 0.14941400
vt 0.11069300 0.14941400
vt 0.11453100 0.12806900
vt 0.11453100 0.14941400
vt 0.09534000 0.12806900
vt 0.10301700 0.08537900
vt 0.10301700 0.12806900
vt 0.10301700 0.14941400
vt 0.09534000 0.14941400
vt 0.09917800 0.12806900
vt 0.09917800 0.14941400
vt 0.07952800 0.12806900
vt 0.08743400 0.08537900
vt 0.08743400 0.12806900
vt 0.08743400 0.14941400
vt 0.09138700 0.12806900
vt 0.09138700 0.14941400
vt 0.07952800 0.14941400
vt 0.08348100 0.12806900
vt 0.08348100 0.14941400
vt 0.06421700 0.12806900
vt 0.07187200 0.08537900
vt 0.07187200 0.12806900
vt 0.07187200 0.14941400
vt 0.06421700 0.14941400
vt 0.06804500 0.12806900
vt 0.06804500 0.14941400
vt 0.04843300 0.12806900
vt 0.05632500 0.08537900
vt 0.05632500 0.12806900
vt 0.05632500 0.14941400
vt 0.06027100 0.12806900
vt 0.06027100 0.14941400
vt 0.04843300 0.14941400
vt 0.05237900 0.12806900
vt 0.05237900 0.14941400
vt 0.03264900 0.12806900
vt 0.04054100 0.08537900
vt 0.04054100 0.12806900
vt 0.04054100 0.14941400
vt 0.04448700 0.12806900
vt 0.04448700 0.14941400
vt 0.01686600 0.12806900
vt 0.02475700 0.08537900
vt 0.02475700 0.12806900
vt 0.03264900 0.14941400
vt 0.02475700 0.14941400
vt 0.02870300 0.12806900
vt 0.02870300 0.14941400
vt 0.01686600 0.14941400
vt 0.02081100 0.12806900
vt 0.02081100 0.14941400
vt 0.00843300 0.08537900
vt 0.00843300 0.12806900
vt 0.00843300 0.14941400
vt 0.01264900 0.12806900
vt 0.01264900 0.14941400
vt 0.00421600 0.12806900
vt 0.00421600 0.14941400
vt 0.00000000 0.00000000
vt 0.02850500 0.00000000
vt 0.05700900 0.00000000
vt 0.08551400 0.00000000
vt 0.11401800 0.00000000
vt 0.14252300 0.00000000
vt 0.17102700 0.00000000
vt 0.19953200 0.00000000
vt 0.22803700 0.00000000
vt 0.25654100 0.00000000
vt 0.28504600 0.00000000
vt 0.31355000 0.00000000
vt 0.34205500 0.00000000
vt 0.37056000 0.00000000
vt 0.39906400 0.00000000
vt 0.42756900 0.00000000
vt 0.45607300 0.00000000
vt 0.48457800 0.00000000
vt 0.90221700 0.00000000
vt 0.89438000 0.00000000
vt 0.90019500 0.01539200
vt 0.89824900 0.01539200
vt 0.89631400 0.01539200
vt 0.90019500 0.02923700
vt 0.89824900 0.02923700
vt 0.89631400 0.02923700
vt 0.90019500 0.04331400
vt 0.89824900 0.04331400
vt 0.89631400 0.04331400
vt 0.90019500 0.05739200
vt 0.89824900 0.05739200
vt 0.89631400 0.05739200
vt 0.90019500 0.07146900
vt 0.89824900 0.07146900
vt 0.89631400 0.07146900
vt 0.90019500 0.08538200
vt 0.89824900 0.08538200
vt 0.89631400 0.08538200
vt 0.90019500 0.09907500
vt 0.89824900 0.09907500
vt 0.89631400 0.09907500
vt 0.90019500 0.11276700
vt 0.89824900 0.11276700
vt 0.89631400 0.11276700
vt 0.90019500 0.12646000
vt 0.89824900 0.12646000
vt 0.89631400 0.12646000
vt 0.90019500 0.14015300
vt 0.89824900 0.14015300
vt 0.89631400 0.14015300
vt 0.90019500 0.15384600
vt 0.89824900 0.15384600
vt 0.89631400 0.15384600
vt 0.90019500 0.16753800
vt 0.89824900 0.16753800
vt 0.89631400 0.16753800
vt 0.90019500 0.18123100
vt 0.89824900 0.18123100
vt 0.89631400 0.18123100
vt 0.90019500 0.19492400
vt 0.89824900 0.19492400
vt 0.89631400 0.19492400
vt 0.90019500 0.20861700
vt 0.89824900 0.20861700
vt 0.89631400 0.20861700
vt 0.90019500 0.22230900
vt 0.89824900 0.22230900
vt 0.89631400 0.22230900
vt 0.90019500 0.23677300
vt 0.89824900 0.23677300
vt 0.89631400 0.23677300
vt 0.90019500 0.25122100
vt 0.89824900 0.25122100
vt 0.89631400 0.25122100
vt 0.90019500 0.26411200
vt 0.89824900 0.26411200
vt 0.89631400 0.26411200
vt 0.90019500 0.27873900
vt 0.89824900 0.27873900
vt 0.89631400 0.27873900
vt 0.90019500 0.29281700
vt 0.89824900 0.29281700
vt 0.89631400 0.29281700
vt 0.90019500 0.30689400
vt 0.89824900 0.30689400
vt 0.89631400 0.30689400
vt 0.90019500 0.32097100
vt 0.89824900 0.32097100
vt 0.89631400 0.32097100
vt 0.90019500 0.33504900
vt 0.89824900 0.33504900
vt 0.89631400 0.33504900
vt 0.90019500 0.34877000
vt 0.89824900 0.34877000
vt 0.89631400 0.34877000
vt 0.90019500 0.36246200
vt 0.89824900 0.36246200
vt 0.89631400 0.36246200
vt 0.90019500 0.37615500
vt 0.89824900 0.37615500
vt 0.89631400 0.37615500
vt 0.90019500 0.38984800
vt 0.89824900 0.38984800
vt 0.89631400 0.38984800
vt 0.90019500 0.40354000
vt 0.89824900 0.40354000
vt 0.89631400 0.40354000
vt 0.90019500 0.41723300
vt 0.89824900 0.41723300
vt 0.89631400 0.41723300
vt 0.90019500 0.43092600
vt 0.89824900 0.43092600
vt 0.89631400 0.43092600
vt 0.90019500 0.44461900
vt 0.89824900 0.44461900
vt 0.89631400 0.44461900
vt 0.90019500 0.45831100
vt 0.89824900 0.45831100
vt 0.89631400 0.45831100
vt 0.90019500 0.47200400
vt 0.89824900 0.47200400
vt 0.89631400 0.47200400
vt 0.90019500 0.48569700
vt 0.89824900 0.48569700
vt 0.89631400 0.48569700
vt 0.90019500 0.50029800
vt 0.89824900 0.50029800
vt 0.89631400 0.50029800
vt 0.90221700 0.51308200
vt 0.90025700 0.51308200
vt 0.89829800 0.51308200
vt 0.89633900 0.51308200
vt 0.90019500 0.50669000
vt 0.90120600 0.50029800
vt 0.90120600 0.50669000
vt 0.89824900 0.50669000
vt 0.89922200 0.50029800
vt 0.89922200 0.50669000
vt 0.89631400 0.50669000
vt 0.89728200 0.50029800
vt 0.89728200 0.50669000
vt 0.89534700 0.50029800
vt 0.89534700 0.50669000
vt 0.89633900 0.00000000
vt 0.89829800 0.00000000
vt 0.90025700 0.00000000
vt 0.89534700 0.01539200
vt 0.89631400 0.00769600
vt 0.89534700 0.00769600
vt 0.89728200 0.01539200
vt 0.89824900 0.00769600
vt 0.89728200 0.00769600
vt 0.89922200 0.01539200
vt 0.90019500 0.00769600
vt 0.89922200 0.00769600
vt 0.90120600 0.01539200
vt 0.90120600 0.00769600
vt 0.89438000 0.51308200
vt 0.89438000 0.50282100
vt 0.89438000 0.49255900
vt 0.89438000 0.48229800
vt 0.89438000 0.47203600
vt 0.89438000 0.46177400
vt 0.89438000 0.45151300
vt 0.89438000 0.44125100
vt 0.89438000 0.43098900
vt 0.89438000 0.42072800
vt 0.89438000 0.41046600
vt 0.89438000 0.40020400
vt 0.89438000 0.38994300
vt 0.89438000 0.37968100
vt 0.89438000 0.36941900
vt 0.89438000 0.35915800
vt 0.89438000 0.34889600
vt 0.89438000 0.33863400
vt 0.89438000 0.32837300
vt 0.89438000 0.31811100
vt 0.89438000 0.30784900
vt 0.89438000 0.29758800
vt 0.89438000 0.28732600
vt 0.89438000 0.27706500
vt 0.89438000 0.26680300
vt 0.89438000 0.25654100
vt 0.89438000 0.24628000
vt 0.89438000 0.23601800
vt 0.89438000 0.22575600
vt 0.89438000 0.21549500
vt 0.89438000 0.20523300
vt 0.89438000 0.19497100
vt 0.89438000 0.18471000
vt 0.89438000 0.17444800
vt 0.89438000 0.16418600
vt 0.89438000 0.15392500
vt 0.89438000 0.14366300
vt 0.89438000 0.13340100
vt 0.89438000 0.12314000
vt 0.89438000 0.11287800
vt 0.89438000 0.10261600
vt 0.89438000 0.09235500
vt 0.89438000 0.08209300
vt 0.89438000 0.07183200
vt 0.89438000 0.06157000
vt 0.89438000 0.05130800
vt 0.89438000 0.04104700
vt 0.89438000 0.03078500
vt 0.89438000 0.02052300
vt 0.89438000 0.01026200
vt 0.90221700 0.01068900
vt 0.90221700 0.02137800
vt 0.90221700 0.03206800
vt 0.90221700 0.04275700
vt 0.90221700 0.05344600
vt 0.90221700 0.06413500
vt 0.90221700 0.07482500
vt 0.90221700 0.08551400
vt 0.90221700 0.09620300
vt 0.90221700 0.10689200
vt 0.90221700 0.11758100
vt 0.90221700 0.12827100
vt 0.90221700 0.13896000
vt 0.90221700 0.14964900
vt 0.90221700 0.16033800
vt 0.90221700 0.17102700
vt 0.90221700 0.18171700
vt 0.90221700 0.19240600
vt 0.90221700 0.20309500
vt 0.90221700 0.21378400
vt 0.90221700 0.22447400
vt 0.90221700 0.23516300
vt 0.90221700 0.24585200
vt 0.90221700 0.25654100
vt 0.90221700 0.26723000
vt 0.90221700 0.27792000
vt 0.90221700 0.28860900
vt 0.90221700 0.29929800
vt 0.90221700 0.30998700
vt 0.90221700 0.32067700
vt 0.90221700 0.33136600
vt 0.90221700 0.34205500
vt 0.90221700 0.35274400
vt 0.90221700 0.36343300
vt 0.90221700 0.37412300
vt 0.90221700 0.38481200
vt 0.90221700 0.39550100
vt 0.90221700 0.40619000
vt 0.90221700 0.41688000
vt 0.90221700 0.42756900
vt 0.90221700 0.43825800
vt 0.90221700 0.44894700
vt 0.90221700 0.45963600
vt 0.90221700 0.47032600
vt 0.90221700 0.48101500
vt 0.90221700 0.49170400
vt 0.90221700 0.50239300
vt 0.17487800 0.83406600
vt 0.14599500 0.83166300
vt 0.11790000 0.82451800
vt 0.09136000 0.81282800
vt 0.06709700 0.79691000
vt 0.04577500 0.77719900
vt 0.02797400 0.75423300
vt 0.01418000 0.72863800
vt 0.00477000 0.70111200
vt 0.00000000 0.67240600
vt 0.00000000 0.64330300
vt 0.00477000 0.61459700
vt 0.01418000 0.58707100
vt 0.02797400 0.56147600
vt 0.04577500 0.53850900
vt 0.06709700 0.51879800
vt 0.09136000 0.50288100
vt 0.11790000 0.49119000
vt 0.14599500 0.48404600
vt 0.17487800 0.48164200
vt 0.29532500 0.55079500
vt 0.27498200 0.53141800
vt 0.25159800 0.51588300
vt 0.22588200 0.50466200
vt 0.19861600 0.49809500
vt 0.17063000 0.49638300
vt 0.14277200 0.49957700
vt 0.11589000 0.50758000
vt 0.09080000 0.52014900
vt 0.06826500 0.53690200
vt 0.04896900 0.55733000
vt 0.03349900 0.58081300
vt 0.02232400 0.60663600
vt 0.01578500 0.63401600
vt 0.01408000 0.66212000
vt 0.01726000 0.69009400
vt 0.02523000 0.71708900
vt 0.03774700 0.74228400
vt 0.05443000 0.76491400
vt 0.07477300 0.78429000
vt 0.09815700 0.79982500
vt 0.12387300 0.81104600
vt 0.15113900 0.81761300
vt 0.17912500 0.81932500
vt 0.20698300 0.81613200
vt 0.23386500 0.80812900
vt 0.25895500 0.79556000
vt 0.28149000 0.77880600
vt 0.30078600 0.75837800
vt 0.31625600 0.73489600
vt 0.32743100 0.70907200
vt 0.33397000 0.68169300
vt 0.33567500 0.65358900
vt 0.33249500 0.62561400
vt 0.32452500 0.59861900
vt 0.31200900 0.57342500
vt 0.20376000 0.48404600
vt 0.23185500 0.49119000
vt 0.25839500 0.50288100
vt 0.28265800 0.51879800
vt 0.30398000 0.53850900
vt 0.32178100 0.56147600
vt 0.33557500 0.58707100
vt 0.34498500 0.61459700
vt 0.34975500 0.64330300
vt 0.34975500 0.67240600
vt 0.34498500 0.70111200
vt 0.33557500 0.72863800
vt 0.32178100 0.75423300
vt 0.30398000 0.77719900
vt 0.28265800 0.79691000
vt 0.25839500 0.81282800
vt 0.23185500 0.82451800
vt 0.20376000 0.83166300
vt 0.57483200 0.48164200
vt 0.56709700 0.48164200
vt 0.57283600 0.49682200
vt 0.57091600 0.49682200
vt 0.56900700 0.49682200
vt 0.57283600 0.51047600
vt 0.57091600 0.51047600
vt 0.56900700 0.51047600
vt 0.57283600 0.52435900
vt 0.57091600 0.52435900
vt 0.56900700 0.52435900
vt 0.57283600 0.53824200
vt 0.57091600 0.53824200
vt 0.56900700 0.53824200
vt 0.57283600 0.55212500
vt 0.57091600 0.55212500
vt 0.56900700 0.55212500
vt 0.57283600 0.56584600
vt 0.57091600 0.56584600
vt 0.56900700 0.56584600
vt 0.57283600 0.57935000
vt 0.57091600 0.57935000
vt 0.56900700 0.57935000
vt 0.57283600 0.59285300
vt 0.57091600 0.59285300
vt 0.56900700 0.59285300
vt 0.57283600 0.60635700
vt 0.57091600 0.60635700
vt 0.56900700 0.60635700
vt 0.57283600 0.61986100
vt 0.57091600 0.61986100
vt 0.56900700 0.61986100
vt 0.57283600 0.63336500
vt 0.57091600 0.63336500
vt 0.56900700 0.63336500
vt 0.57283600 0.64686800
vt 0.57091600 0.64686800
vt 0.56900700 0.64686800
vt 0.57283600 0.66037200
vt 0.57091600 0.66037200
vt 0.56900700 0.66037200
vt 0.57283600 0.67387600
vt 0.57091600 0.67387600
vt 0.56900700 0.67387600
vt 0.57283600 0.68738000
vt 0.57091600 0.68738000
vt 0.56900700 0.68738000
vt 0.57283600 0.70088400
vt 0.57091600 0.70088400
vt 0.56900700 0.70088400
vt 0.57283600 0.71514800
vt 0.57091600 0.71514800
vt 0.56900700 0.71514800
vt 0.57283600 0.72939700
vt 0.57091600 0.72939700
vt 0.56900700 0.72939700
vt 0.57283600 0.74210900
vt 0.57091600 0.74210900
vt 0.56900700 0.74210900
vt 0.57283600 0.75653400
vt 0.57091600 0.75653400
vt 0.56900700 0.75653400
vt 0.57283600 0.77041800
vt 0.57091600 0.77041800
vt 0.56900700 0.77041800
vt 0.57283600 0.78430100
vt 0.57091600 0.78430100
vt 0.56900700 0.78430100
vt 0.57283600 0.79818400
vt 0.57091600 0.79818400
vt 0.56900700 0.79818400
vt 0.57283600 0.81206700
vt 0.57091600 0.81206700
vt 0.56900700 0.81206700
vt 0.57283600 0.82559800
vt 0.57091600 0.82559800
vt 0.56900700 0.82559800
vt 0.57283600 0.83910200
vt 0.57091600 0.83910200
vt 0.56900700 0.83910200
vt 0.57283600 0.85260600
vt 0.57091600 0.85260600
vt 0.56900700 0.85260600
vt 0.57283600 0.86611000
vt 0.57091600 0.86611000
vt 0.56900700 0.86611000
vt 0.57283600 0.87961300
vt 0.57091600 0.87961300
vt 0.56900700 0.87961300
vt 0.57283600 0.89311700
vt 0.57091600 0.89311700
vt 0.56900700 0.89311700
vt 0.57283600 0.90662100
vt 0.57091600 0.90662100
vt 0.56900700 0.90662100
vt 0.57283600 0.92012500
vt 0.57091600 0.92012500
vt 0.56900700 0.92012500
vt 0.57283600 0.93362800
vt 0.57091600 0.93362800
vt 0.56900700 0.93362800
vt 0.57283600 0.94713200
vt 0.57091600 0.94713200
vt 0.56900700 0.94713200
vt 0.57283600 0.96063600
vt 0.57091600 0.96063600
vt 0.56900700 0.96063600
vt 0.57283600 0.97503500
vt 0.57091600 0.97503500
vt 0.56900700 0.97503500
vt 0.56709700 0.98764300
vt 0.56903100 0.48164200
vt 0.57096500 0.48164200
vt 0.57289800 0.48164200
vt 0.56805200 0.49682200
vt 0.56900700 0.48923200
vt 0.56805200 0.48923200
vt 0.56996100 0.49682200
vt 0.57091600 0.48923200
vt 0.56996100 0.48923200
vt 0.57187600 0.49682200
vt 0.57283600 0.48923200
vt 0.57187600 0.48923200
vt 0.57383400 0.49682200
vt 0.57383400 0.48923200
vt 0.57483200 0.98764300
vt 0.57289800 0.98764300
vt 0.57096500 0.98764300
vt 0.56903100 0.98764300
vt 0.57283600 0.98133900
vt 0.57383400 0.97503500
vt 0.57383400 0.98133900
vt 0.57091600 0.98133900
vt 0.57187600 0.97503500
vt 0.57187600 0.98133900
vt 0.56900700 0.98133900
vt 0.56996100 0.97503500
vt 0.56996100 0.98133900
vt 0.56805200 0.97503500
vt 0.56805200 0.98133900
vt 0.56709700 0.97752300
vt 0.56709700 0.96740300
vt 0.56709700 0.95728300
vt 0.56709700 0.94716300
vt 0.56709700 0.93704300
vt 0.56709700 0.92692300
vt 0.56709700 0.91680300
vt 0.56709700 0.90668300
vt 0.56709700 0.89656300
vt 0.56709700 0.88644300
vt 0.56709700 0.87632300
vt 0.56709700 0.86620300
vt 0.56709700 0.85608300
vt 0.56709700 0.84596300
vt 0.56709700 0.83584300
vt 0.56709700 0.82572300
vt 0.56709700 0.81560300
vt 0.56709700 0.80548300
vt 0.56709700 0.79536300
vt 0.56709700 0.78524300
vt 0.56709700 0.77512300
vt 0.56709700 0.76500300
vt 0.56709700 0.75488300
vt 0.56709700 0.74476300
vt 0.56709700 0.73464300
vt 0.56709700 0.72452300
vt 0.56709700 0.71440300
vt 0.56709700 0.70428300
vt 0.56709700 0.69416300
vt 0.56709700 0.68404300
vt 0.56709700 0.67392300
vt 0.56709700 0.66380300
vt 0.56709700 0.65368300
vt 0.56709700 0.64356300
vt 0.56709700 0.63344300
vt 0.56709700 0.62332300
vt 0.56709700 0.61320300
vt 0.56709700 0.60308300
vt 0.56709700 0.59296300
vt 0.56709700 0.58284300
vt 0.56709700 0.57272300
vt 0.56709700 0.56260300
vt 0.56709700 0.55248300
vt 0.56709700 0.54236300
vt 0.56709700 0.53224200
vt 0.56709700 0.52212300
vt 0.56709700 0.51200200
vt 0.56709700 0.50188200
vt 0.56709700 0.49176200
vt 0.57483200 0.49218400
vt 0.57483200 0.50272600
vt 0.57483200 0.51326700
vt 0.57483200 0.52380900
vt 0.57483200 0.53435100
vt 0.57483200 0.54489300
vt 0.57483200 0.55543400
vt 0.57483200 0.56597600
vt 0.57483200 0.57651800
vt 0.57483200 0.58705900
vt 0.57483200 0.59760100
vt 0.57483200 0.60814300
vt 0.57483200 0.61868400
vt 0.57483200 0.62922600
vt 0.57483200 0.63976800
vt 0.57483200 0.65030900
vt 0.57483200 0.66085100
vt 0.57483200 0.67139300
vt 0.57483200 0.68193400
vt 0.57483200 0.69247600
vt 0.57483200 0.70301800
vt 0.57483200 0.71356000
vt 0.57483200 0.72410100
vt 0.57483200 0.73464300
vt 0.57483200 0.74518500
vt 0.57483200 0.75572600
vt 0.57483200 0.76626800
vt 0.57483200 0.77681000
vt 0.57483200 0.78735100
vt 0.57483200 0.79789300
vt 0.57483200 0.80843500
vt 0.57483200 0.81897600
vt 0.57483200 0.82951800
vt 0.57483200 0.84006000
vt 0.57483200 0.85060100
vt 0.57483200 0.86114300
vt 0.57483200 0.87168500
vt 0.57483200 0.88222600
vt 0.57483200 0.89276800
vt 0.57483200 0.90331000
vt 0.57483200 0.91385200
vt 0.57483200 0.92439300
vt 0.57483200 0.93493500
vt 0.57483200 0.94547700
vt 0.57483200 0.95601800
vt 0.57483200 0.96656000
vt 0.57483200 0.97710200
vt 0.73232200 0.00000000
vt 0.77192500 0.01336300
vt 0.81152800 0.02672600
vt 0.82819700 0.10931800
vt 0.80735100 0.12794000
vt 0.78650600 0.14656200
vt 0.76566000 0.16518400
vt 0.72605700 0.15182100
vt 0.68645400 0.13845800
vt 0.66978500 0.05586600
vt 0.70105300 0.02793300
vt 0.67812000 0.09716200
vt 0.36948900 0.58047700
vt 0.36035500 0.53933500
vt 0.35122000 0.49819300
vt 0.42576300 0.48164200
vt 0.43185300 0.50907100
vt 0.43794300 0.53649900
vt 0.44403200 0.56392700
vt 0.38849200 0.48991800
vt 0.40676100 0.57220200
vt 0.35122000 0.80645100
vt 0.36288200 0.78096500
vt 0.37454400 0.75548000
vt 0.38620600 0.72999500
vt 0.41951400 0.83859500
vt 0.38536700 0.82252300
vt 0.45450100 0.76213900
vt 0.44283800 0.78762500
vt 0.43117600 0.81311000
vt 0.42035300 0.74606700
vt 0.45596500 0.79857300
vt 0.50432400 0.72999500
vt 0.51727300 0.84296800
vt 0.48661900 0.82077100
vt 0.56563200 0.77439000
vt 0.54951300 0.79724900
vt 0.53339300 0.82010900
vt 0.48762300 0.58992400
vt 0.47023800 0.55153300
vt 0.45285300 0.51314200
vt 0.55718200 0.55842400
vt 0.52241200 0.48164200
vt 0.53400200 0.50723600
vt 0.54559200 0.53283000
vt 0.48763200 0.49739200
vt 0.66832000 0.48164200
vt 0.58549700 0.55800100
vt 0.66832000 0.51982200
vt 0.66832000 0.55800100
vt 0.64071200 0.55800100
vt 0.61310500 0.55800100
vt 0.58549700 0.48164200
vt 0.62690800 0.48164200
vt 0.58549700 0.51982200
vt 0.66832000 0.73537500
vt 0.66832000 0.77355500
vt 0.58549700 0.73537500
vt 0.61310500 0.73537500
vt 0.64071200 0.73537500
vt 0.58549700 0.81173400
vt 0.58549700 0.77355500
vt 0.66832000 0.81173400
vt 0.62690800 0.81173400
vt 0.01668100 0.08443700
vt 0.03229200 0.08443700
vt 0.04790300 0.08443700
vt 0.06351400 0.08443700
vt 0.07865700 0.08443700
vt 0.09429700 0.08443700
vt 0.10948100 0.08443700
vt 0.12466500 0.08443700
vt 0.13985000 0.08443700
vt 0.15503400 0.08443700
vt 0.17021900 0.08443700
vt 0.18540300 0.08443700
vt 0.20058700 0.08443700
vt 0.21577200 0.08443700
vt 0.23172900 0.08443700
vt 0.24775000 0.08443700
vt 0.26212800 0.08443700
vt 0.27821900 0.08443700
vt 0.29383000 0.08443700
vt 0.30944100 0.08443700
vt 0.32505200 0.08443700
vt 0.34043700 0.08443700
vt 0.35562200 0.08443700
vt 0.37080600 0.08443700
vt 0.38599100 0.08443700
vt 0.40117500 0.08443700
vt 0.41635900 0.08443700
vt 0.43154400 0.08443700
vt 0.44672800 0.08443700
vt 0.46191300 0.08443700
vt 0.47709700 0.08443700
vt 0.49322700 0.08443700
vt 0.50746600 0.16887300
vt 0.49731600 0.16887300
vt 0.48716700 0.16887300
vt 0.47701800 0.16887300
vt 0.46686900 0.16887300
vt 0.45671900 0.16887300
vt 0.44657000 0.16887300
vt 0.43642100 0.16887300
vt 0.42627100 0.16887300
vt 0.41612200 0.16887300
vt 0.40597300 0.16887300
vt 0.39582300 0.16887300
vt 0.38567400 0.16887300
vt 0.37552500 0.16887300
vt 0.36537500 0.16887300
vt 0.35522600 0.16887300
vt 0.34507700 0.16887300
vt 0.33492700 0.16887300
vt 0.32477800 0.16887300
vt 0.31462900 0.16887300
vt 0.30447900 0.16887300
vt 0.29433000 0.16887300
vt 0.28418100 0.16887300
vt 0.27403200 0.16887300
vt 0.26388200 0.16887300
vt 0.25373300 0.16887300
vt 0.24358400 0.16887300
vt 0.23343400 0.16887300
vt 0.22328500 0.16887300
vt 0.21313600 0.16887300
vt 0.20298600 0.16887300
vt 0.19283700 0.16887300
vt 0.18268800 0.16887300
vt 0.17253800 0.16887300
vt 0.16238900 0.16887300
vt 0.15224000 0.16887300
vt 0.14209000 0.16887300
vt 0.13194100 0.16887300
vt 0.12179200 0.16887300
vt 0.11164200 0.16887300
vt 0.10149300 0.16887300
vt 0.09134400 0.16887300
vt 0.08119500 0.16887300
vt 0.07104500 0.16887300
vt 0.06089600 0.16887300
vt 0.05074700 0.16887300
vt 0.04059700 0.16887300
vt 0.03044800 0.16887300
vt 0.02029900 0.16887300
vt 0.01014900 0.16887300
vt 0.49322700 0.12665500
vt 0.50034700 0.08443700
vt 0.50034700 0.12665500
vt 0.50034700 0.14776400
vt 0.50390600 0.12665500
vt 0.50390600 0.14776400
vt 0.49322700 0.14776400
vt 0.49678700 0.12665500
vt 0.49678700 0.14776400
vt 0.47709700 0.12665500
vt 0.48516200 0.08443700
vt 0.48516200 0.12665500
vt 0.48516200 0.14776400
vt 0.48919500 0.12665500
vt 0.48919500 0.14776400
vt 0.46191300 0.12665500
vt 0.46950500 0.08443700
vt 0.46950500 0.12665500
vt 0.47709700 0.14776400
vt 0.46950500 0.14776400
vt 0.47330100 0.12665500
vt 0.47330100 0.14776400
vt 0.46191300 0.14776400
vt 0.46570900 0.12665500
vt 0.46570900 0.14776400
vt 0.44672800 0.12665500
vt 0.45432000 0.08443700
vt 0.45432000 0.12665500
vt 0.45432000 0.14776400
vt 0.45811600 0.12665500
vt 0.45811600 0.14776400
vt 0.43154400 0.12665500
vt 0.43913600 0.08443700
vt 0.43913600 0.12665500
vt 0.44672800 0.14776400
vt 0.43913600 0.14776400
vt 0.44293200 0.12665500
vt 0.44293200 0.14776400
vt 0.43154400 0.14776400
vt 0.43534000 0.12665500
vt 0.43534000 0.14776400
vt 0.41635900 0.12665500
vt 0.42395200 0.08443700
vt 0.42395200 0.12665500
vt 0.42395200 0.14776400
vt 0.42774800 0.12665500
vt 0.42774800 0.14776400
vt 0.40117500 0.12665500
vt 0.40876700 0.08443700
vt 0.40876700 0.12665500
vt 0.41635900 0.14776400
vt 0.40876700 0.14776400
vt 0.41256300 0.12665500
vt 0.41256300 0.14776400
vt 0.40117500 0.14776400
vt 0.40497100 0.12665500
vt 0.40497100 0.14776400
vt 0.38599100 0.12665500
vt 0.39358300 0.08443700
vt 0.39358300 0.12665500
vt 0.39358300 0.14776400
vt 0.39737900 0.12665500
vt 0.39737900 0.14776400
vt 0.37080600 0.12665500
vt 0.37839800 0.08443700
vt 0.37839800 0.12665500
vt 0.38599100 0.14776400
vt 0.37839800 0.14776400
vt 0.38219400 0.12665500
vt 0.38219400 0.14776400
vt 0.37080600 0.14776400
vt 0.37460200 0.12665500
vt 0.37460200 0.14776400
vt 0.35562200 0.12665500
vt 0.36321400 0.08443700
vt 0.36321400 0.12665500
vt 0.36321400 0.14776400
vt 0.36701000 0.12665500
vt 0.36701000 0.14776400
vt 0.34043700 0.12665500
vt 0.34802900 0.08443700
vt 0.34802900 0.12665500
vt 0.35562200 0.14776400
vt 0.34802900 0.14776400
vt 0.35182600 0.12665500
vt 0.35182600 0.14776400
vt 0.34043700 0.14776400
vt 0.34423300 0.12665500
vt 0.34423300 0.14776400
vt 0.32505200 0.12665500
vt 0.33274500 0.08443700
vt 0.33274500 0.12665500
vt 0.33274500 0.14776400
vt 0.33659100 0.12665500
vt 0.33659100 0.14776400
vt 0.30944100 0.12665500
vt 0.31724700 0.08443700
vt 0.31724700 0.12665500
vt 0.32505200 0.14776400
vt 0.31724700 0.14776400
vt 0.32115000 0.12665500
vt 0.32115000 0.14776400
vt 0.30944100 0.14776400
vt 0.31334400 0.12665500
vt 0.31334400 0.14776400
vt 0.29383000 0.12665500
vt 0.30163600 0.08443700
vt 0.30163600 0.12665500
vt 0.30163600 0.14776400
vt 0.30553900 0.12665500
vt 0.30553900 0.14776400
vt 0.29383000 0.14776400
vt 0.29773300 0.12665500
vt 0.29773300 0.14776400
vt 0.27821900 0.12665500
vt 0.28602500 0.08443700
vt 0.28602500 0.12665500
vt 0.28602500 0.14776400
vt 0.27821900 0.14776400
vt 0.28212200 0.12665500
vt 0.28212200 0.14776400
vt 0.26212800 0.12665500
vt 0.27017400 0.08443700
vt 0.27017400 0.12665500
vt 0.27017400 0.14776400
vt 0.27419700 0.12665500
vt 0.27419700 0.14776400
vt 0.26212800 0.14776400
vt 0.26615100 0.12665500
vt 0.26615100 0.14776400
vt 0.24775000 0.12665500
vt 0.25493900 0.08443700
vt 0.25493900 0.12665500
vt 0.25493900 0.14776400
vt 0.24775000 0.14776400
vt 0.25134400 0.12665500
vt 0.25134400 0.14776400
vt 0.23172900 0.12665500
vt 0.23973900 0.08443700
vt 0.23973900 0.12665500
vt 0.23973900 0.14776400
vt 0.24374400 0.12665500
vt 0.24374400 0.14776400
vt 0.23172900 0.14776400
vt 0.23573400 0.12665500
vt 0.23573400 0.14776400
vt 0.21577200 0.12665500
vt 0.22375000 0.08443700
vt 0.22375000 0.12665500
vt 0.22375000 0.14776400
vt 0.21577200 0.14776400
vt 0.21976100 0.12665500
vt 0.21976100 0.14776400
vt 0.20058700 0.12665500
vt 0.20818000 0.08443700
vt 0.20818000 0.12665500
vt 0.20818000 0.14776400
vt 0.21197600 0.12665500
vt 0.21197600 0.14776400
vt 0.20058700 0.14776400
vt 0.20438400 0.12665500
vt 0.20438400 0.14776400
vt 0.18540300 0.12665500
vt 0.19299500 0.08443700
vt 0.19299500 0.12665500
vt 0.19299500 0.14776400
vt 0.18540300 0.14776400
vt 0.18919900 0.12665500
vt 0.18919900 0.14776400
vt 0.17021900 0.12665500
vt 0.17781100 0.08443700
vt 0.17781100 0.12665500
vt 0.17781100 0.14776400
vt 0.18160700 0.12665500
vt 0.18160700 0.14776400
vt 0.17021900 0.14776400
vt 0.17401500 0.12665500
vt 0.17401500 0.14776400
vt 0.15503400 0.12665500
vt 0.16262600 0.08443700
vt 0.16262600 0.12665500
vt 0.16262600 0.14776400
vt 0.15503400 0.14776400
vt 0.15883000 0.12665500
vt 0.15883000 0.14776400
vt 0.13985000 0.12665500
vt 0.14744200 0.08443700
vt 0.14744200 0.12665500
vt 0.14744200 0.14776400
vt 0.15123800 0.12665500
vt 0.15123800 0.14776400
vt 0.13985000 0.14776400
vt 0.14364600 0.12665500
vt 0.14364600 0.14776400
vt 0.12466500 0.12665500
vt 0.13225800 0.08443700
vt 0.13225800 0.12665500
vt 0.13225800 0.14776400
vt 0.12466500 0.14776400
vt 0.12846200 0.12665500
vt 0.12846200 0.14776400
vt 0.10948100 0.12665500
vt 0.11707300 0.08443700
vt 0.11707300 0.12665500
vt 0.11707300 0.14776400
vt 0.12086900 0.12665500
vt 0.12086900 0.14776400
vt 0.10948100 0.14776400
vt 0.11327700 0.12665500
vt 0.11327700 0.14776400
vt 0.09429700 0.12665500
vt 0.10188900 0.08443700
vt 0.10188900 0.12665500
vt 0.10188900 0.14776400
vt 0.09429700 0.14776400
vt 0.09809300 0.12665500
vt 0.09809300 0.14776400
vt 0.07865700 0.12665500
vt 0.08647700 0.08443700
vt 0.08647700 0.12665500
vt 0.08647700 0.14776400
vt 0.09038700 0.12665500
vt 0.09038700 0.14776400
vt 0.07865700 0.14776400
vt 0.08256700 0.12665500
vt 0.08256700 0.14776400
vt 0.06351400 0.12665500
vt 0.07108600 0.08443700
vt 0.07108600 0.12665500
vt 0.07108600 0.14776400
vt 0.06351400 0.14776400
vt 0.06730000 0.12665500
vt 0.06730000 0.14776400
vt 0.04790300 0.12665500
vt 0.05570800 0.08443700
vt 0.05570800 0.12665500
vt 0.05570800 0.14776400
vt 0.05961100 0.12665500
vt 0.05961100 0.14776400
vt 0.04790300 0.14776400
vt 0.05180600 0.12665500
vt 0.05180600 0.14776400
vt 0.03229200 0.12665500
vt 0.04009700 0.08443700
vt 0.04009700 0.12665500
vt 0.04009700 0.14776400
vt 0.04400000 0.12665500
vt 0.04400000 0.14776400
vt 0.01668100 0.12665500
vt 0.02448600 0.08443700
vt 0.02448600 0.12665500
vt 0.03229200 0.14776400
vt 0.02448600 0.14776400
vt 0.02838900 0.12665500
vt 0.02838900 0.14776400
vt 0.01668100 0.14776400
vt 0.02058400 0.12665500
vt 0.02058400 0.14776400
vt 0.00834000 0.08443700
vt 0.00834000 0.12665500
vt 0.00834000 0.14776400
vt 0.01251100 0.12665500
vt 0.01251100 0.14776400
vt 0.00417000 0.12665500
vt 0.00417000 0.14776400
vt 0.00000000 0.16887300
vt 0.00000000 0.11258200
vt 0.00000000 0.05629100
vt 0.50746600 0.00000000
vt 0.50746600 0.05629100
vt 0.50746600 0.11258200
vt 0.00000000 0.00000000
vt 0.02819300 0.00000000
vt 0.05638500 0.00000000
vt 0.08457800 0.00000000
vt 0.11277000 0.00000000
vt 0.14096300 0.00000000
vt 0.16915500 0.00000000
vt 0.19734800 0.00000000
vt 0.22554000 0.00000000
vt 0.25373300 0.00000000
vt 0.28192500 0.00000000
vt 0.31011800 0.00000000
vt 0.33831100 0.00000000
vt 0.36650300 0.00000000
vt 0.39469600 0.00000000
vt 0.42288800 0.00000000
vt 0.45108100 0.00000000
vt 0.47927300 0.00000000
vt 0.22236100 0.21460000
vt 0.17788800 0.21460000
vt 0.13341600 0.21460000
vt 0.08894300 0.21460000
vt 0.26683300 0.25886300
vt 0.22236100 0.25886300
vt 0.04447100 0.25886300
vt 0.26683300 0.30312600
vt 0.04447100 0.30312600
vt 0.26683300 0.34738900
vt 0.04447100 0.34738900
vt 0.26683300 0.39165300
vt 0.08894300 0.39165300
vt 0.04447100 0.39165300
vt 0.22236100 0.43591600
vt 0.17788800 0.43591600
vt 0.13341600 0.43591600
vt 0.08894300 0.43591600
vt 0.05248600 0.20925200
vt 0.06033000 0.20278500
vt 0.06858200 0.19684200
vt 0.07720700 0.19144900
vt 0.08616800 0.18662900
vt 0.09542600 0.18240300
vt 0.10494200 0.17878800
vt 0.11467600 0.17580100
vt 0.12458500 0.17345400
vt 0.13462600 0.17175600
vt 0.14475800 0.17071600
vt 0.15493700 0.17033800
vt 0.16511900 0.17062300
vt 0.17526000 0.17157100
vt 0.18531700 0.17317600
vt 0.19524700 0.17543300
vt 0.20500800 0.17833100
vt 0.21455700 0.18185800
vt 0.22385400 0.18600000
vt 0.23285900 0.19073800
vt 0.24153300 0.19605100
vt 0.24984000 0.20191800
vt 0.25774300 0.20831400
vt 0.26520900 0.21521000
vt 0.27220600 0.22257700
vt 0.27870400 0.23038400
vt 0.28467500 0.23859700
vt 0.29009300 0.24718200
vt 0.29493600 0.25610000
vt 0.29918200 0.26531500
vt 0.30281400 0.27478700
vt 0.30581500 0.28447400
vt 0.30817400 0.29433600
vt 0.30987900 0.30433100
vt 0.31092400 0.31441500
vt 0.31130400 0.32454600
vt 0.31101800 0.33468000
vt 0.31006600 0.34477300
vt 0.30845300 0.35478300
vt 0.30618600 0.36466600
vt 0.30327400 0.37438100
vt 0.29973000 0.38388500
vt 0.29556900 0.39313900
vt 0.29080800 0.40210100
vt 0.28547000 0.41073500
vt 0.27957500 0.41900200
vt 0.27314900 0.42686800
vt 0.26622100 0.43429900
vt 0.25881800 0.44126300
vt 0.06670700 0.21460000
vt 0.08894300 0.19246800
vt 0.11118000 0.21460000
vt 0.13341600 0.19246800
vt 0.11118000 0.19246800
vt 0.15565200 0.21460000
vt 0.17788800 0.19246800
vt 0.15565200 0.19246800
vt 0.20012500 0.21460000
vt 0.22236100 0.19246800
vt 0.20012500 0.19246800
vt 0.24459700 0.21460000
vt 0.24459700 0.25886300
vt 0.22236100 0.23673100
vt 0.26683300 0.23673100
vt 0.24459700 0.23673100
vt 0.28907000 0.25886300
vt 0.28907000 0.30312600
vt 0.26683300 0.28099500
vt 0.28907000 0.28099500
vt 0.28907000 0.34738900
vt 0.26683300 0.32525800
vt 0.28907000 0.32525800
vt 0.28907000 0.39165300
vt 0.26683300 0.36952100
vt 0.28907000 0.36952100
vt 0.26683300 0.41378400
vt 0.24459700 0.43591600
vt 0.22236100 0.41378400
vt 0.24459700 0.39165300
vt 0.24459700 0.41378400
vt 0.22236100 0.45804800
vt 0.09978700 0.26244000
vt 0.09087800 0.28896100
vt 0.08196900 0.31548100
vt 0.07306000 0.34200200
vt 0.09168200 0.36294100
vt 0.11030400 0.38388100
vt 0.12892600 0.40482000
vt 0.15645600 0.39923900
vt 0.18398700 0.39365700
vt 0.21151800 0.38807600
vt 0.22042600 0.36155500
vt 0.22933500 0.33503400
vt 0.23824400 0.30851400
vt 0.21962200 0.28757400
vt 0.20100000 0.26663500
vt 0.18237900 0.24569600
vt 0.15484800 0.25127700
vt 0.12731700 0.25685800
vt 0.25097500 0.44773100
vt 0.24272200 0.45367300
vt 0.23409800 0.45906600
vt 0.22513700 0.46388600
vt 0.21587800 0.46811300
vt 0.20636200 0.47172700
vt 0.19662900 0.47471500
vt 0.18672000 0.47706200
vt 0.17667800 0.47875900
vt 0.16654600 0.47979900
vt 0.15636700 0.48017800
vt 0.14618600 0.47989200
vt 0.13604500 0.47894500
vt 0.12598700 0.47734000
vt 0.11605700 0.47508300
vt 0.10629700 0.47218500
vt 0.09674700 0.46865700
vt 0.08745000 0.46451600
vt 0.07844500 0.45977800
vt 0.06977100 0.45446400
vt 0.06146500 0.44859700
vt 0.05356100 0.44220200
vt 0.04609500 0.43530600
vt 0.03909800 0.42793900
vt 0.03260000 0.42013200
vt 0.02662900 0.41191800
vt 0.02121100 0.40333400
vt 0.01636800 0.39441500
vt 0.01212200 0.38520100
vt 0.00849000 0.37572900
vt 0.00548900 0.36604200
vt 0.00313000 0.35617900
vt 0.00142500 0.34618500
vt 0.00038000 0.33610000
vt 0.00000000 0.32597000
vt 0.00028600 0.31583600
vt 0.00123800 0.30574200
vt 0.00285100 0.29573300
vt 0.00511900 0.28584900
vt 0.00803100 0.27613500
vt 0.01157500 0.26663000
vt 0.01573600 0.25737700
vt 0.02049600 0.24841400
vt 0.02583500 0.23978100
vt 0.03173000 0.23151300
vt 0.03815500 0.22364700
vt 0.04508400 0.21621600
vt 0.17788800 0.45804800
vt 0.20012500 0.43591600
vt 0.20012500 0.45804800
vt 0.13341600 0.45804800
vt 0.15565200 0.43591600
vt 0.15565200 0.45804800
vt 0.08894300 0.45804800
vt 0.11118000 0.43591600
vt 0.11118000 0.45804800
vt 0.06670700 0.43591600
vt 0.04447100 0.41378400
vt 0.06670700 0.39165300
vt 0.08894300 0.41378400
vt 0.06670700 0.41378400
vt 0.02223500 0.39165300
vt 0.02223500 0.34738900
vt 0.04447100 0.36952100
vt 0.02223500 0.36952100
vt 0.02223500 0.30312600
vt 0.04447100 0.32525800
vt 0.02223500 0.32525800
vt 0.02223500 0.25886300
vt 0.04447100 0.28099500
vt 0.02223500 0.28099500
vt 0.04447100 0.23673100
vt 0.06670700 0.25886300
vt 0.08894300 0.23673100
vt 0.06670700 0.23673100
vt 0.99853500 0.00000000
vt 0.91409900 0.01716900
vt 0.91409900 0.03326800
vt 0.91409900 0.04936600
vt 0.91409900 0.06546500
vt 0.91409900 0.08148500
vt 0.91409900 0.09714400
vt 0.91409900 0.11280300
vt 0.91409900 0.12846200
vt 0.91409900 0.14412000
vt 0.91409900 0.15977900
vt 0.91409900 0.17543800
vt 0.91409900 0.19109700
vt 0.91409900 0.20675600
vt 0.91409900 0.22241500
vt 0.91409900 0.23903100
vt 0.91409900 0.25373300
vt 0.91409900 0.27090200
vt 0.91409900 0.28700100
vt 0.91409900 0.30309900
vt 0.91409900 0.31919800
vt 0.91409900 0.33521800
vt 0.91409900 0.35087700
vt 0.91409900 0.36653500
vt 0.91409900 0.38219400
vt 0.91409900 0.39785300
vt 0.91409900 0.41351200
vt 0.91409900 0.42917100
vt 0.91409900 0.44483000
vt 0.91409900 0.46048900
vt 0.91409900 0.47614800
vt 0.91409900 0.49276400
vt 0.82966200 0.50746600
vt 0.99853500 0.50746600
vt 0.94224400 0.50746600
vt 0.88595300 0.50746600
vt 0.82966200 0.00000000
vt 0.88595300 0.00000000
vt 0.94224400 0.00000000
vt 0.82966200 0.49731600
vt 0.82966200 0.48716700
vt 0.82966200 0.47701800
vt 0.82966200 0.46686900
vt 0.82966200 0.45671900
vt 0.82966200 0.44657000
vt 0.82966200 0.43642100
vt 0.82966200 0.42627100
vt 0.82966200 0.41612200
vt 0.82966200 0.40597300
vt 0.82966200 0.39582300
vt 0.82966200 0.38567400
vt 0.82966200 0.37552500
vt 0.82966200 0.36537500
vt 0.82966200 0.35522600
vt 0.82966200 0.34507700
vt 0.82966200 0.33492700
vt 0.82966200 0.32477800
vt 0.82966200 0.31462900
vt 0.82966200 0.30447900
vt 0.82966200 0.29433000
vt 0.82966200 0.28418100
vt 0.82966200 0.27403200
vt 0.82966200 0.26388200
vt 0.82966200 0.25373300
vt 0.82966200 0.24358400
vt 0.82966200 0.23343400
vt 0.82966200 0.22328500
vt 0.82966200 0.21313600
vt 0.82966200 0.20298600
vt 0.82966200 0.19283700
vt 0.82966200 0.18268800
vt 0.82966200 0.17253800
vt 0.82966200 0.16238900
vt 0.82966200 0.15224000
vt 0.82966200 0.14209000
vt 0.82966200 0.13194100
vt 0.82966200 0.12179200
vt 0.82966200 0.11164200
vt 0.82966200 0.10149300
vt 0.82966200 0.09134400
vt 0.82966200 0.08119500
vt 0.82966200 0.07104500
vt 0.82966200 0.06089600
vt 0.82966200 0.05074700
vt 0.82966200 0.04059700
vt 0.82966200 0.03044800
vt 0.82966200 0.02029900
vt 0.82966200 0.01014900
vt 0.87188000 0.49276400
vt 0.91409900 0.50011500
vt 0.87188000 0.50011500
vt 0.85077100 0.50011500
vt 0.87188000 0.50379000
vt 0.85077100 0.50379000
vt 0.85077100 0.49276400
vt 0.87188000 0.49644000
vt 0.85077100 0.49644000
vt 0.87188000 0.47614800
vt 0.91409900 0.48445600
vt 0.87188000 0.48445600
vt 0.85077100 0.48445600
vt 0.87188000 0.48861000
vt 0.85077100 0.48861000
vt 0.85077100 0.47614800
vt 0.87188000 0.48030200
vt 0.85077100 0.48030200
vt 0.87188000 0.46048900
vt 0.91409900 0.46831800
vt 0.87188000 0.46831800
vt 0.85077100 0.46831800
vt 0.85077100 0.46048900
vt 0.87188000 0.46440400
vt 0.85077100 0.46440400
vt 0.87188000 0.44483000
vt 0.91409900 0.45266000
vt 0.87188000 0.45266000
vt 0.85077100 0.45266000
vt 0.87188000 0.45657400
vt 0.85077100 0.45657400
vt 0.85077100 0.44483000
vt 0.87188000 0.44874500
vt 0.85077100 0.44874500
vt 0.87188000 0.42917100
vt 0.91409900 0.43700100
vt 0.87188000 0.43700100
vt 0.85077100 0.43700100
vt 0.85077100 0.42917100
vt 0.87188000 0.43308600
vt 0.85077100 0.43308600
vt 0.87188000 0.41351200
vt 0.91409900 0.42134200
vt 0.87188000 0.42134200
vt 0.85077100 0.42134200
vt 0.87188000 0.42525600
vt 0.85077100 0.42525600
vt 0.85077100 0.41351200
vt 0.87188000 0.41742700
vt 0.85077100 0.41742700
vt 0.87188000 0.39785300
vt 0.91409900 0.40568300
vt 0.87188000 0.40568300
vt 0.85077100 0.40568300
vt 0.87188000 0.40959800
vt 0.85077100 0.40959800
vt 0.87188000 0.38219400
vt 0.91409900 0.39002400
vt 0.87188000 0.39002400
vt 0.85077100 0.39785300
vt 0.85077100 0.39002400
vt 0.87188000 0.39393900
vt 0.85077100 0.39393900
vt 0.85077100 0.38219400
vt 0.87188000 0.38610900
vt 0.85077100 0.38610900
vt 0.87188000 0.36653500
vt 0.91409900 0.37436500
vt 0.87188000 0.37436500
vt 0.85077100 0.37436500
vt 0.87188000 0.37828000
vt 0.85077100 0.37828000
vt 0.87188000 0.35087700
vt 0.91409900 0.35870600
vt 0.87188000 0.35870600
vt 0.85077100 0.36653500
vt 0.85077100 0.35870600
vt 0.87188000 0.36262100
vt 0.85077100 0.36262100
vt 0.85077100 0.35087700
vt 0.87188000 0.35479100
vt 0.85077100 0.35479100
vt 0.87188000 0.33521800
vt 0.91409900 0.34304700
vt 0.87188000 0.34304700
vt 0.85077100 0.34304700
vt 0.87188000 0.34696200
vt 0.85077100 0.34696200
vt 0.87188000 0.31919800
vt 0.91409900 0.32720800
vt 0.87188000 0.32720800
vt 0.85077100 0.33521800
vt 0.85077100 0.32720800
vt 0.87188000 0.33121300
vt 0.85077100 0.33121300
vt 0.85077100 0.31919800
vt 0.87188000 0.32320300
vt 0.85077100 0.32320300
vt 0.87188000 0.30309900
vt 0.91409900 0.31114900
vt 0.87188000 0.31114900
vt 0.85077100 0.31114900
vt 0.87188000 0.31517400
vt 0.85077100 0.31517400
vt 0.85077100 0.30309900
vt 0.87188000 0.30712400
vt 0.85077100 0.30712400
vt 0.87188000 0.28700100
vt 0.91409900 0.29505000
vt 0.87188000 0.29505000
vt 0.85077100 0.29505000
vt 0.85077100 0.28700100
vt 0.87188000 0.29102500
vt 0.85077100 0.29102500
vt 0.87188000 0.27090200
vt 0.91409900 0.27895100
vt 0.87188000 0.27895100
vt 0.85077100 0.27895100
vt 0.87188000 0.28297600
vt 0.85077100 0.28297600
vt 0.85077100 0.27090200
vt 0.87188000 0.27492600
vt 0.85077100 0.27492600
vt 0.87188000 0.25373300
vt 0.91409900 0.26231700
vt 0.87188000 0.26231700
vt 0.85077100 0.26231700
vt 0.87188000 0.26660900
vt 0.85077100 0.26660900
vt 0.85077100 0.25373300
vt 0.87188000 0.25802500
vt 0.85077100 0.25802500
vt 0.87188000 0.23903100
vt 0.91409900 0.24638200
vt 0.87188000 0.24638200
vt 0.85077100 0.24638200
vt 0.85077100 0.23903100
vt 0.87188000 0.24270700
vt 0.85077100 0.24270700
vt 0.87188000 0.22241500
vt 0.91409900 0.23072300
vt 0.87188000 0.23072300
vt 0.85077100 0.23072300
vt 0.87188000 0.23487700
vt 0.85077100 0.23487700
vt 0.85077100 0.22241500
vt 0.87188000 0.22656900
vt 0.85077100 0.22656900
vt 0.87188000 0.20675600
vt 0.91409900 0.21458600
vt 0.87188000 0.21458600
vt 0.85077100 0.21458600
vt 0.85077100 0.20675600
vt 0.87188000 0.21067100
vt 0.85077100 0.21067100
vt 0.87188000 0.19109700
vt 0.91409900 0.19892700
vt 0.87188000 0.19892700
vt 0.85077100 0.19892700
vt 0.87188000 0.20284100
vt 0.85077100 0.20284100
vt 0.85077100 0.19109700
vt 0.87188000 0.19501200
vt 0.85077100 0.19501200
vt 0.87188000 0.17543800
vt 0.91409900 0.18326800
vt 0.87188000 0.18326800
vt 0.85077100 0.18326800
vt 0.85077100 0.17543800
vt 0.87188000 0.17935300
vt 0.85077100 0.17935300
vt 0.87188000 0.15977900
vt 0.91409900 0.16760900
vt 0.87188000 0.16760900
vt 0.85077100 0.16760900
vt 0.87188000 0.17152400
vt 0.85077100 0.17152400
vt 0.85077100 0.15977900
vt 0.87188000 0.16369400
vt 0.85077100 0.16369400
vt 0.87188000 0.14412000
vt 0.91409900 0.15195000
vt 0.87188000 0.15195000
vt 0.85077100 0.15195000
vt 0.87188000 0.15586500
vt 0.85077100 0.15586500
vt 0.87188000 0.12846200
vt 0.91409900 0.13629100
vt 0.87188000 0.13629100
vt 0.85077100 0.14412000
vt 0.85077100 0.13629100
vt 0.87188000 0.14020600
vt 0.85077100 0.14020600
vt 0.85077100 0.12846200
vt 0.87188000 0.13237600
vt 0.85077100 0.13237600
vt 0.87188000 0.11280300
vt 0.91409900 0.12063200
vt 0.87188000 0.12063200
vt 0.85077100 0.12063200
vt 0.87188000 0.12454700
vt 0.85077100 0.12454700
vt 0.87188000 0.09714400
vt 0.91409900 0.10497300
vt 0.87188000 0.10497300
vt 0.85077100 0.11280300
vt 0.85077100 0.10497300
vt 0.87188000 0.10888800
vt 0.85077100 0.10888800
vt 0.85077100 0.09714400
vt 0.87188000 0.10105800
vt 0.85077100 0.10105800
vt 0.87188000 0.08148500
vt 0.91409900 0.08931400
vt 0.87188000 0.08931400
vt 0.85077100 0.08931400
vt 0.87188000 0.09322900
vt 0.85077100 0.09322900
vt 0.87188000 0.06546500
vt 0.91409900 0.07347500
vt 0.87188000 0.07347500
vt 0.85077100 0.08148500
vt 0.85077100 0.07347500
vt 0.87188000 0.07748000
vt 0.85077100 0.07748000
vt 0.85077100 0.06546500
vt 0.87188000 0.06947000
vt 0.85077100 0.06947000
vt 0.87188000 0.04936600
vt 0.91409900 0.05741600
vt 0.87188000 0.05741600
vt 0.85077100 0.05741600
vt 0.87188000 0.06144100
vt 0.85077100 0.06144100
vt 0.85077100 0.04936600
vt 0.87188000 0.05339100
vt 0.85077100 0.05339100
vt 0.87188000 0.03326800
vt 0.91409900 0.04131700
vt 0.87188000 0.04131700
vt 0.85077100 0.04131700
vt 0.85077100 0.03326800
vt 0.87188000 0.03729200
vt 0.85077100 0.03729200
vt 0.87188000 0.01716900
vt 0.91409900 0.02521800
vt 0.87188000 0.02521800
vt 0.85077100 0.02521800
vt 0.87188000 0.02924300
vt 0.85077100 0.02924300
vt 0.85077100 0.01716900
vt 0.87188000 0.02119300
vt 0.85077100 0.02119300
vt 0.91409900 0.00858400
vt 0.87188000 0.00858400
vt 0.85077100 0.00858400
vt 0.87188000 0.01287700
vt 0.85077100 0.01287700
vt 0.87188000 0.00429200
vt 0.85077100 0.00429200
vt 0.99853500 0.02819300
vt 0.99853500 0.05638500
vt 0.99853500 0.08457800
vt 0.99853500 0.11277000
vt 0.99853500 0.14096300
vt 0.99853500 0.16915500
vt 0.99853500 0.19734800
vt 0.99853500 0.22554000
vt 0.99853500 0.25373300
vt 0.99853500 0.28192500
vt 0.99853500 0.31011800
vt 0.99853500 0.33831100
vt 0.99853500 0.36650300
vt 0.99853500 0.39469600
vt 0.99853500 0.42288800
vt 0.99853500 0.45108100
vt 0.99853500 0.47927300
vt 0.57629700 0.48164200
vt 0.58203600 0.49682200
vt 0.58011600 0.49682200
vt 0.57820600 0.49682200
vt 0.58203600 0.51047600
vt 0.58011600 0.51047600
vt 0.57820600 0.51047600
vt 0.58203600 0.52435900
vt 0.58011600 0.52435900
vt 0.57820600 0.52435900
vt 0.58203600 0.53824200
vt 0.58011600 0.53824200
vt 0.57820600 0.53824200
vt 0.58203600 0.55212500
vt 0.58011600 0.55212500
vt 0.57820600 0.55212500
vt 0.58203600 0.56584600
vt 0.58011600 0.56584600
vt 0.57820600 0.56584600
vt 0.58203600 0.57935000
vt 0.58011600 0.57935000
vt 0.57820600 0.57935000
vt 0.58203600 0.59285300
vt 0.58011600 0.59285300
vt 0.57820600 0.59285300
vt 0.58203600 0.60635700
vt 0.58011600 0.60635700
vt 0.57820600 0.60635700
vt 0.58203600 0.61986100
vt 0.58011600 0.61986100
vt 0.57820600 0.61986100
vt 0.58203600 0.63336500
vt 0.58011600 0.63336500
vt 0.57820600 0.63336500
vt 0.58203600 0.64686800
vt 0.58011600 0.64686800
vt 0.57820600 0.64686800
vt 0.58203600 0.66037200
vt 0.58011600 0.66037200
vt 0.57820600 0.66037200
vt 0.58203600 0.67387600
vt 0.58011600 0.67387600
vt 0.57820600 0.67387600
vt 0.58203600 0.68738000
vt 0.58011600 0.68738000
vt 0.57820600 0.68738000
vt 0.58203600 0.70088400
vt 0.58011600 0.70088400
vt 0.57820600 0.70088400
vt 0.58203600 0.71514800
vt 0.58011600 0.71514800
vt 0.57820600 0.71514800
vt 0.58203600 0.72939700
vt 0.58011600 0.72939700
vt 0.57820600 0.72939700
vt 0.58203600 0.74210900
vt 0.58011600 0.74210900
vt 0.57820600 0.74210900
vt 0.58203600 0.75653400
vt 0.58011600 0.75653400
vt 0.57820600 0.75653400
vt 0.58203600 0.77041800
vt 0.58011600 0.77041800
vt 0.57820600 0.77041800
vt 0.58203600 0.78430100
vt 0.58011600 0.78430100
vt 0.57820600 0.78430100
vt 0.58203600 0.79818400
vt 0.58011600 0.79818400
vt 0.57820600 0.79818400
vt 0.58203600 0.81206700
vt 0.58011600 0.81206700
vt 0.57820600 0.81206700
vt 0.58203600 0.82559800
vt 0.58011600 0.82559800
vt 0.57820600 0.82559800
vt 0.58203600 0.83910200
vt 0.58011600 0.83910200
vt 0.57820600 0.83910200
vt 0.58203600 0.85260600
vt 0.58011600 0.85260600
vt 0.57820600 0.85260600
vt 0.58203600 0.86611000
vt 0.58011600 0.86611000
vt 0.57820600 0.86611000
vt 0.58203600 0.87961300
vt 0.58011600 0.87961300
vt 0.57820600 0.87961300
vt 0.58203600 0.89311700
vt 0.58011600 0.89311700
vt 0.57820600 0.89311700
vt 0.58203600 0.90662100
vt 0.58011600 0.90662100
vt 0.57820600 0.90662100
vt 0.58203600 0.92012500
vt 0.58011600 0.92012500
vt 0.57820600 0.92012500
vt 0.58203600 0.93362800
vt 0.58011600 0.93362800
vt 0.57820600 0.93362800
vt 0.58203600 0.94713200
vt 0.58011600 0.94713200
vt 0.57820600 0.94713200
vt 0.58203600 0.96063600
vt 0.58011600 0.96063600
vt 0.57820600 0.96063600
vt 0.58203600 0.97503500
vt 0.58011600 0.97503500
vt 0.57820600 0.97503500
vt 0.58403200 0.98764300
vt 0.57629700 0.98764300
vt 0.58209800 0.98764300
vt 0.58016500 0.98764300
vt 0.57823100 0.98764300
vt 0.58203600 0.98133900
vt 0.58303400 0.97503500
vt 0.58303400 0.98133900
vt 0.58011600 0.98133900
vt 0.58107600 0.97503500
vt 0.58107600 0.98133900
vt 0.57820600 0.98133900
vt 0.57916100 0.97503500
vt 0.57916100 0.98133900
vt 0.57725200 0.97503500
vt 0.57725200 0.98133900
vt 0.57823100 0.48164200
vt 0.58016500 0.48164200
vt 0.58209800 0.48164200
vt 0.57725200 0.49682200
vt 0.57820600 0.48923200
vt 0.57725200 0.48923200
vt 0.57916100 0.49682200
vt 0.58011600 0.48923200
vt 0.57916100 0.48923200
vt 0.58107600 0.49682200
vt 0.58203600 0.48923200
vt 0.58107600 0.48923200
vt 0.58303400 0.49682200
vt 0.58303400 0.48923200
vt 0.57629700 0.97752300
vt 0.57629700 0.96740300
vt 0.57629700 0.95728300
vt 0.57629700 0.94716300
vt 0.57629700 0.93704300
vt 0.57629700 0.92692300
vt 0.57629700 0.91680300
vt 0.57629700 0.90668300
vt 0.57629700 0.89656300
vt 0.57629700 0.88644300
vt 0.57629700 0.87632300
vt 0.57629700 0.86620300
vt 0.57629700 0.85608300
vt 0.57629700 0.84596300
vt 0.57629700 0.83584300
vt 0.57629700 0.82572300
vt 0.57629700 0.81560300
vt 0.57629700 0.80548300
vt 0.57629700 0.79536300
vt 0.57629700 0.78524300
vt 0.57629700 0.77512300
vt 0.57629700 0.76500300
vt 0.57629700 0.75488300
vt 0.57629700 0.74476300
vt 0.57629700 0.73464300
vt 0.57629700 0.72452300
vt 0.57629700 0.71440300
vt 0.57629700 0.70428300
vt 0.57629700 0.69416300
vt 0.57629700 0.68404300
vt 0.57629700 0.67392300
vt 0.57629700 0.66380300
vt 0.57629700 0.65368300
vt 0.57629700 0.64356300
vt 0.57629700 0.63344300
vt 0.57629700 0.62332300
vt 0.57629700 0.61320300
vt 0.57629700 0.60308300
vt 0.57629700 0.59296300
vt 0.57629700 0.58284300
vt 0.57629700 0.57272300
vt 0.57629700 0.56260300
vt 0.57629700 0.55248300
vt 0.57629700 0.54236300
vt 0.57629700 0.53224200
vt 0.57629700 0.52212300
vt 0.57629700 0.51200200
vt 0.57629700 0.50188200
vt 0.57629700 0.49176200
vt 0.58403200 0.48164200
vt 0.58403200 0.49218400
vt 0.58403200 0.50272600
vt 0.58403200 0.51326700
vt 0.58403200 0.52380900
vt 0.58403200 0.53435100
vt 0.58403200 0.54489300
vt 0.58403200 0.55543400
vt 0.58403200 0.56597600
vt 0.58403200 0.57651800
vt 0.58403200 0.58705900
vt 0.58403200 0.59760100
vt 0.58403200 0.60814300
vt 0.58403200 0.61868400
vt 0.58403200 0.62922600
vt 0.58403200 0.63976800
vt 0.58403200 0.65030900
vt 0.58403200 0.66085100
vt 0.58403200 0.67139300
vt 0.58403200 0.68193400
vt 0.58403200 0.69247600
vt 0.58403200 0.70301800
vt 0.58403200 0.71356000
vt 0.58403200 0.72410100
vt 0.58403200 0.73464300
vt 0.58403200 0.74518500
vt 0.58403200 0.75572600
vt 0.58403200 0.76626800
vt 0.58403200 0.77681000
vt 0.58403200 0.78735100
vt 0.58403200 0.79789300
vt 0.58403200 0.80843500
vt 0.58403200 0.81897600
vt 0.58403200 0.82951800
vt 0.58403200 0.84006000
vt 0.58403200 0.85060100
vt 0.58403200 0.86114300
vt 0.58403200 0.87168500
vt 0.58403200 0.88222600
vt 0.58403200 0.89276800
vt 0.58403200 0.90331000
vt 0.58403200 0.91385200
vt 0.58403200 0.92439300
vt 0.58403200 0.93493500
vt 0.58403200 0.94547700
vt 0.58403200 0.95601800
vt 0.58403200 0.96656000
vt 0.58403200 0.97710200
f 43/43/43 69/69/69 42/42/42
f 70/70/70 42/42/42 69/69/69
f 42/42/42 70/70/70 41/41/41
f 71/71/71 41/41/41 70/70/70
f 44/44/44 67/67/67 68/68/68
f 67/67/67 44/44/44 45/45/45
f 68/68/68 43/43/43 44/44/44
f 43/43/43 68/68/68 69/69/69
f 66/66/66 67/67/67 45/45/45
f 74/74/74 38/38/38 73/73/73
f 74/74/74 1/1/1 37/37/37
f 37/37/37 38/38/38 74/74/74
f 41/41/41 71/71/71 40/40/40
f 72/72/72 40/40/40 71/71/71
f 72/72/72 73/73/73 39/39/39
f 38/38/38 39/39/39 73/73/73
f 40/40/40 72/72/72 39/39/39
f 46/46/46 65/65/65 66/66/66
f 65/65/65 46/46/46 47/47/47
f 66/66/66 45/45/45 46/46/46
f 64/64/64 65/65/65 47/47/47
f 48/48/48 63/63/63 64/64/64
f 62/62/62 48/48/48 49/49/49
f 61/61/61 62/62/62 49/49/49
f 63/63/63 48/48/48 62/62/62
f 48/48/48 64/64/64 47/47/47
f 60/60/60 61/61/61 50/50/50
f 49/49/49 50/50/50 61/61/61
f 51/51/51 59/59/59 60/60/60
f 50/50/50 51/51/51 60/60/60
f 52/52/52 59/59/59 51/51/51
f 58/58/58 59/59/59 52/52/52
f 57/57/57 53/53/53 54/54/54
f 20/20/20 57/57/57 54/54/54
f 58/58/58 53/53/53 57/57/57
f 58/58/58 52/52/52 53/53/53
f 36/36/36 37/37/37 1/1/1
f 2/2/2 35/35/35 36/36/36
f 1/1/1 2/2/2 36/36/36
f 3/3/3 35/35/35 2/2/2
f 4/4/4 34/34/34 3/3/3
f 34/34/34 35/35/35 3/3/3
f 32/32/32 33/33/33 5/5/5
f 4/4/4 33/33/33 34/34/34
f 6/6/6 32/32/32 5/5/5
f 4/4/4 5/5/5 33/33/33
f 32/32/32 6/6/6 31/31/31
f 7/7/7 31/31/31 6/6/6
f 30/30/30 31/31/31 7/7/7
f 8/8/8 30/30/30 7/7/7
f 9/9/9 29/29/29 30/30/30
f 28/28/28 29/29/29 10/10/10
f 9/9/9 10/10/10 29/29/29
f 11/11/11 28/28/28 10/10/10
f 9/9/9 30/30/30 8/8/8
f 18/18/18 21/21/21 17/17/17
f 22/22/22 17/17/17 21/21/21
f 17/17/17 22/22/22 16/16/16
f 23/23/23 16/16/16 22/22/22
f 19/19/19 20/20/20 55/55/55
f 55/55/55 20/20/20 54/54/54
f 18/18/18 19/19/19 56/56/56
f 55/55/55 56/56/56 19/19/19
f 21/21/21 18/18/18 56/56/56
f 12/12/12 26/26/26 27/27/27
f 13/13/13 26/26/26 12/12/12
f 11/11/11 12/12/12 27/27/27
f 11/11/11 27/27/27 28/28/28
f 25/25/25 26/26/26 13/13/13
f 16/16/16 23/23/23 15/15/15
f 24/24/24 15/15/15 23/23/23
f 14/14/14 24/24/24 25/25/25
f 13/13/13 14/14/14 25/25/25
f 15/15/15 24/24/24 14/14/14
f 76/76/76 197/197/197 198/198/198
f 198/198/198 195/195/195 76/76/76
f 77/77/77 194/194/194 196/196/196
f 196/196/196 192/192/192 77/77/77
f 194/194/194 76/76/76 195/195/195
f 195/195/195 196/196/196 194/194/194
f 78/78/78 191/191/191 193/193/193
f 193/193/193 189/189/189 78/78/78
f 191/191/191 77/77/77 192/192/192
f 192/192/192 193/193/193 191/191/191
f 188/188/188 78/78/78 189/189/189
f 189/189/189 190/190/190 188/188/188
f 194/194/194 79/79/79 76/76/76
f 80/80/80 194/194/194 77/77/77
f 79/79/79 194/194/194 80/80/80
f 191/191/191 80/80/80 77/77/77
f 81/81/81 191/191/191 78/78/78
f 80/80/80 191/191/191 81/81/81
f 83/83/83 82/82/82 79/79/79
f 79/79/79 80/80/80 83/83/83
f 84/84/84 83/83/83 80/80/80
f 80/80/80 81/81/81 84/84/84
f 86/86/86 85/85/85 82/82/82
f 82/82/82 83/83/83 86/86/86
f 87/87/87 86/86/86 83/83/83
f 83/83/83 84/84/84 87/87/87
f 89/89/89 88/88/88 85/85/85
f 85/85/85 86/86/86 89/89/89
f 90/90/90 89/89/89 86/86/86
f 86/86/86 87/87/87 90/90/90
f 92/92/92 91/91/91 88/88/88
f 88/88/88 89/89/89 92/92/92
f 93/93/93 92/92/92 89/89/89
f 89/89/89 90/90/90 93/93/93
f 95/95/95 94/94/94 91/91/91
f 91/91/91 92/92/92 95/95/95
f 96/96/96 95/95/95 92/92/92
f 92/92/92 93/93/93 96/96/96
f 98/98/98 97/97/97 94/94/94
f 94/94/94 95/95/95 98/98/98
f 99/99/99 98/98/98 95/95/95
f 95/95/95 96/96/96 99/99/99
f 101/101/101 100/100/100 97/97/97
f 97/97/97 98/98/98 101/101/101
f 102/102/102 101/101/101 98/98/98
f 98/98/98 99/99/99 102/102/102
f 104/104/104 103/103/103 100/100/100
f 100/100/100 101/101/101 104/104/104
f 105/105/105 104/104/104 101/101/101
f 101/101/101 102/102/102 105/105/105
f 107/107/107 106/106/106 103/103/103
f 103/103/103 104/104/104 107/107/107
f 108/108/108 107/107/107 104/104/104
f 104/104/104 105/105/105 108/108/108
f 110/110/110 109/109/109 106/106/106
f 106/106/106 107/107/107 110/110/110
f 111/111/111 110/110/110 107/107/107
f 107/107/107 108/108/108 111/111/111
f 113/113/113 112/112/112 109/109/109
f 109/109/109 110/110/110 113/113/113
f 114/114/114 113/113/113 110/110/110
f 110/110/110 111/111/111 114/114/114
f 116/116/116 115/115/115 112/112/112
f 112/112/112 113/113/113 116/116/116
f 117/117/117 116/116/116 113/113/113
f 113/113/113 114/114/114 117/117/117
f 119/119/119 118/118/118 115/115/115
f 115/115/115 116/116/116 119/119/119
f 120/120/120 119/119/119 116/116/116
f 116/116/116 117/117/117 120/120/120
f 122/122/122 121/121/121 118/118/118
f 118/118/118 119/119/119 122/122/122
f 123/123/123 122/122/122 119/119/119
f 119/119/119 120/120/120 123/123/123
f 125/125/125 124/124/124 121/121/121
f 121/121/121 122/122/122 125/125/125
f 126/126/126 125/125/125 122/122/122
f 122/122/122 123/123/123 126/126/126
f 128/128/128 127/127/127 124/124/124
f 124/124/124 125/125/125 128/128/128
f 129/129/129 128/128/128 125/125/125
f 125/125/125 126/126/126 129/129/129
f 131/131/131 130/130/130 127/127/127
f 127/127/127 128/128/128 131/131/131
f 132/132/132 131/131/131 128/128/128
f 128/128/128 129/129/129 132/132/132
f 134/134/134 133/133/133 130/130/130
f 130/130/130 131/131/131 134/134/134
f 135/135/135 134/134/134 131/131/131
f 131/131/131 132/132/132 135/135/135
f 137/137/137 136/136/136 133/133/133
f 133/133/133 134/134/134 137/137/137
f 138/138/138 137/137/137 134/134/134
f 134/134/134 135/135/135 138/138/138
f 140/140/140 139/139/139 136/136/136
f 136/136/136 137/137/137 140/140/140
f 141/141/141 140/140/140 137/137/137
f 137/137/137 138/138/138 141/141/141
f 143/143/143 142/142/142 139/139/139
f 139/139/139 140/140/140 143/143/143
f 144/144/144 143/143/143 140/140/140
f 140/140/140 141/141/141 144/144/144
f 146/146/146 145/145/145 142/142/142
f 142/142/142 143/143/143 146/146/146
f 147/147/147 146/146/146 143/143/143
f 143/143/143 144/144/144 147/147/147
f 149/149/149 148/148/148 145/145/145
f 145/145/145 146/146/146 149/149/149
f 150/150/150 149/149/149 146/146/146
f 146/146/146 147/147/147 150/150/150
f 152/152/152 151/151/151 148/148/148
f 148/148/148 149/149/149 152/152/152
f 153/153/153 152/152/152 149/149/149
f 149/149/149 150/150/150 153/153/153
f 155/155/155 154/154/154 151/151/151
f 151/151/151 152/152/152 155/155/155
f 156/156/156 155/155/155 152/152/152
f 152/152/152 153/153/153 156/156/156
f 158/158/158 157/157/157 154/154/154
f 154/154/154 155/155/155 158/158/158
f 159/159/159 158/158/158 155/155/155
f 155/155/155 156/156/156 159/159/159
f 161/161/161 160/160/160 157/157/157
f 157/157/157 158/158/158 161/161/161
f 162/162/162 161/161/161 158/158/158
f 158/158/158 159/159/159 162/162/162
f 164/164/164 163/163/163 160/160/160
f 160/160/160 161/161/161 164/164/164
f 165/165/165 164/164/164 161/161/161
f 161/161/161 162/162/162 165/165/165
f 167/167/167 166/166/166 163/163/163
f 163/163/163 164/164/164 167/167/167
f 168/168/168 167/167/167 164/164/164
f 164/164/164 165/165/165 168/168/168
f 170/170/170 169/169/169 166/166/166
f 166/166/166 167/167/167 170/170/170
f 171/171/171 170/170/170 167/167/167
f 167/167/167 168/168/168 171/171/171
f 173/173/173 172/172/172 169/169/169
f 169/169/169 170/170/170 173/173/173
f 174/174/174 173/173/173 170/170/170
f 170/170/170 171/171/171 174/174/174
f 176/176/176 175/175/175 172/172/172
f 172/172/172 173/173/173 176/176/176
f 177/177/177 176/176/176 173/173/173
f 173/173/173 174/174/174 177/177/177
f 179/179/179 178/178/178 175/175/175
f 175/175/175 176/176/176 179/179/179
f 180/180/180 179/179/179 176/176/176
f 176/176/176 177/177/177 180/180/180
f 207/207/207 179/179/179 182/182/182
f 178/178/178 207/207/207 181/181/181
f 179/179/179 207/207/207 178/178/178
f 210/210/210 180/180/180 183/183/183
f 179/179/179 210/210/210 182/182/182
f 180/180/180 210/210/210 179/179/179
f 203/203/203 205/205/205 204/204/204
f 204/204/204 181/181/181 203/203/203
f 206/206/206 208/208/208 207/207/207
f 207/207/207 182/182/182 206/206/206
f 208/208/208 203/203/203 181/181/181
f 181/181/181 207/207/207 208/208/208
f 209/209/209 211/211/211 210/210/210
f 210/210/210 183/183/183 209/209/209
f 211/211/211 206/206/206 182/182/182
f 182/182/182 210/210/210 211/211/211
f 213/213/213 209/209/209 183/183/183
f 183/183/183 212/212/212 213/213/213
f 198/198/198 264/264/264 263/263/263
f 197/197/197 264/264/264 198/198/198
f 265/265/265 79/79/79 266/266/266
f 197/197/197 265/265/265 264/264/264
f 266/266/266 79/79/79 82/82/82
f 82/82/82 267/267/267 266/266/266
f 187/187/187 198/198/198 263/263/263
f 267/267/267 82/82/82 85/85/85
f 85/85/85 268/268/268 267/267/267
f 269/269/269 268/268/268 85/85/85
f 270/270/270 88/88/88 91/91/91
f 91/91/91 271/271/271 270/270/270
f 271/271/271 91/91/91 94/94/94
f 94/94/94 272/272/272 271/271/271
f 270/270/270 269/269/269 88/88/88
f 273/273/273 272/272/272 94/94/94
f 187/187/187 195/195/195 198/198/198
f 196/196/196 195/195/195 187/187/187
f 186/186/186 196/196/196 187/187/187
f 196/196/196 186/186/186 192/192/192
f 76/76/76 79/79/79 197/197/197
f 265/265/265 197/197/197 79/79/79
f 88/88/88 269/269/269 85/85/85
f 94/94/94 97/97/97 273/273/273
f 274/274/274 97/97/97 100/100/100
f 100/100/100 275/275/275 274/274/274
f 275/275/275 100/100/100 103/103/103
f 103/103/103 276/276/276 275/275/275
f 106/106/106 278/278/278 277/277/277
f 109/109/109 279/279/279 278/278/278
f 276/276/276 103/103/103 106/106/106
f 106/106/106 277/277/277 276/276/276
f 280/280/280 112/112/112 115/115/115
f 115/115/115 281/281/281 280/280/280
f 115/115/115 282/282/282 281/281/281
f 283/283/283 118/118/118 121/121/121
f 121/121/121 284/284/284 283/283/283
f 284/284/284 121/121/121 124/124/124
f 124/124/124 285/285/285 284/284/284
f 118/118/118 283/283/283 282/282/282
f 279/279/279 109/109/109 112/112/112
f 112/112/112 280/280/280 279/279/279
f 109/109/109 278/278/278 106/106/106
f 118/118/118 282/282/282 115/115/115
f 287/287/287 286/286/286 127/127/127
f 127/127/127 286/286/286 285/285/285
f 285/285/285 124/124/124 127/127/127
f 273/273/273 97/97/97 274/274/274
f 185/185/185 193/193/193 192/192/192
f 192/192/192 186/186/186 185/185/185
f 189/189/189 193/193/193 185/185/185
f 185/185/185 190/190/190 189/189/189
f 75/75/75 190/190/190 185/185/185
f 81/81/81 78/78/78 188/188/188
f 81/81/81 260/260/260 259/259/259
f 259/259/259 84/84/84 81/81/81
f 87/87/87 257/257/257 256/256/256
f 256/256/256 90/90/90 87/87/87
f 90/90/90 256/256/256 255/255/255
f 255/255/255 93/93/93 90/90/90
f 84/84/84 259/259/259 258/258/258
f 258/258/258 87/87/87 84/84/84
f 93/93/93 255/255/255 254/254/254
f 254/254/254 96/96/96 93/93/93
f 75/75/75 262/262/262 190/190/190
f 188/188/188 190/190/190 262/262/262
f 261/261/261 188/188/188 262/262/262
f 81/81/81 188/188/188 261/261/261
f 260/260/260 81/81/81 261/261/261
f 257/257/257 87/87/87 258/258/258
f 254/254/254 253/253/253 96/96/96
f 96/96/96 253/253/253 252/252/252
f 252/252/252 99/99/99 96/96/96
f 251/251/251 102/102/102 99/99/99
f 99/99/99 252/252/252 251/251/251
f 105/105/105 249/249/249 248/248/248
f 248/248/248 108/108/108 105/105/105
f 102/102/102 251/251/251 250/250/250
f 250/250/250 105/105/105 102/102/102
f 108/108/108 248/248/248 247/247/247
f 247/247/247 111/111/111 108/108/108
f 111/111/111 247/247/247 246/246/246
f 246/246/246 114/114/114 111/111/111
f 114/114/114 245/245/245 244/244/244
f 244/244/244 117/117/117 114/114/114
f 120/120/120 243/243/243 242/242/242
f 242/242/242 123/123/123 120/120/120
f 123/123/123 241/241/241 240/240/240
f 240/240/240 126/126/126 123/123/123
f 117/117/117 244/244/244 243/243/243
f 243/243/243 120/120/120 117/117/117
f 126/126/126 240/240/240 239/239/239
f 239/239/239 129/129/129 126/126/126
f 105/105/105 250/250/250 249/249/249
f 123/123/123 242/242/242 241/241/241
f 245/245/245 114/114/114 246/246/246
f 239/239/239 238/238/238 129/129/129
f 130/130/130 288/288/288 287/287/287
f 287/287/287 127/127/127 130/130/130
f 288/288/288 130/130/130 133/133/133
f 133/133/133 289/289/289 288/288/288
f 289/289/289 133/133/133 136/136/136
f 136/136/136 290/290/290 289/289/289
f 139/139/139 292/292/292 291/291/291
f 292/292/292 139/139/139 142/142/142
f 142/142/142 293/293/293 292/292/292
f 136/136/136 291/291/291 290/290/290
f 145/145/145 295/295/295 294/294/294
f 148/148/148 296/296/296 295/295/295
f 297/297/297 151/151/151 154/154/154
f 154/154/154 298/298/298 297/297/297
f 298/298/298 154/154/154 157/157/157
f 157/157/157 299/299/299 298/298/298
f 296/296/296 148/148/148 151/151/151
f 151/151/151 297/297/297 296/296/296
f 293/293/293 142/142/142 145/145/145
f 145/145/145 294/294/294 293/293/293
f 136/136/136 139/139/139 291/291/291
f 295/295/295 145/145/145 148/148/148
f 160/160/160 301/301/301 300/300/300
f 300/300/300 157/157/157 160/160/160
f 300/300/300 299/299/299 157/157/157
f 301/301/301 160/160/160 163/163/163
f 163/163/163 302/302/302 301/301/301
f 302/302/302 163/163/163 166/166/166
f 166/166/166 303/303/303 302/302/302
f 305/305/305 304/304/304 169/169/169
f 305/305/305 169/169/169 172/172/172
f 172/172/172 306/306/306 305/305/305
f 304/304/304 303/303/303 166/166/166
f 307/307/307 175/175/175 178/178/178
f 178/178/178 308/308/308 307/307/307
f 309/309/309 308/308/308 178/178/178
f 310/310/310 204/204/204 205/205/205
f 309/309/309 204/204/204 310/310/310
f 199/199/199 310/310/310 205/205/205
f 306/306/306 172/172/172 175/175/175
f 175/175/175 307/307/307 306/306/306
f 309/309/309 178/178/178 204/204/204
f 169/169/169 304/304/304 166/166/166
f 204/204/204 178/178/178 181/181/181
f 199/199/199 205/205/205 200/200/200
f 200/200/200 205/205/205 203/203/203
f 208/208/208 200/200/200 203/203/203
f 211/211/211 201/201/201 206/206/206
f 208/208/208 206/206/206 201/201/201
f 208/208/208 201/201/201 200/200/200
f 132/132/132 237/237/237 236/236/236
f 236/236/236 135/135/135 132/132/132
f 238/238/238 237/237/237 132/132/132
f 135/135/135 236/236/236 235/235/235
f 235/235/235 138/138/138 135/135/135
f 138/138/138 234/234/234 233/233/233
f 233/233/233 141/141/141 138/138/138
f 132/132/132 129/129/129 238/238/238
f 141/141/141 233/233/233 232/232/232
f 232/232/232 144/144/144 141/141/141
f 144/144/144 232/232/232 231/231/231
f 231/231/231 147/147/147 144/144/144
f 150/150/150 229/229/229 228/228/228
f 228/228/228 153/153/153 150/150/150
f 153/153/153 228/228/228 227/227/227
f 227/227/227 156/156/156 153/153/153
f 147/147/147 230/230/230 229/229/229
f 229/229/229 150/150/150 147/147/147
f 156/156/156 226/226/226 225/225/225
f 225/225/225 159/159/159 156/156/156
f 138/138/138 235/235/235 234/234/234
f 156/156/156 227/227/227 226/226/226
f 230/230/230 147/147/147 231/231/231
f 224/224/224 162/162/162 159/159/159
f 159/159/159 225/225/225 224/224/224
f 162/162/162 224/224/224 223/223/223
f 223/223/223 165/165/165 162/162/162
f 165/165/165 222/222/222 221/221/221
f 221/221/221 168/168/168 165/165/165
f 171/171/171 220/220/220 219/219/219
f 219/219/219 174/174/174 171/171/171
f 174/174/174 218/218/218 217/217/217
f 217/217/217 177/177/177 174/174/174
f 168/168/168 221/221/221 220/220/220
f 220/220/220 171/171/171 168/168/168
f 201/201/201 211/211/211 202/202/202
f 202/202/202 211/211/211 209/209/209
f 180/180/180 212/212/212 183/183/183
f 213/213/213 202/202/202 209/209/209
f 177/177/177 217/217/217 216/216/216
f 216/216/216 180/180/180 177/177/177
f 215/215/215 212/212/212 180/180/180
f 222/222/222 165/165/165 223/223/223
f 174/174/174 219/219/219 218/218/218
f 215/215/215 180/180/180 216/216/216
f 213/213/213 214/214/214 184/184/184
f 215/215/215 214/214/214 212/212/212
f 184/184/184 202/202/202 213/213/213
f 214/214/214 213/213/213 212/212/212
f 316/316/316 321/321/321 314/314/314
f 314/314/314 315/315/315 316/316/316
f 313/313/313 314/314/314 312/312/312
f 314/314/314 319/319/319 312/312/312
f 322/322/322 316/316/316 317/317/317
f 321/321/321 322/322/322 320/320/320
f 314/314/314 321/321/321 319/319/319
f 319/319/319 311/311/311 312/312/312
f 321/321/321 318/318/318 319/319/319
f 321/321/321 316/316/316 322/322/322
f 325/325/325 327/327/327 328/328/328
f 327/327/327 325/325/325 326/326/326
f 325/325/325 328/328/328 324/324/324
f 324/324/324 329/329/329 330/330/330
f 330/330/330 323/323/323 324/324/324
f 328/328/328 329/329/329 324/324/324
f 337/337/337 332/332/332 333/333/333
f 332/332/332 334/334/334 331/331/331
f 338/338/338 337/337/337 333/333/333
f 338/338/338 335/335/335 336/336/336
f 337/337/337 334/334/334 332/332/332
f 336/336/336 337/337/337 338/338/338
f 347/347/347 344/344/344 345/345/345
f 347/347/347 340/340/340 341/341/341
f 346/346/346 347/347/347 345/345/345
f 343/343/343 346/346/346 342/342/342
f 339/339/339 340/340/340 343/343/343
f 346/346/346 343/343/343 340/340/340
f 347/347/347 346/346/346 340/340/340
f 355/355/355 349/349/349 350/350/350
f 355/355/355 356/356/356 354/354/354
f 356/356/356 355/355/355 350/350/350
f 350/350/350 352/352/352 356/356/356
f 348/348/348 356/356/356 353/353/353
f 352/352/352 353/353/353 356/356/356
f 351/351/351 352/352/352 350/350/350
f 359/359/359 363/363/363 357/357/357
f 360/360/360 361/361/361 362/362/362
f 362/362/362 363/363/363 365/365/365
f 365/365/365 359/359/359 364/364/364
f 358/358/358 360/360/360 365/365/365
f 365/365/365 360/360/360 362/362/362
f 359/359/359 365/365/365 363/363/363
f 368/368/368 370/370/370 367/367/367
f 372/372/372 366/366/366 369/369/369
f 369/369/369 370/370/370 372/372/372
f 374/374/374 368/368/368 373/373/373
f 371/371/371 372/372/372 374/374/374
f 368/368/368 374/374/374 372/372/372
f 370/370/370 368/368/368 372/372/372
f 715/715/715 714/714/714 712/712/712
f 712/712/712 713/713/713 715/715/715
f 708/708/708 702/702/702 714/714/714
f 714/714/714 715/715/715 708/708/708
f 713/713/713 712/712/712 716/716/716
f 716/716/716 717/717/717 713/713/713
f 714/714/714 711/711/711 712/712/712
f 376/376/376 714/714/714 702/702/702
f 711/711/711 714/714/714 376/376/376
f 707/707/707 706/706/706 704/704/704
f 704/704/704 705/705/705 707/707/707
f 699/699/699 695/695/695 706/706/706
f 706/706/706 707/707/707 699/699/699
f 710/710/710 709/709/709 702/702/702
f 702/702/702 708/708/708 710/710/710
f 705/705/705 704/704/704 709/709/709
f 709/709/709 710/710/710 705/705/705
f 709/709/709 376/376/376 702/702/702
f 703/703/703 709/709/709 704/704/704
f 376/376/376 709/709/709 703/703/703
f 706/706/706 703/703/703 704/704/704
f 377/377/377 706/706/706 695/695/695
f 703/703/703 706/706/706 377/377/377
f 701/701/701 700/700/700 695/695/695
f 695/695/695 699/699/699 701/701/701
f 698/698/698 697/697/697 700/700/700
f 700/700/700 701/701/701 698/698/698
f 700/700/700 377/377/377 695/695/695
f 696/696/696 700/700/700 697/697/697
f 377/377/377 700/700/700 696/696/696
f 686/686/686 378/378/378 696/696/696
f 696/696/696 697/697/697 686/686/686
f 691/691/691 690/690/690 688/688/688
f 688/688/688 689/689/689 691/691/691
f 683/683/683 676/676/676 690/690/690
f 690/690/690 691/691/691 683/683/683
f 694/694/694 693/693/693 686/686/686
f 686/686/686 692/692/692 694/694/694
f 689/689/689 688/688/688 693/693/693
f 693/693/693 694/694/694 689/689/689
f 693/693/693 378/378/378 686/686/686
f 687/687/687 693/693/693 688/688/688
f 378/378/378 693/693/693 687/687/687
f 690/690/690 687/687/687 688/688/688
f 379/379/379 690/690/690 676/676/676
f 687/687/687 690/690/690 379/379/379
f 682/682/682 681/681/681 678/678/678
f 678/678/678 680/680/680 682/682/682
f 679/679/679 670/670/670 681/681/681
f 681/681/681 682/682/682 679/679/679
f 685/685/685 684/684/684 676/676/676
f 676/676/676 683/683/683 685/685/685
f 680/680/680 678/678/678 684/684/684
f 684/684/684 685/685/685 680/680/680
f 684/684/684 379/379/379 676/676/676
f 677/677/677 684/684/684 678/678/678
f 379/379/379 684/684/684 677/677/677
f 681/681/681 677/677/677 678/678/678
f 380/380/380 681/681/681 670/670/670
f 677/677/677 681/681/681 380/380/380
f 675/675/675 674/674/674 672/672/672
f 672/672/672 673/673/673 675/675/675
f 667/667/667 660/660/660 674/674/674
f 674/674/674 675/675/675 667/667/667
f 672/672/672 671/671/671 380/380/380
f 380/380/380 670/670/670 672/672/672
f 674/674/674 671/671/671 672/672/672
f 381/381/381 674/674/674 660/660/660
f 671/671/671 674/674/674 381/381/381
f 666/666/666 665/665/665 662/662/662
f 662/662/662 664/664/664 666/666/666
f 663/663/663 654/654/654 665/665/665
f 665/665/665 666/666/666 663/663/663
f 669/669/669 668/668/668 660/660/660
f 660/660/660 667/667/667 669/669/669
f 664/664/664 662/662/662 668/668/668
f 668/668/668 669/669/669 664/664/664
f 668/668/668 381/381/381 660/660/660
f 661/661/661 668/668/668 662/662/662
f 381/381/381 668/668/668 661/661/661
f 665/665/665 661/661/661 662/662/662
f 382/382/382 665/665/665 654/654/654
f 661/661/661 665/665/665 382/382/382
f 659/659/659 658/658/658 656/656/656
f 656/656/656 657/657/657 659/659/659
f 651/651/651 644/644/644 658/658/658
f 658/658/658 659/659/659 651/651/651
f 656/656/656 655/655/655 382/382/382
f 382/382/382 654/654/654 656/656/656
f 658/658/658 655/655/655 656/656/656
f 383/383/383 658/658/658 644/644/644
f 655/655/655 658/658/658 383/383/383
f 650/650/650 649/649/649 646/646/646
f 646/646/646 648/648/648 650/650/650
f 647/647/647 638/638/638 649/649/649
f 649/649/649 650/650/650 647/647/647
f 653/653/653 652/652/652 644/644/644
f 644/644/644 651/651/651 653/653/653
f 648/648/648 646/646/646 652/652/652
f 652/652/652 653/653/653 648/648/648
f 652/652/652 383/383/383 644/644/644
f 645/645/645 652/652/652 646/646/646
f 383/383/383 652/652/652 645/645/645
f 649/649/649 645/645/645 646/646/646
f 384/384/384 649/649/649 638/638/638
f 645/645/645 649/649/649 384/384/384
f 643/643/643 642/642/642 640/640/640
f 640/640/640 641/641/641 643/643/643
f 635/635/635 629/629/629 642/642/642
f 642/642/642 643/643/643 635/635/635
f 640/640/640 639/639/639 384/384/384
f 384/384/384 638/638/638 640/640/640
f 642/642/642 639/639/639 640/640/640
f 385/385/385 642/642/642 629/629/629
f 639/639/639 642/642/642 385/385/385
f 634/634/634 633/633/633 631/631/631
f 631/631/631 632/632/632 634/634/634
f 626/626/626 622/622/622 633/633/633
f 633/633/633 634/634/634 626/626/626
f 637/637/637 636/636/636 629/629/629
f 629/629/629 635/635/635 637/637/637
f 632/632/632 631/631/631 636/636/636
f 636/636/636 637/637/637 632/632/632
f 636/636/636 385/385/385 629/629/629
f 630/630/630 636/636/636 631/631/631
f 385/385/385 636/636/636 630/630/630
f 633/633/633 630/630/630 631/631/631
f 386/386/386 633/633/633 622/622/622
f 630/630/630 633/633/633 386/386/386
f 628/628/628 627/627/627 622/622/622
f 622/622/622 626/626/626 628/628/628
f 625/625/625 624/624/624 627/627/627
f 627/627/627 628/628/628 625/625/625
f 627/627/627 386/386/386 622/622/622
f 623/623/623 627/627/627 624/624/624
f 386/386/386 627/627/627 623/623/623
f 613/613/613 387/387/387 623/623/623
f 623/623/623 624/624/624 613/613/613
f 618/618/618 617/617/617 615/615/615
f 615/615/615 616/616/616 618/618/618
f 610/610/610 606/606/606 617/617/617
f 617/617/617 618/618/618 610/610/610
f 621/621/621 620/620/620 613/613/613
f 613/613/613 619/619/619 621/621/621
f 616/616/616 615/615/615 620/620/620
f 620/620/620 621/621/621 616/616/616
f 620/620/620 387/387/387 613/613/613
f 614/614/614 620/620/620 615/615/615
f 387/387/387 620/620/620 614/614/614
f 617/617/617 614/614/614 615/615/615
f 388/388/388 617/617/617 606/606/606
f 614/614/614 617/617/617 388/388/388
f 612/612/612 611/611/611 606/606/606
f 606/606/606 610/610/610 612/612/612
f 609/609/609 608/608/608 611/611/611
f 611/611/611 612/612/612 609/609/609
f 611/611/611 388/388/388 606/606/606
f 607/607/607 611/611/611 608/608/608
f 388/388/388 611/611/611 607/607/607
f 597/597/597 389/389/389 607/607/607
f 607/607/607 608/608/608 597/597/597
f 602/602/602 601/601/601 599/599/599
f 599/599/599 600/600/600 602/602/602
f 594/594/594 590/590/590 601/601/601
f 601/601/601 602/602/602 594/594/594
f 605/605/605 604/604/604 597/597/597
f 597/597/597 603/603/603 605/605/605
f 600/600/600 599/599/599 604/604/604
f 604/604/604 605/605/605 600/600/600
f 604/604/604 389/389/389 597/597/597
f 598/598/598 604/604/604 599/599/599
f 389/389/389 604/604/604 598/598/598
f 601/601/601 598/598/598 599/599/599
f 390/390/390 601/601/601 590/590/590
f 598/598/598 601/601/601 390/390/390
f 596/596/596 595/595/595 590/590/590
f 590/590/590 594/594/594 596/596/596
f 593/593/593 592/592/592 595/595/595
f 595/595/595 596/596/596 593/593/593
f 595/595/595 390/390/390 590/590/590
f 591/591/591 595/595/595 592/592/592
f 390/390/390 595/595/595 591/591/591
f 581/581/581 391/391/391 591/591/591
f 591/591/591 592/592/592 581/581/581
f 586/586/586 585/585/585 583/583/583
f 583/583/583 584/584/584 586/586/586
f 578/578/578 572/572/572 585/585/585
f 585/585/585 586/586/586 578/578/578
f 589/589/589 588/588/588 581/581/581
f 581/581/581 587/587/587 589/589/589
f 584/584/584 583/583/583 588/588/588
f 588/588/588 589/589/589 584/584/584
f 588/588/588 391/391/391 581/581/581
f 582/582/582 588/588/588 583/583/583
f 391/391/391 588/588/588 582/582/582
f 585/585/585 582/582/582 583/583/583
f 392/392/392 585/585/585 572/572/572
f 582/582/582 585/585/585 392/392/392
f 577/577/577 576/576/576 574/574/574
f 574/574/574 575/575/575 577/577/577
f 569/569/569 565/565/565 576/576/576
f 576/576/576 577/577/577 569/569/569
f 580/580/580 579/579/579 572/572/572
f 572/572/572 578/578/578 580/580/580
f 575/575/575 574/574/574 579/579/579
f 579/579/579 580/580/580 575/575/575
f 579/579/579 392/392/392 572/572/572
f 573/573/573 579/579/579 574/574/574
f 392/392/392 579/579/579 573/573/573
f 576/576/576 573/573/573 574/574/574
f 393/393/393 576/576/576 565/565/565
f 573/573/573 576/576/576 393/393/393
f 571/571/571 570/570/570 565/565/565
f 565/565/565 569/569/569 571/571/571
f 568/568/568 567/567/567 570/570/570
f 570/570/570 571/571/571 568/568/568
f 570/570/570 393/393/393 565/565/565
f 566/566/566 570/570/570 567/567/567
f 393/393/393 570/570/570 566/566/566
f 556/556/556 394/394/394 566/566/566
f 566/566/566 567/567/567 556/556/556
f 561/561/561 560/560/560 558/558/558
f 558/558/558 559/559/559 561/561/561
f 553/553/553 546/546/546 560/560/560
f 560/560/560 561/561/561 553/553/553
f 564/564/564 563/563/563 556/556/556
f 556/556/556 562/562/562 564/564/564
f 559/559/559 558/558/558 563/563/563
f 563/563/563 564/564/564 559/559/559
f 563/563/563 394/394/394 556/556/556
f 557/557/557 563/563/563 558/558/558
f 394/394/394 563/563/563 557/557/557
f 560/560/560 557/557/557 558/558/558
f 395/395/395 560/560/560 546/546/546
f 557/557/557 560/560/560 395/395/395
f 552/552/552 551/551/551 548/548/548
f 548/548/548 550/550/550 552/552/552
f 549/549/549 540/540/540 551/551/551
f 551/551/551 552/552/552 549/549/549
f 555/555/555 554/554/554 546/546/546
f 546/546/546 553/553/553 555/555/555
f 550/550/550 548/548/548 554/554/554
f 554/554/554 555/555/555 550/550/550
f 554/554/554 395/395/395 546/546/546
f 547/547/547 554/554/554 548/548/548
f 395/395/395 554/554/554 547/547/547
f 551/551/551 547/547/547 548/548/548
f 396/396/396 551/551/551 540/540/540
f 547/547/547 551/551/551 396/396/396
f 545/545/545 544/544/544 542/542/542
f 542/542/542 543/543/543 545/545/545
f 537/537/537 530/530/530 544/544/544
f 544/544/544 545/545/545 537/537/537
f 542/542/542 541/541/541 396/396/396
f 396/396/396 540/540/540 542/542/542
f 544/544/544 541/541/541 542/542/542
f 397/397/397 544/544/544 530/530/530
f 541/541/541 544/544/544 397/397/397
f 536/536/536 535/535/535 532/532/532
f 532/532/532 534/534/534 536/536/536
f 533/533/533 524/524/524 535/535/535
f 535/535/535 536/536/536 533/533/533
f 539/539/539 538/538/538 530/530/530
f 530/530/530 537/537/537 539/539/539
f 534/534/534 532/532/532 538/538/538
f 538/538/538 539/539/539 534/534/534
f 538/538/538 397/397/397 530/530/530
f 531/531/531 538/538/538 532/532/532
f 397/397/397 538/538/538 531/531/531
f 535/535/535 531/531/531 532/532/532
f 398/398/398 535/535/535 524/524/524
f 531/531/531 535/535/535 398/398/398
f 529/529/529 528/528/528 526/526/526
f 526/526/526 527/527/527 529/529/529
f 521/521/521 514/514/514 528/528/528
f 528/528/528 529/529/529 521/521/521
f 526/526/526 525/525/525 398/398/398
f 398/398/398 524/524/524 526/526/526
f 528/528/528 525/525/525 526/526/526
f 399/399/399 528/528/528 514/514/514
f 525/525/525 528/528/528 399/399/399
f 520/520/520 519/519/519 516/516/516
f 516/516/516 518/518/518 520/520/520
f 517/517/517 508/508/508 519/519/519
f 519/519/519 520/520/520 517/517/517
f 523/523/523 522/522/522 514/514/514
f 514/514/514 521/521/521 523/523/523
f 518/518/518 516/516/516 522/522/522
f 522/522/522 523/523/523 518/518/518
f 522/522/522 399/399/399 514/514/514
f 515/515/515 522/522/522 516/516/516
f 399/399/399 522/522/522 515/515/515
f 519/519/519 515/515/515 516/516/516
f 400/400/400 519/519/519 508/508/508
f 515/515/515 519/519/519 400/400/400
f 513/513/513 512/512/512 510/510/510
f 510/510/510 511/511/511 513/513/513
f 505/505/505 499/499/499 512/512/512
f 512/512/512 513/513/513 505/505/505
f 510/510/510 509/509/509 400/400/400
f 400/400/400 508/508/508 510/510/510
f 512/512/512 509/509/509 510/510/510
f 401/401/401 512/512/512 499/499/499
f 509/509/509 512/512/512 401/401/401
f 504/504/504 503/503/503 501/501/501
f 501/501/501 502/502/502 504/504/504
f 496/496/496 492/492/492 503/503/503
f 503/503/503 504/504/504 496/496/496
f 507/507/507 506/506/506 499/499/499
f 499/499/499 505/505/505 507/507/507
f 502/502/502 501/501/501 506/506/506
f 506/506/506 507/507/507 502/502/502
f 506/506/506 401/401/401 499/499/499
f 500/500/500 506/506/506 501/501/501
f 401/401/401 506/506/506 500/500/500
f 503/503/503 500/500/500 501/501/501
f 402/402/402 503/503/503 492/492/492
f 500/500/500 503/503/503 402/402/402
f 498/498/498 497/497/497 492/492/492
f 492/492/492 496/496/496 498/498/498
f 495/495/495 494/494/494 497/497/497
f 497/497/497 498/498/498 495/495/495
f 497/497/497 402/402/402 492/492/492
f 493/493/493 497/497/497 494/494/494
f 402/402/402 497/497/497 493/493/493
f 483/483/483 403/403/403 493/493/493
f 493/493/493 494/494/494 483/483/483
f 488/488/488 487/487/487 485/485/485
f 485/485/485 486/486/486 488/488/488
f 480/480/480 476/476/476 487/487/487
f 487/487/487 488/488/488 480/480/480
f 491/491/491 490/490/490 483/483/483
f 483/483/483 489/489/489 491/491/491
f 486/486/486 485/485/485 490/490/490
f 490/490/490 491/491/491 486/486/486
f 490/490/490 403/403/403 483/483/483
f 484/484/484 490/490/490 485/485/485
f 403/403/403 490/490/490 484/484/484
f 487/487/487 484/484/484 485/485/485
f 404/404/404 487/487/487 476/476/476
f 484/484/484 487/487/487 404/404/404
f 482/482/482 481/481/481 476/476/476
f 476/476/476 480/480/480 482/482/482
f 479/479/479 478/478/478 481/481/481
f 481/481/481 482/482/482 479/479/479
f 481/481/481 404/404/404 476/476/476
f 477/477/477 481/481/481 478/478/478
f 404/404/404 481/481/481 477/477/477
f 467/467/467 405/405/405 477/477/477
f 477/477/477 478/478/478 467/467/467
f 472/472/472 471/471/471 469/469/469
f 469/469/469 470/470/470 472/472/472
f 464/464/464 458/458/458 471/471/471
f 471/471/471 472/472/472 464/464/464
f 475/475/475 474/474/474 467/467/467
f 467/467/467 473/473/473 475/475/475
f 470/470/470 469/469/469 474/474/474
f 474/474/474 475/475/475 470/470/470
f 474/474/474 405/405/405 467/467/467
f 468/468/468 474/474/474 469/469/469
f 405/405/405 474/474/474 468/468/468
f 471/471/471 468/468/468 469/469/469
f 406/406/406 471/471/471 458/458/458
f 468/468/468 471/471/471 406/406/406
f 463/463/463 462/462/462 460/460/460
f 460/460/460 461/461/461 463/463/463
f 466/466/466 465/465/465 458/458/458
f 458/458/458 464/464/464 466/466/466
f 461/461/461 460/460/460 465/465/465
f 465/465/465 466/466/466 461/461/461
f 465/465/465 406/406/406 458/458/458
f 459/459/459 465/465/465 460/460/460
f 406/406/406 465/465/465 459/459/459
f 711/711/711 722/722/722 719/719/719
f 722/722/722 711/711/711 376/376/376
f 376/376/376 723/723/723 722/722/722
f 718/718/718 711/711/711 719/719/719
f 723/723/723 376/376/376 703/703/703
f 723/723/723 377/377/377 696/696/696
f 377/377/377 723/723/723 703/703/703
f 723/723/723 696/696/696 378/378/378
f 378/378/378 724/724/724 723/723/723
f 687/687/687 724/724/724 378/378/378
f 724/724/724 379/379/379 677/677/677
f 677/677/677 725/725/725 724/724/724
f 687/687/687 379/379/379 724/724/724
f 725/725/725 380/380/380 671/671/671
f 725/725/725 671/671/671 381/381/381
f 380/380/380 725/725/725 677/677/677
f 725/725/725 381/381/381 661/661/661
f 661/661/661 726/726/726 725/725/725
f 717/717/717 716/716/716 718/718/718
f 716/716/716 711/711/711 718/718/718
f 375/375/375 717/717/717 718/718/718
f 457/457/457 715/715/715 713/713/713
f 456/456/456 710/710/710 708/708/708
f 456/456/456 705/705/705 710/710/710
f 457/457/457 708/708/708 715/715/715
f 716/716/716 712/712/712 711/711/711
f 457/457/457 713/713/713 717/717/717
f 686/686/686 697/697/697 698/698/698
f 698/698/698 692/692/692 686/686/686
f 455/455/455 699/699/699 707/707/707
f 454/454/454 698/698/698 701/701/701
f 698/698/698 454/454/454 453/453/453
f 453/453/453 692/692/692 698/698/698
f 455/455/455 701/701/701 699/699/699
f 672/672/672 670/670/670 679/679/679
f 679/679/679 673/673/673 672/672/672
f 455/455/455 707/707/707 705/705/705
f 382/382/382 726/726/726 661/661/661
f 726/726/726 655/655/655 383/383/383
f 383/383/383 727/727/727 726/726/726
f 382/382/382 655/655/655 726/726/726
f 727/727/727 645/645/645 384/384/384
f 645/645/645 727/727/727 383/383/383
f 384/384/384 639/639/639 727/727/727
f 728/728/728 386/386/386 623/623/623
f 623/623/623 729/729/729 728/728/728
f 729/729/729 388/388/388 607/607/607
f 607/607/607 730/730/730 729/729/729
f 387/387/387 729/729/729 623/623/623
f 728/728/728 639/639/639 385/385/385
f 728/728/728 630/630/630 386/386/386
f 630/630/630 728/728/728 385/385/385
f 730/730/730 390/390/390 591/591/591
f 591/591/591 731/731/731 730/730/730
f 727/727/727 639/639/639 728/728/728
f 729/729/729 614/614/614 388/388/388
f 614/614/614 729/729/729 387/387/387
f 656/656/656 654/654/654 663/663/663
f 663/663/663 657/657/657 656/656/656
f 640/640/640 638/638/638 647/647/647
f 647/647/647 641/641/641 640/640/640
f 730/730/730 607/607/607 389/389/389
f 730/730/730 598/598/598 390/390/390
f 598/598/598 730/730/730 389/389/389
f 731/731/731 591/591/591 391/391/391
f 593/593/593 587/587/587 581/581/581
f 581/581/581 592/592/592 593/593/593
f 597/597/597 608/608/608 609/609/609
f 609/609/609 603/603/603 597/597/597
f 613/613/613 624/624/624 625/625/625
f 625/625/625 619/619/619 613/613/613
f 391/391/391 582/582/582 731/731/731
f 453/453/453 689/689/689 694/694/694
f 452/452/452 683/683/683 691/691/691
f 452/452/452 691/691/691 689/689/689
f 451/451/451 680/680/680 685/685/685
f 450/450/450 679/679/679 682/682/682
f 451/451/451 682/682/682 680/680/680
f 451/451/451 685/685/685 683/683/683
f 449/449/449 675/675/675 673/673/673
f 448/448/448 669/669/669 667/667/667
f 449/449/449 667/667/667 675/675/675
f 447/447/447 666/666/666 664/664/664
f 663/663/663 447/447/447 446/446/446
f 446/446/446 657/657/657 663/663/663
f 446/446/446 659/659/659 657/657/657
f 447/447/447 663/663/663 666/666/666
f 448/448/448 664/664/664 669/669/669
f 679/679/679 450/450/450 449/449/449
f 449/449/449 673/673/673 679/679/679
f 375/375/375 457/457/457 717/717/717
f 456/456/456 455/455/455 705/705/705
f 708/708/708 457/457/457 456/456/456
f 451/451/451 683/683/683 452/452/452
f 450/450/450 682/682/682 451/451/451
f 453/453/453 452/452/452 689/689/689
f 701/701/701 455/455/455 454/454/454
f 445/445/445 653/653/653 651/651/651
f 444/444/444 650/650/650 648/648/648
f 648/648/648 445/445/445 444/444/444
f 445/445/445 648/648/648 653/653/653
f 448/448/448 667/667/667 449/449/449
f 445/445/445 651/651/651 659/659/659
f 659/659/659 446/446/446 445/445/445
f 448/448/448 447/447/447 664/664/664
f 453/453/453 694/694/694 692/692/692
f 647/647/647 444/444/444 443/443/443
f 443/443/443 641/641/641 647/647/647
f 442/442/442 635/635/635 643/643/643
f 443/443/443 643/643/643 641/641/641
f 442/442/442 632/632/632 637/637/637
f 441/441/441 626/626/626 634/634/634
f 441/441/441 634/634/634 632/632/632
f 442/442/442 637/637/637 635/635/635
f 440/440/440 625/625/625 628/628/628
f 439/439/439 621/621/621 619/619/619
f 625/625/625 440/440/440 439/439/439
f 439/439/439 619/619/619 625/625/625
f 438/438/438 618/618/618 616/616/616
f 437/437/437 612/612/612 610/610/610
f 437/437/437 609/609/609 612/612/612
f 438/438/438 610/610/610 618/618/618
f 439/439/439 616/616/616 621/621/621
f 441/441/441 628/628/628 626/626/626
f 442/442/442 441/441/441 632/632/632
f 643/643/643 443/443/443 442/442/442
f 609/609/609 437/437/437 436/436/436
f 436/436/436 603/603/603 609/609/609
f 440/440/440 628/628/628 441/441/441
f 438/438/438 616/616/616 439/439/439
f 437/437/437 610/610/610 438/438/438
f 435/435/435 600/600/600 605/605/605
f 435/435/435 594/594/594 602/602/602
f 435/435/435 602/602/602 600/600/600
f 435/435/435 605/605/605 436/436/436
f 434/434/434 593/593/593 596/596/596
f 433/433/433 587/587/587 593/593/593
f 593/593/593 434/434/434 433/433/433
f 594/594/594 435/435/435 434/434/434
f 594/594/594 434/434/434 596/596/596
f 603/603/603 436/436/436 605/605/605
f 650/650/650 444/444/444 647/647/647
f 392/392/392 731/731/731 582/582/582
f 573/573/573 732/732/732 392/392/392
f 392/392/392 732/732/732 731/731/731
f 732/732/732 566/566/566 394/394/394
f 394/394/394 733/733/733 732/732/732
f 732/732/732 573/573/573 393/393/393
f 566/566/566 732/732/732 393/393/393
f 394/394/394 557/557/557 733/733/733
f 395/395/395 733/733/733 557/557/557
f 395/395/395 547/547/547 733/733/733
f 733/733/733 547/547/547 734/734/734
f 734/734/734 397/397/397 531/531/531
f 531/531/531 735/735/735 734/734/734
f 734/734/734 547/547/547 396/396/396
f 734/734/734 541/541/541 397/397/397
f 541/541/541 734/734/734 396/396/396
f 531/531/531 398/398/398 735/735/735
f 432/432/432 584/584/584 589/589/589
f 433/433/433 589/589/589 587/587/587
f 432/432/432 578/578/578 586/586/586
f 431/431/431 575/575/575 580/580/580
f 430/430/430 577/577/577 575/575/575
f 431/431/431 580/580/580 578/578/578
f 432/432/432 586/586/586 584/584/584
f 556/556/556 567/567/567 568/568/568
f 568/568/568 562/562/562 556/556/556
f 430/430/430 571/571/571 569/569/569
f 568/568/568 429/429/429 428/428/428
f 428/428/428 562/562/562 568/568/568
f 428/428/428 564/564/564 562/562/562
f 429/429/429 568/568/568 571/571/571
f 542/542/542 540/540/540 549/549/549
f 549/549/549 543/543/543 542/542/542
f 430/430/430 569/569/569 577/577/577
f 525/525/525 735/735/735 398/398/398
f 515/515/515 736/736/736 399/399/399
f 735/735/735 525/525/525 399/399/399
f 735/735/735 399/399/399 736/736/736
f 736/736/736 515/515/515 400/400/400
f 509/509/509 401/401/401 737/737/737
f 509/509/509 736/736/736 400/400/400
f 737/737/737 736/736/736 509/509/509
f 737/737/737 402/402/402 493/493/493
f 493/493/493 738/738/738 737/737/737
f 739/739/739 406/406/406 459/459/459
f 459/459/459 407/407/407 739/739/739
f 484/484/484 738/738/738 403/403/403
f 402/402/402 737/737/737 500/500/500
f 493/493/493 403/403/403 738/738/738
f 407/407/407 459/459/459 720/720/720
f 738/738/738 404/404/404 477/477/477
f 477/477/477 739/739/739 738/738/738
f 401/401/401 500/500/500 737/737/737
f 404/404/404 738/738/738 484/484/484
f 526/526/526 524/524/524 533/533/533
f 533/533/533 527/527/527 526/526/526
f 510/510/510 508/508/508 517/517/517
f 517/517/517 511/511/511 510/510/510
f 739/739/739 405/405/405 468/468/468
f 406/406/406 739/739/739 468/468/468
f 460/460/460 462/462/462 459/459/459
f 463/463/463 721/721/721 462/462/462
f 721/721/721 459/459/459 462/462/462
f 467/467/467 478/478/478 479/479/479
f 479/479/479 473/473/473 467/467/467
f 721/721/721 720/720/720 459/459/459
f 405/405/405 739/739/739 477/477/477
f 483/483/483 494/494/494 495/495/495
f 495/495/495 489/489/489 483/483/483
f 427/427/427 561/561/561 559/559/559
f 426/426/426 555/555/555 553/553/553
f 427/427/427 553/553/553 561/561/561
f 426/426/426 552/552/552 550/550/550
f 549/549/549 425/425/425 424/424/424
f 424/424/424 543/543/543 549/549/549
f 425/425/425 549/549/549 552/552/552
f 426/426/426 550/550/550 555/555/555
f 424/424/424 537/537/537 545/545/545
f 423/423/423 534/534/534 539/539/539
f 423/423/423 539/539/539 537/537/537
f 422/422/422 533/533/533 536/536/536
f 421/421/421 529/529/529 527/527/527
f 421/421/421 521/521/521 529/529/529
f 533/533/533 422/422/422 421/421/421
f 421/421/421 527/527/527 533/533/533
f 422/422/422 536/536/536 534/534/534
f 424/424/424 545/545/545 543/543/543
f 433/433/433 432/432/432 589/589/589
f 431/431/431 430/430/430 575/575/575
f 578/578/578 432/432/432 431/431/431
f 426/426/426 553/553/553 427/427/427
f 425/425/425 552/552/552 426/426/426
f 427/427/427 559/559/559 564/564/564
f 564/564/564 428/428/428 427/427/427
f 571/571/571 430/430/430 429/429/429
f 423/423/423 537/537/537 424/424/424
f 518/518/518 523/523/523 420/420/420
f 520/520/520 518/518/518 419/419/419
f 422/422/422 534/534/534 423/423/423
f 420/420/420 521/521/521 421/421/421
f 518/518/518 420/420/420 419/419/419
f 419/419/419 517/517/517 520/520/520
f 420/420/420 523/523/523 521/521/521
f 517/517/517 419/419/419 418/418/418
f 418/418/418 511/511/511 517/517/517
f 417/417/417 505/505/505 513/513/513
f 418/418/418 513/513/513 511/511/511
f 417/417/417 502/502/502 507/507/507
f 416/416/416 496/496/496 504/504/504
f 416/416/416 498/498/498 496/496/496
f 416/416/416 504/504/504 502/502/502
f 417/417/417 507/507/507 505/505/505
f 495/495/495 415/415/415 414/414/414
f 414/414/414 489/489/489 495/495/495
f 414/414/414 486/486/486 491/491/491
f 414/414/414 491/491/491 489/489/489
f 413/413/413 480/480/480 488/488/488
f 412/412/412 479/479/479 482/482/482
f 479/479/479 412/412/412 411/411/411
f 411/411/411 473/473/473 479/479/479
f 412/412/412 482/482/482 480/480/480
f 413/413/413 488/488/488 486/486/486
f 415/415/415 495/495/495 498/498/498
f 417/417/417 513/513/513 418/418/418
f 416/416/416 415/415/415 498/498/498
f 502/502/502 417/417/417 416/416/416
f 411/411/411 475/475/475 473/473/473
f 412/412/412 480/480/480 413/413/413
f 414/414/414 413/413/413 486/486/486
f 410/410/410 470/470/470 475/475/475
f 475/475/475 411/411/411 410/410/410
f 410/410/410 472/472/472 470/470/470
f 409/409/409 466/466/466 464/464/464
f 410/410/410 464/464/464 472/472/472
f 409/409/409 464/464/464 410/410/410
f 408/408/408 463/463/463 461/461/461
f 461/461/461 409/409/409 408/408/408
f 721/721/721 463/463/463 408/408/408
f 409/409/409 461/461/461 466/466/466
f 741/741/741 901/901/901 905/905/905
f 905/905/905 903/903/903 741/741/741
f 903/903/903 905/905/905 904/904/904
f 904/904/904 740/740/740 903/903/903
f 742/742/742 898/898/898 902/902/902
f 902/902/902 900/900/900 742/742/742
f 900/900/900 902/902/902 901/901/901
f 901/901/901 741/741/741 900/900/900
f 899/899/899 897/897/897 743/743/743
f 897/897/897 899/899/899 898/898/898
f 898/898/898 742/742/742 897/897/897
f 746/746/746 806/806/806 807/807/807
f 807/807/807 805/805/805 746/746/746
f 807/807/807 806/806/806 744/744/744
f 896/896/896 894/894/894 745/745/745
f 745/745/745 895/895/895 896/896/896
f 891/891/891 896/896/896 895/895/895
f 895/895/895 747/747/747 891/891/891
f 748/748/748 809/809/809 810/810/810
f 810/810/810 808/808/808 748/748/748
f 809/809/809 746/746/746 805/805/805
f 805/805/805 810/810/810 809/809/809
f 893/893/893 891/891/891 747/747/747
f 747/747/747 892/892/892 893/893/893
f 823/823/823 893/893/893 892/892/892
f 892/892/892 749/749/749 823/823/823
f 750/750/750 812/812/812 813/813/813
f 813/813/813 811/811/811 750/750/750
f 812/812/812 748/748/748 808/808/808
f 808/808/808 813/813/813 812/812/812
f 825/825/825 823/823/823 749/749/749
f 749/749/749 824/824/824 825/825/825
f 825/825/825 824/824/824 751/751/751
f 814/814/814 753/753/753 815/815/815
f 815/815/815 816/816/816 814/814/814
f 816/816/816 815/815/815 752/752/752
f 817/817/817 754/754/754 818/818/818
f 818/818/818 819/819/819 817/817/817
f 819/819/819 818/818/818 753/753/753
f 753/753/753 814/814/814 819/819/819
f 820/820/820 755/755/755 821/821/821
f 821/821/821 822/822/822 820/820/820
f 822/822/822 821/821/821 754/754/754
f 754/754/754 817/817/817 822/822/822
f 883/883/883 740/740/740 882/882/882
f 904/904/904 881/881/881 882/882/882
f 882/882/882 740/740/740 904/904/904
f 880/880/880 881/881/881 904/904/904
f 740/740/740 883/883/883 884/884/884
f 887/887/887 744/744/744 886/886/886
f 744/744/744 740/740/740 885/885/885
f 885/885/885 886/886/886 744/744/744
f 884/884/884 885/885/885 740/740/740
f 903/903/903 740/740/740 828/828/828
f 877/877/877 878/878/878 905/905/905
f 877/877/877 901/901/901 876/876/876
f 901/901/901 875/875/875 876/876/876
f 905/905/905 878/878/878 879/879/879
f 877/877/877 905/905/905 901/901/901
f 879/879/879 904/904/904 905/905/905
f 903/903/903 828/828/828 741/741/741
f 901/901/901 874/874/874 875/875/875
f 904/904/904 879/879/879 880/880/880
f 887/887/887 888/888/888 744/744/744
f 807/807/807 757/757/757 758/758/758
f 756/756/756 744/744/744 890/890/890
f 757/757/757 807/807/807 756/756/756
f 807/807/807 744/744/744 756/756/756
f 807/807/807 758/758/758 759/759/759
f 810/810/810 805/805/805 761/761/761
f 805/805/805 759/759/759 760/760/760
f 761/761/761 805/805/805 760/760/760
f 807/807/807 759/759/759 805/805/805
f 810/810/810 761/761/761 762/762/762
f 827/827/827 740/740/740 744/744/744
f 744/744/744 889/889/889 890/890/890
f 741/741/741 828/828/828 829/829/829
f 828/828/828 740/740/740 827/827/827
f 827/827/827 744/744/744 826/826/826
f 889/889/889 744/744/744 888/888/888
f 826/826/826 806/806/806 746/746/746
f 826/826/826 746/746/746 843/843/843
f 809/809/809 843/843/843 746/746/746
f 744/744/744 806/806/806 826/826/826
f 810/810/810 762/762/762 763/763/763
f 741/741/741 829/829/829 900/900/900
f 872/872/872 873/873/873 902/902/902
f 871/871/871 872/872/872 898/898/898
f 898/898/898 870/870/870 871/871/871
f 902/902/902 873/873/873 874/874/874
f 901/901/901 902/902/902 874/874/874
f 870/870/870 898/898/898 899/899/899
f 870/870/870 899/899/899 869/869/869
f 830/830/830 897/897/897 742/742/742
f 902/902/902 898/898/898 872/872/872
f 867/867/867 868/868/868 899/899/899
f 869/869/869 899/899/899 868/868/868
f 866/866/866 867/867/867 743/743/743
f 743/743/743 865/865/865 866/866/866
f 899/899/899 743/743/743 867/867/867
f 864/864/864 865/865/865 743/743/743
f 745/745/745 861/861/861 743/743/743
f 863/863/863 864/864/864 743/743/743
f 863/863/863 743/743/743 862/862/862
f 861/861/861 862/862/862 743/743/743
f 897/897/897 831/831/831 743/743/743
f 830/830/830 742/742/742 900/900/900
f 860/860/860 861/861/861 745/745/745
f 832/832/832 743/743/743 831/831/831
f 860/860/860 745/745/745 859/859/859
f 858/858/858 859/859/859 745/745/745
f 894/894/894 858/858/858 745/745/745
f 830/830/830 831/831/831 897/897/897
f 745/745/745 832/832/832 895/895/895
f 747/747/747 895/895/895 833/833/833
f 832/832/832 833/833/833 895/895/895
f 745/745/745 743/743/743 832/832/832
f 856/856/856 857/857/857 894/894/894
f 858/858/858 894/894/894 857/857/857
f 856/856/856 894/894/894 855/855/855
f 896/896/896 854/854/854 855/855/855
f 896/896/896 855/855/855 894/894/894
f 853/853/853 896/896/896 891/891/891
f 852/852/852 853/853/853 891/891/891
f 854/854/854 896/896/896 853/853/853
f 852/852/852 891/891/891 851/851/851
f 850/850/850 851/851/851 891/891/891
f 893/893/893 850/850/850 891/891/891
f 833/833/833 892/892/892 747/747/747
f 830/830/830 900/900/900 829/829/829
f 842/842/842 843/843/843 809/809/809
f 808/808/808 763/763/763 764/764/764
f 766/766/766 808/808/808 765/765/765
f 764/764/764 765/765/765 808/808/808
f 813/813/813 808/808/808 766/766/766
f 813/813/813 767/767/767 768/768/768
f 768/768/768 769/769/769 811/811/811
f 813/813/813 768/768/768 811/811/811
f 770/770/770 811/811/811 769/769/769
f 766/766/766 767/767/767 813/813/813
f 842/842/842 748/748/748 812/812/812
f 812/812/812 841/841/841 842/842/842
f 840/840/840 841/841/841 752/752/752
f 750/750/750 841/841/841 812/812/812
f 748/748/748 842/842/842 809/809/809
f 750/750/750 811/811/811 771/771/771
f 770/770/770 771/771/771 811/811/811
f 839/839/839 840/840/840 815/815/815
f 771/771/771 772/772/772 750/750/750
f 750/750/750 772/772/772 773/773/773
f 752/752/752 841/841/841 750/750/750
f 750/750/750 774/774/774 752/752/752
f 776/776/776 752/752/752 775/775/775
f 774/774/774 775/775/775 752/752/752
f 777/777/777 752/752/752 776/776/776
f 840/840/840 752/752/752 815/815/815
f 752/752/752 778/778/778 779/779/779
f 752/752/752 780/780/780 816/816/816
f 780/780/780 752/752/752 779/779/779
f 752/752/752 777/777/777 778/778/778
f 781/781/781 816/816/816 780/780/780
f 753/753/753 818/818/818 839/839/839
f 814/814/814 816/816/816 783/783/783
f 815/815/815 753/753/753 839/839/839
f 814/814/814 783/783/783 784/784/784
f 814/814/814 784/784/784 785/785/785
f 786/786/786 819/819/819 785/785/785
f 785/785/785 819/819/819 814/814/814
f 787/787/787 819/819/819 786/786/786
f 782/782/782 783/783/783 816/816/816
f 782/782/782 816/816/816 781/781/781
f 773/773/773 774/774/774 750/750/750
f 838/838/838 839/839/839 818/818/818
f 749/749/749 834/834/834 835/835/835
f 834/834/834 749/749/749 892/892/892
f 835/835/835 824/824/824 749/749/749
f 824/824/824 835/835/835 751/751/751
f 834/834/834 892/892/892 833/833/833
f 837/837/837 755/755/755 836/836/836
f 751/751/751 836/836/836 755/755/755
f 801/801/801 802/802/802 751/751/751
f 835/835/835 836/836/836 751/751/751
f 838/838/838 754/754/754 837/837/837
f 803/803/803 751/751/751 802/802/802
f 848/848/848 893/893/893 823/823/823
f 849/849/849 893/893/893 848/848/848
f 847/847/847 848/848/848 823/823/823
f 847/847/847 823/823/823 846/846/846
f 850/850/850 893/893/893 849/849/849
f 825/825/825 751/751/751 804/804/804
f 803/803/803 804/804/804 751/751/751
f 844/844/844 825/825/825 804/804/804
f 846/846/846 825/825/825 845/845/845
f 844/844/844 845/845/845 825/825/825
f 823/823/823 825/825/825 846/846/846
f 822/822/822 791/791/791 792/792/792
f 792/792/792 820/820/820 822/822/822
f 790/790/790 822/822/822 817/817/817
f 821/821/821 755/755/755 837/837/837
f 817/817/817 788/788/788 789/789/789
f 791/791/791 822/822/822 790/790/790
f 790/790/790 817/817/817 789/789/789
f 788/788/788 817/817/817 787/787/787
f 754/754/754 838/838/838 818/818/818
f 751/751/751 798/798/798 799/799/799
f 797/797/797 798/798/798 755/755/755
f 751/751/751 800/800/800 801/801/801
f 800/800/800 751/751/751 799/799/799
f 755/755/755 798/798/798 751/751/751
f 794/794/794 820/820/820 793/793/793
f 795/795/795 820/820/820 794/794/794
f 755/755/755 796/796/796 797/797/797
f 796/796/796 755/755/755 795/795/795
f 795/795/795 755/755/755 820/820/820
f 820/820/820 792/792/792 793/793/793
f 754/754/754 821/821/821 837/837/837
f 819/819/819 787/787/787 817/817/817
f 763/763/763 808/808/808 810/810/810
f 1256/1256/1256 1255/1255/1255 1253/1253/1253
f 1253/1253/1253 1254/1254/1254 1256/1256/1256
f 1249/1249/1249 1242/1242/1242 1255/1255/1255
f 1255/1255/1255 1256/1256/1256 1249/1249/1249
f 1254/1254/1254 1253/1253/1253 1257/1257/1257
f 1257/1257/1257 1258/1258/1258 1254/1254/1254
f 1255/1255/1255 1252/1252/1252 1253/1253/1253
f 906/906/906 1255/1255/1255 1242/1242/1242
f 1252/1252/1252 1255/1255/1255 906/906/906
f 1248/1248/1248 1247/1247/1247 1244/1244/1244
f 1244/1244/1244 1246/1246/1246 1248/1248/1248
f 1245/1245/1245 1236/1236/1236 1247/1247/1247
f 1247/1247/1247 1248/1248/1248 1245/1245/1245
f 1251/1251/1251 1250/1250/1250 1242/1242/1242
f 1242/1242/1242 1249/1249/1249 1251/1251/1251
f 1246/1246/1246 1244/1244/1244 1250/1250/1250
f 1250/1250/1250 1251/1251/1251 1246/1246/1246
f 1250/1250/1250 906/906/906 1242/1242/1242
f 1243/1243/1243 1250/1250/1250 1244/1244/1244
f 906/906/906 1250/1250/1250 1243/1243/1243
f 1247/1247/1247 1243/1243/1243 1244/1244/1244
f 907/907/907 1247/1247/1247 1236/1236/1236
f 1243/1243/1243 1247/1247/1247 907/907/907
f 1241/1241/1241 1240/1240/1240 1238/1238/1238
f 1238/1238/1238 1239/1239/1239 1241/1241/1241
f 1233/1233/1233 1227/1227/1227 1240/1240/1240
f 1240/1240/1240 1241/1241/1241 1233/1233/1233
f 1238/1238/1238 1237/1237/1237 907/907/907
f 907/907/907 1236/1236/1236 1238/1238/1238
f 1240/1240/1240 1237/1237/1237 1238/1238/1238
f 908/908/908 1240/1240/1240 1227/1227/1227
f 1237/1237/1237 1240/1240/1240 908/908/908
f 1232/1232/1232 1231/1231/1231 1229/1229/1229
f 1229/1229/1229 1230/1230/1230 1232/1232/1232
f 1224/1224/1224 1220/1220/1220 1231/1231/1231
f 1231/1231/1231 1232/1232/1232 1224/1224/1224
f 1235/1235/1235 1234/1234/1234 1227/1227/1227
f 1227/1227/1227 1233/1233/1233 1235/1235/1235
f 1230/1230/1230 1229/1229/1229 1234/1234/1234
f 1234/1234/1234 1235/1235/1235 1230/1230/1230
f 1234/1234/1234 908/908/908 1227/1227/1227
f 1228/1228/1228 1234/1234/1234 1229/1229/1229
f 908/908/908 1234/1234/1234 1228/1228/1228
f 1231/1231/1231 1228/1228/1228 1229/1229/1229
f 909/909/909 1231/1231/1231 1220/1220/1220
f 1228/1228/1228 1231/1231/1231 909/909/909
f 1226/1226/1226 1225/1225/1225 1220/1220/1220
f 1220/1220/1220 1224/1224/1224 1226/1226/1226
f 1223/1223/1223 1222/1222/1222 1225/1225/1225
f 1225/1225/1225 1226/1226/1226 1223/1223/1223
f 1225/1225/1225 909/909/909 1220/1220/1220
f 1221/1221/1221 1225/1225/1225 1222/1222/1222
f 909/909/909 1225/1225/1225 1221/1221/1221
f 1211/1211/1211 910/910/910 1221/1221/1221
f 1221/1221/1221 1222/1222/1222 1211/1211/1211
f 1216/1216/1216 1215/1215/1215 1213/1213/1213
f 1213/1213/1213 1214/1214/1214 1216/1216/1216
f 1208/1208/1208 1204/1204/1204 1215/1215/1215
f 1215/1215/1215 1216/1216/1216 1208/1208/1208
f 1219/1219/1219 1218/1218/1218 1211/1211/1211
f 1211/1211/1211 1217/1217/1217 1219/1219/1219
f 1214/1214/1214 1213/1213/1213 1218/1218/1218
f 1218/1218/1218 1219/1219/1219 1214/1214/1214
f 1218/1218/1218 910/910/910 1211/1211/1211
f 1212/1212/1212 1218/1218/1218 1213/1213/1213
f 910/910/910 1218/1218/1218 1212/1212/1212
f 1215/1215/1215 1212/1212/1212 1213/1213/1213
f 911/911/911 1215/1215/1215 1204/1204/1204
f 1212/1212/1212 1215/1215/1215 911/911/911
f 1210/1210/1210 1209/1209/1209 1204/1204/1204
f 1204/1204/1204 1208/1208/1208 1210/1210/1210
f 1207/1207/1207 1206/1206/1206 1209/1209/1209
f 1209/1209/1209 1210/1210/1210 1207/1207/1207
f 1209/1209/1209 911/911/911 1204/1204/1204
f 1205/1205/1205 1209/1209/1209 1206/1206/1206
f 911/911/911 1209/1209/1209 1205/1205/1205
f 1195/1195/1195 912/912/912 1205/1205/1205
f 1205/1205/1205 1206/1206/1206 1195/1195/1195
f 1200/1200/1200 1199/1199/1199 1197/1197/1197
f 1197/1197/1197 1198/1198/1198 1200/1200/1200
f 1192/1192/1192 1188/1188/1188 1199/1199/1199
f 1199/1199/1199 1200/1200/1200 1192/1192/1192
f 1203/1203/1203 1202/1202/1202 1195/1195/1195
f 1195/1195/1195 1201/1201/1201 1203/1203/1203
f 1198/1198/1198 1197/1197/1197 1202/1202/1202
f 1202/1202/1202 1203/1203/1203 1198/1198/1198
f 1202/1202/1202 912/912/912 1195/1195/1195
f 1196/1196/1196 1202/1202/1202 1197/1197/1197
f 912/912/912 1202/1202/1202 1196/1196/1196
f 1199/1199/1199 1196/1196/1196 1197/1197/1197
f 913/913/913 1199/1199/1199 1188/1188/1188
f 1196/1196/1196 1199/1199/1199 913/913/913
f 1194/1194/1194 1193/1193/1193 1188/1188/1188
f 1188/1188/1188 1192/1192/1192 1194/1194/1194
f 1191/1191/1191 1190/1190/1190 1193/1193/1193
f 1193/1193/1193 1194/1194/1194 1191/1191/1191
f 1193/1193/1193 913/913/913 1188/1188/1188
f 1189/1189/1189 1193/1193/1193 1190/1190/1190
f 913/913/913 1193/1193/1193 1189/1189/1189
f 1179/1179/1179 914/914/914 1189/1189/1189
f 1189/1189/1189 1190/1190/1190 1179/1179/1179
f 1184/1184/1184 1183/1183/1183 1181/1181/1181
f 1181/1181/1181 1182/1182/1182 1184/1184/1184
f 1176/1176/1176 1172/1172/1172 1183/1183/1183
f 1183/1183/1183 1184/1184/1184 1176/1176/1176
f 1187/1187/1187 1186/1186/1186 1179/1179/1179
f 1179/1179/1179 1185/1185/1185 1187/1187/1187
f 1182/1182/1182 1181/1181/1181 1186/1186/1186
f 1186/1186/1186 1187/1187/1187 1182/1182/1182
f 1186/1186/1186 914/914/914 1179/1179/1179
f 1180/1180/1180 1186/1186/1186 1181/1181/1181
f 914/914/914 1186/1186/1186 1180/1180/1180
f 1183/1183/1183 1180/1180/1180 1181/1181/1181
f 915/915/915 1183/1183/1183 1172/1172/1172
f 1180/1180/1180 1183/1183/1183 915/915/915
f 1178/1178/1178 1177/1177/1177 1172/1172/1172
f 1172/1172/1172 1176/1176/1176 1178/1178/1178
f 1175/1175/1175 1174/1174/1174 1177/1177/1177
f 1177/1177/1177 1178/1178/1178 1175/1175/1175
f 1177/1177/1177 915/915/915 1172/1172/1172
f 1173/1173/1173 1177/1177/1177 1174/1174/1174
f 915/915/915 1177/1177/1177 1173/1173/1173
f 1163/1163/1163 916/916/916 1173/1173/1173
f 1173/1173/1173 1174/1174/1174 1163/1163/1163
f 1168/1168/1168 1167/1167/1167 1165/1165/1165
f 1165/1165/1165 1166/1166/1166 1168/1168/1168
f 1160/1160/1160 1156/1156/1156 1167/1167/1167
f 1167/1167/1167 1168/1168/1168 1160/1160/1160
f 1171/1171/1171 1170/1170/1170 1163/1163/1163
f 1163/1163/1163 1169/1169/1169 1171/1171/1171
f 1166/1166/1166 1165/1165/1165 1170/1170/1170
f 1170/1170/1170 1171/1171/1171 1166/1166/1166
f 1170/1170/1170 916/916/916 1163/1163/1163
f 1164/1164/1164 1170/1170/1170 1165/1165/1165
f 916/916/916 1170/1170/1170 1164/1164/1164
f 1167/1167/1167 1164/1164/1164 1165/1165/1165
f 917/917/917 1167/1167/1167 1156/1156/1156
f 1164/1164/1164 1167/1167/1167 917/917/917
f 1162/1162/1162 1161/1161/1161 1156/1156/1156
f 1156/1156/1156 1160/1160/1160 1162/1162/1162
f 1159/1159/1159 1158/1158/1158 1161/1161/1161
f 1161/1161/1161 1162/1162/1162 1159/1159/1159
f 1161/1161/1161 917/917/917 1156/1156/1156
f 1157/1157/1157 1161/1161/1161 1158/1158/1158
f 917/917/917 1161/1161/1161 1157/1157/1157
f 1147/1147/1147 918/918/918 1157/1157/1157
f 1157/1157/1157 1158/1158/1158 1147/1147/1147
f 1152/1152/1152 1151/1151/1151 1149/1149/1149
f 1149/1149/1149 1150/1150/1150 1152/1152/1152
f 1144/1144/1144 1140/1140/1140 1151/1151/1151
f 1151/1151/1151 1152/1152/1152 1144/1144/1144
f 1155/1155/1155 1154/1154/1154 1147/1147/1147
f 1147/1147/1147 1153/1153/1153 1155/1155/1155
f 1150/1150/1150 1149/1149/1149 1154/1154/1154
f 1154/1154/1154 1155/1155/1155 1150/1150/1150
f 1154/1154/1154 918/918/918 1147/1147/1147
f 1148/1148/1148 1154/1154/1154 1149/1149/1149
f 918/918/918 1154/1154/1154 1148/1148/1148
f 1151/1151/1151 1148/1148/1148 1149/1149/1149
f 919/919/919 1151/1151/1151 1140/1140/1140
f 1148/1148/1148 1151/1151/1151 919/919/919
f 1146/1146/1146 1145/1145/1145 1140/1140/1140
f 1140/1140/1140 1144/1144/1144 1146/1146/1146
f 1143/1143/1143 1142/1142/1142 1145/1145/1145
f 1145/1145/1145 1146/1146/1146 1143/1143/1143
f 1145/1145/1145 919/919/919 1140/1140/1140
f 1141/1141/1141 1145/1145/1145 1142/1142/1142
f 919/919/919 1145/1145/1145 1141/1141/1141
f 1131/1131/1131 920/920/920 1141/1141/1141
f 1141/1141/1141 1142/1142/1142 1131/1131/1131
f 1136/1136/1136 1135/1135/1135 1133/1133/1133
f 1133/1133/1133 1134/1134/1134 1136/1136/1136
f 1128/1128/1128 1124/1124/1124 1135/1135/1135
f 1135/1135/1135 1136/1136/1136 1128/1128/1128
f 1139/1139/1139 1138/1138/1138 1131/1131/1131
f 1131/1131/1131 1137/1137/1137 1139/1139/1139
f 1134/1134/1134 1133/1133/1133 1138/1138/1138
f 1138/1138/1138 1139/1139/1139 1134/1134/1134
f 1138/1138/1138 920/920/920 1131/1131/1131
f 1132/1132/1132 1138/1138/1138 1133/1133/1133
f 920/920/920 1138/1138/1138 1132/1132/1132
f 1135/1135/1135 1132/1132/1132 1133/1133/1133
f 921/921/921 1135/1135/1135 1124/1124/1124
f 1132/1132/1132 1135/1135/1135 921/921/921
f 1130/1130/1130 1129/1129/1129 1124/1124/1124
f 1124/1124/1124 1128/1128/1128 1130/1130/1130
f 1127/1127/1127 1126/1126/1126 1129/1129/1129
f 1129/1129/1129 1130/1130/1130 1127/1127/1127
f 1129/1129/1129 921/921/921 1124/1124/1124
f 1125/1125/1125 1129/1129/1129 1126/1126/1126
f 921/921/921 1129/1129/1129 1125/1125/1125
f 1115/1115/1115 922/922/922 1125/1125/1125
f 1125/1125/1125 1126/1126/1126 1115/1115/1115
f 1120/1120/1120 1119/1119/1119 1117/1117/1117
f 1117/1117/1117 1118/1118/1118 1120/1120/1120
f 1112/1112/1112 1108/1108/1108 1119/1119/1119
f 1119/1119/1119 1120/1120/1120 1112/1112/1112
f 1123/1123/1123 1122/1122/1122 1115/1115/1115
f 1115/1115/1115 1121/1121/1121 1123/1123/1123
f 1118/1118/1118 1117/1117/1117 1122/1122/1122
f 1122/1122/1122 1123/1123/1123 1118/1118/1118
f 1122/1122/1122 922/922/922 1115/1115/1115
f 1116/1116/1116 1122/1122/1122 1117/1117/1117
f 922/922/922 1122/1122/1122 1116/1116/1116
f 1119/1119/1119 1116/1116/1116 1117/1117/1117
f 923/923/923 1119/1119/1119 1108/1108/1108
f 1116/1116/1116 1119/1119/1119 923/923/923
f 1114/1114/1114 1113/1113/1113 1108/1108/1108
f 1108/1108/1108 1112/1112/1112 1114/1114/1114
f 1111/1111/1111 1110/1110/1110 1113/1113/1113
f 1113/1113/1113 1114/1114/1114 1111/1111/1111
f 1113/1113/1113 923/923/923 1108/1108/1108
f 1109/1109/1109 1113/1113/1113 1110/1110/1110
f 923/923/923 1113/1113/1113 1109/1109/1109
f 1099/1099/1099 924/924/924 1109/1109/1109
f 1109/1109/1109 1110/1110/1110 1099/1099/1099
f 1104/1104/1104 1103/1103/1103 1101/1101/1101
f 1101/1101/1101 1102/1102/1102 1104/1104/1104
f 1096/1096/1096 1089/1089/1089 1103/1103/1103
f 1103/1103/1103 1104/1104/1104 1096/1096/1096
f 1107/1107/1107 1106/1106/1106 1099/1099/1099
f 1099/1099/1099 1105/1105/1105 1107/1107/1107
f 1102/1102/1102 1101/1101/1101 1106/1106/1106
f 1106/1106/1106 1107/1107/1107 1102/1102/1102
f 1106/1106/1106 924/924/924 1099/1099/1099
f 1100/1100/1100 1106/1106/1106 1101/1101/1101
f 924/924/924 1106/1106/1106 1100/1100/1100
f 1103/1103/1103 1100/1100/1100 1101/1101/1101
f 925/925/925 1103/1103/1103 1089/1089/1089
f 1100/1100/1100 1103/1103/1103 925/925/925
f 1095/1095/1095 1094/1094/1094 1091/1091/1091
f 1091/1091/1091 1093/1093/1093 1095/1095/1095
f 1092/1092/1092 1083/1083/1083 1094/1094/1094
f 1094/1094/1094 1095/1095/1095 1092/1092/1092
f 1098/1098/1098 1097/1097/1097 1089/1089/1089
f 1089/1089/1089 1096/1096/1096 1098/1098/1098
f 1093/1093/1093 1091/1091/1091 1097/1097/1097
f 1097/1097/1097 1098/1098/1098 1093/1093/1093
f 1097/1097/1097 925/925/925 1089/1089/1089
f 1090/1090/1090 1097/1097/1097 1091/1091/1091
f 925/925/925 1097/1097/1097 1090/1090/1090
f 1094/1094/1094 1090/1090/1090 1091/1091/1091
f 926/926/926 1094/1094/1094 1083/1083/1083
f 1090/1090/1090 1094/1094/1094 926/926/926
f 1088/1088/1088 1087/1087/1087 1085/1085/1085
f 1085/1085/1085 1086/1086/1086 1088/1088/1088
f 1080/1080/1080 1073/1073/1073 1087/1087/1087
f 1087/1087/1087 1088/1088/1088 1080/1080/1080
f 1085/1085/1085 1084/1084/1084 926/926/926
f 926/926/926 1083/1083/1083 1085/1085/1085
f 1087/1087/1087 1084/1084/1084 1085/1085/1085
f 927/927/927 1087/1087/1087 1073/1073/1073
f 1084/1084/1084 1087/1087/1087 927/927/927
f 1079/1079/1079 1078/1078/1078 1075/1075/1075
f 1075/1075/1075 1077/1077/1077 1079/1079/1079
f 1076/1076/1076 1067/1067/1067 1078/1078/1078
f 1078/1078/1078 1079/1079/1079 1076/1076/1076
f 1082/1082/1082 1081/1081/1081 1073/1073/1073
f 1073/1073/1073 1080/1080/1080 1082/1082/1082
f 1077/1077/1077 1075/1075/1075 1081/1081/1081
f 1081/1081/1081 1082/1082/1082 1077/1077/1077
f 1081/1081/1081 927/927/927 1073/1073/1073
f 1074/1074/1074 1081/1081/1081 1075/1075/1075
f 927/927/927 1081/1081/1081 1074/1074/1074
f 1078/1078/1078 1074/1074/1074 1075/1075/1075
f 928/928/928 1078/1078/1078 1067/1067/1067
f 1074/1074/1074 1078/1078/1078 928/928/928
f 1072/1072/1072 1071/1071/1071 1069/1069/1069
f 1069/1069/1069 1070/1070/1070 1072/1072/1072
f 1064/1064/1064 1057/1057/1057 1071/1071/1071
f 1071/1071/1071 1072/1072/1072 1064/1064/1064
f 1069/1069/1069 1068/1068/1068 928/928/928
f 928/928/928 1067/1067/1067 1069/1069/1069
f 1071/1071/1071 1068/1068/1068 1069/1069/1069
f 929/929/929 1071/1071/1071 1057/1057/1057
f 1068/1068/1068 1071/1071/1071 929/929/929
f 1063/1063/1063 1062/1062/1062 1059/1059/1059
f 1059/1059/1059 1061/1061/1061 1063/1063/1063
f 1060/1060/1060 1051/1051/1051 1062/1062/1062
f 1062/1062/1062 1063/1063/1063 1060/1060/1060
f 1066/1066/1066 1065/1065/1065 1057/1057/1057
f 1057/1057/1057 1064/1064/1064 1066/1066/1066
f 1061/1061/1061 1059/1059/1059 1065/1065/1065
f 1065/1065/1065 1066/1066/1066 1061/1061/1061
f 1065/1065/1065 929/929/929 1057/1057/1057
f 1058/1058/1058 1065/1065/1065 1059/1059/1059
f 929/929/929 1065/1065/1065 1058/1058/1058
f 1062/1062/1062 1058/1058/1058 1059/1059/1059
f 930/930/930 1062/1062/1062 1051/1051/1051
f 1058/1058/1058 1062/1062/1062 930/930/930
f 1056/1056/1056 1055/1055/1055 1053/1053/1053
f 1053/1053/1053 1054/1054/1054 1056/1056/1056
f 1048/1048/1048 1041/1041/1041 1055/1055/1055
f 1055/1055/1055 1056/1056/1056 1048/1048/1048
f 1053/1053/1053 1052/1052/1052 930/930/930
f 930/930/930 1051/1051/1051 1053/1053/1053
f 1055/1055/1055 1052/1052/1052 1053/1053/1053
f 931/931/931 1055/1055/1055 1041/1041/1041
f 1052/1052/1052 1055/1055/1055 931/931/931
f 1047/1047/1047 1046/1046/1046 1043/1043/1043
f 1043/1043/1043 1045/1045/1045 1047/1047/1047
f 1044/1044/1044 1035/1035/1035 1046/1046/1046
f 1046/1046/1046 1047/1047/1047 1044/1044/1044
f 1050/1050/1050 1049/1049/1049 1041/1041/1041
f 1041/1041/1041 1048/1048/1048 1050/1050/1050
f 1045/1045/1045 1043/1043/1043 1049/1049/1049
f 1049/1049/1049 1050/1050/1050 1045/1045/1045
f 1049/1049/1049 931/931/931 1041/1041/1041
f 1042/1042/1042 1049/1049/1049 1043/1043/1043
f 931/931/931 1049/1049/1049 1042/1042/1042
f 1046/1046/1046 1042/1042/1042 1043/1043/1043
f 932/932/932 1046/1046/1046 1035/1035/1035
f 1042/1042/1042 1046/1046/1046 932/932/932
f 1040/1040/1040 1039/1039/1039 1037/1037/1037
f 1037/1037/1037 1038/1038/1038 1040/1040/1040
f 1032/1032/1032 1025/1025/1025 1039/1039/1039
f 1039/1039/1039 1040/1040/1040 1032/1032/1032
f 1037/1037/1037 1036/1036/1036 932/932/932
f 932/932/932 1035/1035/1035 1037/1037/1037
f 1039/1039/1039 1036/1036/1036 1037/1037/1037
f 933/933/933 1039/1039/1039 1025/1025/1025
f 1036/1036/1036 1039/1039/1039 933/933/933
f 1031/1031/1031 1030/1030/1030 1027/1027/1027
f 1027/1027/1027 1029/1029/1029 1031/1031/1031
f 1028/1028/1028 1019/1019/1019 1030/1030/1030
f 1030/1030/1030 1031/1031/1031 1028/1028/1028
f 1034/1034/1034 1033/1033/1033 1025/1025/1025
f 1025/1025/1025 1032/1032/1032 1034/1034/1034
f 1029/1029/1029 1027/1027/1027 1033/1033/1033
f 1033/1033/1033 1034/1034/1034 1029/1029/1029
f 1033/1033/1033 933/933/933 1025/1025/1025
f 1026/1026/1026 1033/1033/1033 1027/1027/1027
f 933/933/933 1033/1033/1033 1026/1026/1026
f 1030/1030/1030 1026/1026/1026 1027/1027/1027
f 934/934/934 1030/1030/1030 1019/1019/1019
f 1026/1026/1026 1030/1030/1030 934/934/934
f 1024/1024/1024 1023/1023/1023 1021/1021/1021
f 1021/1021/1021 1022/1022/1022 1024/1024/1024
f 1016/1016/1016 1009/1009/1009 1023/1023/1023
f 1023/1023/1023 1024/1024/1024 1016/1016/1016
f 1021/1021/1021 1020/1020/1020 934/934/934
f 934/934/934 1019/1019/1019 1021/1021/1021
f 1023/1023/1023 1020/1020/1020 1021/1021/1021
f 935/935/935 1023/1023/1023 1009/1009/1009
f 1020/1020/1020 1023/1023/1023 935/935/935
f 1015/1015/1015 1014/1014/1014 1011/1011/1011
f 1011/1011/1011 1013/1013/1013 1015/1015/1015
f 1012/1012/1012 1003/1003/1003 1014/1014/1014
f 1014/1014/1014 1015/1015/1015 1012/1012/1012
f 1018/1018/1018 1017/1017/1017 1009/1009/1009
f 1009/1009/1009 1016/1016/1016 1018/1018/1018
f 1013/1013/1013 1011/1011/1011 1017/1017/1017
f 1017/1017/1017 1018/1018/1018 1013/1013/1013
f 1017/1017/1017 935/935/935 1009/1009/1009
f 1010/1010/1010 1017/1017/1017 1011/1011/1011
f 935/935/935 1017/1017/1017 1010/1010/1010
f 1014/1014/1014 1010/1010/1010 1011/1011/1011
f 936/936/936 1014/1014/1014 1003/1003/1003
f 1010/1010/1010 1014/1014/1014 936/936/936
f 1008/1008/1008 1007/1007/1007 1005/1005/1005
f 1005/1005/1005 1006/1006/1006 1008/1008/1008
f 1000/1000/1000 994/994/994 1007/1007/1007
f 1007/1007/1007 1008/1008/1008 1000/1000/1000
f 1005/1005/1005 1004/1004/1004 936/936/936
f 936/936/936 1003/1003/1003 1005/1005/1005
f 1007/1007/1007 1004/1004/1004 1005/1005/1005
f 937/937/937 1007/1007/1007 994/994/994
f 1004/1004/1004 1007/1007/1007 937/937/937
f 999/999/999 998/998/998 996/996/996
f 996/996/996 997/997/997 999/999/999
f 1002/1002/1002 1001/1001/1001 994/994/994
f 994/994/994 1000/1000/1000 1002/1002/1002
f 997/997/997 996/996/996 1001/1001/1001
f 1001/1001/1001 1002/1002/1002 997/997/997
f 1001/1001/1001 937/937/937 994/994/994
f 995/995/995 1001/1001/1001 996/996/996
f 937/937/937 1001/1001/1001 995/995/995
f 1252/1252/1252 1259/1259/1259 943/943/943
f 1259/1259/1259 1252/1252/1252 906/906/906
f 906/906/906 1260/1260/1260 1259/1259/1259
f 942/942/942 1252/1252/1252 943/943/943
f 942/942/942 1257/1257/1257 1252/1252/1252
f 1260/1260/1260 1243/1243/1243 907/907/907
f 1260/1260/1260 907/907/907 1237/1237/1237
f 1243/1243/1243 1260/1260/1260 906/906/906
f 1260/1260/1260 1237/1237/1237 908/908/908
f 908/908/908 1261/1261/1261 1260/1260/1260
f 1261/1261/1261 908/908/908 1228/1228/1228
f 909/909/909 1261/1261/1261 1228/1228/1228
f 1261/1261/1261 909/909/909 1221/1221/1221
f 1221/1221/1221 1262/1262/1262 1261/1261/1261
f 1262/1262/1262 910/910/910 1212/1212/1212
f 1262/1262/1262 1212/1212/1212 911/911/911
f 910/910/910 1262/1262/1262 1221/1221/1221
f 911/911/911 1205/1205/1205 1262/1262/1262
f 942/942/942 1258/1258/1258 1257/1257/1257
f 1253/1253/1253 1252/1252/1252 1257/1257/1257
f 993/993/993 1254/1254/1254 1258/1258/1258
f 993/993/993 1249/1249/1249 1256/1256/1256
f 992/992/992 1246/1246/1246 1251/1251/1251
f 991/991/991 1248/1248/1248 1246/1246/1246
f 992/992/992 1251/1251/1251 1249/1249/1249
f 993/993/993 1256/1256/1256 1254/1254/1254
f 1238/1238/1238 1236/1236/1236 1245/1245/1245
f 1245/1245/1245 1239/1239/1239 1238/1238/1238
f 1245/1245/1245 991/991/991 990/990/990
f 990/990/990 1239/1239/1239 1245/1245/1245
f 989/989/989 1233/1233/1233 1241/1241/1241
f 989/989/989 1235/1235/1235 1233/1233/1233
f 990/990/990 1241/1241/1241 1239/1239/1239
f 1211/1211/1211 1222/1222/1222 1223/1223/1223
f 1223/1223/1223 1217/1217/1217 1211/1211/1211
f 991/991/991 1245/1245/1245 1248/1248/1248
f 941/941/941 1258/1258/1258 942/942/942
f 1263/1263/1263 1205/1205/1205 912/912/912
f 1196/1196/1196 1263/1263/1263 912/912/912
f 1263/1263/1263 1262/1262/1262 1205/1205/1205
f 1263/1263/1263 913/913/913 1189/1189/1189
f 1189/1189/1189 1264/1264/1264 1263/1263/1263
f 1263/1263/1263 1196/1196/1196 913/913/913
f 1264/1264/1264 1189/1189/1189 914/914/914
f 1264/1264/1264 914/914/914 1180/1180/1180
f 1180/1180/1180 915/915/915 1264/1264/1264
f 1265/1265/1265 1164/1164/1164 917/917/917
f 917/917/917 1266/1266/1266 1265/1265/1265
f 1266/1266/1266 1148/1148/1148 919/919/919
f 919/919/919 1267/1267/1267 1266/1266/1266
f 1157/1157/1157 1266/1266/1266 917/917/917
f 1265/1265/1265 915/915/915 1173/1173/1173
f 1265/1265/1265 916/916/916 1164/1164/1164
f 916/916/916 1265/1265/1265 1173/1173/1173
f 1267/1267/1267 920/920/920 1132/1132/1132
f 1132/1132/1132 1268/1268/1268 1267/1267/1267
f 1264/1264/1264 915/915/915 1265/1265/1265
f 1266/1266/1266 1157/1157/1157 918/918/918
f 1163/1163/1163 1174/1174/1174 1175/1175/1175
f 1175/1175/1175 1169/1169/1169 1163/1163/1163
f 1179/1179/1179 1190/1190/1190 1191/1191/1191
f 1191/1191/1191 1185/1185/1185 1179/1179/1179
f 1195/1195/1195 1206/1206/1206 1207/1207/1207
f 1207/1207/1207 1201/1201/1201 1195/1195/1195
f 1267/1267/1267 1141/1141/1141 920/920/920
f 1141/1141/1141 1267/1267/1267 919/919/919
f 1147/1147/1147 1158/1158/1158 1159/1159/1159
f 1159/1159/1159 1153/1153/1153 1147/1147/1147
f 1268/1268/1268 1132/1132/1132 921/921/921
f 1148/1148/1148 1266/1266/1266 918/918/918
f 1131/1131/1131 1142/1142/1142 1143/1143/1143
f 1143/1143/1143 1137/1137/1137 1131/1131/1131
f 988/988/988 1232/1232/1232 1230/1230/1230
f 988/988/988 1226/1226/1226 1224/1224/1224
f 988/988/988 1224/1224/1224 1232/1232/1232
f 1223/1223/1223 987/987/987 986/986/986
f 986/986/986 1217/1217/1217 1223/1223/1223
f 986/986/986 1214/1214/1214 1219/1219/1219
f 985/985/985 1216/1216/1216 1214/1214/1214
f 986/986/986 1219/1219/1219 1217/1217/1217
f 987/987/987 1223/1223/1223 1226/1226/1226
f 985/985/985 1210/1210/1210 1208/1208/1208
f 1207/1207/1207 984/984/984 983/983/983
f 983/983/983 1201/1201/1201 1207/1207/1207
f 984/984/984 1207/1207/1207 1210/1210/1210
f 983/983/983 1198/1198/1198 1203/1203/1203
f 982/982/982 1192/1192/1192 1200/1200/1200
f 982/982/982 1194/1194/1194 1192/1192/1192
f 982/982/982 1200/1200/1200 1198/1198/1198
f 983/983/983 1203/1203/1203 1201/1201/1201
f 985/985/985 1208/1208/1208 1216/1216/1216
f 941/941/941 993/993/993 1258/1258/1258
f 992/992/992 991/991/991 1246/1246/1246
f 1249/1249/1249 993/993/993 992/992/992
f 990/990/990 989/989/989 1241/1241/1241
f 987/987/987 1226/1226/1226 988/988/988
f 989/989/989 988/988/988 1230/1230/1230
f 984/984/984 1210/1210/1210 985/985/985
f 1214/1214/1214 986/986/986 985/985/985
f 1191/1191/1191 981/981/981 980/980/980
f 980/980/980 1185/1185/1185 1191/1191/1191
f 1187/1187/1187 1185/1185/1185 980/980/980
f 981/981/981 1194/1194/1194 982/982/982
f 983/983/983 982/982/982 1198/1198/1198
f 980/980/980 1182/1182/1182 1187/1187/1187
f 981/981/981 1191/1191/1191 1194/1194/1194
f 989/989/989 1230/1230/1230 1235/1235/1235
f 979/979/979 1184/1184/1184 1182/1182/1182
f 979/979/979 1178/1178/1178 1176/1176/1176
f 979/979/979 1176/1176/1176 1184/1184/1184
f 1175/1175/1175 978/978/978 977/977/977
f 977/977/977 1169/1169/1169 1175/1175/1175
f 977/977/977 1166/1166/1166 1171/1171/1171
f 976/976/976 1168/1168/1168 1166/1166/1166
f 977/977/977 1171/1171/1171 1169/1169/1169
f 978/978/978 1175/1175/1175 1178/1178/1178
f 976/976/976 1162/1162/1162 1160/1160/1160
f 1159/1159/1159 975/975/975 974/974/974
f 974/974/974 1153/1153/1153 1159/1159/1159
f 975/975/975 1159/1159/1159 1162/1162/1162
f 974/974/974 1150/1150/1150 1155/1155/1155
f 973/973/973 1144/1144/1144 1152/1152/1152
f 973/973/973 1146/1146/1146 1144/1144/1144
f 973/973/973 1152/1152/1152 1150/1150/1150
f 974/974/974 1155/1155/1155 1153/1153/1153
f 976/976/976 1160/1160/1160 1168/1168/1168
f 978/978/978 1178/1178/1178 979/979/979
f 977/977/977 976/976/976 1166/1166/1166
f 972/972/972 1143/1143/1143 1146/1146/1146
f 975/975/975 1162/1162/1162 976/976/976
f 973/973/973 1150/1150/1150 974/974/974
f 972/972/972 1146/1146/1146 973/973/973
f 1143/1143/1143 972/972/972 971/971/971
f 971/971/971 1137/1137/1137 1143/1143/1143
f 971/971/971 1139/1139/1139 1137/1137/1137
f 970/970/970 1136/1136/1136 1134/1134/1134
f 971/971/971 1134/1134/1134 1139/1139/1139
f 970/970/970 1134/1134/1134 971/971/971
f 969/969/969 1130/1130/1130 1128/1128/1128
f 1130/1130/1130 969/969/969 1127/1127/1127
f 970/970/970 969/969/969 1128/1128/1128
f 970/970/970 1128/1128/1128 1136/1136/1136
f 980/980/980 979/979/979 1182/1182/1182
f 1268/1268/1268 921/921/921 1125/1125/1125
f 922/922/922 1268/1268/1268 1125/1125/1125
f 923/923/923 1269/1269/1269 1116/1116/1116
f 1268/1268/1268 922/922/922 1116/1116/1116
f 1268/1268/1268 1116/1116/1116 1269/1269/1269
f 1269/1269/1269 923/923/923 1109/1109/1109
f 924/924/924 1100/1100/1100 1270/1270/1270
f 1100/1100/1100 925/925/925 1270/1270/1270
f 924/924/924 1269/1269/1269 1109/1109/1109
f 1269/1269/1269 924/924/924 1270/1270/1270
f 925/925/925 1090/1090/1090 1270/1270/1270
f 926/926/926 1270/1270/1270 1090/1090/1090
f 1084/1084/1084 1271/1271/1271 926/926/926
f 1270/1270/1270 926/926/926 1271/1271/1271
f 1271/1271/1271 1084/1084/1084 927/927/927
f 1271/1271/1271 1074/1074/1074 928/928/928
f 928/928/928 1068/1068/1068 1272/1272/1272
f 1074/1074/1074 1271/1271/1271 927/927/927
f 1272/1272/1272 1271/1271/1271 928/928/928
f 1127/1127/1127 1121/1121/1121 1115/1115/1115
f 1115/1115/1115 1126/1126/1126 1127/1127/1127
f 968/968/968 1121/1121/1121 1127/1127/1127
f 1127/1127/1127 969/969/969 968/968/968
f 968/968/968 1118/1118/1118 1123/1123/1123
f 967/967/967 1112/1112/1112 1120/1120/1120
f 966/966/966 1114/1114/1114 1112/1112/1112
f 967/967/967 1120/1120/1120 1118/1118/1118
f 968/968/968 1123/1123/1123 1121/1121/1121
f 1099/1099/1099 1110/1110/1110 1111/1111/1111
f 1111/1111/1111 1105/1105/1105 1099/1099/1099
f 1111/1111/1111 966/966/966 965/965/965
f 965/965/965 1105/1105/1105 1111/1111/1111
f 1069/1069/1069 1067/1067/1067 1076/1076/1076
f 1076/1076/1076 1070/1070/1070 1069/1069/1069
f 1085/1085/1085 1083/1083/1083 1092/1092/1092
f 1092/1092/1092 1086/1086/1086 1085/1085/1085
f 965/965/965 1107/1107/1107 1105/1105/1105
f 966/966/966 1111/1111/1111 1114/1114/1114
f 1068/1068/1068 929/929/929 1272/1272/1272
f 1058/1058/1058 1272/1272/1272 929/929/929
f 930/930/930 1273/1273/1273 1058/1058/1058
f 1272/1272/1272 1058/1058/1058 1273/1273/1273
f 1273/1273/1273 930/930/930 1052/1052/1052
f 1273/1273/1273 931/931/931 1042/1042/1042
f 1042/1042/1042 932/932/932 1274/1274/1274
f 931/931/931 1273/1273/1273 1052/1052/1052
f 1274/1274/1274 1273/1273/1273 1042/1042/1042
f 1274/1274/1274 933/933/933 1026/1026/1026
f 1026/1026/1026 1275/1275/1275 1274/1274/1274
f 1276/1276/1276 937/937/937 995/995/995
f 995/995/995 938/938/938 1276/1276/1276
f 1020/1020/1020 1275/1275/1275 934/934/934
f 933/933/933 1274/1274/1274 1036/1036/1036
f 1026/1026/1026 934/934/934 1275/1275/1275
f 938/938/938 995/995/995 939/939/939
f 1275/1275/1275 935/935/935 1010/1010/1010
f 1010/1010/1010 1276/1276/1276 1275/1275/1275
f 932/932/932 1036/1036/1036 1274/1274/1274
f 935/935/935 1275/1275/1275 1020/1020/1020
f 1053/1053/1053 1051/1051/1051 1060/1060/1060
f 1060/1060/1060 1054/1054/1054 1053/1053/1053
f 1037/1037/1037 1035/1035/1035 1044/1044/1044
f 1044/1044/1044 1038/1038/1038 1037/1037/1037
f 1276/1276/1276 936/936/936 1004/1004/1004
f 937/937/937 1276/1276/1276 1004/1004/1004
f 996/996/996 998/998/998 995/995/995
f 999/999/999 940/940/940 998/998/998
f 940/940/940 995/995/995 998/998/998
f 1005/1005/1005 1003/1003/1003 1012/1012/1012
f 1012/1012/1012 1006/1006/1006 1005/1005/1005
f 940/940/940 939/939/939 995/995/995
f 936/936/936 1276/1276/1276 1010/1010/1010
f 1021/1021/1021 1019/1019/1019 1028/1028/1028
f 1028/1028/1028 1022/1022/1022 1021/1021/1021
f 964/964/964 1104/1104/1104 1102/1102/1102
f 963/963/963 1098/1098/1098 1096/1096/1096
f 964/964/964 1096/1096/1096 1104/1104/1104
f 963/963/963 1095/1095/1095 1093/1093/1093
f 1092/1092/1092 962/962/962 961/961/961
f 961/961/961 1086/1086/1086 1092/1092/1092
f 961/961/961 1088/1088/1088 1086/1086/1086
f 962/962/962 1092/1092/1092 1095/1095/1095
f 963/963/963 1093/1093/1093 1098/1098/1098
f 960/960/960 1082/1082/1082 1080/1080/1080
f 960/960/960 1079/1079/1079 1077/1077/1077
f 960/960/960 1077/1077/1077 1082/1082/1082
f 1076/1076/1076 959/959/959 958/958/958
f 958/958/958 1070/1070/1070 1076/1076/1076
f 958/958/958 1064/1064/1064 1072/1072/1072
f 957/957/957 1066/1066/1066 1064/1064/1064
f 958/958/958 1072/1072/1072 1070/1070/1070
f 959/959/959 1076/1076/1076 1079/1079/1079
f 961/961/961 1080/1080/1080 1088/1088/1088
f 968/968/968 967/967/967 1118/1118/1118
f 1112/1112/1112 967/967/967 966/966/966
f 963/963/963 1096/1096/1096 964/964/964
f 960/960/960 1080/1080/1080 961/961/961
f 963/963/963 962/962/962 1095/1095/1095
f 964/964/964 1102/1102/1102 1107/1107/1107
f 1107/1107/1107 965/965/965 964/964/964
f 957/957/957 1063/1063/1063 1061/1061/1061
f 1060/1060/1060 956/956/956 955/955/955
f 955/955/955 1054/1054/1054 1060/1060/1060
f 956/956/956 1060/1060/1060 1063/1063/1063
f 1063/1063/1063 957/957/957 956/956/956
f 958/958/958 957/957/957 1064/1064/1064
f 955/955/955 1056/1056/1056 1054/1054/1054
f 1079/1079/1079 960/960/960 959/959/959
f 1066/1066/1066 957/957/957 1061/1061/1061
f 954/954/954 1048/1048/1048 1056/1056/1056
f 1056/1056/1056 955/955/955 954/954/954
f 954/954/954 1045/1045/1045 1050/1050/1050
f 954/954/954 1050/1050/1050 1048/1048/1048
f 953/953/953 1044/1044/1044 1047/1047/1047
f 952/952/952 1040/1040/1040 1038/1038/1038
f 952/952/952 1032/1032/1032 1040/1040/1040
f 1044/1044/1044 953/953/953 952/952/952
f 952/952/952 1038/1038/1038 1044/1044/1044
f 954/954/954 1047/1047/1047 1045/1045/1045
f 951/951/951 1029/1029/1029 1034/1034/1034
f 950/950/950 1028/1028/1028 1031/1031/1031
f 951/951/951 1031/1031/1031 1029/1029/1029
f 949/949/949 1024/1024/1024 1022/1022/1022
f 948/948/948 1018/1018/1018 1016/1016/1016
f 948/948/948 1013/1013/1013 1018/1018/1018
f 949/949/949 1016/1016/1016 1024/1024/1024
f 1028/1028/1028 950/950/950 949/949/949
f 949/949/949 1022/1022/1022 1028/1028/1028
f 951/951/951 1034/1034/1034 1032/1032/1032
f 953/953/953 1047/1047/1047 954/954/954
f 952/952/952 951/951/951 1032/1032/1032
f 1015/1015/1015 1013/1013/1013 948/948/948
f 950/950/950 1031/1031/1031 951/951/951
f 948/948/948 1016/1016/1016 949/949/949
f 1015/1015/1015 948/948/948 947/947/947
f 947/947/947 1012/1012/1012 1015/1015/1015
f 946/946/946 1006/1006/1006 1012/1012/1012
f 1012/1012/1012 947/947/947 946/946/946
f 946/946/946 1000/1000/1000 1008/1008/1008
f 945/945/945 1002/1002/1002 1000/1000/1000
f 946/946/946 1008/1008/1008 1006/1006/1006
f 945/945/945 1000/1000/1000 946/946/946
f 944/944/944 999/999/999 997/997/997
f 997/997/997 945/945/945 944/944/944
f 940/940/940 999/999/999 944/944/944
f 945/945/945 997/997/997 1002/1002/1002
f 1279/1279/1279 1414/1414/1414 1415/1415/1415
f 1415/1415/1415 1412/1412/1412 1279/1279/1279
f 1280/1280/1280 1411/1411/1411 1413/1413/1413
f 1413/1413/1413 1409/1409/1409 1280/1280/1280
f 1411/1411/1411 1279/1279/1279 1412/1412/1412
f 1412/1412/1412 1413/1413/1413 1411/1411/1411
f 1281/1281/1281 1408/1408/1408 1410/1410/1410
f 1410/1410/1410 1406/1406/1406 1281/1281/1281
f 1408/1408/1408 1280/1280/1280 1409/1409/1409
f 1409/1409/1409 1410/1410/1410 1408/1408/1408
f 1405/1405/1405 1281/1281/1281 1406/1406/1406
f 1406/1406/1406 1407/1407/1407 1405/1405/1405
f 1411/1411/1411 1282/1282/1282 1279/1279/1279
f 1283/1283/1283 1411/1411/1411 1280/1280/1280
f 1282/1282/1282 1411/1411/1411 1283/1283/1283
f 1408/1408/1408 1283/1283/1283 1280/1280/1280
f 1284/1284/1284 1408/1408/1408 1281/1281/1281
f 1283/1283/1283 1408/1408/1408 1284/1284/1284
f 1286/1286/1286 1285/1285/1285 1282/1282/1282
f 1282/1282/1282 1283/1283/1283 1286/1286/1286
f 1287/1287/1287 1286/1286/1286 1283/1283/1283
f 1283/1283/1283 1284/1284/1284 1287/1287/1287
f 1289/1289/1289 1288/1288/1288 1285/1285/1285
f 1285/1285/1285 1286/1286/1286 1289/1289/1289
f 1290/1290/1290 1289/1289/1289 1286/1286/1286
f 1286/1286/1286 1287/1287/1287 1290/1290/1290
f 1292/1292/1292 1291/1291/1291 1288/1288/1288
f 1288/1288/1288 1289/1289/1289 1292/1292/1292
f 1293/1293/1293 1292/1292/1292 1289/1289/1289
f 1289/1289/1289 1290/1290/1290 1293/1293/1293
f 1295/1295/1295 1294/1294/1294 1291/1291/1291
f 1291/1291/1291 1292/1292/1292 1295/1295/1295
f 1296/1296/1296 1295/1295/1295 1292/1292/1292
f 1292/1292/1292 1293/1293/1293 1296/1296/1296
f 1298/1298/1298 1297/1297/1297 1294/1294/1294
f 1294/1294/1294 1295/1295/1295 1298/1298/1298
f 1299/1299/1299 1298/1298/1298 1295/1295/1295
f 1295/1295/1295 1296/1296/1296 1299/1299/1299
f 1301/1301/1301 1300/1300/1300 1297/1297/1297
f 1297/1297/1297 1298/1298/1298 1301/1301/1301
f 1302/1302/1302 1301/1301/1301 1298/1298/1298
f 1298/1298/1298 1299/1299/1299 1302/1302/1302
f 1304/1304/1304 1303/1303/1303 1300/1300/1300
f 1300/1300/1300 1301/1301/1301 1304/1304/1304
f 1305/1305/1305 1304/1304/1304 1301/1301/1301
f 1301/1301/1301 1302/1302/1302 1305/1305/1305
f 1307/1307/1307 1306/1306/1306 1303/1303/1303
f 1303/1303/1303 1304/1304/1304 1307/1307/1307
f 1308/1308/1308 1307/1307/1307 1304/1304/1304
f 1304/1304/1304 1305/1305/1305 1308/1308/1308
f 1310/1310/1310 1309/1309/1309 1306/1306/1306
f 1306/1306/1306 1307/1307/1307 1310/1310/1310
f 1311/1311/1311 1310/1310/1310 1307/1307/1307
f 1307/1307/1307 1308/1308/1308 1311/1311/1311
f 1313/1313/1313 1312/1312/1312 1309/1309/1309
f 1309/1309/1309 1310/1310/1310 1313/1313/1313
f 1314/1314/1314 1313/1313/1313 1310/1310/1310
f 1310/1310/1310 1311/1311/1311 1314/1314/1314
f 1316/1316/1316 1315/1315/1315 1312/1312/1312
f 1312/1312/1312 1313/1313/1313 1316/1316/1316
f 1317/1317/1317 1316/1316/1316 1313/1313/1313
f 1313/1313/1313 1314/1314/1314 1317/1317/1317
f 1319/1319/1319 1318/1318/1318 1315/1315/1315
f 1315/1315/1315 1316/1316/1316 1319/1319/1319
f 1320/1320/1320 1319/1319/1319 1316/1316/1316
f 1316/1316/1316 1317/1317/1317 1320/1320/1320
f 1322/1322/1322 1321/1321/1321 1318/1318/1318
f 1318/1318/1318 1319/1319/1319 1322/1322/1322
f 1323/1323/1323 1322/1322/1322 1319/1319/1319
f 1319/1319/1319 1320/1320/1320 1323/1323/1323
f 1325/1325/1325 1324/1324/1324 1321/1321/1321
f 1321/1321/1321 1322/1322/1322 1325/1325/1325
f 1326/1326/1326 1325/1325/1325 1322/1322/1322
f 1322/1322/1322 1323/1323/1323 1326/1326/1326
f 1328/1328/1328 1327/1327/1327 1324/1324/1324
f 1324/1324/1324 1325/1325/1325 1328/1328/1328
f 1329/1329/1329 1328/1328/1328 1325/1325/1325
f 1325/1325/1325 1326/1326/1326 1329/1329/1329
f 1331/1331/1331 1330/1330/1330 1327/1327/1327
f 1327/1327/1327 1328/1328/1328 1331/1331/1331
f 1332/1332/1332 1331/1331/1331 1328/1328/1328
f 1328/1328/1328 1329/1329/1329 1332/1332/1332
f 1334/1334/1334 1333/1333/1333 1330/1330/1330
f 1330/1330/1330 1331/1331/1331 1334/1334/1334
f 1335/1335/1335 1334/1334/1334 1331/1331/1331
f 1331/1331/1331 1332/1332/1332 1335/1335/1335
f 1337/1337/1337 1336/1336/1336 1333/1333/1333
f 1333/1333/1333 1334/1334/1334 1337/1337/1337
f 1338/1338/1338 1337/1337/1337 1334/1334/1334
f 1334/1334/1334 1335/1335/1335 1338/1338/1338
f 1340/1340/1340 1339/1339/1339 1336/1336/1336
f 1336/1336/1336 1337/1337/1337 1340/1340/1340
f 1341/1341/1341 1340/1340/1340 1337/1337/1337
f 1337/1337/1337 1338/1338/1338 1341/1341/1341
f 1343/1343/1343 1342/1342/1342 1339/1339/1339
f 1339/1339/1339 1340/1340/1340 1343/1343/1343
f 1344/1344/1344 1343/1343/1343 1340/1340/1340
f 1340/1340/1340 1341/1341/1341 1344/1344/1344
f 1346/1346/1346 1345/1345/1345 1342/1342/1342
f 1342/1342/1342 1343/1343/1343 1346/1346/1346
f 1347/1347/1347 1346/1346/1346 1343/1343/1343
f 1343/1343/1343 1344/1344/1344 1347/1347/1347
f 1349/1349/1349 1348/1348/1348 1345/1345/1345
f 1345/1345/1345 1346/1346/1346 1349/1349/1349
f 1350/1350/1350 1349/1349/1349 1346/1346/1346
f 1346/1346/1346 1347/1347/1347 1350/1350/1350
f 1352/1352/1352 1351/1351/1351 1348/1348/1348
f 1348/1348/1348 1349/1349/1349 1352/1352/1352
f 1353/1353/1353 1352/1352/1352 1349/1349/1349
f 1349/1349/1349 1350/1350/1350 1353/1353/1353
f 1355/1355/1355 1354/1354/1354 1351/1351/1351
f 1351/1351/1351 1352/1352/1352 1355/1355/1355
f 1356/1356/1356 1355/1355/1355 1352/1352/1352
f 1352/1352/1352 1353/1353/1353 1356/1356/1356
f 1358/1358/1358 1357/1357/1357 1354/1354/1354
f 1354/1354/1354 1355/1355/1355 1358/1358/1358
f 1359/1359/1359 1358/1358/1358 1355/1355/1355
f 1355/1355/1355 1356/1356/1356 1359/1359/1359
f 1361/1361/1361 1360/1360/1360 1357/1357/1357
f 1357/1357/1357 1358/1358/1358 1361/1361/1361
f 1362/1362/1362 1361/1361/1361 1358/1358/1358
f 1358/1358/1358 1359/1359/1359 1362/1362/1362
f 1364/1364/1364 1363/1363/1363 1360/1360/1360
f 1360/1360/1360 1361/1361/1361 1364/1364/1364
f 1365/1365/1365 1364/1364/1364 1361/1361/1361
f 1361/1361/1361 1362/1362/1362 1365/1365/1365
f 1367/1367/1367 1366/1366/1366 1363/1363/1363
f 1363/1363/1363 1364/1364/1364 1367/1367/1367
f 1368/1368/1368 1367/1367/1367 1364/1364/1364
f 1364/1364/1364 1365/1365/1365 1368/1368/1368
f 1370/1370/1370 1369/1369/1369 1366/1366/1366
f 1366/1366/1366 1367/1367/1367 1370/1370/1370
f 1371/1371/1371 1370/1370/1370 1367/1367/1367
f 1367/1367/1367 1368/1368/1368 1371/1371/1371
f 1373/1373/1373 1372/1372/1372 1369/1369/1369
f 1369/1369/1369 1370/1370/1370 1373/1373/1373
f 1374/1374/1374 1373/1373/1373 1370/1370/1370
f 1370/1370/1370 1371/1371/1371 1374/1374/1374
f 1376/1376/1376 1375/1375/1375 1372/1372/1372
f 1372/1372/1372 1373/1373/1373 1376/1376/1376
f 1377/1377/1377 1376/1376/1376 1373/1373/1373
f 1373/1373/1373 1374/1374/1374 1377/1377/1377
f 1379/1379/1379 1378/1378/1378 1375/1375/1375
f 1375/1375/1375 1376/1376/1376 1379/1379/1379
f 1380/1380/1380 1379/1379/1379 1376/1376/1376
f 1376/1376/1376 1377/1377/1377 1380/1380/1380
f 1382/1382/1382 1381/1381/1381 1378/1378/1378
f 1378/1378/1378 1379/1379/1379 1382/1382/1382
f 1383/1383/1383 1382/1382/1382 1379/1379/1379
f 1379/1379/1379 1380/1380/1380 1383/1383/1383
f 1395/1395/1395 1382/1382/1382 1385/1385/1385
f 1381/1381/1381 1395/1395/1395 1384/1384/1384
f 1382/1382/1382 1395/1395/1395 1381/1381/1381
f 1398/1398/1398 1383/1383/1383 1386/1386/1386
f 1382/1382/1382 1398/1398/1398 1385/1385/1385
f 1383/1383/1383 1398/1398/1398 1382/1382/1382
f 1391/1391/1391 1393/1393/1393 1392/1392/1392
f 1392/1392/1392 1384/1384/1384 1391/1391/1391
f 1394/1394/1394 1396/1396/1396 1395/1395/1395
f 1395/1395/1395 1385/1385/1385 1394/1394/1394
f 1396/1396/1396 1391/1391/1391 1384/1384/1384
f 1384/1384/1384 1395/1395/1395 1396/1396/1396
f 1397/1397/1397 1399/1399/1399 1398/1398/1398
f 1398/1398/1398 1386/1386/1386 1397/1397/1397
f 1399/1399/1399 1394/1394/1394 1385/1385/1385
f 1385/1385/1385 1398/1398/1398 1399/1399/1399
f 1401/1401/1401 1397/1397/1397 1386/1386/1386
f 1386/1386/1386 1400/1400/1400 1401/1401/1401
f 1415/1415/1415 1466/1466/1466 1277/1277/1277
f 1414/1414/1414 1466/1466/1466 1415/1415/1415
f 1467/1467/1467 1282/1282/1282 1468/1468/1468
f 1414/1414/1414 1467/1467/1467 1466/1466/1466
f 1468/1468/1468 1282/1282/1282 1285/1285/1285
f 1285/1285/1285 1469/1469/1469 1468/1468/1468
f 1404/1404/1404 1415/1415/1415 1277/1277/1277
f 1469/1469/1469 1285/1285/1285 1288/1288/1288
f 1288/1288/1288 1470/1470/1470 1469/1469/1469
f 1471/1471/1471 1470/1470/1470 1288/1288/1288
f 1472/1472/1472 1291/1291/1291 1294/1294/1294
f 1294/1294/1294 1473/1473/1473 1472/1472/1472
f 1473/1473/1473 1294/1294/1294 1297/1297/1297
f 1297/1297/1297 1474/1474/1474 1473/1473/1473
f 1472/1472/1472 1471/1471/1471 1291/1291/1291
f 1475/1475/1475 1474/1474/1474 1297/1297/1297
f 1404/1404/1404 1412/1412/1412 1415/1415/1415
f 1413/1413/1413 1412/1412/1412 1404/1404/1404
f 1403/1403/1403 1413/1413/1413 1404/1404/1404
f 1413/1413/1413 1403/1403/1403 1409/1409/1409
f 1279/1279/1279 1282/1282/1282 1414/1414/1414
f 1467/1467/1467 1414/1414/1414 1282/1282/1282
f 1291/1291/1291 1471/1471/1471 1288/1288/1288
f 1297/1297/1297 1300/1300/1300 1475/1475/1475
f 1476/1476/1476 1300/1300/1300 1303/1303/1303
f 1303/1303/1303 1477/1477/1477 1476/1476/1476
f 1477/1477/1477 1303/1303/1303 1306/1306/1306
f 1306/1306/1306 1478/1478/1478 1477/1477/1477
f 1309/1309/1309 1480/1480/1480 1479/1479/1479
f 1312/1312/1312 1481/1481/1481 1480/1480/1480
f 1478/1478/1478 1306/1306/1306 1309/1309/1309
f 1309/1309/1309 1479/1479/1479 1478/1478/1478
f 1482/1482/1482 1315/1315/1315 1318/1318/1318
f 1318/1318/1318 1483/1483/1483 1482/1482/1482
f 1318/1318/1318 1484/1484/1484 1483/1483/1483
f 1485/1485/1485 1321/1321/1321 1324/1324/1324
f 1324/1324/1324 1486/1486/1486 1485/1485/1485
f 1486/1486/1486 1324/1324/1324 1327/1327/1327
f 1327/1327/1327 1487/1487/1487 1486/1486/1486
f 1321/1321/1321 1485/1485/1485 1484/1484/1484
f 1481/1481/1481 1312/1312/1312 1315/1315/1315
f 1315/1315/1315 1482/1482/1482 1481/1481/1481
f 1312/1312/1312 1480/1480/1480 1309/1309/1309
f 1321/1321/1321 1484/1484/1484 1318/1318/1318
f 1489/1489/1489 1488/1488/1488 1330/1330/1330
f 1330/1330/1330 1488/1488/1488 1487/1487/1487
f 1487/1487/1487 1327/1327/1327 1330/1330/1330
f 1475/1475/1475 1300/1300/1300 1476/1476/1476
f 1402/1402/1402 1410/1410/1410 1409/1409/1409
f 1409/1409/1409 1403/1403/1403 1402/1402/1402
f 1406/1406/1406 1410/1410/1410 1402/1402/1402
f 1402/1402/1402 1407/1407/1407 1406/1406/1406
f 1278/1278/1278 1407/1407/1407 1402/1402/1402
f 1284/1284/1284 1281/1281/1281 1405/1405/1405
f 1284/1284/1284 1463/1463/1463 1462/1462/1462
f 1462/1462/1462 1287/1287/1287 1284/1284/1284
f 1290/1290/1290 1460/1460/1460 1459/1459/1459
f 1459/1459/1459 1293/1293/1293 1290/1290/1290
f 1293/1293/1293 1459/1459/1459 1458/1458/1458
f 1458/1458/1458 1296/1296/1296 1293/1293/1293
f 1287/1287/1287 1462/1462/1462 1461/1461/1461
f 1461/1461/1461 1290/1290/1290 1287/1287/1287
f 1296/1296/1296 1458/1458/1458 1457/1457/1457
f 1457/1457/1457 1299/1299/1299 1296/1296/1296
f 1278/1278/1278 1465/1465/1465 1407/1407/1407
f 1405/1405/1405 1407/1407/1407 1465/1465/1465
f 1464/1464/1464 1405/1405/1405 1465/1465/1465
f 1284/1284/1284 1405/1405/1405 1464/1464/1464
f 1463/1463/1463 1284/1284/1284 1464/1464/1464
f 1460/1460/1460 1290/1290/1290 1461/1461/1461
f 1457/1457/1457 1456/1456/1456 1299/1299/1299
f 1299/1299/1299 1456/1456/1456 1455/1455/1455
f 1455/1455/1455 1302/1302/1302 1299/1299/1299
f 1454/1454/1454 1305/1305/1305 1302/1302/1302
f 1302/1302/1302 1455/1455/1455 1454/1454/1454
f 1308/1308/1308 1452/1452/1452 1451/1451/1451
f 1451/1451/1451 1311/1311/1311 1308/1308/1308
f 1305/1305/1305 1454/1454/1454 1453/1453/1453
f 1453/1453/1453 1308/1308/1308 1305/1305/1305
f 1311/1311/1311 1451/1451/1451 1450/1450/1450
f 1450/1450/1450 1314/1314/1314 1311/1311/1311
f 1314/1314/1314 1450/1450/1450 1449/1449/1449
f 1449/1449/1449 1317/1317/1317 1314/1314/1314
f 1317/1317/1317 1448/1448/1448 1447/1447/1447
f 1447/1447/1447 1320/1320/1320 1317/1317/1317
f 1323/1323/1323 1446/1446/1446 1445/1445/1445
f 1445/1445/1445 1326/1326/1326 1323/1323/1323
f 1326/1326/1326 1444/1444/1444 1443/1443/1443
f 1443/1443/1443 1329/1329/1329 1326/1326/1326
f 1320/1320/1320 1447/1447/1447 1446/1446/1446
f 1446/1446/1446 1323/1323/1323 1320/1320/1320
f 1329/1329/1329 1443/1443/1443 1442/1442/1442
f 1442/1442/1442 1332/1332/1332 1329/1329/1329
f 1308/1308/1308 1453/1453/1453 1452/1452/1452
f 1326/1326/1326 1445/1445/1445 1444/1444/1444
f 1448/1448/1448 1317/1317/1317 1449/1449/1449
f 1442/1442/1442 1441/1441/1441 1332/1332/1332
f 1333/1333/1333 1490/1490/1490 1489/1489/1489
f 1489/1489/1489 1330/1330/1330 1333/1333/1333
f 1490/1490/1490 1333/1333/1333 1336/1336/1336
f 1336/1336/1336 1491/1491/1491 1490/1490/1490
f 1491/1491/1491 1336/1336/1336 1339/1339/1339
f 1339/1339/1339 1492/1492/1492 1491/1491/1491
f 1342/1342/1342 1494/1494/1494 1493/1493/1493
f 1494/1494/1494 1342/1342/1342 1345/1345/1345
f 1345/1345/1345 1495/1495/1495 1494/1494/1494
f 1339/1339/1339 1493/1493/1493 1492/1492/1492
f 1348/1348/1348 1497/1497/1497 1496/1496/1496
f 1351/1351/1351 1498/1498/1498 1497/1497/1497
f 1499/1499/1499 1354/1354/1354 1357/1357/1357
f 1357/1357/1357 1500/1500/1500 1499/1499/1499
f 1500/1500/1500 1357/1357/1357 1360/1360/1360
f 1360/1360/1360 1501/1501/1501 1500/1500/1500
f 1498/1498/1498 1351/1351/1351 1354/1354/1354
f 1354/1354/1354 1499/1499/1499 1498/1498/1498
f 1495/1495/1495 1345/1345/1345 1348/1348/1348
f 1348/1348/1348 1496/1496/1496 1495/1495/1495
f 1339/1339/1339 1342/1342/1342 1493/1493/1493
f 1497/1497/1497 1348/1348/1348 1351/1351/1351
f 1363/1363/1363 1503/1503/1503 1502/1502/1502
f 1502/1502/1502 1360/1360/1360 1363/1363/1363
f 1502/1502/1502 1501/1501/1501 1360/1360/1360
f 1503/1503/1503 1363/1363/1363 1366/1366/1366
f 1366/1366/1366 1504/1504/1504 1503/1503/1503
f 1504/1504/1504 1366/1366/1366 1369/1369/1369
f 1369/1369/1369 1505/1505/1505 1504/1504/1504
f 1507/1507/1507 1506/1506/1506 1372/1372/1372
f 1507/1507/1507 1372/1372/1372 1375/1375/1375
f 1375/1375/1375 1508/1508/1508 1507/1507/1507
f 1506/1506/1506 1505/1505/1505 1369/1369/1369
f 1509/1509/1509 1378/1378/1378 1381/1381/1381
f 1381/1381/1381 1510/1510/1510 1509/1509/1509
f 1511/1511/1511 1510/1510/1510 1381/1381/1381
f 1512/1512/1512 1392/1392/1392 1393/1393/1393
f 1511/1511/1511 1392/1392/1392 1512/1512/1512
f 1387/1387/1387 1512/1512/1512 1393/1393/1393
f 1508/1508/1508 1375/1375/1375 1378/1378/1378
f 1378/1378/1378 1509/1509/1509 1508/1508/1508
f 1511/1511/1511 1381/1381/1381 1392/1392/1392
f 1372/1372/1372 1506/1506/1506 1369/1369/1369
f 1392/1392/1392 1381/1381/1381 1384/1384/1384
f 1387/1387/1387 1393/1393/1393 1388/1388/1388
f 1388/1388/1388 1393/1393/1393 1391/1391/1391
f 1396/1396/1396 1388/1388/1388 1391/1391/1391
f 1399/1399/1399 1389/1389/1389 1394/1394/1394
f 1396/1396/1396 1394/1394/1394 1389/1389/1389
f 1396/1396/1396 1389/1389/1389 1388/1388/1388
f 1335/1335/1335 1440/1440/1440 1439/1439/1439
f 1439/1439/1439 1338/1338/1338 1335/1335/1335
f 1441/1441/1441 1440/1440/1440 1335/1335/1335
f 1338/1338/1338 1439/1439/1439 1438/1438/1438
f 1438/1438/1438 1341/1341/1341 1338/1338/1338
f 1341/1341/1341 1437/1437/1437 1436/1436/1436
f 1436/1436/1436 1344/1344/1344 1341/1341/1341
f 1335/1335/1335 1332/1332/1332 1441/1441/1441
f 1344/1344/1344 1436/1436/1436 1435/1435/1435
f 1435/1435/1435 1347/1347/1347 1344/1344/1344
f 1347/1347/1347 1435/1435/1435 1434/1434/1434
f 1434/1434/1434 1350/1350/1350 1347/1347/1347
f 1353/1353/1353 1432/1432/1432 1431/1431/1431
f 1431/1431/1431 1356/1356/1356 1353/1353/1353
f 1356/1356/1356 1431/1431/1431 1430/1430/1430
f 1430/1430/1430 1359/1359/1359 1356/1356/1356
f 1350/1350/1350 1433/1433/1433 1432/1432/1432
f 1432/1432/1432 1353/1353/1353 1350/1350/1350
f 1359/1359/1359 1429/1429/1429 1428/1428/1428
f 1428/1428/1428 1362/1362/1362 1359/1359/1359
f 1341/1341/1341 1438/1438/1438 1437/1437/1437
f 1359/1359/1359 1430/1430/1430 1429/1429/1429
f 1433/1433/1433 1350/1350/1350 1434/1434/1434
f 1427/1427/1427 1365/1365/1365 1362/1362/1362
f 1362/1362/1362 1428/1428/1428 1427/1427/1427
f 1365/1365/1365 1427/1427/1427 1426/1426/1426
f 1426/1426/1426 1368/1368/1368 1365/1365/1365
f 1368/1368/1368 1425/1425/1425 1424/1424/1424
f 1424/1424/1424 1371/1371/1371 1368/1368/1368
f 1374/1374/1374 1423/1423/1423 1422/1422/1422
f 1422/1422/1422 1377/1377/1377 1374/1374/1374
f 1377/1377/1377 1421/1421/1421 1420/1420/1420
f 1420/1420/1420 1380/1380/1380 1377/1377/1377
f 1371/1371/1371 1424/1424/1424 1423/1423/1423
f 1423/1423/1423 1374/1374/1374 1371/1371/1371
f 1389/1389/1389 1399/1399/1399 1390/1390/1390
f 1390/1390/1390 1399/1399/1399 1397/1397/1397
f 1383/1383/1383 1400/1400/1400 1386/1386/1386
f 1401/1401/1401 1390/1390/1390 1397/1397/1397
f 1380/1380/1380 1420/1420/1420 1419/1419/1419
f 1419/1419/1419 1383/1383/1383 1380/1380/1380
f 1418/1418/1418 1400/1400/1400 1383/1383/1383
f 1425/1425/1425 1368/1368/1368 1426/1426/1426
f 1377/1377/1377 1422/1422/1422 1421/1421/1421
f 1418/1418/1418 1383/1383/1383 1419/1419/1419
f 1401/1401/1401 1417/1417/1417 1416/1416/1416
f 1418/1418/1418 1417/1417/1417 1400/1400/1400
f 1416/1416/1416 1390/1390/1390 1401/1401/1401
f 1417/1417/1417 1401/1401/1401 1400/1400/1400
f 1525/1525/1525 1526/1526/1526 1544/1544/1544
f 1543/1543/1543 1544/1544/1544 1526/1526/1526
f 1526/1526/1526 1527/1527/1527 1543/1543/1543
f 1542/1542/1542 1543/1543/1543 1527/1527/1527
f 1546/1546/1546 1523/1523/1523 1524/1524/1524
f 1524/1524/1524 1545/1545/1545 1546/1546/1546
f 1544/1544/1544 1545/1545/1545 1525/1525/1525
f 1525/1525/1525 1545/1545/1545 1524/1524/1524
f 1547/1547/1547 1523/1523/1523 1546/1546/1546
f 1540/1540/1540 1530/1530/1530 1539/1539/1539
f 1531/1531/1531 1539/1539/1539 1530/1530/1530
f 1539/1539/1539 1531/1531/1531 1538/1538/1538
f 1532/1532/1532 1538/1538/1538 1531/1531/1531
f 1527/1527/1527 1528/1528/1528 1542/1542/1542
f 1541/1541/1541 1542/1542/1542 1528/1528/1528
f 1540/1540/1540 1541/1541/1541 1529/1529/1529
f 1528/1528/1528 1529/1529/1529 1541/1541/1541
f 1530/1530/1530 1540/1540/1540 1529/1529/1529
f 1548/1548/1548 1521/1521/1521 1522/1522/1522
f 1522/1522/1522 1547/1547/1547 1548/1548/1548
f 1547/1547/1547 1522/1522/1522 1523/1523/1523
f 1549/1549/1549 1521/1521/1521 1548/1548/1548
f 1550/1550/1550 1520/1520/1520 1549/1549/1549
f 1521/1521/1521 1549/1549/1549 1520/1520/1520
f 1551/1551/1551 1518/1518/1518 1519/1519/1519
f 1520/1520/1520 1550/1550/1550 1519/1519/1519
f 1550/1550/1550 1551/1551/1551 1519/1519/1519
f 1551/1551/1551 1552/1552/1552 1518/1518/1518
f 1517/1517/1517 1518/1518/1518 1552/1552/1552
f 1516/1516/1516 1517/1517/1517 1553/1553/1553
f 1517/1517/1517 1552/1552/1552 1553/1553/1553
f 1554/1554/1554 1515/1515/1515 1553/1553/1553
f 1515/1515/1515 1516/1516/1516 1553/1553/1553
f 1513/1513/1513 1514/1514/1514 1555/1555/1555
f 1554/1554/1554 1514/1514/1514 1515/1515/1515
f 1554/1554/1554 1555/1555/1555 1514/1514/1514
f 1513/1513/1513 1555/1555/1555 1556/1556/1556
f 1569/1569/1569 1537/1537/1537 1532/1532/1532
f 1536/1536/1536 1537/1537/1537 1569/1569/1569
f 1570/1570/1570 1536/1536/1536 1569/1569/1569
f 1535/1535/1535 1536/1536/1536 1570/1570/1570
f 1535/1535/1535 1572/1572/1572 1534/1534/1534
f 1573/1573/1573 1534/1534/1534 1572/1572/1572
f 1571/1571/1571 1572/1572/1572 1535/1535/1535
f 1535/1535/1535 1570/1570/1570 1571/1571/1571
f 1574/1574/1574 1533/1533/1533 1573/1573/1573
f 1534/1534/1534 1573/1573/1573 1533/1533/1533
f 1575/1575/1575 1568/1568/1568 1574/1574/1574
f 1533/1533/1533 1574/1574/1574 1568/1568/1568
f 1576/1576/1576 1566/1566/1566 1567/1567/1567
f 1566/1566/1566 1576/1576/1576 1577/1577/1577
f 1575/1575/1575 1576/1576/1576 1567/1567/1567
f 1575/1575/1575 1567/1567/1567 1568/1568/1568
f 1577/1577/1577 1565/1565/1565 1566/1566/1566
f 1559/1559/1559 1584/1584/1584 1558/1558/1558
f 1559/1559/1559 1560/1560/1560 1583/1583/1583
f 1582/1582/1582 1583/1583/1583 1560/1560/1560
f 1583/1583/1583 1584/1584/1584 1559/1559/1559
f 1513/1513/1513 1556/1556/1556 1586/1586/1586
f 1557/1557/1557 1586/1586/1586 1556/1556/1556
f 1557/1557/1557 1558/1558/1558 1585/1585/1585
f 1584/1584/1584 1585/1585/1585 1558/1558/1558
f 1586/1586/1586 1557/1557/1557 1585/1585/1585
f 1579/1579/1579 1563/1563/1563 1564/1564/1564
f 1564/1564/1564 1578/1578/1578 1579/1579/1579
f 1577/1577/1577 1578/1578/1578 1565/1565/1565
f 1565/1565/1565 1578/1578/1578 1564/1564/1564
f 1580/1580/1580 1563/1563/1563 1579/1579/1579
f 1560/1560/1560 1561/1561/1561 1582/1582/1582
f 1581/1581/1581 1582/1582/1582 1561/1561/1561
f 1581/1581/1581 1562/1562/1562 1580/1580/1580
f 1563/1563/1563 1580/1580/1580 1562/1562/1562
f 1561/1561/1561 1562/1562/1562 1581/1581/1581
f 1532/1532/1532 1537/1537/1537 1538/1538/1538
f 1589/1589/1589 1710/1710/1710 1711/1711/1711
f 1711/1711/1711 1708/1708/1708 1589/1589/1589
f 1590/1590/1590 1707/1707/1707 1709/1709/1709
f 1709/1709/1709 1705/1705/1705 1590/1590/1590
f 1707/1707/1707 1589/1589/1589 1708/1708/1708
f 1708/1708/1708 1709/1709/1709 1707/1707/1707
f 1591/1591/1591 1704/1704/1704 1706/1706/1706
f 1706/1706/1706 1702/1702/1702 1591/1591/1591
f 1704/1704/1704 1590/1590/1590 1705/1705/1705
f 1705/1705/1705 1706/1706/1706 1704/1704/1704
f 1701/1701/1701 1591/1591/1591 1702/1702/1702
f 1702/1702/1702 1703/1703/1703 1701/1701/1701
f 1707/1707/1707 1592/1592/1592 1589/1589/1589
f 1593/1593/1593 1707/1707/1707 1590/1590/1590
f 1592/1592/1592 1707/1707/1707 1593/1593/1593
f 1704/1704/1704 1593/1593/1593 1590/1590/1590
f 1594/1594/1594 1704/1704/1704 1591/1591/1591
f 1593/1593/1593 1704/1704/1704 1594/1594/1594
f 1596/1596/1596 1595/1595/1595 1592/1592/1592
f 1592/1592/1592 1593/1593/1593 1596/1596/1596
f 1597/1597/1597 1596/1596/1596 1593/1593/1593
f 1593/1593/1593 1594/1594/1594 1597/1597/1597
f 1599/1599/1599 1598/1598/1598 1595/1595/1595
f 1595/1595/1595 1596/1596/1596 1599/1599/1599
f 1600/1600/1600 1599/1599/1599 1596/1596/1596
f 1596/1596/1596 1597/1597/1597 1600/1600/1600
f 1602/1602/1602 1601/1601/1601 1598/1598/1598
f 1598/1598/1598 1599/1599/1599 1602/1602/1602
f 1603/1603/1603 1602/1602/1602 1599/1599/1599
f 1599/1599/1599 1600/1600/1600 1603/1603/1603
f 1605/1605/1605 1604/1604/1604 1601/1601/1601
f 1601/1601/1601 1602/1602/1602 1605/1605/1605
f 1606/1606/1606 1605/1605/1605 1602/1602/1602
f 1602/1602/1602 1603/1603/1603 1606/1606/1606
f 1608/1608/1608 1607/1607/1607 1604/1604/1604
f 1604/1604/1604 1605/1605/1605 1608/1608/1608
f 1609/1609/1609 1608/1608/1608 1605/1605/1605
f 1605/1605/1605 1606/1606/1606 1609/1609/1609
f 1611/1611/1611 1610/1610/1610 1607/1607/1607
f 1607/1607/1607 1608/1608/1608 1611/1611/1611
f 1612/1612/1612 1611/1611/1611 1608/1608/1608
f 1608/1608/1608 1609/1609/1609 1612/1612/1612
f 1614/1614/1614 1613/1613/1613 1610/1610/1610
f 1610/1610/1610 1611/1611/1611 1614/1614/1614
f 1615/1615/1615 1614/1614/1614 1611/1611/1611
f 1611/1611/1611 1612/1612/1612 1615/1615/1615
f 1617/1617/1617 1616/1616/1616 1613/1613/1613
f 1613/1613/1613 1614/1614/1614 1617/1617/1617
f 1618/1618/1618 1617/1617/1617 1614/1614/1614
f 1614/1614/1614 1615/1615/1615 1618/1618/1618
f 1620/1620/1620 1619/1619/1619 1616/1616/1616
f 1616/1616/1616 1617/1617/1617 1620/1620/1620
f 1621/1621/1621 1620/1620/1620 1617/1617/1617
f 1617/1617/1617 1618/1618/1618 1621/1621/1621
f 1623/1623/1623 1622/1622/1622 1619/1619/1619
f 1619/1619/1619 1620/1620/1620 1623/1623/1623
f 1624/1624/1624 1623/1623/1623 1620/1620/1620
f 1620/1620/1620 1621/1621/1621 1624/1624/1624
f 1626/1626/1626 1625/1625/1625 1622/1622/1622
f 1622/1622/1622 1623/1623/1623 1626/1626/1626
f 1627/1627/1627 1626/1626/1626 1623/1623/1623
f 1623/1623/1623 1624/1624/1624 1627/1627/1627
f 1629/1629/1629 1628/1628/1628 1625/1625/1625
f 1625/1625/1625 1626/1626/1626 1629/1629/1629
f 1630/1630/1630 1629/1629/1629 1626/1626/1626
f 1626/1626/1626 1627/1627/1627 1630/1630/1630
f 1632/1632/1632 1631/1631/1631 1628/1628/1628
f 1628/1628/1628 1629/1629/1629 1632/1632/1632
f 1633/1633/1633 1632/1632/1632 1629/1629/1629
f 1629/1629/1629 1630/1630/1630 1633/1633/1633
f 1635/1635/1635 1634/1634/1634 1631/1631/1631
f 1631/1631/1631 1632/1632/1632 1635/1635/1635
f 1636/1636/1636 1635/1635/1635 1632/1632/1632
f 1632/1632/1632 1633/1633/1633 1636/1636/1636
f 1638/1638/1638 1637/1637/1637 1634/1634/1634
f 1634/1634/1634 1635/1635/1635 1638/1638/1638
f 1639/1639/1639 1638/1638/1638 1635/1635/1635
f 1635/1635/1635 1636/1636/1636 1639/1639/1639
f 1641/1641/1641 1640/1640/1640 1637/1637/1637
f 1637/1637/1637 1638/1638/1638 1641/1641/1641
f 1642/1642/1642 1641/1641/1641 1638/1638/1638
f 1638/1638/1638 1639/1639/1639 1642/1642/1642
f 1644/1644/1644 1643/1643/1643 1640/1640/1640
f 1640/1640/1640 1641/1641/1641 1644/1644/1644
f 1645/1645/1645 1644/1644/1644 1641/1641/1641
f 1641/1641/1641 1642/1642/1642 1645/1645/1645
f 1647/1647/1647 1646/1646/1646 1643/1643/1643
f 1643/1643/1643 1644/1644/1644 1647/1647/1647
f 1648/1648/1648 1647/1647/1647 1644/1644/1644
f 1644/1644/1644 1645/1645/1645 1648/1648/1648
f 1650/1650/1650 1649/1649/1649 1646/1646/1646
f 1646/1646/1646 1647/1647/1647 1650/1650/1650
f 1651/1651/1651 1650/1650/1650 1647/1647/1647
f 1647/1647/1647 1648/1648/1648 1651/1651/1651
f 1653/1653/1653 1652/1652/1652 1649/1649/1649
f 1649/1649/1649 1650/1650/1650 1653/1653/1653
f 1654/1654/1654 1653/1653/1653 1650/1650/1650
f 1650/1650/1650 1651/1651/1651 1654/1654/1654
f 1656/1656/1656 1655/1655/1655 1652/1652/1652
f 1652/1652/1652 1653/1653/1653 1656/1656/1656
f 1657/1657/1657 1656/1656/1656 1653/1653/1653
f 1653/1653/1653 1654/1654/1654 1657/1657/1657
f 1659/1659/1659 1658/1658/1658 1655/1655/1655
f 1655/1655/1655 1656/1656/1656 1659/1659/1659
f 1660/1660/1660 1659/1659/1659 1656/1656/1656
f 1656/1656/1656 1657/1657/1657 1660/1660/1660
f 1662/1662/1662 1661/1661/1661 1658/1658/1658
f 1658/1658/1658 1659/1659/1659 1662/1662/1662
f 1663/1663/1663 1662/1662/1662 1659/1659/1659
f 1659/1659/1659 1660/1660/1660 1663/1663/1663
f 1665/1665/1665 1664/1664/1664 1661/1661/1661
f 1661/1661/1661 1662/1662/1662 1665/1665/1665
f 1666/1666/1666 1665/1665/1665 1662/1662/1662
f 1662/1662/1662 1663/1663/1663 1666/1666/1666
f 1668/1668/1668 1667/1667/1667 1664/1664/1664
f 1664/1664/1664 1665/1665/1665 1668/1668/1668
f 1669/1669/1669 1668/1668/1668 1665/1665/1665
f 1665/1665/1665 1666/1666/1666 1669/1669/1669
f 1671/1671/1671 1670/1670/1670 1667/1667/1667
f 1667/1667/1667 1668/1668/1668 1671/1671/1671
f 1672/1672/1672 1671/1671/1671 1668/1668/1668
f 1668/1668/1668 1669/1669/1669 1672/1672/1672
f 1674/1674/1674 1673/1673/1673 1670/1670/1670
f 1670/1670/1670 1671/1671/1671 1674/1674/1674
f 1675/1675/1675 1674/1674/1674 1671/1671/1671
f 1671/1671/1671 1672/1672/1672 1675/1675/1675
f 1677/1677/1677 1676/1676/1676 1673/1673/1673
f 1673/1673/1673 1674/1674/1674 1677/1677/1677
f 1678/1678/1678 1677/1677/1677 1674/1674/1674
f 1674/1674/1674 1675/1675/1675 1678/1678/1678
f 1680/1680/1680 1679/1679/1679 1676/1676/1676
f 1676/1676/1676 1677/1677/1677 1680/1680/1680
f 1681/1681/1681 1680/1680/1680 1677/1677/1677
f 1677/1677/1677 1678/1678/1678 1681/1681/1681
f 1683/1683/1683 1682/1682/1682 1679/1679/1679
f 1679/1679/1679 1680/1680/1680 1683/1683/1683
f 1684/1684/1684 1683/1683/1683 1680/1680/1680
f 1680/1680/1680 1681/1681/1681 1684/1684/1684
f 1686/1686/1686 1685/1685/1685 1682/1682/1682
f 1682/1682/1682 1683/1683/1683 1686/1686/1686
f 1687/1687/1687 1686/1686/1686 1683/1683/1683
f 1683/1683/1683 1684/1684/1684 1687/1687/1687
f 1689/1689/1689 1688/1688/1688 1685/1685/1685
f 1685/1685/1685 1686/1686/1686 1689/1689/1689
f 1690/1690/1690 1689/1689/1689 1686/1686/1686
f 1686/1686/1686 1687/1687/1687 1690/1690/1690
f 1692/1692/1692 1691/1691/1691 1688/1688/1688
f 1688/1688/1688 1689/1689/1689 1692/1692/1692
f 1693/1693/1693 1692/1692/1692 1689/1689/1689
f 1689/1689/1689 1690/1690/1690 1693/1693/1693
f 1720/1720/1720 1692/1692/1692 1695/1695/1695
f 1691/1691/1691 1720/1720/1720 1694/1694/1694
f 1692/1692/1692 1720/1720/1720 1691/1691/1691
f 1723/1723/1723 1693/1693/1693 1696/1696/1696
f 1692/1692/1692 1723/1723/1723 1695/1695/1695
f 1693/1693/1693 1723/1723/1723 1692/1692/1692
f 1716/1716/1716 1718/1718/1718 1717/1717/1717
f 1717/1717/1717 1694/1694/1694 1716/1716/1716
f 1719/1719/1719 1721/1721/1721 1720/1720/1720
f 1720/1720/1720 1695/1695/1695 1719/1719/1719
f 1721/1721/1721 1716/1716/1716 1694/1694/1694
f 1694/1694/1694 1720/1720/1720 1721/1721/1721
f 1722/1722/1722 1724/1724/1724 1723/1723/1723
f 1723/1723/1723 1696/1696/1696 1722/1722/1722
f 1724/1724/1724 1719/1719/1719 1695/1695/1695
f 1695/1695/1695 1723/1723/1723 1724/1724/1724
f 1726/1726/1726 1722/1722/1722 1696/1696/1696
f 1696/1696/1696 1725/1725/1725 1726/1726/1726
f 1711/1711/1711 1776/1776/1776 1587/1587/1587
f 1710/1710/1710 1776/1776/1776 1711/1711/1711
f 1777/1777/1777 1592/1592/1592 1778/1778/1778
f 1710/1710/1710 1777/1777/1777 1776/1776/1776
f 1778/1778/1778 1592/1592/1592 1595/1595/1595
f 1595/1595/1595 1779/1779/1779 1778/1778/1778
f 1700/1700/1700 1711/1711/1711 1587/1587/1587
f 1779/1779/1779 1595/1595/1595 1598/1598/1598
f 1598/1598/1598 1780/1780/1780 1779/1779/1779
f 1781/1781/1781 1780/1780/1780 1598/1598/1598
f 1782/1782/1782 1601/1601/1601 1604/1604/1604
f 1604/1604/1604 1783/1783/1783 1782/1782/1782
f 1783/1783/1783 1604/1604/1604 1607/1607/1607
f 1607/1607/1607 1784/1784/1784 1783/1783/1783
f 1782/1782/1782 1781/1781/1781 1601/1601/1601
f 1785/1785/1785 1784/1784/1784 1607/1607/1607
f 1700/1700/1700 1708/1708/1708 1711/1711/1711
f 1709/1709/1709 1708/1708/1708 1700/1700/1700
f 1699/1699/1699 1709/1709/1709 1700/1700/1700
f 1709/1709/1709 1699/1699/1699 1705/1705/1705
f 1589/1589/1589 1592/1592/1592 1710/1710/1710
f 1777/1777/1777 1710/1710/1710 1592/1592/1592
f 1601/1601/1601 1781/1781/1781 1598/1598/1598
f 1607/1607/1607 1610/1610/1610 1785/1785/1785
f 1786/1786/1786 1610/1610/1610 1613/1613/1613
f 1613/1613/1613 1787/1787/1787 1786/1786/1786
f 1787/1787/1787 1613/1613/1613 1616/1616/1616
f 1616/1616/1616 1788/1788/1788 1787/1787/1787
f 1619/1619/1619 1790/1790/1790 1789/1789/1789
f 1622/1622/1622 1791/1791/1791 1790/1790/1790
f 1788/1788/1788 1616/1616/1616 1619/1619/1619
f 1619/1619/1619 1789/1789/1789 1788/1788/1788
f 1792/1792/1792 1625/1625/1625 1628/1628/1628
f 1628/1628/1628 1793/1793/1793 1792/1792/1792
f 1628/1628/1628 1794/1794/1794 1793/1793/1793
f 1795/1795/1795 1631/1631/1631 1634/1634/1634
f 1634/1634/1634 1796/1796/1796 1795/1795/1795
f 1796/1796/1796 1634/1634/1634 1637/1637/1637
f 1637/1637/1637 1797/1797/1797 1796/1796/1796
f 1631/1631/1631 1795/1795/1795 1794/1794/1794
f 1791/1791/1791 1622/1622/1622 1625/1625/1625
f 1625/1625/1625 1792/1792/1792 1791/1791/1791
f 1622/1622/1622 1790/1790/1790 1619/1619/1619
f 1631/1631/1631 1794/1794/1794 1628/1628/1628
f 1799/1799/1799 1798/1798/1798 1640/1640/1640
f 1640/1640/1640 1798/1798/1798 1797/1797/1797
f 1797/1797/1797 1637/1637/1637 1640/1640/1640
f 1785/1785/1785 1610/1610/1610 1786/1786/1786
f 1698/1698/1698 1706/1706/1706 1705/1705/1705
f 1705/1705/1705 1699/1699/1699 1698/1698/1698
f 1702/1702/1702 1706/1706/1706 1698/1698/1698
f 1698/1698/1698 1703/1703/1703 1702/1702/1702
f 1588/1588/1588 1703/1703/1703 1698/1698/1698
f 1594/1594/1594 1591/1591/1591 1701/1701/1701
f 1594/1594/1594 1773/1773/1773 1772/1772/1772
f 1772/1772/1772 1597/1597/1597 1594/1594/1594
f 1600/1600/1600 1770/1770/1770 1769/1769/1769
f 1769/1769/1769 1603/1603/1603 1600/1600/1600
f 1603/1603/1603 1769/1769/1769 1768/1768/1768
f 1768/1768/1768 1606/1606/1606 1603/1603/1603
f 1597/1597/1597 1772/1772/1772 1771/1771/1771
f 1771/1771/1771 1600/1600/1600 1597/1597/1597
f 1606/1606/1606 1768/1768/1768 1767/1767/1767
f 1767/1767/1767 1609/1609/1609 1606/1606/1606
f 1588/1588/1588 1775/1775/1775 1703/1703/1703
f 1701/1701/1701 1703/1703/1703 1775/1775/1775
f 1774/1774/1774 1701/1701/1701 1775/1775/1775
f 1594/1594/1594 1701/1701/1701 1774/1774/1774
f 1773/1773/1773 1594/1594/1594 1774/1774/1774
f 1770/1770/1770 1600/1600/1600 1771/1771/1771
f 1767/1767/1767 1766/1766/1766 1609/1609/1609
f 1609/1609/1609 1766/1766/1766 1765/1765/1765
f 1765/1765/1765 1612/1612/1612 1609/1609/1609
f 1764/1764/1764 1615/1615/1615 1612/1612/1612
f 1612/1612/1612 1765/1765/1765 1764/1764/1764
f 1618/1618/1618 1762/1762/1762 1761/1761/1761
f 1761/1761/1761 1621/1621/1621 1618/1618/1618
f 1615/1615/1615 1764/1764/1764 1763/1763/1763
f 1763/1763/1763 1618/1618/1618 1615/1615/1615
f 1621/1621/1621 1761/1761/1761 1760/1760/1760
f 1760/1760/1760 1624/1624/1624 1621/1621/1621
f 1624/1624/1624 1760/1760/1760 1759/1759/1759
f 1759/1759/1759 1627/1627/1627 1624/1624/1624
f 1627/1627/1627 1758/1758/1758 1757/1757/1757
f 1757/1757/1757 1630/1630/1630 1627/1627/1627
f 1633/1633/1633 1756/1756/1756 1755/1755/1755
f 1755/1755/1755 1636/1636/1636 1633/1633/1633
f 1636/1636/1636 1754/1754/1754 1753/1753/1753
f 1753/1753/1753 1639/1639/1639 1636/1636/1636
f 1630/1630/1630 1757/1757/1757 1756/1756/1756
f 1756/1756/1756 1633/1633/1633 1630/1630/1630
f 1639/1639/1639 1753/1753/1753 1752/1752/1752
f 1752/1752/1752 1642/1642/1642 1639/1639/1639
f 1618/1618/1618 1763/1763/1763 1762/1762/1762
f 1636/1636/1636 1755/1755/1755 1754/1754/1754
f 1758/1758/1758 1627/1627/1627 1759/1759/1759
f 1752/1752/1752 1751/1751/1751 1642/1642/1642
f 1643/1643/1643 1800/1800/1800 1799/1799/1799
f 1799/1799/1799 1640/1640/1640 1643/1643/1643
f 1800/1800/1800 1643/1643/1643 1646/1646/1646
f 1646/1646/1646 1801/1801/1801 1800/1800/1800
f 1801/1801/1801 1646/1646/1646 1649/1649/1649
f 1649/1649/1649 1802/1802/1802 1801/1801/1801
f 1652/1652/1652 1804/1804/1804 1803/1803/1803
f 1804/1804/1804 1652/1652/1652 1655/1655/1655
f 1655/1655/1655 1805/1805/1805 1804/1804/1804
f 1649/1649/1649 1803/1803/1803 1802/1802/1802
f 1658/1658/1658 1807/1807/1807 1806/1806/1806
f 1661/1661/1661 1808/1808/1808 1807/1807/1807
f 1809/1809/1809 1664/1664/1664 1667/1667/1667
f 1667/1667/1667 1810/1810/1810 1809/1809/1809
f 1810/1810/1810 1667/1667/1667 1670/1670/1670
f 1670/1670/1670 1811/1811/1811 1810/1810/1810
f 1808/1808/1808 1661/1661/1661 1664/1664/1664
f 1664/1664/1664 1809/1809/1809 1808/1808/1808
f 1805/1805/1805 1655/1655/1655 1658/1658/1658
f 1658/1658/1658 1806/1806/1806 1805/1805/1805
f 1649/1649/1649 1652/1652/1652 1803/1803/1803
f 1807/1807/1807 1658/1658/1658 1661/1661/1661
f 1673/1673/1673 1813/1813/1813 1812/1812/1812
f 1812/1812/1812 1670/1670/1670 1673/1673/1673
f 1812/1812/1812 1811/1811/1811 1670/1670/1670
f 1813/1813/1813 1673/1673/1673 1676/1676/1676
f 1676/1676/1676 1814/1814/1814 1813/1813/1813
f 1814/1814/1814 1676/1676/1676 1679/1679/1679
f 1679/1679/1679 1815/1815/1815 1814/1814/1814
f 1817/1817/1817 1816/1816/1816 1682/1682/1682
f 1817/1817/1817 1682/1682/1682 1685/1685/1685
f 1685/1685/1685 1818/1818/1818 1817/1817/1817
f 1816/1816/1816 1815/1815/1815 1679/1679/1679
f 1819/1819/1819 1688/1688/1688 1691/1691/1691
f 1691/1691/1691 1820/1820/1820 1819/1819/1819
f 1821/1821/1821 1820/1820/1820 1691/1691/1691
f 1822/1822/1822 1717/1717/1717 1718/1718/1718
f 1821/1821/1821 1717/1717/1717 1822/1822/1822
f 1712/1712/1712 1822/1822/1822 1718/1718/1718
f 1818/1818/1818 1685/1685/1685 1688/1688/1688
f 1688/1688/1688 1819/1819/1819 1818/1818/1818
f 1821/1821/1821 1691/1691/1691 1717/1717/1717
f 1682/1682/1682 1816/1816/1816 1679/1679/1679
f 1717/1717/1717 1691/1691/1691 1694/1694/1694
f 1712/1712/1712 1718/1718/1718 1713/1713/1713
f 1713/1713/1713 1718/1718/1718 1716/1716/1716
f 1721/1721/1721 1713/1713/1713 1716/1716/1716
f 1724/1724/1724 1714/1714/1714 1719/1719/1719
f 1721/1721/1721 1719/1719/1719 1714/1714/1714
f 1721/1721/1721 1714/1714/1714 1713/1713/1713
f 1645/1645/1645 1750/1750/1750 1749/1749/1749
f 1749/1749/1749 1648/1648/1648 1645/1645/1645
f 1751/1751/1751 1750/1750/1750 1645/1645/1645
f 1648/1648/1648 1749/1749/1749 1748/1748/1748
f 1748/1748/1748 1651/1651/1651 1648/1648/1648
f 1651/1651/1651 1747/1747/1747 1746/1746/1746
f 1746/1746/1746 1654/1654/1654 1651/1651/1651
f 1645/1645/1645 1642/1642/1642 1751/1751/1751
f 1654/1654/1654 1746/1746/1746 1745/1745/1745
f 1745/1745/1745 1657/1657/1657 1654/1654/1654
f 1657/1657/1657 1745/1745/1745 1744/1744/1744
f 1744/1744/1744 1660/1660/1660 1657/1657/1657
f 1663/1663/1663 1742/1742/1742 1741/1741/1741
f 1741/1741/1741 1666/1666/1666 1663/1663/1663
f 1666/1666/1666 1741/1741/1741 1740/1740/1740
f 1740/1740/1740 1669/1669/1669 1666/1666/1666
f 1660/1660/1660 1743/1743/1743 1742/1742/1742
f 1742/1742/1742 1663/1663/1663 1660/1660/1660
f 1669/1669/1669 1739/1739/1739 1738/1738/1738
f 1738/1738/1738 1672/1672/1672 1669/1669/1669
f 1651/1651/1651 1748/1748/1748 1747/1747/1747
f 1669/1669/1669 1740/1740/1740 1739/1739/1739
f 1743/1743/1743 1660/1660/1660 1744/1744/1744
f 1737/1737/1737 1675/1675/1675 1672/1672/1672
f 1672/1672/1672 1738/1738/1738 1737/1737/1737
f 1675/1675/1675 1737/1737/1737 1736/1736/1736
f 1736/1736/1736 1678/1678/1678 1675/1675/1675
f 1678/1678/1678 1735/1735/1735 1734/1734/1734
f 1734/1734/1734 1681/1681/1681 1678/1678/1678
f 1684/1684/1684 1733/1733/1733 1732/1732/1732
f 1732/1732/1732 1687/1687/1687 1684/1684/1684
f 1687/1687/1687 1731/1731/1731 1730/1730/1730
f 1730/1730/1730 1690/1690/1690 1687/1687/1687
f 1681/1681/1681 1734/1734/1734 1733/1733/1733
f 1733/1733/1733 1684/1684/1684 1681/1681/1681
f 1714/1714/1714 1724/1724/1724 1715/1715/1715
f 1715/1715/1715 1724/1724/1724 1722/1722/1722
f 1693/1693/1693 1725/1725/1725 1696/1696/1696
f 1726/1726/1726 1715/1715/1715 1722/1722/1722
f 1690/1690/1690 1730/1730/1730 1729/1729/1729
f 1729/1729/1729 1693/1693/1693 1690/1690/1690
f 1728/1728/1728 1725/1725/1725 1693/1693/1693
f 1735/1735/1735 1678/1678/1678 1736/1736/1736
f 1687/1687/1687 1732/1732/1732 1731/1731/1731
f 1728/1728/1728 1693/1693/1693 1729/1729/1729
f 1726/1726/1726 1727/1727/1727 1697/1697/1697
f 1728/1728/1728 1727/1727/1727 1725/1725/1725
f 1697/1697/1697 1715/1715/1715 1726/1726/1726
f 1727/1727/1727 1726/1726/1726 1725/1725/1725
f 1832/1832/1832 1833/1833/1833 1825/1825/1825
f 1826/1826/1826 1834/1834/1834 1832/1832/1832
f 1830/1830/1830 1831/1831/1831 1827/1827/1827
f 1831/1831/1831 1834/1834/1834 1827/1827/1827
f 1824/1824/1824 1833/1833/1833 1823/1823/1823
f 1832/1832/1832 1825/1825/1825 1826/1826/1826
f 1834/1834/1834 1826/1826/1826 1827/1827/1827
f 1830/1830/1830 1828/1828/1828 1829/1829/1829
f 1828/1828/1828 1830/1830/1830 1827/1827/1827
f 1824/1824/1824 1825/1825/1825 1833/1833/1833
f 1842/1842/1842 1838/1838/1838 1839/1839/1839
f 1839/1839/1839 1837/1837/1837 1842/1842/1842
f 1837/1837/1837 1839/1839/1839 1836/1836/1836
f 1843/1843/1843 1840/1840/1840 1841/1841/1841
f 1835/1835/1835 1836/1836/1836 1843/1843/1843
f 1840/1840/1840 1843/1843/1843 1836/1836/1836
f 1839/1839/1839 1840/1840/1840 1836/1836/1836
f 1853/1853/1853 1851/1851/1851 1846/1846/1846
f 1853/1853/1853 1846/1846/1846 1847/1847/1847
f 1846/1846/1846 1851/1851/1851 1845/1845/1845
f 1851/1851/1851 1853/1853/1853 1850/1850/1850
f 1845/1845/1845 1852/1852/1852 1849/1849/1849
f 1849/1849/1849 1844/1844/1844 1845/1845/1845
f 1852/1852/1852 1848/1848/1848 1849/1849/1849
f 1852/1852/1852 1845/1845/1845 1851/1851/1851
f 1857/1857/1857 1854/1854/1854 1855/1855/1855
f 1856/1856/1856 1857/1857/1857 1855/1855/1855
f 1855/1855/1855 1859/1859/1859 1860/1860/1860
f 1855/1855/1855 1860/1860/1860 1856/1856/1856
f 1858/1858/1858 1859/1859/1859 1855/1855/1855
f 1868/1868/1868 1865/1865/1865 1866/1866/1866
f 1868/1868/1868 1862/1862/1862 1863/1863/1863
f 1861/1861/1861 1868/1868/1868 1866/1866/1866
f 1861/1861/1861 1867/1867/1867 1864/1864/1864
f 1861/1861/1861 1862/1862/1862 1868/1868/1868
f 1867/1867/1867 1861/1861/1861 1866/1866/1866
f 1876/1876/1876 1869/1869/1869 1871/1871/1871
f 1876/1876/1876 1877/1877/1877 1875/1875/1875
f 1877/1877/1877 1876/1876/1876 1871/1871/1871
f 1871/1871/1871 1873/1873/1873 1877/1877/1877
f 1870/1870/1870 1877/1877/1877 1874/1874/1874
f 1873/1873/1873 1874/1874/1874 1877/1877/1877
f 1872/1872/1872 1873/1873/1873 1871/1871/1871
f 1879/1879/1879 1882/1882/1882 1878/1878/1878
f 1884/1884/1884 1880/1880/1880 1881/1881/1881
f 1881/1881/1881 1882/1882/1882 1886/1886/1886
f 1886/1886/1886 1879/1879/1879 1885/1885/1885
f 1883/1883/1883 1884/1884/1884 1886/1886/1886
f 1886/1886/1886 1884/1884/1884 1881/1881/1881
f 1879/1879/1879 1886/1886/1886 1882/1882/1882
f 2231/2231/2231 2230/2230/2230 2228/2228/2228
f 2228/2228/2228 2229/2229/2229 2231/2231/2231
f 2224/2224/2224 2217/2217/2217 2230/2230/2230
f 2230/2230/2230 2231/2231/2231 2224/2224/2224
f 2229/2229/2229 2228/2228/2228 2232/2232/2232
f 2232/2232/2232 2233/2233/2233 2229/2229/2229
f 2230/2230/2230 2227/2227/2227 2228/2228/2228
f 1887/1887/1887 2230/2230/2230 2217/2217/2217
f 2227/2227/2227 2230/2230/2230 1887/1887/1887
f 2223/2223/2223 2222/2222/2222 2219/2219/2219
f 2219/2219/2219 2221/2221/2221 2223/2223/2223
f 2220/2220/2220 2211/2211/2211 2222/2222/2222
f 2222/2222/2222 2223/2223/2223 2220/2220/2220
f 2226/2226/2226 2225/2225/2225 2217/2217/2217
f 2217/2217/2217 2224/2224/2224 2226/2226/2226
f 2221/2221/2221 2219/2219/2219 2225/2225/2225
f 2225/2225/2225 2226/2226/2226 2221/2221/2221
f 2225/2225/2225 1887/1887/1887 2217/2217/2217
f 2218/2218/2218 2225/2225/2225 2219/2219/2219
f 1887/1887/1887 2225/2225/2225 2218/2218/2218
f 2222/2222/2222 2218/2218/2218 2219/2219/2219
f 1888/1888/1888 2222/2222/2222 2211/2211/2211
f 2218/2218/2218 2222/2222/2222 1888/1888/1888
f 2216/2216/2216 2215/2215/2215 2213/2213/2213
f 2213/2213/2213 2214/2214/2214 2216/2216/2216
f 2208/2208/2208 2202/2202/2202 2215/2215/2215
f 2215/2215/2215 2216/2216/2216 2208/2208/2208
f 2213/2213/2213 2212/2212/2212 1888/1888/1888
f 1888/1888/1888 2211/2211/2211 2213/2213/2213
f 2215/2215/2215 2212/2212/2212 2213/2213/2213
f 1889/1889/1889 2215/2215/2215 2202/2202/2202
f 2212/2212/2212 2215/2215/2215 1889/1889/1889
f 2207/2207/2207 2206/2206/2206 2204/2204/2204
f 2204/2204/2204 2205/2205/2205 2207/2207/2207
f 2199/2199/2199 2195/2195/2195 2206/2206/2206
f 2206/2206/2206 2207/2207/2207 2199/2199/2199
f 2210/2210/2210 2209/2209/2209 2202/2202/2202
f 2202/2202/2202 2208/2208/2208 2210/2210/2210
f 2205/2205/2205 2204/2204/2204 2209/2209/2209
f 2209/2209/2209 2210/2210/2210 2205/2205/2205
f 2209/2209/2209 1889/1889/1889 2202/2202/2202
f 2203/2203/2203 2209/2209/2209 2204/2204/2204
f 1889/1889/1889 2209/2209/2209 2203/2203/2203
f 2206/2206/2206 2203/2203/2203 2204/2204/2204
f 1890/1890/1890 2206/2206/2206 2195/2195/2195
f 2203/2203/2203 2206/2206/2206 1890/1890/1890
f 2201/2201/2201 2200/2200/2200 2195/2195/2195
f 2195/2195/2195 2199/2199/2199 2201/2201/2201
f 2198/2198/2198 2197/2197/2197 2200/2200/2200
f 2200/2200/2200 2201/2201/2201 2198/2198/2198
f 2200/2200/2200 1890/1890/1890 2195/2195/2195
f 2196/2196/2196 2200/2200/2200 2197/2197/2197
f 1890/1890/1890 2200/2200/2200 2196/2196/2196
f 2186/2186/2186 1891/1891/1891 2196/2196/2196
f 2196/2196/2196 2197/2197/2197 2186/2186/2186
f 2191/2191/2191 2190/2190/2190 2188/2188/2188
f 2188/2188/2188 2189/2189/2189 2191/2191/2191
f 2183/2183/2183 2179/2179/2179 2190/2190/2190
f 2190/2190/2190 2191/2191/2191 2183/2183/2183
f 2194/2194/2194 2193/2193/2193 2186/2186/2186
f 2186/2186/2186 2192/2192/2192 2194/2194/2194
f 2189/2189/2189 2188/2188/2188 2193/2193/2193
f 2193/2193/2193 2194/2194/2194 2189/2189/2189
f 2193/2193/2193 1891/1891/1891 2186/2186/2186
f 2187/2187/2187 2193/2193/2193 2188/2188/2188
f 1891/1891/1891 2193/2193/2193 2187/2187/2187
f 2190/2190/2190 2187/2187/2187 2188/2188/2188
f 1892/1892/1892 2190/2190/2190 2179/2179/2179
f 2187/2187/2187 2190/2190/2190 1892/1892/1892
f 2185/2185/2185 2184/2184/2184 2179/2179/2179
f 2179/2179/2179 2183/2183/2183 2185/2185/2185
f 2182/2182/2182 2181/2181/2181 2184/2184/2184
f 2184/2184/2184 2185/2185/2185 2182/2182/2182
f 2184/2184/2184 1892/1892/1892 2179/2179/2179
f 2180/2180/2180 2184/2184/2184 2181/2181/2181
f 1892/1892/1892 2184/2184/2184 2180/2180/2180
f 2170/2170/2170 1893/1893/1893 2180/2180/2180
f 2180/2180/2180 2181/2181/2181 2170/2170/2170
f 2175/2175/2175 2174/2174/2174 2172/2172/2172
f 2172/2172/2172 2173/2173/2173 2175/2175/2175
f 2167/2167/2167 2163/2163/2163 2174/2174/2174
f 2174/2174/2174 2175/2175/2175 2167/2167/2167
f 2178/2178/2178 2177/2177/2177 2170/2170/2170
f 2170/2170/2170 2176/2176/2176 2178/2178/2178
f 2173/2173/2173 2172/2172/2172 2177/2177/2177
f 2177/2177/2177 2178/2178/2178 2173/2173/2173
f 2177/2177/2177 1893/1893/1893 2170/2170/2170
f 2171/2171/2171 2177/2177/2177 2172/2172/2172
f 1893/1893/1893 2177/2177/2177 2171/2171/2171
f 2174/2174/2174 2171/2171/2171 2172/2172/2172
f 1894/1894/1894 2174/2174/2174 2163/2163/2163
f 2171/2171/2171 2174/2174/2174 1894/1894/1894
f 2169/2169/2169 2168/2168/2168 2163/2163/2163
f 2163/2163/2163 2167/2167/2167 2169/2169/2169
f 2166/2166/2166 2165/2165/2165 2168/2168/2168
f 2168/2168/2168 2169/2169/2169 2166/2166/2166
f 2168/2168/2168 1894/1894/1894 2163/2163/2163
f 2164/2164/2164 2168/2168/2168 2165/2165/2165
f 1894/1894/1894 2168/2168/2168 2164/2164/2164
f 2154/2154/2154 1895/1895/1895 2164/2164/2164
f 2164/2164/2164 2165/2165/2165 2154/2154/2154
f 2159/2159/2159 2158/2158/2158 2156/2156/2156
f 2156/2156/2156 2157/2157/2157 2159/2159/2159
f 2151/2151/2151 2147/2147/2147 2158/2158/2158
f 2158/2158/2158 2159/2159/2159 2151/2151/2151
f 2162/2162/2162 2161/2161/2161 2154/2154/2154
f 2154/2154/2154 2160/2160/2160 2162/2162/2162
f 2157/2157/2157 2156/2156/2156 2161/2161/2161
f 2161/2161/2161 2162/2162/2162 2157/2157/2157
f 2161/2161/2161 1895/1895/1895 2154/2154/2154
f 2155/2155/2155 2161/2161/2161 2156/2156/2156
f 1895/1895/1895 2161/2161/2161 2155/2155/2155
f 2158/2158/2158 2155/2155/2155 2156/2156/2156
f 1896/1896/1896 2158/2158/2158 2147/2147/2147
f 2155/2155/2155 2158/2158/2158 1896/1896/1896
f 2153/2153/2153 2152/2152/2152 2147/2147/2147
f 2147/2147/2147 2151/2151/2151 2153/2153/2153
f 2150/2150/2150 2149/2149/2149 2152/2152/2152
f 2152/2152/2152 2153/2153/2153 2150/2150/2150
f 2152/2152/2152 1896/1896/1896 2147/2147/2147
f 2148/2148/2148 2152/2152/2152 2149/2149/2149
f 1896/1896/1896 2152/2152/2152 2148/2148/2148
f 2138/2138/2138 1897/1897/1897 2148/2148/2148
f 2148/2148/2148 2149/2149/2149 2138/2138/2138
f 2143/2143/2143 2142/2142/2142 2140/2140/2140
f 2140/2140/2140 2141/2141/2141 2143/2143/2143
f 2135/2135/2135 2131/2131/2131 2142/2142/2142
f 2142/2142/2142 2143/2143/2143 2135/2135/2135
f 2146/2146/2146 2145/2145/2145 2138/2138/2138
f 2138/2138/2138 2144/2144/2144 2146/2146/2146
f 2141/2141/2141 2140/2140/2140 2145/2145/2145
f 2145/2145/2145 2146/2146/2146 2141/2141/2141
f 2145/2145/2145 1897/1897/1897 2138/2138/2138
f 2139/2139/2139 2145/2145/2145 2140/2140/2140
f 1897/1897/1897 2145/2145/2145 2139/2139/2139
f 2142/2142/2142 2139/2139/2139 2140/2140/2140
f 1898/1898/1898 2142/2142/2142 2131/2131/2131
f 2139/2139/2139 2142/2142/2142 1898/1898/1898
f 2137/2137/2137 2136/2136/2136 2131/2131/2131
f 2131/2131/2131 2135/2135/2135 2137/2137/2137
f 2134/2134/2134 2133/2133/2133 2136/2136/2136
f 2136/2136/2136 2137/2137/2137 2134/2134/2134
f 2136/2136/2136 1898/1898/1898 2131/2131/2131
f 2132/2132/2132 2136/2136/2136 2133/2133/2133
f 1898/1898/1898 2136/2136/2136 2132/2132/2132
f 2122/2122/2122 1899/1899/1899 2132/2132/2132
f 2132/2132/2132 2133/2133/2133 2122/2122/2122
f 2127/2127/2127 2126/2126/2126 2124/2124/2124
f 2124/2124/2124 2125/2125/2125 2127/2127/2127
f 2119/2119/2119 2115/2115/2115 2126/2126/2126
f 2126/2126/2126 2127/2127/2127 2119/2119/2119
f 2130/2130/2130 2129/2129/2129 2122/2122/2122
f 2122/2122/2122 2128/2128/2128 2130/2130/2130
f 2125/2125/2125 2124/2124/2124 2129/2129/2129
f 2129/2129/2129 2130/2130/2130 2125/2125/2125
f 2129/2129/2129 1899/1899/1899 2122/2122/2122
f 2123/2123/2123 2129/2129/2129 2124/2124/2124
f 1899/1899/1899 2129/2129/2129 2123/2123/2123
f 2126/2126/2126 2123/2123/2123 2124/2124/2124
f 1900/1900/1900 2126/2126/2126 2115/2115/2115
f 2123/2123/2123 2126/2126/2126 1900/1900/1900
f 2121/2121/2121 2120/2120/2120 2115/2115/2115
f 2115/2115/2115 2119/2119/2119 2121/2121/2121
f 2118/2118/2118 2117/2117/2117 2120/2120/2120
f 2120/2120/2120 2121/2121/2121 2118/2118/2118
f 2120/2120/2120 1900/1900/1900 2115/2115/2115
f 2116/2116/2116 2120/2120/2120 2117/2117/2117
f 1900/1900/1900 2120/2120/2120 2116/2116/2116
f 2106/2106/2106 1901/1901/1901 2116/2116/2116
f 2116/2116/2116 2117/2117/2117 2106/2106/2106
f 2111/2111/2111 2110/2110/2110 2108/2108/2108
f 2108/2108/2108 2109/2109/2109 2111/2111/2111
f 2103/2103/2103 2099/2099/2099 2110/2110/2110
f 2110/2110/2110 2111/2111/2111 2103/2103/2103
f 2114/2114/2114 2113/2113/2113 2106/2106/2106
f 2106/2106/2106 2112/2112/2112 2114/2114/2114
f 2109/2109/2109 2108/2108/2108 2113/2113/2113
f 2113/2113/2113 2114/2114/2114 2109/2109/2109
f 2113/2113/2113 1901/1901/1901 2106/2106/2106
f 2107/2107/2107 2113/2113/2113 2108/2108/2108
f 1901/1901/1901 2113/2113/2113 2107/2107/2107
f 2110/2110/2110 2107/2107/2107 2108/2108/2108
f 1902/1902/1902 2110/2110/2110 2099/2099/2099
f 2107/2107/2107 2110/2110/2110 1902/1902/1902
f 2105/2105/2105 2104/2104/2104 2099/2099/2099
f 2099/2099/2099 2103/2103/2103 2105/2105/2105
f 2102/2102/2102 2101/2101/2101 2104/2104/2104
f 2104/2104/2104 2105/2105/2105 2102/2102/2102
f 2104/2104/2104 1902/1902/1902 2099/2099/2099
f 2100/2100/2100 2104/2104/2104 2101/2101/2101
f 1902/1902/1902 2104/2104/2104 2100/2100/2100
f 2090/2090/2090 1903/1903/1903 2100/2100/2100
f 2100/2100/2100 2101/2101/2101 2090/2090/2090
f 2095/2095/2095 2094/2094/2094 2092/2092/2092
f 2092/2092/2092 2093/2093/2093 2095/2095/2095
f 2087/2087/2087 2083/2083/2083 2094/2094/2094
f 2094/2094/2094 2095/2095/2095 2087/2087/2087
f 2098/2098/2098 2097/2097/2097 2090/2090/2090
f 2090/2090/2090 2096/2096/2096 2098/2098/2098
f 2093/2093/2093 2092/2092/2092 2097/2097/2097
f 2097/2097/2097 2098/2098/2098 2093/2093/2093
f 2097/2097/2097 1903/1903/1903 2090/2090/2090
f 2091/2091/2091 2097/2097/2097 2092/2092/2092
f 1903/1903/1903 2097/2097/2097 2091/2091/2091
f 2094/2094/2094 2091/2091/2091 2092/2092/2092
f 1904/1904/1904 2094/2094/2094 2083/2083/2083
f 2091/2091/2091 2094/2094/2094 1904/1904/1904
f 2089/2089/2089 2088/2088/2088 2083/2083/2083
f 2083/2083/2083 2087/2087/2087 2089/2089/2089
f 2086/2086/2086 2085/2085/2085 2088/2088/2088
f 2088/2088/2088 2089/2089/2089 2086/2086/2086
f 2088/2088/2088 1904/1904/1904 2083/2083/2083
f 2084/2084/2084 2088/2088/2088 2085/2085/2085
f 1904/1904/1904 2088/2088/2088 2084/2084/2084
f 2074/2074/2074 1905/1905/1905 2084/2084/2084
f 2084/2084/2084 2085/2085/2085 2074/2074/2074
f 2079/2079/2079 2078/2078/2078 2076/2076/2076
f 2076/2076/2076 2077/2077/2077 2079/2079/2079
f 2071/2071/2071 2064/2064/2064 2078/2078/2078
f 2078/2078/2078 2079/2079/2079 2071/2071/2071
f 2082/2082/2082 2081/2081/2081 2074/2074/2074
f 2074/2074/2074 2080/2080/2080 2082/2082/2082
f 2077/2077/2077 2076/2076/2076 2081/2081/2081
f 2081/2081/2081 2082/2082/2082 2077/2077/2077
f 2081/2081/2081 1905/1905/1905 2074/2074/2074
f 2075/2075/2075 2081/2081/2081 2076/2076/2076
f 1905/1905/1905 2081/2081/2081 2075/2075/2075
f 2078/2078/2078 2075/2075/2075 2076/2076/2076
f 1906/1906/1906 2078/2078/2078 2064/2064/2064
f 2075/2075/2075 2078/2078/2078 1906/1906/1906
f 2070/2070/2070 2069/2069/2069 2066/2066/2066
f 2066/2066/2066 2068/2068/2068 2070/2070/2070
f 2067/2067/2067 2058/2058/2058 2069/2069/2069
f 2069/2069/2069 2070/2070/2070 2067/2067/2067
f 2073/2073/2073 2072/2072/2072 2064/2064/2064
f 2064/2064/2064 2071/2071/2071 2073/2073/2073
f 2068/2068/2068 2066/2066/2066 2072/2072/2072
f 2072/2072/2072 2073/2073/2073 2068/2068/2068
f 2072/2072/2072 1906/1906/1906 2064/2064/2064
f 2065/2065/2065 2072/2072/2072 2066/2066/2066
f 1906/1906/1906 2072/2072/2072 2065/2065/2065
f 2069/2069/2069 2065/2065/2065 2066/2066/2066
f 1907/1907/1907 2069/2069/2069 2058/2058/2058
f 2065/2065/2065 2069/2069/2069 1907/1907/1907
f 2063/2063/2063 2062/2062/2062 2060/2060/2060
f 2060/2060/2060 2061/2061/2061 2063/2063/2063
f 2055/2055/2055 2048/2048/2048 2062/2062/2062
f 2062/2062/2062 2063/2063/2063 2055/2055/2055
f 2060/2060/2060 2059/2059/2059 1907/1907/1907
f 1907/1907/1907 2058/2058/2058 2060/2060/2060
f 2062/2062/2062 2059/2059/2059 2060/2060/2060
f 1908/1908/1908 2062/2062/2062 2048/2048/2048
f 2059/2059/2059 2062/2062/2062 1908/1908/1908
f 2054/2054/2054 2053/2053/2053 2050/2050/2050
f 2050/2050/2050 2052/2052/2052 2054/2054/2054
f 2051/2051/2051 2042/2042/2042 2053/2053/2053
f 2053/2053/2053 2054/2054/2054 2051/2051/2051
f 2057/2057/2057 2056/2056/2056 2048/2048/2048
f 2048/2048/2048 2055/2055/2055 2057/2057/2057
f 2052/2052/2052 2050/2050/2050 2056/2056/2056
f 2056/2056/2056 2057/2057/2057 2052/2052/2052
f 2056/2056/2056 1908/1908/1908 2048/2048/2048
f 2049/2049/2049 2056/2056/2056 2050/2050/2050
f 1908/1908/1908 2056/2056/2056 2049/2049/2049
f 2053/2053/2053 2049/2049/2049 2050/2050/2050
f 1909/1909/1909 2053/2053/2053 2042/2042/2042
f 2049/2049/2049 2053/2053/2053 1909/1909/1909
f 2047/2047/2047 2046/2046/2046 2044/2044/2044
f 2044/2044/2044 2045/2045/2045 2047/2047/2047
f 2039/2039/2039 2032/2032/2032 2046/2046/2046
f 2046/2046/2046 2047/2047/2047 2039/2039/2039
f 2044/2044/2044 2043/2043/2043 1909/1909/1909
f 1909/1909/1909 2042/2042/2042 2044/2044/2044
f 2046/2046/2046 2043/2043/2043 2044/2044/2044
f 1910/1910/1910 2046/2046/2046 2032/2032/2032
f 2043/2043/2043 2046/2046/2046 1910/1910/1910
f 2038/2038/2038 2037/2037/2037 2034/2034/2034
f 2034/2034/2034 2036/2036/2036 2038/2038/2038
f 2035/2035/2035 2026/2026/2026 2037/2037/2037
f 2037/2037/2037 2038/2038/2038 2035/2035/2035
f 2041/2041/2041 2040/2040/2040 2032/2032/2032
f 2032/2032/2032 2039/2039/2039 2041/2041/2041
f 2036/2036/2036 2034/2034/2034 2040/2040/2040
f 2040/2040/2040 2041/2041/2041 2036/2036/2036
f 2040/2040/2040 1910/1910/1910 2032/2032/2032
f 2033/2033/2033 2040/2040/2040 2034/2034/2034
f 1910/1910/1910 2040/2040/2040 2033/2033/2033
f 2037/2037/2037 2033/2033/2033 2034/2034/2034
f 1911/1911/1911 2037/2037/2037 2026/2026/2026
f 2033/2033/2033 2037/2037/2037 1911/1911/1911
f 2031/2031/2031 2030/2030/2030 2028/2028/2028
f 2028/2028/2028 2029/2029/2029 2031/2031/2031
f 2023/2023/2023 2016/2016/2016 2030/2030/2030
f 2030/2030/2030 2031/2031/2031 2023/2023/2023
f 2028/2028/2028 2027/2027/2027 1911/1911/1911
f 1911/1911/1911 2026/2026/2026 2028/2028/2028
f 2030/2030/2030 2027/2027/2027 2028/2028/2028
f 1912/1912/1912 2030/2030/2030 2016/2016/2016
f 2027/2027/2027 2030/2030/2030 1912/1912/1912
f 2022/2022/2022 2021/2021/2021 2018/2018/2018
f 2018/2018/2018 2020/2020/2020 2022/2022/2022
f 2019/2019/2019 2010/2010/2010 2021/2021/2021
f 2021/2021/2021 2022/2022/2022 2019/2019/2019
f 2025/2025/2025 2024/2024/2024 2016/2016/2016
f 2016/2016/2016 2023/2023/2023 2025/2025/2025
f 2020/2020/2020 2018/2018/2018 2024/2024/2024
f 2024/2024/2024 2025/2025/2025 2020/2020/2020
f 2024/2024/2024 1912/1912/1912 2016/2016/2016
f 2017/2017/2017 2024/2024/2024 2018/2018/2018
f 1912/1912/1912 2024/2024/2024 2017/2017/2017
f 2021/2021/2021 2017/2017/2017 2018/2018/2018
f 1913/1913/1913 2021/2021/2021 2010/2010/2010
f 2017/2017/2017 2021/2021/2021 1913/1913/1913
f 2015/2015/2015 2014/2014/2014 2012/2012/2012
f 2012/2012/2012 2013/2013/2013 2015/2015/2015
f 2007/2007/2007 2000/2000/2000 2014/2014/2014
f 2014/2014/2014 2015/2015/2015 2007/2007/2007
f 2012/2012/2012 2011/2011/2011 1913/1913/1913
f 1913/1913/1913 2010/2010/2010 2012/2012/2012
f 2014/2014/2014 2011/2011/2011 2012/2012/2012
f 1914/1914/1914 2014/2014/2014 2000/2000/2000
f 2011/2011/2011 2014/2014/2014 1914/1914/1914
f 2006/2006/2006 2005/2005/2005 2002/2002/2002
f 2002/2002/2002 2004/2004/2004 2006/2006/2006
f 2003/2003/2003 1994/1994/1994 2005/2005/2005
f 2005/2005/2005 2006/2006/2006 2003/2003/2003
f 2009/2009/2009 2008/2008/2008 2000/2000/2000
f 2000/2000/2000 2007/2007/2007 2009/2009/2009
f 2004/2004/2004 2002/2002/2002 2008/2008/2008
f 2008/2008/2008 2009/2009/2009 2004/2004/2004
f 2008/2008/2008 1914/1914/1914 2000/2000/2000
f 2001/2001/2001 2008/2008/2008 2002/2002/2002
f 1914/1914/1914 2008/2008/2008 2001/2001/2001
f 2005/2005/2005 2001/2001/2001 2002/2002/2002
f 1915/1915/1915 2005/2005/2005 1994/1994/1994
f 2001/2001/2001 2005/2005/2005 1915/1915/1915
f 1999/1999/1999 1998/1998/1998 1996/1996/1996
f 1996/1996/1996 1997/1997/1997 1999/1999/1999
f 1991/1991/1991 1984/1984/1984 1998/1998/1998
f 1998/1998/1998 1999/1999/1999 1991/1991/1991
f 1996/1996/1996 1995/1995/1995 1915/1915/1915
f 1915/1915/1915 1994/1994/1994 1996/1996/1996
f 1998/1998/1998 1995/1995/1995 1996/1996/1996
f 1916/1916/1916 1998/1998/1998 1984/1984/1984
f 1995/1995/1995 1998/1998/1998 1916/1916/1916
f 1990/1990/1990 1989/1989/1989 1986/1986/1986
f 1986/1986/1986 1988/1988/1988 1990/1990/1990
f 1987/1987/1987 1978/1978/1978 1989/1989/1989
f 1989/1989/1989 1990/1990/1990 1987/1987/1987
f 1993/1993/1993 1992/1992/1992 1984/1984/1984
f 1984/1984/1984 1991/1991/1991 1993/1993/1993
f 1988/1988/1988 1986/1986/1986 1992/1992/1992
f 1992/1992/1992 1993/1993/1993 1988/1988/1988
f 1992/1992/1992 1916/1916/1916 1984/1984/1984
f 1985/1985/1985 1992/1992/1992 1986/1986/1986
f 1916/1916/1916 1992/1992/1992 1985/1985/1985
f 1989/1989/1989 1985/1985/1985 1986/1986/1986
f 1917/1917/1917 1989/1989/1989 1978/1978/1978
f 1985/1985/1985 1989/1989/1989 1917/1917/1917
f 1983/1983/1983 1982/1982/1982 1980/1980/1980
f 1980/1980/1980 1981/1981/1981 1983/1983/1983
f 1975/1975/1975 1969/1969/1969 1982/1982/1982
f 1982/1982/1982 1983/1983/1983 1975/1975/1975
f 1980/1980/1980 1979/1979/1979 1917/1917/1917
f 1917/1917/1917 1978/1978/1978 1980/1980/1980
f 1982/1982/1982 1979/1979/1979 1980/1980/1980
f 1918/1918/1918 1982/1982/1982 1969/1969/1969
f 1979/1979/1979 1982/1982/1982 1918/1918/1918
f 1974/1974/1974 1973/1973/1973 1971/1971/1971
f 1971/1971/1971 1972/1972/1972 1974/1974/1974
f 1977/1977/1977 1976/1976/1976 1969/1969/1969
f 1969/1969/1969 1975/1975/1975 1977/1977/1977
f 1972/1972/1972 1971/1971/1971 1976/1976/1976
f 1976/1976/1976 1977/1977/1977 1972/1972/1972
f 1976/1976/1976 1918/1918/1918 1969/1969/1969
f 1970/1970/1970 1976/1976/1976 1971/1971/1971
f 1918/1918/1918 1976/1976/1976 1970/1970/1970
f 2227/2227/2227 2240/2240/2240 2236/2236/2236
f 2240/2240/2240 2227/2227/2227 1887/1887/1887
f 1887/1887/1887 2241/2241/2241 2240/2240/2240
f 2235/2235/2235 2227/2227/2227 2236/2236/2236
f 2235/2235/2235 2232/2232/2232 2227/2227/2227
f 2241/2241/2241 2218/2218/2218 1888/1888/1888
f 2241/2241/2241 1888/1888/1888 2212/2212/2212
f 2218/2218/2218 2241/2241/2241 1887/1887/1887
f 2241/2241/2241 2212/2212/2212 1889/1889/1889
f 1889/1889/1889 2242/2242/2242 2241/2241/2241
f 2242/2242/2242 1889/1889/1889 2203/2203/2203
f 1890/1890/1890 2242/2242/2242 2203/2203/2203
f 2242/2242/2242 1890/1890/1890 2196/2196/2196
f 2196/2196/2196 2243/2243/2243 2242/2242/2242
f 2243/2243/2243 1891/1891/1891 2187/2187/2187
f 2243/2243/2243 2187/2187/2187 1892/1892/1892
f 1891/1891/1891 2243/2243/2243 2196/2196/2196
f 1892/1892/1892 2180/2180/2180 2243/2243/2243
f 2235/2235/2235 2233/2233/2233 2232/2232/2232
f 2228/2228/2228 2227/2227/2227 2232/2232/2232
f 1968/1968/1968 2229/2229/2229 2233/2233/2233
f 1968/1968/1968 2224/2224/2224 2231/2231/2231
f 1967/1967/1967 2221/2221/2221 2226/2226/2226
f 1966/1966/1966 2223/2223/2223 2221/2221/2221
f 1967/1967/1967 2226/2226/2226 2224/2224/2224
f 1968/1968/1968 2231/2231/2231 2229/2229/2229
f 2213/2213/2213 2211/2211/2211 2220/2220/2220
f 2220/2220/2220 2214/2214/2214 2213/2213/2213
f 2220/2220/2220 1966/1966/1966 1965/1965/1965
f 1965/1965/1965 2214/2214/2214 2220/2220/2220
f 1964/1964/1964 2208/2208/2208 2216/2216/2216
f 1964/1964/1964 2210/2210/2210 2208/2208/2208
f 1965/1965/1965 2216/2216/2216 2214/2214/2214
f 2186/2186/2186 2197/2197/2197 2198/2198/2198
f 2198/2198/2198 2192/2192/2192 2186/2186/2186
f 1966/1966/1966 2220/2220/2220 2223/2223/2223
f 2234/2234/2234 2233/2233/2233 2235/2235/2235
f 2244/2244/2244 2180/2180/2180 1893/1893/1893
f 2171/2171/2171 2244/2244/2244 1893/1893/1893
f 2244/2244/2244 2243/2243/2243 2180/2180/2180
f 2244/2244/2244 1894/1894/1894 2164/2164/2164
f 2164/2164/2164 2245/2245/2245 2244/2244/2244
f 2244/2244/2244 2171/2171/2171 1894/1894/1894
f 2245/2245/2245 2164/2164/2164 1895/1895/1895
f 2245/2245/2245 1895/1895/1895 2155/2155/2155
f 2155/2155/2155 1896/1896/1896 2245/2245/2245
f 2246/2246/2246 2139/2139/2139 1898/1898/1898
f 1898/1898/1898 2247/2247/2247 2246/2246/2246
f 2247/2247/2247 2123/2123/2123 1900/1900/1900
f 1900/1900/1900 2248/2248/2248 2247/2247/2247
f 2132/2132/2132 2247/2247/2247 1898/1898/1898
f 2246/2246/2246 1896/1896/1896 2148/2148/2148
f 2246/2246/2246 1897/1897/1897 2139/2139/2139
f 1897/1897/1897 2246/2246/2246 2148/2148/2148
f 2248/2248/2248 1901/1901/1901 2107/2107/2107
f 2107/2107/2107 2249/2249/2249 2248/2248/2248
f 2245/2245/2245 1896/1896/1896 2246/2246/2246
f 2247/2247/2247 2132/2132/2132 1899/1899/1899
f 2138/2138/2138 2149/2149/2149 2150/2150/2150
f 2150/2150/2150 2144/2144/2144 2138/2138/2138
f 2154/2154/2154 2165/2165/2165 2166/2166/2166
f 2166/2166/2166 2160/2160/2160 2154/2154/2154
f 2170/2170/2170 2181/2181/2181 2182/2182/2182
f 2182/2182/2182 2176/2176/2176 2170/2170/2170
f 2248/2248/2248 2116/2116/2116 1901/1901/1901
f 2116/2116/2116 2248/2248/2248 1900/1900/1900
f 2122/2122/2122 2133/2133/2133 2134/2134/2134
f 2134/2134/2134 2128/2128/2128 2122/2122/2122
f 2249/2249/2249 2107/2107/2107 1902/1902/1902
f 2123/2123/2123 2247/2247/2247 1899/1899/1899
f 2106/2106/2106 2117/2117/2117 2118/2118/2118
f 2118/2118/2118 2112/2112/2112 2106/2106/2106
f 1963/1963/1963 2207/2207/2207 2205/2205/2205
f 1963/1963/1963 2201/2201/2201 2199/2199/2199
f 1963/1963/1963 2199/2199/2199 2207/2207/2207
f 2198/2198/2198 1962/1962/1962 1961/1961/1961
f 1961/1961/1961 2192/2192/2192 2198/2198/2198
f 1961/1961/1961 2189/2189/2189 2194/2194/2194
f 1960/1960/1960 2191/2191/2191 2189/2189/2189
f 1961/1961/1961 2194/2194/2194 2192/2192/2192
f 1962/1962/1962 2198/2198/2198 2201/2201/2201
f 1960/1960/1960 2185/2185/2185 2183/2183/2183
f 2182/2182/2182 1959/1959/1959 1958/1958/1958
f 1958/1958/1958 2176/2176/2176 2182/2182/2182
f 1959/1959/1959 2182/2182/2182 2185/2185/2185
f 1958/1958/1958 2173/2173/2173 2178/2178/2178
f 1957/1957/1957 2167/2167/2167 2175/2175/2175
f 1957/1957/1957 2169/2169/2169 2167/2167/2167
f 1957/1957/1957 2175/2175/2175 2173/2173/2173
f 1958/1958/1958 2178/2178/2178 2176/2176/2176
f 1960/1960/1960 2183/2183/2183 2191/2191/2191
f 2234/2234/2234 1968/1968/1968 2233/2233/2233
f 1967/1967/1967 1966/1966/1966 2221/2221/2221
f 2224/2224/2224 1968/1968/1968 1967/1967/1967
f 1965/1965/1965 1964/1964/1964 2216/2216/2216
f 1962/1962/1962 2201/2201/2201 1963/1963/1963
f 1964/1964/1964 1963/1963/1963 2205/2205/2205
f 1959/1959/1959 2185/2185/2185 1960/1960/1960
f 2189/2189/2189 1961/1961/1961 1960/1960/1960
f 2166/2166/2166 1956/1956/1956 1955/1955/1955
f 1955/1955/1955 2160/2160/2160 2166/2166/2166
f 2162/2162/2162 2160/2160/2160 1955/1955/1955
f 1956/1956/1956 2169/2169/2169 1957/1957/1957
f 1958/1958/1958 1957/1957/1957 2173/2173/2173
f 1955/1955/1955 2157/2157/2157 2162/2162/2162
f 1956/1956/1956 2166/2166/2166 2169/2169/2169
f 1964/1964/1964 2205/2205/2205 2210/2210/2210
f 1954/1954/1954 2159/2159/2159 2157/2157/2157
f 1954/1954/1954 2153/2153/2153 2151/2151/2151
f 1954/1954/1954 2151/2151/2151 2159/2159/2159
f 2150/2150/2150 1953/1953/1953 1952/1952/1952
f 1952/1952/1952 2144/2144/2144 2150/2150/2150
f 1952/1952/1952 2141/2141/2141 2146/2146/2146
f 1951/1951/1951 2143/2143/2143 2141/2141/2141
f 1952/1952/1952 2146/2146/2146 2144/2144/2144
f 1953/1953/1953 2150/2150/2150 2153/2153/2153
f 1951/1951/1951 2137/2137/2137 2135/2135/2135
f 2134/2134/2134 1950/1950/1950 1949/1949/1949
f 1949/1949/1949 2128/2128/2128 2134/2134/2134
f 1950/1950/1950 2134/2134/2134 2137/2137/2137
f 1949/1949/1949 2125/2125/2125 2130/2130/2130
f 1948/1948/1948 2119/2119/2119 2127/2127/2127
f 1948/1948/1948 2121/2121/2121 2119/2119/2119
f 1948/1948/1948 2127/2127/2127 2125/2125/2125
f 1949/1949/1949 2130/2130/2130 2128/2128/2128
f 1951/1951/1951 2135/2135/2135 2143/2143/2143
f 1953/1953/1953 2153/2153/2153 1954/1954/1954
f 1952/1952/1952 1951/1951/1951 2141/2141/2141
f 1947/1947/1947 2118/2118/2118 2121/2121/2121
f 1950/1950/1950 2137/2137/2137 1951/1951/1951
f 1948/1948/1948 2125/2125/2125 1949/1949/1949
f 1947/1947/1947 2121/2121/2121 1948/1948/1948
f 2118/2118/2118 1947/1947/1947 1946/1946/1946
f 1946/1946/1946 2112/2112/2112 2118/2118/2118
f 1946/1946/1946 2114/2114/2114 2112/2112/2112
f 1945/1945/1945 2111/2111/2111 2109/2109/2109
f 1946/1946/1946 2109/2109/2109 2114/2114/2114
f 1945/1945/1945 2109/2109/2109 1946/1946/1946
f 1944/1944/1944 2105/2105/2105 2103/2103/2103
f 2105/2105/2105 1944/1944/1944 2102/2102/2102
f 1945/1945/1945 1944/1944/1944 2103/2103/2103
f 1945/1945/1945 2103/2103/2103 2111/2111/2111
f 1955/1955/1955 1954/1954/1954 2157/2157/2157
f 2249/2249/2249 1902/1902/1902 2100/2100/2100
f 1903/1903/1903 2249/2249/2249 2100/2100/2100
f 1904/1904/1904 2250/2250/2250 2091/2091/2091
f 2249/2249/2249 1903/1903/1903 2091/2091/2091
f 2249/2249/2249 2091/2091/2091 2250/2250/2250
f 2250/2250/2250 1904/1904/1904 2084/2084/2084
f 1905/1905/1905 2075/2075/2075 2251/2251/2251
f 2075/2075/2075 1906/1906/1906 2251/2251/2251
f 1905/1905/1905 2250/2250/2250 2084/2084/2084
f 2250/2250/2250 1905/1905/1905 2251/2251/2251
f 1906/1906/1906 2065/2065/2065 2251/2251/2251
f 1907/1907/1907 2251/2251/2251 2065/2065/2065
f 2059/2059/2059 2252/2252/2252 1907/1907/1907
f 2251/2251/2251 1907/1907/1907 2252/2252/2252
f 2252/2252/2252 2059/2059/2059 1908/1908/1908
f 2252/2252/2252 2049/2049/2049 1909/1909/1909
f 1909/1909/1909 2043/2043/2043 2253/2253/2253
f 2049/2049/2049 2252/2252/2252 1908/1908/1908
f 2253/2253/2253 2252/2252/2252 1909/1909/1909
f 2102/2102/2102 2096/2096/2096 2090/2090/2090
f 2090/2090/2090 2101/2101/2101 2102/2102/2102
f 1943/1943/1943 2096/2096/2096 2102/2102/2102
f 2102/2102/2102 1944/1944/1944 1943/1943/1943
f 1943/1943/1943 2093/2093/2093 2098/2098/2098
f 1942/1942/1942 2087/2087/2087 2095/2095/2095
f 1941/1941/1941 2089/2089/2089 2087/2087/2087
f 1942/1942/1942 2095/2095/2095 2093/2093/2093
f 1943/1943/1943 2098/2098/2098 2096/2096/2096
f 2074/2074/2074 2085/2085/2085 2086/2086/2086
f 2086/2086/2086 2080/2080/2080 2074/2074/2074
f 2086/2086/2086 1941/1941/1941 1940/1940/1940
f 1940/1940/1940 2080/2080/2080 2086/2086/2086
f 2044/2044/2044 2042/2042/2042 2051/2051/2051
f 2051/2051/2051 2045/2045/2045 2044/2044/2044
f 2060/2060/2060 2058/2058/2058 2067/2067/2067
f 2067/2067/2067 2061/2061/2061 2060/2060/2060
f 1940/1940/1940 2082/2082/2082 2080/2080/2080
f 1941/1941/1941 2086/2086/2086 2089/2089/2089
f 2043/2043/2043 1910/1910/1910 2253/2253/2253
f 2033/2033/2033 2253/2253/2253 1910/1910/1910
f 1911/1911/1911 2254/2254/2254 2033/2033/2033
f 2253/2253/2253 2033/2033/2033 2254/2254/2254
f 2254/2254/2254 1911/1911/1911 2027/2027/2027
f 2254/2254/2254 1912/1912/1912 2017/2017/2017
f 2017/2017/2017 1913/1913/1913 2255/2255/2255
f 1912/1912/1912 2254/2254/2254 2027/2027/2027
f 2255/2255/2255 2254/2254/2254 2017/2017/2017
f 2255/2255/2255 1914/1914/1914 2001/2001/2001
f 2001/2001/2001 2256/2256/2256 2255/2255/2255
f 2257/2257/2257 1918/1918/1918 1970/1970/1970
f 1970/1970/1970 2237/2237/2237 2257/2257/2257
f 1995/1995/1995 2256/2256/2256 1915/1915/1915
f 1914/1914/1914 2255/2255/2255 2011/2011/2011
f 2001/2001/2001 1915/1915/1915 2256/2256/2256
f 2237/2237/2237 1970/1970/1970 2238/2238/2238
f 2256/2256/2256 1916/1916/1916 1985/1985/1985
f 1985/1985/1985 2257/2257/2257 2256/2256/2256
f 1913/1913/1913 2011/2011/2011 2255/2255/2255
f 1916/1916/1916 2256/2256/2256 1995/1995/1995
f 2028/2028/2028 2026/2026/2026 2035/2035/2035
f 2035/2035/2035 2029/2029/2029 2028/2028/2028
f 2012/2012/2012 2010/2010/2010 2019/2019/2019
f 2019/2019/2019 2013/2013/2013 2012/2012/2012
f 2257/2257/2257 1917/1917/1917 1979/1979/1979
f 1918/1918/1918 2257/2257/2257 1979/1979/1979
f 1971/1971/1971 1973/1973/1973 1970/1970/1970
f 1974/1974/1974 2239/2239/2239 1973/1973/1973
f 2239/2239/2239 1970/1970/1970 1973/1973/1973
f 1980/1980/1980 1978/1978/1978 1987/1987/1987
f 1987/1987/1987 1981/1981/1981 1980/1980/1980
f 2239/2239/2239 2238/2238/2238 1970/1970/1970
f 1917/1917/1917 2257/2257/2257 1985/1985/1985
f 1996/1996/1996 1994/1994/1994 2003/2003/2003
f 2003/2003/2003 1997/1997/1997 1996/1996/1996
f 1939/1939/1939 2079/2079/2079 2077/2077/2077
f 1938/1938/1938 2073/2073/2073 2071/2071/2071
f 1939/1939/1939 2071/2071/2071 2079/2079/2079
f 1938/1938/1938 2070/2070/2070 2068/2068/2068
f 2067/2067/2067 1937/1937/1937 1936/1936/1936
f 1936/1936/1936 2061/2061/2061 2067/2067/2067
f 1936/1936/1936 2063/2063/2063 2061/2061/2061
f 1937/1937/1937 2067/2067/2067 2070/2070/2070
f 1938/1938/1938 2068/2068/2068 2073/2073/2073
f 1935/1935/1935 2057/2057/2057 2055/2055/2055
f 1935/1935/1935 2054/2054/2054 2052/2052/2052
f 1935/1935/1935 2052/2052/2052 2057/2057/2057
f 2051/2051/2051 1934/1934/1934 1933/1933/1933
f 1933/1933/1933 2045/2045/2045 2051/2051/2051
f 1933/1933/1933 2039/2039/2039 2047/2047/2047
f 1932/1932/1932 2041/2041/2041 2039/2039/2039
f 1933/1933/1933 2047/2047/2047 2045/2045/2045
f 1934/1934/1934 2051/2051/2051 2054/2054/2054
f 1936/1936/1936 2055/2055/2055 2063/2063/2063
f 1943/1943/1943 1942/1942/1942 2093/2093/2093
f 2087/2087/2087 1942/1942/1942 1941/1941/1941
f 1938/1938/1938 2071/2071/2071 1939/1939/1939
f 1935/1935/1935 2055/2055/2055 1936/1936/1936
f 1938/1938/1938 1937/1937/1937 2070/2070/2070
f 1939/1939/1939 2077/2077/2077 2082/2082/2082
f 2082/2082/2082 1940/1940/1940 1939/1939/1939
f 1932/1932/1932 2038/2038/2038 2036/2036/2036
f 2035/2035/2035 1931/1931/1931 1930/1930/1930
f 1930/1930/1930 2029/2029/2029 2035/2035/2035
f 1931/1931/1931 2035/2035/2035 2038/2038/2038
f 2038/2038/2038 1932/1932/1932 1931/1931/1931
f 1933/1933/1933 1932/1932/1932 2039/2039/2039
f 1930/1930/1930 2031/2031/2031 2029/2029/2029
f 2054/2054/2054 1935/1935/1935 1934/1934/1934
f 2041/2041/2041 1932/1932/1932 2036/2036/2036
f 1929/1929/1929 2023/2023/2023 2031/2031/2031
f 2031/2031/2031 1930/1930/1930 1929/1929/1929
f 1929/1929/1929 2020/2020/2020 2025/2025/2025
f 1929/1929/1929 2025/2025/2025 2023/2023/2023
f 1928/1928/1928 2019/2019/2019 2022/2022/2022
f 1927/1927/1927 2015/2015/2015 2013/2013/2013
f 1927/1927/1927 2007/2007/2007 2015/2015/2015
f 2019/2019/2019 1928/1928/1928 1927/1927/1927
f 1927/1927/1927 2013/2013/2013 2019/2019/2019
f 1929/1929/1929 2022/2022/2022 2020/2020/2020
f 1926/1926/1926 2004/2004/2004 2009/2009/2009
f 1925/1925/1925 2003/2003/2003 2006/2006/2006
f 1926/1926/1926 2006/2006/2006 2004/2004/2004
f 1924/1924/1924 1999/1999/1999 1997/1997/1997
f 1923/1923/1923 1993/1993/1993 1991/1991/1991
f 1923/1923/1923 1988/1988/1988 1993/1993/1993
f 1924/1924/1924 1991/1991/1991 1999/1999/1999
f 2003/2003/2003 1925/1925/1925 1924/1924/1924
f 1924/1924/1924 1997/1997/1997 2003/2003/2003
f 1926/1926/1926 2009/2009/2009 2007/2007/2007
f 1928/1928/1928 2022/2022/2022 1929/1929/1929
f 1927/1927/1927 1926/1926/1926 2007/2007/2007
f 1990/1990/1990 1988/1988/1988 1923/1923/1923
f 1925/1925/1925 2006/2006/2006 1926/1926/1926
f 1923/1923/1923 1991/1991/1991 1924/1924/1924
f 1990/1990/1990 1923/1923/1923 1922/1922/1922
f 1922/1922/1922 1987/1987/1987 1990/1990/1990
f 1921/1921/1921 1981/1981/1981 1987/1987/1987
f 1987/1987/1987 1922/1922/1922 1921/1921/1921
f 1921/1921/1921 1975/1975/1975 1983/1983/1983
f 1920/1920/1920 1977/1977/1977 1975/1975/1975
f 1921/1921/1921 1983/1983/1983 1981/1981/1981
f 1920/1920/1920 1975/1975/1975 1921/1921/1921
f 1919/1919/1919 1974/1974/1974 1972/1972/1972
f 1972/1972/1972 1920/1920/1920 1919/1919/1919
f 2239/2239/2239 1974/1974/1974 1919/1919/1919
f 1920/1920/1920 1972/1972/1972 1977/1977/1977
f 2259/2259/2259 2331/2331/2331 2335/2335/2335
f 2335/2335/2335 2333/2333/2333 2259/2259/2259
f 2333/2333/2333 2335/2335/2335 2334/2334/2334
f 2334/2334/2334 2258/2258/2258 2333/2333/2333
f 2260/2260/2260 2328/2328/2328 2332/2332/2332
f 2332/2332/2332 2330/2330/2330 2260/2260/2260
f 2330/2330/2330 2332/2332/2332 2331/2331/2331
f 2331/2331/2331 2259/2259/2259 2330/2330/2330
f 2261/2261/2261 2326/2326/2326 2329/2329/2329
f 2329/2329/2329 2327/2327/2327 2261/2261/2261
f 2327/2327/2327 2329/2329/2329 2328/2328/2328
f 2328/2328/2328 2260/2260/2260 2327/2327/2327
f 2263/2263/2263 2338/2338/2338 2340/2340/2340
f 2340/2340/2340 2337/2337/2337 2263/2263/2263
f 2338/2338/2338 2258/2258/2258 2336/2336/2336
f 2336/2336/2336 2340/2340/2340 2338/2338/2338
f 2337/2337/2337 2340/2340/2340 2339/2339/2339
f 2339/2339/2339 2262/2262/2262 2337/2337/2337
f 2264/2264/2264 2446/2446/2446 2449/2449/2449
f 2449/2449/2449 2447/2447/2447 2264/2264/2264
f 2449/2449/2449 2325/2325/2325 2261/2261/2261
f 2261/2261/2261 2448/2448/2448 2449/2449/2449
f 2447/2447/2447 2449/2449/2449 2448/2448/2448
f 2265/2265/2265 2343/2343/2343 2344/2344/2344
f 2344/2344/2344 2342/2342/2342 2265/2265/2265
f 2343/2343/2343 2262/2262/2262 2341/2341/2341
f 2341/2341/2341 2344/2344/2344 2343/2343/2343
f 2445/2445/2445 2443/2443/2443 2264/2264/2264
f 2264/2264/2264 2444/2444/2444 2445/2445/2445
f 2440/2440/2440 2445/2445/2445 2444/2444/2444
f 2444/2444/2444 2266/2266/2266 2440/2440/2440
f 2267/2267/2267 2346/2346/2346 2347/2347/2347
f 2347/2347/2347 2345/2345/2345 2267/2267/2267
f 2346/2346/2346 2265/2265/2265 2342/2342/2342
f 2342/2342/2342 2347/2347/2347 2346/2346/2346
f 2442/2442/2442 2440/2440/2440 2266/2266/2266
f 2266/2266/2266 2441/2441/2441 2442/2442/2442
f 2437/2437/2437 2442/2442/2442 2441/2441/2441
f 2441/2441/2441 2268/2268/2268 2437/2437/2437
f 2269/2269/2269 2349/2349/2349 2350/2350/2350
f 2350/2350/2350 2348/2348/2348 2269/2269/2269
f 2349/2349/2349 2267/2267/2267 2345/2345/2345
f 2345/2345/2345 2350/2350/2350 2349/2349/2349
f 2439/2439/2439 2437/2437/2437 2268/2268/2268
f 2268/2268/2268 2438/2438/2438 2439/2439/2439
f 2436/2436/2436 2439/2439/2439 2438/2438/2438
f 2438/2438/2438 2271/2271/2271 2436/2436/2436
f 2272/2272/2272 2353/2353/2353 2355/2355/2355
f 2355/2355/2355 2352/2352/2352 2272/2272/2272
f 2354/2354/2354 2355/2355/2355 2353/2353/2353
f 2355/2355/2355 2354/2354/2354 2269/2269/2269
f 2269/2269/2269 2351/2351/2351 2355/2355/2355
f 2432/2432/2432 2271/2271/2271 2433/2433/2433
f 2433/2433/2433 2435/2435/2435 2432/2432/2432
f 2435/2435/2435 2433/2433/2433 2270/2270/2270
f 2270/2270/2270 2434/2434/2434 2435/2435/2435
f 2431/2431/2431 2435/2435/2435 2434/2434/2434
f 2434/2434/2434 2275/2275/2275 2431/2431/2431
f 2422/2422/2422 2273/2273/2273 2423/2423/2423
f 2423/2423/2423 2424/2424/2424 2422/2422/2422
f 2424/2424/2424 2423/2423/2423 2272/2272/2272
f 2272/2272/2272 2356/2356/2356 2424/2424/2424
f 2425/2425/2425 2274/2274/2274 2426/2426/2426
f 2426/2426/2426 2427/2427/2427 2425/2425/2425
f 2427/2427/2427 2426/2426/2426 2273/2273/2273
f 2273/2273/2273 2422/2422/2422 2427/2427/2427
f 2428/2428/2428 2275/2275/2275 2429/2429/2429
f 2429/2429/2429 2430/2430/2430 2428/2428/2428
f 2430/2430/2430 2429/2429/2429 2274/2274/2274
f 2274/2274/2274 2425/2425/2425 2430/2430/2430
f 2258/2258/2258 2295/2295/2295 2296/2296/2296
f 2296/2296/2296 2297/2297/2297 2336/2336/2336
f 2334/2334/2334 2294/2294/2294 2295/2295/2295
f 2295/2295/2295 2258/2258/2258 2334/2334/2334
f 2293/2293/2293 2294/2294/2294 2334/2334/2334
f 2336/2336/2336 2297/2297/2297 2298/2298/2298
f 2339/2339/2339 2300/2300/2300 2301/2301/2301
f 2302/2302/2302 2339/2339/2339 2301/2301/2301
f 2299/2299/2299 2300/2300/2300 2339/2339/2339
f 2340/2340/2340 2336/2336/2336 2299/2299/2299
f 2298/2298/2298 2299/2299/2299 2336/2336/2336
f 2339/2339/2339 2340/2340/2340 2299/2299/2299
f 2336/2336/2336 2258/2258/2258 2296/2296/2296
f 2291/2291/2291 2331/2331/2331 2290/2290/2290
f 2335/2335/2335 2291/2291/2291 2292/2292/2292
f 2289/2289/2289 2331/2331/2331 2288/2288/2288
f 2289/2289/2289 2290/2290/2290 2331/2331/2331
f 2335/2335/2335 2292/2292/2292 2293/2293/2293
f 2334/2334/2334 2335/2335/2335 2293/2293/2293
f 2338/2338/2338 2333/2333/2333 2258/2258/2258
f 2333/2333/2333 2372/2372/2372 2259/2259/2259
f 2332/2332/2332 2288/2288/2288 2331/2331/2331
f 2372/2372/2372 2333/2333/2333 2338/2338/2338
f 2291/2291/2291 2335/2335/2335 2331/2331/2331
f 2305/2305/2305 2341/2341/2341 2304/2304/2304
f 2306/2306/2306 2344/2344/2344 2305/2305/2305
f 2303/2303/2303 2304/2304/2304 2341/2341/2341
f 2344/2344/2344 2341/2341/2341 2305/2305/2305
f 2262/2262/2262 2303/2303/2303 2341/2341/2341
f 2344/2344/2344 2306/2306/2306 2307/2307/2307
f 2310/2310/2310 2342/2342/2342 2309/2309/2309
f 2310/2310/2310 2347/2347/2347 2342/2342/2342
f 2342/2342/2342 2307/2307/2307 2308/2308/2308
f 2309/2309/2309 2342/2342/2342 2308/2308/2308
f 2344/2344/2344 2307/2307/2307 2342/2342/2342
f 2347/2347/2347 2310/2310/2310 2311/2311/2311
f 2262/2262/2262 2302/2302/2302 2303/2303/2303
f 2337/2337/2337 2370/2370/2370 2263/2263/2263
f 2372/2372/2372 2338/2338/2338 2371/2371/2371
f 2371/2371/2371 2338/2338/2338 2263/2263/2263
f 2263/2263/2263 2370/2370/2370 2371/2371/2371
f 2343/2343/2343 2337/2337/2337 2262/2262/2262
f 2339/2339/2339 2302/2302/2302 2262/2262/2262
f 2369/2369/2369 2343/2343/2343 2265/2265/2265
f 2370/2370/2370 2343/2343/2343 2369/2369/2369
f 2346/2346/2346 2369/2369/2369 2265/2265/2265
f 2337/2337/2337 2343/2343/2343 2370/2370/2370
f 2347/2347/2347 2311/2311/2311 2312/2312/2312
f 2372/2372/2372 2330/2330/2330 2259/2259/2259
f 2284/2284/2284 2285/2285/2285 2328/2328/2328
f 2328/2328/2328 2285/2285/2285 2286/2286/2286
f 2282/2282/2282 2283/2283/2283 2329/2329/2329
f 2283/2283/2283 2284/2284/2284 2328/2328/2328
f 2332/2332/2332 2286/2286/2286 2287/2287/2287
f 2286/2286/2286 2332/2332/2332 2328/2328/2328
f 2327/2327/2327 2448/2448/2448 2261/2261/2261
f 2281/2281/2281 2282/2282/2282 2329/2329/2329
f 2374/2374/2374 2327/2327/2327 2260/2260/2260
f 2283/2283/2283 2328/2328/2328 2329/2329/2329
f 2332/2332/2332 2287/2287/2287 2288/2288/2288
f 2280/2280/2280 2281/2281/2281 2326/2326/2326
f 2326/2326/2326 2281/2281/2281 2329/2329/2329
f 2279/2279/2279 2280/2280/2280 2326/2326/2326
f 2278/2278/2278 2279/2279/2279 2261/2261/2261
f 2325/2325/2325 2277/2277/2277 2278/2278/2278
f 2326/2326/2326 2261/2261/2261 2279/2279/2279
f 2276/2276/2276 2277/2277/2277 2325/2325/2325
f 2261/2261/2261 2325/2325/2325 2278/2278/2278
f 2421/2421/2421 2325/2325/2325 2449/2449/2449
f 2421/2421/2421 2276/2276/2276 2325/2325/2325
f 2420/2420/2420 2421/2421/2421 2446/2446/2446
f 2446/2446/2446 2419/2419/2419 2420/2420/2420
f 2373/2373/2373 2260/2260/2260 2330/2330/2330
f 2448/2448/2448 2327/2327/2327 2374/2374/2374
f 2373/2373/2373 2374/2374/2374 2260/2260/2260
f 2357/2357/2357 2447/2447/2447 2448/2448/2448
f 2421/2421/2421 2449/2449/2449 2446/2446/2446
f 2357/2357/2357 2448/2448/2448 2374/2374/2374
f 2266/2266/2266 2358/2358/2358 2359/2359/2359
f 2358/2358/2358 2444/2444/2444 2447/2447/2447
f 2444/2444/2444 2264/2264/2264 2447/2447/2447
f 2358/2358/2358 2266/2266/2266 2444/2444/2444
f 2357/2357/2357 2358/2358/2358 2447/2447/2447
f 2418/2418/2418 2446/2446/2446 2264/2264/2264
f 2418/2418/2418 2264/2264/2264 2417/2417/2417
f 2417/2417/2417 2264/2264/2264 2443/2443/2443
f 2416/2416/2416 2417/2417/2417 2443/2443/2443
f 2416/2416/2416 2443/2443/2443 2415/2415/2415
f 2445/2445/2445 2414/2414/2414 2415/2415/2415
f 2445/2445/2445 2415/2415/2415 2443/2443/2443
f 2413/2413/2413 2445/2445/2445 2440/2440/2440
f 2412/2412/2412 2413/2413/2413 2440/2440/2440
f 2414/2414/2414 2445/2445/2445 2413/2413/2413
f 2412/2412/2412 2440/2440/2440 2411/2411/2411
f 2410/2410/2410 2411/2411/2411 2440/2440/2440
f 2442/2442/2442 2410/2410/2410 2440/2440/2440
f 2359/2359/2359 2441/2441/2441 2266/2266/2266
f 2419/2419/2419 2446/2446/2446 2418/2418/2418
f 2373/2373/2373 2330/2330/2330 2372/2372/2372
f 2346/2346/2346 2368/2368/2368 2369/2369/2369
f 2313/2313/2313 2345/2345/2345 2312/2312/2312
f 2314/2314/2314 2345/2345/2345 2313/2313/2313
f 2350/2350/2350 2345/2345/2345 2315/2315/2315
f 2314/2314/2314 2315/2315/2315 2345/2345/2345
f 2316/2316/2316 2350/2350/2350 2315/2315/2315
f 2348/2348/2348 2350/2350/2350 2317/2317/2317
f 2318/2318/2318 2348/2348/2348 2317/2317/2317
f 2319/2319/2319 2269/2269/2269 2348/2348/2348
f 2318/2318/2318 2319/2319/2319 2348/2348/2348
f 2316/2316/2316 2317/2317/2317 2350/2350/2350
f 2269/2269/2269 2319/2319/2319 2320/2320/2320
f 2367/2367/2367 2267/2267/2267 2349/2349/2349
f 2354/2354/2354 2367/2367/2367 2349/2349/2349
f 2368/2368/2368 2267/2267/2267 2367/2367/2367
f 2354/2354/2354 2366/2366/2366 2367/2367/2367
f 2269/2269/2269 2354/2354/2354 2349/2349/2349
f 2267/2267/2267 2368/2368/2368 2346/2346/2346
f 2323/2323/2323 2355/2355/2355 2351/2351/2351
f 2273/2273/2273 2364/2364/2364 2365/2365/2365
f 2353/2353/2353 2365/2365/2365 2366/2366/2366
f 2353/2353/2353 2423/2423/2423 2365/2365/2365
f 2354/2354/2354 2353/2353/2353 2366/2366/2366
f 2351/2351/2351 2269/2269/2269 2320/2320/2320
f 2351/2351/2351 2320/2320/2320 2321/2321/2321
f 2351/2351/2351 2322/2322/2322 2323/2323/2323
f 2352/2352/2352 2355/2355/2355 2323/2323/2323
f 2376/2376/2376 2272/2272/2272 2352/2352/2352
f 2323/2323/2323 2324/2324/2324 2352/2352/2352
f 2324/2324/2324 2375/2375/2375 2352/2352/2352
f 2353/2353/2353 2272/2272/2272 2423/2423/2423
f 2272/2272/2272 2376/2376/2376 2377/2377/2377
f 2356/2356/2356 2272/2272/2272 2377/2377/2377
f 2379/2379/2379 2356/2356/2356 2378/2378/2378
f 2377/2377/2377 2378/2378/2378 2356/2356/2356
f 2375/2375/2375 2376/2376/2376 2352/2352/2352
f 2379/2379/2379 2424/2424/2424 2356/2356/2356
f 2423/2423/2423 2273/2273/2273 2365/2365/2365
f 2384/2384/2384 2427/2427/2427 2422/2422/2422
f 2422/2422/2422 2424/2424/2424 2381/2381/2381
f 2273/2273/2273 2426/2426/2426 2364/2364/2364
f 2422/2422/2422 2381/2381/2381 2382/2382/2382
f 2422/2422/2422 2382/2382/2382 2383/2383/2383
f 2384/2384/2384 2385/2385/2385 2427/2427/2427
f 2384/2384/2384 2422/2422/2422 2383/2383/2383
f 2381/2381/2381 2424/2424/2424 2380/2380/2380
f 2424/2424/2424 2379/2379/2379 2380/2380/2380
f 2386/2386/2386 2427/2427/2427 2385/2385/2385
f 2322/2322/2322 2351/2351/2351 2321/2321/2321
f 2363/2363/2363 2364/2364/2364 2426/2426/2426
f 2360/2360/2360 2268/2268/2268 2441/2441/2441
f 2360/2360/2360 2441/2441/2441 2359/2359/2359
f 2361/2361/2361 2438/2438/2438 2360/2360/2360
f 2360/2360/2360 2438/2438/2438 2268/2268/2268
f 2438/2438/2438 2361/2361/2361 2433/2433/2433
f 2434/2434/2434 2270/2270/2270 2362/2362/2362
f 2361/2361/2361 2270/2270/2270 2433/2433/2433
f 2400/2400/2400 2271/2271/2271 2432/2432/2432
f 2433/2433/2433 2271/2271/2271 2438/2438/2438
f 2363/2363/2363 2434/2434/2434 2362/2362/2362
f 2270/2270/2270 2361/2361/2361 2362/2362/2362
f 2271/2271/2271 2400/2400/2400 2401/2401/2401
f 2406/2406/2406 2437/2437/2437 2405/2405/2405
f 2439/2439/2439 2405/2405/2405 2437/2437/2437
f 2407/2407/2407 2437/2437/2437 2406/2406/2406
f 2442/2442/2442 2408/2408/2408 2409/2409/2409
f 2407/2407/2407 2408/2408/2408 2437/2437/2437
f 2437/2437/2437 2408/2408/2408 2442/2442/2442
f 2436/2436/2436 2403/2403/2403 2439/2439/2439
f 2271/2271/2271 2401/2401/2401 2436/2436/2436
f 2401/2401/2401 2402/2402/2402 2436/2436/2436
f 2404/2404/2404 2439/2439/2439 2403/2403/2403
f 2402/2402/2402 2403/2403/2403 2436/2436/2436
f 2405/2405/2405 2439/2439/2439 2404/2404/2404
f 2410/2410/2410 2442/2442/2442 2409/2409/2409
f 2363/2363/2363 2429/2429/2429 2434/2434/2434
f 2434/2434/2434 2429/2429/2429 2275/2275/2275
f 2430/2430/2430 2425/2425/2425 2389/2389/2389
f 2274/2274/2274 2429/2429/2429 2363/2363/2363
f 2425/2425/2425 2387/2387/2387 2388/2388/2388
f 2425/2425/2425 2388/2388/2388 2389/2389/2389
f 2430/2430/2430 2390/2390/2390 2391/2391/2391
f 2390/2390/2390 2430/2430/2430 2389/2389/2389
f 2386/2386/2386 2387/2387/2387 2425/2425/2425
f 2274/2274/2274 2363/2363/2363 2426/2426/2426
f 2391/2391/2391 2428/2428/2428 2430/2430/2430
f 2397/2397/2397 2435/2435/2435 2431/2431/2431
f 2396/2396/2396 2397/2397/2397 2431/2431/2431
f 2432/2432/2432 2435/2435/2435 2397/2397/2397
f 2399/2399/2399 2432/2432/2432 2398/2398/2398
f 2397/2397/2397 2398/2398/2398 2432/2432/2432
f 2400/2400/2400 2432/2432/2432 2399/2399/2399
f 2393/2393/2393 2428/2428/2428 2392/2392/2392
f 2391/2391/2391 2392/2392/2392 2428/2428/2428
f 2275/2275/2275 2393/2393/2393 2394/2394/2394
f 2431/2431/2431 2395/2395/2395 2396/2396/2396
f 2395/2395/2395 2431/2431/2431 2394/2394/2394
f 2431/2431/2431 2275/2275/2275 2394/2394/2394
f 2428/2428/2428 2393/2393/2393 2275/2275/2275
f 2427/2427/2427 2386/2386/2386 2425/2425/2425
f 2347/2347/2347 2312/2312/2312 2345/2345/2345
f 2795/2795/2795 2794/2794/2794 2792/2792/2792
f 2792/2792/2792 2793/2793/2793 2795/2795/2795
f 2788/2788/2788 2782/2782/2782 2794/2794/2794
f 2794/2794/2794 2795/2795/2795 2788/2788/2788
f 2793/2793/2793 2792/2792/2792 2796/2796/2796
f 2796/2796/2796 2797/2797/2797 2793/2793/2793
f 2794/2794/2794 2791/2791/2791 2792/2792/2792
f 2451/2451/2451 2794/2794/2794 2782/2782/2782
f 2791/2791/2791 2794/2794/2794 2451/2451/2451
f 2787/2787/2787 2786/2786/2786 2784/2784/2784
f 2784/2784/2784 2785/2785/2785 2787/2787/2787
f 2779/2779/2779 2775/2775/2775 2786/2786/2786
f 2786/2786/2786 2787/2787/2787 2779/2779/2779
f 2790/2790/2790 2789/2789/2789 2782/2782/2782
f 2782/2782/2782 2788/2788/2788 2790/2790/2790
f 2785/2785/2785 2784/2784/2784 2789/2789/2789
f 2789/2789/2789 2790/2790/2790 2785/2785/2785
f 2789/2789/2789 2451/2451/2451 2782/2782/2782
f 2783/2783/2783 2789/2789/2789 2784/2784/2784
f 2451/2451/2451 2789/2789/2789 2783/2783/2783
f 2786/2786/2786 2783/2783/2783 2784/2784/2784
f 2452/2452/2452 2786/2786/2786 2775/2775/2775
f 2783/2783/2783 2786/2786/2786 2452/2452/2452
f 2781/2781/2781 2780/2780/2780 2775/2775/2775
f 2775/2775/2775 2779/2779/2779 2781/2781/2781
f 2778/2778/2778 2777/2777/2777 2780/2780/2780
f 2780/2780/2780 2781/2781/2781 2778/2778/2778
f 2780/2780/2780 2452/2452/2452 2775/2775/2775
f 2776/2776/2776 2780/2780/2780 2777/2777/2777
f 2452/2452/2452 2780/2780/2780 2776/2776/2776
f 2766/2766/2766 2453/2453/2453 2776/2776/2776
f 2776/2776/2776 2777/2777/2777 2766/2766/2766
f 2771/2771/2771 2770/2770/2770 2768/2768/2768
f 2768/2768/2768 2769/2769/2769 2771/2771/2771
f 2763/2763/2763 2756/2756/2756 2770/2770/2770
f 2770/2770/2770 2771/2771/2771 2763/2763/2763
f 2774/2774/2774 2773/2773/2773 2766/2766/2766
f 2766/2766/2766 2772/2772/2772 2774/2774/2774
f 2769/2769/2769 2768/2768/2768 2773/2773/2773
f 2773/2773/2773 2774/2774/2774 2769/2769/2769
f 2773/2773/2773 2453/2453/2453 2766/2766/2766
f 2767/2767/2767 2773/2773/2773 2768/2768/2768
f 2453/2453/2453 2773/2773/2773 2767/2767/2767
f 2770/2770/2770 2767/2767/2767 2768/2768/2768
f 2454/2454/2454 2770/2770/2770 2756/2756/2756
f 2767/2767/2767 2770/2770/2770 2454/2454/2454
f 2762/2762/2762 2761/2761/2761 2758/2758/2758
f 2758/2758/2758 2760/2760/2760 2762/2762/2762
f 2759/2759/2759 2750/2750/2750 2761/2761/2761
f 2761/2761/2761 2762/2762/2762 2759/2759/2759
f 2765/2765/2765 2764/2764/2764 2756/2756/2756
f 2756/2756/2756 2763/2763/2763 2765/2765/2765
f 2760/2760/2760 2758/2758/2758 2764/2764/2764
f 2764/2764/2764 2765/2765/2765 2760/2760/2760
f 2764/2764/2764 2454/2454/2454 2756/2756/2756
f 2757/2757/2757 2764/2764/2764 2758/2758/2758
f 2454/2454/2454 2764/2764/2764 2757/2757/2757
f 2761/2761/2761 2757/2757/2757 2758/2758/2758
f 2455/2455/2455 2761/2761/2761 2750/2750/2750
f 2757/2757/2757 2761/2761/2761 2455/2455/2455
f 2755/2755/2755 2754/2754/2754 2752/2752/2752
f 2752/2752/2752 2753/2753/2753 2755/2755/2755
f 2747/2747/2747 2740/2740/2740 2754/2754/2754
f 2754/2754/2754 2755/2755/2755 2747/2747/2747
f 2752/2752/2752 2751/2751/2751 2455/2455/2455
f 2455/2455/2455 2750/2750/2750 2752/2752/2752
f 2754/2754/2754 2751/2751/2751 2752/2752/2752
f 2456/2456/2456 2754/2754/2754 2740/2740/2740
f 2751/2751/2751 2754/2754/2754 2456/2456/2456
f 2746/2746/2746 2745/2745/2745 2742/2742/2742
f 2742/2742/2742 2744/2744/2744 2746/2746/2746
f 2743/2743/2743 2734/2734/2734 2745/2745/2745
f 2745/2745/2745 2746/2746/2746 2743/2743/2743
f 2749/2749/2749 2748/2748/2748 2740/2740/2740
f 2740/2740/2740 2747/2747/2747 2749/2749/2749
f 2744/2744/2744 2742/2742/2742 2748/2748/2748
f 2748/2748/2748 2749/2749/2749 2744/2744/2744
f 2748/2748/2748 2456/2456/2456 2740/2740/2740
f 2741/2741/2741 2748/2748/2748 2742/2742/2742
f 2456/2456/2456 2748/2748/2748 2741/2741/2741
f 2745/2745/2745 2741/2741/2741 2742/2742/2742
f 2457/2457/2457 2745/2745/2745 2734/2734/2734
f 2741/2741/2741 2745/2745/2745 2457/2457/2457
f 2739/2739/2739 2738/2738/2738 2736/2736/2736
f 2736/2736/2736 2737/2737/2737 2739/2739/2739
f 2731/2731/2731 2724/2724/2724 2738/2738/2738
f 2738/2738/2738 2739/2739/2739 2731/2731/2731
f 2736/2736/2736 2735/2735/2735 2457/2457/2457
f 2457/2457/2457 2734/2734/2734 2736/2736/2736
f 2738/2738/2738 2735/2735/2735 2736/2736/2736
f 2458/2458/2458 2738/2738/2738 2724/2724/2724
f 2735/2735/2735 2738/2738/2738 2458/2458/2458
f 2730/2730/2730 2729/2729/2729 2726/2726/2726
f 2726/2726/2726 2728/2728/2728 2730/2730/2730
f 2727/2727/2727 2718/2718/2718 2729/2729/2729
f 2729/2729/2729 2730/2730/2730 2727/2727/2727
f 2733/2733/2733 2732/2732/2732 2724/2724/2724
f 2724/2724/2724 2731/2731/2731 2733/2733/2733
f 2728/2728/2728 2726/2726/2726 2732/2732/2732
f 2732/2732/2732 2733/2733/2733 2728/2728/2728
f 2732/2732/2732 2458/2458/2458 2724/2724/2724
f 2725/2725/2725 2732/2732/2732 2726/2726/2726
f 2458/2458/2458 2732/2732/2732 2725/2725/2725
f 2729/2729/2729 2725/2725/2725 2726/2726/2726
f 2459/2459/2459 2729/2729/2729 2718/2718/2718
f 2725/2725/2725 2729/2729/2729 2459/2459/2459
f 2723/2723/2723 2722/2722/2722 2720/2720/2720
f 2720/2720/2720 2721/2721/2721 2723/2723/2723
f 2715/2715/2715 2709/2709/2709 2722/2722/2722
f 2722/2722/2722 2723/2723/2723 2715/2715/2715
f 2720/2720/2720 2719/2719/2719 2459/2459/2459
f 2459/2459/2459 2718/2718/2718 2720/2720/2720
f 2722/2722/2722 2719/2719/2719 2720/2720/2720
f 2460/2460/2460 2722/2722/2722 2709/2709/2709
f 2719/2719/2719 2722/2722/2722 2460/2460/2460
f 2714/2714/2714 2713/2713/2713 2711/2711/2711
f 2711/2711/2711 2712/2712/2712 2714/2714/2714
f 2706/2706/2706 2702/2702/2702 2713/2713/2713
f 2713/2713/2713 2714/2714/2714 2706/2706/2706
f 2717/2717/2717 2716/2716/2716 2709/2709/2709
f 2709/2709/2709 2715/2715/2715 2717/2717/2717
f 2712/2712/2712 2711/2711/2711 2716/2716/2716
f 2716/2716/2716 2717/2717/2717 2712/2712/2712
f 2716/2716/2716 2460/2460/2460 2709/2709/2709
f 2710/2710/2710 2716/2716/2716 2711/2711/2711
f 2460/2460/2460 2716/2716/2716 2710/2710/2710
f 2713/2713/2713 2710/2710/2710 2711/2711/2711
f 2461/2461/2461 2713/2713/2713 2702/2702/2702
f 2710/2710/2710 2713/2713/2713 2461/2461/2461
f 2708/2708/2708 2707/2707/2707 2702/2702/2702
f 2702/2702/2702 2706/2706/2706 2708/2708/2708
f 2705/2705/2705 2704/2704/2704 2707/2707/2707
f 2707/2707/2707 2708/2708/2708 2705/2705/2705
f 2707/2707/2707 2461/2461/2461 2702/2702/2702
f 2703/2703/2703 2707/2707/2707 2704/2704/2704
f 2461/2461/2461 2707/2707/2707 2703/2703/2703
f 2693/2693/2693 2462/2462/2462 2703/2703/2703
f 2703/2703/2703 2704/2704/2704 2693/2693/2693
f 2698/2698/2698 2697/2697/2697 2695/2695/2695
f 2695/2695/2695 2696/2696/2696 2698/2698/2698
f 2690/2690/2690 2686/2686/2686 2697/2697/2697
f 2697/2697/2697 2698/2698/2698 2690/2690/2690
f 2701/2701/2701 2700/2700/2700 2693/2693/2693
f 2693/2693/2693 2699/2699/2699 2701/2701/2701
f 2696/2696/2696 2695/2695/2695 2700/2700/2700
f 2700/2700/2700 2701/2701/2701 2696/2696/2696
f 2700/2700/2700 2462/2462/2462 2693/2693/2693
f 2694/2694/2694 2700/2700/2700 2695/2695/2695
f 2462/2462/2462 2700/2700/2700 2694/2694/2694
f 2697/2697/2697 2694/2694/2694 2695/2695/2695
f 2463/2463/2463 2697/2697/2697 2686/2686/2686
f 2694/2694/2694 2697/2697/2697 2463/2463/2463
f 2692/2692/2692 2691/2691/2691 2686/2686/2686
f 2686/2686/2686 2690/2690/2690 2692/2692/2692
f 2689/2689/2689 2688/2688/2688 2691/2691/2691
f 2691/2691/2691 2692/2692/2692 2689/2689/2689
f 2691/2691/2691 2463/2463/2463 2686/2686/2686
f 2687/2687/2687 2691/2691/2691 2688/2688/2688
f 2463/2463/2463 2691/2691/2691 2687/2687/2687
f 2677/2677/2677 2464/2464/2464 2687/2687/2687
f 2687/2687/2687 2688/2688/2688 2677/2677/2677
f 2682/2682/2682 2681/2681/2681 2679/2679/2679
f 2679/2679/2679 2680/2680/2680 2682/2682/2682
f 2674/2674/2674 2670/2670/2670 2681/2681/2681
f 2681/2681/2681 2682/2682/2682 2674/2674/2674
f 2685/2685/2685 2684/2684/2684 2677/2677/2677
f 2677/2677/2677 2683/2683/2683 2685/2685/2685
f 2680/2680/2680 2679/2679/2679 2684/2684/2684
f 2684/2684/2684 2685/2685/2685 2680/2680/2680
f 2684/2684/2684 2464/2464/2464 2677/2677/2677
f 2678/2678/2678 2684/2684/2684 2679/2679/2679
f 2464/2464/2464 2684/2684/2684 2678/2678/2678
f 2681/2681/2681 2678/2678/2678 2679/2679/2679
f 2465/2465/2465 2681/2681/2681 2670/2670/2670
f 2678/2678/2678 2681/2681/2681 2465/2465/2465
f 2676/2676/2676 2675/2675/2675 2670/2670/2670
f 2670/2670/2670 2674/2674/2674 2676/2676/2676
f 2673/2673/2673 2672/2672/2672 2675/2675/2675
f 2675/2675/2675 2676/2676/2676 2673/2673/2673
f 2675/2675/2675 2465/2465/2465 2670/2670/2670
f 2671/2671/2671 2675/2675/2675 2672/2672/2672
f 2465/2465/2465 2675/2675/2675 2671/2671/2671
f 2661/2661/2661 2466/2466/2466 2671/2671/2671
f 2671/2671/2671 2672/2672/2672 2661/2661/2661
f 2666/2666/2666 2665/2665/2665 2663/2663/2663
f 2663/2663/2663 2664/2664/2664 2666/2666/2666
f 2658/2658/2658 2652/2652/2652 2665/2665/2665
f 2665/2665/2665 2666/2666/2666 2658/2658/2658
f 2669/2669/2669 2668/2668/2668 2661/2661/2661
f 2661/2661/2661 2667/2667/2667 2669/2669/2669
f 2664/2664/2664 2663/2663/2663 2668/2668/2668
f 2668/2668/2668 2669/2669/2669 2664/2664/2664
f 2668/2668/2668 2466/2466/2466 2661/2661/2661
f 2662/2662/2662 2668/2668/2668 2663/2663/2663
f 2466/2466/2466 2668/2668/2668 2662/2662/2662
f 2665/2665/2665 2662/2662/2662 2663/2663/2663
f 2467/2467/2467 2665/2665/2665 2652/2652/2652
f 2662/2662/2662 2665/2665/2665 2467/2467/2467
f 2657/2657/2657 2656/2656/2656 2654/2654/2654
f 2654/2654/2654 2655/2655/2655 2657/2657/2657
f 2649/2649/2649 2645/2645/2645 2656/2656/2656
f 2656/2656/2656 2657/2657/2657 2649/2649/2649
f 2660/2660/2660 2659/2659/2659 2652/2652/2652
f 2652/2652/2652 2658/2658/2658 2660/2660/2660
f 2655/2655/2655 2654/2654/2654 2659/2659/2659
f 2659/2659/2659 2660/2660/2660 2655/2655/2655
f 2659/2659/2659 2467/2467/2467 2652/2652/2652
f 2653/2653/2653 2659/2659/2659 2654/2654/2654
f 2467/2467/2467 2659/2659/2659 2653/2653/2653
f 2656/2656/2656 2653/2653/2653 2654/2654/2654
f 2468/2468/2468 2656/2656/2656 2645/2645/2645
f 2653/2653/2653 2656/2656/2656 2468/2468/2468
f 2651/2651/2651 2650/2650/2650 2645/2645/2645
f 2645/2645/2645 2649/2649/2649 2651/2651/2651
f 2648/2648/2648 2647/2647/2647 2650/2650/2650
f 2650/2650/2650 2651/2651/2651 2648/2648/2648
f 2650/2650/2650 2468/2468/2468 2645/2645/2645
f 2646/2646/2646 2650/2650/2650 2647/2647/2647
f 2468/2468/2468 2650/2650/2650 2646/2646/2646
f 2636/2636/2636 2469/2469/2469 2646/2646/2646
f 2646/2646/2646 2647/2647/2647 2636/2636/2636
f 2641/2641/2641 2640/2640/2640 2638/2638/2638
f 2638/2638/2638 2639/2639/2639 2641/2641/2641
f 2633/2633/2633 2626/2626/2626 2640/2640/2640
f 2640/2640/2640 2641/2641/2641 2633/2633/2633
f 2644/2644/2644 2643/2643/2643 2636/2636/2636
f 2636/2636/2636 2642/2642/2642 2644/2644/2644
f 2639/2639/2639 2638/2638/2638 2643/2643/2643
f 2643/2643/2643 2644/2644/2644 2639/2639/2639
f 2643/2643/2643 2469/2469/2469 2636/2636/2636
f 2637/2637/2637 2643/2643/2643 2638/2638/2638
f 2469/2469/2469 2643/2643/2643 2637/2637/2637
f 2640/2640/2640 2637/2637/2637 2638/2638/2638
f 2470/2470/2470 2640/2640/2640 2626/2626/2626
f 2637/2637/2637 2640/2640/2640 2470/2470/2470
f 2632/2632/2632 2631/2631/2631 2628/2628/2628
f 2628/2628/2628 2630/2630/2630 2632/2632/2632
f 2629/2629/2629 2620/2620/2620 2631/2631/2631
f 2631/2631/2631 2632/2632/2632 2629/2629/2629
f 2635/2635/2635 2634/2634/2634 2626/2626/2626
f 2626/2626/2626 2633/2633/2633 2635/2635/2635
f 2630/2630/2630 2628/2628/2628 2634/2634/2634
f 2634/2634/2634 2635/2635/2635 2630/2630/2630
f 2634/2634/2634 2470/2470/2470 2626/2626/2626
f 2627/2627/2627 2634/2634/2634 2628/2628/2628
f 2470/2470/2470 2634/2634/2634 2627/2627/2627
f 2631/2631/2631 2627/2627/2627 2628/2628/2628
f 2471/2471/2471 2631/2631/2631 2620/2620/2620
f 2627/2627/2627 2631/2631/2631 2471/2471/2471
f 2625/2625/2625 2624/2624/2624 2622/2622/2622
f 2622/2622/2622 2623/2623/2623 2625/2625/2625
f 2617/2617/2617 2610/2610/2610 2624/2624/2624
f 2624/2624/2624 2625/2625/2625 2617/2617/2617
f 2622/2622/2622 2621/2621/2621 2471/2471/2471
f 2471/2471/2471 2620/2620/2620 2622/2622/2622
f 2624/2624/2624 2621/2621/2621 2622/2622/2622
f 2472/2472/2472 2624/2624/2624 2610/2610/2610
f 2621/2621/2621 2624/2624/2624 2472/2472/2472
f 2616/2616/2616 2615/2615/2615 2612/2612/2612
f 2612/2612/2612 2614/2614/2614 2616/2616/2616
f 2613/2613/2613 2604/2604/2604 2615/2615/2615
f 2615/2615/2615 2616/2616/2616 2613/2613/2613
f 2619/2619/2619 2618/2618/2618 2610/2610/2610
f 2610/2610/2610 2617/2617/2617 2619/2619/2619
f 2614/2614/2614 2612/2612/2612 2618/2618/2618
f 2618/2618/2618 2619/2619/2619 2614/2614/2614
f 2618/2618/2618 2472/2472/2472 2610/2610/2610
f 2611/2611/2611 2618/2618/2618 2612/2612/2612
f 2472/2472/2472 2618/2618/2618 2611/2611/2611
f 2615/2615/2615 2611/2611/2611 2612/2612/2612
f 2473/2473/2473 2615/2615/2615 2604/2604/2604
f 2611/2611/2611 2615/2615/2615 2473/2473/2473
f 2609/2609/2609 2608/2608/2608 2606/2606/2606
f 2606/2606/2606 2607/2607/2607 2609/2609/2609
f 2601/2601/2601 2594/2594/2594 2608/2608/2608
f 2608/2608/2608 2609/2609/2609 2601/2601/2601
f 2606/2606/2606 2605/2605/2605 2473/2473/2473
f 2473/2473/2473 2604/2604/2604 2606/2606/2606
f 2608/2608/2608 2605/2605/2605 2606/2606/2606
f 2474/2474/2474 2608/2608/2608 2594/2594/2594
f 2605/2605/2605 2608/2608/2608 2474/2474/2474
f 2600/2600/2600 2599/2599/2599 2596/2596/2596
f 2596/2596/2596 2598/2598/2598 2600/2600/2600
f 2597/2597/2597 2588/2588/2588 2599/2599/2599
f 2599/2599/2599 2600/2600/2600 2597/2597/2597
f 2603/2603/2603 2602/2602/2602 2594/2594/2594
f 2594/2594/2594 2601/2601/2601 2603/2603/2603
f 2598/2598/2598 2596/2596/2596 2602/2602/2602
f 2602/2602/2602 2603/2603/2603 2598/2598/2598
f 2602/2602/2602 2474/2474/2474 2594/2594/2594
f 2595/2595/2595 2602/2602/2602 2596/2596/2596
f 2474/2474/2474 2602/2602/2602 2595/2595/2595
f 2599/2599/2599 2595/2595/2595 2596/2596/2596
f 2475/2475/2475 2599/2599/2599 2588/2588/2588
f 2595/2595/2595 2599/2599/2599 2475/2475/2475
f 2593/2593/2593 2592/2592/2592 2590/2590/2590
f 2590/2590/2590 2591/2591/2591 2593/2593/2593
f 2585/2585/2585 2579/2579/2579 2592/2592/2592
f 2592/2592/2592 2593/2593/2593 2585/2585/2585
f 2590/2590/2590 2589/2589/2589 2475/2475/2475
f 2475/2475/2475 2588/2588/2588 2590/2590/2590
f 2592/2592/2592 2589/2589/2589 2590/2590/2590
f 2476/2476/2476 2592/2592/2592 2579/2579/2579
f 2589/2589/2589 2592/2592/2592 2476/2476/2476
f 2584/2584/2584 2583/2583/2583 2581/2581/2581
f 2581/2581/2581 2582/2582/2582 2584/2584/2584
f 2576/2576/2576 2572/2572/2572 2583/2583/2583
f 2583/2583/2583 2584/2584/2584 2576/2576/2576
f 2587/2587/2587 2586/2586/2586 2579/2579/2579
f 2579/2579/2579 2585/2585/2585 2587/2587/2587
f 2582/2582/2582 2581/2581/2581 2586/2586/2586
f 2586/2586/2586 2587/2587/2587 2582/2582/2582
f 2586/2586/2586 2476/2476/2476 2579/2579/2579
f 2580/2580/2580 2586/2586/2586 2581/2581/2581
f 2476/2476/2476 2586/2586/2586 2580/2580/2580
f 2583/2583/2583 2580/2580/2580 2581/2581/2581
f 2477/2477/2477 2583/2583/2583 2572/2572/2572
f 2580/2580/2580 2583/2583/2583 2477/2477/2477
f 2578/2578/2578 2577/2577/2577 2572/2572/2572
f 2572/2572/2572 2576/2576/2576 2578/2578/2578
f 2575/2575/2575 2574/2574/2574 2577/2577/2577
f 2577/2577/2577 2578/2578/2578 2575/2575/2575
f 2577/2577/2577 2477/2477/2477 2572/2572/2572
f 2573/2573/2573 2577/2577/2577 2574/2574/2574
f 2477/2477/2477 2577/2577/2577 2573/2573/2573
f 2563/2563/2563 2478/2478/2478 2573/2573/2573
f 2573/2573/2573 2574/2574/2574 2563/2563/2563
f 2568/2568/2568 2567/2567/2567 2565/2565/2565
f 2565/2565/2565 2566/2566/2566 2568/2568/2568
f 2560/2560/2560 2556/2556/2556 2567/2567/2567
f 2567/2567/2567 2568/2568/2568 2560/2560/2560
f 2571/2571/2571 2570/2570/2570 2563/2563/2563
f 2563/2563/2563 2569/2569/2569 2571/2571/2571
f 2566/2566/2566 2565/2565/2565 2570/2570/2570
f 2570/2570/2570 2571/2571/2571 2566/2566/2566
f 2570/2570/2570 2478/2478/2478 2563/2563/2563
f 2564/2564/2564 2570/2570/2570 2565/2565/2565
f 2478/2478/2478 2570/2570/2570 2564/2564/2564
f 2567/2567/2567 2564/2564/2564 2565/2565/2565
f 2479/2479/2479 2567/2567/2567 2556/2556/2556
f 2564/2564/2564 2567/2567/2567 2479/2479/2479
f 2562/2562/2562 2561/2561/2561 2556/2556/2556
f 2556/2556/2556 2560/2560/2560 2562/2562/2562
f 2559/2559/2559 2558/2558/2558 2561/2561/2561
f 2561/2561/2561 2562/2562/2562 2559/2559/2559
f 2561/2561/2561 2479/2479/2479 2556/2556/2556
f 2557/2557/2557 2561/2561/2561 2558/2558/2558
f 2479/2479/2479 2561/2561/2561 2557/2557/2557
f 2547/2547/2547 2480/2480/2480 2557/2557/2557
f 2557/2557/2557 2558/2558/2558 2547/2547/2547
f 2552/2552/2552 2551/2551/2551 2549/2549/2549
f 2549/2549/2549 2550/2550/2550 2552/2552/2552
f 2544/2544/2544 2538/2538/2538 2551/2551/2551
f 2551/2551/2551 2552/2552/2552 2544/2544/2544
f 2555/2555/2555 2554/2554/2554 2547/2547/2547
f 2547/2547/2547 2553/2553/2553 2555/2555/2555
f 2550/2550/2550 2549/2549/2549 2554/2554/2554
f 2554/2554/2554 2555/2555/2555 2550/2550/2550
f 2554/2554/2554 2480/2480/2480 2547/2547/2547
f 2548/2548/2548 2554/2554/2554 2549/2549/2549
f 2480/2480/2480 2554/2554/2554 2548/2548/2548
f 2551/2551/2551 2548/2548/2548 2549/2549/2549
f 2481/2481/2481 2551/2551/2551 2538/2538/2538
f 2548/2548/2548 2551/2551/2551 2481/2481/2481
f 2543/2543/2543 2542/2542/2542 2540/2540/2540
f 2540/2540/2540 2541/2541/2541 2543/2543/2543
f 2546/2546/2546 2545/2545/2545 2538/2538/2538
f 2538/2538/2538 2544/2544/2544 2546/2546/2546
f 2541/2541/2541 2540/2540/2540 2545/2545/2545
f 2545/2545/2545 2546/2546/2546 2541/2541/2541
f 2545/2545/2545 2481/2481/2481 2538/2538/2538
f 2539/2539/2539 2545/2545/2545 2540/2540/2540
f 2481/2481/2481 2545/2545/2545 2539/2539/2539
f 2791/2791/2791 2450/2450/2450 2488/2488/2488
f 2450/2450/2450 2791/2791/2791 2451/2451/2451
f 2451/2451/2451 2798/2798/2798 2450/2450/2450
f 2487/2487/2487 2791/2791/2791 2488/2488/2488
f 2798/2798/2798 2451/2451/2451 2783/2783/2783
f 2798/2798/2798 2452/2452/2452 2776/2776/2776
f 2452/2452/2452 2798/2798/2798 2783/2783/2783
f 2798/2798/2798 2776/2776/2776 2453/2453/2453
f 2453/2453/2453 2799/2799/2799 2798/2798/2798
f 2767/2767/2767 2799/2799/2799 2453/2453/2453
f 2799/2799/2799 2454/2454/2454 2757/2757/2757
f 2757/2757/2757 2800/2800/2800 2799/2799/2799
f 2767/2767/2767 2454/2454/2454 2799/2799/2799
f 2800/2800/2800 2455/2455/2455 2751/2751/2751
f 2800/2800/2800 2751/2751/2751 2456/2456/2456
f 2455/2455/2455 2800/2800/2800 2757/2757/2757
f 2800/2800/2800 2456/2456/2456 2741/2741/2741
f 2741/2741/2741 2801/2801/2801 2800/2800/2800
f 2797/2797/2797 2796/2796/2796 2487/2487/2487
f 2796/2796/2796 2791/2791/2791 2487/2487/2487
f 2486/2486/2486 2797/2797/2797 2487/2487/2487
f 2537/2537/2537 2795/2795/2795 2793/2793/2793
f 2536/2536/2536 2790/2790/2790 2788/2788/2788
f 2536/2536/2536 2785/2785/2785 2790/2790/2790
f 2537/2537/2537 2788/2788/2788 2795/2795/2795
f 2796/2796/2796 2792/2792/2792 2791/2791/2791
f 2537/2537/2537 2793/2793/2793 2797/2797/2797
f 2766/2766/2766 2777/2777/2777 2778/2778/2778
f 2778/2778/2778 2772/2772/2772 2766/2766/2766
f 2535/2535/2535 2779/2779/2779 2787/2787/2787
f 2534/2534/2534 2778/2778/2778 2781/2781/2781
f 2778/2778/2778 2534/2534/2534 2533/2533/2533
f 2533/2533/2533 2772/2772/2772 2778/2778/2778
f 2535/2535/2535 2781/2781/2781 2779/2779/2779
f 2752/2752/2752 2750/2750/2750 2759/2759/2759
f 2759/2759/2759 2753/2753/2753 2752/2752/2752
f 2535/2535/2535 2787/2787/2787 2785/2785/2785
f 2457/2457/2457 2801/2801/2801 2741/2741/2741
f 2801/2801/2801 2735/2735/2735 2458/2458/2458
f 2458/2458/2458 2802/2802/2802 2801/2801/2801
f 2457/2457/2457 2735/2735/2735 2801/2801/2801
f 2802/2802/2802 2725/2725/2725 2459/2459/2459
f 2725/2725/2725 2802/2802/2802 2458/2458/2458
f 2459/2459/2459 2719/2719/2719 2802/2802/2802
f 2803/2803/2803 2719/2719/2719 2460/2460/2460
f 2802/2802/2802 2719/2719/2719 2803/2803/2803
f 2803/2803/2803 2461/2461/2461 2703/2703/2703
f 2703/2703/2703 2804/2804/2804 2803/2803/2803
f 2804/2804/2804 2462/2462/2462 2694/2694/2694
f 2803/2803/2803 2460/2460/2460 2710/2710/2710
f 2804/2804/2804 2703/2703/2703 2462/2462/2462
f 2461/2461/2461 2803/2803/2803 2710/2710/2710
f 2804/2804/2804 2463/2463/2463 2687/2687/2687
f 2687/2687/2687 2805/2805/2805 2804/2804/2804
f 2463/2463/2463 2804/2804/2804 2694/2694/2694
f 2736/2736/2736 2734/2734/2734 2743/2743/2743
f 2743/2743/2743 2737/2737/2737 2736/2736/2736
f 2720/2720/2720 2718/2718/2718 2727/2727/2727
f 2727/2727/2727 2721/2721/2721 2720/2720/2720
f 2805/2805/2805 2464/2464/2464 2678/2678/2678
f 2465/2465/2465 2671/2671/2671 2806/2806/2806
f 2465/2465/2465 2805/2805/2805 2678/2678/2678
f 2677/2677/2677 2688/2688/2688 2689/2689/2689
f 2689/2689/2689 2683/2683/2683 2677/2677/2677
f 2806/2806/2806 2671/2671/2671 2466/2466/2466
f 2464/2464/2464 2805/2805/2805 2687/2687/2687
f 2693/2693/2693 2704/2704/2704 2705/2705/2705
f 2705/2705/2705 2699/2699/2699 2693/2693/2693
f 2805/2805/2805 2465/2465/2465 2806/2806/2806
f 2673/2673/2673 2667/2667/2667 2661/2661/2661
f 2661/2661/2661 2672/2672/2672 2673/2673/2673
f 2533/2533/2533 2769/2769/2769 2774/2774/2774
f 2532/2532/2532 2763/2763/2763 2771/2771/2771
f 2532/2532/2532 2771/2771/2771 2769/2769/2769
f 2531/2531/2531 2760/2760/2760 2765/2765/2765
f 2530/2530/2530 2759/2759/2759 2762/2762/2762
f 2531/2531/2531 2762/2762/2762 2760/2760/2760
f 2531/2531/2531 2765/2765/2765 2763/2763/2763
f 2529/2529/2529 2755/2755/2755 2753/2753/2753
f 2528/2528/2528 2749/2749/2749 2747/2747/2747
f 2529/2529/2529 2747/2747/2747 2755/2755/2755
f 2527/2527/2527 2746/2746/2746 2744/2744/2744
f 2743/2743/2743 2527/2527/2527 2526/2526/2526
f 2526/2526/2526 2737/2737/2737 2743/2743/2743
f 2526/2526/2526 2739/2739/2739 2737/2737/2737
f 2527/2527/2527 2743/2743/2743 2746/2746/2746
f 2528/2528/2528 2744/2744/2744 2749/2749/2749
f 2759/2759/2759 2530/2530/2530 2529/2529/2529
f 2529/2529/2529 2753/2753/2753 2759/2759/2759
f 2486/2486/2486 2537/2537/2537 2797/2797/2797
f 2536/2536/2536 2535/2535/2535 2785/2785/2785
f 2788/2788/2788 2537/2537/2537 2536/2536/2536
f 2531/2531/2531 2763/2763/2763 2532/2532/2532
f 2530/2530/2530 2762/2762/2762 2531/2531/2531
f 2533/2533/2533 2532/2532/2532 2769/2769/2769
f 2781/2781/2781 2535/2535/2535 2534/2534/2534
f 2525/2525/2525 2733/2733/2733 2731/2731/2731
f 2524/2524/2524 2730/2730/2730 2728/2728/2728
f 2728/2728/2728 2525/2525/2525 2524/2524/2524
f 2525/2525/2525 2728/2728/2728 2733/2733/2733
f 2528/2528/2528 2747/2747/2747 2529/2529/2529
f 2525/2525/2525 2731/2731/2731 2739/2739/2739
f 2739/2739/2739 2526/2526/2526 2525/2525/2525
f 2528/2528/2528 2527/2527/2527 2744/2744/2744
f 2533/2533/2533 2774/2774/2774 2772/2772/2772
f 2727/2727/2727 2524/2524/2524 2523/2523/2523
f 2523/2523/2523 2721/2721/2721 2727/2727/2727
f 2522/2522/2522 2715/2715/2715 2723/2723/2723
f 2523/2523/2523 2723/2723/2723 2721/2721/2721
f 2522/2522/2522 2712/2712/2712 2717/2717/2717
f 2521/2521/2521 2706/2706/2706 2714/2714/2714
f 2521/2521/2521 2714/2714/2714 2712/2712/2712
f 2522/2522/2522 2717/2717/2717 2715/2715/2715
f 2520/2520/2520 2705/2705/2705 2708/2708/2708
f 2519/2519/2519 2701/2701/2701 2699/2699/2699
f 2705/2705/2705 2520/2520/2520 2519/2519/2519
f 2519/2519/2519 2699/2699/2699 2705/2705/2705
f 2518/2518/2518 2698/2698/2698 2696/2696/2696
f 2517/2517/2517 2692/2692/2692 2690/2690/2690
f 2517/2517/2517 2689/2689/2689 2692/2692/2692
f 2518/2518/2518 2690/2690/2690 2698/2698/2698
f 2519/2519/2519 2696/2696/2696 2701/2701/2701
f 2521/2521/2521 2708/2708/2708 2706/2706/2706
f 2522/2522/2522 2521/2521/2521 2712/2712/2712
f 2723/2723/2723 2523/2523/2523 2522/2522/2522
f 2689/2689/2689 2517/2517/2517 2516/2516/2516
f 2516/2516/2516 2683/2683/2683 2689/2689/2689
f 2520/2520/2520 2708/2708/2708 2521/2521/2521
f 2518/2518/2518 2696/2696/2696 2519/2519/2519
f 2517/2517/2517 2690/2690/2690 2518/2518/2518
f 2515/2515/2515 2680/2680/2680 2685/2685/2685
f 2515/2515/2515 2674/2674/2674 2682/2682/2682
f 2515/2515/2515 2682/2682/2682 2680/2680/2680
f 2515/2515/2515 2685/2685/2685 2516/2516/2516
f 2514/2514/2514 2673/2673/2673 2676/2676/2676
f 2513/2513/2513 2667/2667/2667 2673/2673/2673
f 2673/2673/2673 2514/2514/2514 2513/2513/2513
f 2674/2674/2674 2515/2515/2515 2514/2514/2514
f 2674/2674/2674 2514/2514/2514 2676/2676/2676
f 2683/2683/2683 2516/2516/2516 2685/2685/2685
f 2730/2730/2730 2524/2524/2524 2727/2727/2727
f 2467/2467/2467 2806/2806/2806 2662/2662/2662
f 2653/2653/2653 2807/2807/2807 2467/2467/2467
f 2806/2806/2806 2467/2467/2467 2807/2807/2807
f 2807/2807/2807 2653/2653/2653 2468/2468/2468
f 2646/2646/2646 2469/2469/2469 2808/2808/2808
f 2646/2646/2646 2807/2807/2807 2468/2468/2468
f 2808/2808/2808 2807/2807/2807 2646/2646/2646
f 2469/2469/2469 2637/2637/2637 2808/2808/2808
f 2808/2808/2808 2637/2637/2637 2470/2470/2470
f 2808/2808/2808 2470/2470/2470 2627/2627/2627
f 2627/2627/2627 2809/2809/2809 2808/2808/2808
f 2809/2809/2809 2472/2472/2472 2611/2611/2611
f 2611/2611/2611 2810/2810/2810 2809/2809/2809
f 2809/2809/2809 2471/2471/2471 2621/2621/2621
f 2809/2809/2809 2621/2621/2621 2472/2472/2472
f 2471/2471/2471 2809/2809/2809 2627/2627/2627
f 2513/2513/2513 2669/2669/2669 2667/2667/2667
f 2512/2512/2512 2666/2666/2666 2664/2664/2664
f 2512/2512/2512 2664/2664/2664 2669/2669/2669
f 2511/2511/2511 2660/2660/2660 2658/2658/2658
f 2510/2510/2510 2657/2657/2657 2655/2655/2655
f 2510/2510/2510 2649/2649/2649 2657/2657/2657
f 2511/2511/2511 2655/2655/2655 2660/2660/2660
f 2512/2512/2512 2658/2658/2658 2666/2666/2666
f 2636/2636/2636 2647/2647/2647 2648/2648/2648
f 2648/2648/2648 2642/2642/2642 2636/2636/2636
f 2509/2509/2509 2648/2648/2648 2651/2651/2651
f 2622/2622/2622 2620/2620/2620 2629/2629/2629
f 2629/2629/2629 2623/2623/2623 2622/2622/2622
f 2508/2508/2508 2644/2644/2644 2642/2642/2642
f 2648/2648/2648 2509/2509/2509 2508/2508/2508
f 2508/2508/2508 2642/2642/2642 2648/2648/2648
f 2510/2510/2510 2651/2651/2651 2649/2649/2649
f 2611/2611/2611 2473/2473/2473 2810/2810/2810
f 2806/2806/2806 2466/2466/2466 2662/2662/2662
f 2605/2605/2605 2810/2810/2810 2473/2473/2473
f 2595/2595/2595 2811/2811/2811 2474/2474/2474
f 2810/2810/2810 2605/2605/2605 2474/2474/2474
f 2810/2810/2810 2474/2474/2474 2811/2811/2811
f 2811/2811/2811 2595/2595/2595 2475/2475/2475
f 2589/2589/2589 2476/2476/2476 2812/2812/2812
f 2589/2589/2589 2811/2811/2811 2475/2475/2475
f 2812/2812/2812 2811/2811/2811 2589/2589/2589
f 2812/2812/2812 2477/2477/2477 2573/2573/2573
f 2573/2573/2573 2813/2813/2813 2812/2812/2812
f 2814/2814/2814 2481/2481/2481 2539/2539/2539
f 2539/2539/2539 2483/2483/2483 2814/2814/2814
f 2564/2564/2564 2813/2813/2813 2478/2478/2478
f 2477/2477/2477 2812/2812/2812 2580/2580/2580
f 2573/2573/2573 2478/2478/2478 2813/2813/2813
f 2483/2483/2483 2539/2539/2539 2484/2484/2484
f 2813/2813/2813 2479/2479/2479 2557/2557/2557
f 2557/2557/2557 2814/2814/2814 2813/2813/2813
f 2476/2476/2476 2580/2580/2580 2812/2812/2812
f 2479/2479/2479 2813/2813/2813 2564/2564/2564
f 2606/2606/2606 2604/2604/2604 2613/2613/2613
f 2613/2613/2613 2607/2607/2607 2606/2606/2606
f 2590/2590/2590 2588/2588/2588 2597/2597/2597
f 2597/2597/2597 2591/2591/2591 2590/2590/2590
f 2814/2814/2814 2480/2480/2480 2548/2548/2548
f 2481/2481/2481 2814/2814/2814 2548/2548/2548
f 2540/2540/2540 2542/2542/2542 2539/2539/2539
f 2543/2543/2543 2485/2485/2485 2542/2542/2542
f 2485/2485/2485 2539/2539/2539 2542/2542/2542
f 2547/2547/2547 2558/2558/2558 2559/2559/2559
f 2559/2559/2559 2553/2553/2553 2547/2547/2547
f 2485/2485/2485 2484/2484/2484 2539/2539/2539
f 2480/2480/2480 2814/2814/2814 2557/2557/2557
f 2563/2563/2563 2574/2574/2574 2575/2575/2575
f 2575/2575/2575 2569/2569/2569 2563/2563/2563
f 2507/2507/2507 2641/2641/2641 2639/2639/2639
f 2506/2506/2506 2635/2635/2635 2633/2633/2633
f 2507/2507/2507 2633/2633/2633 2641/2641/2641
f 2506/2506/2506 2632/2632/2632 2630/2630/2630
f 2629/2629/2629 2505/2505/2505 2504/2504/2504
f 2504/2504/2504 2623/2623/2623 2629/2629/2629
f 2505/2505/2505 2629/2629/2629 2632/2632/2632
f 2506/2506/2506 2630/2630/2630 2635/2635/2635
f 2504/2504/2504 2617/2617/2617 2625/2625/2625
f 2503/2503/2503 2614/2614/2614 2619/2619/2619
f 2503/2503/2503 2619/2619/2619 2617/2617/2617
f 2502/2502/2502 2613/2613/2613 2616/2616/2616
f 2501/2501/2501 2609/2609/2609 2607/2607/2607
f 2501/2501/2501 2601/2601/2601 2609/2609/2609
f 2613/2613/2613 2502/2502/2502 2501/2501/2501
f 2501/2501/2501 2607/2607/2607 2613/2613/2613
f 2502/2502/2502 2616/2616/2616 2614/2614/2614
f 2504/2504/2504 2625/2625/2625 2623/2623/2623
f 2513/2513/2513 2512/2512/2512 2669/2669/2669
f 2511/2511/2511 2510/2510/2510 2655/2655/2655
f 2658/2658/2658 2512/2512/2512 2511/2511/2511
f 2506/2506/2506 2633/2633/2633 2507/2507/2507
f 2505/2505/2505 2632/2632/2632 2506/2506/2506
f 2507/2507/2507 2639/2639/2639 2644/2644/2644
f 2644/2644/2644 2508/2508/2508 2507/2507/2507
f 2651/2651/2651 2510/2510/2510 2509/2509/2509
f 2503/2503/2503 2617/2617/2617 2504/2504/2504
f 2598/2598/2598 2603/2603/2603 2500/2500/2500
f 2600/2600/2600 2598/2598/2598 2499/2499/2499
f 2502/2502/2502 2614/2614/2614 2503/2503/2503
f 2500/2500/2500 2601/2601/2601 2501/2501/2501
f 2598/2598/2598 2500/2500/2500 2499/2499/2499
f 2499/2499/2499 2597/2597/2597 2600/2600/2600
f 2500/2500/2500 2603/2603/2603 2601/2601/2601
f 2597/2597/2597 2499/2499/2499 2498/2498/2498
f 2498/2498/2498 2591/2591/2591 2597/2597/2597
f 2497/2497/2497 2585/2585/2585 2593/2593/2593
f 2498/2498/2498 2593/2593/2593 2591/2591/2591
f 2497/2497/2497 2582/2582/2582 2587/2587/2587
f 2496/2496/2496 2576/2576/2576 2584/2584/2584
f 2496/2496/2496 2578/2578/2578 2576/2576/2576
f 2496/2496/2496 2584/2584/2584 2582/2582/2582
f 2497/2497/2497 2587/2587/2587 2585/2585/2585
f 2575/2575/2575 2495/2495/2495 2494/2494/2494
f 2494/2494/2494 2569/2569/2569 2575/2575/2575
f 2494/2494/2494 2566/2566/2566 2571/2571/2571
f 2494/2494/2494 2571/2571/2571 2569/2569/2569
f 2493/2493/2493 2560/2560/2560 2568/2568/2568
f 2492/2492/2492 2559/2559/2559 2562/2562/2562
f 2559/2559/2559 2492/2492/2492 2491/2491/2491
f 2491/2491/2491 2553/2553/2553 2559/2559/2559
f 2492/2492/2492 2562/2562/2562 2560/2560/2560
f 2493/2493/2493 2568/2568/2568 2566/2566/2566
f 2495/2495/2495 2575/2575/2575 2578/2578/2578
f 2497/2497/2497 2593/2593/2593 2498/2498/2498
f 2496/2496/2496 2495/2495/2495 2578/2578/2578
f 2582/2582/2582 2497/2497/2497 2496/2496/2496
f 2491/2491/2491 2555/2555/2555 2553/2553/2553
f 2492/2492/2492 2560/2560/2560 2493/2493/2493
f 2494/2494/2494 2493/2493/2493 2566/2566/2566
f 2490/2490/2490 2550/2550/2550 2555/2555/2555
f 2555/2555/2555 2491/2491/2491 2490/2490/2490
f 2490/2490/2490 2552/2552/2552 2550/2550/2550
f 2489/2489/2489 2546/2546/2546 2544/2544/2544
f 2490/2490/2490 2544/2544/2544 2552/2552/2552
f 2489/2489/2489 2544/2544/2544 2490/2490/2490
f 2482/2482/2482 2543/2543/2543 2541/2541/2541
f 2541/2541/2541 2489/2489/2489 2482/2482/2482
f 2485/2485/2485 2543/2543/2543 2482/2482/2482
f 2489/2489/2489 2541/2541/2541 2546/2546/2546
f 2816/2816/2816 2952/2952/2952 2953/2953/2953
f 2953/2953/2953 2950/2950/2950 2816/2816/2816
f 2817/2817/2817 2949/2949/2949 2951/2951/2951
f 2951/2951/2951 2947/2947/2947 2817/2817/2817
f 2949/2949/2949 2816/2816/2816 2950/2950/2950
f 2950/2950/2950 2951/2951/2951 2949/2949/2949
f 2818/2818/2818 2946/2946/2946 2948/2948/2948
f 2948/2948/2948 2944/2944/2944 2818/2818/2818
f 2946/2946/2946 2817/2817/2817 2947/2947/2947
f 2947/2947/2947 2948/2948/2948 2946/2946/2946
f 2943/2943/2943 2818/2818/2818 2944/2944/2944
f 2944/2944/2944 2945/2945/2945 2943/2943/2943
f 2949/2949/2949 2819/2819/2819 2816/2816/2816
f 2820/2820/2820 2949/2949/2949 2817/2817/2817
f 2819/2819/2819 2949/2949/2949 2820/2820/2820
f 2946/2946/2946 2820/2820/2820 2817/2817/2817
f 2821/2821/2821 2946/2946/2946 2818/2818/2818
f 2820/2820/2820 2946/2946/2946 2821/2821/2821
f 2823/2823/2823 2822/2822/2822 2819/2819/2819
f 2819/2819/2819 2820/2820/2820 2823/2823/2823
f 2824/2824/2824 2823/2823/2823 2820/2820/2820
f 2820/2820/2820 2821/2821/2821 2824/2824/2824
f 2826/2826/2826 2825/2825/2825 2822/2822/2822
f 2822/2822/2822 2823/2823/2823 2826/2826/2826
f 2827/2827/2827 2826/2826/2826 2823/2823/2823
f 2823/2823/2823 2824/2824/2824 2827/2827/2827
f 2829/2829/2829 2828/2828/2828 2825/2825/2825
f 2825/2825/2825 2826/2826/2826 2829/2829/2829
f 2830/2830/2830 2829/2829/2829 2826/2826/2826
f 2826/2826/2826 2827/2827/2827 2830/2830/2830
f 2832/2832/2832 2831/2831/2831 2828/2828/2828
f 2828/2828/2828 2829/2829/2829 2832/2832/2832
f 2833/2833/2833 2832/2832/2832 2829/2829/2829
f 2829/2829/2829 2830/2830/2830 2833/2833/2833
f 2835/2835/2835 2834/2834/2834 2831/2831/2831
f 2831/2831/2831 2832/2832/2832 2835/2835/2835
f 2836/2836/2836 2835/2835/2835 2832/2832/2832
f 2832/2832/2832 2833/2833/2833 2836/2836/2836
f 2838/2838/2838 2837/2837/2837 2834/2834/2834
f 2834/2834/2834 2835/2835/2835 2838/2838/2838
f 2839/2839/2839 2838/2838/2838 2835/2835/2835
f 2835/2835/2835 2836/2836/2836 2839/2839/2839
f 2841/2841/2841 2840/2840/2840 2837/2837/2837
f 2837/2837/2837 2838/2838/2838 2841/2841/2841
f 2842/2842/2842 2841/2841/2841 2838/2838/2838
f 2838/2838/2838 2839/2839/2839 2842/2842/2842
f 2844/2844/2844 2843/2843/2843 2840/2840/2840
f 2840/2840/2840 2841/2841/2841 2844/2844/2844
f 2845/2845/2845 2844/2844/2844 2841/2841/2841
f 2841/2841/2841 2842/2842/2842 2845/2845/2845
f 2847/2847/2847 2846/2846/2846 2843/2843/2843
f 2843/2843/2843 2844/2844/2844 2847/2847/2847
f 2848/2848/2848 2847/2847/2847 2844/2844/2844
f 2844/2844/2844 2845/2845/2845 2848/2848/2848
f 2850/2850/2850 2849/2849/2849 2846/2846/2846
f 2846/2846/2846 2847/2847/2847 2850/2850/2850
f 2851/2851/2851 2850/2850/2850 2847/2847/2847
f 2847/2847/2847 2848/2848/2848 2851/2851/2851
f 2853/2853/2853 2852/2852/2852 2849/2849/2849
f 2849/2849/2849 2850/2850/2850 2853/2853/2853
f 2854/2854/2854 2853/2853/2853 2850/2850/2850
f 2850/2850/2850 2851/2851/2851 2854/2854/2854
f 2856/2856/2856 2855/2855/2855 2852/2852/2852
f 2852/2852/2852 2853/2853/2853 2856/2856/2856
f 2857/2857/2857 2856/2856/2856 2853/2853/2853
f 2853/2853/2853 2854/2854/2854 2857/2857/2857
f 2859/2859/2859 2858/2858/2858 2855/2855/2855
f 2855/2855/2855 2856/2856/2856 2859/2859/2859
f 2860/2860/2860 2859/2859/2859 2856/2856/2856
f 2856/2856/2856 2857/2857/2857 2860/2860/2860
f 2862/2862/2862 2861/2861/2861 2858/2858/2858
f 2858/2858/2858 2859/2859/2859 2862/2862/2862
f 2863/2863/2863 2862/2862/2862 2859/2859/2859
f 2859/2859/2859 2860/2860/2860 2863/2863/2863
f 2865/2865/2865 2864/2864/2864 2861/2861/2861
f 2861/2861/2861 2862/2862/2862 2865/2865/2865
f 2866/2866/2866 2865/2865/2865 2862/2862/2862
f 2862/2862/2862 2863/2863/2863 2866/2866/2866
f 2868/2868/2868 2867/2867/2867 2864/2864/2864
f 2864/2864/2864 2865/2865/2865 2868/2868/2868
f 2869/2869/2869 2868/2868/2868 2865/2865/2865
f 2865/2865/2865 2866/2866/2866 2869/2869/2869
f 2871/2871/2871 2870/2870/2870 2867/2867/2867
f 2867/2867/2867 2868/2868/2868 2871/2871/2871
f 2872/2872/2872 2871/2871/2871 2868/2868/2868
f 2868/2868/2868 2869/2869/2869 2872/2872/2872
f 2874/2874/2874 2873/2873/2873 2870/2870/2870
f 2870/2870/2870 2871/2871/2871 2874/2874/2874
f 2875/2875/2875 2874/2874/2874 2871/2871/2871
f 2871/2871/2871 2872/2872/2872 2875/2875/2875
f 2877/2877/2877 2876/2876/2876 2873/2873/2873
f 2873/2873/2873 2874/2874/2874 2877/2877/2877
f 2878/2878/2878 2877/2877/2877 2874/2874/2874
f 2874/2874/2874 2875/2875/2875 2878/2878/2878
f 2880/2880/2880 2879/2879/2879 2876/2876/2876
f 2876/2876/2876 2877/2877/2877 2880/2880/2880
f 2881/2881/2881 2880/2880/2880 2877/2877/2877
f 2877/2877/2877 2878/2878/2878 2881/2881/2881
f 2883/2883/2883 2882/2882/2882 2879/2879/2879
f 2879/2879/2879 2880/2880/2880 2883/2883/2883
f 2884/2884/2884 2883/2883/2883 2880/2880/2880
f 2880/2880/2880 2881/2881/2881 2884/2884/2884
f 2886/2886/2886 2885/2885/2885 2882/2882/2882
f 2882/2882/2882 2883/2883/2883 2886/2886/2886
f 2887/2887/2887 2886/2886/2886 2883/2883/2883
f 2883/2883/2883 2884/2884/2884 2887/2887/2887
f 2889/2889/2889 2888/2888/2888 2885/2885/2885
f 2885/2885/2885 2886/2886/2886 2889/2889/2889
f 2890/2890/2890 2889/2889/2889 2886/2886/2886
f 2886/2886/2886 2887/2887/2887 2890/2890/2890
f 2892/2892/2892 2891/2891/2891 2888/2888/2888
f 2888/2888/2888 2889/2889/2889 2892/2892/2892
f 2893/2893/2893 2892/2892/2892 2889/2889/2889
f 2889/2889/2889 2890/2890/2890 2893/2893/2893
f 2895/2895/2895 2894/2894/2894 2891/2891/2891
f 2891/2891/2891 2892/2892/2892 2895/2895/2895
f 2896/2896/2896 2895/2895/2895 2892/2892/2892
f 2892/2892/2892 2893/2893/2893 2896/2896/2896
f 2898/2898/2898 2897/2897/2897 2894/2894/2894
f 2894/2894/2894 2895/2895/2895 2898/2898/2898
f 2899/2899/2899 2898/2898/2898 2895/2895/2895
f 2895/2895/2895 2896/2896/2896 2899/2899/2899
f 2901/2901/2901 2900/2900/2900 2897/2897/2897
f 2897/2897/2897 2898/2898/2898 2901/2901/2901
f 2902/2902/2902 2901/2901/2901 2898/2898/2898
f 2898/2898/2898 2899/2899/2899 2902/2902/2902
f 2904/2904/2904 2903/2903/2903 2900/2900/2900
f 2900/2900/2900 2901/2901/2901 2904/2904/2904
f 2905/2905/2905 2904/2904/2904 2901/2901/2901
f 2901/2901/2901 2902/2902/2902 2905/2905/2905
f 2907/2907/2907 2906/2906/2906 2903/2903/2903
f 2903/2903/2903 2904/2904/2904 2907/2907/2907
f 2908/2908/2908 2907/2907/2907 2904/2904/2904
f 2904/2904/2904 2905/2905/2905 2908/2908/2908
f 2910/2910/2910 2909/2909/2909 2906/2906/2906
f 2906/2906/2906 2907/2907/2907 2910/2910/2910
f 2911/2911/2911 2910/2910/2910 2907/2907/2907
f 2907/2907/2907 2908/2908/2908 2911/2911/2911
f 2913/2913/2913 2912/2912/2912 2909/2909/2909
f 2909/2909/2909 2910/2910/2910 2913/2913/2913
f 2914/2914/2914 2913/2913/2913 2910/2910/2910
f 2910/2910/2910 2911/2911/2911 2914/2914/2914
f 2916/2916/2916 2915/2915/2915 2912/2912/2912
f 2912/2912/2912 2913/2913/2913 2916/2916/2916
f 2917/2917/2917 2916/2916/2916 2913/2913/2913
f 2913/2913/2913 2914/2914/2914 2917/2917/2917
f 2919/2919/2919 2918/2918/2918 2915/2915/2915
f 2915/2915/2915 2916/2916/2916 2919/2919/2919
f 2920/2920/2920 2919/2919/2919 2916/2916/2916
f 2916/2916/2916 2917/2917/2917 2920/2920/2920
f 2933/2933/2933 2919/2919/2919 2922/2922/2922
f 2918/2918/2918 2933/2933/2933 2921/2921/2921
f 2919/2919/2919 2933/2933/2933 2918/2918/2918
f 2936/2936/2936 2920/2920/2920 2923/2923/2923
f 2919/2919/2919 2936/2936/2936 2922/2922/2922
f 2920/2920/2920 2936/2936/2936 2919/2919/2919
f 2929/2929/2929 2931/2931/2931 2930/2930/2930
f 2930/2930/2930 2921/2921/2921 2929/2929/2929
f 2932/2932/2932 2934/2934/2934 2933/2933/2933
f 2933/2933/2933 2922/2922/2922 2932/2932/2932
f 2934/2934/2934 2929/2929/2929 2921/2921/2921
f 2921/2921/2921 2933/2933/2933 2934/2934/2934
f 2935/2935/2935 2937/2937/2937 2936/2936/2936
f 2936/2936/2936 2923/2923/2923 2935/2935/2935
f 2937/2937/2937 2932/2932/2932 2922/2922/2922
f 2922/2922/2922 2936/2936/2936 2937/2937/2937
f 2939/2939/2939 2935/2935/2935 2923/2923/2923
f 2923/2923/2923 2938/2938/2938 2939/2939/2939
f 2953/2953/2953 3004/3004/3004 3003/3003/3003
f 2952/2952/2952 3005/3005/3005 3004/3004/3004
f 2953/2953/2953 2952/2952/2952 3004/3004/3004
f 3005/3005/3005 2952/2952/2952 2819/2819/2819
f 3005/3005/3005 2819/2819/2819 3006/3006/3006
f 2942/2942/2942 2953/2953/2953 3003/3003/3003
f 3006/3006/3006 2819/2819/2819 2822/2822/2822
f 2822/2822/2822 3007/3007/3007 3006/3006/3006
f 3007/3007/3007 2822/2822/2822 2825/2825/2825
f 2825/2825/2825 3008/3008/3008 3007/3007/3007
f 3010/3010/3010 3009/3009/3009 2828/2828/2828
f 3010/3010/3010 2828/2828/2828 2831/2831/2831
f 2831/2831/2831 3011/3011/3011 3010/3010/3010
f 3009/3009/3009 3008/3008/3008 2825/2825/2825
f 3011/3011/3011 2831/2831/2831 2834/2834/2834
f 2834/2834/2834 3012/3012/3012 3011/3011/3011
f 2942/2942/2942 2950/2950/2950 2953/2953/2953
f 2951/2951/2951 2950/2950/2950 2942/2942/2942
f 2947/2947/2947 2951/2951/2951 2941/2941/2941
f 2942/2942/2942 2941/2941/2941 2951/2951/2951
f 2948/2948/2948 2947/2947/2947 2941/2941/2941
f 2819/2819/2819 2952/2952/2952 2816/2816/2816
f 2828/2828/2828 3009/3009/3009 2825/2825/2825
f 2834/2834/2834 3013/3013/3013 3012/3012/3012
f 2837/2837/2837 3014/3014/3014 3013/3013/3013
f 3014/3014/3014 2837/2837/2837 2840/2840/2840
f 2840/2840/2840 3015/3015/3015 3014/3014/3014
f 3016/3016/3016 2843/2843/2843 2846/2846/2846
f 2846/2846/2846 3017/3017/3017 3016/3016/3016
f 2846/2846/2846 3018/3018/3018 3017/3017/3017
f 3015/3015/3015 2840/2840/2840 2843/2843/2843
f 2843/2843/2843 3016/3016/3016 3015/3015/3015
f 3019/3019/3019 2849/2849/2849 2852/2852/2852
f 2852/2852/2852 3020/3020/3020 3019/3019/3019
f 3020/3020/3020 2852/2852/2852 2855/2855/2855
f 2855/2855/2855 3021/3021/3021 3020/3020/3020
f 2858/2858/2858 3023/3023/3023 3022/3022/3022
f 3023/3023/3023 2858/2858/2858 2861/2861/2861
f 2861/2861/2861 3024/3024/3024 3023/3023/3023
f 2855/2855/2855 3022/3022/3022 3021/3021/3021
f 2849/2849/2849 3019/3019/3019 3018/3018/3018
f 2849/2849/2849 3018/3018/3018 2846/2846/2846
f 2858/2858/2858 3022/3022/3022 2855/2855/2855
f 3026/3026/3026 3025/3025/3025 2864/2864/2864
f 3026/3026/3026 2864/2864/2864 2867/2867/2867
f 2864/2864/2864 3025/3025/3025 3024/3024/3024
f 3024/3024/3024 2861/2861/2861 2864/2864/2864
f 2867/2867/2867 3027/3027/3027 3026/3026/3026
f 2834/2834/2834 2837/2837/2837 3013/3013/3013
f 2944/2944/2944 2948/2948/2948 2940/2940/2940
f 2941/2941/2941 2940/2940/2940 2948/2948/2948
f 2945/2945/2945 2944/2944/2944 2940/2940/2940
f 2818/2818/2818 2943/2943/2943 2821/2821/2821
f 2815/2815/2815 2945/2945/2945 2940/2940/2940
f 2821/2821/2821 3000/3000/3000 2999/2999/2999
f 2999/2999/2999 2824/2824/2824 2821/2821/2821
f 2824/2824/2824 2999/2999/2999 2998/2998/2998
f 2998/2998/2998 2827/2827/2827 2824/2824/2824
f 2830/2830/2830 2996/2996/2996 2995/2995/2995
f 2995/2995/2995 2833/2833/2833 2830/2830/2830
f 2833/2833/2833 2995/2995/2995 2994/2994/2994
f 2994/2994/2994 2836/2836/2836 2833/2833/2833
f 2827/2827/2827 2997/2997/2997 2996/2996/2996
f 2996/2996/2996 2830/2830/2830 2827/2827/2827
f 2836/2836/2836 2993/2993/2993 2992/2992/2992
f 2992/2992/2992 2839/2839/2839 2836/2836/2836
f 2815/2815/2815 3002/3002/3002 2945/2945/2945
f 2943/2943/2943 2945/2945/2945 3002/3002/3002
f 3001/3001/3001 2943/2943/2943 3002/3002/3002
f 2821/2821/2821 2943/2943/2943 3001/3001/3001
f 3000/3000/3000 2821/2821/2821 3001/3001/3001
f 2997/2997/2997 2827/2827/2827 2998/2998/2998
f 2994/2994/2994 2993/2993/2993 2836/2836/2836
f 2990/2990/2990 2842/2842/2842 2991/2991/2991
f 2845/2845/2845 2842/2842/2842 2990/2990/2990
f 2991/2991/2991 2842/2842/2842 2839/2839/2839
f 2839/2839/2839 2992/2992/2992 2991/2991/2991
f 2845/2845/2845 2989/2989/2989 2988/2988/2988
f 2988/2988/2988 2848/2848/2848 2845/2845/2845
f 2848/2848/2848 2988/2988/2988 2987/2987/2987
f 2987/2987/2987 2851/2851/2851 2848/2848/2848
f 2851/2851/2851 2987/2987/2987 2986/2986/2986
f 2986/2986/2986 2854/2854/2854 2851/2851/2851
f 2854/2854/2854 2985/2985/2985 2984/2984/2984
f 2984/2984/2984 2857/2857/2857 2854/2854/2854
f 2860/2860/2860 2983/2983/2983 2982/2982/2982
f 2982/2982/2982 2863/2863/2863 2860/2860/2860
f 2863/2863/2863 2981/2981/2981 2980/2980/2980
f 2980/2980/2980 2866/2866/2866 2863/2863/2863
f 2857/2857/2857 2984/2984/2984 2983/2983/2983
f 2983/2983/2983 2860/2860/2860 2857/2857/2857
f 2866/2866/2866 2980/2980/2980 2979/2979/2979
f 2979/2979/2979 2869/2869/2869 2866/2866/2866
f 2845/2845/2845 2990/2990/2990 2989/2989/2989
f 2854/2854/2854 2986/2986/2986 2985/2985/2985
f 2869/2869/2869 2979/2979/2979 2978/2978/2978
f 2981/2981/2981 2863/2863/2863 2982/2982/2982
f 2869/2869/2869 2978/2978/2978 2977/2977/2977
f 2977/2977/2977 2872/2872/2872 2869/2869/2869
f 3027/3027/3027 2867/2867/2867 2870/2870/2870
f 2870/2870/2870 3028/3028/3028 3027/3027/3027
f 3028/3028/3028 2870/2870/2870 2873/2873/2873
f 2873/2873/2873 3029/3029/3029 3028/3028/3028
f 2876/2876/2876 3031/3031/3031 3030/3030/3030
f 2879/2879/2879 3032/3032/3032 3031/3031/3031
f 3029/3029/3029 2873/2873/2873 2876/2876/2876
f 2876/2876/2876 3030/3030/3030 3029/3029/3029
f 3033/3033/3033 2882/2882/2882 2885/2885/2885
f 2885/2885/2885 3034/3034/3034 3033/3033/3033
f 2885/2885/2885 3035/3035/3035 3034/3034/3034
f 3036/3036/3036 2888/2888/2888 2891/2891/2891
f 2891/2891/2891 3037/3037/3037 3036/3036/3036
f 3037/3037/3037 2891/2891/2891 2894/2894/2894
f 2894/2894/2894 3038/3038/3038 3037/3037/3037
f 2888/2888/2888 3036/3036/3036 3035/3035/3035
f 3032/3032/3032 2879/2879/2879 2882/2882/2882
f 2882/2882/2882 3033/3033/3033 3032/3032/3032
f 2876/2876/2876 2879/2879/2879 3031/3031/3031
f 3035/3035/3035 2885/2885/2885 2888/2888/2888
f 3040/3040/3040 3039/3039/3039 2897/2897/2897
f 2897/2897/2897 3039/3039/3039 3038/3038/3038
f 3038/3038/3038 2894/2894/2894 2897/2897/2897
f 2900/2900/2900 3041/3041/3041 3040/3040/3040
f 3040/3040/3040 2897/2897/2897 2900/2900/2900
f 3041/3041/3041 2900/2900/2900 2903/2903/2903
f 2903/2903/2903 3042/3042/3042 3041/3041/3041
f 3042/3042/3042 2903/2903/2903 2906/2906/2906
f 2906/2906/2906 3043/3043/3043 3042/3042/3042
f 3045/3045/3045 3044/3044/3044 2909/2909/2909
f 3045/3045/3045 2909/2909/2909 2912/2912/2912
f 2912/2912/2912 3046/3046/3046 3045/3045/3045
f 3044/3044/3044 3043/3043/3043 2906/2906/2906
f 3047/3047/3047 2915/2915/2915 2918/2918/2918
f 2918/2918/2918 3048/3048/3048 3047/3047/3047
f 3049/3049/3049 3048/3048/3048 2918/2918/2918
f 3050/3050/3050 2930/2930/2930 2931/2931/2931
f 3049/3049/3049 2930/2930/2930 3050/3050/3050
f 2924/2924/2924 3050/3050/3050 2931/2931/2931
f 3046/3046/3046 2912/2912/2912 2915/2915/2915
f 2915/2915/2915 3047/3047/3047 3046/3046/3046
f 3049/3049/3049 2918/2918/2918 2930/2930/2930
f 2906/2906/2906 2909/2909/2909 3044/3044/3044
f 2921/2921/2921 2930/2930/2930 2918/2918/2918
f 2924/2924/2924 2931/2931/2931 2926/2926/2926
f 2926/2926/2926 2931/2931/2931 2929/2929/2929
f 2926/2926/2926 2929/2929/2929 2934/2934/2934
f 2934/2934/2934 2927/2927/2927 2926/2926/2926
f 2934/2934/2934 2932/2932/2932 2927/2927/2927
f 2872/2872/2872 2977/2977/2977 2976/2976/2976
f 2976/2976/2976 2875/2875/2875 2872/2872/2872
f 2975/2975/2975 2875/2875/2875 2976/2976/2976
f 2875/2875/2875 2975/2975/2975 2878/2878/2878
f 2878/2878/2878 2974/2974/2974 2973/2973/2973
f 2973/2973/2973 2881/2881/2881 2878/2878/2878
f 2881/2881/2881 2973/2973/2973 2972/2972/2972
f 2972/2972/2972 2884/2884/2884 2881/2881/2881
f 2884/2884/2884 2972/2972/2972 2971/2971/2971
f 2971/2971/2971 2887/2887/2887 2884/2884/2884
f 2890/2890/2890 2969/2969/2969 2968/2968/2968
f 2968/2968/2968 2893/2893/2893 2890/2890/2890
f 2893/2893/2893 2968/2968/2968 2967/2967/2967
f 2967/2967/2967 2896/2896/2896 2893/2893/2893
f 2887/2887/2887 2970/2970/2970 2969/2969/2969
f 2969/2969/2969 2890/2890/2890 2887/2887/2887
f 2896/2896/2896 2966/2966/2966 2965/2965/2965
f 2965/2965/2965 2899/2899/2899 2896/2896/2896
f 2878/2878/2878 2975/2975/2975 2974/2974/2974
f 2887/2887/2887 2971/2971/2971 2970/2970/2970
f 2964/2964/2964 2902/2902/2902 2899/2899/2899
f 2899/2899/2899 2965/2965/2965 2964/2964/2964
f 2966/2966/2966 2896/2896/2896 2967/2967/2967
f 2902/2902/2902 2964/2964/2964 2963/2963/2963
f 2963/2963/2963 2905/2905/2905 2902/2902/2902
f 2905/2905/2905 2962/2962/2962 2961/2961/2961
f 2961/2961/2961 2908/2908/2908 2905/2905/2905
f 2911/2911/2911 2960/2960/2960 2959/2959/2959
f 2959/2959/2959 2914/2914/2914 2911/2911/2911
f 2914/2914/2914 2958/2958/2958 2957/2957/2957
f 2957/2957/2957 2917/2917/2917 2914/2914/2914
f 2908/2908/2908 2961/2961/2961 2960/2960/2960
f 2960/2960/2960 2911/2911/2911 2908/2908/2908
f 2932/2932/2932 2937/2937/2937 2927/2927/2927
f 2928/2928/2928 2927/2927/2927 2937/2937/2937
f 2935/2935/2935 2928/2928/2928 2937/2937/2937
f 2938/2938/2938 2923/2923/2923 2920/2920/2920
f 2935/2935/2935 2939/2939/2939 2928/2928/2928
f 2917/2917/2917 2957/2957/2957 2956/2956/2956
f 2956/2956/2956 2920/2920/2920 2917/2917/2917
f 2962/2962/2962 2905/2905/2905 2963/2963/2963
f 2958/2958/2958 2914/2914/2914 2959/2959/2959
f 2939/2939/2939 2938/2938/2938 2954/2954/2954
f 2955/2955/2955 2920/2920/2920 2956/2956/2956
f 2939/2939/2939 2954/2954/2954 2925/2925/2925
f 2954/2954/2954 2938/2938/2938 2955/2955/2955
f 2925/2925/2925 2928/2928/2928 2939/2939/2939
f 2920/2920/2920 2955/2955/2955 2938/2938/2938

