mtllib material.mtl
usemtl camera
v 0.08686800 -0.04931400 -0.03510000
v 0.08634400 -0.04678700 -0.03256900
v 0.08550000 -0.04440100 -0.03000000
v 0.08643000 -0.04676300 -0.03000000
v 0.08720700 -0.04922000 -0.03000000
v 0.08634400 -0.04678700 -0.02743100
v 0.08686800 -0.04931400 -0.02490000
v 0.08589900 -0.04559800 -0.03256100
v 0.08623900 -0.04681600 -0.03383100
v 0.08675400 -0.04800900 -0.03257400
v 0.08664800 -0.04803800 -0.03383700
v 0.08598500 -0.04557400 -0.03000000
v 0.08640900 -0.04676900 -0.03128500
v 0.08596400 -0.04558000 -0.03128100
v 0.08684000 -0.04798500 -0.03000000
v 0.08681900 -0.04799100 -0.03128800
v 0.08589900 -0.04559800 -0.02743900
v 0.08640900 -0.04676900 -0.02871500
v 0.08596400 -0.04558000 -0.02871900
v 0.08675400 -0.04800900 -0.02742700
v 0.08681900 -0.04799100 -0.02871200
v 0.08623900 -0.04681600 -0.02616900
v 0.08664800 -0.04803800 -0.02616300
v 0.08684300 -0.04922200 -0.03509900
v 0.08681700 -0.04913100 -0.03509600
v 0.08679200 -0.04903900 -0.03509200
v 0.08676600 -0.04894700 -0.03508600
v 0.08674000 -0.04885600 -0.03507800
v 0.08671500 -0.04876400 -0.03506800
v 0.08669000 -0.04867300 -0.03505600
v 0.08666400 -0.04858200 -0.03504300
v 0.08663900 -0.04849100 -0.03502800
v 0.08661400 -0.04840100 -0.03501100
v 0.08658900 -0.04831100 -0.03499200
v 0.08656400 -0.04822100 -0.03497200
v 0.08653900 -0.04813200 -0.03495000
v 0.08651400 -0.04804300 -0.03492600
v 0.08648900 -0.04795400 -0.03490100
v 0.08646500 -0.04786600 -0.03487300
v 0.08644000 -0.04777900 -0.03484400
v 0.08641600 -0.04769200 -0.03481400
v 0.08639200 -0.04760500 -0.03478100
v 0.08636800 -0.04751900 -0.03474700
v 0.08634400 -0.04743400 -0.03471200
v 0.08632100 -0.04735000 -0.03467400
v 0.08629800 -0.04726600 -0.03463600
v 0.08627400 -0.04718300 -0.03459500
v 0.08625100 -0.04710000 -0.03455300
v 0.08622900 -0.04701900 -0.03450900
v 0.08620600 -0.04693800 -0.03446400
v 0.08618400 -0.04685800 -0.03441700
v 0.08616200 -0.04677900 -0.03436800
v 0.08614000 -0.04670000 -0.03431800
v 0.08611900 -0.04662300 -0.03426700
v 0.08609700 -0.04654700 -0.03421400
v 0.08607600 -0.04647100 -0.03415900
v 0.08605600 -0.04639700 -0.03410300
v 0.08603500 -0.04632300 -0.03404600
v 0.08601500 -0.04625100 -0.03398700
v 0.08599500 -0.04618000 -0.03392700
v 0.08597500 -0.04611000 -0.03386600
v 0.08595600 -0.04604100 -0.03380300
v 0.08593700 -0.04597300 -0.03373900
v 0.08591900 -0.04590600 -0.03367300
v 0.08590000 -0.04584000 -0.03360600
v 0.08588300 -0.04577600 -0.03353800
v 0.08586500 -0.04571300 -0.03346900
v 0.08584800 -0.04565100 -0.03339800
v 0.08583100 -0.04559000 -0.03332700
v 0.08581400 -0.04553100 -0.03325400
v 0.08579800 -0.04547300 -0.03318000
v 0.08578200 -0.04541700 -0.03310500
v 0.08576700 -0.04536100 -0.03302800
v 0.08575200 -0.04530700 -0.03295100
v 0.08573700 -0.04525500 -0.03287300
v 0.08572300 -0.04520400 -0.03279400
v 0.08570900 -0.04515400 -0.03271300
v 0.08569600 -0.04510600 -0.03263200
v 0.08568300 -0.04506000 -0.03255000
v 0.08567000 -0.04501400 -0.03246700
v 0.08565800 -0.04497100 -0.03238300
v 0.08564600 -0.04492900 -0.03229800
v 0.08563500 -0.04488800 -0.03221300
v 0.08562400 -0.04484900 -0.03212600
v 0.08561400 -0.04481100 -0.03203900
v 0.08560400 -0.04477500 -0.03195200
v 0.08559400 -0.04474100 -0.03186300
v 0.08558500 -0.04470800 -0.03177400
v 0.08557600 -0.04467700 -0.03168400
v 0.08556800 -0.04464800 -0.03159400
v 0.08556000 -0.04462000 -0.03150300
v 0.08555300 -0.04459300 -0.03141200
v 0.08554600 -0.04456900 -0.03132000
v 0.08554000 -0.04454600 -0.03122800
v 0.08553400 -0.04452500 -0.03113500
v 0.08552800 -0.04450500 -0.03104200
v 0.08552300 -0.04448700 -0.03094800
v 0.08551900 -0.04447100 -0.03085400
v 0.08551500 -0.04445600 -0.03076000
v 0.08551100 -0.04444300 -0.03066600
v 0.08550800 -0.04443200 -0.03057100
v 0.08550600 -0.04442300 -0.03047600
v 0.08550300 -0.04441500 -0.03038100
v 0.08550200 -0.04440900 -0.03028600
v 0.08550100 -0.04440500 -0.03019100
v 0.08550000 -0.04440200 -0.03009500
v 0.08683700 -0.04865400 -0.03383900
v 0.08658000 -0.04805700 -0.03446800
v 0.08676900 -0.04867300 -0.03447000
v 0.08685900 -0.04898200 -0.03447000
v 0.08673100 -0.04868400 -0.03478500
v 0.08682100 -0.04899300 -0.03478500
v 0.08686500 -0.04914800 -0.03478500
v 0.08680100 -0.04899900 -0.03494300
v 0.08684500 -0.04915300 -0.03494300
v 0.08677600 -0.04883800 -0.03478500
v 0.08671100 -0.04868900 -0.03494200
v 0.08675600 -0.04884400 -0.03494200
v 0.08667600 -0.04836500 -0.03446900
v 0.08654200 -0.04806800 -0.03478300
v 0.08663800 -0.04837500 -0.03478400
v 0.08644900 -0.04742600 -0.03383500
v 0.08638000 -0.04744500 -0.03446400
v 0.08668400 -0.04852900 -0.03478400
v 0.08661800 -0.04838100 -0.03494100
v 0.08666400 -0.04853500 -0.03494200
v 0.08659000 -0.04822100 -0.03478300
v 0.08648200 -0.04775000 -0.03446600
v 0.08644300 -0.04776100 -0.03478100
v 0.08649300 -0.04791400 -0.03478200
v 0.08627700 -0.04714000 -0.03446200
v 0.08602200 -0.04622000 -0.03382500
v 0.08643100 -0.04759700 -0.03446500
v 0.08646300 -0.04775600 -0.03462400
v 0.08636200 -0.04745000 -0.03462200
v 0.08641300 -0.04760300 -0.03462300
v 0.08655000 -0.04773100 -0.03383600
v 0.08661500 -0.04804700 -0.03415300
v 0.08641600 -0.04743500 -0.03415000
v 0.08651700 -0.04774100 -0.03415100
v 0.08655400 -0.04739600 -0.03257200
v 0.08670600 -0.04802200 -0.03320600
v 0.08629700 -0.04680000 -0.03320000
v 0.08650700 -0.04740900 -0.03320400
v 0.08632900 -0.04729200 -0.03446300
v 0.08634500 -0.04712100 -0.03383300
v 0.08620600 -0.04682600 -0.03414500
v 0.08631200 -0.04713000 -0.03414800
v 0.08622400 -0.04698700 -0.03446100
v 0.08625900 -0.04697800 -0.03414700
v 0.08629500 -0.04713500 -0.03430500
v 0.08618900 -0.04683000 -0.03430300
v 0.08624200 -0.04698200 -0.03430400
v 0.08613100 -0.04651800 -0.03382800
v 0.08609900 -0.04652700 -0.03414300
v 0.08612700 -0.04619100 -0.03256500
v 0.08585200 -0.04561100 -0.03319100
v 0.08607900 -0.04620400 -0.03319600
v 0.08615300 -0.04667600 -0.03414400
v 0.08607700 -0.04636900 -0.03382700
v 0.08611500 -0.04652200 -0.03398500
v 0.08606100 -0.04637300 -0.03398400
v 0.08618900 -0.04650200 -0.03319800
v 0.08626900 -0.04680800 -0.03351500
v 0.08605200 -0.04621200 -0.03351100
v 0.08616200 -0.04650900 -0.03351300
v 0.08596700 -0.04590700 -0.03319300
v 0.08593900 -0.04591500 -0.03350800
v 0.08599600 -0.04606300 -0.03350900
v 0.08603700 -0.04621600 -0.03366800
v 0.08598100 -0.04606700 -0.03366700
v 0.08591000 -0.04575900 -0.03319200
v 0.08595400 -0.04591100 -0.03335100
v 0.08589600 -0.04576300 -0.03334900
v 0.08601400 -0.04589400 -0.03256300
v 0.08610400 -0.04619700 -0.03288100
v 0.08587700 -0.04560400 -0.03287600
v 0.08599200 -0.04590000 -0.03287900
v 0.08619100 -0.04617300 -0.03128400
v 0.08638200 -0.04677700 -0.03192700
v 0.08593700 -0.04558800 -0.03192200
v 0.08616400 -0.04618000 -0.03192500
v 0.08578200 -0.04530300 -0.03255900
v 0.08575900 -0.04531000 -0.03287300
v 0.08572600 -0.04499200 -0.03127900
v 0.08569900 -0.04499900 -0.03191800
v 0.08581900 -0.04545700 -0.03287500
v 0.08586500 -0.04560800 -0.03303300
v 0.08580600 -0.04546000 -0.03303200
v 0.08572200 -0.04515600 -0.03255800
v 0.08577100 -0.04530600 -0.03271600
v 0.08581900 -0.04529300 -0.03192000
v 0.08591900 -0.04559300 -0.03224200
v 0.08568200 -0.04500400 -0.03223700
v 0.08580200 -0.04529800 -0.03223900
v 0.08574200 -0.04515100 -0.03223800
v 0.08579200 -0.04530000 -0.03239900
v 0.08567200 -0.04500700 -0.03239700
v 0.08573300 -0.04515300 -0.03239800
v 0.08563800 -0.04485300 -0.03191700
v 0.08569100 -0.04500100 -0.03207800
v 0.08563000 -0.04485500 -0.03207700
v 0.08560300 -0.04469900 -0.03127800
v 0.08571400 -0.04499500 -0.03159800
v 0.08559100 -0.04470200 -0.03159700
v 0.08574700 -0.04498600 -0.03000000
v 0.08598000 -0.04557600 -0.03064100
v 0.08574200 -0.04498700 -0.03064000
v 0.08565300 -0.04484900 -0.03159800
v 0.08570700 -0.04499700 -0.03175800
v 0.08564600 -0.04485100 -0.03175700
v 0.08584600 -0.04528500 -0.03128000
v 0.08595200 -0.04558400 -0.03160200
v 0.08583400 -0.04528900 -0.03160000
v 0.08559800 -0.04470100 -0.03143700
v 0.08561900 -0.04469400 -0.03063900
v 0.08573500 -0.04498900 -0.03095900
v 0.08561300 -0.04469600 -0.03095800
v 0.08555000 -0.04455000 -0.03095800
v 0.08560800 -0.04469800 -0.03111800
v 0.08555700 -0.04454900 -0.03063900
v 0.08561600 -0.04469500 -0.03079900
v 0.08555400 -0.04454900 -0.03079800
v 0.08562500 -0.04469300 -0.03000000
v 0.08574600 -0.04498600 -0.03032000
v 0.08562300 -0.04469300 -0.03031900
v 0.08572600 -0.04499200 -0.02872100
v 0.08598000 -0.04557600 -0.02935900
v 0.08574200 -0.04498700 -0.02936000
v 0.08556100 -0.04454700 -0.03031900
v 0.08562200 -0.04469400 -0.03047900
v 0.08555900 -0.04454800 -0.03047900
v 0.08556200 -0.04454700 -0.03000000
v 0.08562400 -0.04469300 -0.03016000
v 0.08556200 -0.04454700 -0.03016000
v 0.08561900 -0.04469400 -0.02936100
v 0.08574600 -0.04498600 -0.02968000
v 0.08562300 -0.04469300 -0.02968100
v 0.08550100 -0.04440500 -0.02980900
v 0.08550300 -0.04441500 -0.02961900
v 0.08550800 -0.04443200 -0.02942900
v 0.08551500 -0.04445600 -0.02924000
v 0.08552300 -0.04448700 -0.02905200
v 0.08553400 -0.04452500 -0.02886500
v 0.08554600 -0.04456900 -0.02868000
v 0.08556000 -0.04462000 -0.02849700
v 0.08557600 -0.04467700 -0.02831600
v 0.08559400 -0.04474100 -0.02813700
v 0.08561400 -0.04481100 -0.02796100
v 0.08563500 -0.04488800 -0.02778700
v 0.08565800 -0.04497100 -0.02761700
v 0.08568300 -0.04506000 -0.02745000
v 0.08570900 -0.04515400 -0.02728700
v 0.08573700 -0.04525500 -0.02712700
v 0.08576700 -0.04536100 -0.02697200
v 0.08579800 -0.04547300 -0.02682000
v 0.08583100 -0.04559000 -0.02667300
v 0.08586500 -0.04571300 -0.02653100
v 0.08590000 -0.04584000 -0.02639400
v 0.08593700 -0.04597300 -0.02626100
v 0.08597500 -0.04611000 -0.02613400
v 0.08601500 -0.04625100 -0.02601300
v 0.08605600 -0.04639700 -0.02589700
v 0.08609700 -0.04654700 -0.02578600
v 0.08614000 -0.04670000 -0.02568200
v 0.08618400 -0.04685800 -0.02558300
v 0.08622900 -0.04701900 -0.02549100
v 0.08627400 -0.04718300 -0.02540500
v 0.08632100 -0.04735000 -0.02532600
v 0.08636800 -0.04751900 -0.02525300
v 0.08641600 -0.04769200 -0.02518600
v 0.08646500 -0.04786600 -0.02512700
v 0.08651400 -0.04804300 -0.02507400
v 0.08656400 -0.04822100 -0.02502800
v 0.08661400 -0.04840100 -0.02498900
v 0.08666400 -0.04858200 -0.02495700
v 0.08671500 -0.04876400 -0.02493200
v 0.08676600 -0.04894700 -0.02491400
v 0.08681700 -0.04913100 -0.02490400
v 0.08560300 -0.04469900 -0.02872200
v 0.08573500 -0.04498900 -0.02904100
v 0.08561300 -0.04469600 -0.02904200
v 0.08593700 -0.04558800 -0.02807800
v 0.08569900 -0.04499900 -0.02808200
v 0.08571400 -0.04499500 -0.02840200
v 0.08559100 -0.04470200 -0.02840300
v 0.08568200 -0.04500400 -0.02776300
v 0.08585200 -0.04561100 -0.02680900
v 0.08578200 -0.04530300 -0.02744100
v 0.08591900 -0.04559300 -0.02775900
v 0.08581900 -0.04529300 -0.02808000
v 0.08580200 -0.04529800 -0.02776100
v 0.08612700 -0.04619100 -0.02743500
v 0.08638200 -0.04677700 -0.02807300
v 0.08619100 -0.04617300 -0.02871700
v 0.08616400 -0.04618000 -0.02807500
v 0.08587700 -0.04560400 -0.02712400
v 0.08602200 -0.04622000 -0.02617500
v 0.08629700 -0.04680000 -0.02680000
v 0.08607900 -0.04620400 -0.02680400
v 0.08605200 -0.04621200 -0.02648900
v 0.08596700 -0.04590700 -0.02680700
v 0.08593900 -0.04591500 -0.02649200
v 0.08620600 -0.04682600 -0.02585500
v 0.08613100 -0.04651800 -0.02617200
v 0.08658000 -0.04805700 -0.02553200
v 0.08644900 -0.04742600 -0.02616500
v 0.08638000 -0.04744500 -0.02553600
v 0.08627700 -0.04714000 -0.02553800
v 0.08641600 -0.04743500 -0.02585000
v 0.08634500 -0.04712100 -0.02616700
v 0.08631200 -0.04713000 -0.02585200
v 0.08670600 -0.04802200 -0.02679400
v 0.08655400 -0.04739600 -0.02742800
v 0.08650700 -0.04740900 -0.02679600
v 0.08654200 -0.04806800 -0.02521700
v 0.08648200 -0.04775000 -0.02553400
v 0.08683700 -0.04865400 -0.02616100
v 0.08676900 -0.04867300 -0.02553000
v 0.08673100 -0.04868400 -0.02521500
v 0.08667600 -0.04836500 -0.02553100
v 0.08663800 -0.04837500 -0.02521600
v 0.08685900 -0.04898200 -0.02553000
v 0.08682100 -0.04899300 -0.02521500
v 0.08705700 -0.04926200 -0.02659400
v 0.08717000 -0.04923000 -0.02829500
v 0.08717000 -0.04923000 -0.03170500
v 0.08705700 -0.04926200 -0.03340600
v 0.08686800 -0.04931400 -0.03510000
v 0.08772600 -0.05174800 -0.03256900
v 0.08720700 -0.04922000 -0.03000000
v 0.08781200 -0.05172400 -0.03000000
v 0.08823700 -0.05422700 -0.03000000
v 0.08772600 -0.05174800 -0.02743100
v 0.08744500 -0.05049100 -0.03257400
v 0.08762100 -0.05177800 -0.03383100
v 0.08734000 -0.05052000 -0.03383700
v 0.08796000 -0.05299600 -0.03256100
v 0.08753200 -0.05046700 -0.03000000
v 0.08779100 -0.05173000 -0.03128500
v 0.08751000 -0.05047300 -0.03128800
v 0.08804600 -0.05297200 -0.03000000
v 0.08802500 -0.05297800 -0.03128100
v 0.08744500 -0.05049100 -0.02742700
v 0.08779100 -0.05173000 -0.02871500
v 0.08751000 -0.05047300 -0.02871200
v 0.08796000 -0.05299600 -0.02743900
v 0.08802500 -0.05297800 -0.02871900
v 0.08762100 -0.05177800 -0.02616900
v 0.08734000 -0.05052000 -0.02616300
v 0.08823700 -0.05422600 -0.03009500
v 0.08823600 -0.05422400 -0.03019100
v 0.08823500 -0.05421900 -0.03028600
v 0.08823300 -0.05421300 -0.03038100
v 0.08823100 -0.05420600 -0.03047600
v 0.08822800 -0.05419600 -0.03057100
v 0.08822500 -0.05418500 -0.03066600
v 0.08822200 -0.05417200 -0.03076000
v 0.08821800 -0.05415800 -0.03085400
v 0.08821300 -0.05414200 -0.03094800
v 0.08820800 -0.05412400 -0.03104200
v 0.08820300 -0.05410400 -0.03113500
v 0.08819700 -0.05408300 -0.03122800
v 0.08819000 -0.05406000 -0.03132000
v 0.08818300 -0.05403500 -0.03141200
v 0.08817600 -0.05400900 -0.03150300
v 0.08816800 -0.05398100 -0.03159400
v 0.08816000 -0.05395100 -0.03168400
v 0.08815100 -0.05392000 -0.03177400
v 0.08814200 -0.05388800 -0.03186300
v 0.08813300 -0.05385300 -0.03195200
v 0.08812300 -0.05381700 -0.03203900
v 0.08811200 -0.05378000 -0.03212600
v 0.08810100 -0.05374100 -0.03221300
v 0.08809000 -0.05370000 -0.03229800
v 0.08807800 -0.05365800 -0.03238300
v 0.08806600 -0.05361400 -0.03246700
v 0.08805400 -0.05356900 -0.03255000
v 0.08804100 -0.05352200 -0.03263200
v 0.08802700 -0.05347400 -0.03271300
v 0.08801300 -0.05342500 -0.03279400
v 0.08799900 -0.05337400 -0.03287300
v 0.08798400 -0.05332100 -0.03295100
v 0.08796900 -0.05326700 -0.03302800
v 0.08795400 -0.05321200 -0.03310500
v 0.08793800 -0.05315500 -0.03318000
v 0.08792200 -0.05309700 -0.03325400
v 0.08790600 -0.05303800 -0.03332700
v 0.08788900 -0.05297800 -0.03339800
v 0.08787200 -0.05291600 -0.03346900
v 0.08785400 -0.05285300 -0.03353800
v 0.08783600 -0.05278800 -0.03360600
v 0.08781800 -0.05272300 -0.03367300
v 0.08779900 -0.05265600 -0.03373900
v 0.08778000 -0.05258800 -0.03380300
v 0.08776100 -0.05251900 -0.03386600
v 0.08774100 -0.05244900 -0.03392700
v 0.08772200 -0.05237700 -0.03398700
v 0.08770100 -0.05230500 -0.03404600
v 0.08768100 -0.05223200 -0.03410300
v 0.08766000 -0.05215700 -0.03415900
v 0.08763900 -0.05208200 -0.03421400
v 0.08761800 -0.05200500 -0.03426700
v 0.08759600 -0.05192800 -0.03431800
v 0.08757500 -0.05185000 -0.03436800
v 0.08755300 -0.05177100 -0.03441700
v 0.08753000 -0.05169100 -0.03446400
v 0.08750800 -0.05161000 -0.03450900
v 0.08748500 -0.05152800 -0.03455300
v 0.08746200 -0.05144600 -0.03459500
v 0.08743900 -0.05136300 -0.03463600
v 0.08741600 -0.05127900 -0.03467400
v 0.08739200 -0.05119400 -0.03471200
v 0.08736800 -0.05110900 -0.03474700
v 0.08734400 -0.05102300 -0.03478100
v 0.08732000 -0.05093700 -0.03481400
v 0.08729600 -0.05085000 -0.03484400
v 0.08727200 -0.05076200 -0.03487300
v 0.08724700 -0.05067400 -0.03490100
v 0.08722200 -0.05058600 -0.03492600
v 0.08719800 -0.05049700 -0.03495000
v 0.08717300 -0.05040700 -0.03497200
v 0.08714800 -0.05031800 -0.03499200
v 0.08712300 -0.05022800 -0.03501100
v 0.08709700 -0.05013700 -0.03502800
v 0.08707200 -0.05004600 -0.03504300
v 0.08704700 -0.04995600 -0.03505600
v 0.08702100 -0.04986400 -0.03506800
v 0.08699600 -0.04977300 -0.03507800
v 0.08697100 -0.04968100 -0.03508600
v 0.08694500 -0.04959000 -0.03509200
v 0.08691900 -0.04949800 -0.03509600
v 0.08689400 -0.04940600 -0.03509900
v 0.08814700 -0.05359900 -0.03000000
v 0.08812500 -0.05360500 -0.03127900
v 0.08804100 -0.05297400 -0.03064100
v 0.08814100 -0.05360000 -0.03064000
v 0.08819300 -0.05391300 -0.03000000
v 0.08818800 -0.05391400 -0.03063900
v 0.08814500 -0.05359900 -0.03032000
v 0.08819200 -0.05391300 -0.03031900
v 0.08812500 -0.05360500 -0.02872100
v 0.08804100 -0.05297400 -0.02935900
v 0.08814100 -0.05360000 -0.02936000
v 0.08821500 -0.05407000 -0.03000000
v 0.08821400 -0.05407000 -0.03031900
v 0.08819300 -0.05391300 -0.03016000
v 0.08821500 -0.05407000 -0.03016000
v 0.08818800 -0.05391400 -0.02936100
v 0.08814500 -0.05359900 -0.02968000
v 0.08819200 -0.05391300 -0.02968100
v 0.08821400 -0.05407000 -0.02968100
v 0.08819300 -0.05391300 -0.02984000
v 0.08821500 -0.05407000 -0.02984000
v 0.08821000 -0.05407100 -0.03063900
v 0.08819000 -0.05391400 -0.03047900
v 0.08821200 -0.05407100 -0.03047900
v 0.08817200 -0.05391900 -0.03127800
v 0.08813500 -0.05360200 -0.03095900
v 0.08818100 -0.05391600 -0.03095800
v 0.08799800 -0.05298600 -0.03192200
v 0.08809900 -0.05361200 -0.03191800
v 0.08820300 -0.05407300 -0.03095800
v 0.08818500 -0.05391500 -0.03079900
v 0.08820700 -0.05407200 -0.03079800
v 0.08817700 -0.05391700 -0.03111800
v 0.08811300 -0.05360800 -0.03159800
v 0.08816000 -0.05392200 -0.03159700
v 0.08816600 -0.05392000 -0.03143700
v 0.08808100 -0.05361700 -0.03223700
v 0.08791300 -0.05300900 -0.03319100
v 0.08813700 -0.05376500 -0.03159800
v 0.08812200 -0.05376900 -0.03191700
v 0.08810600 -0.05361000 -0.03175800
v 0.08813000 -0.05376700 -0.03175700
v 0.08807600 -0.05329100 -0.03128000
v 0.08805000 -0.05329900 -0.03192000
v 0.08801200 -0.05298100 -0.03160200
v 0.08806400 -0.05329500 -0.03160000
v 0.08791300 -0.05235300 -0.03128400
v 0.08784900 -0.05237100 -0.03256500
v 0.08776400 -0.05173800 -0.03192700
v 0.08788600 -0.05236100 -0.03192500
v 0.08809000 -0.05361500 -0.03207800
v 0.08811400 -0.05377200 -0.03207700
v 0.08801200 -0.05330900 -0.03255900
v 0.08798000 -0.05299000 -0.03224200
v 0.08803200 -0.05330400 -0.03223900
v 0.08807200 -0.05362000 -0.03239700
v 0.08805700 -0.05346000 -0.03223800
v 0.08803700 -0.05346600 -0.03255800
v 0.08802200 -0.05330600 -0.03239900
v 0.08804700 -0.05346300 -0.03239800
v 0.08793800 -0.05300200 -0.03287600
v 0.08799000 -0.05331500 -0.03287300
v 0.08774300 -0.05240100 -0.03382500
v 0.08767900 -0.05176200 -0.03320000
v 0.08780100 -0.05238400 -0.03319600
v 0.08800100 -0.05331200 -0.03271600
v 0.08796400 -0.05315900 -0.03287500
v 0.08792600 -0.05300600 -0.03303300
v 0.08795200 -0.05316200 -0.03303200
v 0.08790600 -0.05268300 -0.03256300
v 0.08785800 -0.05269700 -0.03319300
v 0.08782600 -0.05237700 -0.03288100
v 0.08788300 -0.05269000 -0.03287900
v 0.08777400 -0.05239200 -0.03351100
v 0.08783100 -0.05270400 -0.03350800
v 0.08788600 -0.05285300 -0.03319200
v 0.08784500 -0.05270000 -0.03335100
v 0.08787200 -0.05285700 -0.03334900
v 0.08780200 -0.05254800 -0.03350900
v 0.08775900 -0.05239600 -0.03366800
v 0.08778800 -0.05255200 -0.03366700
v 0.08774100 -0.05207300 -0.03319800
v 0.08768300 -0.05208900 -0.03382800
v 0.08765100 -0.05176900 -0.03351500
v 0.08771400 -0.05208000 -0.03351300
v 0.08759100 -0.05111800 -0.03257200
v 0.08748600 -0.05114800 -0.03383500
v 0.08739800 -0.05050400 -0.03320600
v 0.08754400 -0.05113200 -0.03320400
v 0.08758800 -0.05178700 -0.03414500
v 0.08765100 -0.05209800 -0.03414300
v 0.08727100 -0.05053900 -0.03446800
v 0.08741700 -0.05116700 -0.03446400
v 0.08771400 -0.05224500 -0.03382700
v 0.08766700 -0.05209300 -0.03398500
v 0.08769800 -0.05224900 -0.03398400
v 0.08762000 -0.05194200 -0.03414400
v 0.08757100 -0.05179200 -0.03430300
v 0.08755500 -0.05146200 -0.03383300
v 0.08748600 -0.05148100 -0.03446200
v 0.08745300 -0.05115700 -0.03415000
v 0.08752200 -0.05147200 -0.03414800
v 0.08755500 -0.05162900 -0.03414700
v 0.08752000 -0.05163900 -0.03446100
v 0.08750400 -0.05147600 -0.03430500
v 0.08753800 -0.05163400 -0.03430400
v 0.08745200 -0.05132400 -0.03446300
v 0.08739900 -0.05117200 -0.03462200
v 0.08734600 -0.05085300 -0.03446600
v 0.08723300 -0.05055000 -0.03478300
v 0.08730800 -0.05086300 -0.03478100
v 0.08718300 -0.04989500 -0.03383900
v 0.08711500 -0.04991400 -0.03447000
v 0.08738200 -0.05101000 -0.03446500
v 0.08732700 -0.05085800 -0.03462400
v 0.08736300 -0.05101500 -0.03462300
v 0.08741400 -0.05083400 -0.03383600
v 0.08730700 -0.05052900 -0.03415300
v 0.08738100 -0.05084300 -0.03415100
v 0.08727100 -0.05070700 -0.03478200
v 0.08719400 -0.05022700 -0.03446900
v 0.08707700 -0.04992500 -0.03478500
v 0.08715600 -0.05023700 -0.03478400
v 0.08719500 -0.05039300 -0.03478300
v 0.08713600 -0.05024300 -0.03494100
v 0.08711700 -0.05008100 -0.03478400
v 0.08705600 -0.04993100 -0.03494200
v 0.08709700 -0.05008700 -0.03494200
v 0.08703200 -0.04960300 -0.03447000
v 0.08699400 -0.04961400 -0.03478500
v 0.08703600 -0.04976900 -0.03478500
v 0.08697400 -0.04961900 -0.03494300
v 0.08701600 -0.04977500 -0.03494200
v 0.08695200 -0.04945800 -0.03478500
v 0.08693200 -0.04946400 -0.03494300
v 0.08686800 -0.04931400 -0.02490000
v 0.08691900 -0.04949800 -0.02490400
v 0.08697100 -0.04968100 -0.02491400
v 0.08702100 -0.04986400 -0.02493200
v 0.08707200 -0.05004600 -0.02495700
v 0.08712300 -0.05022800 -0.02498900
v 0.08717300 -0.05040700 -0.02502800
v 0.08722200 -0.05058600 -0.02507400
v 0.08727200 -0.05076200 -0.02512700
v 0.08732000 -0.05093700 -0.02518600
v 0.08736800 -0.05110900 -0.02525300
v 0.08741600 -0.05127900 -0.02532600
v 0.08746200 -0.05144600 -0.02540500
v 0.08750800 -0.05161000 -0.02549100
v 0.08755300 -0.05177100 -0.02558300
v 0.08759600 -0.05192800 -0.02568200
v 0.08763900 -0.05208200 -0.02578600
v 0.08768100 -0.05223200 -0.02589700
v 0.08772200 -0.05237700 -0.02601300
v 0.08776100 -0.05251900 -0.02613400
v 0.08779900 -0.05265600 -0.02626100
v 0.08783600 -0.05278800 -0.02639400
v 0.08787200 -0.05291600 -0.02653100
v 0.08790600 -0.05303800 -0.02667300
v 0.08793800 -0.05315500 -0.02682000
v 0.08796900 -0.05326700 -0.02697200
v 0.08799900 -0.05337400 -0.02712700
v 0.08802700 -0.05347400 -0.02728700
v 0.08805400 -0.05356900 -0.02745000
v 0.08807800 -0.05365800 -0.02761700
v 0.08810100 -0.05374100 -0.02778700
v 0.08812300 -0.05381700 -0.02796100
v 0.08814200 -0.05388800 -0.02813700
v 0.08816000 -0.05395100 -0.02831600
v 0.08817600 -0.05400900 -0.02849700
v 0.08819000 -0.05406000 -0.02868000
v 0.08820300 -0.05410400 -0.02886500
v 0.08821300 -0.05414200 -0.02905200
v 0.08822200 -0.05417200 -0.02924000
v 0.08822800 -0.05419600 -0.02942900
v 0.08823300 -0.05421300 -0.02961900
v 0.08823600 -0.05422400 -0.02980900
v 0.08727100 -0.05053900 -0.02553200
v 0.08718300 -0.04989500 -0.02616100
v 0.08711500 -0.04991400 -0.02553000
v 0.08707700 -0.04992500 -0.02521500
v 0.08703200 -0.04960300 -0.02553000
v 0.08699400 -0.04961400 -0.02521500
v 0.08723300 -0.05055000 -0.02521700
v 0.08719400 -0.05022700 -0.02553100
v 0.08715600 -0.05023700 -0.02521600
v 0.08748600 -0.05114800 -0.02616500
v 0.08741700 -0.05116700 -0.02553600
v 0.08734600 -0.05085300 -0.02553400
v 0.08748600 -0.05148100 -0.02553800
v 0.08774300 -0.05240100 -0.02617500
v 0.08758800 -0.05178700 -0.02585500
v 0.08755500 -0.05146200 -0.02616700
v 0.08745300 -0.05115700 -0.02585000
v 0.08752200 -0.05147200 -0.02585200
v 0.08767900 -0.05176200 -0.02680000
v 0.08759100 -0.05111800 -0.02742800
v 0.08739800 -0.05050400 -0.02679400
v 0.08754400 -0.05113200 -0.02679600
v 0.08768300 -0.05208900 -0.02617200
v 0.08791300 -0.05300900 -0.02680900
v 0.08784900 -0.05237100 -0.02743500
v 0.08780100 -0.05238400 -0.02680400
v 0.08785800 -0.05269700 -0.02680700
v 0.08777400 -0.05239200 -0.02648900
v 0.08783100 -0.05270400 -0.02649200
v 0.08801200 -0.05330900 -0.02744100
v 0.08793800 -0.05300200 -0.02712400
v 0.08799800 -0.05298600 -0.02807800
v 0.08809900 -0.05361200 -0.02808200
v 0.08808100 -0.05361700 -0.02776300
v 0.08805000 -0.05329900 -0.02808000
v 0.08798000 -0.05299000 -0.02775900
v 0.08803200 -0.05330400 -0.02776100
v 0.08791300 -0.05235300 -0.02871700
v 0.08776400 -0.05173800 -0.02807300
v 0.08788600 -0.05236100 -0.02807500
v 0.08817200 -0.05391900 -0.02872200
v 0.08811300 -0.05360800 -0.02840200
v 0.08816000 -0.05392200 -0.02840300
v 0.08813500 -0.05360200 -0.02904100
v 0.08818100 -0.05391600 -0.02904200
v 0.08705700 -0.04926200 -0.03340600
v 0.08717000 -0.04923000 -0.03170500
v 0.08717000 -0.04923000 -0.02829500
v 0.08705700 -0.04926200 -0.02659400
v 0.08825800 -0.05419000 -0.03000000
v 0.08823700 -0.05422700 -0.03000000
v 0.08553700 -0.04442200 -0.03000000
v 0.08550000 -0.04440100 -0.03000000
v 0.08550100 -0.04440500 -0.02980900
v 0.08550300 -0.04441500 -0.02961900
v 0.08550800 -0.04443200 -0.02942900
v 0.08551500 -0.04445600 -0.02924000
v 0.08552300 -0.04448700 -0.02905200
v 0.08553400 -0.04452500 -0.02886500
v 0.08554600 -0.04456900 -0.02868000
v 0.08556000 -0.04462000 -0.02849700
v 0.08557600 -0.04467700 -0.02831600
v 0.08559400 -0.04474100 -0.02813700
v 0.08561400 -0.04481100 -0.02796100
v 0.08563500 -0.04488800 -0.02778700
v 0.08565800 -0.04497100 -0.02761700
v 0.08568300 -0.04506000 -0.02745000
v 0.08570900 -0.04515400 -0.02728700
v 0.08573700 -0.04525500 -0.02712700
v 0.08576700 -0.04536100 -0.02697200
v 0.08579800 -0.04547300 -0.02682000
v 0.08583100 -0.04559000 -0.02667300
v 0.08586500 -0.04571300 -0.02653100
v 0.08590000 -0.04584000 -0.02639400
v 0.08593700 -0.04597300 -0.02626100
v 0.08597500 -0.04611000 -0.02613400
v 0.08601500 -0.04625100 -0.02601300
v 0.08605600 -0.04639700 -0.02589700
v 0.08609700 -0.04654700 -0.02578600
v 0.08614000 -0.04670000 -0.02568200
v 0.08618400 -0.04685800 -0.02558300
v 0.08622900 -0.04701900 -0.02549100
v 0.08627400 -0.04718300 -0.02540500
v 0.08632100 -0.04735000 -0.02532600
v 0.08636800 -0.04751900 -0.02525300
v 0.08641600 -0.04769200 -0.02518600
v 0.08646500 -0.04786600 -0.02512700
v 0.08651400 -0.04804300 -0.02507400
v 0.08656400 -0.04822100 -0.02502800
v 0.08661400 -0.04840100 -0.02498900
v 0.08666400 -0.04858200 -0.02495700
v 0.08671500 -0.04876400 -0.02493200
v 0.08676600 -0.04894700 -0.02491400
v 0.08681700 -0.04913100 -0.02490400
v 0.08686800 -0.04931400 -0.02490000
v 0.08691900 -0.04949800 -0.02490400
v 0.08697100 -0.04968100 -0.02491400
v 0.08702100 -0.04986400 -0.02493200
v 0.08707200 -0.05004600 -0.02495700
v 0.08712300 -0.05022800 -0.02498900
v 0.08717300 -0.05040700 -0.02502800
v 0.08722200 -0.05058600 -0.02507400
v 0.08727200 -0.05076200 -0.02512700
v 0.08732000 -0.05093700 -0.02518600
v 0.08736800 -0.05110900 -0.02525300
v 0.08741600 -0.05127900 -0.02532600
v 0.08746200 -0.05144600 -0.02540500
v 0.08750800 -0.05161000 -0.02549100
v 0.08755300 -0.05177100 -0.02558300
v 0.08759600 -0.05192800 -0.02568200
v 0.08763900 -0.05208200 -0.02578600
v 0.08768100 -0.05223200 -0.02589700
v 0.08772200 -0.05237700 -0.02601300
v 0.08776100 -0.05251900 -0.02613400
v 0.08779900 -0.05265600 -0.02626100
v 0.08783600 -0.05278800 -0.02639400
v 0.08787200 -0.05291600 -0.02653100
v 0.08790600 -0.05303800 -0.02667300
v 0.08793800 -0.05315500 -0.02682000
v 0.08796900 -0.05326700 -0.02697200
v 0.08799900 -0.05337400 -0.02712700
v 0.08802700 -0.05347400 -0.02728700
v 0.08805400 -0.05356900 -0.02745000
v 0.08807800 -0.05365800 -0.02761700
v 0.08810100 -0.05374100 -0.02778700
v 0.08812300 -0.05381700 -0.02796100
v 0.08814200 -0.05388800 -0.02813700
v 0.08816000 -0.05395100 -0.02831600
v 0.08817600 -0.05400900 -0.02849700
v 0.08819000 -0.05406000 -0.02868000
v 0.08820300 -0.05410400 -0.02886500
v 0.08821300 -0.05414200 -0.02905200
v 0.08822200 -0.05417200 -0.02924000
v 0.08822800 -0.05419600 -0.02942900
v 0.08823300 -0.05421300 -0.02961900
v 0.08823600 -0.05422400 -0.02980900
v 0.08825700 -0.05418700 -0.02981000
v 0.08825400 -0.05417700 -0.02962100
v 0.08824900 -0.05416000 -0.02943200
v 0.08824300 -0.05413600 -0.02924400
v 0.08823400 -0.05410500 -0.02905700
v 0.08822400 -0.05406800 -0.02887200
v 0.08821100 -0.05402400 -0.02868800
v 0.08819700 -0.05397300 -0.02850600
v 0.08818100 -0.05391600 -0.02832500
v 0.08816400 -0.05385300 -0.02814800
v 0.08814400 -0.05378300 -0.02797300
v 0.08812300 -0.05370700 -0.02780000
v 0.08810000 -0.05362400 -0.02763100
v 0.08807500 -0.05353600 -0.02746500
v 0.08804900 -0.05344200 -0.02730300
v 0.08802100 -0.05334200 -0.02714400
v 0.08799200 -0.05323600 -0.02698900
v 0.08796100 -0.05312500 -0.02683900
v 0.08792800 -0.05300800 -0.02669300
v 0.08789500 -0.05288600 -0.02655200
v 0.08785900 -0.05276000 -0.02641500
v 0.08782300 -0.05262800 -0.02628300
v 0.08778500 -0.05249200 -0.02615700
v 0.08774500 -0.05235100 -0.02603600
v 0.08770500 -0.05220600 -0.02592100
v 0.08766400 -0.05205700 -0.02581100
v 0.08762100 -0.05190500 -0.02570700
v 0.08757700 -0.05174800 -0.02560900
v 0.08753300 -0.05158800 -0.02551800
v 0.08748700 -0.05142500 -0.02543200
v 0.08744100 -0.05125900 -0.02535300
v 0.08739400 -0.05109100 -0.02528000
v 0.08734700 -0.05091900 -0.02521500
v 0.08729800 -0.05074600 -0.02515500
v 0.08724900 -0.05057000 -0.02510300
v 0.08720000 -0.05039300 -0.02505700
v 0.08715000 -0.05021400 -0.02501800
v 0.08710000 -0.05003400 -0.02498700
v 0.08704900 -0.04985300 -0.02496200
v 0.08699900 -0.04967100 -0.02494400
v 0.08694800 -0.04948900 -0.02493400
v 0.08689700 -0.04930600 -0.02493000
v 0.08684600 -0.04912400 -0.02493400
v 0.08679500 -0.04894100 -0.02494400
v 0.08674500 -0.04875900 -0.02496200
v 0.08669400 -0.04857800 -0.02498700
v 0.08664400 -0.04839800 -0.02501800
v 0.08659400 -0.04821900 -0.02505700
v 0.08654500 -0.04804200 -0.02510300
v 0.08649600 -0.04786700 -0.02515500
v 0.08644800 -0.04769300 -0.02521500
v 0.08640000 -0.04752200 -0.02528000
v 0.08635300 -0.04735300 -0.02535300
v 0.08630700 -0.04718700 -0.02543200
v 0.08626100 -0.04702400 -0.02551800
v 0.08621700 -0.04686400 -0.02560900
v 0.08617300 -0.04670800 -0.02570700
v 0.08613100 -0.04655500 -0.02581100
v 0.08608900 -0.04640600 -0.02592100
v 0.08604900 -0.04626100 -0.02603600
v 0.08601000 -0.04612000 -0.02615700
v 0.08597200 -0.04598400 -0.02628300
v 0.08593500 -0.04585300 -0.02641500
v 0.08590000 -0.04572600 -0.02655200
v 0.08586600 -0.04560400 -0.02669300
v 0.08583300 -0.04548800 -0.02683900
v 0.08580200 -0.04537700 -0.02698900
v 0.08577300 -0.04527100 -0.02714400
v 0.08574500 -0.04517100 -0.02730300
v 0.08571900 -0.04507700 -0.02746500
v 0.08569400 -0.04498800 -0.02763100
v 0.08567100 -0.04490600 -0.02780000
v 0.08565000 -0.04483000 -0.02797300
v 0.08563100 -0.04476000 -0.02814800
v 0.08561300 -0.04469600 -0.02832500
v 0.08559700 -0.04463900 -0.02850600
v 0.08558300 -0.04458900 -0.02868800
v 0.08557100 -0.04454500 -0.02887200
v 0.08556000 -0.04450700 -0.02905700
v 0.08555200 -0.04447700 -0.02924400
v 0.08554500 -0.04445300 -0.02943200
v 0.08554000 -0.04443600 -0.02962100
v 0.08553800 -0.04442600 -0.02981000
v 0.08553700 -0.04442200 -0.03000000
v 0.08550000 -0.04440100 -0.03000000
v 0.08689700 -0.04930600 -0.03507000
v 0.08825800 -0.05419000 -0.03000000
v 0.08823700 -0.05422700 -0.03000000
v 0.08686800 -0.04931400 -0.03510000
v 0.08684300 -0.04922200 -0.03509900
v 0.08681700 -0.04913100 -0.03509600
v 0.08679200 -0.04903900 -0.03509200
v 0.08676600 -0.04894700 -0.03508600
v 0.08674000 -0.04885600 -0.03507800
v 0.08671500 -0.04876400 -0.03506800
v 0.08669000 -0.04867300 -0.03505600
v 0.08666400 -0.04858200 -0.03504300
v 0.08663900 -0.04849100 -0.03502800
v 0.08661400 -0.04840100 -0.03501100
v 0.08658900 -0.04831100 -0.03499200
v 0.08656400 -0.04822100 -0.03497200
v 0.08653900 -0.04813200 -0.03495000
v 0.08651400 -0.04804300 -0.03492600
v 0.08648900 -0.04795400 -0.03490100
v 0.08646500 -0.04786600 -0.03487300
v 0.08644000 -0.04777900 -0.03484400
v 0.08641600 -0.04769200 -0.03481400
v 0.08639200 -0.04760500 -0.03478100
v 0.08636800 -0.04751900 -0.03474700
v 0.08634400 -0.04743400 -0.03471200
v 0.08632100 -0.04735000 -0.03467400
v 0.08629800 -0.04726600 -0.03463600
v 0.08627400 -0.04718300 -0.03459500
v 0.08625100 -0.04710000 -0.03455300
v 0.08622900 -0.04701900 -0.03450900
v 0.08620600 -0.04693800 -0.03446400
v 0.08618400 -0.04685800 -0.03441700
v 0.08616200 -0.04677900 -0.03436800
v 0.08614000 -0.04670000 -0.03431800
v 0.08611900 -0.04662300 -0.03426700
v 0.08609700 -0.04654700 -0.03421400
v 0.08607600 -0.04647100 -0.03415900
v 0.08605600 -0.04639700 -0.03410300
v 0.08603500 -0.04632300 -0.03404600
v 0.08601500 -0.04625100 -0.03398700
v 0.08599500 -0.04618000 -0.03392700
v 0.08597500 -0.04611000 -0.03386600
v 0.08595600 -0.04604100 -0.03380300
v 0.08593700 -0.04597300 -0.03373900
v 0.08591900 -0.04590600 -0.03367300
v 0.08590000 -0.04584000 -0.03360600
v 0.08588300 -0.04577600 -0.03353800
v 0.08586500 -0.04571300 -0.03346900
v 0.08584800 -0.04565100 -0.03339800
v 0.08583100 -0.04559000 -0.03332700
v 0.08581400 -0.04553100 -0.03325400
v 0.08579800 -0.04547300 -0.03318000
v 0.08578200 -0.04541700 -0.03310500
v 0.08576700 -0.04536100 -0.03302800
v 0.08575200 -0.04530700 -0.03295100
v 0.08573700 -0.04525500 -0.03287300
v 0.08572300 -0.04520400 -0.03279400
v 0.08570900 -0.04515400 -0.03271300
v 0.08569600 -0.04510600 -0.03263200
v 0.08568300 -0.04506000 -0.03255000
v 0.08567000 -0.04501400 -0.03246700
v 0.08565800 -0.04497100 -0.03238300
v 0.08564600 -0.04492900 -0.03229800
v 0.08563500 -0.04488800 -0.03221300
v 0.08562400 -0.04484900 -0.03212600
v 0.08561400 -0.04481100 -0.03203900
v 0.08560400 -0.04477500 -0.03195200
v 0.08559400 -0.04474100 -0.03186300
v 0.08558500 -0.04470800 -0.03177400
v 0.08557600 -0.04467700 -0.03168400
v 0.08556800 -0.04464800 -0.03159400
v 0.08556000 -0.04462000 -0.03150300
v 0.08555300 -0.04459300 -0.03141200
v 0.08554600 -0.04456900 -0.03132000
v 0.08554000 -0.04454600 -0.03122800
v 0.08553400 -0.04452500 -0.03113500
v 0.08552800 -0.04450500 -0.03104200
v 0.08552300 -0.04448700 -0.03094800
v 0.08551900 -0.04447100 -0.03085400
v 0.08551500 -0.04445600 -0.03076000
v 0.08551100 -0.04444300 -0.03066600
v 0.08550800 -0.04443200 -0.03057100
v 0.08550600 -0.04442300 -0.03047600
v 0.08550300 -0.04441500 -0.03038100
v 0.08550200 -0.04440900 -0.03028600
v 0.08550100 -0.04440500 -0.03019100
v 0.08550000 -0.04440200 -0.03009500
v 0.08823700 -0.05422600 -0.03009500
v 0.08823600 -0.05422400 -0.03019100
v 0.08823500 -0.05421900 -0.03028600
v 0.08823300 -0.05421300 -0.03038100
v 0.08823100 -0.05420600 -0.03047600
v 0.08822800 -0.05419600 -0.03057100
v 0.08822500 -0.05418500 -0.03066600
v 0.08822200 -0.05417200 -0.03076000
v 0.08821800 -0.05415800 -0.03085400
v 0.08821300 -0.05414200 -0.03094800
v 0.08820800 -0.05412400 -0.03104200
v 0.08820300 -0.05410400 -0.03113500
v 0.08819700 -0.05408300 -0.03122800
v 0.08819000 -0.05406000 -0.03132000
v 0.08818300 -0.05403500 -0.03141200
v 0.08817600 -0.05400900 -0.03150300
v 0.08816800 -0.05398100 -0.03159400
v 0.08816000 -0.05395100 -0.03168400
v 0.08815100 -0.05392000 -0.03177400
v 0.08814200 -0.05388800 -0.03186300
v 0.08813300 -0.05385300 -0.03195200
v 0.08812300 -0.05381700 -0.03203900
v 0.08811200 -0.05378000 -0.03212600
v 0.08810100 -0.05374100 -0.03221300
v 0.08809000 -0.05370000 -0.03229800
v 0.08807800 -0.05365800 -0.03238300
v 0.08806600 -0.05361400 -0.03246700
v 0.08805400 -0.05356900 -0.03255000
v 0.08804100 -0.05352200 -0.03263200
v 0.08802700 -0.05347400 -0.03271300
v 0.08801300 -0.05342500 -0.03279400
v 0.08799900 -0.05337400 -0.03287300
v 0.08798400 -0.05332100 -0.03295100
v 0.08796900 -0.05326700 -0.03302800
v 0.08795400 -0.05321200 -0.03310500
v 0.08793800 -0.05315500 -0.03318000
v 0.08792200 -0.05309700 -0.03325400
v 0.08790600 -0.05303800 -0.03332700
v 0.08788900 -0.05297800 -0.03339800
v 0.08787200 -0.05291600 -0.03346900
v 0.08785400 -0.05285300 -0.03353800
v 0.08783600 -0.05278800 -0.03360600
v 0.08781800 -0.05272300 -0.03367300
v 0.08779900 -0.05265600 -0.03373900
v 0.08778000 -0.05258800 -0.03380300
v 0.08776100 -0.05251900 -0.03386600
v 0.08774100 -0.05244900 -0.03392700
v 0.08772200 -0.05237700 -0.03398700
v 0.08770100 -0.05230500 -0.03404600
v 0.08768100 -0.05223200 -0.03410300
v 0.08766000 -0.05215700 -0.03415900
v 0.08763900 -0.05208200 -0.03421400
v 0.08761800 -0.05200500 -0.03426700
v 0.08759600 -0.05192800 -0.03431800
v 0.08757500 -0.05185000 -0.03436800
v 0.08755300 -0.05177100 -0.03441700
v 0.08753000 -0.05169100 -0.03446400
v 0.08750800 -0.05161000 -0.03450900
v 0.08748500 -0.05152800 -0.03455300
v 0.08746200 -0.05144600 -0.03459500
v 0.08743900 -0.05136300 -0.03463600
v 0.08741600 -0.05127900 -0.03467400
v 0.08739200 -0.05119400 -0.03471200
v 0.08736800 -0.05110900 -0.03474700
v 0.08734400 -0.05102300 -0.03478100
v 0.08732000 -0.05093700 -0.03481400
v 0.08729600 -0.05085000 -0.03484400
v 0.08727200 -0.05076200 -0.03487300
v 0.08724700 -0.05067400 -0.03490100
v 0.08722200 -0.05058600 -0.03492600
v 0.08719800 -0.05049700 -0.03495000
v 0.08717300 -0.05040700 -0.03497200
v 0.08714800 -0.05031800 -0.03499200
v 0.08712300 -0.05022800 -0.03501100
v 0.08709700 -0.05013700 -0.03502800
v 0.08707200 -0.05004600 -0.03504300
v 0.08704700 -0.04995600 -0.03505600
v 0.08702100 -0.04986400 -0.03506800
v 0.08699600 -0.04977300 -0.03507800
v 0.08697100 -0.04968100 -0.03508600
v 0.08694500 -0.04959000 -0.03509200
v 0.08691900 -0.04949800 -0.03509600
v 0.08689400 -0.04940600 -0.03509900
v 0.08553700 -0.04442300 -0.03009500
v 0.08553800 -0.04442600 -0.03019000
v 0.08553900 -0.04443000 -0.03028400
v 0.08554000 -0.04443600 -0.03037900
v 0.08554300 -0.04444400 -0.03047300
v 0.08554500 -0.04445300 -0.03056800
v 0.08554800 -0.04446400 -0.03066200
v 0.08555200 -0.04447700 -0.03075600
v 0.08555600 -0.04449100 -0.03084900
v 0.08556000 -0.04450700 -0.03094300
v 0.08556500 -0.04452500 -0.03103600
v 0.08557100 -0.04454500 -0.03112800
v 0.08557700 -0.04456600 -0.03122000
v 0.08558300 -0.04458900 -0.03131200
v 0.08559000 -0.04461300 -0.03140400
v 0.08559700 -0.04463900 -0.03149400
v 0.08560500 -0.04466700 -0.03158500
v 0.08561300 -0.04469600 -0.03167500
v 0.08562200 -0.04472700 -0.03176400
v 0.08563100 -0.04476000 -0.03185200
v 0.08564000 -0.04479400 -0.03194000
v 0.08565000 -0.04483000 -0.03202700
v 0.08566000 -0.04486700 -0.03211400
v 0.08567100 -0.04490600 -0.03220000
v 0.08568300 -0.04494600 -0.03228500
v 0.08569400 -0.04498800 -0.03236900
v 0.08570600 -0.04503200 -0.03245200
v 0.08571900 -0.04507700 -0.03253500
v 0.08573200 -0.04512300 -0.03261700
v 0.08574500 -0.04517100 -0.03269700
v 0.08575900 -0.04522000 -0.03277700
v 0.08577300 -0.04527100 -0.03285600
v 0.08578800 -0.04532300 -0.03293400
v 0.08580200 -0.04537700 -0.03301100
v 0.08581800 -0.04543100 -0.03308600
v 0.08583300 -0.04548800 -0.03316100
v 0.08584900 -0.04554500 -0.03323500
v 0.08586600 -0.04560400 -0.03330700
v 0.08588300 -0.04566400 -0.03337800
v 0.08590000 -0.04572600 -0.03344800
v 0.08591700 -0.04578900 -0.03351700
v 0.08593500 -0.04585300 -0.03358500
v 0.08595300 -0.04591800 -0.03365100
v 0.08597200 -0.04598400 -0.03371700
v 0.08599100 -0.04605200 -0.03378000
v 0.08601000 -0.04612000 -0.03384300
v 0.08602900 -0.04619000 -0.03390400
v 0.08604900 -0.04626100 -0.03396400
v 0.08606900 -0.04633300 -0.03402200
v 0.08608900 -0.04640600 -0.03407900
v 0.08611000 -0.04648000 -0.03413500
v 0.08613100 -0.04655500 -0.03418900
v 0.08615200 -0.04663100 -0.03424200
v 0.08617300 -0.04670800 -0.03429300
v 0.08619500 -0.04678600 -0.03434300
v 0.08621700 -0.04686400 -0.03439100
v 0.08623900 -0.04694400 -0.03443700
v 0.08626100 -0.04702400 -0.03448200
v 0.08628400 -0.04710500 -0.03452600
v 0.08630700 -0.04718700 -0.03456800
v 0.08633000 -0.04727000 -0.03460800
v 0.08635300 -0.04735300 -0.03464700
v 0.08637600 -0.04743700 -0.03468400
v 0.08640000 -0.04752200 -0.03472000
v 0.08642400 -0.04760700 -0.03475300
v 0.08644800 -0.04769300 -0.03478500
v 0.08647200 -0.04778000 -0.03481600
v 0.08649600 -0.04786700 -0.03484500
v 0.08652000 -0.04795400 -0.03487200
v 0.08654500 -0.04804200 -0.03489700
v 0.08657000 -0.04813100 -0.03492100
v 0.08659400 -0.04821900 -0.03494300
v 0.08661900 -0.04830900 -0.03496300
v 0.08664400 -0.04839800 -0.03498200
v 0.08666900 -0.04848800 -0.03499800
v 0.08669400 -0.04857800 -0.03501300
v 0.08672000 -0.04866900 -0.03502700
v 0.08674500 -0.04875900 -0.03503800
v 0.08677000 -0.04885000 -0.03504800
v 0.08679500 -0.04894100 -0.03505600
v 0.08682100 -0.04903200 -0.03506200
v 0.08684600 -0.04912400 -0.03506600
v 0.08687200 -0.04921500 -0.03506900
v 0.08692300 -0.04939800 -0.03506900
v 0.08694800 -0.04948900 -0.03506600
v 0.08697300 -0.04958000 -0.03506200
v 0.08699900 -0.04967100 -0.03505600
v 0.08702400 -0.04976200 -0.03504800
v 0.08704900 -0.04985300 -0.03503800
v 0.08707500 -0.04994400 -0.03502700
v 0.08710000 -0.05003400 -0.03501300
v 0.08712500 -0.05012400 -0.03499800
v 0.08715000 -0.05021400 -0.03498200
v 0.08717500 -0.05030400 -0.03496300
v 0.08720000 -0.05039300 -0.03494300
v 0.08722500 -0.05048200 -0.03492100
v 0.08724900 -0.05057000 -0.03489700
v 0.08727400 -0.05065800 -0.03487200
v 0.08729800 -0.05074600 -0.03484500
v 0.08732200 -0.05083300 -0.03481600
v 0.08734700 -0.05091900 -0.03478500
v 0.08737000 -0.05100500 -0.03475300
v 0.08739400 -0.05109100 -0.03472000
v 0.08741800 -0.05117500 -0.03468400
v 0.08744100 -0.05125900 -0.03464700
v 0.08746400 -0.05134300 -0.03460800
v 0.08748700 -0.05142500 -0.03456800
v 0.08751000 -0.05150700 -0.03452600
v 0.08753300 -0.05158800 -0.03448200
v 0.08755500 -0.05166900 -0.03443700
v 0.08757700 -0.05174800 -0.03439100
v 0.08759900 -0.05182700 -0.03434300
v 0.08762100 -0.05190500 -0.03429300
v 0.08764200 -0.05198200 -0.03424200
v 0.08766400 -0.05205700 -0.03418900
v 0.08768400 -0.05213200 -0.03413500
v 0.08770500 -0.05220600 -0.03407900
v 0.08772500 -0.05227900 -0.03402200
v 0.08774500 -0.05235100 -0.03396400
v 0.08776500 -0.05242200 -0.03390400
v 0.08778500 -0.05249200 -0.03384300
v 0.08780400 -0.05256100 -0.03378000
v 0.08782300 -0.05262800 -0.03371700
v 0.08784100 -0.05269500 -0.03365100
v 0.08785900 -0.05276000 -0.03358500
v 0.08787700 -0.05282400 -0.03351700
v 0.08789500 -0.05288600 -0.03344800
v 0.08791200 -0.05294800 -0.03337800
v 0.08792800 -0.05300800 -0.03330700
v 0.08794500 -0.05306700 -0.03323500
v 0.08796100 -0.05312500 -0.03316100
v 0.08797700 -0.05318100 -0.03308600
v 0.08799200 -0.05323600 -0.03301100
v 0.08800700 -0.05328900 -0.03293400
v 0.08802100 -0.05334200 -0.03285600
v 0.08803500 -0.05339200 -0.03277700
v 0.08804900 -0.05344200 -0.03269700
v 0.08806300 -0.05349000 -0.03261700
v 0.08807500 -0.05353600 -0.03253500
v 0.08808800 -0.05358100 -0.03245200
v 0.08810000 -0.05362400 -0.03236900
v 0.08811200 -0.05366600 -0.03228500
v 0.08812300 -0.05370700 -0.03220000
v 0.08813400 -0.05374500 -0.03211400
v 0.08814400 -0.05378300 -0.03202700
v 0.08815400 -0.05381800 -0.03194000
v 0.08816400 -0.05385300 -0.03185200
v 0.08817300 -0.05388500 -0.03176400
v 0.08818100 -0.05391600 -0.03167500
v 0.08819000 -0.05394600 -0.03158500
v 0.08819700 -0.05397300 -0.03149400
v 0.08820500 -0.05399900 -0.03140400
v 0.08821100 -0.05402400 -0.03131200
v 0.08821800 -0.05404700 -0.03122000
v 0.08822400 -0.05406800 -0.03112800
v 0.08822900 -0.05408700 -0.03103600
v 0.08823400 -0.05410500 -0.03094300
v 0.08823800 -0.05412100 -0.03084900
v 0.08824300 -0.05413600 -0.03075600
v 0.08824600 -0.05414800 -0.03066200
v 0.08824900 -0.05416000 -0.03056800
v 0.08825200 -0.05416900 -0.03047300
v 0.08825400 -0.05417700 -0.03037900
v 0.08825600 -0.05418300 -0.03028400
v 0.08825700 -0.05418700 -0.03019000
v 0.08825700 -0.05418900 -0.03009500
v 0.08551900 -0.04441400 -0.03013800
v 0.08552300 -0.04442800 -0.03041500
v 0.08552600 -0.04444000 -0.03054700
v 0.08553500 -0.04447300 -0.03080300
v 0.08553000 -0.04445500 -0.03067500
v 0.08554800 -0.04451800 -0.03105600
v 0.08554100 -0.04449400 -0.03092900
v 0.08555500 -0.04454600 -0.03118100
v 0.08557300 -0.04460900 -0.03143000
v 0.08556400 -0.04457600 -0.03130600
v 0.08559400 -0.04468500 -0.03167500
v 0.08558300 -0.04464600 -0.03155300
v 0.08560600 -0.04472700 -0.03179600
v 0.08563200 -0.04482100 -0.03203400
v 0.08561900 -0.04477300 -0.03191600
v 0.08564600 -0.04487200 -0.03215200
v 0.08566100 -0.04492600 -0.03226800
v 0.08569300 -0.04504000 -0.03249200
v 0.08567700 -0.04498100 -0.03237900
v 0.08571000 -0.04510100 -0.03260000
v 0.08572800 -0.04516400 -0.03270700
v 0.08574600 -0.04522900 -0.03281200
v 0.08576500 -0.04529700 -0.03291600
v 0.08578400 -0.04536700 -0.03301700
v 0.08580500 -0.04544000 -0.03311700
v 0.08584700 -0.04559300 -0.03331100
v 0.08582500 -0.04551500 -0.03321500
v 0.08586900 -0.04567200 -0.03340500
v 0.08591500 -0.04583800 -0.03358700
v 0.08589200 -0.04575400 -0.03349700
v 0.08593900 -0.04592400 -0.03367500
v 0.08598900 -0.04610300 -0.03384300
v 0.08596400 -0.04601200 -0.03376000
v 0.08604100 -0.04628900 -0.03400200
v 0.08601500 -0.04619500 -0.03392400
v 0.08609500 -0.04648200 -0.03415200
v 0.08606800 -0.04638400 -0.03407800
v 0.08612200 -0.04658100 -0.03422300
v 0.08617900 -0.04678500 -0.03435700
v 0.08615100 -0.04668200 -0.03429100
v 0.08620800 -0.04688900 -0.03442000
v 0.08626700 -0.04710200 -0.03453900
v 0.08623800 -0.04699500 -0.03448100
v 0.08629800 -0.04721000 -0.03459400
v 0.08635900 -0.04743000 -0.03469600
v 0.08632800 -0.04731900 -0.03464600
v 0.08639000 -0.04754200 -0.03474200
v 0.08642200 -0.04765500 -0.03478600
v 0.08648500 -0.04788400 -0.03486500
v 0.08645300 -0.04776900 -0.03482700
v 0.08651800 -0.04800000 -0.03490000
v 0.08655000 -0.04811600 -0.03493200
v 0.08661600 -0.04835200 -0.03498700
v 0.08658300 -0.04823400 -0.03496100
v 0.08665000 -0.04847700 -0.03501100
v 0.08668600 -0.04860300 -0.03503200
v 0.08675700 -0.04885800 -0.03506300
v 0.08672100 -0.04873000 -0.03504900
v 0.08679200 -0.04898600 -0.03507400
v 0.08686400 -0.04924300 -0.03508500
v 0.08682800 -0.04911200 -0.03508100
v 0.08688300 -0.04931000 -0.03508500
v 0.08692000 -0.04944400 -0.03508300
v 0.08695700 -0.04957700 -0.03507700
v 0.08699400 -0.04971000 -0.03506800
v 0.08706400 -0.04996100 -0.03504000
v 0.08703000 -0.04983800 -0.03505500
v 0.08709800 -0.05008300 -0.03502100
v 0.08713200 -0.05020600 -0.03499900
v 0.08716600 -0.05032700 -0.03497400
v 0.08723300 -0.05056800 -0.03491400
v 0.08720000 -0.05044800 -0.03494600
v 0.08726600 -0.05068800 -0.03488000
v 0.08729900 -0.05080600 -0.03484200
v 0.08736500 -0.05104000 -0.03475700
v 0.08733200 -0.05092400 -0.03480100
v 0.08739700 -0.05115600 -0.03471000
v 0.08746000 -0.05138300 -0.03460700
v 0.08742900 -0.05127000 -0.03466000
v 0.08752100 -0.05160200 -0.03449400
v 0.08749100 -0.05149500 -0.03455100
v 0.08755100 -0.05171100 -0.03443300
v 0.08760900 -0.05191800 -0.03430500
v 0.08758000 -0.05181500 -0.03437000
v 0.08763700 -0.05201900 -0.03423700
v 0.08766500 -0.05211900 -0.03416600
v 0.08769200 -0.05221700 -0.03409300
v 0.08771900 -0.05231300 -0.03401800
v 0.08777100 -0.05250000 -0.03385900
v 0.08774500 -0.05240700 -0.03394000
v 0.08779600 -0.05259000 -0.03377700
v 0.08784500 -0.05276600 -0.03360400
v 0.08782100 -0.05267900 -0.03369200
v 0.08786900 -0.05285000 -0.03351500
v 0.08791400 -0.05301200 -0.03333000
v 0.08789200 -0.05293200 -0.03342300
v 0.08795700 -0.05316600 -0.03313700
v 0.08793600 -0.05309000 -0.03323400
v 0.08799700 -0.05331000 -0.03293600
v 0.08797700 -0.05323900 -0.03303700
v 0.08801600 -0.05337800 -0.03283300
v 0.08805200 -0.05350800 -0.03262200
v 0.08803400 -0.05344400 -0.03272800
v 0.08806900 -0.05356800 -0.03251300
v 0.08810100 -0.05368200 -0.03229300
v 0.08808500 -0.05362700 -0.03240400
v 0.08811500 -0.05373600 -0.03218000
v 0.08814300 -0.05383400 -0.03195200
v 0.08813000 -0.05378600 -0.03206700
v 0.08815500 -0.05387800 -0.03183500
v 0.08816700 -0.05392100 -0.03171800
v 0.08818800 -0.05399600 -0.03148100
v 0.08817800 -0.05396000 -0.03160000
v 0.08819800 -0.05403000 -0.03136000
v 0.08820600 -0.05406100 -0.03123900
v 0.08822100 -0.05411400 -0.03099500
v 0.08821400 -0.05408900 -0.03111800
v 0.08822700 -0.05413700 -0.03086500
v 0.08823300 -0.05415700 -0.03073400
v 0.08824100 -0.05418800 -0.03047000
v 0.08823800 -0.05417400 -0.03060200
v 0.08824400 -0.05419800 -0.03033700
v 0.08824700 -0.05420800 -0.03007000
v 0.08824600 -0.05420500 -0.03020500
v 0.08553700 -0.04442200 -0.03000000
v 0.08558500 -0.04440900 -0.03000000
v 0.08689700 -0.04930600 -0.02493000
v 0.08694500 -0.04929300 -0.02493000
v 0.08825800 -0.05419000 -0.03000000
v 0.08830600 -0.05417700 -0.03000000
v 0.08553800 -0.04442600 -0.02981000
v 0.08554000 -0.04443600 -0.02962100
v 0.08554500 -0.04445300 -0.02943200
v 0.08555200 -0.04447700 -0.02924400
v 0.08556000 -0.04450700 -0.02905700
v 0.08557100 -0.04454500 -0.02887200
v 0.08558300 -0.04458900 -0.02868800
v 0.08559700 -0.04463900 -0.02850600
v 0.08561300 -0.04469600 -0.02832500
v 0.08563100 -0.04476000 -0.02814800
v 0.08565000 -0.04483000 -0.02797300
v 0.08567100 -0.04490600 -0.02780000
v 0.08569400 -0.04498800 -0.02763100
v 0.08571900 -0.04507700 -0.02746500
v 0.08574500 -0.04517100 -0.02730300
v 0.08577300 -0.04527100 -0.02714400
v 0.08580200 -0.04537700 -0.02698900
v 0.08583300 -0.04548800 -0.02683900
v 0.08586600 -0.04560400 -0.02669300
v 0.08590000 -0.04572600 -0.02655200
v 0.08593500 -0.04585300 -0.02641500
v 0.08597200 -0.04598400 -0.02628300
v 0.08601000 -0.04612000 -0.02615700
v 0.08604900 -0.04626100 -0.02603600
v 0.08608900 -0.04640600 -0.02592100
v 0.08613100 -0.04655500 -0.02581100
v 0.08617300 -0.04670800 -0.02570700
v 0.08621700 -0.04686400 -0.02560900
v 0.08626100 -0.04702400 -0.02551800
v 0.08630700 -0.04718700 -0.02543200
v 0.08635300 -0.04735300 -0.02535300
v 0.08640000 -0.04752200 -0.02528000
v 0.08644800 -0.04769300 -0.02521500
v 0.08649600 -0.04786700 -0.02515500
v 0.08654500 -0.04804200 -0.02510300
v 0.08659400 -0.04821900 -0.02505700
v 0.08664400 -0.04839800 -0.02501800
v 0.08669400 -0.04857800 -0.02498700
v 0.08674500 -0.04875900 -0.02496200
v 0.08679500 -0.04894100 -0.02494400
v 0.08684600 -0.04912400 -0.02493400
v 0.08694800 -0.04948900 -0.02493400
v 0.08699900 -0.04967100 -0.02494400
v 0.08704900 -0.04985300 -0.02496200
v 0.08710000 -0.05003400 -0.02498700
v 0.08715000 -0.05021400 -0.02501800
v 0.08720000 -0.05039300 -0.02505700
v 0.08724900 -0.05057000 -0.02510300
v 0.08729800 -0.05074600 -0.02515500
v 0.08734700 -0.05091900 -0.02521500
v 0.08739400 -0.05109100 -0.02528000
v 0.08744100 -0.05125900 -0.02535300
v 0.08748700 -0.05142500 -0.02543200
v 0.08753300 -0.05158800 -0.02551800
v 0.08757700 -0.05174800 -0.02560900
v 0.08762100 -0.05190500 -0.02570700
v 0.08766400 -0.05205700 -0.02581100
v 0.08770500 -0.05220600 -0.02592100
v 0.08774500 -0.05235100 -0.02603600
v 0.08778500 -0.05249200 -0.02615700
v 0.08782300 -0.05262800 -0.02628300
v 0.08785900 -0.05276000 -0.02641500
v 0.08789500 -0.05288600 -0.02655200
v 0.08792800 -0.05300800 -0.02669300
v 0.08796100 -0.05312500 -0.02683900
v 0.08799200 -0.05323600 -0.02698900
v 0.08802100 -0.05334200 -0.02714400
v 0.08804900 -0.05344200 -0.02730300
v 0.08807500 -0.05353600 -0.02746500
v 0.08810000 -0.05362400 -0.02763100
v 0.08812300 -0.05370700 -0.02780000
v 0.08814400 -0.05378300 -0.02797300
v 0.08816400 -0.05385300 -0.02814800
v 0.08818100 -0.05391600 -0.02832500
v 0.08819700 -0.05397300 -0.02850600
v 0.08821100 -0.05402400 -0.02868800
v 0.08822400 -0.05406800 -0.02887200
v 0.08823400 -0.05410500 -0.02905700
v 0.08824300 -0.05413600 -0.02924400
v 0.08824900 -0.05416000 -0.02943200
v 0.08825400 -0.05417700 -0.02962100
v 0.08825700 -0.05418700 -0.02981000
v 0.08830500 -0.05417200 -0.02977900
v 0.08830100 -0.05415800 -0.02955800
v 0.08829400 -0.05413500 -0.02933800
v 0.08828500 -0.05410300 -0.02912000
v 0.08827400 -0.05406100 -0.02890300
v 0.08826000 -0.05401000 -0.02868800
v 0.08824300 -0.05395100 -0.02847500
v 0.08822400 -0.05388200 -0.02826600
v 0.08820200 -0.05380500 -0.02806000
v 0.08817800 -0.05371900 -0.02785700
v 0.08815200 -0.05362500 -0.02765900
v 0.08812400 -0.05352200 -0.02746500
v 0.08809300 -0.05341200 -0.02727600
v 0.08806000 -0.05329400 -0.02709200
v 0.08802500 -0.05316800 -0.02691400
v 0.08798800 -0.05303400 -0.02674100
v 0.08794800 -0.05289400 -0.02657500
v 0.08790700 -0.05274600 -0.02641500
v 0.08786400 -0.05259200 -0.02626200
v 0.08782000 -0.05243200 -0.02611600
v 0.08777400 -0.05226600 -0.02597800
v 0.08772600 -0.05209400 -0.02584700
v 0.08767600 -0.05191700 -0.02572400
v 0.08762600 -0.05173500 -0.02560900
v 0.08757400 -0.05154800 -0.02550300
v 0.08752000 -0.05135700 -0.02540500
v 0.08746600 -0.05116200 -0.02531600
v 0.08741100 -0.05096300 -0.02523600
v 0.08735400 -0.05076100 -0.02516500
v 0.08729700 -0.05055700 -0.02510300
v 0.08724000 -0.05035000 -0.02505000
v 0.08718200 -0.05014100 -0.02500700
v 0.08712300 -0.04993000 -0.02497300
v 0.08706400 -0.04971800 -0.02494900
v 0.08700500 -0.04950600 -0.02493500
v 0.08688600 -0.04908000 -0.02493500
v 0.08682700 -0.04886700 -0.02494900
v 0.08676800 -0.04865500 -0.02497300
v 0.08670900 -0.04844500 -0.02500700
v 0.08665100 -0.04823600 -0.02505000
v 0.08659300 -0.04802900 -0.02510300
v 0.08653600 -0.04782400 -0.02516500
v 0.08648000 -0.04762200 -0.02523600
v 0.08642500 -0.04742400 -0.02531600
v 0.08637000 -0.04722900 -0.02540500
v 0.08631700 -0.04703800 -0.02550300
v 0.08626500 -0.04685100 -0.02560900
v 0.08621400 -0.04666900 -0.02572400
v 0.08616500 -0.04649100 -0.02584700
v 0.08611700 -0.04632000 -0.02597800
v 0.08607100 -0.04615300 -0.02611600
v 0.08602600 -0.04599300 -0.02626200
v 0.08598300 -0.04583900 -0.02641500
v 0.08594200 -0.04569200 -0.02657500
v 0.08590300 -0.04555100 -0.02674100
v 0.08586600 -0.04541800 -0.02691400
v 0.08583100 -0.04529200 -0.02709200
v 0.08579800 -0.04517400 -0.02727600
v 0.08576700 -0.04506300 -0.02746500
v 0.08573800 -0.04496100 -0.02765900
v 0.08571200 -0.04486600 -0.02785700
v 0.08568800 -0.04478100 -0.02806000
v 0.08566700 -0.04470300 -0.02826600
v 0.08564800 -0.04463500 -0.02847500
v 0.08563100 -0.04457500 -0.02868800
v 0.08561700 -0.04452500 -0.02890300
v 0.08560500 -0.04448300 -0.02912000
v 0.08559600 -0.04445100 -0.02933800
v 0.08559000 -0.04442700 -0.02955800
v 0.08558600 -0.04441300 -0.02977900
v 0.08825800 -0.05419000 -0.03000000
v 0.08830600 -0.05417700 -0.03000000
v 0.08689700 -0.04930600 -0.03507000
v 0.08694500 -0.04929300 -0.03507000
v 0.08553700 -0.04442200 -0.03000000
v 0.08558500 -0.04440900 -0.03000000
v 0.08825700 -0.05418900 -0.03009500
v 0.08825700 -0.05418700 -0.03019000
v 0.08825600 -0.05418300 -0.03028400
v 0.08825400 -0.05417700 -0.03037900
v 0.08825200 -0.05416900 -0.03047300
v 0.08824900 -0.05416000 -0.03056800
v 0.08824600 -0.05414800 -0.03066200
v 0.08824300 -0.05413600 -0.03075600
v 0.08823800 -0.05412100 -0.03084900
v 0.08823400 -0.05410500 -0.03094300
v 0.08822900 -0.05408700 -0.03103600
v 0.08822400 -0.05406800 -0.03112800
v 0.08821800 -0.05404700 -0.03122000
v 0.08821100 -0.05402400 -0.03131200
v 0.08820500 -0.05399900 -0.03140400
v 0.08819700 -0.05397300 -0.03149400
v 0.08819000 -0.05394600 -0.03158500
v 0.08818100 -0.05391600 -0.03167500
v 0.08817300 -0.05388500 -0.03176400
v 0.08816400 -0.05385300 -0.03185200
v 0.08815400 -0.05381800 -0.03194000
v 0.08814400 -0.05378300 -0.03202700
v 0.08813400 -0.05374500 -0.03211400
v 0.08812300 -0.05370700 -0.03220000
v 0.08811200 -0.05366600 -0.03228500
v 0.08810000 -0.05362400 -0.03236900
v 0.08808800 -0.05358100 -0.03245200
v 0.08807500 -0.05353600 -0.03253500
v 0.08806300 -0.05349000 -0.03261700
v 0.08804900 -0.05344200 -0.03269700
v 0.08803500 -0.05339200 -0.03277700
v 0.08802100 -0.05334200 -0.03285600
v 0.08800700 -0.05328900 -0.03293400
v 0.08799200 -0.05323600 -0.03301100
v 0.08797700 -0.05318100 -0.03308600
v 0.08796100 -0.05312500 -0.03316100
v 0.08794500 -0.05306700 -0.03323500
v 0.08792800 -0.05300800 -0.03330700
v 0.08791200 -0.05294800 -0.03337800
v 0.08789500 -0.05288600 -0.03344800
v 0.08787700 -0.05282400 -0.03351700
v 0.08785900 -0.05276000 -0.03358500
v 0.08784100 -0.05269500 -0.03365100
v 0.08782300 -0.05262800 -0.03371700
v 0.08780400 -0.05256100 -0.03378000
v 0.08778500 -0.05249200 -0.03384300
v 0.08776500 -0.05242200 -0.03390400
v 0.08774500 -0.05235100 -0.03396400
v 0.08772500 -0.05227900 -0.03402200
v 0.08770500 -0.05220600 -0.03407900
v 0.08768400 -0.05213200 -0.03413500
v 0.08766400 -0.05205700 -0.03418900
v 0.08764200 -0.05198200 -0.03424200
v 0.08762100 -0.05190500 -0.03429300
v 0.08759900 -0.05182700 -0.03434300
v 0.08757700 -0.05174800 -0.03439100
v 0.08755500 -0.05166900 -0.03443700
v 0.08753300 -0.05158800 -0.03448200
v 0.08751000 -0.05150700 -0.03452600
v 0.08748700 -0.05142500 -0.03456800
v 0.08746400 -0.05134300 -0.03460800
v 0.08744100 -0.05125900 -0.03464700
v 0.08741800 -0.05117500 -0.03468400
v 0.08739400 -0.05109100 -0.03472000
v 0.08737000 -0.05100500 -0.03475300
v 0.08734700 -0.05091900 -0.03478500
v 0.08732200 -0.05083300 -0.03481600
v 0.08729800 -0.05074600 -0.03484500
v 0.08727400 -0.05065800 -0.03487200
v 0.08724900 -0.05057000 -0.03489700
v 0.08722500 -0.05048200 -0.03492100
v 0.08720000 -0.05039300 -0.03494300
v 0.08717500 -0.05030400 -0.03496300
v 0.08715000 -0.05021400 -0.03498200
v 0.08712500 -0.05012400 -0.03499800
v 0.08710000 -0.05003400 -0.03501300
v 0.08707500 -0.04994400 -0.03502700
v 0.08704900 -0.04985300 -0.03503800
v 0.08702400 -0.04976200 -0.03504800
v 0.08699900 -0.04967100 -0.03505600
v 0.08697300 -0.04958000 -0.03506200
v 0.08694800 -0.04948900 -0.03506600
v 0.08692300 -0.04939800 -0.03506900
v 0.08687200 -0.04921500 -0.03506900
v 0.08684600 -0.04912400 -0.03506600
v 0.08682100 -0.04903200 -0.03506200
v 0.08679500 -0.04894100 -0.03505600
v 0.08677000 -0.04885000 -0.03504800
v 0.08674500 -0.04875900 -0.03503800
v 0.08672000 -0.04866900 -0.03502700
v 0.08669400 -0.04857800 -0.03501300
v 0.08666900 -0.04848800 -0.03499800
v 0.08664400 -0.04839800 -0.03498200
v 0.08661900 -0.04830900 -0.03496300
v 0.08659400 -0.04821900 -0.03494300
v 0.08657000 -0.04813100 -0.03492100
v 0.08654500 -0.04804200 -0.03489700
v 0.08652000 -0.04795400 -0.03487200
v 0.08649600 -0.04786700 -0.03484500
v 0.08647200 -0.04778000 -0.03481600
v 0.08644800 -0.04769300 -0.03478500
v 0.08642400 -0.04760700 -0.03475300
v 0.08640000 -0.04752200 -0.03472000
v 0.08637600 -0.04743700 -0.03468400
v 0.08635300 -0.04735300 -0.03464700
v 0.08633000 -0.04727000 -0.03460800
v 0.08630700 -0.04718700 -0.03456800
v 0.08628400 -0.04710500 -0.03452600
v 0.08626100 -0.04702400 -0.03448200
v 0.08623900 -0.04694400 -0.03443700
v 0.08621700 -0.04686400 -0.03439100
v 0.08619500 -0.04678600 -0.03434300
v 0.08617300 -0.04670800 -0.03429300
v 0.08615200 -0.04663100 -0.03424200
v 0.08613100 -0.04655500 -0.03418900
v 0.08611000 -0.04648000 -0.03413500
v 0.08608900 -0.04640600 -0.03407900
v 0.08606900 -0.04633300 -0.03402200
v 0.08604900 -0.04626100 -0.03396400
v 0.08602900 -0.04619000 -0.03390400
v 0.08601000 -0.04612000 -0.03384300
v 0.08599100 -0.04605200 -0.03378000
v 0.08597200 -0.04598400 -0.03371700
v 0.08595300 -0.04591800 -0.03365100
v 0.08593500 -0.04585300 -0.03358500
v 0.08591700 -0.04578900 -0.03351700
v 0.08590000 -0.04572600 -0.03344800
v 0.08588300 -0.04566400 -0.03337800
v 0.08586600 -0.04560400 -0.03330700
v 0.08584900 -0.04554500 -0.03323500
v 0.08583300 -0.04548800 -0.03316100
v 0.08581800 -0.04543100 -0.03308600
v 0.08580200 -0.04537700 -0.03301100
v 0.08578800 -0.04532300 -0.03293400
v 0.08577300 -0.04527100 -0.03285600
v 0.08575900 -0.04522000 -0.03277700
v 0.08574500 -0.04517100 -0.03269700
v 0.08573200 -0.04512300 -0.03261700
v 0.08571900 -0.04507700 -0.03253500
v 0.08570600 -0.04503200 -0.03245200
v 0.08569400 -0.04498800 -0.03236900
v 0.08568300 -0.04494600 -0.03228500
v 0.08567100 -0.04490600 -0.03220000
v 0.08566000 -0.04486700 -0.03211400
v 0.08565000 -0.04483000 -0.03202700
v 0.08564000 -0.04479400 -0.03194000
v 0.08563100 -0.04476000 -0.03185200
v 0.08562200 -0.04472700 -0.03176400
v 0.08561300 -0.04469600 -0.03167500
v 0.08560500 -0.04466700 -0.03158500
v 0.08559700 -0.04463900 -0.03149400
v 0.08559000 -0.04461300 -0.03140400
v 0.08558300 -0.04458900 -0.03131200
v 0.08557700 -0.04456600 -0.03122000
v 0.08557100 -0.04454500 -0.03112800
v 0.08556500 -0.04452500 -0.03103600
v 0.08556000 -0.04450700 -0.03094300
v 0.08555600 -0.04449100 -0.03084900
v 0.08555200 -0.04447700 -0.03075600
v 0.08554800 -0.04446400 -0.03066200
v 0.08554500 -0.04445300 -0.03056800
v 0.08554300 -0.04444400 -0.03047300
v 0.08554000 -0.04443600 -0.03037900
v 0.08553900 -0.04443000 -0.03028400
v 0.08553800 -0.04442600 -0.03019000
v 0.08553700 -0.04442300 -0.03009500
v 0.08558600 -0.04441300 -0.03022100
v 0.08559000 -0.04442700 -0.03044200
v 0.08559600 -0.04445100 -0.03066200
v 0.08560500 -0.04448300 -0.03088000
v 0.08561700 -0.04452500 -0.03109700
v 0.08563100 -0.04457500 -0.03131200
v 0.08564800 -0.04463500 -0.03152500
v 0.08566700 -0.04470300 -0.03173400
v 0.08568800 -0.04478100 -0.03194000
v 0.08571200 -0.04486600 -0.03214300
v 0.08573800 -0.04496100 -0.03234100
v 0.08576700 -0.04506300 -0.03253500
v 0.08579800 -0.04517400 -0.03272400
v 0.08583100 -0.04529200 -0.03290800
v 0.08586600 -0.04541800 -0.03308600
v 0.08590300 -0.04555100 -0.03325900
v 0.08594200 -0.04569200 -0.03342500
v 0.08598300 -0.04583900 -0.03358500
v 0.08602600 -0.04599300 -0.03373800
v 0.08607100 -0.04615300 -0.03388400
v 0.08611700 -0.04632000 -0.03402200
v 0.08616500 -0.04649100 -0.03415300
v 0.08621400 -0.04666900 -0.03427600
v 0.08626500 -0.04685100 -0.03439100
v 0.08631700 -0.04703800 -0.03449700
v 0.08637000 -0.04722900 -0.03459500
v 0.08642500 -0.04742400 -0.03468400
v 0.08648000 -0.04762200 -0.03476400
v 0.08653600 -0.04782400 -0.03483500
v 0.08659300 -0.04802900 -0.03489700
v 0.08665100 -0.04823600 -0.03495000
v 0.08670900 -0.04844500 -0.03499300
v 0.08676800 -0.04865500 -0.03502700
v 0.08682700 -0.04886700 -0.03505100
v 0.08688600 -0.04908000 -0.03506500
v 0.08700500 -0.04950600 -0.03506500
v 0.08706400 -0.04971800 -0.03505100
v 0.08712300 -0.04993000 -0.03502700
v 0.08718200 -0.05014100 -0.03499300
v 0.08724000 -0.05035000 -0.03495000
v 0.08729700 -0.05055700 -0.03489700
v 0.08735400 -0.05076100 -0.03483500
v 0.08741100 -0.05096300 -0.03476400
v 0.08746600 -0.05116200 -0.03468400
v 0.08752000 -0.05135700 -0.03459500
v 0.08757400 -0.05154800 -0.03449700
v 0.08762600 -0.05173500 -0.03439100
v 0.08767600 -0.05191700 -0.03427600
v 0.08772600 -0.05209400 -0.03415300
v 0.08777400 -0.05226600 -0.03402200
v 0.08782000 -0.05243200 -0.03388400
v 0.08786400 -0.05259200 -0.03373800
v 0.08790700 -0.05274600 -0.03358500
v 0.08794800 -0.05289400 -0.03342500
v 0.08798800 -0.05303400 -0.03325900
v 0.08802500 -0.05316800 -0.03308600
v 0.08806000 -0.05329400 -0.03290800
v 0.08809300 -0.05341200 -0.03272400
v 0.08812400 -0.05352200 -0.03253500
v 0.08815200 -0.05362500 -0.03234100
v 0.08817800 -0.05371900 -0.03214300
v 0.08820200 -0.05380500 -0.03194000
v 0.08822400 -0.05388200 -0.03173400
v 0.08824300 -0.05395100 -0.03152500
v 0.08826000 -0.05401000 -0.03131200
v 0.08827400 -0.05406100 -0.03109700
v 0.08828500 -0.05410300 -0.03088000
v 0.08829400 -0.05413500 -0.03066200
v 0.08830100 -0.05415800 -0.03044200
v 0.08830500 -0.05417200 -0.03022100
v 0.08558500 -0.04440900 -0.03000000
v 0.08548600 -0.04399000 -0.03000000
v 0.08694500 -0.04929300 -0.02493000
v 0.08830600 -0.05417700 -0.03000000
v 0.08843800 -0.05458600 -0.03000000
v 0.08558600 -0.04441300 -0.02977900
v 0.08559000 -0.04442700 -0.02955800
v 0.08559600 -0.04445100 -0.02933800
v 0.08560500 -0.04448300 -0.02912000
v 0.08561700 -0.04452500 -0.02890300
v 0.08563100 -0.04457500 -0.02868800
v 0.08564800 -0.04463500 -0.02847500
v 0.08566700 -0.04470300 -0.02826600
v 0.08568800 -0.04478100 -0.02806000
v 0.08571200 -0.04486600 -0.02785700
v 0.08573800 -0.04496100 -0.02765900
v 0.08576700 -0.04506300 -0.02746500
v 0.08579800 -0.04517400 -0.02727600
v 0.08583100 -0.04529200 -0.02709200
v 0.08586600 -0.04541800 -0.02691400
v 0.08590300 -0.04555100 -0.02674100
v 0.08594200 -0.04569200 -0.02657500
v 0.08598300 -0.04583900 -0.02641500
v 0.08602600 -0.04599300 -0.02626200
v 0.08607100 -0.04615300 -0.02611600
v 0.08611700 -0.04632000 -0.02597800
v 0.08616500 -0.04649100 -0.02584700
v 0.08621400 -0.04666900 -0.02572400
v 0.08626500 -0.04685100 -0.02560900
v 0.08631700 -0.04703800 -0.02550300
v 0.08637000 -0.04722900 -0.02540500
v 0.08642500 -0.04742400 -0.02531600
v 0.08648000 -0.04762200 -0.02523600
v 0.08653600 -0.04782400 -0.02516500
v 0.08659300 -0.04802900 -0.02510300
v 0.08665100 -0.04823600 -0.02505000
v 0.08670900 -0.04844500 -0.02500700
v 0.08676800 -0.04865500 -0.02497300
v 0.08682700 -0.04886700 -0.02494900
v 0.08688600 -0.04908000 -0.02493500
v 0.08700500 -0.04950600 -0.02493500
v 0.08706400 -0.04971800 -0.02494900
v 0.08712300 -0.04993000 -0.02497300
v 0.08718200 -0.05014100 -0.02500700
v 0.08724000 -0.05035000 -0.02505000
v 0.08729700 -0.05055700 -0.02510300
v 0.08735400 -0.05076100 -0.02516500
v 0.08741100 -0.05096300 -0.02523600
v 0.08746600 -0.05116200 -0.02531600
v 0.08752000 -0.05135700 -0.02540500
v 0.08757400 -0.05154800 -0.02550300
v 0.08762600 -0.05173500 -0.02560900
v 0.08767600 -0.05191700 -0.02572400
v 0.08772600 -0.05209400 -0.02584700
v 0.08777400 -0.05226600 -0.02597800
v 0.08782000 -0.05243200 -0.02611600
v 0.08786400 -0.05259200 -0.02626200
v 0.08790700 -0.05274600 -0.02641500
v 0.08794800 -0.05289400 -0.02657500
v 0.08798800 -0.05303400 -0.02674100
v 0.08802500 -0.05316800 -0.02691400
v 0.08806000 -0.05329400 -0.02709200
v 0.08809300 -0.05341200 -0.02727600
v 0.08812400 -0.05352200 -0.02746500
v 0.08815200 -0.05362500 -0.02765900
v 0.08817800 -0.05371900 -0.02785700
v 0.08820200 -0.05380500 -0.02806000
v 0.08822400 -0.05388200 -0.02826600
v 0.08824300 -0.05395100 -0.02847500
v 0.08826000 -0.05401000 -0.02868800
v 0.08827400 -0.05406100 -0.02890300
v 0.08828500 -0.05410300 -0.02912000
v 0.08829400 -0.05413500 -0.02933800
v 0.08830100 -0.05415800 -0.02955800
v 0.08830500 -0.05417200 -0.02977900
v 0.08843800 -0.05458600 -0.02995500
v 0.08843400 -0.05457200 -0.02959600
v 0.08842400 -0.05453500 -0.02923900
v 0.08840800 -0.05447600 -0.02888600
v 0.08838500 -0.05439500 -0.02853700
v 0.08835600 -0.05429200 -0.02819400
v 0.08832200 -0.05416800 -0.02785900
v 0.08828100 -0.05402300 -0.02753300
v 0.08823500 -0.05385800 -0.02721800
v 0.08818400 -0.05367400 -0.02691400
v 0.08812700 -0.05347000 -0.02662400
v 0.08806600 -0.05324900 -0.02634800
v 0.08800000 -0.05301100 -0.02608700
v 0.08792900 -0.05275800 -0.02584300
v 0.08785400 -0.05248900 -0.02561700
v 0.08777500 -0.05220700 -0.02541000
v 0.08769300 -0.05191200 -0.02522200
v 0.08760800 -0.05160600 -0.02505400
v 0.08752000 -0.05129100 -0.02490800
v 0.08743000 -0.05096600 -0.02478300
v 0.08733800 -0.05063500 -0.02468100
v 0.08724400 -0.05029800 -0.02460100
v 0.08714800 -0.04995600 -0.02454400
v 0.08705300 -0.04961200 -0.02451000
v 0.08695600 -0.04926600 -0.02450000
v 0.08686000 -0.04892100 -0.02451300
v 0.08676400 -0.04857700 -0.02455000
v 0.08666900 -0.04823600 -0.02461000
v 0.08657500 -0.04789900 -0.02469200
v 0.08648300 -0.04756900 -0.02479800
v 0.08639300 -0.04724500 -0.02492500
v 0.08630600 -0.04693100 -0.02507400
v 0.08622100 -0.04662600 -0.02524400
v 0.08613900 -0.04633300 -0.02543500
v 0.08606100 -0.04605300 -0.02564500
v 0.08598700 -0.04578600 -0.02587300
v 0.08591700 -0.04553400 -0.02611900
v 0.08585100 -0.04529800 -0.02638100
v 0.08579000 -0.04507900 -0.02665900
v 0.08573400 -0.04487800 -0.02695100
v 0.08568300 -0.04469600 -0.02725700
v 0.08563800 -0.04453300 -0.02757300
v 0.08559800 -0.04439100 -0.02790000
v 0.08556400 -0.04427000 -0.02823700
v 0.08553600 -0.04416900 -0.02858000
v 0.08551500 -0.04409100 -0.02893000
v 0.08549900 -0.04403500 -0.02928400
v 0.08548900 -0.04400100 -0.02964100
v 0.08837200 -0.05438200 -0.03000000
v 0.08837100 -0.05437600 -0.02976000
v 0.08840400 -0.05447900 -0.02975500
v 0.08837200 -0.05438000 -0.02988000
v 0.08840500 -0.05448300 -0.02987700
v 0.08553600 -0.04419900 -0.03000000
v 0.08830600 -0.05417700 -0.03000000
v 0.08843800 -0.05458600 -0.03000000
v 0.08694500 -0.04929300 -0.03507000
v 0.08558500 -0.04440900 -0.03000000
v 0.08548600 -0.04399000 -0.03000000
v 0.08830500 -0.05417200 -0.03022100
v 0.08830100 -0.05415800 -0.03044200
v 0.08829400 -0.05413500 -0.03066200
v 0.08828500 -0.05410300 -0.03088000
v 0.08827400 -0.05406100 -0.03109700
v 0.08826000 -0.05401000 -0.03131200
v 0.08824300 -0.05395100 -0.03152500
v 0.08822400 -0.05388200 -0.03173400
v 0.08820200 -0.05380500 -0.03194000
v 0.08817800 -0.05371900 -0.03214300
v 0.08815200 -0.05362500 -0.03234100
v 0.08812400 -0.05352200 -0.03253500
v 0.08809300 -0.05341200 -0.03272400
v 0.08806000 -0.05329400 -0.03290800
v 0.08802500 -0.05316800 -0.03308600
v 0.08798800 -0.05303400 -0.03325900
v 0.08794800 -0.05289400 -0.03342500
v 0.08790700 -0.05274600 -0.03358500
v 0.08786400 -0.05259200 -0.03373800
v 0.08782000 -0.05243200 -0.03388400
v 0.08777400 -0.05226600 -0.03402200
v 0.08772600 -0.05209400 -0.03415300
v 0.08767600 -0.05191700 -0.03427600
v 0.08762600 -0.05173500 -0.03439100
v 0.08757400 -0.05154800 -0.03449700
v 0.08752000 -0.05135700 -0.03459500
v 0.08746600 -0.05116200 -0.03468400
v 0.08741100 -0.05096300 -0.03476400
v 0.08735400 -0.05076100 -0.03483500
v 0.08729700 -0.05055700 -0.03489700
v 0.08724000 -0.05035000 -0.03495000
v 0.08718200 -0.05014100 -0.03499300
v 0.08712300 -0.04993000 -0.03502700
v 0.08706400 -0.04971800 -0.03505100
v 0.08700500 -0.04950600 -0.03506500
v 0.08688600 -0.04908000 -0.03506500
v 0.08682700 -0.04886700 -0.03505100
v 0.08676800 -0.04865500 -0.03502700
v 0.08670900 -0.04844500 -0.03499300
v 0.08665100 -0.04823600 -0.03495000
v 0.08659300 -0.04802900 -0.03489700
v 0.08653600 -0.04782400 -0.03483500
v 0.08648000 -0.04762200 -0.03476400
v 0.08642500 -0.04742400 -0.03468400
v 0.08637000 -0.04722900 -0.03459500
v 0.08631700 -0.04703800 -0.03449700
v 0.08626500 -0.04685100 -0.03439100
v 0.08621400 -0.04666900 -0.03427600
v 0.08616500 -0.04649100 -0.03415300
v 0.08611700 -0.04632000 -0.03402200
v 0.08607100 -0.04615300 -0.03388400
v 0.08602600 -0.04599300 -0.03373800
v 0.08598300 -0.04583900 -0.03358500
v 0.08594200 -0.04569200 -0.03342500
v 0.08590300 -0.04555100 -0.03325900
v 0.08586600 -0.04541800 -0.03308600
v 0.08583100 -0.04529200 -0.03290800
v 0.08579800 -0.04517400 -0.03272400
v 0.08576700 -0.04506300 -0.03253500
v 0.08573800 -0.04496100 -0.03234100
v 0.08571200 -0.04486600 -0.03214300
v 0.08568800 -0.04478100 -0.03194000
v 0.08566700 -0.04470300 -0.03173400
v 0.08564800 -0.04463500 -0.03152500
v 0.08563100 -0.04457500 -0.03131200
v 0.08561700 -0.04452500 -0.03109700
v 0.08560500 -0.04448300 -0.03088000
v 0.08559600 -0.04445100 -0.03066200
v 0.08559000 -0.04442700 -0.03044200
v 0.08558600 -0.04441300 -0.03022100
v 0.08837200 -0.05438200 -0.03000000
v 0.08553600 -0.04419900 -0.03000000
v 0.08548600 -0.04399000 -0.03004500
v 0.08549000 -0.04400400 -0.03040400
v 0.08550100 -0.04404100 -0.03076100
v 0.08551700 -0.04410000 -0.03111400
v 0.08554000 -0.04418100 -0.03146300
v 0.08556800 -0.04428400 -0.03180600
v 0.08560300 -0.04440800 -0.03214100
v 0.08564300 -0.04455300 -0.03246700
v 0.08568900 -0.04471800 -0.03278200
v 0.08574100 -0.04490200 -0.03308600
v 0.08579700 -0.04510600 -0.03337600
v 0.08585900 -0.04532700 -0.03365200
v 0.08592500 -0.04556500 -0.03391300
v 0.08599600 -0.04581900 -0.03415700
v 0.08607100 -0.04608700 -0.03438300
v 0.08614900 -0.04636900 -0.03459000
v 0.08623100 -0.04666400 -0.03477800
v 0.08631700 -0.04697000 -0.03494600
v 0.08640400 -0.04728600 -0.03509200
v 0.08649500 -0.04761000 -0.03521700
v 0.08658700 -0.04794100 -0.03531900
v 0.08668100 -0.04827800 -0.03539900
v 0.08677600 -0.04862000 -0.03545600
v 0.08687200 -0.04896400 -0.03549000
v 0.08696800 -0.04931000 -0.03550000
v 0.08706500 -0.04965500 -0.03548700
v 0.08716000 -0.04999900 -0.03545000
v 0.08725500 -0.05034000 -0.03539000
v 0.08734900 -0.05067700 -0.03530800
v 0.08744100 -0.05100700 -0.03520200
v 0.08753100 -0.05133100 -0.03507500
v 0.08761900 -0.05164500 -0.03492600
v 0.08770400 -0.05195000 -0.03475600
v 0.08778500 -0.05224300 -0.03456500
v 0.08786400 -0.05252300 -0.03435500
v 0.08793800 -0.05279000 -0.03412700
v 0.08800800 -0.05304200 -0.03388100
v 0.08807400 -0.05327800 -0.03361900
v 0.08813500 -0.05349700 -0.03334100
v 0.08819100 -0.05369800 -0.03304900
v 0.08824200 -0.05388000 -0.03274300
v 0.08828700 -0.05404300 -0.03242700
v 0.08832700 -0.05418500 -0.03210000
v 0.08836000 -0.05430700 -0.03176300
v 0.08838800 -0.05440700 -0.03142000
v 0.08841000 -0.05448500 -0.03107000
v 0.08842600 -0.05454100 -0.03071600
v 0.08843500 -0.05457500 -0.03035900
v 0.08553700 -0.04420500 -0.03024000
v 0.08551200 -0.04410000 -0.03024500
v 0.08553600 -0.04420100 -0.03012000
v 0.08551100 -0.04409600 -0.03012300
v 0.08548600 -0.04399000 -0.03000000
v 0.08548900 -0.04400100 -0.02964100
v 0.08549900 -0.04403500 -0.02928400
v 0.08551500 -0.04409100 -0.02893000
v 0.08553600 -0.04416900 -0.02858000
v 0.08556400 -0.04427000 -0.02823700
v 0.08559800 -0.04439100 -0.02790000
v 0.08563800 -0.04453300 -0.02757300
v 0.08568300 -0.04469600 -0.02725700
v 0.08573400 -0.04487800 -0.02695100
v 0.08579000 -0.04507900 -0.02665900
v 0.08585100 -0.04529800 -0.02638100
v 0.08591700 -0.04553400 -0.02611900
v 0.08598700 -0.04578600 -0.02587300
v 0.08606100 -0.04605300 -0.02564500
v 0.08613900 -0.04633300 -0.02543500
v 0.08622100 -0.04662600 -0.02524400
v 0.08630600 -0.04693100 -0.02507400
v 0.08639300 -0.04724500 -0.02492500
v 0.08648300 -0.04756900 -0.02479800
v 0.08657500 -0.04789900 -0.02469200
v 0.08666900 -0.04823600 -0.02461000
v 0.08676400 -0.04857700 -0.02455000
v 0.08686000 -0.04892100 -0.02451300
v 0.08695600 -0.04926600 -0.02450000
v 0.08705300 -0.04961200 -0.02451000
v 0.08714800 -0.04995600 -0.02454400
v 0.08724400 -0.05029800 -0.02460100
v 0.08733800 -0.05063500 -0.02468100
v 0.08743000 -0.05096600 -0.02478300
v 0.08752000 -0.05129100 -0.02490800
v 0.08760800 -0.05160600 -0.02505400
v 0.08769300 -0.05191200 -0.02522200
v 0.08777500 -0.05220700 -0.02541000
v 0.08785400 -0.05248900 -0.02561700
v 0.08792900 -0.05275800 -0.02584300
v 0.08800000 -0.05301100 -0.02608700
v 0.08806600 -0.05324900 -0.02634800
v 0.08812700 -0.05347000 -0.02662400
v 0.08818400 -0.05367400 -0.02691400
v 0.08823500 -0.05385800 -0.02721800
v 0.08828100 -0.05402300 -0.02753300
v 0.08832200 -0.05416800 -0.02785900
v 0.08835600 -0.05429200 -0.02819400
v 0.08838500 -0.05439500 -0.02853700
v 0.08840800 -0.05447600 -0.02888600
v 0.08842400 -0.05453500 -0.02923900
v 0.08843400 -0.05457200 -0.02959600
v 0.08843800 -0.05458600 -0.02995500
v 0.08843800 -0.05458600 -0.03000000
v 0.08540000 -0.04368200 -0.03000000
v 0.08852400 -0.05489500 -0.03000000
v 0.08843500 -0.05457500 -0.03035900
v 0.08842600 -0.05454100 -0.03071600
v 0.08841000 -0.05448500 -0.03107000
v 0.08838800 -0.05440700 -0.03142000
v 0.08836000 -0.05430700 -0.03176300
v 0.08832700 -0.05418500 -0.03210000
v 0.08828700 -0.05404300 -0.03242700
v 0.08824200 -0.05388000 -0.03274300
v 0.08819100 -0.05369800 -0.03304900
v 0.08813500 -0.05349700 -0.03334100
v 0.08807400 -0.05327800 -0.03361900
v 0.08800800 -0.05304200 -0.03388100
v 0.08793800 -0.05279000 -0.03412700
v 0.08786400 -0.05252300 -0.03435500
v 0.08778500 -0.05224300 -0.03456500
v 0.08770400 -0.05195000 -0.03475600
v 0.08761900 -0.05164500 -0.03492600
v 0.08753100 -0.05133100 -0.03507500
v 0.08744100 -0.05100700 -0.03520200
v 0.08734900 -0.05067700 -0.03530800
v 0.08725500 -0.05034000 -0.03539000
v 0.08716000 -0.04999900 -0.03545000
v 0.08706500 -0.04965500 -0.03548700
v 0.08696800 -0.04931000 -0.03550000
v 0.08687200 -0.04896400 -0.03549000
v 0.08677600 -0.04862000 -0.03545600
v 0.08668100 -0.04827800 -0.03539900
v 0.08658700 -0.04794100 -0.03531900
v 0.08649500 -0.04761000 -0.03521700
v 0.08640400 -0.04728600 -0.03509200
v 0.08631700 -0.04697000 -0.03494600
v 0.08623100 -0.04666400 -0.03477800
v 0.08614900 -0.04636900 -0.03459000
v 0.08607100 -0.04608700 -0.03438300
v 0.08599600 -0.04581900 -0.03415700
v 0.08592500 -0.04556500 -0.03391300
v 0.08585900 -0.04532700 -0.03365200
v 0.08579700 -0.04510600 -0.03337600
v 0.08574100 -0.04490200 -0.03308600
v 0.08568900 -0.04471800 -0.03278200
v 0.08564300 -0.04455300 -0.03246700
v 0.08560300 -0.04440800 -0.03214100
v 0.08556800 -0.04428400 -0.03180600
v 0.08554000 -0.04418100 -0.03146300
v 0.08551700 -0.04410000 -0.03111400
v 0.08550100 -0.04404100 -0.03076100
v 0.08549000 -0.04400400 -0.03040400
v 0.08548600 -0.04399000 -0.03004500
v 0.08852000 -0.05487900 -0.02956500
v 0.08850700 -0.05483200 -0.02913300
v 0.08848500 -0.05475400 -0.02870500
v 0.08845500 -0.05464500 -0.02828500
v 0.08841600 -0.05450700 -0.02787400
v 0.08836900 -0.05433900 -0.02747500
v 0.08831500 -0.05414300 -0.02709000
v 0.08825300 -0.05392000 -0.02672100
v 0.08818300 -0.05367100 -0.02637100
v 0.08810700 -0.05339800 -0.02604100
v 0.08802500 -0.05310100 -0.02573400
v 0.08793600 -0.05278400 -0.02545000
v 0.08784200 -0.05244600 -0.02519100
v 0.08774300 -0.05209100 -0.02496000
v 0.08764000 -0.05172100 -0.02475600
v 0.08753300 -0.05133600 -0.02458200
v 0.08742300 -0.05094100 -0.02443900
v 0.08731000 -0.05053600 -0.02432600
v 0.08719500 -0.05012400 -0.02424500
v 0.08707900 -0.04970700 -0.02419600
v 0.08696200 -0.04928800 -0.02418000
v 0.08684600 -0.04886900 -0.02419600
v 0.08673000 -0.04845200 -0.02424500
v 0.08661500 -0.04804000 -0.02432600
v 0.08650200 -0.04763600 -0.02443900
v 0.08639200 -0.04724000 -0.02458200
v 0.08628500 -0.04685500 -0.02475600
v 0.08618100 -0.04648500 -0.02496000
v 0.08608200 -0.04613000 -0.02519100
v 0.08598900 -0.04579200 -0.02545000
v 0.08590000 -0.04547500 -0.02573400
v 0.08581700 -0.04517800 -0.02604100
v 0.08574100 -0.04490500 -0.02637100
v 0.08567200 -0.04465600 -0.02672100
v 0.08561000 -0.04443300 -0.02709000
v 0.08555500 -0.04423700 -0.02747500
v 0.08550800 -0.04406900 -0.02787400
v 0.08547000 -0.04393100 -0.02828500
v 0.08544000 -0.04382200 -0.02870500
v 0.08541800 -0.04374400 -0.02913300
v 0.08540500 -0.04369700 -0.02956500
v 0.08540500 -0.04369700 -0.03043500
v 0.08541800 -0.04374400 -0.03086700
v 0.08544000 -0.04382200 -0.03129500
v 0.08547000 -0.04393100 -0.03171500
v 0.08550800 -0.04406900 -0.03212600
v 0.08555500 -0.04423700 -0.03252500
v 0.08561000 -0.04443300 -0.03291000
v 0.08567200 -0.04465600 -0.03327900
v 0.08574100 -0.04490500 -0.03362900
v 0.08581700 -0.04517800 -0.03395900
v 0.08590000 -0.04547500 -0.03426600
v 0.08598900 -0.04579200 -0.03455000
v 0.08608200 -0.04613000 -0.03480900
v 0.08618100 -0.04648500 -0.03504000
v 0.08628500 -0.04685500 -0.03524400
v 0.08639200 -0.04724000 -0.03541800
v 0.08650200 -0.04763600 -0.03556100
v 0.08661500 -0.04804000 -0.03567400
v 0.08673000 -0.04845200 -0.03575500
v 0.08684600 -0.04886900 -0.03580400
v 0.08696200 -0.04928800 -0.03582000
v 0.08707900 -0.04970700 -0.03580400
v 0.08719500 -0.05012400 -0.03575500
v 0.08731000 -0.05053600 -0.03567400
v 0.08742300 -0.05094100 -0.03556100
v 0.08753300 -0.05133600 -0.03541800
v 0.08764000 -0.05172100 -0.03524400
v 0.08774300 -0.05209100 -0.03504000
v 0.08784200 -0.05244600 -0.03480900
v 0.08793600 -0.05278400 -0.03455000
v 0.08802500 -0.05310100 -0.03426600
v 0.08810700 -0.05339800 -0.03395900
v 0.08818300 -0.05367100 -0.03362900
v 0.08825300 -0.05392000 -0.03327900
v 0.08831500 -0.05414300 -0.03291000
v 0.08836900 -0.05433900 -0.03252500
v 0.08841600 -0.05450700 -0.03212600
v 0.08845500 -0.05464500 -0.03171500
v 0.08848500 -0.05475400 -0.03129500
v 0.08850700 -0.05483200 -0.03086700
v 0.08852000 -0.05487900 -0.03043500
v 0.08852400 -0.05489500 -0.03000000
v 0.08839900 -0.05511600 -0.03000000
v 0.08696200 -0.04928800 -0.02418000
v 0.08540000 -0.04368200 -0.03000000
v 0.08517900 -0.04355600 -0.03000000
v 0.08518300 -0.04357200 -0.02956200
v 0.08519600 -0.04361800 -0.02912600
v 0.08521700 -0.04369500 -0.02869500
v 0.08524700 -0.04380200 -0.02827100
v 0.08528500 -0.04393800 -0.02785700
v 0.08533100 -0.04410300 -0.02745300
v 0.08538500 -0.04429600 -0.02706300
v 0.08544600 -0.04451600 -0.02668900
v 0.08551400 -0.04476200 -0.02633300
v 0.08559000 -0.04503200 -0.02599600
v 0.08567100 -0.04532500 -0.02568100
v 0.08575900 -0.04563900 -0.02538800
v 0.08585200 -0.04597300 -0.02512000
v 0.08595000 -0.04632500 -0.02487800
v 0.08605300 -0.04669400 -0.02466400
v 0.08615900 -0.04707600 -0.02447800
v 0.08626900 -0.04747000 -0.02432100
v 0.08638200 -0.04787400 -0.02419500
v 0.08649600 -0.04828700 -0.02410000
v 0.08661300 -0.04870400 -0.02403600
v 0.08673000 -0.04912500 -0.02400400
v 0.08684800 -0.04954700 -0.02400400
v 0.08696500 -0.04996900 -0.02403600
v 0.08708100 -0.05038600 -0.02410000
v 0.08719600 -0.05079800 -0.02419500
v 0.08730900 -0.05120300 -0.02432100
v 0.08741900 -0.05159700 -0.02447800
v 0.08752500 -0.05197900 -0.02466400
v 0.08762800 -0.05234700 -0.02487800
v 0.08772600 -0.05269900 -0.02512000
v 0.08781900 -0.05303400 -0.02538800
v 0.08790600 -0.05334800 -0.02568100
v 0.08798800 -0.05364100 -0.02599600
v 0.08806300 -0.05391100 -0.02633300
v 0.08813200 -0.05415700 -0.02668900
v 0.08819300 -0.05437700 -0.02706300
v 0.08824700 -0.05457000 -0.02745300
v 0.08829300 -0.05473500 -0.02785700
v 0.08833100 -0.05487100 -0.02827100
v 0.08836100 -0.05497800 -0.02869500
v 0.08838200 -0.05505500 -0.02912600
v 0.08839500 -0.05510100 -0.02956200
v 0.08852000 -0.05487900 -0.02956500
v 0.08850700 -0.05483200 -0.02913300
v 0.08848500 -0.05475400 -0.02870500
v 0.08845500 -0.05464500 -0.02828500
v 0.08841600 -0.05450700 -0.02787400
v 0.08836900 -0.05433900 -0.02747500
v 0.08831500 -0.05414300 -0.02709000
v 0.08825300 -0.05392000 -0.02672100
v 0.08818300 -0.05367100 -0.02637100
v 0.08810700 -0.05339800 -0.02604100
v 0.08802500 -0.05310100 -0.02573400
v 0.08793600 -0.05278400 -0.02545000
v 0.08784200 -0.05244600 -0.02519100
v 0.08774300 -0.05209100 -0.02496000
v 0.08764000 -0.05172100 -0.02475600
v 0.08753300 -0.05133600 -0.02458200
v 0.08742300 -0.05094100 -0.02443900
v 0.08731000 -0.05053600 -0.02432600
v 0.08719500 -0.05012400 -0.02424500
v 0.08707900 -0.04970700 -0.02419600
v 0.08684600 -0.04886900 -0.02419600
v 0.08673000 -0.04845200 -0.02424500
v 0.08661500 -0.04804000 -0.02432600
v 0.08650200 -0.04763600 -0.02443900
v 0.08639200 -0.04724000 -0.02458200
v 0.08628500 -0.04685500 -0.02475600
v 0.08618100 -0.04648500 -0.02496000
v 0.08608200 -0.04613000 -0.02519100
v 0.08598900 -0.04579200 -0.02545000
v 0.08590000 -0.04547500 -0.02573400
v 0.08581700 -0.04517800 -0.02604100
v 0.08574100 -0.04490500 -0.02637100
v 0.08567200 -0.04465600 -0.02672100
v 0.08561000 -0.04443300 -0.02709000
v 0.08555500 -0.04423700 -0.02747500
v 0.08550800 -0.04406900 -0.02787400
v 0.08547000 -0.04393100 -0.02828500
v 0.08544000 -0.04382200 -0.02870500
v 0.08541800 -0.04374400 -0.02913300
v 0.08540500 -0.04369700 -0.02956500
v 0.08540000 -0.04368200 -0.03000000
v 0.08517900 -0.04355600 -0.03000000
v 0.08696200 -0.04928800 -0.03582000
v 0.08678900 -0.04933600 -0.03600000
v 0.08852400 -0.05489500 -0.03000000
v 0.08839900 -0.05511600 -0.03000000
v 0.08540500 -0.04369700 -0.03043500
v 0.08541800 -0.04374400 -0.03086700
v 0.08544000 -0.04382200 -0.03129500
v 0.08547000 -0.04393100 -0.03171500
v 0.08550800 -0.04406900 -0.03212600
v 0.08555500 -0.04423700 -0.03252500
v 0.08561000 -0.04443300 -0.03291000
v 0.08567200 -0.04465600 -0.03327900
v 0.08574100 -0.04490500 -0.03362900
v 0.08581700 -0.04517800 -0.03395900
v 0.08590000 -0.04547500 -0.03426600
v 0.08598900 -0.04579200 -0.03455000
v 0.08608200 -0.04613000 -0.03480900
v 0.08618100 -0.04648500 -0.03504000
v 0.08628500 -0.04685500 -0.03524400
v 0.08639200 -0.04724000 -0.03541800
v 0.08650200 -0.04763600 -0.03556100
v 0.08661500 -0.04804000 -0.03567400
v 0.08673000 -0.04845200 -0.03575500
v 0.08684600 -0.04886900 -0.03580400
v 0.08707900 -0.04970700 -0.03580400
v 0.08719500 -0.05012400 -0.03575500
v 0.08731000 -0.05053600 -0.03567400
v 0.08742300 -0.05094100 -0.03556100
v 0.08753300 -0.05133600 -0.03541800
v 0.08764000 -0.05172100 -0.03524400
v 0.08774300 -0.05209100 -0.03504000
v 0.08784200 -0.05244600 -0.03480900
v 0.08793600 -0.05278400 -0.03455000
v 0.08802500 -0.05310100 -0.03426600
v 0.08810700 -0.05339800 -0.03395900
v 0.08818300 -0.05367100 -0.03362900
v 0.08825300 -0.05392000 -0.03327900
v 0.08831500 -0.05414300 -0.03291000
v 0.08836900 -0.05433900 -0.03252500
v 0.08841600 -0.05450700 -0.03212600
v 0.08845500 -0.05464500 -0.03171500
v 0.08848500 -0.05475400 -0.03129500
v 0.08850700 -0.05483200 -0.03086700
v 0.08852000 -0.05487900 -0.03043500
v 0.08839700 -0.05510900 -0.03029400
v 0.08839100 -0.05508800 -0.03058800
v 0.08838200 -0.05505400 -0.03088000
v 0.08836800 -0.05500500 -0.03117100
v 0.08835100 -0.05494300 -0.03145800
v 0.08833000 -0.05486700 -0.03174200
v 0.08830500 -0.05477800 -0.03202100
v 0.08827600 -0.05467600 -0.03229600
v 0.08824400 -0.05456100 -0.03256500
v 0.08820900 -0.05443400 -0.03282800
v 0.08817000 -0.05429400 -0.03308500
v 0.08812800 -0.05414200 -0.03333300
v 0.08808200 -0.05397900 -0.03357400
v 0.08803400 -0.05380400 -0.03380600
v 0.08798200 -0.05361900 -0.03402900
v 0.08792700 -0.05342300 -0.03424300
v 0.08787000 -0.05321800 -0.03444600
v 0.08781000 -0.05300300 -0.03463800
v 0.08774800 -0.05277900 -0.03481900
v 0.08768300 -0.05254800 -0.03498900
v 0.08761700 -0.05230800 -0.03514600
v 0.08754800 -0.05206100 -0.03529200
v 0.08747700 -0.05180800 -0.03542400
v 0.08740500 -0.05154800 -0.03554300
v 0.08733100 -0.05128400 -0.03564900
v 0.08725600 -0.05101400 -0.03574200
v 0.08718000 -0.05074100 -0.03582000
v 0.08710300 -0.05046400 -0.03588500
v 0.08702500 -0.05018400 -0.03593500
v 0.08694700 -0.04990300 -0.03597100
v 0.08686800 -0.04962000 -0.03599300
v 0.08671000 -0.04905300 -0.03599300
v 0.08663100 -0.04877000 -0.03597100
v 0.08655300 -0.04848800 -0.03593500
v 0.08647500 -0.04820900 -0.03588500
v 0.08639800 -0.04793200 -0.03582000
v 0.08632200 -0.04765900 -0.03574200
v 0.08624600 -0.04738900 -0.03564900
v 0.08617300 -0.04712400 -0.03554300
v 0.08610000 -0.04686500 -0.03542400
v 0.08603000 -0.04661200 -0.03529200
v 0.08596100 -0.04636500 -0.03514600
v 0.08589400 -0.04612500 -0.03498900
v 0.08583000 -0.04589300 -0.03481900
v 0.08576700 -0.04567000 -0.03463800
v 0.08570800 -0.04545500 -0.03444600
v 0.08565000 -0.04524900 -0.03424300
v 0.08559600 -0.04505400 -0.03402900
v 0.08554400 -0.04486800 -0.03380600
v 0.08549600 -0.04469400 -0.03357400
v 0.08545000 -0.04453100 -0.03333300
v 0.08540800 -0.04437900 -0.03308500
v 0.08536900 -0.04423900 -0.03282800
v 0.08533300 -0.04411100 -0.03256500
v 0.08530100 -0.04399600 -0.03229600
v 0.08527300 -0.04389400 -0.03202100
v 0.08524800 -0.04380500 -0.03174200
v 0.08522700 -0.04373000 -0.03145800
v 0.08521000 -0.04366800 -0.03117100
v 0.08519600 -0.04361900 -0.03088000
v 0.08518700 -0.04358400 -0.03058800
v 0.08518100 -0.04356300 -0.03029400
v 0.08028800 -0.04491900 -0.03000000
v 0.08517900 -0.04355600 -0.03000000
v 0.08274200 -0.04427000 -0.02936300
v 0.08276700 -0.04436000 -0.02877300
v 0.08280800 -0.04450600 -0.02819500
v 0.08286400 -0.04470600 -0.02763400
v 0.08293400 -0.04495800 -0.02710000
v 0.08301600 -0.04525200 -0.02660500
v 0.08311000 -0.04559100 -0.02614200
v 0.08321600 -0.04597100 -0.02571600
v 0.08333300 -0.04639000 -0.02532900
v 0.08345900 -0.04684200 -0.02498700
v 0.08359300 -0.04732400 -0.02469100
v 0.08373500 -0.04783200 -0.02444500
v 0.08388200 -0.04836000 -0.02425200
v 0.08403300 -0.04890400 -0.02411200
v 0.08419700 -0.04949200 -0.02402500
v 0.08434400 -0.05001800 -0.02400000
v 0.08451400 -0.05063100 -0.02403400
v 0.08467300 -0.05120000 -0.02412700
v 0.08482800 -0.05175700 -0.02427800
v 0.08497800 -0.05229600 -0.02448600
v 0.08512200 -0.05281100 -0.02474700
v 0.08525500 -0.05328800 -0.02505300
v 0.08537900 -0.05373400 -0.02540500
v 0.08549300 -0.05414500 -0.02579900
v 0.08559700 -0.05451700 -0.02623400
v 0.08568900 -0.05484700 -0.02670400
v 0.08576800 -0.05513200 -0.02720400
v 0.08583400 -0.05536800 -0.02773100
v 0.08588600 -0.05555500 -0.02828000
v 0.08592400 -0.05568900 -0.02884400
v 0.08594700 -0.05577400 -0.02945500
v 0.08839900 -0.05511600 -0.03000000
v 0.08839500 -0.05510100 -0.02956200
v 0.08838200 -0.05505500 -0.02912600
v 0.08836100 -0.05497800 -0.02869500
v 0.08833100 -0.05487100 -0.02827100
v 0.08829300 -0.05473500 -0.02785700
v 0.08824700 -0.05457000 -0.02745300
v 0.08819300 -0.05437700 -0.02706300
v 0.08813200 -0.05415700 -0.02668900
v 0.08806300 -0.05391100 -0.02633300
v 0.08798800 -0.05364100 -0.02599600
v 0.08790600 -0.05334800 -0.02568100
v 0.08781900 -0.05303400 -0.02538800
v 0.08772600 -0.05269900 -0.02512000
v 0.08762800 -0.05234700 -0.02487800
v 0.08752500 -0.05197900 -0.02466400
v 0.08741900 -0.05159700 -0.02447800
v 0.08730900 -0.05120300 -0.02432100
v 0.08719600 -0.05079800 -0.02419500
v 0.08708100 -0.05038600 -0.02410000
v 0.08696500 -0.04996900 -0.02403600
v 0.08684800 -0.04954700 -0.02400400
v 0.08673000 -0.04912500 -0.02400400
v 0.08661300 -0.04870400 -0.02403600
v 0.08649600 -0.04828700 -0.02410000
v 0.08638200 -0.04787400 -0.02419500
v 0.08626900 -0.04747000 -0.02432100
v 0.08615900 -0.04707600 -0.02447800
v 0.08605300 -0.04669400 -0.02466400
v 0.08595000 -0.04632500 -0.02487800
v 0.08585200 -0.04597300 -0.02512000
v 0.08575900 -0.04563900 -0.02538800
v 0.08567100 -0.04532500 -0.02568100
v 0.08559000 -0.04503200 -0.02599600
v 0.08551400 -0.04476200 -0.02633300
v 0.08544600 -0.04451600 -0.02668900
v 0.08538500 -0.04429600 -0.02706300
v 0.08533100 -0.04410300 -0.02745300
v 0.08528500 -0.04393800 -0.02785700
v 0.08524700 -0.04380200 -0.02827100
v 0.08521700 -0.04369500 -0.02869500
v 0.08519600 -0.04361800 -0.02912600
v 0.08518300 -0.04357200 -0.02956200
v 0.08717000 -0.05543300 -0.02945500
v 0.08595200 -0.05579200 -0.02972700
v 0.08717500 -0.05545100 -0.02972700
v 0.08714600 -0.05534900 -0.02884400
v 0.08593700 -0.05573900 -0.02914800
v 0.08716000 -0.05539800 -0.02914800
v 0.08710900 -0.05521400 -0.02828000
v 0.08590700 -0.05562900 -0.02856000
v 0.08712900 -0.05528800 -0.02856000
v 0.08705700 -0.05502800 -0.02773100
v 0.08586200 -0.05546800 -0.02800300
v 0.08708500 -0.05512700 -0.02800300
v 0.08699100 -0.05479100 -0.02720400
v 0.08580300 -0.05525600 -0.02746500
v 0.08702600 -0.05491600 -0.02746500
v 0.08691200 -0.05450600 -0.02670400
v 0.08573000 -0.05499500 -0.02695000
v 0.08695300 -0.05465500 -0.02695000
v 0.08682000 -0.05417600 -0.02623400
v 0.08564400 -0.05468800 -0.02646500
v 0.08686700 -0.05434700 -0.02646500
v 0.08671600 -0.05380400 -0.02579900
v 0.08554700 -0.05433600 -0.02601200
v 0.08676900 -0.05399500 -0.02601200
v 0.08660100 -0.05339300 -0.02540500
v 0.08543700 -0.05394400 -0.02559700
v 0.08666000 -0.05360300 -0.02559700
v 0.08647700 -0.05294700 -0.02505300
v 0.08531800 -0.05351500 -0.02522300
v 0.08654000 -0.05317400 -0.02522300
v 0.08634400 -0.05247100 -0.02474700
v 0.08518900 -0.05305300 -0.02489400
v 0.08641200 -0.05271200 -0.02489400
v 0.08620100 -0.05195600 -0.02448600
v 0.08505100 -0.05255700 -0.02461000
v 0.08627400 -0.05221600 -0.02461000
v 0.08605100 -0.05141600 -0.02427800
v 0.08490400 -0.05202900 -0.02437500
v 0.08612700 -0.05168800 -0.02437500
v 0.08589600 -0.05085900 -0.02412700
v 0.08475100 -0.05148000 -0.02419500
v 0.08597400 -0.05113900 -0.02419500
v 0.08573700 -0.05029000 -0.02403400
v 0.08459400 -0.05091600 -0.02407300
v 0.08581700 -0.05057600 -0.02407300
v 0.08556600 -0.04967700 -0.02400000
v 0.08442900 -0.05032500 -0.02400800
v 0.08565200 -0.04998400 -0.02400800
v 0.08542000 -0.04915200 -0.02402500
v 0.08427000 -0.04975500 -0.02400600
v 0.08549300 -0.04941400 -0.02400600
v 0.08525600 -0.04856300 -0.02411200
v 0.08411500 -0.04919700 -0.02406100
v 0.08533800 -0.04885600 -0.02406100
v 0.08510500 -0.04802000 -0.02425200
v 0.08395700 -0.04863000 -0.02417500
v 0.08518000 -0.04829000 -0.02417500
v 0.08495700 -0.04749100 -0.02444500
v 0.08380800 -0.04809400 -0.02434200
v 0.08503000 -0.04775300 -0.02434200
v 0.08481600 -0.04698400 -0.02469100
v 0.08366300 -0.04757500 -0.02456200
v 0.08488600 -0.04723500 -0.02456200
v 0.08468200 -0.04650200 -0.02498700
v 0.08352500 -0.04708000 -0.02483300
v 0.08474800 -0.04673900 -0.02483300
v 0.08455600 -0.04604900 -0.02532900
v 0.08339500 -0.04661200 -0.02515200
v 0.08461700 -0.04627100 -0.02515200
v 0.08443900 -0.04563100 -0.02571600
v 0.08327300 -0.04617600 -0.02551700
v 0.08449600 -0.04583500 -0.02551700
v 0.08433300 -0.04525000 -0.02614200
v 0.08316200 -0.04577600 -0.02592400
v 0.08438500 -0.04543500 -0.02592400
v 0.08423900 -0.04491100 -0.02660500
v 0.08306200 -0.04541600 -0.02637000
v 0.08428400 -0.04507500 -0.02637000
v 0.08415700 -0.04461700 -0.02710000
v 0.08297300 -0.04509900 -0.02684900
v 0.08419600 -0.04475800 -0.02684900
v 0.08408700 -0.04436500 -0.02763400
v 0.08289700 -0.04482500 -0.02736400
v 0.08412000 -0.04448500 -0.02736400
v 0.08403100 -0.04416500 -0.02819500
v 0.08283400 -0.04459900 -0.02791200
v 0.08405700 -0.04425800 -0.02791200
v 0.08399000 -0.04401900 -0.02877300
v 0.08278600 -0.04442600 -0.02848200
v 0.08400800 -0.04408500 -0.02848200
v 0.08396500 -0.04393000 -0.02936300
v 0.08275300 -0.04430800 -0.02906700
v 0.08397600 -0.04396700 -0.02906700
v 0.08273600 -0.04424600 -0.02968100
v 0.08395800 -0.04390500 -0.02968100
v 0.08350800 -0.05647900 -0.03000000
v 0.08513900 -0.05602500 -0.03000000
v 0.08676900 -0.05557000 -0.03000000
v 0.08354900 -0.04401100 -0.03000000
v 0.08191800 -0.04446500 -0.03000000
v 0.08030800 -0.04499000 -0.02906100
v 0.08036700 -0.04520200 -0.02814600
v 0.08046400 -0.04554900 -0.02727600
v 0.08059600 -0.04602300 -0.02647300
v 0.08076000 -0.04661200 -0.02575700
v 0.08095200 -0.04730100 -0.02514600
v 0.08116700 -0.04807500 -0.02465400
v 0.08140100 -0.04891300 -0.02429400
v 0.08164600 -0.04979500 -0.02407400
v 0.08189800 -0.05069900 -0.02400000
v 0.08215000 -0.05160300 -0.02407400
v 0.08239600 -0.05248500 -0.02429400
v 0.08262900 -0.05332300 -0.02465400
v 0.08284500 -0.05409600 -0.02514600
v 0.08303700 -0.05478600 -0.02575700
v 0.08320100 -0.05537500 -0.02647300
v 0.08333300 -0.05584900 -0.02727600
v 0.08343000 -0.05619600 -0.02814600
v 0.08348900 -0.05640800 -0.02906100
v 0.08350800 -0.05647900 -0.03000000
v 0.08839900 -0.05511600 -0.03000000
v 0.08594500 -0.05576500 -0.03063700
v 0.08592000 -0.05567500 -0.03122700
v 0.08587900 -0.05553000 -0.03180500
v 0.08582300 -0.05532900 -0.03236600
v 0.08575300 -0.05507800 -0.03290000
v 0.08567100 -0.05478300 -0.03339500
v 0.08557700 -0.05444500 -0.03385800
v 0.08547100 -0.05406400 -0.03428400
v 0.08535400 -0.05364600 -0.03467100
v 0.08522800 -0.05319300 -0.03501300
v 0.08509400 -0.05271100 -0.03530900
v 0.08495200 -0.05220300 -0.03555500
v 0.08480500 -0.05167500 -0.03574800
v 0.08465400 -0.05113100 -0.03588800
v 0.08449000 -0.05054300 -0.03597500
v 0.08434400 -0.05001800 -0.03600000
v 0.08678900 -0.04933600 -0.03600000
v 0.08417300 -0.04940400 -0.03596600
v 0.08401400 -0.04883600 -0.03587300
v 0.08385900 -0.04827900 -0.03572200
v 0.08370900 -0.04773900 -0.03551400
v 0.08356500 -0.04722400 -0.03525300
v 0.08343300 -0.04674700 -0.03494700
v 0.08330800 -0.04630100 -0.03459500
v 0.08319400 -0.04589000 -0.03420100
v 0.08309000 -0.04551800 -0.03376600
v 0.08299800 -0.04518800 -0.03329600
v 0.08291900 -0.04490300 -0.03279600
v 0.08285300 -0.04466700 -0.03226900
v 0.08280100 -0.04448000 -0.03172000
v 0.08276400 -0.04434600 -0.03115600
v 0.08274000 -0.04426200 -0.03054500
v 0.08517900 -0.04355600 -0.03000000
v 0.08518100 -0.04356300 -0.03029400
v 0.08518700 -0.04358400 -0.03058800
v 0.08519600 -0.04361900 -0.03088000
v 0.08521000 -0.04366800 -0.03117100
v 0.08522700 -0.04373000 -0.03145800
v 0.08524800 -0.04380500 -0.03174200
v 0.08527300 -0.04389400 -0.03202100
v 0.08530100 -0.04399600 -0.03229600
v 0.08533300 -0.04411100 -0.03256500
v 0.08536900 -0.04423900 -0.03282800
v 0.08540800 -0.04437900 -0.03308500
v 0.08545000 -0.04453100 -0.03333300
v 0.08549600 -0.04469400 -0.03357400
v 0.08554400 -0.04486800 -0.03380600
v 0.08559600 -0.04505400 -0.03402900
v 0.08565000 -0.04524900 -0.03424300
v 0.08570800 -0.04545500 -0.03444600
v 0.08576700 -0.04567000 -0.03463800
v 0.08583000 -0.04589300 -0.03481900
v 0.08589400 -0.04612500 -0.03498900
v 0.08596100 -0.04636500 -0.03514600
v 0.08603000 -0.04661200 -0.03529200
v 0.08610000 -0.04686500 -0.03542400
v 0.08617300 -0.04712400 -0.03554300
v 0.08624600 -0.04738900 -0.03564900
v 0.08632200 -0.04765900 -0.03574200
v 0.08639800 -0.04793200 -0.03582000
v 0.08647500 -0.04820900 -0.03588500
v 0.08655300 -0.04848800 -0.03593500
v 0.08663100 -0.04877000 -0.03597100
v 0.08671000 -0.04905300 -0.03599300
v 0.08686800 -0.04962000 -0.03599300
v 0.08694700 -0.04990300 -0.03597100
v 0.08702500 -0.05018400 -0.03593500
v 0.08710300 -0.05046400 -0.03588500
v 0.08718000 -0.05074100 -0.03582000
v 0.08725600 -0.05101400 -0.03574200
v 0.08733100 -0.05128400 -0.03564900
v 0.08740500 -0.05154800 -0.03554300
v 0.08747700 -0.05180800 -0.03542400
v 0.08754800 -0.05206100 -0.03529200
v 0.08761700 -0.05230800 -0.03514600
v 0.08768300 -0.05254800 -0.03498900
v 0.08774800 -0.05277900 -0.03481900
v 0.08781000 -0.05300300 -0.03463800
v 0.08787000 -0.05321800 -0.03444600
v 0.08792700 -0.05342300 -0.03424300
v 0.08798200 -0.05361900 -0.03402900
v 0.08803400 -0.05380400 -0.03380600
v 0.08808200 -0.05397900 -0.03357400
v 0.08812800 -0.05414200 -0.03333300
v 0.08817000 -0.05429400 -0.03308500
v 0.08820900 -0.05443400 -0.03282800
v 0.08824400 -0.05456100 -0.03256500
v 0.08827600 -0.05467600 -0.03229600
v 0.08830500 -0.05477800 -0.03202100
v 0.08833000 -0.05486700 -0.03174200
v 0.08835100 -0.05494300 -0.03145800
v 0.08836800 -0.05500500 -0.03117100
v 0.08838200 -0.05505400 -0.03088000
v 0.08839100 -0.05508800 -0.03058800
v 0.08839700 -0.05510900 -0.03029400
v 0.08396300 -0.04392100 -0.03054500
v 0.08273500 -0.04424400 -0.03027300
v 0.08395800 -0.04390300 -0.03027300
v 0.08456900 -0.04373300 -0.03027300
v 0.08395700 -0.04389900 -0.03013700
v 0.08456800 -0.04372800 -0.03013700
v 0.08457400 -0.04375100 -0.03054500
v 0.08396000 -0.04391100 -0.03040900
v 0.08457100 -0.04374000 -0.03040900
v 0.08398600 -0.04400500 -0.03115600
v 0.08275000 -0.04429600 -0.03085200
v 0.08397200 -0.04395600 -0.03085200
v 0.08458400 -0.04378500 -0.03085200
v 0.08396700 -0.04393600 -0.03069900
v 0.08457800 -0.04376600 -0.03069900
v 0.08459800 -0.04383500 -0.03115600
v 0.08397900 -0.04397900 -0.03100400
v 0.08459000 -0.04380800 -0.03100400
v 0.08402400 -0.04414000 -0.03172000
v 0.08278000 -0.04440700 -0.03144000
v 0.08400300 -0.04406600 -0.03144000
v 0.08461400 -0.04389600 -0.03144000
v 0.08399400 -0.04403400 -0.03129800
v 0.08460600 -0.04386400 -0.03129800
v 0.08463500 -0.04396900 -0.03172000
v 0.08401300 -0.04410100 -0.03158100
v 0.08462400 -0.04393100 -0.03158100
v 0.08407600 -0.04432600 -0.03226900
v 0.08282500 -0.04456700 -0.03199700
v 0.08404800 -0.04422700 -0.03199700
v 0.08465900 -0.04405600 -0.03199700
v 0.08403500 -0.04418200 -0.03185900
v 0.08464700 -0.04401100 -0.03185900
v 0.08468700 -0.04415600 -0.03226900
v 0.08406100 -0.04427500 -0.03213300
v 0.08467300 -0.04410400 -0.03213300
v 0.08414200 -0.04456300 -0.03279600
v 0.08288400 -0.04477900 -0.03253500
v 0.08410700 -0.04443800 -0.03253500
v 0.08471800 -0.04426800 -0.03253500
v 0.08409100 -0.04438100 -0.03240300
v 0.08470200 -0.04421000 -0.03240300
v 0.08475300 -0.04439300 -0.03279600
v 0.08412400 -0.04449900 -0.03266600
v 0.08473500 -0.04432900 -0.03266600
v 0.08422100 -0.04484800 -0.03329600
v 0.08295700 -0.04504000 -0.03305000
v 0.08418000 -0.04469900 -0.03305000
v 0.08479100 -0.04452900 -0.03305000
v 0.08416000 -0.04463000 -0.03292300
v 0.08477100 -0.04445900 -0.03292300
v 0.08483200 -0.04467700 -0.03329600
v 0.08420000 -0.04477200 -0.03317400
v 0.08481100 -0.04460200 -0.03317400
v 0.08431300 -0.04517800 -0.03376600
v 0.08304300 -0.04534800 -0.03353500
v 0.08426500 -0.04500700 -0.03353500
v 0.08487700 -0.04483700 -0.03353500
v 0.08424300 -0.04492600 -0.03341700
v 0.08485400 -0.04475600 -0.03341700
v 0.08492400 -0.04500700 -0.03376600
v 0.08428900 -0.04509100 -0.03365200
v 0.08490000 -0.04492100 -0.03365200
v 0.08441700 -0.04555000 -0.03420100
v 0.08314100 -0.04569900 -0.03398800
v 0.08436300 -0.04535900 -0.03398800
v 0.08497500 -0.04518800 -0.03398800
v 0.08433800 -0.04526700 -0.03387800
v 0.08494900 -0.04509600 -0.03387800
v 0.08502800 -0.04537900 -0.03420100
v 0.08439000 -0.04545300 -0.03409500
v 0.08500100 -0.04528300 -0.03409500
v 0.08453100 -0.04596100 -0.03459500
v 0.08325000 -0.04609100 -0.03440300
v 0.08447200 -0.04575100 -0.03440300
v 0.08508400 -0.04558000 -0.03440300
v 0.08444400 -0.04564900 -0.03430300
v 0.08505500 -0.04547900 -0.03430300
v 0.08514200 -0.04579100 -0.03459500
v 0.08450100 -0.04585500 -0.03450100
v 0.08511300 -0.04568400 -0.03450100
v 0.08465500 -0.04640700 -0.03494700
v 0.08336900 -0.04652000 -0.03477700
v 0.08459200 -0.04618000 -0.03477700
v 0.08520300 -0.04600900 -0.03477700
v 0.08456100 -0.04606900 -0.03468800
v 0.08517300 -0.04589900 -0.03468800
v 0.08526700 -0.04623600 -0.03494700
v 0.08462300 -0.04629200 -0.03486400
v 0.08523500 -0.04612200 -0.03486400
v 0.08478800 -0.04688300 -0.03525300
v 0.08349800 -0.04698200 -0.03510600
v 0.08472100 -0.04664200 -0.03510600
v 0.08533200 -0.04647100 -0.03510600
v 0.08468800 -0.04652300 -0.03502800
v 0.08529900 -0.04635300 -0.03502800
v 0.08539900 -0.04671300 -0.03525300
v 0.08475400 -0.04676200 -0.03518100
v 0.08536500 -0.04659100 -0.03518100
v 0.08493100 -0.04739800 -0.03551400
v 0.08363600 -0.04747800 -0.03539000
v 0.08485900 -0.04713800 -0.03539000
v 0.08547000 -0.04696700 -0.03539000
v 0.08482300 -0.04701000 -0.03532300
v 0.08543500 -0.04683900 -0.03532300
v 0.08554300 -0.04722800 -0.03551400
v 0.08489500 -0.04726700 -0.03545400
v 0.08550600 -0.04709700 -0.03545400
v 0.08508200 -0.04793800 -0.03572200
v 0.08378300 -0.04800600 -0.03562500
v 0.08500600 -0.04766600 -0.03562500
v 0.08561700 -0.04749500 -0.03562500
v 0.08496800 -0.04753100 -0.03557100
v 0.08558000 -0.04736100 -0.03557100
v 0.08569300 -0.04776800 -0.03572200
v 0.08504400 -0.04780100 -0.03567500
v 0.08565500 -0.04763100 -0.03567500
v 0.08523700 -0.04849500 -0.03587300
v 0.08393600 -0.04855500 -0.03580500
v 0.08515900 -0.04821500 -0.03580500
v 0.08577000 -0.04804400 -0.03580500
v 0.08512000 -0.04807600 -0.03576500
v 0.08573200 -0.04790500 -0.03576500
v 0.08584800 -0.04832500 -0.03587300
v 0.08519800 -0.04835400 -0.03584100
v 0.08580900 -0.04818400 -0.03584100
v 0.08539500 -0.04906400 -0.03596600
v 0.08409300 -0.04911900 -0.03592700
v 0.08531600 -0.04877800 -0.03592700
v 0.08592700 -0.04860800 -0.03592700
v 0.08527600 -0.04863600 -0.03590200
v 0.08588800 -0.04846600 -0.03590200
v 0.08600700 -0.04889300 -0.03596600
v 0.08535600 -0.04892100 -0.03594800
v 0.08596700 -0.04875000 -0.03594800
v 0.08556600 -0.04967700 -0.03600000
v 0.08425800 -0.04971100 -0.03599200
v 0.08548100 -0.04937000 -0.03599200
v 0.08609200 -0.04920000 -0.03599200
v 0.08543800 -0.04921700 -0.03598100
v 0.08604900 -0.04904600 -0.03598100
v 0.08617800 -0.04950700 -0.03600000
v 0.08552300 -0.04952300 -0.03599800
v 0.08613500 -0.04935300 -0.03599800
v 0.08571300 -0.05020200 -0.03597500
v 0.08441700 -0.05028100 -0.03599400
v 0.08563900 -0.04994000 -0.03599400
v 0.08625100 -0.04977000 -0.03599400
v 0.08560300 -0.04980800 -0.03599800
v 0.08621400 -0.04963800 -0.03599800
v 0.08632400 -0.05003200 -0.03597500
v 0.08567600 -0.05007100 -0.03598600
v 0.08628700 -0.04990100 -0.03598600
v 0.08587600 -0.05079100 -0.03588800
v 0.08457200 -0.05083800 -0.03593900
v 0.08579500 -0.05049800 -0.03593900
v 0.08640600 -0.05032700 -0.03593900
v 0.08575400 -0.05035000 -0.03595900
v 0.08636500 -0.05018000 -0.03595900
v 0.08648800 -0.05062000 -0.03588800
v 0.08583600 -0.05064400 -0.03591500
v 0.08644700 -0.05047400 -0.03591500
v 0.08602800 -0.05133400 -0.03574800
v 0.08473000 -0.05140500 -0.03582500
v 0.08595300 -0.05106400 -0.03582500
v 0.08656400 -0.05089400 -0.03582500
v 0.08591500 -0.05092800 -0.03585800
v 0.08652600 -0.05075700 -0.03585800
v 0.08663900 -0.05116400 -0.03574800
v 0.08599000 -0.05120000 -0.03578800
v 0.08660200 -0.05102900 -0.03578800
v 0.08617500 -0.05186200 -0.03555500
v 0.08487900 -0.05194100 -0.03565800
v 0.08610200 -0.05160100 -0.03565800
v 0.08671300 -0.05143000 -0.03565800
v 0.08606500 -0.05146800 -0.03570500
v 0.08667700 -0.05129800 -0.03570500
v 0.08678600 -0.05169200 -0.03555500
v 0.08613900 -0.05173200 -0.03560800
v 0.08675000 -0.05156200 -0.03560800
v 0.08631600 -0.05237000 -0.03530900
v 0.08502400 -0.05246000 -0.03543800
v 0.08624700 -0.05211900 -0.03543800
v 0.08685800 -0.05194900 -0.03543800
v 0.08621100 -0.05199100 -0.03549800
v 0.08682200 -0.05182100 -0.03549800
v 0.08692800 -0.05220000 -0.03530900
v 0.08628200 -0.05224500 -0.03537500
v 0.08689300 -0.05207500 -0.03537500
v 0.08645100 -0.05285200 -0.03501300
v 0.08516200 -0.05295500 -0.03516700
v 0.08638500 -0.05261500 -0.03516700
v 0.08699600 -0.05244400 -0.03516700
v 0.08635100 -0.05249300 -0.03524000
v 0.08696200 -0.05232300 -0.03524000
v 0.08706200 -0.05268200 -0.03501300
v 0.08641800 -0.05273400 -0.03509200
v 0.08702900 -0.05256400 -0.03509200
v 0.08657700 -0.05330500 -0.03467100
v 0.08529200 -0.05342300 -0.03484800
v 0.08651500 -0.05308300 -0.03484800
v 0.08712600 -0.05291200 -0.03484800
v 0.08648300 -0.05296900 -0.03493200
v 0.08709500 -0.05279800 -0.03493200
v 0.08718800 -0.05313500 -0.03467100
v 0.08654600 -0.05319500 -0.03476100
v 0.08715800 -0.05302500 -0.03476100
v 0.08669300 -0.05372300 -0.03428400
v 0.08541400 -0.05385900 -0.03448300
v 0.08663600 -0.05351900 -0.03448300
v 0.08724800 -0.05334800 -0.03448300
v 0.08660700 -0.05341300 -0.03457800
v 0.08721800 -0.05324300 -0.03457800
v 0.08730500 -0.05355300 -0.03428400
v 0.08666500 -0.05362200 -0.03438500
v 0.08727700 -0.05345200 -0.03438500
v 0.08679900 -0.05410400 -0.03385800
v 0.08552500 -0.05425900 -0.03407600
v 0.08674800 -0.05391900 -0.03407600
v 0.08735900 -0.05374800 -0.03407600
v 0.08672100 -0.05382200 -0.03418100
v 0.08733200 -0.05365200 -0.03418100
v 0.08741100 -0.05393400 -0.03385800
v 0.08677400 -0.05401300 -0.03396800
v 0.08738500 -0.05384200 -0.03396800
v 0.08689400 -0.05444300 -0.03339500
v 0.08562500 -0.05461900 -0.03363000
v 0.08684800 -0.05427900 -0.03363000
v 0.08746000 -0.05410800 -0.03363000
v 0.08682400 -0.05419300 -0.03374500
v 0.08743600 -0.05402200 -0.03374500
v 0.08750500 -0.05427200 -0.03339500
v 0.08687100 -0.05436200 -0.03351400
v 0.08748300 -0.05419200 -0.03351400
v 0.08697600 -0.05473700 -0.03290000
v 0.08571400 -0.05493600 -0.03315100
v 0.08693600 -0.05459600 -0.03315100
v 0.08754800 -0.05442500 -0.03315100
v 0.08691600 -0.05452100 -0.03327400
v 0.08752700 -0.05435000 -0.03327400
v 0.08758700 -0.05456700 -0.03290000
v 0.08695700 -0.05466800 -0.03302600
v 0.08756800 -0.05449700 -0.03302600
v 0.08704600 -0.05498900 -0.03236600
v 0.08579000 -0.05521000 -0.03263600
v 0.08701300 -0.05486900 -0.03263600
v 0.08762400 -0.05469900 -0.03263600
v 0.08699500 -0.05480500 -0.03276900
v 0.08760600 -0.05463400 -0.03276900
v 0.08765700 -0.05481800 -0.03236600
v 0.08703000 -0.05493100 -0.03250200
v 0.08764100 -0.05476000 -0.03250200
v 0.08710200 -0.05518900 -0.03180500
v 0.08585300 -0.05543600 -0.03208800
v 0.08707600 -0.05509600 -0.03208800
v 0.08768700 -0.05492500 -0.03208800
v 0.08706100 -0.05504400 -0.03222800
v 0.08767300 -0.05487300 -0.03222800
v 0.08771300 -0.05501900 -0.03180500
v 0.08708900 -0.05514400 -0.03194700
v 0.08770100 -0.05497400 -0.03194700
v 0.08714200 -0.05533500 -0.03122700
v 0.08590100 -0.05560900 -0.03151800
v 0.08712400 -0.05526900 -0.03151800
v 0.08773500 -0.05509900 -0.03151800
v 0.08711300 -0.05523100 -0.03166200
v 0.08772500 -0.05506000 -0.03166200
v 0.08775400 -0.05516400 -0.03122700
v 0.08713400 -0.05530400 -0.03137300
v 0.08774500 -0.05513300 -0.03137300
v 0.08716700 -0.05542400 -0.03063700
v 0.08593400 -0.05572700 -0.03093300
v 0.08715700 -0.05538700 -0.03093300
v 0.08776800 -0.05521600 -0.03093300
v 0.08715000 -0.05536200 -0.03108000
v 0.08776100 -0.05519200 -0.03108000
v 0.08777900 -0.05525400 -0.03063700
v 0.08716300 -0.05540700 -0.03078500
v 0.08777400 -0.05523700 -0.03078500
v 0.08595100 -0.05578900 -0.03031900
v 0.08717400 -0.05544900 -0.03031900
v 0.08778500 -0.05527800 -0.03031900
v 0.08717100 -0.05543900 -0.03047800
v 0.08778300 -0.05526800 -0.03047800
v 0.08717600 -0.05545500 -0.03015900
v 0.08778700 -0.05528500 -0.03015900
v 0.08676900 -0.05557000 -0.03000000
v 0.08513900 -0.05602500 -0.03000000
v 0.08028800 -0.04491900 -0.03000000
v 0.08191800 -0.04446500 -0.03000000
v 0.08354900 -0.04401100 -0.03000000
v 0.08348900 -0.05640800 -0.03093900
v 0.08343000 -0.05619600 -0.03185400
v 0.08333300 -0.05584900 -0.03272400
v 0.08320100 -0.05537500 -0.03352700
v 0.08303700 -0.05478600 -0.03424300
v 0.08284500 -0.05409600 -0.03485400
v 0.08262900 -0.05332300 -0.03534600
v 0.08239600 -0.05248500 -0.03570600
v 0.08215000 -0.05160300 -0.03592600
v 0.08189800 -0.05069900 -0.03600000
v 0.08164600 -0.04979500 -0.03592600
v 0.08140100 -0.04891300 -0.03570600
v 0.08116700 -0.04807500 -0.03534600
v 0.08095200 -0.04730100 -0.03485400
v 0.08076000 -0.04661200 -0.03424300
v 0.08059600 -0.04602300 -0.03352700
v 0.08046400 -0.04554900 -0.03272400
v 0.08036700 -0.04520200 -0.03185400
v 0.08030800 -0.04499000 -0.03093900
v 0.08686800 -0.04931400 0.02490000
v 0.08634400 -0.04678700 0.02743100
v 0.08550000 -0.04440100 0.03000000
v 0.08643000 -0.04676300 0.03000000
v 0.08720700 -0.04922000 0.03000000
v 0.08634400 -0.04678700 0.03256900
v 0.08686800 -0.04931400 0.03510000
v 0.08589900 -0.04559800 0.02743900
v 0.08623900 -0.04681600 0.02616900
v 0.08675400 -0.04800900 0.02742600
v 0.08664800 -0.04803800 0.02616300
v 0.08598500 -0.04557400 0.03000000
v 0.08640900 -0.04676900 0.02871500
v 0.08596400 -0.04558000 0.02871900
v 0.08684000 -0.04798500 0.03000000
v 0.08681900 -0.04799100 0.02871200
v 0.08589900 -0.04559800 0.03256100
v 0.08640900 -0.04676900 0.03128500
v 0.08596400 -0.04558000 0.03128100
v 0.08675400 -0.04800900 0.03257300
v 0.08681900 -0.04799100 0.03128800
v 0.08623900 -0.04681600 0.03383100
v 0.08664800 -0.04803800 0.03383700
v 0.08681700 -0.04913100 0.02490400
v 0.08676600 -0.04894700 0.02491400
v 0.08671500 -0.04876400 0.02493200
v 0.08666400 -0.04858200 0.02495700
v 0.08661400 -0.04840100 0.02498900
v 0.08656400 -0.04822100 0.02502800
v 0.08651400 -0.04804300 0.02507400
v 0.08646500 -0.04786600 0.02512700
v 0.08641600 -0.04769200 0.02518600
v 0.08636800 -0.04751900 0.02525300
v 0.08632100 -0.04735000 0.02532600
v 0.08627400 -0.04718300 0.02540500
v 0.08622900 -0.04701900 0.02549100
v 0.08618400 -0.04685800 0.02558300
v 0.08614000 -0.04670000 0.02568200
v 0.08609700 -0.04654700 0.02578600
v 0.08605600 -0.04639700 0.02589700
v 0.08601500 -0.04625100 0.02601300
v 0.08597500 -0.04611000 0.02613400
v 0.08593700 -0.04597300 0.02626100
v 0.08590000 -0.04584000 0.02639400
v 0.08586500 -0.04571300 0.02653100
v 0.08583100 -0.04559000 0.02667300
v 0.08579800 -0.04547300 0.02682000
v 0.08576700 -0.04536100 0.02697200
v 0.08573700 -0.04525500 0.02712700
v 0.08570900 -0.04515400 0.02728700
v 0.08568300 -0.04506000 0.02745000
v 0.08565800 -0.04497100 0.02761700
v 0.08563500 -0.04488800 0.02778700
v 0.08561400 -0.04481100 0.02796100
v 0.08559400 -0.04474100 0.02813700
v 0.08557600 -0.04467700 0.02831600
v 0.08556000 -0.04462000 0.02849700
v 0.08554600 -0.04456900 0.02868000
v 0.08553400 -0.04452500 0.02886500
v 0.08552300 -0.04448700 0.02905200
v 0.08551500 -0.04445600 0.02924000
v 0.08550800 -0.04443200 0.02942900
v 0.08550300 -0.04441500 0.02961900
v 0.08550100 -0.04440500 0.02980900
v 0.08683700 -0.04865400 0.02616100
v 0.08658000 -0.04805700 0.02553200
v 0.08676900 -0.04867300 0.02553000
v 0.08685900 -0.04898200 0.02553000
v 0.08673100 -0.04868400 0.02521500
v 0.08682100 -0.04899300 0.02521500
v 0.08667600 -0.04836500 0.02553100
v 0.08654200 -0.04806800 0.02521700
v 0.08663800 -0.04837500 0.02521600
v 0.08644900 -0.04742600 0.02616500
v 0.08638000 -0.04744500 0.02553600
v 0.08648200 -0.04775000 0.02553400
v 0.08627700 -0.04714000 0.02553800
v 0.08602200 -0.04622000 0.02617500
v 0.08634500 -0.04712100 0.02616700
v 0.08641600 -0.04743500 0.02585000
v 0.08620600 -0.04682600 0.02585500
v 0.08631200 -0.04713000 0.02585200
v 0.08655400 -0.04739600 0.02742800
v 0.08670600 -0.04802200 0.02679400
v 0.08629700 -0.04680000 0.02680000
v 0.08650700 -0.04740900 0.02679600
v 0.08613100 -0.04651800 0.02617200
v 0.08612700 -0.04619100 0.02743500
v 0.08585200 -0.04561100 0.02680900
v 0.08607900 -0.04620400 0.02680400
v 0.08596700 -0.04590700 0.02680700
v 0.08605200 -0.04621200 0.02648900
v 0.08593900 -0.04591500 0.02649200
v 0.08578200 -0.04530300 0.02744100
v 0.08587700 -0.04560400 0.02712400
v 0.08572600 -0.04499200 0.02872100
v 0.08593700 -0.04558800 0.02807800
v 0.08569900 -0.04499900 0.02808200
v 0.08581900 -0.04529300 0.02808000
v 0.08591900 -0.04559300 0.02775800
v 0.08568200 -0.04500400 0.02776300
v 0.08580200 -0.04529800 0.02776100
v 0.08619100 -0.04617300 0.02871700
v 0.08638200 -0.04677700 0.02807300
v 0.08616400 -0.04618000 0.02807500
v 0.08560300 -0.04469900 0.02872200
v 0.08571400 -0.04499500 0.02840200
v 0.08559100 -0.04470200 0.02840300
v 0.08574700 -0.04498600 0.03000000
v 0.08598000 -0.04557600 0.02935900
v 0.08574200 -0.04498700 0.02936000
v 0.08561900 -0.04469400 0.02936100
v 0.08573500 -0.04498900 0.02904100
v 0.08561300 -0.04469600 0.02904200
v 0.08562500 -0.04469300 0.03000000
v 0.08574600 -0.04498600 0.02968000
v 0.08562300 -0.04469300 0.02968100
v 0.08572600 -0.04499200 0.03127900
v 0.08598000 -0.04557600 0.03064100
v 0.08574200 -0.04498700 0.03064000
v 0.08550000 -0.04440200 0.03009500
v 0.08550100 -0.04440500 0.03019100
v 0.08550200 -0.04440900 0.03028600
v 0.08550300 -0.04441500 0.03038100
v 0.08550600 -0.04442300 0.03047600
v 0.08550800 -0.04443200 0.03057100
v 0.08551100 -0.04444300 0.03066600
v 0.08551500 -0.04445600 0.03076000
v 0.08551900 -0.04447100 0.03085400
v 0.08552300 -0.04448700 0.03094800
v 0.08552800 -0.04450500 0.03104200
v 0.08553400 -0.04452500 0.03113500
v 0.08554000 -0.04454600 0.03122800
v 0.08554600 -0.04456900 0.03132000
v 0.08555300 -0.04459300 0.03141200
v 0.08556000 -0.04462000 0.03150300
v 0.08556800 -0.04464700 0.03159400
v 0.08557600 -0.04467700 0.03168400
v 0.08558500 -0.04470800 0.03177400
v 0.08559400 -0.04474100 0.03186300
v 0.08560400 -0.04477500 0.03195200
v 0.08561400 -0.04481100 0.03203900
v 0.08562400 -0.04484900 0.03212700
v 0.08563500 -0.04488800 0.03221300
v 0.08564600 -0.04492800 0.03229800
v 0.08565800 -0.04497100 0.03238300
v 0.08567000 -0.04501400 0.03246700
v 0.08568300 -0.04506000 0.03255000
v 0.08569600 -0.04510600 0.03263200
v 0.08570900 -0.04515400 0.03271300
v 0.08572300 -0.04520400 0.03279400
v 0.08573700 -0.04525500 0.03287300
v 0.08575200 -0.04530700 0.03295100
v 0.08576700 -0.04536100 0.03302800
v 0.08578200 -0.04541700 0.03310500
v 0.08579800 -0.04547300 0.03318000
v 0.08581400 -0.04553100 0.03325400
v 0.08583100 -0.04559000 0.03332700
v 0.08584800 -0.04565100 0.03339800
v 0.08586500 -0.04571300 0.03346900
v 0.08588300 -0.04577600 0.03353800
v 0.08590000 -0.04584000 0.03360600
v 0.08591900 -0.04590600 0.03367300
v 0.08593700 -0.04597300 0.03373900
v 0.08595600 -0.04604100 0.03380300
v 0.08597500 -0.04611000 0.03386600
v 0.08599500 -0.04618000 0.03392700
v 0.08601500 -0.04625100 0.03398700
v 0.08603500 -0.04632300 0.03404600
v 0.08605600 -0.04639700 0.03410300
v 0.08607600 -0.04647100 0.03415900
v 0.08609700 -0.04654700 0.03421400
v 0.08611900 -0.04662300 0.03426700
v 0.08614000 -0.04670000 0.03431800
v 0.08616200 -0.04677900 0.03436800
v 0.08618400 -0.04685800 0.03441700
v 0.08620600 -0.04693800 0.03446400
v 0.08622900 -0.04701900 0.03450900
v 0.08625100 -0.04710000 0.03455300
v 0.08627400 -0.04718300 0.03459500
v 0.08629800 -0.04726600 0.03463600
v 0.08632100 -0.04735000 0.03467400
v 0.08634400 -0.04743400 0.03471200
v 0.08636800 -0.04751900 0.03474700
v 0.08639200 -0.04760500 0.03478100
v 0.08641600 -0.04769200 0.03481400
v 0.08644000 -0.04777900 0.03484400
v 0.08646500 -0.04786600 0.03487300
v 0.08648900 -0.04795400 0.03490100
v 0.08651400 -0.04804300 0.03492600
v 0.08653900 -0.04813200 0.03495000
v 0.08656400 -0.04822100 0.03497200
v 0.08658900 -0.04831100 0.03499200
v 0.08661400 -0.04840100 0.03501100
v 0.08663900 -0.04849100 0.03502800
v 0.08666400 -0.04858200 0.03504300
v 0.08669000 -0.04867300 0.03505600
v 0.08671500 -0.04876400 0.03506800
v 0.08674000 -0.04885600 0.03507800
v 0.08676600 -0.04894700 0.03508600
v 0.08679200 -0.04903900 0.03509200
v 0.08681700 -0.04913100 0.03509600
v 0.08684300 -0.04922200 0.03509900
v 0.08561900 -0.04469400 0.03063900
v 0.08574600 -0.04498600 0.03032000
v 0.08562300 -0.04469300 0.03031900
v 0.08556100 -0.04454700 0.03031900
v 0.08562400 -0.04469300 0.03016000
v 0.08556200 -0.04454700 0.03000000
v 0.08556200 -0.04454700 0.03016000
v 0.08562400 -0.04469300 0.02984000
v 0.08556100 -0.04454700 0.02968100
v 0.08556200 -0.04454700 0.02984000
v 0.08555700 -0.04454900 0.03063900
v 0.08562200 -0.04469400 0.03047900
v 0.08555900 -0.04454800 0.03047900
v 0.08560300 -0.04469900 0.03127800
v 0.08573500 -0.04498900 0.03095900
v 0.08561300 -0.04469600 0.03095800
v 0.08593700 -0.04558800 0.03192200
v 0.08569900 -0.04499900 0.03191800
v 0.08555000 -0.04455000 0.03095800
v 0.08561600 -0.04469500 0.03079900
v 0.08555400 -0.04454900 0.03079800
v 0.08560800 -0.04469800 0.03111800
v 0.08571400 -0.04499500 0.03159800
v 0.08559100 -0.04470200 0.03159700
v 0.08559800 -0.04470100 0.03143700
v 0.08568200 -0.04500400 0.03223700
v 0.08585200 -0.04561100 0.03319100
v 0.08563800 -0.04485300 0.03191700
v 0.08570700 -0.04499700 0.03175800
v 0.08565300 -0.04484900 0.03159800
v 0.08564600 -0.04485000 0.03175700
v 0.08581900 -0.04529300 0.03192000
v 0.08595200 -0.04558400 0.03160200
v 0.08584600 -0.04528500 0.03128000
v 0.08583400 -0.04528900 0.03160000
v 0.08612700 -0.04619100 0.03256500
v 0.08638200 -0.04677700 0.03192700
v 0.08619100 -0.04617300 0.03128300
v 0.08616400 -0.04618000 0.03192500
v 0.08569100 -0.04500100 0.03207800
v 0.08563000 -0.04485500 0.03207600
v 0.08578200 -0.04530300 0.03255900
v 0.08591900 -0.04559300 0.03224200
v 0.08580200 -0.04529800 0.03223900
v 0.08567200 -0.04500700 0.03239700
v 0.08572200 -0.04515600 0.03255800
v 0.08579200 -0.04530000 0.03239900
v 0.08574200 -0.04515100 0.03223800
v 0.08573300 -0.04515300 0.03239800
v 0.08587700 -0.04560400 0.03287600
v 0.08576000 -0.04531000 0.03287300
v 0.08602200 -0.04622000 0.03382500
v 0.08629700 -0.04680000 0.03320000
v 0.08607900 -0.04620400 0.03319600
v 0.08577100 -0.04530600 0.03271600
v 0.08586500 -0.04560800 0.03303300
v 0.08581900 -0.04545700 0.03287500
v 0.08580600 -0.04546000 0.03303200
v 0.08596700 -0.04590700 0.03319300
v 0.08610400 -0.04619700 0.03288100
v 0.08601400 -0.04589400 0.03256300
v 0.08599200 -0.04590000 0.03287900
v 0.08605200 -0.04621200 0.03351100
v 0.08593900 -0.04591500 0.03350800
v 0.08595400 -0.04591100 0.03335100
v 0.08591000 -0.04575900 0.03319200
v 0.08589600 -0.04576300 0.03334900
v 0.08603700 -0.04621600 0.03366800
v 0.08599600 -0.04606300 0.03350900
v 0.08598100 -0.04606700 0.03366700
v 0.08613100 -0.04651800 0.03382800
v 0.08626900 -0.04680800 0.03351500
v 0.08618900 -0.04650200 0.03319800
v 0.08616200 -0.04650900 0.03351300
v 0.08644900 -0.04742600 0.03383500
v 0.08670600 -0.04802200 0.03320600
v 0.08655400 -0.04739600 0.03257200
v 0.08650700 -0.04740900 0.03320400
v 0.08620600 -0.04682600 0.03414500
v 0.08609900 -0.04652700 0.03414300
v 0.08658000 -0.04805700 0.03446800
v 0.08638000 -0.04744500 0.03446400
v 0.08611500 -0.04652200 0.03398500
v 0.08607700 -0.04636900 0.03382700
v 0.08606100 -0.04637300 0.03398400
v 0.08618900 -0.04683000 0.03430300
v 0.08615300 -0.04667600 0.03414400
v 0.08627700 -0.04714000 0.03446200
v 0.08641600 -0.04743500 0.03415000
v 0.08634500 -0.04712100 0.03383300
v 0.08631200 -0.04713000 0.03414800
v 0.08622400 -0.04698700 0.03446100
v 0.08629500 -0.04713500 0.03430500
v 0.08625900 -0.04697800 0.03414700
v 0.08624200 -0.04698200 0.03430400
v 0.08636200 -0.04745000 0.03462200
v 0.08632900 -0.04729200 0.03446300
v 0.08654200 -0.04806800 0.03478300
v 0.08648200 -0.04775000 0.03446600
v 0.08644300 -0.04776100 0.03478100
v 0.08683700 -0.04865400 0.03383900
v 0.08676900 -0.04867300 0.03447000
v 0.08646300 -0.04775600 0.03462400
v 0.08643100 -0.04759700 0.03446500
v 0.08641300 -0.04760300 0.03462300
v 0.08661500 -0.04804700 0.03415300
v 0.08655000 -0.04773100 0.03383600
v 0.08651700 -0.04774100 0.03415100
v 0.08649300 -0.04791400 0.03478200
v 0.08673100 -0.04868400 0.03478500
v 0.08667600 -0.04836500 0.03446900
v 0.08663800 -0.04837500 0.03478400
v 0.08661800 -0.04838100 0.03494100
v 0.08659000 -0.04822100 0.03478300
v 0.08671100 -0.04868900 0.03494200
v 0.08668400 -0.04852900 0.03478400
v 0.08666400 -0.04853500 0.03494200
v 0.08685900 -0.04898200 0.03447000
v 0.08682100 -0.04899300 0.03478500
v 0.08680100 -0.04899900 0.03494300
v 0.08677600 -0.04883800 0.03478500
v 0.08675600 -0.04884400 0.03494200
v 0.08686500 -0.04914800 0.03478500
v 0.08684500 -0.04915300 0.03494300
v 0.08705700 -0.04926200 0.03340600
v 0.08717000 -0.04923000 0.03170500
v 0.08717000 -0.04923000 0.02829500
v 0.08705700 -0.04926200 0.02659400
v 0.08686800 -0.04931400 0.02490000
v 0.08772600 -0.05174800 0.02743100
v 0.08720700 -0.04922000 0.03000000
v 0.08781200 -0.05172400 0.03000000
v 0.08823700 -0.05422700 0.03000000
v 0.08772600 -0.05174800 0.03256900
v 0.08744500 -0.05049100 0.02742600
v 0.08762100 -0.05177800 0.02616900
v 0.08734000 -0.05052000 0.02616300
v 0.08796000 -0.05299600 0.02743900
v 0.08753200 -0.05046700 0.03000000
v 0.08779100 -0.05173000 0.02871500
v 0.08751000 -0.05047300 0.02871200
v 0.08804600 -0.05297200 0.03000000
v 0.08802500 -0.05297800 0.02871900
v 0.08744500 -0.05049100 0.03257300
v 0.08779100 -0.05173000 0.03128500
v 0.08751000 -0.05047300 0.03128800
v 0.08796000 -0.05299600 0.03256100
v 0.08802500 -0.05297800 0.03128100
v 0.08762100 -0.05177800 0.03383100
v 0.08734000 -0.05052000 0.03383700
v 0.08823600 -0.05422400 0.02980900
v 0.08823300 -0.05421300 0.02961900
v 0.08822800 -0.05419600 0.02942900
v 0.08822200 -0.05417200 0.02924000
v 0.08821300 -0.05414200 0.02905200
v 0.08820300 -0.05410400 0.02886500
v 0.08819000 -0.05406000 0.02868000
v 0.08817600 -0.05400900 0.02849700
v 0.08816000 -0.05395100 0.02831600
v 0.08814200 -0.05388800 0.02813700
v 0.08812300 -0.05381700 0.02796100
v 0.08810100 -0.05374100 0.02778700
v 0.08807800 -0.05365800 0.02761700
v 0.08805400 -0.05356900 0.02745000
v 0.08802700 -0.05347400 0.02728700
v 0.08799900 -0.05337400 0.02712700
v 0.08796900 -0.05326700 0.02697200
v 0.08793800 -0.05315500 0.02682000
v 0.08790600 -0.05303800 0.02667300
v 0.08787200 -0.05291600 0.02653100
v 0.08783600 -0.05278800 0.02639400
v 0.08779900 -0.05265600 0.02626100
v 0.08776100 -0.05251900 0.02613400
v 0.08772200 -0.05237700 0.02601300
v 0.08768100 -0.05223200 0.02589700
v 0.08763900 -0.05208200 0.02578600
v 0.08759600 -0.05192800 0.02568200
v 0.08755300 -0.05177100 0.02558300
v 0.08750800 -0.05161000 0.02549100
v 0.08746200 -0.05144600 0.02540500
v 0.08741600 -0.05127900 0.02532600
v 0.08736800 -0.05110900 0.02525300
v 0.08732000 -0.05093700 0.02518600
v 0.08727200 -0.05076200 0.02512700
v 0.08722200 -0.05058600 0.02507400
v 0.08717300 -0.05040700 0.02502800
v 0.08712300 -0.05022800 0.02498900
v 0.08707200 -0.05004600 0.02495700
v 0.08702100 -0.04986400 0.02493200
v 0.08697100 -0.04968100 0.02491400
v 0.08691900 -0.04949800 0.02490400
v 0.08814700 -0.05359900 0.03000000
v 0.08812500 -0.05360500 0.02872100
v 0.08804100 -0.05297400 0.02935900
v 0.08814100 -0.05360000 0.02936000
v 0.08819300 -0.05391300 0.03000000
v 0.08818800 -0.05391400 0.02936100
v 0.08814500 -0.05359900 0.02968000
v 0.08819200 -0.05391300 0.02968100
v 0.08812500 -0.05360500 0.03127900
v 0.08804100 -0.05297400 0.03064100
v 0.08814100 -0.05360000 0.03064000
v 0.08818800 -0.05391400 0.03063900
v 0.08814500 -0.05359900 0.03032000
v 0.08819200 -0.05391300 0.03031900
v 0.08817200 -0.05391900 0.02872200
v 0.08813500 -0.05360200 0.02904100
v 0.08818100 -0.05391600 0.02904200
v 0.08799800 -0.05298600 0.02807800
v 0.08809900 -0.05361200 0.02808200
v 0.08811300 -0.05360800 0.02840200
v 0.08816000 -0.05392200 0.02840300
v 0.08808100 -0.05361700 0.02776300
v 0.08791300 -0.05300900 0.02680900
v 0.08805000 -0.05329900 0.02808000
v 0.08801200 -0.05330900 0.02744100
v 0.08798000 -0.05299000 0.02775800
v 0.08803200 -0.05330400 0.02776100
v 0.08791300 -0.05235300 0.02871700
v 0.08784900 -0.05237100 0.02743500
v 0.08776400 -0.05173800 0.02807300
v 0.08788600 -0.05236100 0.02807500
v 0.08793800 -0.05300200 0.02712400
v 0.08774300 -0.05240100 0.02617500
v 0.08767900 -0.05176200 0.02680000
v 0.08780100 -0.05238400 0.02680400
v 0.08785800 -0.05269700 0.02680700
v 0.08777400 -0.05239200 0.02648900
v 0.08783100 -0.05270400 0.02649200
v 0.08768300 -0.05208900 0.02617200
v 0.08758800 -0.05178700 0.02585500
v 0.08748600 -0.05114800 0.02616500
v 0.08727100 -0.05053900 0.02553200
v 0.08741700 -0.05116700 0.02553600
v 0.08755500 -0.05146200 0.02616700
v 0.08748600 -0.05148100 0.02553800
v 0.08745300 -0.05115700 0.02585000
v 0.08752200 -0.05147200 0.02585200
v 0.08759100 -0.05111800 0.02742800
v 0.08739800 -0.05050400 0.02679400
v 0.08754400 -0.05113200 0.02679600
v 0.08734600 -0.05085300 0.02553400
v 0.08723300 -0.05055000 0.02521700
v 0.08718300 -0.04989500 0.02616100
v 0.08711500 -0.04991400 0.02553000
v 0.08719400 -0.05022700 0.02553100
v 0.08707700 -0.04992500 0.02521500
v 0.08715600 -0.05023700 0.02521600
v 0.08703200 -0.04960300 0.02553000
v 0.08699400 -0.04961400 0.02521500
v 0.08686800 -0.04931400 0.03510000
v 0.08689400 -0.04940600 0.03509900
v 0.08691900 -0.04949800 0.03509600
v 0.08694500 -0.04959000 0.03509200
v 0.08697100 -0.04968100 0.03508600
v 0.08699600 -0.04977300 0.03507800
v 0.08702100 -0.04986400 0.03506800
v 0.08704700 -0.04995600 0.03505600
v 0.08707200 -0.05004600 0.03504300
v 0.08709700 -0.05013700 0.03502800
v 0.08712300 -0.05022800 0.03501100
v 0.08714800 -0.05031800 0.03499200
v 0.08717300 -0.05040700 0.03497200
v 0.08719800 -0.05049700 0.03495000
v 0.08722200 -0.05058600 0.03492600
v 0.08724700 -0.05067400 0.03490100
v 0.08727200 -0.05076200 0.03487300
v 0.08729600 -0.05085000 0.03484400
v 0.08732000 -0.05093700 0.03481400
v 0.08734400 -0.05102300 0.03478100
v 0.08736800 -0.05110900 0.03474700
v 0.08739200 -0.05119400 0.03471200
v 0.08741600 -0.05127900 0.03467400
v 0.08743900 -0.05136300 0.03463600
v 0.08746200 -0.05144600 0.03459500
v 0.08748500 -0.05152800 0.03455300
v 0.08750800 -0.05161000 0.03450900
v 0.08753000 -0.05169100 0.03446400
v 0.08755300 -0.05177100 0.03441700
v 0.08757500 -0.05185000 0.03436800
v 0.08759600 -0.05192800 0.03431800
v 0.08761800 -0.05200500 0.03426700
v 0.08763900 -0.05208200 0.03421400
v 0.08766000 -0.05215700 0.03415900
v 0.08768100 -0.05223200 0.03410300
v 0.08770100 -0.05230500 0.03404600
v 0.08772200 -0.05237700 0.03398700
v 0.08774100 -0.05244900 0.03392700
v 0.08776100 -0.05251900 0.03386600
v 0.08778000 -0.05258800 0.03380300
v 0.08779900 -0.05265600 0.03373900
v 0.08781800 -0.05272300 0.03367300
v 0.08783600 -0.05278800 0.03360600
v 0.08785400 -0.05285300 0.03353800
v 0.08787200 -0.05291600 0.03346900
v 0.08788900 -0.05297800 0.03339800
v 0.08790600 -0.05303800 0.03332700
v 0.08792200 -0.05309700 0.03325400
v 0.08793800 -0.05315500 0.03318000
v 0.08795400 -0.05321200 0.03310500
v 0.08796900 -0.05326700 0.03302800
v 0.08798400 -0.05332100 0.03295100
v 0.08799900 -0.05337400 0.03287300
v 0.08801300 -0.05342500 0.03279400
v 0.08802700 -0.05347400 0.03271300
v 0.08804100 -0.05352200 0.03263200
v 0.08805400 -0.05356900 0.03255000
v 0.08806600 -0.05361400 0.03246700
v 0.08807800 -0.05365800 0.03238300
v 0.08809000 -0.05370000 0.03229800
v 0.08810100 -0.05374100 0.03221300
v 0.08811200 -0.05378000 0.03212700
v 0.08812300 -0.05381700 0.03203900
v 0.08813300 -0.05385300 0.03195200
v 0.08814200 -0.05388800 0.03186300
v 0.08815100 -0.05392000 0.03177400
v 0.08816000 -0.05395100 0.03168400
v 0.08816800 -0.05398100 0.03159400
v 0.08817600 -0.05400900 0.03150300
v 0.08818300 -0.05403500 0.03141200
v 0.08819000 -0.05406000 0.03132000
v 0.08819700 -0.05408300 0.03122800
v 0.08820300 -0.05410400 0.03113500
v 0.08820800 -0.05412400 0.03104200
v 0.08821300 -0.05414200 0.03094800
v 0.08821800 -0.05415800 0.03085400
v 0.08822200 -0.05417200 0.03076000
v 0.08822500 -0.05418500 0.03066600
v 0.08822800 -0.05419600 0.03057100
v 0.08823100 -0.05420600 0.03047600
v 0.08823300 -0.05421300 0.03038100
v 0.08823500 -0.05421900 0.03028600
v 0.08823600 -0.05422400 0.03019100
v 0.08823700 -0.05422600 0.03009500
v 0.08727100 -0.05053900 0.03446800
v 0.08718300 -0.04989500 0.03383900
v 0.08711500 -0.04991400 0.03447000
v 0.08707700 -0.04992500 0.03478500
v 0.08703200 -0.04960300 0.03447000
v 0.08699400 -0.04961400 0.03478500
v 0.08697400 -0.04961900 0.03494300
v 0.08695200 -0.04945800 0.03478500
v 0.08693200 -0.04946400 0.03494300
v 0.08705600 -0.04993100 0.03494200
v 0.08703600 -0.04976900 0.03478500
v 0.08701600 -0.04977500 0.03494200
v 0.08723300 -0.05055000 0.03478300
v 0.08719400 -0.05022700 0.03446900
v 0.08715600 -0.05023700 0.03478400
v 0.08748600 -0.05114800 0.03383500
v 0.08741700 -0.05116700 0.03446400
v 0.08713600 -0.05024300 0.03494100
v 0.08711700 -0.05008100 0.03478400
v 0.08709700 -0.05008700 0.03494200
v 0.08719500 -0.05039300 0.03478300
v 0.08734600 -0.05085300 0.03446600
v 0.08730800 -0.05086300 0.03478100
v 0.08727100 -0.05070700 0.03478200
v 0.08748600 -0.05148100 0.03446200
v 0.08774300 -0.05240100 0.03382500
v 0.08739900 -0.05117200 0.03462200
v 0.08738200 -0.05101000 0.03446500
v 0.08732700 -0.05085800 0.03462400
v 0.08736300 -0.05101500 0.03462300
v 0.08745300 -0.05115700 0.03415000
v 0.08741400 -0.05083400 0.03383600
v 0.08730700 -0.05052900 0.03415300
v 0.08738100 -0.05084300 0.03415100
v 0.08767900 -0.05176200 0.03320000
v 0.08759100 -0.05111800 0.03257200
v 0.08739800 -0.05050400 0.03320600
v 0.08754400 -0.05113200 0.03320400
v 0.08745200 -0.05132400 0.03446300
v 0.08758800 -0.05178700 0.03414500
v 0.08755500 -0.05146200 0.03383300
v 0.08752200 -0.05147200 0.03414800
v 0.08752000 -0.05163900 0.03446100
v 0.08757100 -0.05179200 0.03430300
v 0.08755500 -0.05162900 0.03414700
v 0.08750400 -0.05147600 0.03430500
v 0.08753800 -0.05163400 0.03430400
v 0.08768300 -0.05208900 0.03382800
v 0.08765100 -0.05209800 0.03414300
v 0.08791300 -0.05300900 0.03319100
v 0.08784900 -0.05237100 0.03256500
v 0.08780100 -0.05238400 0.03319600
v 0.08762000 -0.05194200 0.03414400
v 0.08771400 -0.05224500 0.03382700
v 0.08766700 -0.05209300 0.03398500
v 0.08769800 -0.05224900 0.03398400
v 0.08777400 -0.05239200 0.03351100
v 0.08774100 -0.05207300 0.03319800
v 0.08765100 -0.05176900 0.03351500
v 0.08771400 -0.05208000 0.03351300
v 0.08785800 -0.05269700 0.03319300
v 0.08783100 -0.05270400 0.03350800
v 0.08780200 -0.05254800 0.03350900
v 0.08775900 -0.05239600 0.03366800
v 0.08778800 -0.05255200 0.03366700
v 0.08788600 -0.05285300 0.03319200
v 0.08784500 -0.05270000 0.03335100
v 0.08787200 -0.05285700 0.03334900
v 0.08793800 -0.05300200 0.03287600
v 0.08790600 -0.05268300 0.03256300
v 0.08782600 -0.05237700 0.03288100
v 0.08788300 -0.05269000 0.03287900
v 0.08799800 -0.05298600 0.03192200
v 0.08791300 -0.05235300 0.03128300
v 0.08776400 -0.05173800 0.03192700
v 0.08788600 -0.05236100 0.03192500
v 0.08801200 -0.05330900 0.03255900
v 0.08799000 -0.05331500 0.03287300
v 0.08809900 -0.05361200 0.03191800
v 0.08796400 -0.05315900 0.03287500
v 0.08792600 -0.05300600 0.03303300
v 0.08795200 -0.05316200 0.03303200
v 0.08803700 -0.05346600 0.03255800
v 0.08800100 -0.05331200 0.03271600
v 0.08808100 -0.05361700 0.03223700
v 0.08805000 -0.05329900 0.03192000
v 0.08798000 -0.05299000 0.03224200
v 0.08803200 -0.05330400 0.03223900
v 0.08807200 -0.05362000 0.03239700
v 0.08805700 -0.05346000 0.03223800
v 0.08802200 -0.05330600 0.03239900
v 0.08804700 -0.05346300 0.03239800
v 0.08812200 -0.05376900 0.03191700
v 0.08809000 -0.05361500 0.03207800
v 0.08811400 -0.05377200 0.03207600
v 0.08817200 -0.05391900 0.03127800
v 0.08811300 -0.05360800 0.03159800
v 0.08816000 -0.05392200 0.03159700
v 0.08813700 -0.05376500 0.03159800
v 0.08810600 -0.05361000 0.03175800
v 0.08813000 -0.05376700 0.03175700
v 0.08807600 -0.05329100 0.03128000
v 0.08801200 -0.05298100 0.03160200
v 0.08806400 -0.05329500 0.03160000
v 0.08816600 -0.05392000 0.03143700
v 0.08813500 -0.05360200 0.03095900
v 0.08818100 -0.05391600 0.03095800
v 0.08820300 -0.05407300 0.03095800
v 0.08817700 -0.05391700 0.03111800
v 0.08821000 -0.05407100 0.03063900
v 0.08818500 -0.05391500 0.03079900
v 0.08820700 -0.05407200 0.03079800
v 0.08821400 -0.05407000 0.03031900
v 0.08819000 -0.05391400 0.03047900
v 0.08821200 -0.05407100 0.03047900
v 0.08821500 -0.05407000 0.03000000
v 0.08819300 -0.05391300 0.03016000
v 0.08821500 -0.05407000 0.03016000
v 0.08705700 -0.04926200 0.02659400
v 0.08717000 -0.04923000 0.02829500
v 0.08717000 -0.04923000 0.03170500
v 0.08705700 -0.04926200 0.03340600
v 0.08825800 -0.05419000 0.03000000
v 0.08823700 -0.05422700 0.03000000
v 0.08689700 -0.04930600 0.03507000
v 0.08553700 -0.04442200 0.03000000
v 0.08550000 -0.04440100 0.03000000
v 0.08550000 -0.04440200 0.03009500
v 0.08550100 -0.04440500 0.03019100
v 0.08550200 -0.04440900 0.03028600
v 0.08550300 -0.04441500 0.03038100
v 0.08550600 -0.04442300 0.03047600
v 0.08550800 -0.04443200 0.03057100
v 0.08551100 -0.04444300 0.03066600
v 0.08551500 -0.04445600 0.03076000
v 0.08551900 -0.04447100 0.03085400
v 0.08552300 -0.04448700 0.03094800
v 0.08552800 -0.04450500 0.03104200
v 0.08553400 -0.04452500 0.03113500
v 0.08554000 -0.04454600 0.03122800
v 0.08554600 -0.04456900 0.03132000
v 0.08555300 -0.04459300 0.03141200
v 0.08556000 -0.04462000 0.03150300
v 0.08556800 -0.04464700 0.03159400
v 0.08557600 -0.04467700 0.03168400
v 0.08558500 -0.04470800 0.03177400
v 0.08559400 -0.04474100 0.03186300
v 0.08560400 -0.04477500 0.03195200
v 0.08561400 -0.04481100 0.03203900
v 0.08562400 -0.04484900 0.03212700
v 0.08563500 -0.04488800 0.03221300
v 0.08564600 -0.04492800 0.03229800
v 0.08565800 -0.04497100 0.03238300
v 0.08567000 -0.04501400 0.03246700
v 0.08568300 -0.04506000 0.03255000
v 0.08569600 -0.04510600 0.03263200
v 0.08570900 -0.04515400 0.03271300
v 0.08572300 -0.04520400 0.03279400
v 0.08573700 -0.04525500 0.03287300
v 0.08575200 -0.04530700 0.03295100
v 0.08576700 -0.04536100 0.03302800
v 0.08578200 -0.04541700 0.03310500
v 0.08579800 -0.04547300 0.03318000
v 0.08581400 -0.04553100 0.03325400
v 0.08583100 -0.04559000 0.03332700
v 0.08584800 -0.04565100 0.03339800
v 0.08586500 -0.04571300 0.03346900
v 0.08588300 -0.04577600 0.03353800
v 0.08590000 -0.04584000 0.03360600
v 0.08591900 -0.04590600 0.03367300
v 0.08593700 -0.04597300 0.03373900
v 0.08595600 -0.04604100 0.03380300
v 0.08597500 -0.04611000 0.03386600
v 0.08599500 -0.04618000 0.03392700
v 0.08601500 -0.04625100 0.03398700
v 0.08603500 -0.04632300 0.03404600
v 0.08605600 -0.04639700 0.03410300
v 0.08607600 -0.04647100 0.03415900
v 0.08609700 -0.04654700 0.03421400
v 0.08611900 -0.04662300 0.03426700
v 0.08614000 -0.04670000 0.03431800
v 0.08616200 -0.04677900 0.03436800
v 0.08618400 -0.04685800 0.03441700
v 0.08620600 -0.04693800 0.03446400
v 0.08622900 -0.04701900 0.03450900
v 0.08625100 -0.04710000 0.03455300
v 0.08627400 -0.04718300 0.03459500
v 0.08629800 -0.04726600 0.03463600
v 0.08632100 -0.04735000 0.03467400
v 0.08634400 -0.04743400 0.03471200
v 0.08636800 -0.04751900 0.03474700
v 0.08639200 -0.04760500 0.03478100
v 0.08641600 -0.04769200 0.03481400
v 0.08644000 -0.04777900 0.03484400
v 0.08646500 -0.04786600 0.03487300
v 0.08648900 -0.04795400 0.03490100
v 0.08651400 -0.04804300 0.03492600
v 0.08653900 -0.04813200 0.03495000
v 0.08656400 -0.04822100 0.03497200
v 0.08658900 -0.04831100 0.03499200
v 0.08661400 -0.04840100 0.03501100
v 0.08663900 -0.04849100 0.03502800
v 0.08666400 -0.04858200 0.03504300
v 0.08669000 -0.04867300 0.03505600
v 0.08671500 -0.04876400 0.03506800
v 0.08674000 -0.04885600 0.03507800
v 0.08676600 -0.04894700 0.03508600
v 0.08679200 -0.04903900 0.03509200
v 0.08681700 -0.04913100 0.03509600
v 0.08684300 -0.04922200 0.03509900
v 0.08686800 -0.04931400 0.03510000
v 0.08689400 -0.04940600 0.03509900
v 0.08691900 -0.04949800 0.03509600
v 0.08694500 -0.04959000 0.03509200
v 0.08697100 -0.04968100 0.03508600
v 0.08699600 -0.04977300 0.03507800
v 0.08702100 -0.04986400 0.03506800
v 0.08704700 -0.04995600 0.03505600
v 0.08707200 -0.05004600 0.03504300
v 0.08709700 -0.05013700 0.03502800
v 0.08712300 -0.05022800 0.03501100
v 0.08714800 -0.05031800 0.03499200
v 0.08717300 -0.05040700 0.03497200
v 0.08719800 -0.05049700 0.03495000
v 0.08722200 -0.05058600 0.03492600
v 0.08724700 -0.05067400 0.03490100
v 0.08727200 -0.05076200 0.03487300
v 0.08729600 -0.05085000 0.03484400
v 0.08732000 -0.05093700 0.03481400
v 0.08734400 -0.05102300 0.03478100
v 0.08736800 -0.05110900 0.03474700
v 0.08739200 -0.05119400 0.03471200
v 0.08741600 -0.05127900 0.03467400
v 0.08743900 -0.05136300 0.03463600
v 0.08746200 -0.05144600 0.03459500
v 0.08748500 -0.05152800 0.03455300
v 0.08750800 -0.05161000 0.03450900
v 0.08753000 -0.05169100 0.03446400
v 0.08755300 -0.05177100 0.03441700
v 0.08757500 -0.05185000 0.03436800
v 0.08759600 -0.05192800 0.03431800
v 0.08761800 -0.05200500 0.03426700
v 0.08763900 -0.05208200 0.03421400
v 0.08766000 -0.05215700 0.03415900
v 0.08768100 -0.05223200 0.03410300
v 0.08770100 -0.05230500 0.03404600
v 0.08772200 -0.05237700 0.03398700
v 0.08774100 -0.05244900 0.03392700
v 0.08776100 -0.05251900 0.03386600
v 0.08778000 -0.05258800 0.03380300
v 0.08779900 -0.05265600 0.03373900
v 0.08781800 -0.05272300 0.03367300
v 0.08783600 -0.05278800 0.03360600
v 0.08785400 -0.05285300 0.03353800
v 0.08787200 -0.05291600 0.03346900
v 0.08788900 -0.05297800 0.03339800
v 0.08790600 -0.05303800 0.03332700
v 0.08792200 -0.05309700 0.03325400
v 0.08793800 -0.05315500 0.03318000
v 0.08795400 -0.05321200 0.03310500
v 0.08796900 -0.05326700 0.03302800
v 0.08798400 -0.05332100 0.03295100
v 0.08799900 -0.05337400 0.03287300
v 0.08801300 -0.05342500 0.03279400
v 0.08802700 -0.05347400 0.03271300
v 0.08804100 -0.05352200 0.03263200
v 0.08805400 -0.05356900 0.03255000
v 0.08806600 -0.05361400 0.03246700
v 0.08807800 -0.05365800 0.03238300
v 0.08809000 -0.05370000 0.03229800
v 0.08810100 -0.05374100 0.03221300
v 0.08811200 -0.05378000 0.03212700
v 0.08812300 -0.05381700 0.03203900
v 0.08813300 -0.05385300 0.03195200
v 0.08814200 -0.05388800 0.03186300
v 0.08815100 -0.05392000 0.03177400
v 0.08816000 -0.05395100 0.03168400
v 0.08816800 -0.05398100 0.03159400
v 0.08817600 -0.05400900 0.03150300
v 0.08818300 -0.05403500 0.03141200
v 0.08819000 -0.05406000 0.03132000
v 0.08819700 -0.05408300 0.03122800
v 0.08820300 -0.05410400 0.03113500
v 0.08820800 -0.05412400 0.03104200
v 0.08821300 -0.05414200 0.03094800
v 0.08821800 -0.05415800 0.03085400
v 0.08822200 -0.05417200 0.03076000
v 0.08822500 -0.05418500 0.03066600
v 0.08822800 -0.05419600 0.03057100
v 0.08823100 -0.05420600 0.03047600
v 0.08823300 -0.05421300 0.03038100
v 0.08823500 -0.05421900 0.03028600
v 0.08823600 -0.05422400 0.03019100
v 0.08823700 -0.05422600 0.03009500
v 0.08825700 -0.05418900 0.03009500
v 0.08825700 -0.05418700 0.03019000
v 0.08825600 -0.05418300 0.03028400
v 0.08825400 -0.05417700 0.03037900
v 0.08825200 -0.05416900 0.03047300
v 0.08824900 -0.05416000 0.03056800
v 0.08824600 -0.05414800 0.03066200
v 0.08824300 -0.05413600 0.03075600
v 0.08823800 -0.05412100 0.03084900
v 0.08823400 -0.05410500 0.03094300
v 0.08822900 -0.05408700 0.03103600
v 0.08822400 -0.05406800 0.03112800
v 0.08821800 -0.05404700 0.03122000
v 0.08821100 -0.05402400 0.03131200
v 0.08820500 -0.05399900 0.03140400
v 0.08819700 -0.05397300 0.03149400
v 0.08819000 -0.05394600 0.03158500
v 0.08818100 -0.05391600 0.03167500
v 0.08817300 -0.05388500 0.03176400
v 0.08816400 -0.05385300 0.03185200
v 0.08815400 -0.05381800 0.03194000
v 0.08814400 -0.05378300 0.03202700
v 0.08813400 -0.05374500 0.03211400
v 0.08812300 -0.05370700 0.03220000
v 0.08811200 -0.05366600 0.03228500
v 0.08810000 -0.05362400 0.03236900
v 0.08808800 -0.05358100 0.03245200
v 0.08807500 -0.05353600 0.03253500
v 0.08806300 -0.05348900 0.03261700
v 0.08804900 -0.05344200 0.03269700
v 0.08803500 -0.05339200 0.03277700
v 0.08802100 -0.05334200 0.03285600
v 0.08800700 -0.05328900 0.03293400
v 0.08799200 -0.05323600 0.03301100
v 0.08797700 -0.05318100 0.03308600
v 0.08796100 -0.05312500 0.03316100
v 0.08794500 -0.05306700 0.03323500
v 0.08792800 -0.05300800 0.03330700
v 0.08791200 -0.05294800 0.03337800
v 0.08789500 -0.05288600 0.03344800
v 0.08787700 -0.05282400 0.03351700
v 0.08785900 -0.05276000 0.03358500
v 0.08784100 -0.05269500 0.03365100
v 0.08782300 -0.05262800 0.03371700
v 0.08780400 -0.05256100 0.03378000
v 0.08778500 -0.05249200 0.03384300
v 0.08776500 -0.05242200 0.03390400
v 0.08774500 -0.05235100 0.03396400
v 0.08772500 -0.05227900 0.03402200
v 0.08770500 -0.05220600 0.03407900
v 0.08768400 -0.05213200 0.03413500
v 0.08766400 -0.05205700 0.03418900
v 0.08764200 -0.05198200 0.03424200
v 0.08762100 -0.05190500 0.03429300
v 0.08759900 -0.05182700 0.03434300
v 0.08757700 -0.05174800 0.03439100
v 0.08755500 -0.05166900 0.03443700
v 0.08753300 -0.05158800 0.03448200
v 0.08751000 -0.05150700 0.03452600
v 0.08748700 -0.05142500 0.03456800
v 0.08746400 -0.05134300 0.03460800
v 0.08744100 -0.05125900 0.03464700
v 0.08741800 -0.05117500 0.03468400
v 0.08739400 -0.05109100 0.03472000
v 0.08737000 -0.05100500 0.03475300
v 0.08734700 -0.05091900 0.03478500
v 0.08732200 -0.05083300 0.03481600
v 0.08729800 -0.05074600 0.03484500
v 0.08727400 -0.05065800 0.03487200
v 0.08724900 -0.05057000 0.03489700
v 0.08722500 -0.05048200 0.03492100
v 0.08720000 -0.05039300 0.03494300
v 0.08717500 -0.05030400 0.03496300
v 0.08715000 -0.05021400 0.03498200
v 0.08712500 -0.05012400 0.03499800
v 0.08710000 -0.05003400 0.03501300
v 0.08707500 -0.04994400 0.03502700
v 0.08704900 -0.04985300 0.03503800
v 0.08702400 -0.04976200 0.03504800
v 0.08699900 -0.04967100 0.03505600
v 0.08697300 -0.04958000 0.03506200
v 0.08694800 -0.04948900 0.03506600
v 0.08692300 -0.04939800 0.03506900
v 0.08687200 -0.04921500 0.03506900
v 0.08684600 -0.04912400 0.03506600
v 0.08682100 -0.04903200 0.03506200
v 0.08679500 -0.04894100 0.03505600
v 0.08677000 -0.04885000 0.03504800
v 0.08674500 -0.04875900 0.03503800
v 0.08672000 -0.04866900 0.03502700
v 0.08669400 -0.04857800 0.03501300
v 0.08666900 -0.04848800 0.03499800
v 0.08664400 -0.04839800 0.03498200
v 0.08661900 -0.04830900 0.03496300
v 0.08659400 -0.04821900 0.03494300
v 0.08657000 -0.04813100 0.03492100
v 0.08654500 -0.04804200 0.03489700
v 0.08652000 -0.04795400 0.03487200
v 0.08649600 -0.04786700 0.03484500
v 0.08647200 -0.04778000 0.03481600
v 0.08644800 -0.04769300 0.03478500
v 0.08642400 -0.04760700 0.03475300
v 0.08640000 -0.04752200 0.03472000
v 0.08637600 -0.04743700 0.03468400
v 0.08635300 -0.04735300 0.03464700
v 0.08633000 -0.04727000 0.03460800
v 0.08630700 -0.04718700 0.03456800
v 0.08628400 -0.04710500 0.03452600
v 0.08626100 -0.04702400 0.03448200
v 0.08623900 -0.04694400 0.03443700
v 0.08621700 -0.04686400 0.03439100
v 0.08619500 -0.04678600 0.03434300
v 0.08617300 -0.04670800 0.03429300
v 0.08615200 -0.04663100 0.03424200
v 0.08613100 -0.04655500 0.03418900
v 0.08611000 -0.04648000 0.03413500
v 0.08608900 -0.04640600 0.03407900
v 0.08606900 -0.04633300 0.03402200
v 0.08604900 -0.04626100 0.03396400
v 0.08602900 -0.04619000 0.03390400
v 0.08601000 -0.04612000 0.03384300
v 0.08599100 -0.04605200 0.03378000
v 0.08597200 -0.04598400 0.03371700
v 0.08595300 -0.04591800 0.03365100
v 0.08593500 -0.04585300 0.03358500
v 0.08591700 -0.04578900 0.03351700
v 0.08590000 -0.04572600 0.03344800
v 0.08588300 -0.04566400 0.03337800
v 0.08586600 -0.04560400 0.03330700
v 0.08584900 -0.04554500 0.03323500
v 0.08583300 -0.04548800 0.03316100
v 0.08581800 -0.04543100 0.03308600
v 0.08580200 -0.04537700 0.03301100
v 0.08578800 -0.04532300 0.03293400
v 0.08577300 -0.04527100 0.03285600
v 0.08575900 -0.04522000 0.03277700
v 0.08574500 -0.04517100 0.03269700
v 0.08573200 -0.04512300 0.03261700
v 0.08571900 -0.04507700 0.03253500
v 0.08570600 -0.04503200 0.03245200
v 0.08569400 -0.04498800 0.03236900
v 0.08568300 -0.04494600 0.03228500
v 0.08567100 -0.04490600 0.03220000
v 0.08566000 -0.04486700 0.03211400
v 0.08565000 -0.04483000 0.03202700
v 0.08564000 -0.04479400 0.03194000
v 0.08563100 -0.04476000 0.03185200
v 0.08562200 -0.04472700 0.03176400
v 0.08561300 -0.04469600 0.03167500
v 0.08560500 -0.04466700 0.03158500
v 0.08559700 -0.04463900 0.03149400
v 0.08559000 -0.04461300 0.03140400
v 0.08558300 -0.04458900 0.03131200
v 0.08557700 -0.04456600 0.03122000
v 0.08557100 -0.04454500 0.03112800
v 0.08556500 -0.04452500 0.03103600
v 0.08556000 -0.04450700 0.03094300
v 0.08555600 -0.04449100 0.03084900
v 0.08555200 -0.04447700 0.03075600
v 0.08554800 -0.04446400 0.03066200
v 0.08554500 -0.04445300 0.03056800
v 0.08554300 -0.04444400 0.03047300
v 0.08554000 -0.04443600 0.03037900
v 0.08553900 -0.04443000 0.03028400
v 0.08553800 -0.04442600 0.03019000
v 0.08553700 -0.04442300 0.03009500
v 0.08824700 -0.05420700 0.03013800
v 0.08824300 -0.05419200 0.03041500
v 0.08823900 -0.05418000 0.03054700
v 0.08823000 -0.05414700 0.03080300
v 0.08823500 -0.05416500 0.03067500
v 0.08821800 -0.05410200 0.03105600
v 0.08822400 -0.05412600 0.03092900
v 0.08821000 -0.05407500 0.03118100
v 0.08819200 -0.05401100 0.03143000
v 0.08820200 -0.05404400 0.03130600
v 0.08817100 -0.05393500 0.03167500
v 0.08818200 -0.05397500 0.03155300
v 0.08815900 -0.05389300 0.03179600
v 0.08813300 -0.05380000 0.03203400
v 0.08814700 -0.05384800 0.03191600
v 0.08811900 -0.05374900 0.03215200
v 0.08810400 -0.05369500 0.03226800
v 0.08807200 -0.05358000 0.03249200
v 0.08808900 -0.05363900 0.03237900
v 0.08805500 -0.05352000 0.03260000
v 0.08803800 -0.05345700 0.03270700
v 0.08802000 -0.05339100 0.03281200
v 0.08800100 -0.05332400 0.03291600
v 0.08798100 -0.05325300 0.03301700
v 0.08796100 -0.05318000 0.03311700
v 0.08791800 -0.05302800 0.03331100
v 0.08794000 -0.05310500 0.03321500
v 0.08789600 -0.05294800 0.03340500
v 0.08785000 -0.05278200 0.03358700
v 0.08787300 -0.05286600 0.03349700
v 0.08782600 -0.05269600 0.03367500
v 0.08777600 -0.05251800 0.03384300
v 0.08780100 -0.05260800 0.03376000
v 0.08772400 -0.05233200 0.03400200
v 0.08775100 -0.05242600 0.03392400
v 0.08767100 -0.05213800 0.03415200
v 0.08769800 -0.05223600 0.03407800
v 0.08764300 -0.05203900 0.03422300
v 0.08758600 -0.05183600 0.03435700
v 0.08761500 -0.05193800 0.03429100
v 0.08755700 -0.05173100 0.03442000
v 0.08749800 -0.05151900 0.03453900
v 0.08752800 -0.05162600 0.03448100
v 0.08746800 -0.05141100 0.03459400
v 0.08740600 -0.05119000 0.03469600
v 0.08743700 -0.05130100 0.03464600
v 0.08737500 -0.05107800 0.03474200
v 0.08734400 -0.05096500 0.03478600
v 0.08728000 -0.05073600 0.03486500
v 0.08731200 -0.05085100 0.03482700
v 0.08724800 -0.05062100 0.03490000
v 0.08721500 -0.05050400 0.03493200
v 0.08715000 -0.05026900 0.03498700
v 0.08718300 -0.05038700 0.03496100
v 0.08711500 -0.05014400 0.03501100
v 0.08708000 -0.05001800 0.03503200
v 0.08700900 -0.04976300 0.03506300
v 0.08704400 -0.04989100 0.03504900
v 0.08697300 -0.04963400 0.03507400
v 0.08690100 -0.04937700 0.03508500
v 0.08693800 -0.04950800 0.03508100
v 0.08688300 -0.04931000 0.03508500
v 0.08684600 -0.04917700 0.03508300
v 0.08680800 -0.04904400 0.03507700
v 0.08677100 -0.04891100 0.03506800
v 0.08670100 -0.04866000 0.03504000
v 0.08673600 -0.04878300 0.03505500
v 0.08666700 -0.04853700 0.03502100
v 0.08663300 -0.04841500 0.03499900
v 0.08659900 -0.04829300 0.03497400
v 0.08653200 -0.04805200 0.03491400
v 0.08656600 -0.04817200 0.03494600
v 0.08649900 -0.04793300 0.03488000
v 0.08646600 -0.04781400 0.03484200
v 0.08640100 -0.04758000 0.03475700
v 0.08643300 -0.04769700 0.03480100
v 0.08636900 -0.04746500 0.03471000
v 0.08630500 -0.04723700 0.03460700
v 0.08633700 -0.04735000 0.03466000
v 0.08624400 -0.04701800 0.03449400
v 0.08627400 -0.04712600 0.03455100
v 0.08621400 -0.04691000 0.03443300
v 0.08615600 -0.04670200 0.03430500
v 0.08618500 -0.04680500 0.03437000
v 0.08612800 -0.04660100 0.03423700
v 0.08610000 -0.04650200 0.03416600
v 0.08607300 -0.04640400 0.03409300
v 0.08604600 -0.04630700 0.03401800
v 0.08599400 -0.04612100 0.03385900
v 0.08602000 -0.04621300 0.03394000
v 0.08596900 -0.04603000 0.03377700
v 0.08592000 -0.04585500 0.03360400
v 0.08594400 -0.04594100 0.03369200
v 0.08589700 -0.04577100 0.03351500
v 0.08585100 -0.04560800 0.03333000
v 0.08587400 -0.04568800 0.03342300
v 0.08580900 -0.04545500 0.03313700
v 0.08583000 -0.04553000 0.03323400
v 0.08576900 -0.04531100 0.03293600
v 0.08578800 -0.04538200 0.03303700
v 0.08574900 -0.04524200 0.03283300
v 0.08571300 -0.04511300 0.03262200
v 0.08573100 -0.04517600 0.03272800
v 0.08569600 -0.04505200 0.03251300
v 0.08566500 -0.04493800 0.03229300
v 0.08568000 -0.04499400 0.03240400
v 0.08565000 -0.04488500 0.03218000
v 0.08562300 -0.04478700 0.03195200
v 0.08563600 -0.04483500 0.03206700
v 0.08561000 -0.04474200 0.03183500
v 0.08559800 -0.04470000 0.03171800
v 0.08557700 -0.04462400 0.03148100
v 0.08558700 -0.04466100 0.03160000
v 0.08556800 -0.04459000 0.03136000
v 0.08555900 -0.04455900 0.03123900
v 0.08554400 -0.04450600 0.03099500
v 0.08555100 -0.04453200 0.03111800
v 0.08553800 -0.04448300 0.03086500
v 0.08553200 -0.04446300 0.03073500
v 0.08552400 -0.04443300 0.03047000
v 0.08552800 -0.04444600 0.03060200
v 0.08552100 -0.04442300 0.03033700
v 0.08551800 -0.04441200 0.03007000
v 0.08551900 -0.04441600 0.03020500
v 0.08553700 -0.04442200 0.03000000
v 0.08550000 -0.04440100 0.03000000
v 0.08825800 -0.05419000 0.03000000
v 0.08823700 -0.05422700 0.03000000
v 0.08686800 -0.04931400 0.02490000
v 0.08681700 -0.04913100 0.02490400
v 0.08676600 -0.04894700 0.02491400
v 0.08671500 -0.04876400 0.02493200
v 0.08666400 -0.04858200 0.02495700
v 0.08661400 -0.04840100 0.02498900
v 0.08656400 -0.04822100 0.02502800
v 0.08651400 -0.04804300 0.02507400
v 0.08646500 -0.04786600 0.02512700
v 0.08641600 -0.04769200 0.02518600
v 0.08636800 -0.04751900 0.02525300
v 0.08632100 -0.04735000 0.02532600
v 0.08627400 -0.04718300 0.02540500
v 0.08622900 -0.04701900 0.02549100
v 0.08618400 -0.04685800 0.02558300
v 0.08614000 -0.04670000 0.02568200
v 0.08609700 -0.04654700 0.02578600
v 0.08605600 -0.04639700 0.02589700
v 0.08601500 -0.04625100 0.02601300
v 0.08597500 -0.04611000 0.02613400
v 0.08593700 -0.04597300 0.02626100
v 0.08590000 -0.04584000 0.02639400
v 0.08586500 -0.04571300 0.02653100
v 0.08583100 -0.04559000 0.02667300
v 0.08579800 -0.04547300 0.02682000
v 0.08576700 -0.04536100 0.02697200
v 0.08573700 -0.04525500 0.02712700
v 0.08570900 -0.04515400 0.02728700
v 0.08568300 -0.04506000 0.02745000
v 0.08565800 -0.04497100 0.02761700
v 0.08563500 -0.04488800 0.02778700
v 0.08561400 -0.04481100 0.02796100
v 0.08559400 -0.04474100 0.02813700
v 0.08557600 -0.04467700 0.02831600
v 0.08556000 -0.04462000 0.02849700
v 0.08554600 -0.04456900 0.02868000
v 0.08553400 -0.04452500 0.02886500
v 0.08552300 -0.04448700 0.02905200
v 0.08551500 -0.04445600 0.02924000
v 0.08550800 -0.04443200 0.02942900
v 0.08550300 -0.04441500 0.02961900
v 0.08550100 -0.04440500 0.02980900
v 0.08823600 -0.05422400 0.02980900
v 0.08823300 -0.05421300 0.02961900
v 0.08822800 -0.05419600 0.02942900
v 0.08822200 -0.05417200 0.02924000
v 0.08821300 -0.05414200 0.02905200
v 0.08820300 -0.05410400 0.02886500
v 0.08819000 -0.05406000 0.02868000
v 0.08817600 -0.05400900 0.02849700
v 0.08816000 -0.05395100 0.02831600
v 0.08814200 -0.05388800 0.02813700
v 0.08812300 -0.05381700 0.02796100
v 0.08810100 -0.05374100 0.02778700
v 0.08807800 -0.05365800 0.02761700
v 0.08805400 -0.05356900 0.02745000
v 0.08802700 -0.05347400 0.02728700
v 0.08799900 -0.05337400 0.02712700
v 0.08796900 -0.05326700 0.02697200
v 0.08793800 -0.05315500 0.02682000
v 0.08790600 -0.05303800 0.02667300
v 0.08787200 -0.05291600 0.02653100
v 0.08783600 -0.05278800 0.02639400
v 0.08779900 -0.05265600 0.02626100
v 0.08776100 -0.05251900 0.02613400
v 0.08772200 -0.05237700 0.02601300
v 0.08768100 -0.05223200 0.02589700
v 0.08763900 -0.05208200 0.02578600
v 0.08759600 -0.05192800 0.02568200
v 0.08755300 -0.05177100 0.02558300
v 0.08750800 -0.05161000 0.02549100
v 0.08746200 -0.05144600 0.02540500
v 0.08741600 -0.05127900 0.02532600
v 0.08736800 -0.05110900 0.02525300
v 0.08732000 -0.05093700 0.02518600
v 0.08727200 -0.05076200 0.02512700
v 0.08722200 -0.05058600 0.02507400
v 0.08717300 -0.05040700 0.02502800
v 0.08712300 -0.05022800 0.02498900
v 0.08707200 -0.05004600 0.02495700
v 0.08702100 -0.04986400 0.02493200
v 0.08697100 -0.04968100 0.02491400
v 0.08691900 -0.04949800 0.02490400
v 0.08553800 -0.04442600 0.02981000
v 0.08554000 -0.04443600 0.02962100
v 0.08554500 -0.04445300 0.02943200
v 0.08555200 -0.04447700 0.02924400
v 0.08556000 -0.04450700 0.02905700
v 0.08557100 -0.04454500 0.02887200
v 0.08558300 -0.04458900 0.02868800
v 0.08559700 -0.04463900 0.02850600
v 0.08561300 -0.04469600 0.02832500
v 0.08563100 -0.04476000 0.02814800
v 0.08565000 -0.04483000 0.02797300
v 0.08567100 -0.04490600 0.02780000
v 0.08569400 -0.04498800 0.02763100
v 0.08571900 -0.04507700 0.02746500
v 0.08574500 -0.04517100 0.02730300
v 0.08577300 -0.04527100 0.02714400
v 0.08580200 -0.04537700 0.02698900
v 0.08583300 -0.04548800 0.02683900
v 0.08586600 -0.04560400 0.02669300
v 0.08590000 -0.04572600 0.02655200
v 0.08593500 -0.04585300 0.02641500
v 0.08597200 -0.04598400 0.02628300
v 0.08601000 -0.04612000 0.02615700
v 0.08604900 -0.04626100 0.02603600
v 0.08608900 -0.04640600 0.02592100
v 0.08613100 -0.04655500 0.02581100
v 0.08617300 -0.04670800 0.02570700
v 0.08621700 -0.04686400 0.02560900
v 0.08626100 -0.04702400 0.02551800
v 0.08630700 -0.04718700 0.02543200
v 0.08635300 -0.04735300 0.02535300
v 0.08640000 -0.04752200 0.02528000
v 0.08644800 -0.04769300 0.02521500
v 0.08649600 -0.04786700 0.02515500
v 0.08654500 -0.04804200 0.02510300
v 0.08659400 -0.04821900 0.02505700
v 0.08664400 -0.04839800 0.02501800
v 0.08669400 -0.04857800 0.02498700
v 0.08674500 -0.04875900 0.02496200
v 0.08679500 -0.04894100 0.02494400
v 0.08684600 -0.04912400 0.02493400
v 0.08689700 -0.04930600 0.02493000
v 0.08694800 -0.04948900 0.02493400
v 0.08699900 -0.04967100 0.02494400
v 0.08704900 -0.04985300 0.02496200
v 0.08710000 -0.05003400 0.02498700
v 0.08715000 -0.05021400 0.02501800
v 0.08720000 -0.05039300 0.02505700
v 0.08724900 -0.05057000 0.02510300
v 0.08729800 -0.05074600 0.02515500
v 0.08734700 -0.05091900 0.02521500
v 0.08739400 -0.05109100 0.02528000
v 0.08744100 -0.05125900 0.02535300
v 0.08748700 -0.05142500 0.02543200
v 0.08753300 -0.05158800 0.02551800
v 0.08757700 -0.05174800 0.02560900
v 0.08762100 -0.05190500 0.02570700
v 0.08766400 -0.05205700 0.02581100
v 0.08770500 -0.05220600 0.02592100
v 0.08774500 -0.05235100 0.02603600
v 0.08778500 -0.05249200 0.02615700
v 0.08782300 -0.05262800 0.02628300
v 0.08785900 -0.05276000 0.02641500
v 0.08789500 -0.05288600 0.02655200
v 0.08792800 -0.05300800 0.02669300
v 0.08796100 -0.05312500 0.02683900
v 0.08799200 -0.05323600 0.02698900
v 0.08802100 -0.05334200 0.02714400
v 0.08804900 -0.05344200 0.02730300
v 0.08807500 -0.05353600 0.02746500
v 0.08810000 -0.05362400 0.02763100
v 0.08812300 -0.05370700 0.02780000
v 0.08814400 -0.05378300 0.02797300
v 0.08816400 -0.05385300 0.02814800
v 0.08818100 -0.05391600 0.02832500
v 0.08819700 -0.05397300 0.02850600
v 0.08821100 -0.05402400 0.02868800
v 0.08822400 -0.05406800 0.02887200
v 0.08823400 -0.05410500 0.02905700
v 0.08824300 -0.05413600 0.02924400
v 0.08824900 -0.05416000 0.02943200
v 0.08825400 -0.05417700 0.02962100
v 0.08825700 -0.05418700 0.02981000
v 0.08553700 -0.04442200 0.03000000
v 0.08558500 -0.04440900 0.03000000
v 0.08689700 -0.04930600 0.03507000
v 0.08694500 -0.04929300 0.03507000
v 0.08825800 -0.05419000 0.03000000
v 0.08830600 -0.05417700 0.03000000
v 0.08553700 -0.04442300 0.03009500
v 0.08553800 -0.04442600 0.03019000
v 0.08553900 -0.04443000 0.03028400
v 0.08554000 -0.04443600 0.03037900
v 0.08554300 -0.04444400 0.03047300
v 0.08554500 -0.04445300 0.03056800
v 0.08554800 -0.04446400 0.03066200
v 0.08555200 -0.04447700 0.03075600
v 0.08555600 -0.04449100 0.03084900
v 0.08556000 -0.04450700 0.03094300
v 0.08556500 -0.04452500 0.03103600
v 0.08557100 -0.04454500 0.03112800
v 0.08557700 -0.04456600 0.03122000
v 0.08558300 -0.04458900 0.03131200
v 0.08559000 -0.04461300 0.03140400
v 0.08559700 -0.04463900 0.03149400
v 0.08560500 -0.04466700 0.03158500
v 0.08561300 -0.04469600 0.03167500
v 0.08562200 -0.04472700 0.03176400
v 0.08563100 -0.04476000 0.03185200
v 0.08564000 -0.04479400 0.03194000
v 0.08565000 -0.04483000 0.03202700
v 0.08566000 -0.04486700 0.03211400
v 0.08567100 -0.04490600 0.03220000
v 0.08568300 -0.04494600 0.03228500
v 0.08569400 -0.04498800 0.03236900
v 0.08570600 -0.04503200 0.03245200
v 0.08571900 -0.04507700 0.03253500
v 0.08573200 -0.04512300 0.03261700
v 0.08574500 -0.04517100 0.03269700
v 0.08575900 -0.04522000 0.03277700
v 0.08577300 -0.04527100 0.03285600
v 0.08578800 -0.04532300 0.03293400
v 0.08580200 -0.04537700 0.03301100
v 0.08581800 -0.04543100 0.03308600
v 0.08583300 -0.04548800 0.03316100
v 0.08584900 -0.04554500 0.03323500
v 0.08586600 -0.04560400 0.03330700
v 0.08588300 -0.04566400 0.03337800
v 0.08590000 -0.04572600 0.03344800
v 0.08591700 -0.04578900 0.03351700
v 0.08593500 -0.04585300 0.03358500
v 0.08595300 -0.04591800 0.03365100
v 0.08597200 -0.04598400 0.03371700
v 0.08599100 -0.04605200 0.03378000
v 0.08601000 -0.04612000 0.03384300
v 0.08602900 -0.04619000 0.03390400
v 0.08604900 -0.04626100 0.03396400
v 0.08606900 -0.04633300 0.03402200
v 0.08608900 -0.04640600 0.03407900
v 0.08611000 -0.04648000 0.03413500
v 0.08613100 -0.04655500 0.03418900
v 0.08615200 -0.04663100 0.03424200
v 0.08617300 -0.04670800 0.03429300
v 0.08619500 -0.04678600 0.03434300
v 0.08621700 -0.04686400 0.03439100
v 0.08623900 -0.04694400 0.03443700
v 0.08626100 -0.04702400 0.03448200
v 0.08628400 -0.04710500 0.03452600
v 0.08630700 -0.04718700 0.03456800
v 0.08633000 -0.04727000 0.03460800
v 0.08635300 -0.04735300 0.03464700
v 0.08637600 -0.04743700 0.03468400
v 0.08640000 -0.04752200 0.03472000
v 0.08642400 -0.04760700 0.03475300
v 0.08644800 -0.04769300 0.03478500
v 0.08647200 -0.04778000 0.03481600
v 0.08649600 -0.04786700 0.03484500
v 0.08652000 -0.04795400 0.03487200
v 0.08654500 -0.04804200 0.03489700
v 0.08657000 -0.04813100 0.03492100
v 0.08659400 -0.04821900 0.03494300
v 0.08661900 -0.04830900 0.03496300
v 0.08664400 -0.04839800 0.03498200
v 0.08666900 -0.04848800 0.03499800
v 0.08669400 -0.04857800 0.03501300
v 0.08672000 -0.04866900 0.03502700
v 0.08674500 -0.04875900 0.03503800
v 0.08677000 -0.04885000 0.03504800
v 0.08679500 -0.04894100 0.03505600
v 0.08682100 -0.04903200 0.03506200
v 0.08684600 -0.04912400 0.03506600
v 0.08687200 -0.04921500 0.03506900
v 0.08692300 -0.04939800 0.03506900
v 0.08694800 -0.04948900 0.03506600
v 0.08697300 -0.04958000 0.03506200
v 0.08699900 -0.04967100 0.03505600
v 0.08702400 -0.04976200 0.03504800
v 0.08704900 -0.04985300 0.03503800
v 0.08707500 -0.04994400 0.03502700
v 0.08710000 -0.05003400 0.03501300
v 0.08712500 -0.05012400 0.03499800
v 0.08715000 -0.05021400 0.03498200
v 0.08717500 -0.05030400 0.03496300
v 0.08720000 -0.05039300 0.03494300
v 0.08722500 -0.05048200 0.03492100
v 0.08724900 -0.05057000 0.03489700
v 0.08727400 -0.05065800 0.03487200
v 0.08729800 -0.05074600 0.03484500
v 0.08732200 -0.05083300 0.03481600
v 0.08734700 -0.05091900 0.03478500
v 0.08737000 -0.05100500 0.03475300
v 0.08739400 -0.05109100 0.03472000
v 0.08741800 -0.05117500 0.03468400
v 0.08744100 -0.05125900 0.03464700
v 0.08746400 -0.05134300 0.03460800
v 0.08748700 -0.05142500 0.03456800
v 0.08751000 -0.05150700 0.03452600
v 0.08753300 -0.05158800 0.03448200
v 0.08755500 -0.05166900 0.03443700
v 0.08757700 -0.05174800 0.03439100
v 0.08759900 -0.05182700 0.03434300
v 0.08762100 -0.05190500 0.03429300
v 0.08764200 -0.05198200 0.03424200
v 0.08766400 -0.05205700 0.03418900
v 0.08768400 -0.05213200 0.03413500
v 0.08770500 -0.05220600 0.03407900
v 0.08772500 -0.05227900 0.03402200
v 0.08774500 -0.05235100 0.03396400
v 0.08776500 -0.05242200 0.03390400
v 0.08778500 -0.05249200 0.03384300
v 0.08780400 -0.05256100 0.03378000
v 0.08782300 -0.05262800 0.03371700
v 0.08784100 -0.05269500 0.03365100
v 0.08785900 -0.05276000 0.03358500
v 0.08787700 -0.05282400 0.03351700
v 0.08789500 -0.05288600 0.03344800
v 0.08791200 -0.05294800 0.03337800
v 0.08792800 -0.05300800 0.03330700
v 0.08794500 -0.05306700 0.03323500
v 0.08796100 -0.05312500 0.03316100
v 0.08797700 -0.05318100 0.03308600
v 0.08799200 -0.05323600 0.03301100
v 0.08800700 -0.05328900 0.03293400
v 0.08802100 -0.05334200 0.03285600
v 0.08803500 -0.05339200 0.03277700
v 0.08804900 -0.05344200 0.03269700
v 0.08806300 -0.05348900 0.03261700
v 0.08807500 -0.05353600 0.03253500
v 0.08808800 -0.05358100 0.03245200
v 0.08810000 -0.05362400 0.03236900
v 0.08811200 -0.05366600 0.03228500
v 0.08812300 -0.05370700 0.03220000
v 0.08813400 -0.05374500 0.03211400
v 0.08814400 -0.05378300 0.03202700
v 0.08815400 -0.05381800 0.03194000
v 0.08816400 -0.05385300 0.03185200
v 0.08817300 -0.05388500 0.03176400
v 0.08818100 -0.05391600 0.03167500
v 0.08819000 -0.05394600 0.03158500
v 0.08819700 -0.05397300 0.03149400
v 0.08820500 -0.05399900 0.03140400
v 0.08821100 -0.05402400 0.03131200
v 0.08821800 -0.05404700 0.03122000
v 0.08822400 -0.05406800 0.03112800
v 0.08822900 -0.05408700 0.03103600
v 0.08823400 -0.05410500 0.03094300
v 0.08823800 -0.05412100 0.03084900
v 0.08824300 -0.05413600 0.03075600
v 0.08824600 -0.05414800 0.03066200
v 0.08824900 -0.05416000 0.03056800
v 0.08825200 -0.05416900 0.03047300
v 0.08825400 -0.05417700 0.03037900
v 0.08825600 -0.05418300 0.03028400
v 0.08825700 -0.05418700 0.03019000
v 0.08825700 -0.05418900 0.03009500
v 0.08830500 -0.05417200 0.03022100
v 0.08830100 -0.05415800 0.03044200
v 0.08829400 -0.05413500 0.03066200
v 0.08828500 -0.05410300 0.03088000
v 0.08827400 -0.05406100 0.03109700
v 0.08826000 -0.05401000 0.03131200
v 0.08824300 -0.05395100 0.03152500
v 0.08822400 -0.05388200 0.03173400
v 0.08820200 -0.05380500 0.03194000
v 0.08817800 -0.05371900 0.03214300
v 0.08815200 -0.05362500 0.03234100
v 0.08812400 -0.05352200 0.03253500
v 0.08809300 -0.05341200 0.03272400
v 0.08806000 -0.05329400 0.03290800
v 0.08802500 -0.05316800 0.03308600
v 0.08798800 -0.05303400 0.03325900
v 0.08794800 -0.05289400 0.03342500
v 0.08790700 -0.05274600 0.03358500
v 0.08786400 -0.05259200 0.03373800
v 0.08782000 -0.05243200 0.03388400
v 0.08777400 -0.05226600 0.03402200
v 0.08772600 -0.05209400 0.03415300
v 0.08767600 -0.05191700 0.03427600
v 0.08762600 -0.05173500 0.03439100
v 0.08757400 -0.05154800 0.03449700
v 0.08752000 -0.05135700 0.03459500
v 0.08746600 -0.05116200 0.03468400
v 0.08741100 -0.05096300 0.03476400
v 0.08735400 -0.05076100 0.03483500
v 0.08729700 -0.05055700 0.03489700
v 0.08724000 -0.05035000 0.03495000
v 0.08718200 -0.05014100 0.03499300
v 0.08712300 -0.04993000 0.03502700
v 0.08706400 -0.04971800 0.03505100
v 0.08700500 -0.04950600 0.03506500
v 0.08688600 -0.04908000 0.03506500
v 0.08682700 -0.04886700 0.03505100
v 0.08676800 -0.04865500 0.03502700
v 0.08670900 -0.04844500 0.03499300
v 0.08665100 -0.04823600 0.03495000
v 0.08659300 -0.04802900 0.03489700
v 0.08653600 -0.04782400 0.03483500
v 0.08648000 -0.04762200 0.03476400
v 0.08642500 -0.04742400 0.03468400
v 0.08637000 -0.04722900 0.03459500
v 0.08631700 -0.04703800 0.03449700
v 0.08626500 -0.04685100 0.03439100
v 0.08621400 -0.04666900 0.03427600
v 0.08616500 -0.04649100 0.03415300
v 0.08611700 -0.04632000 0.03402200
v 0.08607100 -0.04615300 0.03388400
v 0.08602600 -0.04599300 0.03373800
v 0.08598300 -0.04583900 0.03358500
v 0.08594200 -0.04569200 0.03342500
v 0.08590300 -0.04555100 0.03325900
v 0.08586600 -0.04541800 0.03308600
v 0.08583100 -0.04529200 0.03290800
v 0.08579800 -0.04517400 0.03272400
v 0.08576700 -0.04506300 0.03253500
v 0.08573800 -0.04496100 0.03234100
v 0.08571200 -0.04486600 0.03214300
v 0.08568800 -0.04478100 0.03194000
v 0.08566700 -0.04470300 0.03173400
v 0.08564800 -0.04463500 0.03152500
v 0.08563100 -0.04457500 0.03131200
v 0.08561700 -0.04452500 0.03109700
v 0.08560500 -0.04448300 0.03088000
v 0.08559600 -0.04445100 0.03066200
v 0.08559000 -0.04442700 0.03044200
v 0.08558600 -0.04441300 0.03022100
v 0.08825800 -0.05419000 0.03000000
v 0.08830600 -0.05417700 0.03000000
v 0.08689700 -0.04930600 0.02493000
v 0.08694500 -0.04929300 0.02493000
v 0.08553700 -0.04442200 0.03000000
v 0.08558500 -0.04440900 0.03000000
v 0.08825700 -0.05418700 0.02981000
v 0.08825400 -0.05417700 0.02962100
v 0.08824900 -0.05416000 0.02943200
v 0.08824300 -0.05413600 0.02924400
v 0.08823400 -0.05410500 0.02905700
v 0.08822400 -0.05406800 0.02887200
v 0.08821100 -0.05402400 0.02868800
v 0.08819700 -0.05397300 0.02850600
v 0.08818100 -0.05391600 0.02832500
v 0.08816400 -0.05385300 0.02814800
v 0.08814400 -0.05378300 0.02797300
v 0.08812300 -0.05370700 0.02780000
v 0.08810000 -0.05362400 0.02763100
v 0.08807500 -0.05353600 0.02746500
v 0.08804900 -0.05344200 0.02730300
v 0.08802100 -0.05334200 0.02714400
v 0.08799200 -0.05323600 0.02698900
v 0.08796100 -0.05312500 0.02683900
v 0.08792800 -0.05300800 0.02669300
v 0.08789500 -0.05288600 0.02655200
v 0.08785900 -0.05276000 0.02641500
v 0.08782300 -0.05262800 0.02628300
v 0.08778500 -0.05249200 0.02615700
v 0.08774500 -0.05235100 0.02603600
v 0.08770500 -0.05220600 0.02592100
v 0.08766400 -0.05205700 0.02581100
v 0.08762100 -0.05190500 0.02570700
v 0.08757700 -0.05174800 0.02560900
v 0.08753300 -0.05158800 0.02551800
v 0.08748700 -0.05142500 0.02543200
v 0.08744100 -0.05125900 0.02535300
v 0.08739400 -0.05109100 0.02528000
v 0.08734700 -0.05091900 0.02521500
v 0.08729800 -0.05074600 0.02515500
v 0.08724900 -0.05057000 0.02510300
v 0.08720000 -0.05039300 0.02505700
v 0.08715000 -0.05021400 0.02501800
v 0.08710000 -0.05003400 0.02498700
v 0.08704900 -0.04985300 0.02496200
v 0.08699900 -0.04967100 0.02494400
v 0.08694800 -0.04948900 0.02493400
v 0.08684600 -0.04912400 0.02493400
v 0.08679500 -0.04894100 0.02494400
v 0.08674500 -0.04875900 0.02496200
v 0.08669400 -0.04857800 0.02498700
v 0.08664400 -0.04839800 0.02501800
v 0.08659400 -0.04821900 0.02505700
v 0.08654500 -0.04804200 0.02510300
v 0.08649600 -0.04786700 0.02515500
v 0.08644800 -0.04769300 0.02521500
v 0.08640000 -0.04752200 0.02528000
v 0.08635300 -0.04735300 0.02535300
v 0.08630700 -0.04718700 0.02543200
v 0.08626100 -0.04702400 0.02551800
v 0.08621700 -0.04686400 0.02560900
v 0.08617300 -0.04670800 0.02570700
v 0.08613100 -0.04655500 0.02581100
v 0.08608900 -0.04640600 0.02592100
v 0.08604900 -0.04626100 0.02603600
v 0.08601000 -0.04612000 0.02615700
v 0.08597200 -0.04598400 0.02628300
v 0.08593500 -0.04585300 0.02641500
v 0.08590000 -0.04572600 0.02655200
v 0.08586600 -0.04560400 0.02669300
v 0.08583300 -0.04548800 0.02683900
v 0.08580200 -0.04537700 0.02698900
v 0.08577300 -0.04527100 0.02714400
v 0.08574500 -0.04517100 0.02730300
v 0.08571900 -0.04507700 0.02746500
v 0.08569400 -0.04498800 0.02763100
v 0.08567100 -0.04490600 0.02780000
v 0.08565000 -0.04483000 0.02797300
v 0.08563100 -0.04476000 0.02814800
v 0.08561300 -0.04469600 0.02832500
v 0.08559700 -0.04463900 0.02850600
v 0.08558300 -0.04458900 0.02868800
v 0.08557100 -0.04454500 0.02887200
v 0.08556000 -0.04450700 0.02905700
v 0.08555200 -0.04447700 0.02924400
v 0.08554500 -0.04445300 0.02943200
v 0.08554000 -0.04443600 0.02962100
v 0.08553800 -0.04442600 0.02981000
v 0.08558600 -0.04441300 0.02977900
v 0.08559000 -0.04442700 0.02955800
v 0.08559600 -0.04445100 0.02933800
v 0.08560500 -0.04448300 0.02912000
v 0.08561700 -0.04452500 0.02890300
v 0.08563100 -0.04457500 0.02868800
v 0.08564800 -0.04463500 0.02847500
v 0.08566700 -0.04470300 0.02826600
v 0.08568800 -0.04478100 0.02806000
v 0.08571200 -0.04486600 0.02785700
v 0.08573800 -0.04496100 0.02765900
v 0.08576700 -0.04506300 0.02746500
v 0.08579800 -0.04517400 0.02727600
v 0.08583100 -0.04529200 0.02709200
v 0.08586600 -0.04541800 0.02691400
v 0.08590300 -0.04555100 0.02674100
v 0.08594200 -0.04569200 0.02657500
v 0.08598300 -0.04583900 0.02641500
v 0.08602600 -0.04599300 0.02626200
v 0.08607100 -0.04615300 0.02611600
v 0.08611700 -0.04632000 0.02597800
v 0.08616500 -0.04649100 0.02584700
v 0.08621400 -0.04666900 0.02572400
v 0.08626500 -0.04685100 0.02560900
v 0.08631700 -0.04703800 0.02550300
v 0.08637000 -0.04722900 0.02540500
v 0.08642500 -0.04742400 0.02531600
v 0.08648000 -0.04762200 0.02523600
v 0.08653600 -0.04782400 0.02516500
v 0.08659300 -0.04802900 0.02510300
v 0.08665100 -0.04823600 0.02505000
v 0.08670900 -0.04844500 0.02500700
v 0.08676800 -0.04865500 0.02497300
v 0.08682700 -0.04886700 0.02494900
v 0.08688600 -0.04908000 0.02493500
v 0.08700500 -0.04950600 0.02493500
v 0.08706400 -0.04971800 0.02494900
v 0.08712300 -0.04993000 0.02497300
v 0.08718200 -0.05014100 0.02500700
v 0.08724000 -0.05035000 0.02505000
v 0.08729700 -0.05055700 0.02510300
v 0.08735400 -0.05076100 0.02516500
v 0.08741100 -0.05096300 0.02523600
v 0.08746600 -0.05116200 0.02531600
v 0.08752000 -0.05135700 0.02540500
v 0.08757400 -0.05154800 0.02550300
v 0.08762600 -0.05173500 0.02560900
v 0.08767600 -0.05191700 0.02572400
v 0.08772600 -0.05209400 0.02584700
v 0.08777400 -0.05226600 0.02597800
v 0.08782000 -0.05243200 0.02611600
v 0.08786400 -0.05259200 0.02626200
v 0.08790700 -0.05274600 0.02641500
v 0.08794800 -0.05289400 0.02657500
v 0.08798800 -0.05303400 0.02674100
v 0.08802500 -0.05316800 0.02691400
v 0.08806000 -0.05329400 0.02709200
v 0.08809300 -0.05341200 0.02727600
v 0.08812400 -0.05352200 0.02746500
v 0.08815200 -0.05362500 0.02765900
v 0.08817800 -0.05371900 0.02785700
v 0.08820200 -0.05380500 0.02806000
v 0.08822400 -0.05388200 0.02826600
v 0.08824300 -0.05395100 0.02847500
v 0.08826000 -0.05401000 0.02868800
v 0.08827400 -0.05406100 0.02890300
v 0.08828500 -0.05410300 0.02912000
v 0.08829400 -0.05413500 0.02933800
v 0.08830100 -0.05415800 0.02955800
v 0.08830500 -0.05417200 0.02977900
v 0.08558500 -0.04440900 0.03000000
v 0.08548600 -0.04399000 0.03000000
v 0.08694500 -0.04929300 0.03507000
v 0.08830600 -0.05417700 0.03000000
v 0.08843800 -0.05458600 0.03000000
v 0.08558600 -0.04441300 0.03022100
v 0.08559000 -0.04442700 0.03044200
v 0.08559600 -0.04445100 0.03066200
v 0.08560500 -0.04448300 0.03088000
v 0.08561700 -0.04452500 0.03109700
v 0.08563100 -0.04457500 0.03131200
v 0.08564800 -0.04463500 0.03152500
v 0.08566700 -0.04470300 0.03173400
v 0.08568800 -0.04478100 0.03194000
v 0.08571200 -0.04486600 0.03214300
v 0.08573800 -0.04496100 0.03234100
v 0.08576700 -0.04506300 0.03253500
v 0.08579800 -0.04517400 0.03272400
v 0.08583100 -0.04529200 0.03290800
v 0.08586600 -0.04541800 0.03308600
v 0.08590300 -0.04555100 0.03325900
v 0.08594200 -0.04569200 0.03342500
v 0.08598300 -0.04583900 0.03358500
v 0.08602600 -0.04599300 0.03373800
v 0.08607100 -0.04615300 0.03388400
v 0.08611700 -0.04632000 0.03402200
v 0.08616500 -0.04649100 0.03415300
v 0.08621400 -0.04666900 0.03427600
v 0.08626500 -0.04685100 0.03439100
v 0.08631700 -0.04703800 0.03449700
v 0.08637000 -0.04722900 0.03459500
v 0.08642500 -0.04742400 0.03468400
v 0.08648000 -0.04762200 0.03476400
v 0.08653600 -0.04782400 0.03483500
v 0.08659300 -0.04802900 0.03489700
v 0.08665100 -0.04823600 0.03495000
v 0.08670900 -0.04844500 0.03499300
v 0.08676800 -0.04865500 0.03502700
v 0.08682700 -0.04886700 0.03505100
v 0.08688600 -0.04908000 0.03506500
v 0.08700500 -0.04950600 0.03506500
v 0.08706400 -0.04971800 0.03505100
v 0.08712300 -0.04993000 0.03502700
v 0.08718200 -0.05014100 0.03499300
v 0.08724000 -0.05035000 0.03495000
v 0.08729700 -0.05055700 0.03489700
v 0.08735400 -0.05076100 0.03483500
v 0.08741100 -0.05096300 0.03476400
v 0.08746600 -0.05116200 0.03468400
v 0.08752000 -0.05135700 0.03459500
v 0.08757400 -0.05154800 0.03449700
v 0.08762600 -0.05173500 0.03439100
v 0.08767600 -0.05191700 0.03427600
v 0.08772600 -0.05209400 0.03415300
v 0.08777400 -0.05226600 0.03402200
v 0.08782000 -0.05243200 0.03388400
v 0.08786400 -0.05259200 0.03373800
v 0.08790700 -0.05274600 0.03358500
v 0.08794800 -0.05289400 0.03342500
v 0.08798800 -0.05303400 0.03325900
v 0.08802500 -0.05316800 0.03308600
v 0.08806000 -0.05329400 0.03290800
v 0.08809300 -0.05341200 0.03272400
v 0.08812400 -0.05352200 0.03253500
v 0.08815200 -0.05362500 0.03234100
v 0.08817800 -0.05371900 0.03214300
v 0.08820200 -0.05380500 0.03194000
v 0.08822400 -0.05388200 0.03173400
v 0.08824300 -0.05395100 0.03152500
v 0.08826000 -0.05401000 0.03131200
v 0.08827400 -0.05406100 0.03109700
v 0.08828500 -0.05410300 0.03088000
v 0.08829400 -0.05413500 0.03066200
v 0.08830100 -0.05415800 0.03044200
v 0.08830500 -0.05417200 0.03022100
v 0.08843800 -0.05458600 0.03004500
v 0.08843400 -0.05457200 0.03040400
v 0.08842400 -0.05453500 0.03076100
v 0.08840800 -0.05447600 0.03111400
v 0.08838500 -0.05439500 0.03146300
v 0.08835600 -0.05429200 0.03180600
v 0.08832200 -0.05416800 0.03214100
v 0.08828100 -0.05402300 0.03246700
v 0.08823500 -0.05385800 0.03278200
v 0.08818400 -0.05367400 0.03308600
v 0.08812700 -0.05347000 0.03337600
v 0.08806600 -0.05324900 0.03365200
v 0.08800000 -0.05301100 0.03391300
v 0.08792900 -0.05275800 0.03415700
v 0.08785400 -0.05248900 0.03438300
v 0.08777500 -0.05220700 0.03459000
v 0.08769300 -0.05191200 0.03477800
v 0.08760800 -0.05160600 0.03494600
v 0.08752000 -0.05129100 0.03509200
v 0.08743000 -0.05096600 0.03521700
v 0.08733800 -0.05063500 0.03531900
v 0.08724400 -0.05029800 0.03539900
v 0.08714800 -0.04995600 0.03545600
v 0.08705300 -0.04961200 0.03549000
v 0.08695600 -0.04926600 0.03550000
v 0.08686000 -0.04892100 0.03548700
v 0.08676400 -0.04857700 0.03545000
v 0.08666900 -0.04823600 0.03539000
v 0.08657500 -0.04789900 0.03530800
v 0.08648300 -0.04756900 0.03520200
v 0.08639300 -0.04724500 0.03507500
v 0.08630600 -0.04693100 0.03492600
v 0.08622100 -0.04662600 0.03475600
v 0.08613900 -0.04633300 0.03456500
v 0.08606100 -0.04605300 0.03435500
v 0.08598700 -0.04578600 0.03412700
v 0.08591700 -0.04553400 0.03388100
v 0.08585100 -0.04529800 0.03361900
v 0.08579000 -0.04507900 0.03334100
v 0.08573400 -0.04487800 0.03304900
v 0.08568300 -0.04469600 0.03274300
v 0.08563800 -0.04453300 0.03242700
v 0.08559800 -0.04439100 0.03210000
v 0.08556400 -0.04427000 0.03176300
v 0.08553600 -0.04416900 0.03142000
v 0.08551500 -0.04409100 0.03107000
v 0.08549900 -0.04403500 0.03071600
v 0.08548900 -0.04400100 0.03035900
v 0.08837200 -0.05438200 0.03000000
v 0.08837100 -0.05437600 0.03024000
v 0.08840400 -0.05447900 0.03024500
v 0.08837200 -0.05438000 0.03012000
v 0.08840500 -0.05448300 0.03012300
v 0.08553600 -0.04419900 0.03000000
v 0.08830600 -0.05417700 0.03000000
v 0.08843800 -0.05458600 0.03000000
v 0.08694500 -0.04929300 0.02493000
v 0.08558500 -0.04440900 0.03000000
v 0.08548600 -0.04399000 0.03000000
v 0.08830500 -0.05417200 0.02977900
v 0.08830100 -0.05415800 0.02955800
v 0.08829400 -0.05413500 0.02933800
v 0.08828500 -0.05410300 0.02912000
v 0.08827400 -0.05406100 0.02890300
v 0.08826000 -0.05401000 0.02868800
v 0.08824300 -0.05395100 0.02847500
v 0.08822400 -0.05388200 0.02826600
v 0.08820200 -0.05380500 0.02806000
v 0.08817800 -0.05371900 0.02785700
v 0.08815200 -0.05362500 0.02765900
v 0.08812400 -0.05352200 0.02746500
v 0.08809300 -0.05341200 0.02727600
v 0.08806000 -0.05329400 0.02709200
v 0.08802500 -0.05316800 0.02691400
v 0.08798800 -0.05303400 0.02674100
v 0.08794800 -0.05289400 0.02657500
v 0.08790700 -0.05274600 0.02641500
v 0.08786400 -0.05259200 0.02626200
v 0.08782000 -0.05243200 0.02611600
v 0.08777400 -0.05226600 0.02597800
v 0.08772600 -0.05209400 0.02584700
v 0.08767600 -0.05191700 0.02572400
v 0.08762600 -0.05173500 0.02560900
v 0.08757400 -0.05154800 0.02550300
v 0.08752000 -0.05135700 0.02540500
v 0.08746600 -0.05116200 0.02531600
v 0.08741100 -0.05096300 0.02523600
v 0.08735400 -0.05076100 0.02516500
v 0.08729700 -0.05055700 0.02510300
v 0.08724000 -0.05035000 0.02505000
v 0.08718200 -0.05014100 0.02500700
v 0.08712300 -0.04993000 0.02497300
v 0.08706400 -0.04971800 0.02494900
v 0.08700500 -0.04950600 0.02493500
v 0.08688600 -0.04908000 0.02493500
v 0.08682700 -0.04886700 0.02494900
v 0.08676800 -0.04865500 0.02497300
v 0.08670900 -0.04844500 0.02500700
v 0.08665100 -0.04823600 0.02505000
v 0.08659300 -0.04802900 0.02510300
v 0.08653600 -0.04782400 0.02516500
v 0.08648000 -0.04762200 0.02523600
v 0.08642500 -0.04742400 0.02531600
v 0.08637000 -0.04722900 0.02540500
v 0.08631700 -0.04703800 0.02550300
v 0.08626500 -0.04685100 0.02560900
v 0.08621400 -0.04666900 0.02572400
v 0.08616500 -0.04649100 0.02584700
v 0.08611700 -0.04632000 0.02597800
v 0.08607100 -0.04615300 0.02611600
v 0.08602600 -0.04599300 0.02626200
v 0.08598300 -0.04583900 0.02641500
v 0.08594200 -0.04569200 0.02657500
v 0.08590300 -0.04555100 0.02674100
v 0.08586600 -0.04541800 0.02691400
v 0.08583100 -0.04529200 0.02709200
v 0.08579800 -0.04517400 0.02727600
v 0.08576700 -0.04506300 0.02746500
v 0.08573800 -0.04496100 0.02765900
v 0.08571200 -0.04486600 0.02785700
v 0.08568800 -0.04478100 0.02806000
v 0.08566700 -0.04470300 0.02826600
v 0.08564800 -0.04463500 0.02847500
v 0.08563100 -0.04457500 0.02868800
v 0.08561700 -0.04452500 0.02890300
v 0.08560500 -0.04448300 0.02912000
v 0.08559600 -0.04445100 0.02933800
v 0.08559000 -0.04442700 0.02955800
v 0.08558600 -0.04441300 0.02977900
v 0.08837200 -0.05438200 0.03000000
v 0.08553600 -0.04419900 0.03000000
v 0.08548600 -0.04399000 0.02995500
v 0.08549000 -0.04400400 0.02959600
v 0.08550100 -0.04404100 0.02923900
v 0.08551700 -0.04410000 0.02888600
v 0.08554000 -0.04418100 0.02853700
v 0.08556800 -0.04428400 0.02819400
v 0.08560300 -0.04440800 0.02785900
v 0.08564300 -0.04455300 0.02753300
v 0.08568900 -0.04471800 0.02721800
v 0.08574100 -0.04490200 0.02691400
v 0.08579700 -0.04510600 0.02662400
v 0.08585900 -0.04532700 0.02634800
v 0.08592500 -0.04556500 0.02608700
v 0.08599600 -0.04581900 0.02584300
v 0.08607100 -0.04608700 0.02561700
v 0.08614900 -0.04636900 0.02541000
v 0.08623100 -0.04666400 0.02522200
v 0.08631700 -0.04697000 0.02505400
v 0.08640400 -0.04728600 0.02490800
v 0.08649500 -0.04761000 0.02478300
v 0.08658700 -0.04794100 0.02468100
v 0.08668100 -0.04827800 0.02460100
v 0.08677600 -0.04862000 0.02454400
v 0.08687200 -0.04896400 0.02451000
v 0.08696800 -0.04931000 0.02450000
v 0.08706500 -0.04965500 0.02451300
v 0.08716000 -0.04999900 0.02455000
v 0.08725500 -0.05034000 0.02461000
v 0.08734900 -0.05067700 0.02469200
v 0.08744100 -0.05100700 0.02479800
v 0.08753100 -0.05133100 0.02492500
v 0.08761900 -0.05164500 0.02507400
v 0.08770400 -0.05195000 0.02524400
v 0.08778500 -0.05224300 0.02543500
v 0.08786400 -0.05252300 0.02564500
v 0.08793800 -0.05279000 0.02587300
v 0.08800800 -0.05304200 0.02611900
v 0.08807400 -0.05327800 0.02638100
v 0.08813500 -0.05349700 0.02665900
v 0.08819100 -0.05369800 0.02695100
v 0.08824200 -0.05388000 0.02725700
v 0.08828700 -0.05404300 0.02757300
v 0.08832700 -0.05418500 0.02790000
v 0.08836000 -0.05430700 0.02823700
v 0.08838800 -0.05440700 0.02858000
v 0.08841000 -0.05448500 0.02893000
v 0.08842600 -0.05454100 0.02928400
v 0.08843500 -0.05457500 0.02964100
v 0.08553700 -0.04420500 0.02976000
v 0.08551200 -0.04410000 0.02975500
v 0.08553600 -0.04420100 0.02988000
v 0.08551100 -0.04409600 0.02987700
v 0.08548600 -0.04399000 0.03000000
v 0.08548900 -0.04400100 0.03035900
v 0.08549900 -0.04403500 0.03071600
v 0.08551500 -0.04409100 0.03107000
v 0.08553600 -0.04416900 0.03142000
v 0.08556400 -0.04427000 0.03176300
v 0.08559800 -0.04439100 0.03210000
v 0.08563800 -0.04453300 0.03242700
v 0.08568300 -0.04469600 0.03274300
v 0.08573400 -0.04487800 0.03304900
v 0.08579000 -0.04507900 0.03334100
v 0.08585100 -0.04529800 0.03361900
v 0.08591700 -0.04553400 0.03388100
v 0.08598700 -0.04578600 0.03412700
v 0.08606100 -0.04605300 0.03435500
v 0.08613900 -0.04633300 0.03456500
v 0.08622100 -0.04662600 0.03475600
v 0.08630600 -0.04693100 0.03492600
v 0.08639300 -0.04724500 0.03507500
v 0.08648300 -0.04756900 0.03520200
v 0.08657500 -0.04789900 0.03530800
v 0.08666900 -0.04823600 0.03539000
v 0.08676400 -0.04857700 0.03545000
v 0.08686000 -0.04892100 0.03548700
v 0.08695600 -0.04926600 0.03550000
v 0.08705300 -0.04961200 0.03549000
v 0.08714800 -0.04995600 0.03545600
v 0.08724400 -0.05029800 0.03539900
v 0.08733800 -0.05063500 0.03531900
v 0.08743000 -0.05096600 0.03521700
v 0.08752000 -0.05129100 0.03509200
v 0.08760800 -0.05160600 0.03494600
v 0.08769300 -0.05191200 0.03477800
v 0.08777500 -0.05220700 0.03459000
v 0.08785400 -0.05248900 0.03438300
v 0.08792900 -0.05275800 0.03415700
v 0.08800000 -0.05301100 0.03391300
v 0.08806600 -0.05324900 0.03365200
v 0.08812700 -0.05347000 0.03337600
v 0.08818400 -0.05367400 0.03308600
v 0.08823500 -0.05385800 0.03278200
v 0.08828100 -0.05402300 0.03246700
v 0.08832200 -0.05416800 0.03214100
v 0.08835600 -0.05429200 0.03180600
v 0.08838500 -0.05439500 0.03146300
v 0.08840800 -0.05447600 0.03111400
v 0.08842400 -0.05453500 0.03076100
v 0.08843400 -0.05457200 0.03040400
v 0.08843800 -0.05458600 0.03004500
v 0.08843800 -0.05458600 0.03000000
v 0.08540000 -0.04368200 0.03000000
v 0.08852400 -0.05489500 0.03000000
v 0.08843500 -0.05457500 0.02964100
v 0.08842600 -0.05454100 0.02928400
v 0.08841000 -0.05448500 0.02893000
v 0.08838800 -0.05440700 0.02858000
v 0.08836000 -0.05430700 0.02823700
v 0.08832700 -0.05418500 0.02790000
v 0.08828700 -0.05404300 0.02757300
v 0.08824200 -0.05388000 0.02725700
v 0.08819100 -0.05369800 0.02695100
v 0.08813500 -0.05349700 0.02665900
v 0.08807400 -0.05327800 0.02638100
v 0.08800800 -0.05304200 0.02611900
v 0.08793800 -0.05279000 0.02587300
v 0.08786400 -0.05252300 0.02564500
v 0.08778500 -0.05224300 0.02543500
v 0.08770400 -0.05195000 0.02524400
v 0.08761900 -0.05164500 0.02507400
v 0.08753100 -0.05133100 0.02492500
v 0.08744100 -0.05100700 0.02479800
v 0.08734900 -0.05067700 0.02469200
v 0.08725500 -0.05034000 0.02461000
v 0.08716000 -0.04999900 0.02455000
v 0.08706500 -0.04965500 0.02451300
v 0.08696800 -0.04931000 0.02450000
v 0.08687200 -0.04896400 0.02451000
v 0.08677600 -0.04862000 0.02454400
v 0.08668100 -0.04827800 0.02460100
v 0.08658700 -0.04794100 0.02468100
v 0.08649500 -0.04761000 0.02478300
v 0.08640400 -0.04728600 0.02490800
v 0.08631700 -0.04697000 0.02505400
v 0.08623100 -0.04666400 0.02522200
v 0.08614900 -0.04636900 0.02541000
v 0.08607100 -0.04608700 0.02561700
v 0.08599600 -0.04581900 0.02584300
v 0.08592500 -0.04556500 0.02608700
v 0.08585900 -0.04532700 0.02634800
v 0.08579700 -0.04510600 0.02662400
v 0.08574100 -0.04490200 0.02691400
v 0.08568900 -0.04471800 0.02721800
v 0.08564300 -0.04455300 0.02753300
v 0.08560300 -0.04440800 0.02785900
v 0.08556800 -0.04428400 0.02819400
v 0.08554000 -0.04418100 0.02853700
v 0.08551700 -0.04410000 0.02888600
v 0.08550100 -0.04404100 0.02923900
v 0.08549000 -0.04400400 0.02959600
v 0.08548600 -0.04399000 0.02995500
v 0.08852000 -0.05487900 0.03043500
v 0.08850700 -0.05483200 0.03086700
v 0.08848500 -0.05475400 0.03129500
v 0.08845500 -0.05464500 0.03171500
v 0.08841600 -0.05450700 0.03212600
v 0.08836900 -0.05433900 0.03252500
v 0.08831500 -0.05414300 0.03291000
v 0.08825300 -0.05392000 0.03327900
v 0.08818300 -0.05367100 0.03362900
v 0.08810700 -0.05339800 0.03395900
v 0.08802500 -0.05310100 0.03426600
v 0.08793600 -0.05278400 0.03455000
v 0.08784200 -0.05244600 0.03480900
v 0.08774300 -0.05209100 0.03504000
v 0.08764000 -0.05172100 0.03524400
v 0.08753300 -0.05133600 0.03541800
v 0.08742300 -0.05094100 0.03556100
v 0.08731000 -0.05053600 0.03567400
v 0.08719500 -0.05012400 0.03575500
v 0.08707900 -0.04970700 0.03580400
v 0.08696200 -0.04928800 0.03582000
v 0.08684600 -0.04886900 0.03580400
v 0.08673000 -0.04845200 0.03575500
v 0.08661500 -0.04804000 0.03567400
v 0.08650200 -0.04763500 0.03556100
v 0.08639200 -0.04724000 0.03541800
v 0.08628500 -0.04685500 0.03524400
v 0.08618100 -0.04648500 0.03504000
v 0.08608200 -0.04613000 0.03480900
v 0.08598900 -0.04579200 0.03455000
v 0.08590000 -0.04547500 0.03426600
v 0.08581700 -0.04517800 0.03395900
v 0.08574100 -0.04490500 0.03362900
v 0.08567200 -0.04465600 0.03327900
v 0.08561000 -0.04443300 0.03291000
v 0.08555500 -0.04423700 0.03252500
v 0.08550800 -0.04406900 0.03212600
v 0.08547000 -0.04393100 0.03171500
v 0.08544000 -0.04382200 0.03129500
v 0.08541800 -0.04374400 0.03086700
v 0.08540500 -0.04369700 0.03043500
v 0.08540500 -0.04369700 0.02956500
v 0.08541800 -0.04374400 0.02913300
v 0.08544000 -0.04382200 0.02870500
v 0.08547000 -0.04393100 0.02828500
v 0.08550800 -0.04406900 0.02787400
v 0.08555500 -0.04423700 0.02747500
v 0.08561000 -0.04443300 0.02709000
v 0.08567200 -0.04465600 0.02672100
v 0.08574100 -0.04490500 0.02637100
v 0.08581700 -0.04517800 0.02604100
v 0.08590000 -0.04547500 0.02573400
v 0.08598900 -0.04579200 0.02545000
v 0.08608200 -0.04613000 0.02519100
v 0.08618100 -0.04648500 0.02496000
v 0.08628500 -0.04685500 0.02475600
v 0.08639200 -0.04724000 0.02458200
v 0.08650200 -0.04763600 0.02443900
v 0.08661500 -0.04804000 0.02432600
v 0.08673000 -0.04845200 0.02424500
v 0.08684600 -0.04886900 0.02419600
v 0.08696200 -0.04928800 0.02418000
v 0.08707900 -0.04970700 0.02419600
v 0.08719500 -0.05012400 0.02424500
v 0.08731000 -0.05053600 0.02432600
v 0.08742300 -0.05094100 0.02443900
v 0.08753300 -0.05133600 0.02458200
v 0.08764000 -0.05172100 0.02475600
v 0.08774300 -0.05209100 0.02496000
v 0.08784200 -0.05244600 0.02519100
v 0.08793600 -0.05278400 0.02545000
v 0.08802500 -0.05310100 0.02573400
v 0.08810700 -0.05339800 0.02604100
v 0.08818300 -0.05367100 0.02637100
v 0.08825300 -0.05392000 0.02672100
v 0.08831500 -0.05414300 0.02709000
v 0.08836900 -0.05433900 0.02747500
v 0.08841600 -0.05450700 0.02787400
v 0.08845500 -0.05464500 0.02828500
v 0.08848500 -0.05475400 0.02870500
v 0.08850700 -0.05483200 0.02913300
v 0.08852000 -0.05487900 0.02956500
v 0.08852400 -0.05489500 0.03000000
v 0.08839900 -0.05511600 0.03000000
v 0.08696200 -0.04928800 0.03582000
v 0.08540000 -0.04368200 0.03000000
v 0.08517900 -0.04355600 0.03000000
v 0.08518300 -0.04357200 0.03043800
v 0.08519600 -0.04361800 0.03087400
v 0.08521700 -0.04369500 0.03130500
v 0.08524700 -0.04380200 0.03172900
v 0.08528500 -0.04393800 0.03214300
v 0.08533100 -0.04410300 0.03254700
v 0.08538500 -0.04429600 0.03293700
v 0.08544600 -0.04451600 0.03331100
v 0.08551400 -0.04476200 0.03366700
v 0.08559000 -0.04503200 0.03400400
v 0.08567100 -0.04532500 0.03431900
v 0.08575900 -0.04563900 0.03461200
v 0.08585200 -0.04597300 0.03488000
v 0.08595000 -0.04632500 0.03512200
v 0.08605300 -0.04669400 0.03533600
v 0.08615900 -0.04707600 0.03552200
v 0.08626900 -0.04747000 0.03567900
v 0.08638200 -0.04787400 0.03580500
v 0.08649600 -0.04828700 0.03590000
v 0.08661300 -0.04870400 0.03596400
v 0.08673000 -0.04912500 0.03599600
v 0.08684800 -0.04954700 0.03599600
v 0.08696500 -0.04996900 0.03596400
v 0.08708100 -0.05038600 0.03590000
v 0.08719600 -0.05079800 0.03580500
v 0.08730900 -0.05120300 0.03567900
v 0.08741900 -0.05159700 0.03552200
v 0.08752500 -0.05197900 0.03533600
v 0.08762800 -0.05234700 0.03512200
v 0.08772600 -0.05269900 0.03488000
v 0.08781900 -0.05303400 0.03461200
v 0.08790600 -0.05334800 0.03431900
v 0.08798800 -0.05364100 0.03400400
v 0.08806300 -0.05391100 0.03366700
v 0.08813200 -0.05415700 0.03331100
v 0.08819300 -0.05437700 0.03293700
v 0.08824700 -0.05457000 0.03254700
v 0.08829300 -0.05473500 0.03214300
v 0.08833100 -0.05487100 0.03172900
v 0.08836100 -0.05497800 0.03130500
v 0.08838200 -0.05505500 0.03087400
v 0.08839500 -0.05510100 0.03043800
v 0.08852000 -0.05487900 0.03043500
v 0.08850700 -0.05483200 0.03086700
v 0.08848500 -0.05475400 0.03129500
v 0.08845500 -0.05464500 0.03171500
v 0.08841600 -0.05450700 0.03212600
v 0.08836900 -0.05433900 0.03252500
v 0.08831500 -0.05414300 0.03291000
v 0.08825300 -0.05392000 0.03327900
v 0.08818300 -0.05367100 0.03362900
v 0.08810700 -0.05339800 0.03395900
v 0.08802500 -0.05310100 0.03426600
v 0.08793600 -0.05278400 0.03455000
v 0.08784200 -0.05244600 0.03480900
v 0.08774300 -0.05209100 0.03504000
v 0.08764000 -0.05172100 0.03524400
v 0.08753300 -0.05133600 0.03541800
v 0.08742300 -0.05094100 0.03556100
v 0.08731000 -0.05053600 0.03567400
v 0.08719500 -0.05012400 0.03575500
v 0.08707900 -0.04970700 0.03580400
v 0.08684600 -0.04886900 0.03580400
v 0.08673000 -0.04845200 0.03575500
v 0.08661500 -0.04804000 0.03567400
v 0.08650200 -0.04763500 0.03556100
v 0.08639200 -0.04724000 0.03541800
v 0.08628500 -0.04685500 0.03524400
v 0.08618100 -0.04648500 0.03504000
v 0.08608200 -0.04613000 0.03480900
v 0.08598900 -0.04579200 0.03455000
v 0.08590000 -0.04547500 0.03426600
v 0.08581700 -0.04517800 0.03395900
v 0.08574100 -0.04490500 0.03362900
v 0.08567200 -0.04465600 0.03327900
v 0.08561000 -0.04443300 0.03291000
v 0.08555500 -0.04423700 0.03252500
v 0.08550800 -0.04406900 0.03212600
v 0.08547000 -0.04393100 0.03171500
v 0.08544000 -0.04382200 0.03129500
v 0.08541800 -0.04374400 0.03086700
v 0.08540500 -0.04369700 0.03043500
v 0.08845300 -0.05497300 0.03062700
v 0.08838800 -0.05474200 0.03177800
v 0.08833300 -0.05454400 0.03233000
v 0.08818300 -0.05400700 0.03334400
v 0.08826400 -0.05429600 0.03285600
v 0.08809000 -0.05367300 0.03380000
v 0.08798600 -0.05329800 0.03422000
v 0.08787100 -0.05288600 0.03460100
v 0.08774700 -0.05244000 0.03493800
v 0.08747500 -0.05146500 0.03547100
v 0.08761500 -0.05196500 0.03522900
v 0.08733000 -0.05094500 0.03566200
v 0.08718100 -0.05040900 0.03579900
v 0.08702000 -0.04983000 0.03588600
v 0.08687600 -0.04931200 0.03591000
v 0.08670700 -0.04870800 0.03587700
v 0.08655100 -0.04814800 0.03578500
v 0.08625000 -0.04706800 0.03543100
v 0.08639800 -0.04759900 0.03563600
v 0.08610900 -0.04656100 0.03517400
v 0.08597800 -0.04609100 0.03487300
v 0.08585600 -0.04565200 0.03452700
v 0.08574300 -0.04524700 0.03413800
v 0.08564100 -0.04488000 0.03371000
v 0.08555000 -0.04455500 0.03324700
v 0.08540700 -0.04404200 0.03223500
v 0.08547200 -0.04427500 0.03275400
v 0.08535600 -0.04385800 0.03169500
v 0.08531900 -0.04372600 0.03113900
v 0.08529600 -0.04364300 0.03053700
v 0.08540000 -0.04368200 0.03000000
v 0.08517900 -0.04355600 0.03000000
v 0.08696200 -0.04928800 0.02418000
v 0.08678900 -0.04933600 0.02400000
v 0.08852400 -0.05489500 0.03000000
v 0.08839900 -0.05511600 0.03000000
v 0.08540500 -0.04369700 0.02956500
v 0.08541800 -0.04374400 0.02913300
v 0.08544000 -0.04382200 0.02870500
v 0.08547000 -0.04393100 0.02828500
v 0.08550800 -0.04406900 0.02787400
v 0.08555500 -0.04423700 0.02747500
v 0.08561000 -0.04443300 0.02709000
v 0.08567200 -0.04465600 0.02672100
v 0.08574100 -0.04490500 0.02637100
v 0.08581700 -0.04517800 0.02604100
v 0.08590000 -0.04547500 0.02573400
v 0.08598900 -0.04579200 0.02545000
v 0.08608200 -0.04613000 0.02519100
v 0.08618100 -0.04648500 0.02496000
v 0.08628500 -0.04685500 0.02475600
v 0.08639200 -0.04724000 0.02458200
v 0.08650200 -0.04763600 0.02443900
v 0.08661500 -0.04804000 0.02432600
v 0.08673000 -0.04845200 0.02424500
v 0.08684600 -0.04886900 0.02419600
v 0.08707900 -0.04970700 0.02419600
v 0.08719500 -0.05012400 0.02424500
v 0.08731000 -0.05053600 0.02432600
v 0.08742300 -0.05094100 0.02443900
v 0.08753300 -0.05133600 0.02458200
v 0.08764000 -0.05172100 0.02475600
v 0.08774300 -0.05209100 0.02496000
v 0.08784200 -0.05244600 0.02519100
v 0.08793600 -0.05278400 0.02545000
v 0.08802500 -0.05310100 0.02573400
v 0.08810700 -0.05339800 0.02604100
v 0.08818300 -0.05367100 0.02637100
v 0.08825300 -0.05392000 0.02672100
v 0.08831500 -0.05414300 0.02709000
v 0.08836900 -0.05433900 0.02747500
v 0.08841600 -0.05450700 0.02787400
v 0.08845500 -0.05464500 0.02828500
v 0.08848500 -0.05475400 0.02870500
v 0.08850700 -0.05483200 0.02913300
v 0.08852000 -0.05487900 0.02956500
v 0.08839700 -0.05510900 0.02970600
v 0.08839100 -0.05508800 0.02941200
v 0.08838200 -0.05505400 0.02912000
v 0.08836800 -0.05500500 0.02882900
v 0.08835100 -0.05494300 0.02854200
v 0.08833000 -0.05486700 0.02825800
v 0.08830500 -0.05477800 0.02797900
v 0.08827600 -0.05467600 0.02770400
v 0.08824400 -0.05456100 0.02743500
v 0.08820900 -0.05443400 0.02717200
v 0.08817000 -0.05429400 0.02691500
v 0.08812800 -0.05414200 0.02666700
v 0.08808200 -0.05397900 0.02642600
v 0.08803400 -0.05380400 0.02619400
v 0.08798200 -0.05361900 0.02597100
v 0.08792700 -0.05342300 0.02575700
v 0.08787000 -0.05321800 0.02555400
v 0.08781000 -0.05300300 0.02536200
v 0.08774800 -0.05277900 0.02518100
v 0.08768300 -0.05254700 0.02501100
v 0.08761700 -0.05230800 0.02485400
v 0.08754800 -0.05206100 0.02470900
v 0.08747700 -0.05180800 0.02457600
v 0.08740500 -0.05154800 0.02445700
v 0.08733100 -0.05128400 0.02435100
v 0.08725600 -0.05101400 0.02425800
v 0.08718000 -0.05074100 0.02418000
v 0.08710300 -0.05046400 0.02411500
v 0.08702500 -0.05018400 0.02406500
v 0.08694700 -0.04990300 0.02402900
v 0.08686800 -0.04962000 0.02400700
v 0.08671000 -0.04905300 0.02400700
v 0.08663100 -0.04877000 0.02402900
v 0.08655300 -0.04848800 0.02406500
v 0.08647500 -0.04820900 0.02411500
v 0.08639800 -0.04793200 0.02418000
v 0.08632200 -0.04765900 0.02425800
v 0.08624600 -0.04738900 0.02435100
v 0.08617300 -0.04712400 0.02445700
v 0.08610000 -0.04686500 0.02457600
v 0.08603000 -0.04661200 0.02470900
v 0.08596100 -0.04636500 0.02485400
v 0.08589400 -0.04612500 0.02501100
v 0.08583000 -0.04589300 0.02518100
v 0.08576700 -0.04567000 0.02536200
v 0.08570800 -0.04545500 0.02555400
v 0.08565000 -0.04524900 0.02575700
v 0.08559600 -0.04505400 0.02597100
v 0.08554400 -0.04486800 0.02619400
v 0.08549600 -0.04469400 0.02642600
v 0.08545000 -0.04453100 0.02666700
v 0.08540800 -0.04437900 0.02691500
v 0.08536900 -0.04423900 0.02717200
v 0.08533300 -0.04411100 0.02743500
v 0.08530100 -0.04399600 0.02770400
v 0.08527300 -0.04389400 0.02797900
v 0.08524800 -0.04380500 0.02825800
v 0.08522700 -0.04373000 0.02854200
v 0.08521000 -0.04366800 0.02882900
v 0.08519600 -0.04361900 0.02912000
v 0.08518700 -0.04358400 0.02941200
v 0.08518100 -0.04356300 0.02970600
v 0.08028800 -0.04491900 0.03000000
v 0.08517900 -0.04355600 0.03000000
v 0.08274200 -0.04427000 0.03063700
v 0.08276700 -0.04436000 0.03122700
v 0.08280800 -0.04450500 0.03180500
v 0.08286400 -0.04470600 0.03236600
v 0.08293400 -0.04495800 0.03290000
v 0.08301600 -0.04525200 0.03339500
v 0.08311000 -0.04559100 0.03385800
v 0.08321600 -0.04597100 0.03428400
v 0.08333300 -0.04639000 0.03467100
v 0.08345900 -0.04684200 0.03501300
v 0.08359300 -0.04732400 0.03530900
v 0.08373500 -0.04783200 0.03555500
v 0.08388200 -0.04836000 0.03574800
v 0.08403300 -0.04890400 0.03588800
v 0.08419700 -0.04949200 0.03597500
v 0.08434400 -0.05001800 0.03600000
v 0.08451400 -0.05063100 0.03596600
v 0.08467300 -0.05120000 0.03587300
v 0.08482800 -0.05175700 0.03572200
v 0.08497800 -0.05229600 0.03551400
v 0.08512200 -0.05281100 0.03525300
v 0.08525500 -0.05328800 0.03494700
v 0.08537900 -0.05373400 0.03459500
v 0.08549300 -0.05414500 0.03420100
v 0.08559700 -0.05451700 0.03376600
v 0.08568900 -0.05484700 0.03329600
v 0.08576800 -0.05513200 0.03279600
v 0.08583400 -0.05536800 0.03226900
v 0.08588600 -0.05555500 0.03172000
v 0.08592400 -0.05568900 0.03115600
v 0.08594700 -0.05577400 0.03054500
v 0.08839900 -0.05511600 0.03000000
v 0.08839500 -0.05510100 0.03043800
v 0.08838200 -0.05505500 0.03087400
v 0.08836100 -0.05497800 0.03130500
v 0.08833100 -0.05487100 0.03172900
v 0.08829300 -0.05473500 0.03214300
v 0.08824700 -0.05457000 0.03254700
v 0.08819300 -0.05437700 0.03293700
v 0.08813200 -0.05415700 0.03331100
v 0.08806300 -0.05391100 0.03366700
v 0.08798800 -0.05364100 0.03400400
v 0.08790600 -0.05334800 0.03431900
v 0.08781900 -0.05303400 0.03461200
v 0.08772600 -0.05269900 0.03488000
v 0.08762800 -0.05234700 0.03512200
v 0.08752500 -0.05197900 0.03533600
v 0.08741900 -0.05159700 0.03552200
v 0.08730900 -0.05120300 0.03567900
v 0.08719600 -0.05079800 0.03580500
v 0.08708100 -0.05038600 0.03590000
v 0.08696500 -0.04996900 0.03596400
v 0.08684800 -0.04954700 0.03599600
v 0.08673000 -0.04912500 0.03599600
v 0.08661300 -0.04870400 0.03596400
v 0.08649600 -0.04828700 0.03590000
v 0.08638200 -0.04787400 0.03580500
v 0.08626900 -0.04747000 0.03567900
v 0.08615900 -0.04707600 0.03552200
v 0.08605300 -0.04669400 0.03533600
v 0.08595000 -0.04632500 0.03512200
v 0.08585200 -0.04597300 0.03488000
v 0.08575900 -0.04563900 0.03461200
v 0.08567100 -0.04532500 0.03431900
v 0.08559000 -0.04503200 0.03400400
v 0.08551400 -0.04476200 0.03366700
v 0.08544600 -0.04451600 0.03331100
v 0.08538500 -0.04429600 0.03293700
v 0.08533100 -0.04410300 0.03254700
v 0.08528500 -0.04393800 0.03214300
v 0.08524700 -0.04380200 0.03172900
v 0.08521700 -0.04369500 0.03130500
v 0.08519600 -0.04361800 0.03087400
v 0.08518300 -0.04357200 0.03043800
v 0.08717000 -0.05543300 0.03054500
v 0.08595200 -0.05579200 0.03027300
v 0.08717500 -0.05545100 0.03027300
v 0.08714600 -0.05534900 0.03115600
v 0.08593700 -0.05573900 0.03085200
v 0.08716000 -0.05539800 0.03085200
v 0.08710900 -0.05521400 0.03172000
v 0.08590700 -0.05562900 0.03144000
v 0.08712900 -0.05528800 0.03144000
v 0.08705700 -0.05502800 0.03226900
v 0.08586200 -0.05546800 0.03199700
v 0.08708500 -0.05512700 0.03199700
v 0.08699100 -0.05479100 0.03279600
v 0.08580300 -0.05525600 0.03253500
v 0.08702600 -0.05491600 0.03253500
v 0.08691200 -0.05450600 0.03329600
v 0.08573000 -0.05499500 0.03305000
v 0.08695300 -0.05465500 0.03305000
v 0.08682000 -0.05417600 0.03376600
v 0.08564400 -0.05468800 0.03353500
v 0.08686700 -0.05434700 0.03353500
v 0.08671600 -0.05380400 0.03420100
v 0.08554700 -0.05433600 0.03398800
v 0.08676900 -0.05399500 0.03398800
v 0.08660100 -0.05339300 0.03459500
v 0.08543700 -0.05394400 0.03440300
v 0.08666000 -0.05360300 0.03440300
v 0.08647700 -0.05294700 0.03494700
v 0.08531800 -0.05351500 0.03477700
v 0.08654000 -0.05317400 0.03477700
v 0.08634400 -0.05247100 0.03525300
v 0.08518900 -0.05305300 0.03510600
v 0.08641200 -0.05271200 0.03510600
v 0.08620100 -0.05195600 0.03551400
v 0.08505100 -0.05255700 0.03539000
v 0.08627400 -0.05221600 0.03539000
v 0.08605100 -0.05141600 0.03572200
v 0.08490400 -0.05202900 0.03562500
v 0.08612700 -0.05168800 0.03562500
v 0.08589600 -0.05085900 0.03587300
v 0.08475100 -0.05148000 0.03580500
v 0.08597400 -0.05113900 0.03580500
v 0.08573700 -0.05029000 0.03596600
v 0.08459400 -0.05091600 0.03592700
v 0.08581700 -0.05057600 0.03592700
v 0.08556600 -0.04967700 0.03600000
v 0.08442900 -0.05032500 0.03599200
v 0.08565200 -0.04998400 0.03599200
v 0.08542000 -0.04915200 0.03597500
v 0.08427000 -0.04975500 0.03599400
v 0.08549300 -0.04941400 0.03599400
v 0.08525600 -0.04856300 0.03588800
v 0.08411500 -0.04919700 0.03593900
v 0.08533800 -0.04885600 0.03593900
v 0.08510500 -0.04802000 0.03574800
v 0.08395700 -0.04863000 0.03582500
v 0.08518000 -0.04829000 0.03582500
v 0.08495700 -0.04749100 0.03555500
v 0.08380800 -0.04809400 0.03565800
v 0.08503000 -0.04775300 0.03565800
v 0.08481600 -0.04698400 0.03530900
v 0.08366300 -0.04757500 0.03543800
v 0.08488600 -0.04723500 0.03543800
v 0.08468200 -0.04650200 0.03501300
v 0.08352500 -0.04708000 0.03516700
v 0.08474800 -0.04673900 0.03516700
v 0.08455600 -0.04604900 0.03467100
v 0.08339500 -0.04661200 0.03484800
v 0.08461700 -0.04627100 0.03484800
v 0.08443900 -0.04563100 0.03428400
v 0.08327300 -0.04617600 0.03448300
v 0.08449600 -0.04583500 0.03448300
v 0.08433300 -0.04525000 0.03385800
v 0.08316200 -0.04577600 0.03407600
v 0.08438500 -0.04543500 0.03407600
v 0.08423900 -0.04491100 0.03339500
v 0.08306200 -0.04541600 0.03363000
v 0.08428400 -0.04507500 0.03363000
v 0.08415700 -0.04461700 0.03290000
v 0.08297300 -0.04509900 0.03315100
v 0.08419600 -0.04475800 0.03315100
v 0.08408700 -0.04436500 0.03236600
v 0.08289700 -0.04482500 0.03263600
v 0.08412000 -0.04448500 0.03263600
v 0.08403100 -0.04416500 0.03180500
v 0.08283400 -0.04459900 0.03208800
v 0.08405700 -0.04425800 0.03208800
v 0.08399000 -0.04401900 0.03122700
v 0.08278600 -0.04442600 0.03151800
v 0.08400800 -0.04408500 0.03151800
v 0.08396500 -0.04393000 0.03063700
v 0.08275300 -0.04430800 0.03093300
v 0.08397600 -0.04396700 0.03093300
v 0.08273600 -0.04424600 0.03031900
v 0.08395800 -0.04390500 0.03031900
v 0.08350800 -0.05647900 0.03000000
v 0.08513900 -0.05602500 0.03000000
v 0.08676900 -0.05557000 0.03000000
v 0.08354900 -0.04401100 0.03000000
v 0.08191800 -0.04446500 0.03000000
v 0.08030800 -0.04499000 0.03093900
v 0.08036700 -0.04520200 0.03185400
v 0.08046400 -0.04554900 0.03272400
v 0.08059600 -0.04602300 0.03352700
v 0.08076000 -0.04661200 0.03424300
v 0.08095200 -0.04730100 0.03485400
v 0.08116700 -0.04807500 0.03534600
v 0.08140100 -0.04891300 0.03570600
v 0.08164600 -0.04979500 0.03592600
v 0.08189800 -0.05069900 0.03600000
v 0.08215000 -0.05160300 0.03592600
v 0.08239600 -0.05248500 0.03570600
v 0.08262900 -0.05332300 0.03534600
v 0.08284500 -0.05409600 0.03485400
v 0.08303700 -0.05478600 0.03424300
v 0.08320100 -0.05537500 0.03352700
v 0.08333300 -0.05584900 0.03272400
v 0.08343000 -0.05619600 0.03185400
v 0.08348900 -0.05640800 0.03093900
v 0.08350800 -0.05647900 0.03000000
v 0.08839900 -0.05511600 0.03000000
v 0.08594500 -0.05576500 0.02936300
v 0.08592000 -0.05567500 0.02877300
v 0.08587900 -0.05553000 0.02819500
v 0.08582300 -0.05532900 0.02763400
v 0.08575300 -0.05507800 0.02710000
v 0.08567100 -0.05478300 0.02660500
v 0.08557700 -0.05444500 0.02614200
v 0.08547100 -0.05406400 0.02571600
v 0.08535400 -0.05364600 0.02532900
v 0.08522800 -0.05319300 0.02498700
v 0.08509400 -0.05271100 0.02469100
v 0.08495200 -0.05220300 0.02444500
v 0.08480500 -0.05167500 0.02425200
v 0.08465400 -0.05113100 0.02411200
v 0.08449000 -0.05054300 0.02402500
v 0.08434400 -0.05001800 0.02400000
v 0.08678900 -0.04933600 0.02400000
v 0.08417300 -0.04940400 0.02403400
v 0.08401400 -0.04883600 0.02412700
v 0.08385900 -0.04827900 0.02427800
v 0.08370900 -0.04773900 0.02448600
v 0.08356500 -0.04722400 0.02474700
v 0.08343300 -0.04674700 0.02505300
v 0.08330800 -0.04630100 0.02540500
v 0.08319400 -0.04589000 0.02579900
v 0.08309000 -0.04551800 0.02623400
v 0.08299800 -0.04518800 0.02670400
v 0.08291900 -0.04490300 0.02720400
v 0.08285300 -0.04466700 0.02773100
v 0.08280100 -0.04448000 0.02828000
v 0.08276400 -0.04434600 0.02884400
v 0.08274000 -0.04426200 0.02945500
v 0.08517900 -0.04355600 0.03000000
v 0.08518100 -0.04356300 0.02970600
v 0.08518700 -0.04358400 0.02941200
v 0.08519600 -0.04361900 0.02912000
v 0.08521000 -0.04366800 0.02882900
v 0.08522700 -0.04373000 0.02854200
v 0.08524800 -0.04380500 0.02825800
v 0.08527300 -0.04389400 0.02797900
v 0.08530100 -0.04399600 0.02770400
v 0.08533300 -0.04411100 0.02743500
v 0.08536900 -0.04423900 0.02717200
v 0.08540800 -0.04437900 0.02691500
v 0.08545000 -0.04453100 0.02666700
v 0.08549600 -0.04469400 0.02642600
v 0.08554400 -0.04486800 0.02619400
v 0.08559600 -0.04505400 0.02597100
v 0.08565000 -0.04524900 0.02575700
v 0.08570800 -0.04545500 0.02555400
v 0.08576700 -0.04567000 0.02536200
v 0.08583000 -0.04589300 0.02518100
v 0.08589400 -0.04612500 0.02501100
v 0.08596100 -0.04636500 0.02485400
v 0.08603000 -0.04661200 0.02470900
v 0.08610000 -0.04686500 0.02457600
v 0.08617300 -0.04712400 0.02445700
v 0.08624600 -0.04738900 0.02435100
v 0.08632200 -0.04765900 0.02425800
v 0.08639800 -0.04793200 0.02418000
v 0.08647500 -0.04820900 0.02411500
v 0.08655300 -0.04848800 0.02406500
v 0.08663100 -0.04877000 0.02402900
v 0.08671000 -0.04905300 0.02400700
v 0.08686800 -0.04962000 0.02400700
v 0.08694700 -0.04990300 0.02402900
v 0.08702500 -0.05018400 0.02406500
v 0.08710300 -0.05046400 0.02411500
v 0.08718000 -0.05074100 0.02418000
v 0.08725600 -0.05101400 0.02425800
v 0.08733100 -0.05128400 0.02435100
v 0.08740500 -0.05154800 0.02445700
v 0.08747700 -0.05180800 0.02457600
v 0.08754800 -0.05206100 0.02470900
v 0.08761700 -0.05230800 0.02485400
v 0.08768300 -0.05254700 0.02501100
v 0.08774800 -0.05277900 0.02518100
v 0.08781000 -0.05300300 0.02536200
v 0.08787000 -0.05321800 0.02555400
v 0.08792700 -0.05342300 0.02575700
v 0.08798200 -0.05361900 0.02597100
v 0.08803400 -0.05380400 0.02619400
v 0.08808200 -0.05397900 0.02642600
v 0.08812800 -0.05414200 0.02666700
v 0.08817000 -0.05429400 0.02691500
v 0.08820900 -0.05443400 0.02717200
v 0.08824400 -0.05456100 0.02743500
v 0.08827600 -0.05467600 0.02770400
v 0.08830500 -0.05477800 0.02797900
v 0.08833000 -0.05486700 0.02825800
v 0.08835100 -0.05494300 0.02854200
v 0.08836800 -0.05500500 0.02882900
v 0.08838200 -0.05505400 0.02912000
v 0.08839100 -0.05508800 0.02941200
v 0.08839700 -0.05510900 0.02970600
v 0.08396300 -0.04392100 0.02945500
v 0.08273500 -0.04424400 0.02972700
v 0.08395800 -0.04390300 0.02972700
v 0.08456900 -0.04373300 0.02972700
v 0.08395700 -0.04389900 0.02986300
v 0.08456800 -0.04372800 0.02986300
v 0.08457400 -0.04375100 0.02945500
v 0.08396000 -0.04391100 0.02959100
v 0.08457100 -0.04374000 0.02959100
v 0.08398600 -0.04400500 0.02884400
v 0.08275000 -0.04429600 0.02914800
v 0.08397200 -0.04395600 0.02914800
v 0.08458400 -0.04378500 0.02914800
v 0.08396700 -0.04393600 0.02930100
v 0.08457800 -0.04376600 0.02930100
v 0.08459800 -0.04383500 0.02884400
v 0.08397900 -0.04397900 0.02899600
v 0.08459000 -0.04380800 0.02899600
v 0.08402400 -0.04414000 0.02828000
v 0.08278000 -0.04440700 0.02856000
v 0.08400300 -0.04406600 0.02856000
v 0.08461400 -0.04389600 0.02856000
v 0.08399400 -0.04403400 0.02870200
v 0.08460600 -0.04386400 0.02870200
v 0.08463500 -0.04396900 0.02828000
v 0.08401300 -0.04410100 0.02841900
v 0.08462400 -0.04393100 0.02841900
v 0.08407600 -0.04432600 0.02773100
v 0.08282500 -0.04456700 0.02800300
v 0.08404800 -0.04422700 0.02800300
v 0.08465900 -0.04405600 0.02800300
v 0.08403500 -0.04418200 0.02814100
v 0.08464700 -0.04401100 0.02814100
v 0.08468700 -0.04415600 0.02773100
v 0.08406100 -0.04427500 0.02786700
v 0.08467300 -0.04410400 0.02786700
v 0.08414200 -0.04456300 0.02720400
v 0.08288400 -0.04477900 0.02746500
v 0.08410700 -0.04443800 0.02746500
v 0.08471800 -0.04426800 0.02746500
v 0.08409100 -0.04438100 0.02759700
v 0.08470200 -0.04421000 0.02759700
v 0.08475300 -0.04439300 0.02720400
v 0.08412400 -0.04449900 0.02733400
v 0.08473500 -0.04432900 0.02733400
v 0.08422100 -0.04484700 0.02670400
v 0.08295700 -0.04504000 0.02695000
v 0.08418000 -0.04469900 0.02695000
v 0.08479100 -0.04452900 0.02695000
v 0.08416000 -0.04463000 0.02707700
v 0.08477100 -0.04445900 0.02707700
v 0.08483200 -0.04467700 0.02670400
v 0.08420000 -0.04477200 0.02682600
v 0.08481100 -0.04460200 0.02682600
v 0.08431300 -0.04517800 0.02623400
v 0.08304300 -0.04534800 0.02646500
v 0.08426500 -0.04500700 0.02646500
v 0.08487700 -0.04483700 0.02646500
v 0.08424300 -0.04492600 0.02658300
v 0.08485400 -0.04475600 0.02658300
v 0.08492400 -0.04500700 0.02623400
v 0.08428900 -0.04509100 0.02634800
v 0.08490000 -0.04492100 0.02634800
v 0.08441700 -0.04555000 0.02579900
v 0.08314100 -0.04569900 0.02601200
v 0.08436300 -0.04535900 0.02601200
v 0.08497500 -0.04518800 0.02601200
v 0.08433800 -0.04526700 0.02612200
v 0.08494900 -0.04509600 0.02612200
v 0.08502800 -0.04537900 0.02579900
v 0.08439000 -0.04545300 0.02590500
v 0.08500100 -0.04528300 0.02590500
v 0.08453100 -0.04596100 0.02540500
v 0.08325000 -0.04609100 0.02559700
v 0.08447200 -0.04575100 0.02559700
v 0.08508400 -0.04558000 0.02559700
v 0.08444400 -0.04564900 0.02569700
v 0.08505500 -0.04547900 0.02569700
v 0.08514200 -0.04579100 0.02540500
v 0.08450100 -0.04585500 0.02549900
v 0.08511300 -0.04568400 0.02549900
v 0.08465500 -0.04640700 0.02505300
v 0.08336900 -0.04652000 0.02522300
v 0.08459200 -0.04618000 0.02522300
v 0.08520300 -0.04600900 0.02522300
v 0.08456100 -0.04606900 0.02531200
v 0.08517300 -0.04589900 0.02531200
v 0.08526700 -0.04623600 0.02505300
v 0.08462300 -0.04629200 0.02513600
v 0.08523500 -0.04612200 0.02513600
v 0.08478800 -0.04688300 0.02474700
v 0.08349800 -0.04698200 0.02489400
v 0.08472100 -0.04664100 0.02489400
v 0.08533200 -0.04647100 0.02489400
v 0.08468800 -0.04652300 0.02497200
v 0.08529900 -0.04635300 0.02497200
v 0.08539900 -0.04671300 0.02474700
v 0.08475400 -0.04676200 0.02481900
v 0.08536500 -0.04659100 0.02481900
v 0.08493100 -0.04739800 0.02448600
v 0.08363600 -0.04747800 0.02461000
v 0.08485900 -0.04713800 0.02461000
v 0.08547000 -0.04696700 0.02461000
v 0.08482300 -0.04701000 0.02467700
v 0.08543500 -0.04683900 0.02467700
v 0.08554300 -0.04722800 0.02448600
v 0.08489500 -0.04726700 0.02454600
v 0.08550600 -0.04709700 0.02454600
v 0.08508200 -0.04793800 0.02427800
v 0.08378300 -0.04800600 0.02437500
v 0.08500600 -0.04766600 0.02437500
v 0.08561700 -0.04749500 0.02437500
v 0.08496800 -0.04753100 0.02442900
v 0.08558000 -0.04736100 0.02442900
v 0.08569300 -0.04776800 0.02427800
v 0.08504400 -0.04780100 0.02432500
v 0.08565500 -0.04763100 0.02432500
v 0.08523700 -0.04849500 0.02412700
v 0.08393600 -0.04855500 0.02419500
v 0.08515900 -0.04821500 0.02419500
v 0.08577000 -0.04804400 0.02419500
v 0.08512000 -0.04807600 0.02423500
v 0.08573200 -0.04790500 0.02423500
v 0.08584800 -0.04832500 0.02412700
v 0.08519800 -0.04835400 0.02415900
v 0.08580900 -0.04818400 0.02415900
v 0.08539500 -0.04906400 0.02403400
v 0.08409300 -0.04911900 0.02407300
v 0.08531600 -0.04877800 0.02407300
v 0.08592700 -0.04860800 0.02407300
v 0.08527600 -0.04863600 0.02409800
v 0.08588800 -0.04846600 0.02409800
v 0.08600700 -0.04889300 0.02403400
v 0.08535600 -0.04892100 0.02405200
v 0.08596700 -0.04875000 0.02405200
v 0.08556600 -0.04967700 0.02400000
v 0.08425800 -0.04971100 0.02400800
v 0.08548100 -0.04937000 0.02400800
v 0.08609200 -0.04920000 0.02400800
v 0.08543800 -0.04921700 0.02401900
v 0.08604900 -0.04904600 0.02401900
v 0.08617800 -0.04950700 0.02400000
v 0.08552300 -0.04952300 0.02400200
v 0.08613500 -0.04935300 0.02400200
v 0.08571300 -0.05020200 0.02402500
v 0.08441700 -0.05028100 0.02400600
v 0.08563900 -0.04994000 0.02400600
v 0.08625100 -0.04977000 0.02400600
v 0.08560300 -0.04980800 0.02400200
v 0.08621400 -0.04963800 0.02400200
v 0.08632400 -0.05003200 0.02402500
v 0.08567600 -0.05007100 0.02401400
v 0.08628700 -0.04990100 0.02401400
v 0.08587600 -0.05079100 0.02411200
v 0.08457200 -0.05083800 0.02406100
v 0.08579500 -0.05049800 0.02406100
v 0.08640600 -0.05032700 0.02406100
v 0.08575400 -0.05035000 0.02404100
v 0.08636500 -0.05018000 0.02404100
v 0.08648800 -0.05062000 0.02411200
v 0.08583600 -0.05064400 0.02408500
v 0.08644700 -0.05047400 0.02408500
v 0.08602800 -0.05133400 0.02425200
v 0.08473000 -0.05140500 0.02417500
v 0.08595300 -0.05106400 0.02417500
v 0.08656400 -0.05089400 0.02417500
v 0.08591500 -0.05092800 0.02414200
v 0.08652600 -0.05075700 0.02414200
v 0.08663900 -0.05116400 0.02425200
v 0.08599000 -0.05120000 0.02421200
v 0.08660200 -0.05102900 0.02421200
v 0.08617500 -0.05186200 0.02444500
v 0.08487900 -0.05194100 0.02434200
v 0.08610200 -0.05160100 0.02434200
v 0.08671300 -0.05143000 0.02434200
v 0.08606500 -0.05146800 0.02429500
v 0.08667700 -0.05129800 0.02429500
v 0.08678600 -0.05169200 0.02444500
v 0.08613900 -0.05173200 0.02439200
v 0.08675000 -0.05156200 0.02439200
v 0.08631600 -0.05237000 0.02469100
v 0.08502400 -0.05246000 0.02456200
v 0.08624700 -0.05211900 0.02456200
v 0.08685800 -0.05194900 0.02456200
v 0.08621100 -0.05199100 0.02450200
v 0.08682200 -0.05182100 0.02450200
v 0.08692800 -0.05220000 0.02469100
v 0.08628200 -0.05224500 0.02462500
v 0.08689300 -0.05207500 0.02462500
v 0.08645100 -0.05285200 0.02498700
v 0.08516200 -0.05295500 0.02483300
v 0.08638500 -0.05261500 0.02483300
v 0.08699600 -0.05244400 0.02483300
v 0.08635100 -0.05249300 0.02476000
v 0.08696200 -0.05232300 0.02476000
v 0.08706200 -0.05268200 0.02498700
v 0.08641800 -0.05273400 0.02490800
v 0.08702900 -0.05256400 0.02490800
v 0.08657700 -0.05330500 0.02532900
v 0.08529200 -0.05342300 0.02515200
v 0.08651500 -0.05308300 0.02515200
v 0.08712600 -0.05291200 0.02515200
v 0.08648300 -0.05296900 0.02506800
v 0.08709500 -0.05279800 0.02506800
v 0.08718800 -0.05313500 0.02532900
v 0.08654600 -0.05319500 0.02523900
v 0.08715800 -0.05302500 0.02523900
v 0.08669300 -0.05372300 0.02571600
v 0.08541400 -0.05385900 0.02551700
v 0.08663600 -0.05351900 0.02551700
v 0.08724800 -0.05334800 0.02551700
v 0.08660700 -0.05341300 0.02542200
v 0.08721800 -0.05324300 0.02542200
v 0.08730500 -0.05355300 0.02571600
v 0.08666500 -0.05362200 0.02561500
v 0.08727700 -0.05345200 0.02561500
v 0.08679900 -0.05410400 0.02614200
v 0.08552500 -0.05425900 0.02592400
v 0.08674800 -0.05391900 0.02592400
v 0.08735900 -0.05374800 0.02592400
v 0.08672100 -0.05382200 0.02581900
v 0.08733200 -0.05365200 0.02581900
v 0.08741100 -0.05393400 0.02614200
v 0.08677400 -0.05401300 0.02603200
v 0.08738500 -0.05384200 0.02603200
v 0.08689400 -0.05444300 0.02660500
v 0.08562500 -0.05461900 0.02637000
v 0.08684800 -0.05427900 0.02637000
v 0.08746000 -0.05410800 0.02637000
v 0.08682400 -0.05419300 0.02625500
v 0.08743600 -0.05402200 0.02625500
v 0.08750500 -0.05427200 0.02660500
v 0.08687100 -0.05436200 0.02648600
v 0.08748300 -0.05419200 0.02648600
v 0.08697600 -0.05473700 0.02710000
v 0.08571400 -0.05493600 0.02684900
v 0.08693600 -0.05459600 0.02684900
v 0.08754800 -0.05442500 0.02684900
v 0.08691600 -0.05452100 0.02672600
v 0.08752700 -0.05435000 0.02672600
v 0.08758700 -0.05456700 0.02710000
v 0.08695700 -0.05466800 0.02697400
v 0.08756800 -0.05449700 0.02697400
v 0.08704600 -0.05498900 0.02763400
v 0.08579000 -0.05521000 0.02736400
v 0.08701300 -0.05486900 0.02736400
v 0.08762400 -0.05469900 0.02736400
v 0.08699500 -0.05480500 0.02723100
v 0.08760600 -0.05463400 0.02723100
v 0.08765700 -0.05481800 0.02763400
v 0.08703000 -0.05493100 0.02749800
v 0.08764100 -0.05476000 0.02749800
v 0.08710200 -0.05518900 0.02819500
v 0.08585300 -0.05543600 0.02791200
v 0.08707600 -0.05509600 0.02791200
v 0.08768700 -0.05492500 0.02791200
v 0.08706100 -0.05504400 0.02777200
v 0.08767300 -0.05487300 0.02777200
v 0.08771300 -0.05501900 0.02819500
v 0.08708900 -0.05514400 0.02805300
v 0.08770100 -0.05497400 0.02805300
v 0.08714200 -0.05533500 0.02877300
v 0.08590100 -0.05560900 0.02848200
v 0.08712400 -0.05526900 0.02848200
v 0.08773500 -0.05509900 0.02848200
v 0.08711300 -0.05523100 0.02833800
v 0.08772500 -0.05506000 0.02833800
v 0.08775400 -0.05516400 0.02877300
v 0.08713400 -0.05530400 0.02862700
v 0.08774500 -0.05513300 0.02862700
v 0.08716700 -0.05542400 0.02936300
v 0.08593400 -0.05572700 0.02906700
v 0.08715700 -0.05538700 0.02906700
v 0.08776800 -0.05521600 0.02906700
v 0.08715000 -0.05536200 0.02892000
v 0.08776100 -0.05519200 0.02892000
v 0.08777900 -0.05525400 0.02936300
v 0.08716300 -0.05540700 0.02921500
v 0.08777400 -0.05523700 0.02921500
v 0.08595100 -0.05578900 0.02968100
v 0.08717400 -0.05544900 0.02968100
v 0.08778500 -0.05527800 0.02968100
v 0.08717100 -0.05543900 0.02952200
v 0.08778300 -0.05526800 0.02952200
v 0.08717600 -0.05545500 0.02984100
v 0.08778700 -0.05528500 0.02984100
v 0.08676900 -0.05557000 0.03000000
v 0.08513900 -0.05602500 0.03000000
v 0.08028800 -0.04491900 0.03000000
v 0.08191800 -0.04446500 0.03000000
v 0.08354900 -0.04401100 0.03000000
v 0.08348900 -0.05640800 0.02906100
v 0.08343000 -0.05619600 0.02814600
v 0.08333300 -0.05584900 0.02727600
v 0.08320100 -0.05537500 0.02647300
v 0.08303700 -0.05478600 0.02575700
v 0.08284500 -0.05409600 0.02514600
v 0.08262900 -0.05332300 0.02465400
v 0.08239600 -0.05248500 0.02429400
v 0.08215000 -0.05160300 0.02407400
v 0.08189800 -0.05069900 0.02400000
v 0.08164600 -0.04979500 0.02407400
v 0.08140100 -0.04891300 0.02429400
v 0.08116700 -0.04807500 0.02465400
v 0.08095200 -0.04730100 0.02514600
v 0.08076000 -0.04661200 0.02575700
v 0.08059600 -0.04602300 0.02647300
v 0.08046400 -0.04554900 0.02727600
v 0.08036700 -0.04520200 0.02814600
v 0.08030800 -0.04499000 0.02906100
vn 0.95420000 0.26580000 -0.13740000
vn 0.94020000 0.33370000 -0.06890000
vn 0.91730000 0.39820000 -0.00000000
vn 0.94240000 0.33460000 -0.00000000
vn 0.96330000 0.26840000 -0.00000000
vn 0.94010000 0.33390000 0.06890000
vn 0.95420000 0.26580000 0.13740000
vn 0.92820000 0.36550000 -0.06890000
vn 0.93740000 0.33280000 -0.10280000
vn 0.95110000 0.30100000 -0.06930000
vn 0.94830000 0.30020000 -0.10340000
vn 0.93040000 0.36660000 -0.00000000
vn 0.94180000 0.33440000 -0.03460000
vn 0.92980000 0.36640000 -0.03450000
vn 0.95340000 0.30160000 -0.00000000
vn 0.95280000 0.30150000 -0.03470000
vn 0.92810000 0.36590000 0.06900000
vn 0.94180000 0.33440000 0.03460000
vn 0.92990000 0.36610000 0.03450000
vn 0.95110000 0.30100000 0.06930000
vn 0.95290000 0.30140000 0.03470000
vn 0.93720000 0.33310000 0.10320000
vn 0.94830000 0.30020000 0.10340000
vn 0.95350000 0.26830000 -0.13730000
vn 0.95280000 0.27080000 -0.13740000
vn 0.95210000 0.27320000 -0.13720000
vn 0.95140000 0.27570000 -0.13700000
vn 0.95070000 0.27820000 -0.13680000
vn 0.95010000 0.28060000 -0.13650000
vn 0.94940000 0.28310000 -0.13630000
vn 0.94870000 0.28550000 -0.13590000
vn 0.94800000 0.28800000 -0.13550000
vn 0.94730000 0.29040000 -0.13500000
vn 0.94660000 0.29290000 -0.13450000
vn 0.94600000 0.29530000 -0.13400000
vn 0.94530000 0.29770000 -0.13340000
vn 0.94460000 0.30010000 -0.13270000
vn 0.94400000 0.30230000 -0.13210000
vn 0.94330000 0.30480000 -0.13130000
vn 0.94270000 0.30720000 -0.13050000
vn 0.94200000 0.30950000 -0.12960000
vn 0.94130000 0.31190000 -0.12880000
vn 0.94070000 0.31420000 -0.12790000
vn 0.94010000 0.31650000 -0.12700000
vn 0.93940000 0.31880000 -0.12600000
vn 0.93880000 0.32100000 -0.12490000
vn 0.93810000 0.32340000 -0.12380000
vn 0.93760000 0.32550000 -0.12270000
vn 0.93690000 0.32770000 -0.12150000
vn 0.93630000 0.32990000 -0.12020000
vn 0.93570000 0.33200000 -0.11910000
vn 0.93510000 0.33420000 -0.11780000
vn 0.93460000 0.33620000 -0.11650000
vn 0.93400000 0.33830000 -0.11500000
vn 0.93340000 0.34040000 -0.11360000
vn 0.93280000 0.34240000 -0.11210000
vn 0.93230000 0.34430000 -0.11060000
vn 0.93170000 0.34650000 -0.10900000
vn 0.93120000 0.34840000 -0.10720000
vn 0.93060000 0.35030000 -0.10580000
vn 0.93010000 0.35210000 -0.10410000
vn 0.92960000 0.35410000 -0.10250000
vn 0.92910000 0.35580000 -0.10070000
vn 0.92860000 0.35760000 -0.09890000
vn 0.92810000 0.35940000 -0.09720000
vn 0.92760000 0.36110000 -0.09530000
vn 0.92720000 0.36280000 -0.09350000
vn 0.92670000 0.36450000 -0.09160000
vn 0.92630000 0.36610000 -0.08960000
vn 0.92580000 0.36770000 -0.08760000
vn 0.92540000 0.36930000 -0.08560000
vn 0.92490000 0.37080000 -0.08360000
vn 0.92450000 0.37230000 -0.08160000
vn 0.92410000 0.37380000 -0.07950000
vn 0.92370000 0.37520000 -0.07750000
vn 0.92330000 0.37660000 -0.07530000
vn 0.92300000 0.37770000 -0.07310000
vn 0.92260000 0.37920000 -0.07090000
vn 0.92210000 0.38070000 -0.06870000
vn 0.92190000 0.38180000 -0.06650000
vn 0.92160000 0.38280000 -0.06410000
vn 0.92130000 0.38400000 -0.06190000
vn 0.92100000 0.38500000 -0.05960000
vn 0.92060000 0.38620000 -0.05730000
vn 0.92040000 0.38710000 -0.05490000
vn 0.92010000 0.38820000 -0.05260000
vn 0.91980000 0.38910000 -0.05020000
vn 0.91960000 0.38990000 -0.04780000
vn 0.91930000 0.39080000 -0.04540000
vn 0.91910000 0.39160000 -0.04300000
vn 0.91890000 0.39230000 -0.04050000
vn 0.91880000 0.39300000 -0.03800000
vn 0.91860000 0.39370000 -0.03560000
vn 0.91840000 0.39430000 -0.03310000
vn 0.91820000 0.39490000 -0.03060000
vn 0.91810000 0.39540000 -0.02810000
vn 0.91790000 0.39590000 -0.02560000
vn 0.91780000 0.39630000 -0.02300000
vn 0.91770000 0.39670000 -0.02050000
vn 0.91760000 0.39710000 -0.01790000
vn 0.91760000 0.39720000 -0.01540000
vn 0.91740000 0.39770000 -0.01280000
vn 0.91740000 0.39780000 -0.01030000
vn 0.91740000 0.39790000 -0.00770000
vn 0.91730000 0.39810000 -0.00510000
vn 0.91730000 0.39810000 -0.00260000
vn 0.95340000 0.28360000 -0.10330000
vn 0.94640000 0.29970000 -0.12050000
vn 0.95150000 0.28310000 -0.12040000
vn 0.95400000 0.27470000 -0.12040000
vn 0.95050000 0.28280000 -0.12890000
vn 0.95290000 0.27450000 -0.12890000
vn 0.95410000 0.27030000 -0.12890000
vn 0.95240000 0.27430000 -0.13320000
vn 0.95360000 0.27020000 -0.13320000
vn 0.95170000 0.27860000 -0.12900000
vn 0.94990000 0.28290000 -0.13270000
vn 0.95120000 0.27850000 -0.13310000
vn 0.94900000 0.29140000 -0.12040000
vn 0.94550000 0.29950000 -0.12820000
vn 0.94800000 0.29110000 -0.12890000
vn 0.94290000 0.31670000 -0.10330000
vn 0.94100000 0.31620000 -0.12030000
vn 0.94920000 0.28700000 -0.12880000
vn 0.94740000 0.29100000 -0.13300000
vn 0.94870000 0.28680000 -0.13320000
vn 0.94670000 0.29540000 -0.12860000
vn 0.94380000 0.30800000 -0.12020000
vn 0.94270000 0.30770000 -0.12900000
vn 0.94410000 0.30350000 -0.12870000
vn 0.93830000 0.32440000 -0.12010000
vn 0.93120000 0.34950000 -0.10320000
vn 0.94240000 0.31210000 -0.12040000
vn 0.94330000 0.30780000 -0.12460000
vn 0.94050000 0.31610000 -0.12450000
vn 0.94190000 0.31210000 -0.12440000
vn 0.94560000 0.30850000 -0.10330000
vn 0.94740000 0.29990000 -0.11190000
vn 0.94210000 0.31640000 -0.11130000
vn 0.94490000 0.30790000 -0.11140000
vn 0.94570000 0.31750000 -0.06930000
vn 0.94980000 0.30070000 -0.08640000
vn 0.93880000 0.33350000 -0.08620000
vn 0.94440000 0.31710000 -0.08640000
vn 0.93960000 0.32040000 -0.12030000
vn 0.94010000 0.32490000 -0.10300000
vn 0.93630000 0.33290000 -0.11180000
vn 0.93920000 0.32470000 -0.11180000
vn 0.93680000 0.32850000 -0.12010000
vn 0.93780000 0.32880000 -0.11180000
vn 0.93880000 0.32450000 -0.11600000
vn 0.93590000 0.33270000 -0.11580000
vn 0.93740000 0.32850000 -0.11580000
vn 0.93440000 0.34110000 -0.10310000
vn 0.93350000 0.34090000 -0.11160000
vn 0.93420000 0.34990000 -0.06910000
vn 0.92680000 0.36560000 -0.08600000
vn 0.93310000 0.34930000 -0.08570000
vn 0.93490000 0.33690000 -0.11180000
vn 0.93280000 0.34520000 -0.10320000
vn 0.93390000 0.34100000 -0.10740000
vn 0.93240000 0.34500000 -0.10730000
vn 0.93590000 0.34160000 -0.08610000
vn 0.93810000 0.33310000 -0.09470000
vn 0.93220000 0.34940000 -0.09460000
vn 0.93520000 0.34120000 -0.09440000
vn 0.92990000 0.35760000 -0.08600000
vn 0.92920000 0.35720000 -0.09430000
vn 0.93070000 0.35340000 -0.09450000
vn 0.93170000 0.34940000 -0.09890000
vn 0.93040000 0.35310000 -0.09860000
vn 0.92820000 0.36200000 -0.08600000
vn 0.92960000 0.35740000 -0.09020000
vn 0.92800000 0.36150000 -0.09030000
vn 0.93120000 0.35800000 -0.06900000
vn 0.93360000 0.34980000 -0.07760000
vn 0.92750000 0.36570000 -0.07750000
vn 0.93070000 0.35750000 -0.07730000
vn 0.93600000 0.35040000 -0.03450000
vn 0.94110000 0.33420000 -0.05190000
vn 0.92910000 0.36620000 -0.05180000
vn 0.93550000 0.34960000 -0.05190000
vn 0.92490000 0.37390000 -0.06890000
vn 0.92440000 0.37360000 -0.07730000
vn 0.92340000 0.38230000 -0.03390000
vn 0.92270000 0.38200000 -0.05170000
vn 0.92590000 0.36970000 -0.07770000
vn 0.92730000 0.36540000 -0.08170000
vn 0.92560000 0.36960000 -0.08170000
vn 0.92330000 0.37780000 -0.06920000
vn 0.92470000 0.37360000 -0.07340000
vn 0.92590000 0.37410000 -0.05170000
vn 0.92870000 0.36590000 -0.06040000
vn 0.92210000 0.38210000 -0.06040000
vn 0.92550000 0.37400000 -0.06030000
vn 0.92390000 0.37800000 -0.06020000
vn 0.92520000 0.37400000 -0.06460000
vn 0.92200000 0.38180000 -0.06460000
vn 0.92340000 0.37840000 -0.06400000
vn 0.92100000 0.38600000 -0.05170000
vn 0.92260000 0.38160000 -0.05570000
vn 0.92080000 0.38600000 -0.05600000
vn 0.92010000 0.39020000 -0.03440000
vn 0.92310000 0.38220000 -0.04310000
vn 0.91980000 0.39000000 -0.04300000
vn 0.92400000 0.38240000 -0.00000000
vn 0.93030000 0.36650000 -0.01730000
vn 0.92380000 0.38240000 -0.01720000
vn 0.92130000 0.38650000 -0.04250000
vn 0.92290000 0.38210000 -0.04740000
vn 0.92120000 0.38610000 -0.04740000
vn 0.92670000 0.37430000 -0.03450000
vn 0.92950000 0.36640000 -0.04310000
vn 0.92620000 0.37440000 -0.04340000
vn 0.92010000 0.38970000 -0.03880000
vn 0.92050000 0.39030000 -0.01740000
vn 0.92370000 0.38220000 -0.02580000
vn 0.92030000 0.39030000 -0.02580000
vn 0.91860000 0.39430000 -0.02580000
vn 0.92020000 0.39020000 -0.03010000
vn 0.91880000 0.39430000 -0.01720000
vn 0.92050000 0.39020000 -0.02150000
vn 0.91900000 0.39370000 -0.02140000
vn 0.92070000 0.39030000 -0.00000000
vn 0.92400000 0.38240000 -0.00860000
vn 0.92070000 0.39020000 -0.00860000
vn 0.92340000 0.38230000 0.03450000
vn 0.93030000 0.36650000 0.01730000
vn 0.92380000 0.38240000 0.01720000
vn 0.91890000 0.39440000 -0.00850000
vn 0.92060000 0.39030000 -0.01300000
vn 0.91910000 0.39390000 -0.01290000
vn 0.91900000 0.39420000 0.00010000
vn 0.92070000 0.39030000 -0.00430000
vn 0.91890000 0.39440000 -0.00430000
vn 0.92050000 0.39040000 0.01720000
vn 0.92400000 0.38220000 0.00860000
vn 0.92080000 0.38990000 0.00870000
vn 0.91740000 0.39800000 0.00510000
vn 0.91740000 0.39780000 0.01030000
vn 0.91750000 0.39740000 0.01540000
vn 0.91770000 0.39670000 0.02050000
vn 0.91790000 0.39590000 0.02550000
vn 0.91820000 0.39490000 0.03060000
vn 0.91860000 0.39360000 0.03560000
vn 0.91900000 0.39230000 0.04040000
vn 0.91940000 0.39070000 0.04540000
vn 0.91980000 0.38910000 0.05020000
vn 0.92040000 0.38720000 0.05500000
vn 0.92100000 0.38510000 0.05960000
vn 0.92160000 0.38280000 0.06420000
vn 0.92220000 0.38050000 0.06870000
vn 0.92300000 0.37790000 0.07310000
vn 0.92370000 0.37520000 0.07740000
vn 0.92450000 0.37230000 0.08160000
vn 0.92540000 0.36930000 0.08560000
vn 0.92620000 0.36620000 0.08960000
vn 0.92720000 0.36280000 0.09340000
vn 0.92810000 0.35940000 0.09710000
vn 0.92910000 0.35590000 0.10070000
vn 0.93010000 0.35210000 0.10410000
vn 0.93120000 0.34830000 0.10740000
vn 0.93230000 0.34440000 0.11060000
vn 0.93340000 0.34040000 0.11350000
vn 0.93460000 0.33620000 0.11630000
vn 0.93570000 0.33200000 0.11900000
vn 0.93690000 0.32770000 0.12150000
vn 0.93820000 0.32320000 0.12380000
vn 0.93940000 0.31880000 0.12600000
vn 0.94070000 0.31420000 0.12790000
vn 0.94200000 0.30950000 0.12970000
vn 0.94330000 0.30480000 0.13130000
vn 0.94460000 0.30010000 0.13270000
vn 0.94600000 0.29530000 0.13400000
vn 0.94730000 0.29040000 0.13500000
vn 0.94870000 0.28550000 0.13590000
vn 0.95010000 0.28060000 0.13660000
vn 0.95140000 0.27570000 0.13700000
vn 0.95280000 0.27080000 0.13730000
vn 0.92010000 0.39010000 0.03440000
vn 0.92370000 0.38230000 0.02580000
vn 0.92040000 0.39020000 0.02580000
vn 0.92910000 0.36620000 0.05180000
vn 0.92270000 0.38210000 0.05170000
vn 0.92310000 0.38210000 0.04310000
vn 0.91980000 0.39010000 0.04300000
vn 0.92230000 0.38170000 0.06040000
vn 0.92680000 0.36560000 0.08600000
vn 0.92500000 0.37370000 0.06880000
vn 0.92860000 0.36610000 0.06040000
vn 0.92590000 0.37420000 0.05170000
vn 0.92570000 0.37350000 0.06000000
vn 0.93450000 0.34940000 0.06870000
vn 0.94110000 0.33420000 0.05190000
vn 0.93600000 0.35040000 0.03460000
vn 0.93530000 0.35000000 0.05170000
vn 0.92760000 0.36560000 0.07750000
vn 0.93130000 0.34940000 0.10290000
vn 0.93880000 0.33350000 0.08580000
vn 0.93290000 0.34960000 0.08610000
vn 0.93220000 0.34940000 0.09460000
vn 0.92990000 0.35760000 0.08590000
vn 0.92920000 0.35740000 0.09450000
vn 0.93640000 0.33280000 0.11130000
vn 0.93440000 0.34100000 0.10290000
vn 0.94640000 0.29970000 0.12010000
vn 0.94290000 0.31670000 0.10330000
vn 0.94100000 0.31640000 0.12020000
vn 0.93830000 0.32440000 0.12020000
vn 0.94210000 0.31620000 0.11180000
vn 0.94010000 0.32490000 0.10330000
vn 0.93910000 0.32490000 0.11200000
vn 0.94980000 0.30060000 0.08640000
vn 0.94570000 0.31750000 0.06930000
vn 0.94450000 0.31700000 0.08620000
vn 0.94540000 0.29940000 0.12870000
vn 0.94380000 0.30800000 0.12020000
vn 0.95340000 0.28360000 0.10330000
vn 0.95150000 0.28310000 0.12040000
vn 0.95050000 0.28280000 0.12890000
vn 0.94900000 0.29140000 0.12030000
vn 0.94800000 0.29110000 0.12880000
vn 0.95390000 0.27480000 0.12040000
vn 0.95290000 0.27450000 0.12890000
vn 0.95930000 0.26720000 0.09170000
vn 0.96230000 0.26810000 0.04590000
vn 0.96230000 0.26810000 -0.04590000
vn 0.95930000 0.26720000 -0.09170000
vn 0.95420000 0.26580000 -0.13740000
vn 0.97730000 0.20040000 -0.06900000
vn 0.96330000 0.26830000 -0.00000000
vn 0.97960000 0.20100000 -0.00000000
vn 0.99100000 0.13350000 -0.00000000
vn 0.97740000 0.20000000 0.06910000
vn 0.96970000 0.23410000 -0.06930000
vn 0.97450000 0.19940000 -0.10280000
vn 0.96690000 0.23330000 -0.10340000
vn 0.98360000 0.16700000 -0.06890000
vn 0.97200000 0.23480000 -0.00000000
vn 0.97900000 0.20070000 -0.03460000
vn 0.97150000 0.23460000 -0.03470000
vn 0.98590000 0.16730000 -0.00000000
vn 0.98530000 0.16710000 -0.03450000
vn 0.96970000 0.23410000 0.06930000
vn 0.97900000 0.20070000 0.03460000
vn 0.97150000 0.23460000 0.03460000
vn 0.98360000 0.16660000 0.06900000
vn 0.98530000 0.16740000 0.03450000
vn 0.97450000 0.19940000 0.10320000
vn 0.96690000 0.23330000 0.10320000
vn 0.99100000 0.13350000 -0.00260000
vn 0.99100000 0.13360000 -0.00510000
vn 0.99100000 0.13390000 -0.00770000
vn 0.99100000 0.13380000 -0.01030000
vn 0.99090000 0.13410000 -0.01280000
vn 0.99080000 0.13440000 -0.01540000
vn 0.99070000 0.13460000 -0.01790000
vn 0.99060000 0.13500000 -0.02050000
vn 0.99050000 0.13530000 -0.02300000
vn 0.99040000 0.13570000 -0.02560000
vn 0.99030000 0.13620000 -0.02810000
vn 0.99010000 0.13680000 -0.03060000
vn 0.99000000 0.13730000 -0.03310000
vn 0.98980000 0.13790000 -0.03560000
vn 0.98960000 0.13860000 -0.03790000
vn 0.98940000 0.13930000 -0.04050000
vn 0.98920000 0.14000000 -0.04300000
vn 0.98900000 0.14090000 -0.04540000
vn 0.98880000 0.14170000 -0.04780000
vn 0.98850000 0.14260000 -0.05020000
vn 0.98830000 0.14350000 -0.05260000
vn 0.98800000 0.14450000 -0.05490000
vn 0.98770000 0.14540000 -0.05730000
vn 0.98740000 0.14650000 -0.05960000
vn 0.98710000 0.14760000 -0.06190000
vn 0.98680000 0.14890000 -0.06410000
vn 0.98640000 0.15020000 -0.06650000
vn 0.98610000 0.15120000 -0.06870000
vn 0.98580000 0.15240000 -0.07090000
vn 0.98540000 0.15380000 -0.07310000
vn 0.98500000 0.15500000 -0.07520000
vn 0.98470000 0.15640000 -0.07740000
vn 0.98420000 0.15790000 -0.07950000
vn 0.98380000 0.15940000 -0.08150000
vn 0.98350000 0.16080000 -0.08320000
vn 0.98300000 0.16230000 -0.08570000
vn 0.98260000 0.16390000 -0.08770000
vn 0.98210000 0.16550000 -0.08960000
vn 0.98170000 0.16720000 -0.09150000
vn 0.98120000 0.16880000 -0.09340000
vn 0.98070000 0.17050000 -0.09530000
vn 0.98030000 0.17200000 -0.09720000
vn 0.97970000 0.17420000 -0.09890000
vn 0.97930000 0.17580000 -0.10070000
vn 0.97880000 0.17760000 -0.10250000
vn 0.97820000 0.17950000 -0.10410000
vn 0.97770000 0.18140000 -0.10580000
vn 0.97720000 0.18330000 -0.10740000
vn 0.97660000 0.18520000 -0.10900000
vn 0.97610000 0.18720000 -0.11060000
vn 0.97550000 0.18920000 -0.11200000
vn 0.97490000 0.19130000 -0.11350000
vn 0.97440000 0.19330000 -0.11500000
vn 0.97380000 0.19540000 -0.11630000
vn 0.97320000 0.19750000 -0.11770000
vn 0.97260000 0.19960000 -0.11900000
vn 0.97200000 0.20160000 -0.12030000
vn 0.97140000 0.20400000 -0.12150000
vn 0.97080000 0.20620000 -0.12270000
vn 0.97020000 0.20840000 -0.12380000
vn 0.96960000 0.21070000 -0.12480000
vn 0.96890000 0.21290000 -0.12590000
vn 0.96830000 0.21510000 -0.12700000
vn 0.96770000 0.21740000 -0.12790000
vn 0.96700000 0.21970000 -0.12890000
vn 0.96640000 0.22210000 -0.12970000
vn 0.96570000 0.22450000 -0.13050000
vn 0.96500000 0.22680000 -0.13130000
vn 0.96440000 0.22920000 -0.13200000
vn 0.96370000 0.23160000 -0.13270000
vn 0.96310000 0.23390000 -0.13340000
vn 0.96240000 0.23630000 -0.13400000
vn 0.96170000 0.23880000 -0.13450000
vn 0.96100000 0.24120000 -0.13500000
vn 0.96040000 0.24360000 -0.13550000
vn 0.95970000 0.24620000 -0.13570000
vn 0.95900000 0.24850000 -0.13620000
vn 0.95830000 0.25100000 -0.13660000
vn 0.95760000 0.25350000 -0.13680000
vn 0.95690000 0.25590000 -0.13700000
vn 0.95620000 0.25840000 -0.13720000
vn 0.95560000 0.26090000 -0.13730000
vn 0.95490000 0.26330000 -0.13740000
vn 0.98860000 0.15040000 -0.00000000
vn 0.98800000 0.15030000 -0.03440000
vn 0.98580000 0.16720000 -0.01730000
vn 0.98850000 0.15040000 -0.01720000
vn 0.98990000 0.14190000 -0.00000000
vn 0.98970000 0.14190000 -0.01720000
vn 0.98860000 0.15040000 -0.00860000
vn 0.98980000 0.14190000 -0.00860000
vn 0.98810000 0.15020000 0.03450000
vn 0.98580000 0.16720000 0.01730000
vn 0.98850000 0.15040000 0.01720000
vn 0.99050000 0.13780000 0.00010000
vn 0.99040000 0.13800000 -0.00860000
vn 0.98990000 0.14200000 -0.00430000
vn 0.99040000 0.13800000 -0.00410000
vn 0.98970000 0.14190000 0.01720000
vn 0.98860000 0.15040000 0.00860000
vn 0.98980000 0.14190000 0.00860000
vn 0.99040000 0.13770000 0.00870000
vn 0.98990000 0.14190000 0.00430000
vn 0.99050000 0.13770000 0.00420000
vn 0.99030000 0.13770000 -0.01720000
vn 0.98980000 0.14180000 -0.01290000
vn 0.99030000 0.13820000 -0.01300000
vn 0.98930000 0.14180000 -0.03440000
vn 0.98830000 0.15060000 -0.02580000
vn 0.98950000 0.14200000 -0.02590000
vn 0.98460000 0.16690000 -0.05180000
vn 0.98730000 0.15030000 -0.05170000
vn 0.99010000 0.13810000 -0.02580000
vn 0.98970000 0.14180000 -0.02150000
vn 0.99020000 0.13770000 -0.02150000
vn 0.98940000 0.14180000 -0.03010000
vn 0.98770000 0.15010000 -0.04310000
vn 0.98900000 0.14150000 -0.04300000
vn 0.98910000 0.14180000 -0.03860000
vn 0.98690000 0.15000000 -0.06020000
vn 0.98230000 0.16620000 -0.08600000
vn 0.98840000 0.14590000 -0.04300000
vn 0.98790000 0.14610000 -0.05160000
vn 0.98750000 0.15000000 -0.04740000
vn 0.98820000 0.14580000 -0.04760000
vn 0.98670000 0.15870000 -0.03440000
vn 0.98600000 0.15860000 -0.05170000
vn 0.98500000 0.16720000 -0.04310000
vn 0.98640000 0.15860000 -0.04270000
vn 0.98230000 0.18400000 -0.03450000
vn 0.98060000 0.18350000 -0.06910000
vn 0.97830000 0.20060000 -0.05190000
vn 0.98160000 0.18390000 -0.05180000
vn 0.98710000 0.15000000 -0.05600000
vn 0.98770000 0.14570000 -0.05590000
vn 0.98500000 0.15810000 -0.06890000
vn 0.98410000 0.16680000 -0.06040000
vn 0.98550000 0.15850000 -0.06030000
vn 0.98660000 0.14970000 -0.06460000
vn 0.98620000 0.15410000 -0.06040000
vn 0.98560000 0.15410000 -0.06890000
vn 0.98530000 0.15840000 -0.06460000
vn 0.98600000 0.15390000 -0.06470000
vn 0.98300000 0.16640000 -0.07740000
vn 0.98440000 0.15800000 -0.07760000
vn 0.97780000 0.18250000 -0.10300000
vn 0.97600000 0.19990000 -0.08620000
vn 0.97930000 0.18310000 -0.08620000
vn 0.98470000 0.15810000 -0.07320000
vn 0.98370000 0.16220000 -0.07750000
vn 0.98260000 0.16680000 -0.08160000
vn 0.98340000 0.16230000 -0.08160000
vn 0.98210000 0.17500000 -0.06910000
vn 0.98090000 0.17470000 -0.08610000
vn 0.98000000 0.18340000 -0.07760000
vn 0.98150000 0.17520000 -0.07780000
vn 0.97860000 0.18290000 -0.09460000
vn 0.98010000 0.17470000 -0.09430000
vn 0.98160000 0.17050000 -0.08600000
vn 0.98050000 0.17470000 -0.09020000
vn 0.98120000 0.17060000 -0.09000000
vn 0.97940000 0.17870000 -0.09450000
vn 0.97820000 0.18280000 -0.09890000
vn 0.97890000 0.17850000 -0.09930000
vn 0.97770000 0.19150000 -0.08620000
vn 0.97620000 0.19100000 -0.10320000
vn 0.97530000 0.19960000 -0.09470000
vn 0.97690000 0.19200000 -0.09430000
vn 0.97370000 0.21720000 -0.06930000
vn 0.97080000 0.21640000 -0.10330000
vn 0.96840000 0.23380000 -0.08640000
vn 0.97240000 0.21690000 -0.08600000
vn 0.97360000 0.19920000 -0.11170000
vn 0.97530000 0.19080000 -0.11160000
vn 0.96510000 0.23280000 -0.12030000
vn 0.96900000 0.21590000 -0.12030000
vn 0.97700000 0.18690000 -0.10310000
vn 0.97570000 0.19090000 -0.10740000
vn 0.97650000 0.18670000 -0.10740000
vn 0.97440000 0.19510000 -0.11150000
vn 0.97310000 0.19920000 -0.11550000
vn 0.97270000 0.20800000 -0.10310000
vn 0.97080000 0.20750000 -0.12000000
vn 0.97000000 0.21630000 -0.11140000
vn 0.97180000 0.20780000 -0.11170000
vn 0.97270000 0.20340000 -0.11180000
vn 0.97170000 0.20310000 -0.12030000
vn 0.97130000 0.20760000 -0.11600000
vn 0.97220000 0.20340000 -0.11580000
vn 0.96990000 0.21160000 -0.12030000
vn 0.96850000 0.21580000 -0.12450000
vn 0.96700000 0.22440000 -0.12030000
vn 0.96400000 0.23250000 -0.12870000
vn 0.96600000 0.22410000 -0.12880000
vn 0.96270000 0.25020000 -0.10340000
vn 0.96080000 0.24960000 -0.12040000
vn 0.96800000 0.22010000 -0.12030000
vn 0.96650000 0.22420000 -0.12460000
vn 0.96760000 0.21980000 -0.12450000
vn 0.96890000 0.22490000 -0.10330000
vn 0.96600000 0.23310000 -0.11190000
vn 0.96800000 0.22490000 -0.11160000
vn 0.96500000 0.22830000 -0.12880000
vn 0.96300000 0.24120000 -0.12020000
vn 0.95980000 0.24940000 -0.12880000
vn 0.96190000 0.24100000 -0.12890000
vn 0.96300000 0.23670000 -0.12890000
vn 0.96140000 0.24080000 -0.13290000
vn 0.96090000 0.24500000 -0.12890000
vn 0.95930000 0.24920000 -0.13320000
vn 0.96040000 0.24500000 -0.13300000
vn 0.95860000 0.25800000 -0.12040000
vn 0.95760000 0.25780000 -0.12880000
vn 0.95870000 0.25360000 -0.12890000
vn 0.95710000 0.25750000 -0.13290000
vn 0.95820000 0.25340000 -0.13310000
vn 0.95640000 0.26190000 -0.12890000
vn 0.95590000 0.26180000 -0.13320000
vn 0.95420000 0.26580000 0.13740000
vn 0.95560000 0.26090000 0.13730000
vn 0.95690000 0.25590000 0.13700000
vn 0.95830000 0.25100000 0.13650000
vn 0.95970000 0.24610000 0.13590000
vn 0.96100000 0.24120000 0.13500000
vn 0.96240000 0.23640000 0.13400000
vn 0.96370000 0.23140000 0.13280000
vn 0.96510000 0.22680000 0.13130000
vn 0.96640000 0.22210000 0.12950000
vn 0.96760000 0.21750000 0.12790000
vn 0.96890000 0.21290000 0.12600000
vn 0.97020000 0.20840000 0.12380000
vn 0.97140000 0.20400000 0.12150000
vn 0.97260000 0.19960000 0.11900000
vn 0.97380000 0.19540000 0.11630000
vn 0.97500000 0.19120000 0.11350000
vn 0.97610000 0.18720000 0.11060000
vn 0.97720000 0.18330000 0.10740000
vn 0.97820000 0.17950000 0.10410000
vn 0.97930000 0.17580000 0.10070000
vn 0.98020000 0.17220000 0.09730000
vn 0.98120000 0.16880000 0.09350000
vn 0.98210000 0.16550000 0.08960000
vn 0.98300000 0.16230000 0.08560000
vn 0.98380000 0.15930000 0.08160000
vn 0.98460000 0.15650000 0.07740000
vn 0.98540000 0.15370000 0.07310000
vn 0.98610000 0.15120000 0.06870000
vn 0.98680000 0.14880000 0.06420000
vn 0.98740000 0.14660000 0.05960000
vn 0.98800000 0.14450000 0.05500000
vn 0.98850000 0.14260000 0.05020000
vn 0.98900000 0.14080000 0.04540000
vn 0.98940000 0.13930000 0.04050000
vn 0.98980000 0.13790000 0.03560000
vn 0.99010000 0.13680000 0.03060000
vn 0.99040000 0.13570000 0.02560000
vn 0.99060000 0.13500000 0.02050000
vn 0.99080000 0.13430000 0.01540000
vn 0.99100000 0.13380000 0.01030000
vn 0.99100000 0.13380000 0.00510000
vn 0.96510000 0.23280000 0.12010000
vn 0.96270000 0.25020000 0.10340000
vn 0.96080000 0.24970000 0.12040000
vn 0.95980000 0.24940000 0.12870000
vn 0.95860000 0.25810000 0.12040000
vn 0.95760000 0.25770000 0.12890000
vn 0.96400000 0.23250000 0.12870000
vn 0.96300000 0.24120000 0.12040000
vn 0.96200000 0.24100000 0.12850000
vn 0.97080000 0.21640000 0.10330000
vn 0.96900000 0.21600000 0.12010000
vn 0.96710000 0.22430000 0.12040000
vn 0.97080000 0.20740000 0.12020000
vn 0.97780000 0.18270000 0.10300000
vn 0.97360000 0.19940000 0.11160000
vn 0.97270000 0.20800000 0.10320000
vn 0.96990000 0.21620000 0.11180000
vn 0.97170000 0.20790000 0.11240000
vn 0.97600000 0.19990000 0.08610000
vn 0.97370000 0.21720000 0.06930000
vn 0.96840000 0.23380000 0.08640000
vn 0.97240000 0.21730000 0.08550000
vn 0.97610000 0.19110000 0.10320000
vn 0.98230000 0.16630000 0.08590000
vn 0.98050000 0.18410000 0.06880000
vn 0.97930000 0.18310000 0.08610000
vn 0.98090000 0.17470000 0.08600000
vn 0.97860000 0.18290000 0.09460000
vn 0.98010000 0.17450000 0.09450000
vn 0.98500000 0.15820000 0.06890000
vn 0.98300000 0.16650000 0.07750000
vn 0.98460000 0.16690000 0.05180000
vn 0.98730000 0.15010000 0.05140000
vn 0.98690000 0.14990000 0.06030000
vn 0.98600000 0.15850000 0.05180000
vn 0.98410000 0.16680000 0.06040000
vn 0.98550000 0.15870000 0.06080000
vn 0.98230000 0.18390000 0.03460000
vn 0.97830000 0.20050000 0.05190000
vn 0.98150000 0.18420000 0.05160000
vn 0.98930000 0.14190000 0.03440000
vn 0.98770000 0.15010000 0.04310000
vn 0.98890000 0.14190000 0.04320000
vn 0.98830000 0.15030000 0.02580000
vn 0.98950000 0.14190000 0.02580000
vn 0.95930000 0.26720000 -0.09170000
vn 0.96230000 0.26810000 -0.04590000
vn 0.96230000 0.26810000 0.04590000
vn 0.95930000 0.26720000 0.09180000
vn -0.87090000 0.49140000 -0.00000000
vn -0.87090000 0.49150000 -0.00000000
vn -0.49130000 -0.87100000 -0.00000000
vn -0.49140000 -0.87090000 -0.00000000
vn -0.49160000 -0.87040000 -0.02640000
vn -0.49200000 -0.86900000 -0.05280000
vn -0.49270000 -0.86660000 -0.07920000
vn -0.49360000 -0.86330000 -0.10540000
vn -0.49470000 -0.85910000 -0.13150000
vn -0.49620000 -0.85390000 -0.15730000
vn -0.49800000 -0.84770000 -0.18300000
vn -0.49990000 -0.84060000 -0.20840000
vn -0.50200000 -0.83270000 -0.23350000
vn -0.50450000 -0.82390000 -0.25830000
vn -0.50730000 -0.81410000 -0.28270000
vn -0.51020000 -0.80350000 -0.30680000
vn -0.51340000 -0.79200000 -0.33040000
vn -0.51670000 -0.77970000 -0.35360000
vn -0.52050000 -0.76650000 -0.37620000
vn -0.52440000 -0.75250000 -0.39840000
vn -0.52850000 -0.73780000 -0.41990000
vn -0.53280000 -0.72230000 -0.44090000
vn -0.53730000 -0.70610000 -0.46120000
vn -0.54200000 -0.68910000 -0.48090000
vn -0.54700000 -0.67140000 -0.50000000
vn -0.55210000 -0.65310000 -0.51830000
vn -0.55740000 -0.63410000 -0.53590000
vn -0.56290000 -0.61440000 -0.55290000
vn -0.56850000 -0.59420000 -0.56900000
vn -0.57420000 -0.57350000 -0.58430000
vn -0.58020000 -0.55210000 -0.59870000
vn -0.58630000 -0.53030000 -0.61240000
vn -0.59250000 -0.50800000 -0.62510000
vn -0.59880000 -0.48530000 -0.63710000
vn -0.60530000 -0.46210000 -0.64810000
vn -0.61190000 -0.43860000 -0.65820000
vn -0.61860000 -0.41470000 -0.66740000
vn -0.62530000 -0.39050000 -0.67570000
vn -0.63210000 -0.36610000 -0.68300000
vn -0.63900000 -0.34130000 -0.68940000
vn -0.64590000 -0.31640000 -0.69470000
vn -0.65290000 -0.29130000 -0.69920000
vn -0.66000000 -0.26600000 -0.70260000
vn -0.66700000 -0.24070000 -0.70510000
vn -0.67410000 -0.21530000 -0.70660000
vn -0.68120000 -0.18980000 -0.70710000
vn -0.68830000 -0.16430000 -0.70660000
vn -0.69540000 -0.13890000 -0.70510000
vn -0.70260000 -0.11350000 -0.70250000
vn -0.70950000 -0.08820000 -0.69910000
vn -0.71650000 -0.06310000 -0.69470000
vn -0.72340000 -0.03820000 -0.68930000
vn -0.73030000 -0.01350000 -0.68300000
vn -0.73710000 0.01100000 -0.67570000
vn -0.74380000 0.03530000 -0.66740000
vn -0.75050000 0.05910000 -0.65820000
vn -0.75750000 0.08240000 -0.64770000
vn -0.76350000 0.10580000 -0.63710000
vn -0.76980000 0.12850000 -0.62520000
vn -0.77610000 0.15080000 -0.61230000
vn -0.78210000 0.17260000 -0.59870000
vn -0.78810000 0.19400000 -0.58420000
vn -0.79390000 0.21470000 -0.56890000
vn -0.79950000 0.23480000 -0.55280000
vn -0.80480000 0.25490000 -0.53610000
vn -0.81030000 0.27340000 -0.51830000
vn -0.81540000 0.29170000 -0.50000000
vn -0.82030000 0.30960000 -0.48090000
vn -0.82500000 0.32650000 -0.46120000
vn -0.82950000 0.34280000 -0.44090000
vn -0.83380000 0.35830000 -0.41990000
vn -0.83790000 0.37310000 -0.39840000
vn -0.84180000 0.38700000 -0.37620000
vn -0.84550000 0.40010000 -0.35360000
vn -0.84900000 0.41240000 -0.33040000
vn -0.85220000 0.42390000 -0.30680000
vn -0.85510000 0.43450000 -0.28280000
vn -0.85780000 0.44440000 -0.25840000
vn -0.86030000 0.45320000 -0.23360000
vn -0.86260000 0.46100000 -0.20840000
vn -0.86460000 0.46800000 -0.18300000
vn -0.86620000 0.47430000 -0.15730000
vn -0.86750000 0.47970000 -0.13140000
vn -0.86880000 0.48380000 -0.10540000
vn -0.86970000 0.48710000 -0.07920000
vn -0.87050000 0.48930000 -0.05280000
vn -0.87090000 0.49080000 -0.02640000
vn -0.87090000 0.49080000 -0.02640000
vn -0.87030000 0.48960000 -0.05280000
vn -0.86970000 0.48710000 -0.07920000
vn -0.86880000 0.48380000 -0.10540000
vn -0.86740000 0.47990000 -0.13160000
vn -0.86620000 0.47430000 -0.15730000
vn -0.86460000 0.46800000 -0.18300000
vn -0.86260000 0.46100000 -0.20840000
vn -0.86030000 0.45320000 -0.23360000
vn -0.85780000 0.44440000 -0.25840000
vn -0.85510000 0.43450000 -0.28280000
vn -0.85220000 0.42390000 -0.30680000
vn -0.84900000 0.41240000 -0.33040000
vn -0.84550000 0.40010000 -0.35360000
vn -0.84180000 0.38700000 -0.37620000
vn -0.83790000 0.37310000 -0.39840000
vn -0.83380000 0.35830000 -0.41990000
vn -0.82950000 0.34280000 -0.44090000
vn -0.82500000 0.32650000 -0.46120000
vn -0.82030000 0.30960000 -0.48090000
vn -0.81520000 0.29210000 -0.50000000
vn -0.81030000 0.27340000 -0.51830000
vn -0.80500000 0.25440000 -0.53600000
vn -0.79950000 0.23480000 -0.55280000
vn -0.79390000 0.21470000 -0.56890000
vn -0.78810000 0.19400000 -0.58420000
vn -0.78210000 0.17260000 -0.59870000
vn -0.77610000 0.15080000 -0.61240000
vn -0.76980000 0.12850000 -0.62520000
vn -0.76350000 0.10580000 -0.63710000
vn -0.75730000 0.08220000 -0.64790000
vn -0.75050000 0.05910000 -0.65820000
vn -0.74380000 0.03530000 -0.66740000
vn -0.73710000 0.01100000 -0.67570000
vn -0.73030000 -0.01350000 -0.68300000
vn -0.72340000 -0.03820000 -0.68930000
vn -0.71650000 -0.06310000 -0.69470000
vn -0.70950000 -0.08820000 -0.69910000
vn -0.70250000 -0.11350000 -0.70260000
vn -0.69540000 -0.13880000 -0.70510000
vn -0.68830000 -0.16430000 -0.70660000
vn -0.68120000 -0.18980000 -0.70710000
vn -0.67410000 -0.21530000 -0.70660000
vn -0.66700000 -0.24070000 -0.70510000
vn -0.66000000 -0.26600000 -0.70260000
vn -0.65290000 -0.29130000 -0.69920000
vn -0.64600000 -0.31620000 -0.69480000
vn -0.63890000 -0.34140000 -0.68940000
vn -0.63200000 -0.36610000 -0.68300000
vn -0.62530000 -0.39050000 -0.67570000
vn -0.61860000 -0.41470000 -0.66740000
vn -0.61190000 -0.43860000 -0.65820000
vn -0.60530000 -0.46210000 -0.64810000
vn -0.59890000 -0.48530000 -0.63710000
vn -0.59250000 -0.50810000 -0.62510000
vn -0.58630000 -0.53030000 -0.61240000
vn -0.58020000 -0.55210000 -0.59870000
vn -0.57420000 -0.57350000 -0.58430000
vn -0.56840000 -0.59420000 -0.56910000
vn -0.56290000 -0.61440000 -0.55290000
vn -0.55740000 -0.63410000 -0.53590000
vn -0.55210000 -0.65310000 -0.51830000
vn -0.54700000 -0.67140000 -0.50000000
vn -0.54200000 -0.68910000 -0.48090000
vn -0.53730000 -0.70610000 -0.46120000
vn -0.53280000 -0.72230000 -0.44090000
vn -0.52850000 -0.73780000 -0.41990000
vn -0.52450000 -0.75240000 -0.39840000
vn -0.52050000 -0.76650000 -0.37620000
vn -0.51690000 -0.77960000 -0.35360000
vn -0.51340000 -0.79200000 -0.33040000
vn -0.51020000 -0.80350000 -0.30680000
vn -0.50730000 -0.81410000 -0.28270000
vn -0.50450000 -0.82380000 -0.25830000
vn -0.50200000 -0.83270000 -0.23350000
vn -0.49990000 -0.84060000 -0.20840000
vn -0.49800000 -0.84770000 -0.18300000
vn -0.49620000 -0.85390000 -0.15730000
vn -0.49470000 -0.85910000 -0.13150000
vn -0.49360000 -0.86330000 -0.10540000
vn -0.49270000 -0.86660000 -0.07920000
vn -0.49200000 -0.86900000 -0.05280000
vn -0.49160000 -0.87040000 -0.02640000
vn -0.49140000 -0.87090000 -0.00000000
vn -0.49140000 -0.87090000 -0.00000000
vn -0.68120000 -0.18970000 0.70710000
vn -0.87090000 0.49140000 -0.00000000
vn -0.87090000 0.49140000 -0.00000000
vn -0.68120000 -0.18980000 0.70710000
vn -0.67760000 -0.20250000 0.70700000
vn -0.67410000 -0.21520000 0.70660000
vn -0.67050000 -0.22790000 0.70600000
vn -0.66700000 -0.24070000 0.70510000
vn -0.66350000 -0.25340000 0.70400000
vn -0.65990000 -0.26600000 0.70270000
vn -0.65640000 -0.27870000 0.70110000
vn -0.65290000 -0.29130000 0.69920000
vn -0.64940000 -0.30390000 0.69710000
vn -0.64590000 -0.31640000 0.69480000
vn -0.64240000 -0.32890000 0.69220000
vn -0.63890000 -0.34130000 0.68940000
vn -0.63550000 -0.35370000 0.68630000
vn -0.63210000 -0.36610000 0.68300000
vn -0.62860000 -0.37830000 0.67950000
vn -0.62530000 -0.39050000 0.67570000
vn -0.62190000 -0.40270000 0.67170000
vn -0.61850000 -0.41470000 0.66740000
vn -0.61520000 -0.42670000 0.66290000
vn -0.61180000 -0.43860000 0.65830000
vn -0.60850000 -0.45040000 0.65330000
vn -0.60530000 -0.46210000 0.64810000
vn -0.60210000 -0.47380000 0.64270000
vn -0.59890000 -0.48530000 0.63710000
vn -0.59560000 -0.49670000 0.63130000
vn -0.59250000 -0.50800000 0.62510000
vn -0.58940000 -0.51930000 0.61890000
vn -0.58630000 -0.53040000 0.61230000
vn -0.58330000 -0.54130000 0.60560000
vn -0.58020000 -0.55220000 0.59870000
vn -0.57720000 -0.56290000 0.59160000
vn -0.57430000 -0.57350000 0.58420000
vn -0.57140000 -0.58390000 0.57670000
vn -0.56850000 -0.59430000 0.56890000
vn -0.56560000 -0.60450000 0.56100000
vn -0.56290000 -0.61450000 0.55280000
vn -0.56010000 -0.62430000 0.54450000
vn -0.55740000 -0.63410000 0.53600000
vn -0.55470000 -0.64370000 0.52720000
vn -0.55200000 -0.65310000 0.51840000
vn -0.54950000 -0.66240000 0.50920000
vn -0.54700000 -0.67140000 0.50000000
vn -0.54450000 -0.68030000 0.49060000
vn -0.54210000 -0.68910000 0.48100000
vn -0.53970000 -0.69770000 0.47120000
vn -0.53730000 -0.70610000 0.46120000
vn -0.53500000 -0.71430000 0.45110000
vn -0.53280000 -0.72230000 0.44090000
vn -0.53060000 -0.73020000 0.43050000
vn -0.52850000 -0.73780000 0.41990000
vn -0.52640000 -0.74530000 0.40920000
vn -0.52440000 -0.75260000 0.39830000
vn -0.52240000 -0.75960000 0.38740000
vn -0.52050000 -0.76650000 0.37620000
vn -0.51870000 -0.77320000 0.36490000
vn -0.51680000 -0.77970000 0.35360000
vn -0.51510000 -0.78590000 0.34200000
vn -0.51340000 -0.79200000 0.33040000
vn -0.51180000 -0.79780000 0.31870000
vn -0.51020000 -0.80350000 0.30680000
vn -0.50870000 -0.80890000 0.29480000
vn -0.50730000 -0.81410000 0.28280000
vn -0.50590000 -0.81910000 0.27060000
vn -0.50450000 -0.82380000 0.25830000
vn -0.50330000 -0.82840000 0.24600000
vn -0.50210000 -0.83270000 0.23350000
vn -0.50090000 -0.83680000 0.22100000
vn -0.49990000 -0.84060000 0.20840000
vn -0.49880000 -0.84430000 0.19580000
vn -0.49790000 -0.84770000 0.18300000
vn -0.49700000 -0.85090000 0.17020000
vn -0.49620000 -0.85380000 0.15740000
vn -0.49540000 -0.85660000 0.14440000
vn -0.49470000 -0.85900000 0.13150000
vn -0.49410000 -0.86130000 0.11840000
vn -0.49350000 -0.86330000 0.10540000
vn -0.49310000 -0.86510000 0.09230000
vn -0.49260000 -0.86670000 0.07920000
vn -0.49220000 -0.86800000 0.06600000
vn -0.49190000 -0.86900000 0.05280000
vn -0.49170000 -0.86980000 0.03960000
vn -0.49150000 -0.87050000 0.02640000
vn -0.49140000 -0.87080000 0.01320000
vn -0.87090000 0.49130000 0.01320000
vn -0.87080000 0.49090000 0.02640000
vn -0.87070000 0.49030000 0.03960000
vn -0.87040000 0.48950000 0.05290000
vn -0.87010000 0.48840000 0.06600000
vn -0.86970000 0.48710000 0.07920000
vn -0.86930000 0.48560000 0.09230000
vn -0.86880000 0.48380000 0.10540000
vn -0.86830000 0.48180000 0.11840000
vn -0.86760000 0.47960000 0.13150000
vn -0.86690000 0.47710000 0.14440000
vn -0.86620000 0.47430000 0.15730000
vn -0.86540000 0.47140000 0.17020000
vn -0.86450000 0.46820000 0.18300000
vn -0.86350000 0.46480000 0.19580000
vn -0.86250000 0.46110000 0.20840000
vn -0.86140000 0.45730000 0.22100000
vn -0.86030000 0.45320000 0.23360000
vn -0.85910000 0.44890000 0.24600000
vn -0.85780000 0.44430000 0.25830000
vn -0.85650000 0.43960000 0.27060000
vn -0.85510000 0.43460000 0.28280000
vn -0.85360000 0.42940000 0.29480000
vn -0.85210000 0.42400000 0.30680000
vn -0.85060000 0.41830000 0.31870000
vn -0.84890000 0.41250000 0.33040000
vn -0.84730000 0.40640000 0.34200000
vn -0.84550000 0.40020000 0.35350000
vn -0.84370000 0.39370000 0.36490000
vn -0.84180000 0.38700000 0.37620000
vn -0.83990000 0.38010000 0.38740000
vn -0.83800000 0.37310000 0.39830000
vn -0.83590000 0.36580000 0.40920000
vn -0.83380000 0.35830000 0.41990000
vn -0.83170000 0.35070000 0.43050000
vn -0.82950000 0.34280000 0.44090000
vn -0.82730000 0.33480000 0.45110000
vn -0.82500000 0.32650000 0.46120000
vn -0.82270000 0.31820000 0.47120000
vn -0.82030000 0.30960000 0.48100000
vn -0.81780000 0.30080000 0.49060000
vn -0.81540000 0.29190000 0.50000000
vn -0.81280000 0.28280000 0.50920000
vn -0.81020000 0.27360000 0.51830000
vn -0.80760000 0.26410000 0.52720000
vn -0.80500000 0.25460000 0.53600000
vn -0.80220000 0.24480000 0.54450000
vn -0.79950000 0.23500000 0.55280000
vn -0.79670000 0.22490000 0.56100000
vn -0.79400000 0.21440000 0.56890000
vn -0.79100000 0.20440000 0.57670000
vn -0.78810000 0.19400000 0.58420000
vn -0.78510000 0.18340000 0.59160000
vn -0.78200000 0.17260000 0.59890000
vn -0.77910000 0.16180000 0.60560000
vn -0.77600000 0.15080000 0.61240000
vn -0.77300000 0.13980000 0.61890000
vn -0.76980000 0.12850000 0.62520000
vn -0.76670000 0.11720000 0.63120000
vn -0.76350000 0.10580000 0.63710000
vn -0.76030000 0.09430000 0.64270000
vn -0.75710000 0.08260000 0.64810000
vn -0.75380000 0.07090000 0.65330000
vn -0.75050000 0.05910000 0.65820000
vn -0.74720000 0.04720000 0.66300000
vn -0.74390000 0.03520000 0.66740000
vn -0.74050000 0.02320000 0.67170000
vn -0.73710000 0.01100000 0.67570000
vn -0.73370000 -0.00120000 0.67950000
vn -0.73030000 -0.01350000 0.68300000
vn -0.72690000 -0.02580000 0.68630000
vn -0.72340000 -0.03820000 0.68940000
vn -0.71990000 -0.05060000 0.69220000
vn -0.71640000 -0.06310000 0.69480000
vn -0.71300000 -0.07570000 0.69710000
vn -0.70950000 -0.08820000 0.69920000
vn -0.70600000 -0.10090000 0.70100000
vn -0.70240000 -0.11350000 0.70270000
vn -0.69890000 -0.12620000 0.70400000
vn -0.69530000 -0.13880000 0.70510000
vn -0.69180000 -0.15160000 0.70600000
vn -0.68830000 -0.16430000 0.70660000
vn -0.68470000 -0.17700000 0.70700000
vn -0.49140000 -0.87080000 0.01320000
vn -0.49160000 -0.87040000 0.02640000
vn -0.49170000 -0.86990000 0.03960000
vn -0.49200000 -0.86900000 0.05280000
vn -0.49220000 -0.86800000 0.06600000
vn -0.49260000 -0.86660000 0.07920000
vn -0.49300000 -0.86510000 0.09230000
vn -0.49350000 -0.86330000 0.10540000
vn -0.49410000 -0.86130000 0.11840000
vn -0.49470000 -0.85910000 0.13150000
vn -0.49540000 -0.85660000 0.14440000
vn -0.49620000 -0.85380000 0.15730000
vn -0.49700000 -0.85090000 0.17020000
vn -0.49800000 -0.84770000 0.18290000
vn -0.49880000 -0.84430000 0.19580000
vn -0.49980000 -0.84070000 0.20840000
vn -0.50090000 -0.83680000 0.22100000
vn -0.50200000 -0.83270000 0.23350000
vn -0.50330000 -0.82840000 0.24600000
vn -0.50450000 -0.82380000 0.25830000
vn -0.50580000 -0.81910000 0.27060000
vn -0.50720000 -0.81400000 0.28310000
vn -0.50870000 -0.80890000 0.29480000
vn -0.51020000 -0.80350000 0.30680000
vn -0.51180000 -0.79780000 0.31860000
vn -0.51340000 -0.79200000 0.33040000
vn -0.51510000 -0.78590000 0.34200000
vn -0.51680000 -0.77970000 0.35360000
vn -0.51860000 -0.77320000 0.36490000
vn -0.52050000 -0.76650000 0.37620000
vn -0.52240000 -0.75970000 0.38730000
vn -0.52440000 -0.75260000 0.39830000
vn -0.52640000 -0.74530000 0.40920000
vn -0.52850000 -0.73780000 0.41990000
vn -0.53060000 -0.73020000 0.43050000
vn -0.53280000 -0.72230000 0.44090000
vn -0.53500000 -0.71430000 0.45110000
vn -0.53730000 -0.70610000 0.46120000
vn -0.53970000 -0.69770000 0.47120000
vn -0.54200000 -0.68910000 0.48100000
vn -0.54450000 -0.68030000 0.49060000
vn -0.54700000 -0.67140000 0.50000000
vn -0.54950000 -0.66230000 0.50930000
vn -0.55210000 -0.65310000 0.51830000
vn -0.55470000 -0.64370000 0.52730000
vn -0.55740000 -0.63410000 0.53600000
vn -0.56010000 -0.62430000 0.54450000
vn -0.56290000 -0.61440000 0.55280000
vn -0.56560000 -0.60440000 0.56100000
vn -0.56850000 -0.59430000 0.56890000
vn -0.57140000 -0.58390000 0.57670000
vn -0.57430000 -0.57350000 0.58420000
vn -0.57720000 -0.56290000 0.59160000
vn -0.58020000 -0.55220000 0.59870000
vn -0.58320000 -0.54130000 0.60570000
vn -0.58630000 -0.53030000 0.61240000
vn -0.58940000 -0.51930000 0.61890000
vn -0.59250000 -0.50800000 0.62520000
vn -0.59570000 -0.49670000 0.63120000
vn -0.59880000 -0.48530000 0.63710000
vn -0.60200000 -0.47380000 0.64270000
vn -0.60530000 -0.46220000 0.64810000
vn -0.60860000 -0.45040000 0.65330000
vn -0.61180000 -0.43860000 0.65820000
vn -0.61510000 -0.42670000 0.66300000
vn -0.61850000 -0.41470000 0.66740000
vn -0.62190000 -0.40260000 0.67170000
vn -0.62520000 -0.39050000 0.67570000
vn -0.62860000 -0.37830000 0.67950000
vn -0.63210000 -0.36610000 0.68300000
vn -0.63550000 -0.35370000 0.68630000
vn -0.63900000 -0.34130000 0.68940000
vn -0.64240000 -0.32890000 0.69220000
vn -0.64590000 -0.31640000 0.69480000
vn -0.64940000 -0.30390000 0.69710000
vn -0.65290000 -0.29130000 0.69920000
vn -0.65640000 -0.27870000 0.70110000
vn -0.65990000 -0.26600000 0.70270000
vn -0.66340000 -0.25340000 0.70400000
vn -0.66700000 -0.24070000 0.70510000
vn -0.67050000 -0.22790000 0.70600000
vn -0.67410000 -0.21520000 0.70660000
vn -0.67760000 -0.20250000 0.70700000
vn -0.68470000 -0.17700000 0.70700000
vn -0.68830000 -0.16430000 0.70660000
vn -0.69180000 -0.15160000 0.70600000
vn -0.69530000 -0.13890000 0.70510000
vn -0.69890000 -0.12620000 0.70400000
vn -0.70240000 -0.11350000 0.70270000
vn -0.70590000 -0.10080000 0.70110000
vn -0.70950000 -0.08820000 0.69920000
vn -0.71300000 -0.07570000 0.69710000
vn -0.71650000 -0.06310000 0.69480000
vn -0.71990000 -0.05060000 0.69220000
vn -0.72340000 -0.03820000 0.68940000
vn -0.72680000 -0.02580000 0.68630000
vn -0.73030000 -0.01350000 0.68300000
vn -0.73370000 -0.00120000 0.67950000
vn -0.73710000 0.01100000 0.67570000
vn -0.74050000 0.02320000 0.67170000
vn -0.74380000 0.03520000 0.66740000
vn -0.74720000 0.04720000 0.66300000
vn -0.75040000 0.05910000 0.65830000
vn -0.75380000 0.07090000 0.65330000
vn -0.75710000 0.08260000 0.64810000
vn -0.76030000 0.09430000 0.64270000
vn -0.76350000 0.10580000 0.63710000
vn -0.76670000 0.11720000 0.63120000
vn -0.76980000 0.12850000 0.62520000
vn -0.77300000 0.13970000 0.61890000
vn -0.77610000 0.15080000 0.61240000
vn -0.77910000 0.16180000 0.60570000
vn -0.78210000 0.17270000 0.59870000
vn -0.78510000 0.18340000 0.59160000
vn -0.78810000 0.19400000 0.58420000
vn -0.79100000 0.20440000 0.57670000
vn -0.79380000 0.21480000 0.56900000
vn -0.79670000 0.22490000 0.56100000
vn -0.79950000 0.23500000 0.55280000
vn -0.80220000 0.24480000 0.54450000
vn -0.80490000 0.25460000 0.53600000
vn -0.80760000 0.26410000 0.52730000
vn -0.81020000 0.27360000 0.51840000
vn -0.81280000 0.28280000 0.50930000
vn -0.81530000 0.29190000 0.50000000
vn -0.81790000 0.30080000 0.49050000
vn -0.82030000 0.30960000 0.48100000
vn -0.82270000 0.31810000 0.47120000
vn -0.82500000 0.32660000 0.46130000
vn -0.82730000 0.33480000 0.45110000
vn -0.82950000 0.34280000 0.44090000
vn -0.83170000 0.35070000 0.43050000
vn -0.83380000 0.35830000 0.41990000
vn -0.83590000 0.36580000 0.40920000
vn -0.83800000 0.37310000 0.39830000
vn -0.83990000 0.38010000 0.38730000
vn -0.84180000 0.38700000 0.37620000
vn -0.84370000 0.39370000 0.36500000
vn -0.84550000 0.40020000 0.35360000
vn -0.84730000 0.40640000 0.34200000
vn -0.84890000 0.41250000 0.33040000
vn -0.85060000 0.41830000 0.31870000
vn -0.85210000 0.42390000 0.30680000
vn -0.85360000 0.42940000 0.29480000
vn -0.85510000 0.43460000 0.28280000
vn -0.85650000 0.43950000 0.27060000
vn -0.85780000 0.44430000 0.25830000
vn -0.85900000 0.44890000 0.24600000
vn -0.86030000 0.45320000 0.23350000
vn -0.86140000 0.45730000 0.22100000
vn -0.86250000 0.46110000 0.20840000
vn -0.86350000 0.46480000 0.19570000
vn -0.86450000 0.46820000 0.18300000
vn -0.86530000 0.47140000 0.17020000
vn -0.86610000 0.47440000 0.15740000
vn -0.86690000 0.47700000 0.14440000
vn -0.86760000 0.47960000 0.13150000
vn -0.86820000 0.48180000 0.11840000
vn -0.86880000 0.48380000 0.10540000
vn -0.86930000 0.48560000 0.09230000
vn -0.86970000 0.48710000 0.07920000
vn -0.87010000 0.48840000 0.06600000
vn -0.87040000 0.48950000 0.05280000
vn -0.87060000 0.49040000 0.03960000
vn -0.87080000 0.49090000 0.02640000
vn -0.87090000 0.49130000 0.01320000
vn -0.49150000 -0.87070000 0.01930000
vn -0.49210000 -0.86860000 0.05770000
vn -0.49250000 -0.86700000 0.07610000
vn -0.49340000 -0.86260000 0.11170000
vn -0.49310000 -0.86490000 0.09390000
vn -0.49550000 -0.85610000 0.14680000
vn -0.49460000 -0.85950000 0.12920000
vn -0.49660000 -0.85230000 0.16430000
vn -0.49900000 -0.84350000 0.19880000
vn -0.49780000 -0.84810000 0.18160000
vn -0.50200000 -0.83290000 0.23290000
vn -0.50030000 -0.83850000 0.21580000
vn -0.50360000 -0.82700000 0.24970000
vn -0.50720000 -0.81410000 0.28280000
vn -0.50530000 -0.82080000 0.26630000
vn -0.50920000 -0.80700000 0.29920000
vn -0.51130000 -0.79950000 0.31530000
vn -0.51570000 -0.78350000 0.34670000
vn -0.51350000 -0.79170000 0.33090000
vn -0.51810000 -0.77510000 0.36160000
vn -0.52060000 -0.76620000 0.37680000
vn -0.52310000 -0.75720000 0.39110000
vn -0.52570000 -0.74790000 0.40540000
vn -0.52840000 -0.73800000 0.41960000
vn -0.53120000 -0.72790000 0.43350000
vn -0.53720000 -0.70670000 0.46040000
vn -0.53410000 -0.71750000 0.44710000
vn -0.54020000 -0.69570000 0.47350000
vn -0.54670000 -0.67260000 0.49880000
vn -0.54340000 -0.68430000 0.48630000
vn -0.55000000 -0.66060000 0.51100000
vn -0.55690000 -0.63580000 0.53440000
vn -0.55310000 -0.64840000 0.52320000
vn -0.56410000 -0.60990000 0.55660000
vn -0.56050000 -0.62300000 0.54570000
vn -0.57160000 -0.58300000 0.57730000
vn -0.56780000 -0.59660000 0.56710000
vn -0.57550000 -0.56920000 0.58720000
vn -0.58330000 -0.54100000 0.60580000
vn -0.57940000 -0.55520000 0.59670000
vn -0.58730000 -0.52630000 0.61490000
vn -0.59560000 -0.49710000 0.63100000
vn -0.59150000 -0.51180000 0.62310000
vn -0.59980000 -0.48180000 0.63880000
vn -0.60830000 -0.45130000 0.65290000
vn -0.60400000 -0.46660000 0.64610000
vn -0.61270000 -0.43560000 0.65940000
vn -0.61690000 -0.42000000 0.66560000
vn -0.62590000 -0.38810000 0.67650000
vn -0.62150000 -0.40410000 0.67120000
vn -0.63040000 -0.37180000 0.68140000
vn -0.63490000 -0.35580000 0.68580000
vn -0.64400000 -0.32300000 0.69350000
vn -0.63940000 -0.33950000 0.68980000
vn -0.64890000 -0.30570000 0.69680000
vn -0.65380000 -0.28810000 0.69970000
vn -0.66360000 -0.25270000 0.70410000
vn -0.65860000 -0.27050000 0.70220000
vn -0.66840000 -0.23460000 0.70580000
vn -0.67860000 -0.19900000 0.70700000
vn -0.67350000 -0.21730000 0.70650000
vn -0.68120000 -0.18980000 0.70710000
vn -0.68620000 -0.17110000 0.70700000
vn -0.69150000 -0.15270000 0.70600000
vn -0.69660000 -0.13410000 0.70480000
vn -0.70640000 -0.09930000 0.70080000
vn -0.70160000 -0.11640000 0.70300000
vn -0.71100000 -0.08190000 0.69850000
vn -0.71590000 -0.06530000 0.69520000
vn -0.72060000 -0.04840000 0.69170000
vn -0.72990000 -0.01480000 0.68340000
vn -0.72520000 -0.03150000 0.68780000
vn -0.73450000 0.00180000 0.67860000
vn -0.73920000 0.01830000 0.67320000
vn -0.74810000 0.05080000 0.66160000
vn -0.74370000 0.03470000 0.66770000
vn -0.75260000 0.06690000 0.65510000
vn -0.76150000 0.09860000 0.64070000
vn -0.75710000 0.08270000 0.64810000
vn -0.77000000 0.12900000 0.62490000
vn -0.76580000 0.11400000 0.63290000
vn -0.77420000 0.14420000 0.61630000
vn -0.78220000 0.17290000 0.59860000
vn -0.77820000 0.15860000 0.60770000
vn -0.78610000 0.18700000 0.58910000
vn -0.79000000 0.20080000 0.57930000
vn -0.79380000 0.21440000 0.56920000
vn -0.79750000 0.22780000 0.55870000
vn -0.80470000 0.25380000 0.53670000
vn -0.80110000 0.24090000 0.54790000
vn -0.80830000 0.26640000 0.52510000
vn -0.81500000 0.29070000 0.50120000
vn -0.81160000 0.27870000 0.51340000
vn -0.81830000 0.30250000 0.48880000
vn -0.82460000 0.32510000 0.46300000
vn -0.82150000 0.31390000 0.47610000
vn -0.83050000 0.34640000 0.43620000
vn -0.82760000 0.33590000 0.44980000
vn -0.83610000 0.36640000 0.40820000
vn -0.83340000 0.35650000 0.42230000
vn -0.83870000 0.37600000 0.39390000
vn -0.84400000 0.39390000 0.36410000
vn -0.84130000 0.38510000 0.37930000
vn -0.84610000 0.40240000 0.34950000
vn -0.85050000 0.41830000 0.31880000
vn -0.84840000 0.41050000 0.33430000
vn -0.85260000 0.42560000 0.30320000
vn -0.85640000 0.43920000 0.27140000
vn -0.85460000 0.43260000 0.28740000
vn -0.85810000 0.44550000 0.25520000
vn -0.85970000 0.45140000 0.23900000
vn -0.86270000 0.46190000 0.20590000
vn -0.86130000 0.45680000 0.22250000
vn -0.86390000 0.46670000 0.18920000
vn -0.86520000 0.47090000 0.17230000
vn -0.86700000 0.47870000 0.13830000
vn -0.86630000 0.47480000 0.15540000
vn -0.86820000 0.48150000 0.12030000
vn -0.86890000 0.48430000 0.10210000
vn -0.87010000 0.48850000 0.06530000
vn -0.86950000 0.48670000 0.08390000
vn -0.87050000 0.49000000 0.04680000
vn -0.87090000 0.49140000 0.00960000
vn -0.87080000 0.49080000 0.02860000
vn 0.26840000 -0.96330000 -0.00000000
vn 0.26840000 -0.96330000 -0.00000000
vn -0.00000000 -0.00000000 -1.00000000
vn -0.00000000 -0.00000000 -1.00000000
vn -0.26840000 0.96330000 -0.00000000
vn -0.26840000 0.96330000 -0.00000000
vn 0.26820000 -0.96260000 -0.03740000
vn 0.26760000 -0.96060000 -0.07470000
vn 0.26670000 -0.95730000 -0.11200000
vn 0.26540000 -0.95260000 -0.14900000
vn 0.26370000 -0.94650000 -0.18590000
vn 0.26160000 -0.93920000 -0.22250000
vn 0.25920000 -0.93050000 -0.25880000
vn 0.25640000 -0.92050000 -0.29470000
vn 0.25330000 -0.90930000 -0.33030000
vn 0.24980000 -0.89670000 -0.36530000
vn 0.24600000 -0.88290000 -0.39990000
vn 0.24180000 -0.86790000 -0.43390000
vn 0.23720000 -0.85170000 -0.46730000
vn 0.23240000 -0.83430000 -0.50000000
vn 0.22720000 -0.81570000 -0.53200000
vn 0.22170000 -0.79590000 -0.56330000
vn 0.21590000 -0.77510000 -0.59380000
vn 0.20980000 -0.75320000 -0.62350000
vn 0.20340000 -0.73020000 -0.65230000
vn 0.19670000 -0.70620000 -0.68020000
vn 0.18980000 -0.68120000 -0.70710000
vn 0.18250000 -0.65520000 -0.73310000
vn 0.17510000 -0.62840000 -0.75800000
vn 0.16730000 -0.60060000 -0.78180000
vn 0.15930000 -0.57200000 -0.80460000
vn 0.15120000 -0.54270000 -0.82620000
vn 0.14280000 -0.51250000 -0.84670000
vn 0.13420000 -0.48170000 -0.86600000
vn 0.12540000 -0.45010000 -0.88410000
vn 0.11640000 -0.41800000 -0.90100000
vn 0.10730000 -0.38520000 -0.91660000
vn 0.09800000 -0.35190000 -0.93090000
vn 0.08860000 -0.31820000 -0.94390000
vn 0.07910000 -0.28400000 -0.95560000
vn 0.06940000 -0.24930000 -0.96590000
vn 0.05970000 -0.21440000 -0.97490000
vn 0.04990000 -0.17910000 -0.98260000
vn 0.04000000 -0.14360000 -0.98880000
vn 0.03010000 -0.10790000 -0.99370000
vn 0.02000000 -0.07200000 -0.99720000
vn 0.01000000 -0.03600000 -0.99930000
vn -0.01000000 0.03600000 -0.99930000
vn -0.02010000 0.07200000 -0.99720000
vn -0.03000000 0.10790000 -0.99370000
vn -0.04000000 0.14360000 -0.98880000
vn -0.04990000 0.17910000 -0.98260000
vn -0.05970000 0.21440000 -0.97490000
vn -0.06950000 0.24930000 -0.96590000
vn -0.07910000 0.28400000 -0.95560000
vn -0.08860000 0.31820000 -0.94390000
vn -0.09800000 0.35200000 -0.93090000
vn -0.10730000 0.38520000 -0.91660000
vn -0.11640000 0.41800000 -0.90100000
vn -0.12540000 0.45010000 -0.88410000
vn -0.13420000 0.48170000 -0.86600000
vn -0.14280000 0.51250000 -0.84670000
vn -0.15120000 0.54270000 -0.82620000
vn -0.15940000 0.57200000 -0.80460000
vn -0.16730000 0.60060000 -0.78180000
vn -0.17510000 0.62840000 -0.75790000
vn -0.18250000 0.65520000 -0.73310000
vn -0.18980000 0.68120000 -0.70710000
vn -0.19670000 0.70620000 -0.68020000
vn -0.20340000 0.73010000 -0.65230000
vn -0.20980000 0.75320000 -0.62350000
vn -0.21590000 0.77510000 -0.59380000
vn -0.22170000 0.79590000 -0.56330000
vn -0.22720000 0.81570000 -0.53200000
vn -0.23240000 0.83430000 -0.50000000
vn -0.23730000 0.85170000 -0.46730000
vn -0.24180000 0.86790000 -0.43390000
vn -0.24600000 0.88290000 -0.39990000
vn -0.24980000 0.89670000 -0.36540000
vn -0.25330000 0.90930000 -0.33030000
vn -0.25640000 0.92050000 -0.29480000
vn -0.25920000 0.93050000 -0.25880000
vn -0.26160000 0.93920000 -0.22250000
vn -0.26370000 0.94650000 -0.18590000
vn -0.26540000 0.95250000 -0.14910000
vn -0.26670000 0.95730000 -0.11200000
vn -0.26760000 0.96060000 -0.07470000
vn -0.26820000 0.96260000 -0.03740000
vn -0.26810000 0.96240000 -0.04360000
vn -0.26730000 0.95970000 -0.08720000
vn -0.26610000 0.95510000 -0.13050000
vn -0.26430000 0.94870000 -0.17360000
vn -0.26200000 0.94050000 -0.21650000
vn -0.25920000 0.93050000 -0.25880000
vn -0.25590000 0.91870000 -0.30070000
vn -0.25220000 0.90520000 -0.34200000
vn -0.24770000 0.89010000 -0.38270000
vn -0.24320000 0.87310000 -0.42260000
vn -0.23810000 0.85450000 -0.46170000
vn -0.23240000 0.83430000 -0.50000000
vn -0.22630000 0.81250000 -0.53730000
vn -0.21980000 0.78910000 -0.57360000
vn -0.21290000 0.76430000 -0.60880000
vn -0.20560000 0.73790000 -0.64280000
vn -0.19780000 0.71020000 -0.67560000
vn -0.18980000 0.68120000 -0.70710000
vn -0.18130000 0.65080000 -0.73730000
vn -0.17250000 0.61920000 -0.76600000
vn -0.16340000 0.58640000 -0.79340000
vn -0.15390000 0.55260000 -0.81910000
vn -0.14420000 0.51760000 -0.84340000
vn -0.13420000 0.48170000 -0.86600000
vn -0.12390000 0.44480000 -0.88700000
vn -0.11340000 0.40710000 -0.90630000
vn -0.10270000 0.36860000 -0.92390000
vn -0.09180000 0.32950000 -0.93970000
vn -0.08070000 0.28970000 -0.95370000
vn -0.06950000 0.24930000 -0.96590000
vn -0.05810000 0.20850000 -0.97630000
vn -0.04660000 0.16730000 -0.98480000
vn -0.03500000 0.12570000 -0.99140000
vn -0.02340000 0.08400000 -0.99620000
vn -0.01170000 0.04200000 -0.99900000
vn 0.01170000 -0.04200000 -0.99900000
vn 0.02340000 -0.08400000 -0.99620000
vn 0.03500000 -0.12570000 -0.99140000
vn 0.04660000 -0.16730000 -0.98480000
vn 0.05810000 -0.20850000 -0.97630000
vn 0.06950000 -0.24930000 -0.96590000
vn 0.08070000 -0.28970000 -0.95370000
vn 0.09180000 -0.32950000 -0.93970000
vn 0.10270000 -0.36860000 -0.92390000
vn 0.11340000 -0.40710000 -0.90630000
vn 0.12390000 -0.44480000 -0.88700000
vn 0.13420000 -0.48170000 -0.86600000
vn 0.14420000 -0.51760000 -0.84340000
vn 0.15390000 -0.55250000 -0.81920000
vn 0.16340000 -0.58640000 -0.79340000
vn 0.17250000 -0.61920000 -0.76600000
vn 0.18130000 -0.65080000 -0.73730000
vn 0.18980000 -0.68120000 -0.70710000
vn 0.19780000 -0.71020000 -0.67560000
vn 0.20560000 -0.73790000 -0.64280000
vn 0.21290000 -0.76420000 -0.60880000
vn 0.21980000 -0.78910000 -0.57360000
vn 0.22630000 -0.81250000 -0.53730000
vn 0.23240000 -0.83430000 -0.50000000
vn 0.23800000 -0.85450000 -0.46170000
vn 0.24320000 -0.87310000 -0.42260000
vn 0.24790000 -0.89000000 -0.38270000
vn 0.25220000 -0.90520000 -0.34200000
vn 0.25590000 -0.91870000 -0.30070000
vn 0.25920000 -0.93050000 -0.25880000
vn 0.26200000 -0.94050000 -0.21640000
vn 0.26430000 -0.94870000 -0.17360000
vn 0.26610000 -0.95510000 -0.13050000
vn 0.26740000 -0.95960000 -0.08710000
vn 0.26810000 -0.96240000 -0.04360000
vn -0.26840000 0.96330000 -0.00000000
vn -0.26840000 0.96330000 -0.00000000
vn -0.00000000 -0.00010000 1.00000000
vn -0.00000000 -0.00000000 1.00000000
vn 0.26840000 -0.96330000 -0.00000000
vn 0.26840000 -0.96330000 -0.00000000
vn -0.26830000 0.96320000 0.01870000
vn -0.26820000 0.96260000 0.03740000
vn -0.26800000 0.96180000 0.05610000
vn -0.26760000 0.96060000 0.07470000
vn -0.26720000 0.95910000 0.09330000
vn -0.26670000 0.95730000 0.11200000
vn -0.26600000 0.95510000 0.13050000
vn -0.26540000 0.95260000 0.14900000
vn -0.26460000 0.94970000 0.16750000
vn -0.26370000 0.94650000 0.18590000
vn -0.26270000 0.94300000 0.20430000
vn -0.26160000 0.93920000 0.22250000
vn -0.26050000 0.93500000 0.24070000
vn -0.25910000 0.93050000 0.25880000
vn -0.25790000 0.92570000 0.27680000
vn -0.25640000 0.92050000 0.29480000
vn -0.25490000 0.91500000 0.31260000
vn -0.25330000 0.90930000 0.33030000
vn -0.25160000 0.90310000 0.34790000
vn -0.24980000 0.89670000 0.36530000
vn -0.24790000 0.88990000 0.38280000
vn -0.24600000 0.88290000 0.39990000
vn -0.24390000 0.87560000 0.41700000
vn -0.24180000 0.86790000 0.43390000
vn -0.23960000 0.85990000 0.45070000
vn -0.23730000 0.85170000 0.46730000
vn -0.23490000 0.84310000 0.48370000
vn -0.23250000 0.83420000 0.50000000
vn -0.22990000 0.82510000 0.51610000
vn -0.22720000 0.81570000 0.53200000
vn -0.22450000 0.80590000 0.54780000
vn -0.22170000 0.79590000 0.56330000
vn -0.21890000 0.78560000 0.57870000
vn -0.21590000 0.77510000 0.59380000
vn -0.21290000 0.76420000 0.60880000
vn -0.20980000 0.75310000 0.62350000
vn -0.20660000 0.74180000 0.63800000
vn -0.20340000 0.73020000 0.65230000
vn -0.20010000 0.71830000 0.66630000
vn -0.19670000 0.70620000 0.68020000
vn -0.19330000 0.69380000 0.69380000
vn -0.18980000 0.68100000 0.70720000
vn -0.18620000 0.66830000 0.72020000
vn -0.18250000 0.65520000 0.73310000
vn -0.17880000 0.64190000 0.74560000
vn -0.17500000 0.62840000 0.75800000
vn -0.17120000 0.61460000 0.77000000
vn -0.16730000 0.60060000 0.78180000
vn -0.16340000 0.58640000 0.79340000
vn -0.15940000 0.57200000 0.80460000
vn -0.15530000 0.55740000 0.81560000
vn -0.15120000 0.54270000 0.82620000
vn -0.14700000 0.52770000 0.83660000
vn -0.14280000 0.51250000 0.84670000
vn -0.13850000 0.49720000 0.85650000
vn -0.13430000 0.48160000 0.86610000
vn -0.12980000 0.46600000 0.87520000
vn -0.12540000 0.45010000 0.88410000
vn -0.12090000 0.43410000 0.89270000
vn -0.11650000 0.41800000 0.90100000
vn -0.11190000 0.40170000 0.90890000
vn -0.10730000 0.38520000 0.91660000
vn -0.10270000 0.36870000 0.92390000
vn -0.09810000 0.35190000 0.93090000
vn -0.09330000 0.33510000 0.93760000
vn -0.08860000 0.31820000 0.94390000
vn -0.08390000 0.30110000 0.94990000
vn -0.07910000 0.28390000 0.95560000
vn -0.07430000 0.26670000 0.96090000
vn -0.06950000 0.24930000 0.96590000
vn -0.06460000 0.23190000 0.97060000
vn -0.05970000 0.21440000 0.97490000
vn -0.05480000 0.19670000 0.97890000
vn -0.04990000 0.17910000 0.98260000
vn -0.04490000 0.16140000 0.98590000
vn -0.04000000 0.14360000 0.98880000
vn -0.03500000 0.12570000 0.99140000
vn -0.03000000 0.10790000 0.99370000
vn -0.02510000 0.08990000 0.99560000
vn -0.02010000 0.07200000 0.99720000
vn -0.01510000 0.05400000 0.99840000
vn -0.01000000 0.03600000 0.99930000
vn -0.00500000 0.01800000 0.99980000
vn 0.00500000 -0.01800000 0.99980000
vn 0.01000000 -0.03600000 0.99930000
vn 0.01510000 -0.05400000 0.99840000
vn 0.02000000 -0.07200000 0.99720000
vn 0.02510000 -0.08990000 0.99560000
vn 0.03000000 -0.10790000 0.99370000
vn 0.03500000 -0.12570000 0.99140000
vn 0.04000000 -0.14360000 0.98880000
vn 0.04490000 -0.16140000 0.98590000
vn 0.04990000 -0.17910000 0.98260000
vn 0.05480000 -0.19680000 0.97890000
vn 0.05970000 -0.21440000 0.97490000
vn 0.06460000 -0.23190000 0.97060000
vn 0.06950000 -0.24930000 0.96590000
vn 0.07430000 -0.26670000 0.96090000
vn 0.07910000 -0.28390000 0.95560000
vn 0.08390000 -0.30110000 0.94990000
vn 0.08870000 -0.31820000 0.94390000
vn 0.09330000 -0.33510000 0.93750000
vn 0.09800000 -0.35190000 0.93090000
vn 0.10280000 -0.36860000 0.92390000
vn 0.10730000 -0.38520000 0.91660000
vn 0.11190000 -0.40170000 0.90890000
vn 0.11640000 -0.41800000 0.90100000
vn 0.12090000 -0.43410000 0.89270000
vn 0.12540000 -0.45010000 0.88410000
vn 0.12980000 -0.46600000 0.87520000
vn 0.13420000 -0.48150000 0.86610000
vn 0.13850000 -0.49720000 0.85650000
vn 0.14280000 -0.51250000 0.84670000
vn 0.14700000 -0.52770000 0.83660000
vn 0.15110000 -0.54270000 0.82620000
vn 0.15530000 -0.55750000 0.81560000
vn 0.15940000 -0.57200000 0.80460000
vn 0.16340000 -0.58650000 0.79330000
vn 0.16730000 -0.60060000 0.78180000
vn 0.17120000 -0.61460000 0.77000000
vn 0.17500000 -0.62840000 0.75800000
vn 0.17880000 -0.64190000 0.74560000
vn 0.18250000 -0.65530000 0.73300000
vn 0.18620000 -0.66830000 0.72020000
vn 0.18980000 -0.68110000 0.70720000
vn 0.19330000 -0.69380000 0.69380000
vn 0.19670000 -0.70620000 0.68020000
vn 0.20010000 -0.71830000 0.66630000
vn 0.20340000 -0.73020000 0.65230000
vn 0.20660000 -0.74180000 0.63800000
vn 0.20980000 -0.75320000 0.62350000
vn 0.21280000 -0.76440000 0.60860000
vn 0.21590000 -0.77510000 0.59380000
vn 0.21880000 -0.78560000 0.57870000
vn 0.22170000 -0.79590000 0.56330000
vn 0.22450000 -0.80590000 0.54780000
vn 0.22720000 -0.81570000 0.53200000
vn 0.22990000 -0.82510000 0.51610000
vn 0.23230000 -0.83430000 0.50000000
vn 0.23490000 -0.84310000 0.48370000
vn 0.23720000 -0.85170000 0.46730000
vn 0.23960000 -0.85990000 0.45070000
vn 0.24180000 -0.86790000 0.43390000
vn 0.24390000 -0.87560000 0.41700000
vn 0.24600000 -0.88290000 0.39990000
vn 0.24790000 -0.89000000 0.38260000
vn 0.24980000 -0.89670000 0.36530000
vn 0.25160000 -0.90310000 0.34790000
vn 0.25330000 -0.90930000 0.33030000
vn 0.25490000 -0.91510000 0.31260000
vn 0.25650000 -0.92050000 0.29480000
vn 0.25790000 -0.92570000 0.27680000
vn 0.25920000 -0.93050000 0.25880000
vn 0.26040000 -0.93500000 0.24070000
vn 0.26160000 -0.93920000 0.22250000
vn 0.26270000 -0.94300000 0.20430000
vn 0.26370000 -0.94650000 0.18590000
vn 0.26460000 -0.94970000 0.16750000
vn 0.26530000 -0.95260000 0.14900000
vn 0.26600000 -0.95510000 0.13050000
vn 0.26670000 -0.95730000 0.11200000
vn 0.26720000 -0.95910000 0.09330000
vn 0.26760000 -0.96060000 0.07470000
vn 0.26790000 -0.96180000 0.05610000
vn 0.26820000 -0.96260000 0.03740000
vn 0.26830000 -0.96320000 0.01870000
vn 0.26810000 -0.96240000 0.04360000
vn 0.26740000 -0.95960000 0.08720000
vn 0.26610000 -0.95510000 0.13050000
vn 0.26430000 -0.94870000 0.17360000
vn 0.26200000 -0.94050000 0.21640000
vn 0.25920000 -0.93050000 0.25880000
vn 0.25590000 -0.91870000 0.30070000
vn 0.25220000 -0.90520000 0.34200000
vn 0.24800000 -0.89000000 0.38270000
vn 0.24320000 -0.87310000 0.42250000
vn 0.23800000 -0.85450000 0.46170000
vn 0.23240000 -0.83430000 0.49990000
vn 0.22640000 -0.81240000 0.53730000
vn 0.21990000 -0.78910000 0.57360000
vn 0.21290000 -0.76430000 0.60880000
vn 0.20560000 -0.73790000 0.64280000
vn 0.19790000 -0.71020000 0.67560000
vn 0.18980000 -0.68120000 0.70710000
vn 0.18130000 -0.65080000 0.73730000
vn 0.17250000 -0.61920000 0.76600000
vn 0.16340000 -0.58640000 0.79340000
vn 0.15390000 -0.55250000 0.81920000
vn 0.14420000 -0.51760000 0.84340000
vn 0.13420000 -0.48170000 0.86600000
vn 0.12390000 -0.44480000 0.88700000
vn 0.11340000 -0.40710000 0.90630000
vn 0.10270000 -0.36860000 0.92390000
vn 0.09180000 -0.32950000 0.93970000
vn 0.08070000 -0.28970000 0.95370000
vn 0.06950000 -0.24930000 0.96590000
vn 0.05810000 -0.20850000 0.97630000
vn 0.04660000 -0.16730000 0.98480000
vn 0.03500000 -0.12570000 0.99150000
vn 0.02340000 -0.08400000 0.99620000
vn 0.01170000 -0.04200000 0.99900000
vn -0.01170000 0.04200000 0.99900000
vn -0.02340000 0.08400000 0.99620000
vn -0.03500000 0.12570000 0.99140000
vn -0.04660000 0.16730000 0.98480000
vn -0.05810000 0.20850000 0.97630000
vn -0.06950000 0.24930000 0.96590000
vn -0.08070000 0.28970000 0.95370000
vn -0.09180000 0.32950000 0.93970000
vn -0.10270000 0.36860000 0.92390000
vn -0.11340000 0.40710000 0.90630000
vn -0.12390000 0.44480000 0.88700000
vn -0.13420000 0.48170000 0.86600000
vn -0.14420000 0.51760000 0.84340000
vn -0.15390000 0.55250000 0.81920000
vn -0.16340000 0.58640000 0.79340000
vn -0.17250000 0.61920000 0.76600000
vn -0.18130000 0.65080000 0.73730000
vn -0.18970000 0.68120000 0.70710000
vn -0.19780000 0.71020000 0.67560000
vn -0.20560000 0.73790000 0.64280000
vn -0.21290000 0.76420000 0.60880000
vn -0.21980000 0.78910000 0.57360000
vn -0.22630000 0.81250000 0.53730000
vn -0.23240000 0.83430000 0.50000000
vn -0.23800000 0.85450000 0.46170000
vn -0.24320000 0.87310000 0.42260000
vn -0.24790000 0.89000000 0.38270000
vn -0.25210000 0.90520000 0.34200000
vn -0.25600000 0.91870000 0.30070000
vn -0.25920000 0.93050000 0.25880000
vn -0.26200000 0.94050000 0.21640000
vn -0.26420000 0.94870000 0.17360000
vn -0.26610000 0.95510000 0.13050000
vn -0.26730000 0.95970000 0.08720000
vn -0.26810000 0.96240000 0.04360000
vn 0.97350000 0.22860000 -0.00000000
vn 0.97350000 0.22860000 -0.00000000
vn 0.96250000 0.26820000 -0.04110000
vn 0.95150000 0.30760000 -0.00010000
vn 0.95150000 0.30760000 -0.00040000
vn 0.97350000 0.22880000 -0.00140000
vn 0.97350000 0.22880000 -0.00340000
vn 0.97340000 0.22900000 -0.00520000
vn 0.97340000 0.22920000 -0.00710000
vn 0.97330000 0.22950000 -0.00890000
vn 0.97320000 0.22990000 -0.01080000
vn 0.97300000 0.23040000 -0.01230000
vn 0.97280000 0.23120000 -0.01380000
vn 0.97270000 0.23150000 -0.01590000
vn 0.97250000 0.23220000 -0.01740000
vn 0.97240000 0.23270000 -0.01910000
vn 0.97200000 0.23390000 -0.02030000
vn 0.97180000 0.23480000 -0.02210000
vn 0.97150000 0.23570000 -0.02370000
vn 0.97120000 0.23700000 -0.02510000
vn 0.97100000 0.23780000 -0.02640000
vn 0.97060000 0.23900000 -0.02770000
vn 0.97030000 0.24010000 -0.02880000
vn 0.96990000 0.24140000 -0.03040000
vn 0.96960000 0.24250000 -0.03140000
vn 0.96920000 0.24410000 -0.03270000
vn 0.96890000 0.24520000 -0.03340000
vn 0.96840000 0.24700000 -0.03460000
vn 0.96800000 0.24840000 -0.03590000
vn 0.96760000 0.24990000 -0.03640000
vn 0.96710000 0.25150000 -0.03720000
vn 0.96680000 0.25290000 -0.03780000
vn 0.96630000 0.25460000 -0.03860000
vn 0.96580000 0.25630000 -0.03920000
vn 0.96530000 0.25830000 -0.03930000
vn 0.96490000 0.25960000 -0.03990000
vn 0.96440000 0.26150000 -0.04020000
vn 0.96390000 0.26310000 -0.04080000
vn 0.96350000 0.26470000 -0.04080000
vn 0.96300000 0.26620000 -0.04100000
vn 0.96200000 0.26980000 -0.04100000
vn 0.96160000 0.27130000 -0.04080000
vn 0.96100000 0.27340000 -0.04070000
vn 0.96060000 0.27500000 -0.04050000
vn 0.96010000 0.27670000 -0.04010000
vn 0.95960000 0.27850000 -0.03970000
vn 0.95920000 0.28000000 -0.03920000
vn 0.95870000 0.28180000 -0.03830000
vn 0.95850000 0.28270000 -0.03790000
vn 0.95790000 0.28480000 -0.03720000
vn 0.95740000 0.28640000 -0.03640000
vn 0.95700000 0.28800000 -0.03550000
vn 0.95660000 0.28940000 -0.03480000
vn 0.95620000 0.29090000 -0.03360000
vn 0.95580000 0.29230000 -0.03250000
vn 0.95550000 0.29330000 -0.03150000
vn 0.95510000 0.29490000 -0.03030000
vn 0.95480000 0.29590000 -0.02910000
vn 0.95440000 0.29730000 -0.02780000
vn 0.95410000 0.29840000 -0.02640000
vn 0.95380000 0.29960000 -0.02490000
vn 0.95350000 0.30050000 -0.02360000
vn 0.95320000 0.30150000 -0.02200000
vn 0.95300000 0.30240000 -0.02050000
vn 0.95280000 0.30310000 -0.01900000
vn 0.95240000 0.30440000 -0.01740000
vn 0.95220000 0.30500000 -0.01570000
vn 0.95220000 0.30500000 -0.01430000
vn 0.95200000 0.30580000 -0.01230000
vn 0.95180000 0.30640000 -0.01050000
vn 0.95180000 0.30670000 -0.00890000
vn 0.95170000 0.30710000 -0.00710000
vn 0.95160000 0.30740000 -0.00520000
vn 0.95150000 0.30750000 -0.00350000
vn 0.95150000 0.30760000 -0.00210000
vn 0.95150000 0.30770000 -0.00030000
vn 0.95140000 0.30780000 -0.00320000
vn 0.95170000 0.30710000 -0.00570000
vn 0.95170000 0.30700000 -0.00880000
vn 0.95190000 0.30630000 -0.01060000
vn 0.95210000 0.30540000 -0.01330000
vn 0.95230000 0.30490000 -0.01600000
vn 0.95270000 0.30320000 -0.01830000
vn 0.95300000 0.30230000 -0.02080000
vn 0.95340000 0.30090000 -0.02310000
vn 0.95390000 0.29920000 -0.02510000
vn 0.95420000 0.29780000 -0.02740000
vn 0.95480000 0.29580000 -0.02910000
vn 0.95520000 0.29430000 -0.03130000
vn 0.95580000 0.29210000 -0.03260000
vn 0.95640000 0.29000000 -0.03440000
vn 0.95710000 0.28750000 -0.03550000
vn 0.95770000 0.28540000 -0.03650000
vn 0.95830000 0.28310000 -0.03810000
vn 0.95900000 0.28070000 -0.03910000
vn 0.95970000 0.27820000 -0.04000000
vn 0.96040000 0.27560000 -0.04040000
vn 0.96120000 0.27300000 -0.04010000
vn 0.96180000 0.27050000 -0.04120000
vn 0.96240000 0.26860000 -0.04120000
vn 0.96330000 0.26520000 -0.04070000
vn 0.96400000 0.26280000 -0.04080000
vn 0.96470000 0.26050000 -0.04000000
vn 0.96540000 0.25770000 -0.03980000
vn 0.96610000 0.25520000 -0.03870000
vn 0.96680000 0.25260000 -0.03760000
vn 0.96750000 0.25020000 -0.03710000
vn 0.96810000 0.24820000 -0.03560000
vn 0.96870000 0.24600000 -0.03440000
vn 0.96930000 0.24390000 -0.03260000
vn 0.96980000 0.24180000 -0.03090000
vn 0.97030000 0.24000000 -0.02910000
vn 0.97080000 0.23820000 -0.02700000
vn 0.97120000 0.23690000 -0.02480000
vn 0.97170000 0.23530000 -0.02310000
vn 0.97210000 0.23350000 -0.02110000
vn 0.97240000 0.23250000 -0.01810000
vn 0.97270000 0.23160000 -0.01610000
vn 0.97300000 0.23060000 -0.01310000
vn 0.97310000 0.23000000 -0.01000000
vn 0.97340000 0.22910000 -0.00790000
vn 0.97340000 0.22910000 -0.00530000
vn 0.97340000 0.22900000 -0.00270000
vn 0.95150000 0.30770000 -0.00050000
vn 0.95150000 0.30770000 -0.00170000
vn 0.95150000 0.30770000 -0.00190000
vn 0.95150000 0.30760000 -0.00090000
vn 0.95140000 0.30780000 -0.00100000
vn 0.97350000 0.22890000 -0.00010000
vn 0.95150000 0.30770000 -0.00000000
vn 0.95150000 0.30770000 -0.00000000
vn 0.96250000 0.26830000 0.04100000
vn 0.97350000 0.22860000 0.00010000
vn 0.97350000 0.22870000 0.00010000
vn 0.95150000 0.30760000 0.00170000
vn 0.95160000 0.30740000 0.00320000
vn 0.95160000 0.30730000 0.00520000
vn 0.95160000 0.30710000 0.00720000
vn 0.95180000 0.30670000 0.00890000
vn 0.95190000 0.30630000 0.01050000
vn 0.95200000 0.30590000 0.01230000
vn 0.95220000 0.30530000 0.01410000
vn 0.95230000 0.30460000 0.01550000
vn 0.95250000 0.30400000 0.01730000
vn 0.95270000 0.30320000 0.01910000
vn 0.95300000 0.30230000 0.02040000
vn 0.95320000 0.30150000 0.02210000
vn 0.95340000 0.30060000 0.02360000
vn 0.95390000 0.29900000 0.02540000
vn 0.95410000 0.29840000 0.02640000
vn 0.95440000 0.29730000 0.02780000
vn 0.95470000 0.29600000 0.02970000
vn 0.95510000 0.29490000 0.03050000
vn 0.95550000 0.29340000 0.03160000
vn 0.95580000 0.29210000 0.03270000
vn 0.95620000 0.29080000 0.03360000
vn 0.95660000 0.28930000 0.03460000
vn 0.95700000 0.28780000 0.03570000
vn 0.95740000 0.28640000 0.03640000
vn 0.95790000 0.28480000 0.03720000
vn 0.95830000 0.28320000 0.03800000
vn 0.95870000 0.28170000 0.03860000
vn 0.95920000 0.28010000 0.03920000
vn 0.95970000 0.27820000 0.03970000
vn 0.96010000 0.27670000 0.04010000
vn 0.96060000 0.27500000 0.04020000
vn 0.96110000 0.27320000 0.04060000
vn 0.96160000 0.27140000 0.04090000
vn 0.96200000 0.27000000 0.04100000
vn 0.96300000 0.26640000 0.04100000
vn 0.96350000 0.26460000 0.04090000
vn 0.96400000 0.26280000 0.04060000
vn 0.96450000 0.26110000 0.04030000
vn 0.96480000 0.25970000 0.04030000
vn 0.96530000 0.25800000 0.04010000
vn 0.96580000 0.25640000 0.03920000
vn 0.96630000 0.25460000 0.03860000
vn 0.96680000 0.25290000 0.03790000
vn 0.96720000 0.25110000 0.03730000
vn 0.96760000 0.24980000 0.03640000
vn 0.96800000 0.24830000 0.03530000
vn 0.96840000 0.24690000 0.03470000
vn 0.96890000 0.24520000 0.03360000
vn 0.96910000 0.24440000 0.03260000
vn 0.96960000 0.24280000 0.03160000
vn 0.97000000 0.24140000 0.03030000
vn 0.97040000 0.23990000 0.02910000
vn 0.97060000 0.23900000 0.02780000
vn 0.97100000 0.23780000 0.02610000
vn 0.97130000 0.23670000 0.02490000
vn 0.97160000 0.23560000 0.02340000
vn 0.97180000 0.23480000 0.02200000
vn 0.97200000 0.23400000 0.02060000
vn 0.97240000 0.23270000 0.01890000
vn 0.97260000 0.23200000 0.01720000
vn 0.97270000 0.23140000 0.01570000
vn 0.97280000 0.23140000 0.01380000
vn 0.97290000 0.23070000 0.01230000
vn 0.97320000 0.22990000 0.01050000
vn 0.97330000 0.22950000 0.00890000
vn 0.97340000 0.22900000 0.00720000
vn 0.97340000 0.22890000 0.00530000
vn 0.97350000 0.22890000 0.00380000
vn 0.97340000 0.22910000 0.00170000
vn 0.95150000 0.30770000 -0.00000000
vn 0.97350000 0.22860000 0.00010000
vn 0.97350000 0.22890000 0.00040000
vn 0.97350000 0.22850000 0.00320000
vn 0.97350000 0.22860000 0.00570000
vn 0.97330000 0.22950000 0.00820000
vn 0.97320000 0.22960000 0.01090000
vn 0.97290000 0.23070000 0.01360000
vn 0.97270000 0.23160000 0.01600000
vn 0.97240000 0.23240000 0.01840000
vn 0.97200000 0.23420000 0.02070000
vn 0.97160000 0.23530000 0.02340000
vn 0.97120000 0.23680000 0.02530000
vn 0.97080000 0.23850000 0.02730000
vn 0.97030000 0.24020000 0.02950000
vn 0.96970000 0.24220000 0.03120000
vn 0.96920000 0.24410000 0.03280000
vn 0.96860000 0.24630000 0.03440000
vn 0.96780000 0.24910000 0.03630000
vn 0.96730000 0.25090000 0.03730000
vn 0.96670000 0.25320000 0.03810000
vn 0.96590000 0.25600000 0.03920000
vn 0.96530000 0.25800000 0.03970000
vn 0.96460000 0.26080000 0.04030000
vn 0.96390000 0.26310000 0.04090000
vn 0.96320000 0.26560000 0.04090000
vn 0.96250000 0.26830000 0.04120000
vn 0.96180000 0.27070000 0.04060000
vn 0.96100000 0.27350000 0.04080000
vn 0.96030000 0.27610000 0.04030000
vn 0.95970000 0.27830000 0.03970000
vn 0.95900000 0.28090000 0.03840000
vn 0.95840000 0.28300000 0.03760000
vn 0.95760000 0.28580000 0.03680000
vn 0.95690000 0.28810000 0.03560000
vn 0.95630000 0.29030000 0.03410000
vn 0.95570000 0.29250000 0.03220000
vn 0.95520000 0.29430000 0.03120000
vn 0.95470000 0.29630000 0.02910000
vn 0.95400000 0.29850000 0.02690000
vn 0.95380000 0.29940000 0.02520000
vn 0.95330000 0.30120000 0.02280000
vn 0.95300000 0.30230000 0.02040000
vn 0.95260000 0.30380000 0.01810000
vn 0.95220000 0.30490000 0.01580000
vn 0.95200000 0.30570000 0.01310000
vn 0.95180000 0.30650000 0.01060000
vn 0.95180000 0.30660000 0.00810000
vn 0.95170000 0.30690000 0.00530000
vn 0.95160000 0.30740000 0.00270000
vn 0.97350000 0.22870000 0.00200000
vn 0.97350000 0.22860000 0.00190000
vn 0.97350000 0.22870000 0.00090000
vn 0.97360000 0.22840000 0.00110000
vn 0.96340000 0.26810000 0.00010000
vn 0.96330000 0.26840000 -0.00000000
vn 0.96330000 0.26840000 -0.00000000
vn 0.96330000 0.26830000 0.00010000
vn 0.96330000 0.26830000 -0.00000000
vn 0.96330000 0.26840000 -0.00000000
vn 0.96330000 0.26860000 -0.00000000
vn 0.96330000 0.26830000 -0.00000000
vn 0.96330000 0.26840000 -0.00000000
vn 0.96330000 0.26850000 -0.00000000
vn 0.96330000 0.26840000 -0.00000000
vn 0.96330000 0.26850000 0.00010000
vn 0.96330000 0.26850000 -0.00000000
vn 0.96330000 0.26850000 -0.00000000
vn 0.96330000 0.26840000 -0.00000000
vn 0.96330000 0.26840000 -0.00000000
vn 0.96330000 0.26840000 -0.00000000
vn 0.96330000 0.26860000 -0.00000000
vn 0.96330000 0.26840000 -0.00000000
vn 0.96330000 0.26840000 -0.00000000
vn 0.96330000 0.26830000 -0.00000000
vn 0.96330000 0.26840000 -0.00000000
vn 0.96330000 0.26840000 -0.00020000
vn 0.96330000 0.26830000 -0.00000000
vn 0.96330000 0.26850000 -0.00000000
vn 0.96330000 0.26830000 0.00020000
vn 0.96330000 0.26840000 0.00010000
vn 0.96330000 0.26840000 -0.00000000
vn 0.96330000 0.26840000 0.00020000
vn 0.96330000 0.26840000 -0.00010000
vn 0.96330000 0.26840000 -0.00020000
vn 0.96330000 0.26830000 0.00010000
vn 0.96330000 0.26830000 0.00020000
vn 0.96330000 0.26850000 -0.00000000
vn 0.96330000 0.26850000 0.00020000
vn 0.96330000 0.26840000 -0.00000000
vn 0.96330000 0.26840000 -0.00000000
vn 0.96330000 0.26830000 -0.00000000
vn 0.96330000 0.26850000 -0.00020000
vn 0.96330000 0.26840000 -0.00000000
vn 0.96330000 0.26830000 -0.00000000
vn 0.96320000 0.26870000 -0.00000000
vn 0.96330000 0.26840000 -0.00000000
vn 0.96330000 0.26850000 -0.00000000
vn 0.96320000 0.26890000 0.00020000
vn 0.96330000 0.26840000 -0.00000000
vn 0.96330000 0.26850000 -0.00010000
vn 0.96330000 0.26840000 -0.00000000
vn 0.96330000 0.26850000 -0.00030000
vn 0.96340000 0.26810000 0.00010000
vn 0.96330000 0.26830000 -0.00000000
vn 0.96330000 0.26840000 -0.00020000
vn 0.96330000 0.26840000 0.00020000
vn 0.96330000 0.26850000 -0.00000000
vn 0.96330000 0.26850000 -0.00020000
vn 0.96330000 0.26840000 -0.00000000
vn 0.96330000 0.26850000 0.00010000
vn 0.96330000 0.26830000 -0.00000000
vn 0.96330000 0.26840000 -0.00000000
vn 0.96330000 0.26830000 -0.00000000
vn 0.96330000 0.26850000 -0.00000000
vn 0.96330000 0.26840000 -0.00020000
vn 0.96330000 0.26840000 -0.00000000
vn 0.96330000 0.26840000 0.00020000
vn 0.96330000 0.26850000 -0.00000000
vn 0.96330000 0.26830000 -0.00020000
vn 0.96330000 0.26830000 -0.00000000
vn 0.96330000 0.26840000 -0.00000000
vn 0.96330000 0.26850000 -0.00020000
vn 0.96330000 0.26840000 0.00020000
vn 0.96330000 0.26840000 -0.00000000
vn 0.96330000 0.26840000 -0.00000000
vn 0.96330000 0.26840000 0.00020000
vn 0.96330000 0.26830000 -0.00000000
vn 0.96330000 0.26840000 -0.00020000
vn 0.96330000 0.26860000 0.00010000
vn 0.96330000 0.26830000 -0.00020000
vn 0.96330000 0.26830000 -0.00000000
vn 0.96330000 0.26840000 0.00020000
vn 0.96330000 0.26830000 -0.00000000
vn 0.96330000 0.26830000 0.00020000
vn 0.96330000 0.26840000 -0.00000000
vn 0.96330000 0.26840000 -0.00000000
vn 0.96330000 0.26850000 -0.00000000
vn 0.96330000 0.26840000 -0.00020000
vn 0.96330000 0.26830000 0.00010000
vn 0.96330000 0.26850000 0.00020000
vn 0.96330000 0.26850000 -0.00000000
vn 0.96330000 0.26830000 -0.00000000
vn 0.96330000 0.26850000 -0.00050000
vn 0.96330000 0.26840000 -0.00000000
vn 0.96330000 0.26830000 -0.00000000
vn 0.96340000 0.26800000 0.00010000
vn 0.96330000 0.26830000 -0.00000000
vn 0.96330000 0.26830000 -0.00000000
vn 0.96330000 0.26830000 -0.00000000
vn 0.96330000 0.26830000 0.00010000
vn 0.96330000 0.26850000 -0.00020000
vn 0.96330000 0.26830000 -0.00000000
vn 0.96330000 0.26830000 -0.00020000
vn 0.96340000 0.26820000 -0.00000000
vn 0.96330000 0.26850000 -0.00030000
vn 0.96330000 0.26830000 -0.00000000
vn 0.96330000 0.26830000 -0.00000000
vn 0.96330000 0.26840000 -0.00000000
vn 0.96340000 0.26820000 0.00010000
vn 0.96330000 0.26830000 -0.00000000
vn 0.96330000 0.26840000 -0.00000000
vn 0.96340000 0.26820000 0.00030000
vn 0.96330000 0.26840000 -0.00000000
vn 0.96330000 0.26860000 0.00030000
vn 0.96330000 0.26840000 -0.00000000
vn 0.96330000 0.26850000 -0.00000000
vn 0.96330000 0.26850000 -0.00030000
vn 0.96330000 0.26840000 -0.00040000
vn 0.96330000 0.26840000 -0.00000000
vn 0.96340000 0.26810000 0.00040000
vn 0.96330000 0.26840000 -0.00000000
vn 0.96330000 0.26830000 -0.00000000
vn 0.96330000 0.26840000 -0.00000000
vn 0.96330000 0.26840000 -0.00000000
vn 0.96330000 0.26840000 -0.00020000
vn 0.96330000 0.26840000 -0.00000000
vn 0.96330000 0.26830000 -0.00000000
vn 0.96330000 0.26840000 -0.00000000
vn 0.96330000 0.26830000 -0.00000000
vn 0.96330000 0.26840000 -0.00020000
vn 0.96330000 0.26840000 -0.00000000
vn 0.96330000 0.26840000 -0.00000000
vn 0.96330000 0.26840000 -0.00000000
vn 0.96330000 0.26850000 -0.00000000
vn 0.96330000 0.26840000 -0.00000000
vn 0.96330000 0.26850000 0.00020000
vn 0.96330000 0.26840000 -0.00000000
vn 0.96330000 0.26840000 -0.00010000
vn 0.96330000 0.26830000 -0.00000000
vn 0.96320000 0.26870000 -0.00000000
vn 0.96330000 0.26830000 -0.00000000
vn 0.96330000 0.26840000 -0.00000000
vn 0.96330000 0.26850000 -0.00040000
vn 0.96330000 0.26830000 -0.00010000
vn 0.96330000 0.26840000 -0.00000000
vn 0.96330000 0.26850000 -0.00030000
vn 0.96330000 0.26830000 -0.00000000
vn 0.96330000 0.26840000 -0.00020000
vn 0.96320000 0.26860000 -0.00000000
vn 0.96320000 0.26870000 -0.00000000
vn 0.96330000 0.26830000 -0.00000000
vn 0.96330000 0.26840000 -0.00000000
vn 0.96330000 0.26840000 -0.00000000
vn 0.96330000 0.26850000 -0.00010000
vn 0.96330000 0.26840000 -0.00000000
vn 0.96330000 0.26840000 -0.00000000
vn 0.96330000 0.26840000 -0.00000000
vn 0.96330000 0.26840000 -0.00000000
vn 0.96330000 0.26840000 -0.00000000
vn 0.96330000 0.26840000 0.00020000
vn 0.96330000 0.26830000 -0.00020000
vn 0.96330000 0.26840000 -0.00000000
vn 0.96330000 0.26840000 0.00020000
vn 0.96330000 0.26830000 -0.00000000
vn 0.96330000 0.26840000 0.00010000
vn 0.96330000 0.26840000 -0.00010000
vn 0.96330000 0.26830000 -0.00000000
vn 0.96330000 0.26840000 -0.00000000
vn 0.96330000 0.26850000 0.00020000
vn 0.96330000 0.26840000 -0.00000000
vn 0.96330000 0.26860000 -0.00000000
vn 0.96330000 0.26830000 -0.00000000
vn 0.96330000 0.26830000 -0.00000000
vn 0.96330000 0.26840000 -0.00000000
vn 0.96330000 0.26850000 0.00010000
vn 0.96340000 0.26800000 -0.00010000
vn 0.96330000 0.26840000 -0.00020000
vn 0.96330000 0.26860000 -0.00020000
vn 0.96330000 0.26840000 -0.00000000
vn 0.96330000 0.26830000 -0.00000000
vn 0.96330000 0.26830000 -0.00000000
vn 0.96330000 0.26840000 -0.00000000
vn 0.96330000 0.26850000 -0.00000000
vn 0.96330000 0.26850000 -0.00040000
vn 0.96330000 0.26850000 0.00030000
vn 0.87090000 -0.49140000 -0.00000000
vn 0.87090000 -0.49140000 -0.00000000
vn 0.68120000 0.18980000 0.70710000
vn 0.49140000 0.87090000 -0.00000000
vn 0.49140000 0.87090000 -0.00000000
vn 0.49200000 0.86910000 0.05160000
vn 0.49300000 0.86390000 0.10310000
vn 0.49590000 0.85470000 0.15380000
vn 0.49930000 0.84210000 0.20390000
vn 0.50390000 0.82600000 0.25260000
vn 0.50940000 0.80650000 0.30010000
vn 0.51560000 0.78380000 0.34610000
vn 0.52290000 0.75790000 0.39010000
vn 0.53100000 0.72890000 0.43210000
vn 0.53980000 0.69710000 0.47180000
vn 0.54910000 0.66270000 0.50920000
vn 0.55990000 0.62550000 0.54340000
vn 0.57110000 0.58610000 0.57480000
vn 0.58230000 0.54460000 0.60360000
vn 0.59440000 0.50130000 0.62880000
vn 0.60700000 0.45610000 0.65080000
vn 0.61980000 0.40970000 0.66930000
vn 0.63320000 0.36200000 0.68410000
vn 0.64670000 0.31340000 0.69540000
vn 0.66040000 0.26420000 0.70290000
vn 0.67420000 0.21460000 0.70670000
vn 0.68810000 0.16490000 0.70660000
vn 0.70190000 0.11570000 0.70280000
vn 0.71570000 0.06610000 0.69530000
vn 0.72920000 0.01760000 0.68410000
vn 0.74250000 -0.03000000 0.66920000
vn 0.75550000 -0.07650000 0.65060000
vn 0.76790000 -0.12170000 0.62890000
vn 0.78000000 -0.16510000 0.60360000
vn 0.79160000 -0.20660000 0.57510000
vn 0.80260000 -0.24600000 0.54350000
vn 0.81260000 -0.28350000 0.50930000
vn 0.82250000 -0.31750000 0.47180000
vn 0.83140000 -0.34920000 0.43220000
vn 0.83940000 -0.37830000 0.39020000
vn 0.84660000 -0.40430000 0.34610000
vn 0.85290000 -0.42710000 0.30020000
vn 0.85840000 -0.44650000 0.25260000
vn 0.86290000 -0.46250000 0.20370000
vn 0.86640000 -0.47510000 0.15380000
vn 0.86890000 -0.48420000 0.10300000
vn 0.87050000 -0.48950000 0.05170000
vn 0.87040000 -0.48950000 0.05280000
vn 0.86880000 -0.48380000 0.10540000
vn 0.86620000 -0.47440000 0.15730000
vn 0.86260000 -0.46090000 0.20850000
vn 0.85780000 -0.44440000 0.25830000
vn 0.85220000 -0.42390000 0.30680000
vn 0.84550000 -0.40010000 0.35360000
vn 0.83800000 -0.37300000 0.39830000
vn 0.82960000 -0.34270000 0.44090000
vn 0.82030000 -0.30950000 0.48090000
vn 0.81020000 -0.27370000 0.51830000
vn 0.79950000 -0.23490000 0.55280000
vn 0.78810000 -0.19400000 0.58420000
vn 0.77600000 -0.15080000 0.61240000
vn 0.76340000 -0.10570000 0.63720000
vn 0.75050000 -0.05910000 0.65820000
vn 0.73720000 -0.01100000 0.67560000
vn 0.72340000 0.03820000 0.68940000
vn 0.70940000 0.08830000 0.69920000
vn 0.69530000 0.13890000 0.70520000
vn 0.66700000 0.24070000 0.70510000
vn 0.65290000 0.29140000 0.69920000
vn 0.63900000 0.34140000 0.68930000
vn 0.62520000 0.39050000 0.67570000
vn 0.61200000 0.43880000 0.65790000
vn 0.59880000 0.48530000 0.63710000
vn 0.58630000 0.53030000 0.61240000
vn 0.57430000 0.57350000 0.58420000
vn 0.56290000 0.61450000 0.55270000
vn 0.55260000 0.65280000 0.51820000
vn 0.54210000 0.68910000 0.48100000
vn 0.53250000 0.72240000 0.44110000
vn 0.52450000 0.75240000 0.39860000
vn 0.51680000 0.77970000 0.35350000
vn 0.51020000 0.80350000 0.30680000
vn 0.50460000 0.82380000 0.25830000
vn 0.49980000 0.84070000 0.20840000
vn 0.49620000 0.85380000 0.15740000
vn 0.49310000 0.86350000 0.10560000
vn 0.49200000 0.86900000 0.05280000
vn 0.49140000 0.87090000 -0.00000000
vn 0.49140000 0.87090000 -0.00000000
vn 0.68120000 0.18980000 -0.70710000
vn 0.68120000 0.18970000 -0.70710000
vn 0.87090000 -0.49140000 -0.00000000
vn 0.87090000 -0.49140000 -0.00000000
vn 0.49200000 0.86900000 -0.05280000
vn 0.49350000 0.86330000 -0.10540000
vn 0.49630000 0.85380000 -0.15730000
vn 0.49990000 0.84070000 -0.20840000
vn 0.50450000 0.82390000 -0.25830000
vn 0.51020000 0.80350000 -0.30680000
vn 0.51680000 0.77970000 -0.35350000
vn 0.52440000 0.75260000 -0.39830000
vn 0.53280000 0.72230000 -0.44090000
vn 0.54200000 0.68910000 -0.48100000
vn 0.55220000 0.65310000 -0.51830000
vn 0.56290000 0.61450000 -0.55280000
vn 0.57430000 0.57350000 -0.58420000
vn 0.58630000 0.53030000 -0.61240000
vn 0.59880000 0.48530000 -0.63710000
vn 0.61190000 0.43860000 -0.65820000
vn 0.62520000 0.39050000 -0.67570000
vn 0.63890000 0.34130000 -0.68940000
vn 0.65290000 0.29130000 -0.69920000
vn 0.66700000 0.24070000 -0.70510000
vn 0.69540000 0.13890000 -0.70500000
vn 0.70950000 0.08820000 -0.69920000
vn 0.72340000 0.03820000 -0.68940000
vn 0.73710000 -0.01100000 -0.67570000
vn 0.75050000 -0.05910000 -0.65820000
vn 0.76350000 -0.10580000 -0.63710000
vn 0.77610000 -0.15080000 -0.61240000
vn 0.78810000 -0.19400000 -0.58420000
vn 0.79950000 -0.23490000 -0.55280000
vn 0.81020000 -0.27360000 -0.51840000
vn 0.82030000 -0.30960000 -0.48090000
vn 0.82960000 -0.34280000 -0.44080000
vn 0.83790000 -0.37310000 -0.39830000
vn 0.84550000 -0.40010000 -0.35360000
vn 0.85210000 -0.42400000 -0.30680000
vn 0.85780000 -0.44430000 -0.25830000
vn 0.86250000 -0.46120000 -0.20840000
vn 0.86620000 -0.47440000 -0.15740000
vn 0.86880000 -0.48380000 -0.10540000
vn 0.87040000 -0.48950000 -0.05280000
vn 0.87070000 -0.49060000 -0.03470000
vn 0.87000000 -0.48810000 -0.06940000
vn 0.86890000 -0.48410000 -0.10380000
vn 0.86730000 -0.47830000 -0.13800000
vn 0.86520000 -0.47100000 -0.17180000
vn 0.86270000 -0.46210000 -0.20530000
vn 0.85990000 -0.45160000 -0.23820000
vn 0.85650000 -0.43960000 -0.27060000
vn 0.85270000 -0.42600000 -0.30230000
vn 0.84850000 -0.41100000 -0.33330000
vn 0.84390000 -0.39450000 -0.36350000
vn 0.83890000 -0.37660000 -0.39290000
vn 0.83360000 -0.35730000 -0.42120000
vn 0.82780000 -0.33680000 -0.44860000
vn 0.82180000 -0.31490000 -0.47490000
vn 0.81540000 -0.29190000 -0.50000000
vn 0.80860000 -0.26770000 -0.52390000
vn 0.80150000 -0.24240000 -0.54660000
vn 0.79420000 -0.21600000 -0.56800000
vn 0.78660000 -0.18870000 -0.58790000
vn 0.77870000 -0.16040000 -0.60650000
vn 0.77060000 -0.13140000 -0.62360000
vn 0.76230000 -0.10150000 -0.63920000
vn 0.75380000 -0.07090000 -0.65330000
vn 0.74510000 -0.03970000 -0.66580000
vn 0.73630000 -0.00800000 -0.67660000
vn 0.72730000 0.02420000 -0.68590000
vn 0.71820000 0.05690000 -0.69350000
vn 0.70900000 0.08980000 -0.69950000
vn 0.69980000 0.12300000 -0.70370000
vn 0.69050000 0.15630000 -0.70630000
vn 0.67190000 0.22320000 -0.70620000
vn 0.66260000 0.25660000 -0.70370000
vn 0.65330000 0.28970000 -0.69950000
vn 0.64420000 0.32270000 -0.69350000
vn 0.63510000 0.35530000 -0.68590000
vn 0.62610000 0.38750000 -0.67670000
vn 0.61730000 0.41920000 -0.66580000
vn 0.60860000 0.45040000 -0.65330000
vn 0.60000000 0.48100000 -0.63920000
vn 0.59170000 0.51090000 -0.62360000
vn 0.58360000 0.54000000 -0.60650000
vn 0.57580000 0.56820000 -0.58790000
vn 0.56810000 0.59550000 -0.56800000
vn 0.56080000 0.62190000 -0.54660000
vn 0.55370000 0.64720000 -0.52390000
vn 0.54700000 0.67140000 -0.50000000
vn 0.54060000 0.69450000 -0.47490000
vn 0.53450000 0.71630000 -0.44860000
vn 0.52880000 0.73690000 -0.42120000
vn 0.52340000 0.75610000 -0.39280000
vn 0.51840000 0.77400000 -0.36350000
vn 0.51380000 0.79050000 -0.33330000
vn 0.50970000 0.80550000 -0.30230000
vn 0.50590000 0.81910000 -0.27060000
vn 0.50250000 0.83110000 -0.23820000
vn 0.49960000 0.84160000 -0.20530000
vn 0.49710000 0.85050000 -0.17190000
vn 0.49510000 0.85780000 -0.13790000
vn 0.49350000 0.86360000 -0.10380000
vn 0.49230000 0.86770000 -0.06930000
vn 0.49160000 0.87010000 -0.03470000
vn -0.26840000 0.96330000 -0.00000000
vn -0.26840000 0.96330000 -0.00000000
vn -0.26690000 0.95790000 0.10610000
vn -0.26270000 0.94300000 0.20450000
vn -0.25610000 0.91880000 0.30040000
vn -0.24660000 0.88530000 0.39430000
vn -0.23490000 0.84330000 0.48330000
vn -0.22130000 0.79420000 0.56590000
vn -0.20570000 0.73780000 0.64290000
vn -0.18780000 0.67430000 0.71420000
vn -0.16840000 0.60470000 0.77850000
vn -0.14740000 0.52920000 0.83560000
vn -0.12520000 0.44910000 0.88470000
vn -0.10150000 0.36420000 0.92580000
vn -0.07740000 0.27630000 0.95790000
vn -0.05170000 0.18560000 0.98130000
vn -0.02440000 0.08750000 0.99590000
vn -0.00000000 0.00020000 1.00000000
vn 0.02850000 -0.10220000 0.99440000
vn 0.05490000 -0.19700000 0.97890000
vn 0.08070000 -0.29000000 0.95360000
vn 0.10580000 -0.37980000 0.91900000
vn 0.12970000 -0.46560000 0.87540000
vn 0.15170000 -0.54490000 0.82460000
vn 0.17250000 -0.61930000 0.76590000
vn 0.19160000 -0.68780000 0.70010000
vn 0.20890000 -0.74990000 0.62770000
vn 0.22420000 -0.80490000 0.54940000
vn 0.23730000 -0.85240000 0.46590000
vn 0.24840000 -0.89180000 0.37810000
vn 0.25690000 -0.92290000 0.28690000
vn 0.26330000 -0.94530000 0.19270000
vn 0.26720000 -0.95930000 0.09090000
vn 0.26840000 -0.96330000 -0.00000000
vn 0.26790000 -0.96070000 0.07320000
vn 0.26550000 -0.95310000 0.14550000
vn 0.26190000 -0.94030000 0.21740000
vn 0.25700000 -0.92250000 0.28810000
vn 0.25060000 -0.89980000 0.35720000
vn 0.24300000 -0.87220000 0.42450000
vn 0.23400000 -0.84000000 0.48950000
vn 0.22380000 -0.80340000 0.55180000
vn 0.21240000 -0.76240000 0.61120000
vn 0.19990000 -0.71750000 0.66730000
vn 0.18630000 -0.66860000 0.71990000
vn 0.17170000 -0.61620000 0.76870000
vn 0.15620000 -0.56050000 0.81330000
vn 0.13980000 -0.50180000 0.85360000
vn 0.12270000 -0.44050000 0.88930000
vn 0.10500000 -0.37670000 0.92040000
vn 0.08670000 -0.31100000 0.94650000
vn 0.06790000 -0.24360000 0.96750000
vn 0.04870000 -0.17500000 0.98340000
vn 0.02940000 -0.10540000 0.99400000
vn 0.00980000 -0.03520000 0.99930000
vn -0.00980000 0.03520000 0.99930000
vn -0.02940000 0.10530000 0.99400000
vn -0.04870000 0.17500000 0.98340000
vn -0.06790000 0.24370000 0.96750000
vn -0.08660000 0.31100000 0.94650000
vn -0.10490000 0.37680000 0.92030000
vn -0.12270000 0.44050000 0.88930000
vn -0.13980000 0.50180000 0.85360000
vn -0.15610000 0.56050000 0.81330000
vn -0.17160000 0.61620000 0.76870000
vn -0.18630000 0.66860000 0.71990000
vn -0.19990000 0.71750000 0.66730000
vn -0.21230000 0.76250000 0.61120000
vn -0.22380000 0.80340000 0.55180000
vn -0.23380000 0.84010000 0.48940000
vn -0.24300000 0.87220000 0.42450000
vn -0.25070000 0.89980000 0.35720000
vn -0.25700000 0.92250000 0.28810000
vn -0.26190000 0.94030000 0.21740000
vn -0.26530000 0.95310000 0.14560000
vn -0.26770000 0.96070000 0.07300000
vn 0.26730000 -0.95930000 0.09110000
vn 0.26810000 -0.96230000 0.04550000
vn 0.26810000 -0.96230000 0.04560000
vn 0.26330000 -0.94520000 0.19310000
vn 0.26570000 -0.95350000 0.14210000
vn 0.26560000 -0.95360000 0.14190000
vn 0.25710000 -0.92290000 0.28670000
vn 0.26050000 -0.93520000 0.24000000
vn 0.26070000 -0.93520000 0.23970000
vn 0.24840000 -0.89180000 0.37810000
vn 0.25300000 -0.90840000 0.33280000
vn 0.25290000 -0.90870000 0.33210000
vn 0.23720000 -0.85260000 0.46550000
vn 0.24320000 -0.87310000 0.42250000
vn 0.24320000 -0.87310000 0.42260000
vn 0.22420000 -0.80490000 0.54950000
vn 0.23110000 -0.82960000 0.50830000
vn 0.23110000 -0.82970000 0.50810000
vn 0.20890000 -0.74990000 0.62770000
vn 0.21700000 -0.77840000 0.58900000
vn 0.21690000 -0.77830000 0.58930000
vn 0.19160000 -0.68780000 0.70010000
vn 0.20050000 -0.71980000 0.66460000
vn 0.20050000 -0.71980000 0.66460000
vn 0.17250000 -0.61940000 0.76590000
vn 0.18230000 -0.65430000 0.73390000
vn 0.18230000 -0.65450000 0.73380000
vn 0.15170000 -0.54490000 0.82470000
vn 0.16240000 -0.58280000 0.79620000
vn 0.16210000 -0.58320000 0.79600000
vn 0.12990000 -0.46560000 0.87540000
vn 0.14090000 -0.50590000 0.85100000
vn 0.14090000 -0.50590000 0.85100000
vn 0.10580000 -0.37980000 0.91900000
vn 0.11780000 -0.42300000 0.89840000
vn 0.11800000 -0.42310000 0.89840000
vn 0.08070000 -0.28980000 0.95370000
vn 0.09340000 -0.33540000 0.93740000
vn 0.09340000 -0.33520000 0.93750000
vn 0.05490000 -0.19700000 0.97890000
vn 0.06790000 -0.24370000 0.96750000
vn 0.06790000 -0.24370000 0.96750000
vn 0.02850000 -0.10220000 0.99440000
vn 0.04170000 -0.14980000 0.98780000
vn 0.04140000 -0.14980000 0.98790000
vn -0.00000000 -0.00000000 1.00000000
vn 0.01430000 -0.05120000 0.99860000
vn 0.01430000 -0.05120000 0.99860000
vn -0.02440000 0.08750000 0.99590000
vn -0.01220000 0.04380000 0.99900000
vn -0.01220000 0.04390000 0.99900000
vn -0.05170000 0.18560000 0.98130000
vn -0.03820000 0.13640000 0.98990000
vn -0.03810000 0.13670000 0.98990000
vn -0.07730000 0.27640000 0.95790000
vn -0.06440000 0.23120000 0.97080000
vn -0.06420000 0.23170000 0.97070000
vn -0.10150000 0.36460000 0.92560000
vn -0.08940000 0.32070000 0.94300000
vn -0.08910000 0.32050000 0.94300000
vn -0.12500000 0.44890000 0.88480000
vn -0.11340000 0.40700000 0.90640000
vn -0.11330000 0.40700000 0.90640000
vn -0.14770000 0.52920000 0.83550000
vn -0.13640000 0.48960000 0.86120000
vn -0.13620000 0.48960000 0.86120000
vn -0.16840000 0.60470000 0.77850000
vn -0.15810000 0.56780000 0.80790000
vn -0.15790000 0.56750000 0.80810000
vn -0.18790000 0.67440000 0.71410000
vn -0.17830000 0.64030000 0.74710000
vn -0.17870000 0.64030000 0.74710000
vn -0.20580000 0.73780000 0.64290000
vn -0.19710000 0.70690000 0.67930000
vn -0.19680000 0.70680000 0.67940000
vn -0.22110000 0.79450000 0.56570000
vn -0.21400000 0.76680000 0.60520000
vn -0.21370000 0.76710000 0.60490000
vn -0.23490000 0.84330000 0.48330000
vn -0.22840000 0.81980000 0.52520000
vn -0.22880000 0.81990000 0.52480000
vn -0.24680000 0.88510000 0.39460000
vn -0.24130000 0.86540000 0.43910000
vn -0.24100000 0.86550000 0.43920000
vn -0.25580000 0.91860000 0.30110000
vn -0.25160000 0.90310000 0.34800000
vn -0.25160000 0.90310000 0.34800000
vn -0.26270000 0.94300000 0.20450000
vn -0.25960000 0.93200000 0.25300000
vn -0.25960000 0.93200000 0.25300000
vn -0.26690000 0.95790000 0.10580000
vn -0.26510000 0.95150000 0.15590000
vn -0.26480000 0.95160000 0.15580000
vn -0.26790000 0.96200000 0.05310000
vn -0.26830000 0.96190000 0.05250000
vn 0.26840000 -0.96330000 -0.00000000
vn 0.26840000 -0.96330000 -0.00000000
vn 0.26840000 -0.96330000 -0.00000000
vn -0.26840000 0.96330000 -0.00000000
vn -0.26840000 0.96330000 -0.00000000
vn -0.26500000 0.95150000 0.15640000
vn -0.25520000 0.91620000 0.30900000
vn -0.23910000 0.85830000 0.45400000
vn -0.21710000 0.77930000 0.58780000
vn -0.18980000 0.68120000 0.70710000
vn -0.15770000 0.56620000 0.80900000
vn -0.12180000 0.43730000 0.89100000
vn -0.08290000 0.29770000 0.95110000
vn -0.04200000 0.15070000 0.98770000
vn -0.00000000 -0.00000000 1.00000000
vn 0.04200000 -0.15070000 0.98770000
vn 0.08290000 -0.29770000 0.95110000
vn 0.12180000 -0.43730000 0.89100000
vn 0.15770000 -0.56620000 0.80900000
vn 0.18970000 -0.68120000 0.70710000
vn 0.21710000 -0.77930000 0.58780000
vn 0.23910000 -0.85830000 0.45400000
vn 0.25520000 -0.91620000 0.30900000
vn 0.26500000 -0.95150000 0.15640000
vn 0.26840000 -0.96330000 -0.00000000
vn 0.26840000 -0.96330000 -0.00000000
vn 0.26680000 -0.95790000 -0.10610000
vn 0.26270000 -0.94300000 -0.20450000
vn 0.25580000 -0.91880000 -0.30080000
vn 0.24650000 -0.88530000 -0.39430000
vn 0.23490000 -0.84330000 -0.48330000
vn 0.22120000 -0.79430000 -0.56580000
vn 0.20550000 -0.73790000 -0.64290000
vn 0.18780000 -0.67440000 -0.71400000
vn 0.16850000 -0.60460000 -0.77850000
vn 0.14740000 -0.52920000 -0.83560000
vn 0.12490000 -0.44900000 -0.88470000
vn 0.10150000 -0.36420000 -0.92580000
vn 0.07700000 -0.27620000 -0.95800000
vn 0.05170000 -0.18560000 -0.98130000
vn 0.02440000 -0.08760000 -0.99590000
vn -0.00000000 -0.00000000 -1.00000000
vn -0.00000000 -0.00000000 -1.00000000
vn -0.02850000 0.10220000 -0.99440000
vn -0.05490000 0.19700000 -0.97890000
vn -0.08140000 0.28970000 -0.95360000
vn -0.10580000 0.37980000 -0.91900000
vn -0.12980000 0.46560000 -0.87540000
vn -0.15180000 0.54500000 -0.82460000
vn -0.17250000 0.61940000 -0.76590000
vn -0.19220000 0.68790000 -0.69990000
vn -0.20890000 0.74990000 -0.62770000
vn -0.22450000 0.80490000 -0.54940000
vn -0.23760000 0.85230000 -0.46600000
vn -0.24840000 0.89180000 -0.37810000
vn -0.25720000 0.92290000 -0.28660000
vn -0.26330000 0.94530000 -0.19270000
vn -0.26730000 0.95930000 -0.09090000
vn -0.26840000 0.96330000 -0.00000000
vn -0.26800000 0.96220000 -0.04910000
vn -0.26700000 0.95870000 -0.09800000
vn -0.26540000 0.95290000 -0.14670000
vn -0.26320000 0.94480000 -0.19510000
vn -0.26030000 0.93440000 -0.24300000
vn -0.25680000 0.92180000 -0.29030000
vn -0.25270000 0.90700000 -0.33690000
vn -0.24800000 0.89000000 -0.38270000
vn -0.24260000 0.87080000 -0.42760000
vn -0.23660000 0.84960000 -0.47140000
vn -0.23010000 0.82630000 -0.51410000
vn -0.22310000 0.80100000 -0.55560000
vn -0.21550000 0.77370000 -0.59570000
vn -0.20730000 0.74470000 -0.63440000
vn -0.19880000 0.71380000 -0.67160000
vn -0.18970000 0.68120000 -0.70710000
vn -0.18020000 0.64690000 -0.74100000
vn -0.17030000 0.61110000 -0.77300000
vn -0.15980000 0.57390000 -0.80320000
vn -0.14900000 0.53520000 -0.83150000
vn -0.13800000 0.49520000 -0.85770000
vn -0.12650000 0.45410000 -0.88190000
vn -0.11480000 0.41190000 -0.90400000
vn -0.10280000 0.36860000 -0.92390000
vn -0.09040000 0.32450000 -0.94150000
vn -0.07790000 0.27960000 -0.95690000
vn -0.06520000 0.23410000 -0.97000000
vn -0.05240000 0.18790000 -0.98080000
vn -0.03920000 0.14140000 -0.98920000
vn -0.02630000 0.09440000 -0.99520000
vn -0.01320000 0.04730000 -0.99880000
vn 0.01320000 -0.04730000 -0.99880000
vn 0.02630000 -0.09440000 -0.99520000
vn 0.03940000 -0.14130000 -0.98920000
vn 0.05240000 -0.18790000 -0.98080000
vn 0.06520000 -0.23410000 -0.97000000
vn 0.07790000 -0.27960000 -0.95690000
vn 0.09040000 -0.32450000 -0.94160000
vn 0.10270000 -0.36860000 -0.92390000
vn 0.11470000 -0.41190000 -0.90400000
vn 0.12650000 -0.45410000 -0.88190000
vn 0.13810000 -0.49520000 -0.85770000
vn 0.14910000 -0.53520000 -0.83150000
vn 0.15990000 -0.57380000 -0.80320000
vn 0.17030000 -0.61110000 -0.77300000
vn 0.18020000 -0.64690000 -0.74100000
vn 0.18980000 -0.68120000 -0.70710000
vn 0.19880000 -0.71380000 -0.67160000
vn 0.20740000 -0.74470000 -0.63440000
vn 0.21560000 -0.77370000 -0.59570000
vn 0.22330000 -0.80090000 -0.55560000
vn 0.23020000 -0.82620000 -0.51410000
vn 0.23660000 -0.84960000 -0.47140000
vn 0.24260000 -0.87080000 -0.42760000
vn 0.24800000 -0.89000000 -0.38270000
vn 0.25260000 -0.90700000 -0.33690000
vn 0.25680000 -0.92180000 -0.29030000
vn 0.26050000 -0.93440000 -0.24300000
vn 0.26340000 -0.94480000 -0.19510000
vn 0.26550000 -0.95290000 -0.14670000
vn 0.26710000 -0.95870000 -0.09800000
vn 0.26800000 -0.96220000 -0.04910000
vn -0.26720000 0.95930000 -0.09090000
vn -0.26810000 0.96230000 -0.04550000
vn -0.26840000 0.96220000 -0.04540000
vn -0.26810000 0.96230000 -0.04550000
vn -0.26840000 0.96300000 -0.02280000
vn -0.26830000 0.96310000 -0.02280000
vn -0.26750000 0.95930000 -0.09090000
vn -0.26790000 0.96100000 -0.06830000
vn -0.26800000 0.96100000 -0.06870000
vn -0.26330000 0.94530000 -0.19250000
vn -0.26600000 0.95350000 -0.14170000
vn -0.26560000 0.95360000 -0.14200000
vn -0.26560000 0.95360000 -0.14200000
vn -0.26660000 0.95670000 -0.11680000
vn -0.26650000 0.95680000 -0.11630000
vn -0.26330000 0.94530000 -0.19250000
vn -0.26460000 0.94970000 -0.16740000
vn -0.26440000 0.94970000 -0.16770000
vn -0.25710000 0.92280000 -0.28680000
vn -0.26050000 0.93520000 -0.24000000
vn -0.26050000 0.93520000 -0.23980000
vn -0.26050000 0.93520000 -0.23990000
vn -0.26200000 0.94050000 -0.21630000
vn -0.26220000 0.94050000 -0.21630000
vn -0.25710000 0.92290000 -0.28680000
vn -0.25890000 0.92910000 -0.26410000
vn -0.25860000 0.92930000 -0.26360000
vn -0.24870000 0.89190000 -0.37760000
vn -0.25310000 0.90840000 -0.33280000
vn -0.25310000 0.90840000 -0.33280000
vn -0.25340000 0.90850000 -0.33230000
vn -0.25540000 0.91590000 -0.30980000
vn -0.25540000 0.91580000 -0.31000000
vn -0.24850000 0.89180000 -0.37810000
vn -0.25090000 0.90030000 -0.35570000
vn -0.25050000 0.90040000 -0.35570000
vn -0.23740000 0.85240000 -0.46600000
vn -0.24330000 0.87310000 -0.42250000
vn -0.24320000 0.87310000 -0.42250000
vn -0.24310000 0.87330000 -0.42230000
vn -0.24620000 0.88260000 -0.40040000
vn -0.24600000 0.88260000 -0.40050000
vn -0.23750000 0.85230000 -0.46600000
vn -0.24050000 0.86290000 -0.44440000
vn -0.24040000 0.86300000 -0.44430000
vn -0.22420000 0.80490000 -0.54940000
vn -0.23110000 0.82960000 -0.50830000
vn -0.23110000 0.82960000 -0.50830000
vn -0.23090000 0.82960000 -0.50840000
vn -0.23440000 0.84130000 -0.48710000
vn -0.23400000 0.84130000 -0.48730000
vn -0.22380000 0.80520000 -0.54910000
vn -0.22780000 0.81750000 -0.52900000
vn -0.22770000 0.81750000 -0.52900000
vn -0.20890000 0.75010000 -0.62750000
vn -0.21680000 0.77830000 -0.58920000
vn -0.21680000 0.77850000 -0.58900000
vn -0.21680000 0.77840000 -0.58920000
vn -0.22060000 0.79190000 -0.56930000
vn -0.22060000 0.79190000 -0.56940000
vn -0.20900000 0.74990000 -0.62760000
vn -0.21290000 0.76420000 -0.60880000
vn -0.21280000 0.76430000 -0.60870000
vn -0.19160000 0.68790000 -0.70010000
vn -0.20060000 0.71970000 -0.66470000
vn -0.20050000 0.71970000 -0.66470000
vn -0.20050000 0.71970000 -0.66470000
vn -0.20500000 0.73510000 -0.64620000
vn -0.20500000 0.73520000 -0.64610000
vn -0.19140000 0.68820000 -0.69980000
vn -0.19620000 0.70400000 -0.68260000
vn -0.19610000 0.70400000 -0.68260000
vn -0.17250000 0.61940000 -0.76590000
vn -0.18230000 0.65440000 -0.73390000
vn -0.18230000 0.65430000 -0.73390000
vn -0.18220000 0.65440000 -0.73380000
vn -0.18710000 0.67130000 -0.71720000
vn -0.18700000 0.67130000 -0.71720000
vn -0.17250000 0.61920000 -0.76610000
vn -0.17750000 0.63710000 -0.75010000
vn -0.17750000 0.63700000 -0.75010000
vn -0.15180000 0.54500000 -0.82460000
vn -0.16230000 0.58290000 -0.79620000
vn -0.16240000 0.58260000 -0.79640000
vn -0.16230000 0.58290000 -0.79610000
vn -0.16760000 0.60130000 -0.78120000
vn -0.16740000 0.60130000 -0.78130000
vn -0.15190000 0.54500000 -0.82460000
vn -0.15720000 0.56410000 -0.81060000
vn -0.15700000 0.56400000 -0.81070000
vn -0.12980000 0.46530000 -0.87560000
vn -0.14100000 0.50590000 -0.85100000
vn -0.14110000 0.50620000 -0.85080000
vn -0.14100000 0.50590000 -0.85100000
vn -0.14650000 0.52590000 -0.83780000
vn -0.14660000 0.52570000 -0.83790000
vn -0.12920000 0.46580000 -0.87540000
vn -0.13540000 0.48590000 -0.86350000
vn -0.13540000 0.48590000 -0.86350000
vn -0.10580000 0.37980000 -0.91900000
vn -0.11790000 0.42300000 -0.89840000
vn -0.11790000 0.42330000 -0.89830000
vn -0.11790000 0.42330000 -0.89830000
vn -0.12390000 0.44440000 -0.88720000
vn -0.12390000 0.44460000 -0.88710000
vn -0.10580000 0.37990000 -0.91900000
vn -0.11200000 0.40190000 -0.90880000
vn -0.11180000 0.40160000 -0.90900000
vn -0.08080000 0.28990000 -0.95360000
vn -0.09340000 0.33520000 -0.93750000
vn -0.09350000 0.33530000 -0.93740000
vn -0.09350000 0.33530000 -0.93750000
vn -0.09980000 0.35790000 -0.92840000
vn -0.09970000 0.35770000 -0.92850000
vn -0.08070000 0.29010000 -0.95360000
vn -0.08710000 0.31270000 -0.94590000
vn -0.08680000 0.31220000 -0.94600000
vn -0.05490000 0.19720000 -0.97880000
vn -0.06790000 0.24370000 -0.96750000
vn -0.06790000 0.24370000 -0.96750000
vn -0.06790000 0.24370000 -0.96750000
vn -0.07450000 0.26700000 -0.96080000
vn -0.07390000 0.26680000 -0.96090000
vn -0.05490000 0.19670000 -0.97890000
vn -0.06150000 0.22040000 -0.97350000
vn -0.06150000 0.22050000 -0.97350000
vn -0.02850000 0.10210000 -0.99440000
vn -0.04190000 0.14980000 -0.98780000
vn -0.04170000 0.14980000 -0.98780000
vn -0.04170000 0.14980000 -0.98780000
vn -0.04840000 0.17340000 -0.98370000
vn -0.04830000 0.17350000 -0.98370000
vn -0.02830000 0.10210000 -0.99440000
vn -0.03520000 0.12600000 -0.99140000
vn -0.03490000 0.12580000 -0.99140000
vn -0.00000000 -0.00000000 -1.00000000
vn -0.01430000 0.05120000 -0.99860000
vn -0.01430000 0.05090000 -0.99860000
vn -0.01430000 0.05110000 -0.99860000
vn -0.02140000 0.07670000 -0.99680000
vn -0.02120000 0.07670000 -0.99680000
vn -0.00000000 -0.00000000 -1.00000000
vn -0.00720000 0.02550000 -0.99960000
vn -0.00700000 0.02560000 -0.99960000
vn 0.02440000 -0.08750000 -0.99590000
vn 0.01220000 -0.04380000 -0.99900000
vn 0.01220000 -0.04370000 -0.99900000
vn 0.01220000 -0.04370000 -0.99900000
vn 0.00600000 -0.02170000 -0.99970000
vn 0.00640000 -0.02180000 -0.99970000
vn 0.02440000 -0.08760000 -0.99590000
vn 0.01830000 -0.06570000 -0.99770000
vn 0.01870000 -0.06590000 -0.99770000
vn 0.05160000 -0.18530000 -0.98130000
vn 0.03810000 -0.13680000 -0.98990000
vn 0.03810000 -0.13690000 -0.98990000
vn 0.03810000 -0.13640000 -0.98990000
vn 0.03120000 -0.11230000 -0.99320000
vn 0.03110000 -0.11210000 -0.99320000
vn 0.05170000 -0.18550000 -0.98130000
vn 0.04490000 -0.16120000 -0.98590000
vn 0.04480000 -0.16120000 -0.98590000
vn 0.07690000 -0.27620000 -0.95800000
vn 0.06440000 -0.23120000 -0.97080000
vn 0.06440000 -0.23140000 -0.97070000
vn 0.06440000 -0.23140000 -0.97070000
vn 0.05820000 -0.20870000 -0.97620000
vn 0.05860000 -0.20860000 -0.97620000
vn 0.07690000 -0.27640000 -0.95800000
vn 0.07060000 -0.25380000 -0.96470000
vn 0.07060000 -0.25380000 -0.96470000
vn 0.10150000 -0.36420000 -0.92580000
vn 0.08930000 -0.32060000 -0.94300000
vn 0.08930000 -0.32060000 -0.94300000
vn 0.08940000 -0.32050000 -0.94300000
vn 0.08310000 -0.29850000 -0.95080000
vn 0.08280000 -0.29850000 -0.95080000
vn 0.10150000 -0.36410000 -0.92580000
vn 0.09540000 -0.34240000 -0.93470000
vn 0.09570000 -0.34260000 -0.93460000
vn 0.12500000 -0.44890000 -0.88480000
vn 0.11340000 -0.40700000 -0.90640000
vn 0.11340000 -0.40720000 -0.90630000
vn 0.11340000 -0.40680000 -0.90650000
vn 0.10740000 -0.38580000 -0.91630000
vn 0.10750000 -0.38580000 -0.91630000
vn 0.12500000 -0.44900000 -0.88470000
vn 0.11920000 -0.42810000 -0.89590000
vn 0.11930000 -0.42810000 -0.89580000
vn 0.14740000 -0.52920000 -0.83560000
vn 0.13640000 -0.48960000 -0.86120000
vn 0.13640000 -0.48960000 -0.86120000
vn 0.13640000 -0.48970000 -0.86120000
vn 0.13070000 -0.46940000 -0.87330000
vn 0.13080000 -0.46940000 -0.87320000
vn 0.14740000 -0.52930000 -0.83550000
vn 0.14190000 -0.50960000 -0.84860000
vn 0.14210000 -0.51010000 -0.84830000
vn 0.16840000 -0.60470000 -0.77850000
vn 0.15810000 -0.56760000 -0.80800000
vn 0.15810000 -0.56740000 -0.80810000
vn 0.15810000 -0.56760000 -0.80800000
vn 0.15280000 -0.54860000 -0.82200000
vn 0.15320000 -0.54870000 -0.82180000
vn 0.16860000 -0.60440000 -0.77870000
vn 0.16360000 -0.58640000 -0.79330000
vn 0.16340000 -0.58640000 -0.79340000
vn 0.18790000 -0.67450000 -0.71390000
vn 0.17840000 -0.64030000 -0.74710000
vn 0.17830000 -0.64030000 -0.74720000
vn 0.17830000 -0.63980000 -0.74760000
vn 0.17350000 -0.62290000 -0.76280000
vn 0.17360000 -0.62270000 -0.76300000
vn 0.18790000 -0.67430000 -0.71410000
vn 0.18310000 -0.65760000 -0.73080000
vn 0.18330000 -0.65760000 -0.73070000
vn 0.20560000 -0.73790000 -0.64280000
vn 0.19690000 -0.70700000 -0.67930000
vn 0.19690000 -0.70690000 -0.67930000
vn 0.19690000 -0.70690000 -0.67940000
vn 0.19240000 -0.69090000 -0.69690000
vn 0.19250000 -0.69090000 -0.69680000
vn 0.20570000 -0.73770000 -0.64300000
vn 0.20150000 -0.72250000 -0.66140000
vn 0.20130000 -0.72260000 -0.66130000
vn 0.22130000 -0.79430000 -0.56580000
vn 0.21350000 -0.76710000 -0.60500000
vn 0.21360000 -0.76680000 -0.60530000
vn 0.21360000 -0.76700000 -0.60500000
vn 0.20960000 -0.75260000 -0.62420000
vn 0.20960000 -0.75260000 -0.62420000
vn 0.22130000 -0.79420000 -0.56590000
vn 0.21750000 -0.78090000 -0.58560000
vn 0.21760000 -0.78070000 -0.58580000
vn 0.23500000 -0.84340000 -0.48320000
vn 0.22830000 -0.81980000 -0.52520000
vn 0.22840000 -0.81980000 -0.52510000
vn 0.22870000 -0.81980000 -0.52500000
vn 0.22520000 -0.80740000 -0.54530000
vn 0.22510000 -0.80730000 -0.54560000
vn 0.23490000 -0.84330000 -0.48340000
vn 0.23170000 -0.83180000 -0.50440000
vn 0.23190000 -0.83170000 -0.50440000
vn 0.24670000 -0.88540000 -0.39400000
vn 0.24100000 -0.86550000 -0.43920000
vn 0.24120000 -0.86520000 -0.43960000
vn 0.24130000 -0.86530000 -0.43950000
vn 0.23800000 -0.85460000 -0.46150000
vn 0.23800000 -0.85460000 -0.46160000
vn 0.24670000 -0.88530000 -0.39420000
vn 0.24390000 -0.87550000 -0.41710000
vn 0.24390000 -0.87560000 -0.41700000
vn 0.25590000 -0.91860000 -0.30110000
vn 0.25160000 -0.90310000 -0.34800000
vn 0.25160000 -0.90310000 -0.34800000
vn 0.25160000 -0.90310000 -0.34800000
vn 0.24930000 -0.89440000 -0.37120000
vn 0.24920000 -0.89450000 -0.37130000
vn 0.25590000 -0.91870000 -0.30080000
vn 0.25380000 -0.91120000 -0.32450000
vn 0.25410000 -0.91110000 -0.32460000
vn 0.26270000 -0.94300000 -0.20450000
vn 0.25960000 -0.93200000 -0.25300000
vn 0.25960000 -0.93200000 -0.25310000
vn 0.25960000 -0.93200000 -0.25290000
vn 0.25780000 -0.92560000 -0.27730000
vn 0.25840000 -0.92550000 -0.27700000
vn 0.26280000 -0.94300000 -0.20430000
vn 0.26120000 -0.93780000 -0.22880000
vn 0.26120000 -0.93780000 -0.22890000
vn 0.26690000 -0.95790000 -0.10580000
vn 0.26490000 -0.95160000 -0.15580000
vn 0.26510000 -0.95160000 -0.15560000
vn 0.26530000 -0.95150000 -0.15580000
vn 0.26390000 -0.94760000 -0.18010000
vn 0.26410000 -0.94750000 -0.18010000
vn 0.26690000 -0.95790000 -0.10600000
vn 0.26600000 -0.95510000 -0.13080000
vn 0.26610000 -0.95500000 -0.13080000
vn 0.26800000 -0.96200000 -0.05310000
vn 0.26810000 -0.96190000 -0.05300000
vn 0.26790000 -0.96200000 -0.05270000
vn 0.26740000 -0.96030000 -0.07970000
vn 0.26780000 -0.96020000 -0.07920000
vn 0.26810000 -0.96300000 -0.02670000
vn 0.26820000 -0.96300000 -0.02670000
vn 0.26840000 -0.96330000 -0.00000000
vn 0.26840000 -0.96330000 -0.00000000
vn -0.26840000 0.96330000 -0.00000000
vn -0.26840000 0.96330000 -0.00000000
vn -0.26840000 0.96330000 -0.00000000
vn 0.26500000 -0.95150000 -0.15640000
vn 0.25520000 -0.91620000 -0.30900000
vn 0.23910000 -0.85830000 -0.45400000
vn 0.21710000 -0.77930000 -0.58780000
vn 0.18970000 -0.68120000 -0.70710000
vn 0.15770000 -0.56620000 -0.80900000
vn 0.12190000 -0.43730000 -0.89100000
vn 0.08290000 -0.29770000 -0.95110000
vn 0.04200000 -0.15070000 -0.98770000
vn -0.00000000 -0.00000000 -1.00000000
vn -0.04200000 0.15070000 -0.98770000
vn -0.08290000 0.29770000 -0.95110000
vn -0.12180000 0.43730000 -0.89100000
vn -0.15780000 0.56620000 -0.80900000
vn -0.18970000 0.68120000 -0.70710000
vn -0.21710000 0.77930000 -0.58780000
vn -0.23910000 0.85830000 -0.45400000
vn -0.25520000 0.91620000 -0.30900000
vn -0.26510000 0.95150000 -0.15640000
vn 0.95420000 0.26580000 -0.13740000
vn 0.94010000 0.33390000 -0.06890000
vn 0.91730000 0.39810000 -0.00000000
vn 0.94240000 0.33460000 -0.00000000
vn 0.96330000 0.26840000 -0.00000000
vn 0.94020000 0.33350000 0.06860000
vn 0.95420000 0.26580000 0.13740000
vn 0.92810000 0.36590000 -0.06900000
vn 0.93720000 0.33310000 -0.10320000
vn 0.95110000 0.30100000 -0.06930000
vn 0.94830000 0.30010000 -0.10310000
vn 0.93040000 0.36660000 -0.00000000
vn 0.94180000 0.33440000 -0.03460000
vn 0.92990000 0.36630000 -0.03450000
vn 0.95350000 0.30150000 -0.00000000
vn 0.95290000 0.30130000 -0.03470000
vn 0.92810000 0.36600000 0.06900000
vn 0.94180000 0.33440000 0.03460000
vn 0.92980000 0.36640000 0.03450000
vn 0.95110000 0.30100000 0.06930000
vn 0.95280000 0.30150000 0.03470000
vn 0.93750000 0.33250000 0.10290000
vn 0.94830000 0.30020000 0.10340000
vn 0.95280000 0.27080000 -0.13730000
vn 0.95140000 0.27570000 -0.13700000
vn 0.95010000 0.28060000 -0.13650000
vn 0.94870000 0.28550000 -0.13590000
vn 0.94730000 0.29040000 -0.13510000
vn 0.94600000 0.29530000 -0.13400000
vn 0.94460000 0.30030000 -0.13250000
vn 0.94330000 0.30480000 -0.13130000
vn 0.94200000 0.30950000 -0.12960000
vn 0.94070000 0.31420000 -0.12800000
vn 0.93940000 0.31880000 -0.12600000
vn 0.93820000 0.32320000 -0.12380000
vn 0.93690000 0.32770000 -0.12150000
vn 0.93570000 0.33200000 -0.11900000
vn 0.93460000 0.33620000 -0.11640000
vn 0.93340000 0.34040000 -0.11350000
vn 0.93230000 0.34440000 -0.11050000
vn 0.93120000 0.34830000 -0.10740000
vn 0.93010000 0.35220000 -0.10420000
vn 0.92910000 0.35580000 -0.10070000
vn 0.92810000 0.35940000 -0.09720000
vn 0.92720000 0.36280000 -0.09340000
vn 0.92620000 0.36610000 -0.08960000
vn 0.92540000 0.36930000 -0.08560000
vn 0.92450000 0.37230000 -0.08160000
vn 0.92370000 0.37520000 -0.07740000
vn 0.92300000 0.37790000 -0.07310000
vn 0.92230000 0.38040000 -0.06870000
vn 0.92160000 0.38280000 -0.06420000
vn 0.92100000 0.38500000 -0.05950000
vn 0.92040000 0.38710000 -0.05500000
vn 0.91990000 0.38900000 -0.05020000
vn 0.91940000 0.39080000 -0.04540000
vn 0.91890000 0.39230000 -0.04040000
vn 0.91850000 0.39370000 -0.03560000
vn 0.91820000 0.39490000 -0.03060000
vn 0.91780000 0.39620000 -0.02620000
vn 0.91770000 0.39670000 -0.02050000
vn 0.91760000 0.39730000 -0.01540000
vn 0.91740000 0.39780000 -0.01040000
vn 0.91740000 0.39790000 -0.00510000
vn 0.95340000 0.28360000 -0.10330000
vn 0.94640000 0.29970000 -0.12010000
vn 0.95150000 0.28310000 -0.12040000
vn 0.95400000 0.27470000 -0.12040000
vn 0.95050000 0.28280000 -0.12890000
vn 0.95290000 0.27450000 -0.12890000
vn 0.94900000 0.29140000 -0.12040000
vn 0.94540000 0.29940000 -0.12860000
vn 0.94800000 0.29110000 -0.12890000
vn 0.94290000 0.31660000 -0.10330000
vn 0.94100000 0.31640000 -0.12020000
vn 0.94370000 0.30800000 -0.12030000
vn 0.93820000 0.32440000 -0.12020000
vn 0.93140000 0.34900000 -0.10320000
vn 0.94010000 0.32490000 -0.10300000
vn 0.94210000 0.31620000 -0.11180000
vn 0.93640000 0.33290000 -0.11140000
vn 0.93910000 0.32490000 -0.11190000
vn 0.94570000 0.31750000 -0.06930000
vn 0.94980000 0.30060000 -0.08640000
vn 0.93880000 0.33350000 -0.08620000
vn 0.94440000 0.31720000 -0.08640000
vn 0.93440000 0.34110000 -0.10310000
vn 0.93430000 0.34980000 -0.06890000
vn 0.92680000 0.36560000 -0.08590000
vn 0.93290000 0.34960000 -0.08610000
vn 0.92990000 0.35760000 -0.08610000
vn 0.93230000 0.34920000 -0.09450000
vn 0.92930000 0.35710000 -0.09440000
vn 0.92520000 0.37330000 -0.06870000
vn 0.92750000 0.36570000 -0.07750000
vn 0.92340000 0.38230000 -0.03450000
vn 0.92910000 0.36620000 -0.05180000
vn 0.92270000 0.38190000 -0.05170000
vn 0.92590000 0.37420000 -0.05170000
vn 0.92860000 0.36610000 -0.06040000
vn 0.92220000 0.38190000 -0.06030000
vn 0.92550000 0.37390000 -0.06020000
vn 0.93600000 0.35040000 -0.03460000
vn 0.94110000 0.33420000 -0.05190000
vn 0.93530000 0.35000000 -0.05170000
vn 0.92010000 0.39010000 -0.03440000
vn 0.92310000 0.38210000 -0.04310000
vn 0.91980000 0.39010000 -0.04300000
vn 0.92400000 0.38240000 -0.00000000
vn 0.93030000 0.36650000 -0.01730000
vn 0.92380000 0.38240000 -0.01720000
vn 0.92050000 0.39030000 -0.01720000
vn 0.92370000 0.38220000 -0.02580000
vn 0.92040000 0.39010000 -0.02580000
vn 0.92070000 0.39030000 -0.00000000
vn 0.92400000 0.38220000 -0.00860000
vn 0.92070000 0.39020000 -0.00860000
vn 0.92340000 0.38230000 0.03390000
vn 0.93020000 0.36660000 0.01730000
vn 0.92390000 0.38230000 0.01720000
vn 0.91730000 0.39810000 0.00260000
vn 0.91730000 0.39810000 0.00510000
vn 0.91740000 0.39800000 0.00770000
vn 0.91740000 0.39780000 0.01030000
vn 0.91750000 0.39760000 0.01280000
vn 0.91750000 0.39740000 0.01540000
vn 0.91760000 0.39710000 0.01790000
vn 0.91770000 0.39670000 0.02050000
vn 0.91780000 0.39630000 0.02300000
vn 0.91790000 0.39590000 0.02560000
vn 0.91810000 0.39530000 0.02810000
vn 0.91820000 0.39490000 0.03060000
vn 0.91840000 0.39430000 0.03310000
vn 0.91850000 0.39370000 0.03560000
vn 0.91880000 0.39300000 0.03800000
vn 0.91890000 0.39230000 0.04050000
vn 0.91920000 0.39150000 0.04290000
vn 0.91940000 0.39070000 0.04540000
vn 0.91960000 0.39000000 0.04760000
vn 0.91980000 0.38910000 0.05020000
vn 0.92010000 0.38810000 0.05260000
vn 0.92040000 0.38710000 0.05490000
vn 0.92070000 0.38610000 0.05730000
vn 0.92090000 0.38520000 0.05960000
vn 0.92120000 0.38400000 0.06200000
vn 0.92160000 0.38280000 0.06420000
vn 0.92190000 0.38170000 0.06650000
vn 0.92230000 0.38040000 0.06870000
vn 0.92260000 0.37920000 0.07090000
vn 0.92300000 0.37770000 0.07310000
vn 0.92330000 0.37670000 0.07520000
vn 0.92370000 0.37520000 0.07740000
vn 0.92400000 0.37400000 0.07970000
vn 0.92450000 0.37230000 0.08150000
vn 0.92500000 0.37080000 0.08360000
vn 0.92530000 0.36940000 0.08560000
vn 0.92580000 0.36780000 0.08770000
vn 0.92630000 0.36610000 0.08960000
vn 0.92670000 0.36450000 0.09150000
vn 0.92720000 0.36280000 0.09340000
vn 0.92760000 0.36110000 0.09530000
vn 0.92810000 0.35940000 0.09720000
vn 0.92860000 0.35760000 0.09890000
vn 0.92910000 0.35590000 0.10070000
vn 0.92960000 0.35400000 0.10240000
vn 0.93010000 0.35220000 0.10420000
vn 0.93060000 0.35030000 0.10580000
vn 0.93120000 0.34830000 0.10740000
vn 0.93170000 0.34640000 0.10900000
vn 0.93230000 0.34440000 0.11060000
vn 0.93280000 0.34240000 0.11200000
vn 0.93340000 0.34040000 0.11360000
vn 0.93400000 0.33830000 0.11480000
vn 0.93460000 0.33620000 0.11630000
vn 0.93520000 0.33410000 0.11770000
vn 0.93580000 0.33200000 0.11900000
vn 0.93630000 0.32980000 0.12020000
vn 0.93700000 0.32750000 0.12150000
vn 0.93750000 0.32550000 0.12270000
vn 0.93820000 0.32330000 0.12380000
vn 0.93880000 0.32100000 0.12490000
vn 0.93950000 0.31860000 0.12590000
vn 0.94010000 0.31650000 0.12700000
vn 0.94070000 0.31420000 0.12790000
vn 0.94130000 0.31200000 0.12890000
vn 0.94210000 0.30940000 0.12970000
vn 0.94260000 0.30720000 0.13050000
vn 0.94330000 0.30480000 0.13130000
vn 0.94400000 0.30250000 0.13210000
vn 0.94460000 0.30010000 0.13270000
vn 0.94530000 0.29770000 0.13330000
vn 0.94600000 0.29530000 0.13400000
vn 0.94660000 0.29290000 0.13440000
vn 0.94730000 0.29040000 0.13500000
vn 0.94800000 0.28800000 0.13550000
vn 0.94870000 0.28550000 0.13590000
vn 0.94940000 0.28310000 0.13620000
vn 0.95010000 0.28060000 0.13650000
vn 0.95070000 0.27820000 0.13680000
vn 0.95140000 0.27570000 0.13700000
vn 0.95210000 0.27320000 0.13720000
vn 0.95280000 0.27080000 0.13730000
vn 0.95350000 0.26830000 0.13730000
vn 0.92050000 0.39030000 0.01700000
vn 0.92400000 0.38240000 0.00860000
vn 0.92070000 0.39030000 0.00860000
vn 0.91910000 0.39400000 0.00910000
vn 0.92070000 0.39030000 0.00430000
vn 0.91900000 0.39420000 -0.00010000
vn 0.91890000 0.39450000 0.00430000
vn 0.92070000 0.39030000 -0.00430000
vn 0.91900000 0.39420000 -0.00860000
vn 0.91900000 0.39420000 -0.00420000
vn 0.91890000 0.39410000 0.01720000
vn 0.92060000 0.39030000 0.01300000
vn 0.91910000 0.39390000 0.01290000
vn 0.92010000 0.39010000 0.03440000
vn 0.92370000 0.38220000 0.02580000
vn 0.92030000 0.39030000 0.02580000
vn 0.92910000 0.36620000 0.05180000
vn 0.92290000 0.38170000 0.05150000
vn 0.91870000 0.39420000 0.02580000
vn 0.92060000 0.39000000 0.02130000
vn 0.91890000 0.39400000 0.02150000
vn 0.92030000 0.39010000 0.03010000
vn 0.92310000 0.38220000 0.04310000
vn 0.91980000 0.39010000 0.04300000
vn 0.91990000 0.39020000 0.03870000
vn 0.92220000 0.38200000 0.06050000
vn 0.92680000 0.36560000 0.08600000
vn 0.92110000 0.38590000 0.05160000
vn 0.92290000 0.38210000 0.04740000
vn 0.92140000 0.38620000 0.04320000
vn 0.92130000 0.38600000 0.04720000
vn 0.92610000 0.37360000 0.05200000
vn 0.92950000 0.36640000 0.04310000
vn 0.92660000 0.37440000 0.03450000
vn 0.92620000 0.37440000 0.04340000
vn 0.93420000 0.35000000 0.06910000
vn 0.94110000 0.33420000 0.05190000
vn 0.93600000 0.35040000 0.03460000
vn 0.93550000 0.34960000 0.05190000
vn 0.92260000 0.38180000 0.05590000
vn 0.92080000 0.38600000 0.05600000
vn 0.92490000 0.37390000 0.06890000
vn 0.92860000 0.36610000 0.06040000
vn 0.92550000 0.37400000 0.06040000
vn 0.92200000 0.38180000 0.06450000
vn 0.92320000 0.37800000 0.06910000
vn 0.92520000 0.37400000 0.06460000
vn 0.92390000 0.37800000 0.06020000
vn 0.92340000 0.37840000 0.06400000
vn 0.92750000 0.36570000 0.07740000
vn 0.92430000 0.37360000 0.07740000
vn 0.93140000 0.34920000 0.10270000
vn 0.93880000 0.33350000 0.08620000
vn 0.93310000 0.34930000 0.08570000
vn 0.92460000 0.37370000 0.07320000
vn 0.92730000 0.36540000 0.08170000
vn 0.92620000 0.36910000 0.07690000
vn 0.92560000 0.36960000 0.08170000
vn 0.92990000 0.35760000 0.08600000
vn 0.93360000 0.34980000 0.07760000
vn 0.93120000 0.35800000 0.06900000
vn 0.93070000 0.35750000 0.07730000
vn 0.93220000 0.34940000 0.09460000
vn 0.92920000 0.35740000 0.09450000
vn 0.92950000 0.35760000 0.09030000
vn 0.92820000 0.36200000 0.08600000
vn 0.92820000 0.36090000 0.09020000
vn 0.93180000 0.34940000 0.09880000
vn 0.93070000 0.35330000 0.09460000
vn 0.93030000 0.35330000 0.09870000
vn 0.93430000 0.34110000 0.10310000
vn 0.93800000 0.33340000 0.09470000
vn 0.93590000 0.34160000 0.08610000
vn 0.93510000 0.34150000 0.09470000
vn 0.94290000 0.31670000 0.10320000
vn 0.94980000 0.30060000 0.08640000
vn 0.94570000 0.31750000 0.06930000
vn 0.94440000 0.31710000 0.08640000
vn 0.93630000 0.33290000 0.11170000
vn 0.93340000 0.34090000 0.11170000
vn 0.94640000 0.29970000 0.12020000
vn 0.94100000 0.31620000 0.12030000
vn 0.93390000 0.34110000 0.10740000
vn 0.93290000 0.34510000 0.10300000
vn 0.93250000 0.34500000 0.10730000
vn 0.93590000 0.33270000 0.11580000
vn 0.93490000 0.33690000 0.11160000
vn 0.93830000 0.32430000 0.12030000
vn 0.94210000 0.31640000 0.11140000
vn 0.94010000 0.32490000 0.10320000
vn 0.93920000 0.32460000 0.11170000
vn 0.93690000 0.32840000 0.11990000
vn 0.93880000 0.32450000 0.11600000
vn 0.93780000 0.32880000 0.11180000
vn 0.93740000 0.32850000 0.11580000
vn 0.94050000 0.31620000 0.12440000
vn 0.93960000 0.32030000 0.12030000
vn 0.94550000 0.29950000 0.12820000
vn 0.94380000 0.30790000 0.12030000
vn 0.94270000 0.30770000 0.12880000
vn 0.95340000 0.28360000 0.10330000
vn 0.95150000 0.28310000 0.12030000
vn 0.94330000 0.30780000 0.12460000
vn 0.94240000 0.31210000 0.12020000
vn 0.94190000 0.31210000 0.12450000
vn 0.94740000 0.29990000 0.11190000
vn 0.94560000 0.30850000 0.10330000
vn 0.94490000 0.30790000 0.11140000
vn 0.94410000 0.30370000 0.12870000
vn 0.95050000 0.28280000 0.12890000
vn 0.94900000 0.29140000 0.12040000
vn 0.94810000 0.29090000 0.12850000
vn 0.94750000 0.29090000 0.13290000
vn 0.94670000 0.29530000 0.12890000
vn 0.94990000 0.28290000 0.13270000
vn 0.94920000 0.28700000 0.12880000
vn 0.94880000 0.28680000 0.13270000
vn 0.95390000 0.27480000 0.12040000
vn 0.95290000 0.27450000 0.12890000
vn 0.95240000 0.27430000 0.13320000
vn 0.95170000 0.27860000 0.12890000
vn 0.95120000 0.27850000 0.13310000
vn 0.95410000 0.27030000 0.12890000
vn 0.95360000 0.27010000 0.13320000
vn 0.95930000 0.26720000 0.09180000
vn 0.96230000 0.26810000 0.04590000
vn 0.96230000 0.26810000 -0.04590000
vn 0.95930000 0.26720000 -0.09170000
vn 0.95420000 0.26580000 -0.13740000
vn 0.97740000 0.20000000 -0.06920000
vn 0.96330000 0.26830000 -0.00000000
vn 0.97960000 0.20100000 -0.00000000
vn 0.99110000 0.13340000 -0.00000000
vn 0.97730000 0.20030000 0.06920000
vn 0.96970000 0.23410000 -0.06930000
vn 0.97450000 0.19940000 -0.10310000
vn 0.96690000 0.23350000 -0.10310000
vn 0.98360000 0.16670000 -0.06900000
vn 0.97200000 0.23480000 -0.00000000
vn 0.97900000 0.20070000 -0.03460000
vn 0.97150000 0.23460000 -0.03470000
vn 0.98590000 0.16730000 -0.00000000
vn 0.98530000 0.16730000 -0.03450000
vn 0.96970000 0.23410000 0.06930000
vn 0.97900000 0.20070000 0.03460000
vn 0.97150000 0.23460000 0.03470000
vn 0.98360000 0.16650000 0.06880000
vn 0.98530000 0.16710000 0.03450000
vn 0.97460000 0.19900000 0.10290000
vn 0.96690000 0.23330000 0.10340000
vn 0.99100000 0.13350000 -0.00510000
vn 0.99100000 0.13380000 -0.01030000
vn 0.99080000 0.13430000 -0.01540000
vn 0.99060000 0.13500000 -0.02050000
vn 0.99040000 0.13570000 -0.02560000
vn 0.99010000 0.13680000 -0.03060000
vn 0.98980000 0.13790000 -0.03560000
vn 0.98940000 0.13930000 -0.04050000
vn 0.98900000 0.14090000 -0.04540000
vn 0.98850000 0.14260000 -0.05020000
vn 0.98800000 0.14450000 -0.05500000
vn 0.98740000 0.14650000 -0.05960000
vn 0.98680000 0.14880000 -0.06420000
vn 0.98610000 0.15120000 -0.06870000
vn 0.98540000 0.15380000 -0.07310000
vn 0.98470000 0.15640000 -0.07740000
vn 0.98390000 0.15930000 -0.08160000
vn 0.98300000 0.16230000 -0.08570000
vn 0.98210000 0.16550000 -0.08960000
vn 0.98120000 0.16880000 -0.09340000
vn 0.98020000 0.17230000 -0.09710000
vn 0.97930000 0.17580000 -0.10070000
vn 0.97820000 0.17950000 -0.10420000
vn 0.97720000 0.18330000 -0.10740000
vn 0.97610000 0.18720000 -0.11060000
vn 0.97490000 0.19130000 -0.11350000
vn 0.97380000 0.19540000 -0.11630000
vn 0.97260000 0.19960000 -0.11900000
vn 0.97140000 0.20400000 -0.12150000
vn 0.97020000 0.20840000 -0.12380000
vn 0.96890000 0.21290000 -0.12600000
vn 0.96760000 0.21750000 -0.12790000
vn 0.96640000 0.22210000 -0.12950000
vn 0.96510000 0.22680000 -0.13130000
vn 0.96370000 0.23160000 -0.13270000
vn 0.96240000 0.23640000 -0.13400000
vn 0.96100000 0.24120000 -0.13500000
vn 0.95970000 0.24610000 -0.13590000
vn 0.95830000 0.25100000 -0.13660000
vn 0.95690000 0.25590000 -0.13700000
vn 0.95560000 0.26090000 -0.13730000
vn 0.98860000 0.15040000 -0.00000000
vn 0.98810000 0.15020000 -0.03450000
vn 0.98580000 0.16720000 -0.01730000
vn 0.98850000 0.15040000 -0.01720000
vn 0.98990000 0.14190000 -0.00000000
vn 0.98970000 0.14220000 -0.01710000
vn 0.98860000 0.15040000 -0.00860000
vn 0.98980000 0.14200000 -0.00860000
vn 0.98800000 0.15080000 0.03450000
vn 0.98580000 0.16720000 0.01730000
vn 0.98850000 0.15040000 0.01720000
vn 0.98970000 0.14190000 0.01720000
vn 0.98860000 0.15040000 0.00860000
vn 0.98980000 0.14190000 0.00860000
vn 0.98930000 0.14180000 -0.03440000
vn 0.98830000 0.15030000 -0.02580000
vn 0.98950000 0.14200000 -0.02580000
vn 0.98460000 0.16690000 -0.05180000
vn 0.98730000 0.15010000 -0.05130000
vn 0.98770000 0.15010000 -0.04310000
vn 0.98900000 0.14170000 -0.04300000
vn 0.98690000 0.14990000 -0.06030000
vn 0.98230000 0.16630000 -0.08590000
vn 0.98600000 0.15850000 -0.05160000
vn 0.98500000 0.15810000 -0.06900000
vn 0.98420000 0.16670000 -0.06040000
vn 0.98550000 0.15850000 -0.06020000
vn 0.98230000 0.18390000 -0.03460000
vn 0.98060000 0.18350000 -0.06910000
vn 0.97830000 0.20050000 -0.05190000
vn 0.98150000 0.18420000 -0.05160000
vn 0.98300000 0.16650000 -0.07750000
vn 0.97780000 0.18270000 -0.10290000
vn 0.97600000 0.19990000 -0.08620000
vn 0.97930000 0.18310000 -0.08610000
vn 0.98090000 0.17470000 -0.08600000
vn 0.97860000 0.18290000 -0.09460000
vn 0.98010000 0.17460000 -0.09440000
vn 0.97610000 0.19110000 -0.10310000
vn 0.97360000 0.19920000 -0.11160000
vn 0.97080000 0.21640000 -0.10330000
vn 0.96510000 0.23280000 -0.12030000
vn 0.96900000 0.21590000 -0.11980000
vn 0.97270000 0.20790000 -0.10320000
vn 0.97080000 0.20750000 -0.12010000
vn 0.96990000 0.21630000 -0.11180000
vn 0.97170000 0.20790000 -0.11240000
vn 0.97370000 0.21720000 -0.06920000
vn 0.96840000 0.23380000 -0.08640000
vn 0.97240000 0.21690000 -0.08630000
vn 0.96710000 0.22440000 -0.12020000
vn 0.96400000 0.23250000 -0.12870000
vn 0.96270000 0.25020000 -0.10340000
vn 0.96080000 0.24960000 -0.12040000
vn 0.96300000 0.24120000 -0.12040000
vn 0.95970000 0.24950000 -0.12920000
vn 0.96200000 0.24100000 -0.12870000
vn 0.95860000 0.25810000 -0.12040000
vn 0.95760000 0.25770000 -0.12890000
vn 0.95420000 0.26580000 0.13740000
vn 0.95490000 0.26330000 0.13740000
vn 0.95560000 0.26090000 0.13730000
vn 0.95620000 0.25840000 0.13720000
vn 0.95690000 0.25590000 0.13700000
vn 0.95760000 0.25350000 0.13680000
vn 0.95830000 0.25100000 0.13660000
vn 0.95900000 0.24850000 0.13630000
vn 0.95970000 0.24610000 0.13590000
vn 0.96040000 0.24360000 0.13550000
vn 0.96100000 0.24120000 0.13510000
vn 0.96170000 0.23880000 0.13450000
vn 0.96240000 0.23630000 0.13400000
vn 0.96310000 0.23390000 0.13340000
vn 0.96370000 0.23150000 0.13280000
vn 0.96440000 0.22920000 0.13210000
vn 0.96500000 0.22680000 0.13130000
vn 0.96570000 0.22450000 0.13050000
vn 0.96640000 0.22210000 0.12970000
vn 0.96700000 0.21970000 0.12890000
vn 0.96770000 0.21740000 0.12790000
vn 0.96830000 0.21510000 0.12700000
vn 0.96890000 0.21290000 0.12590000
vn 0.96960000 0.21060000 0.12490000
vn 0.97020000 0.20840000 0.12380000
vn 0.97080000 0.20610000 0.12270000
vn 0.97140000 0.20400000 0.12150000
vn 0.97200000 0.20180000 0.12030000
vn 0.97260000 0.19960000 0.11900000
vn 0.97320000 0.19750000 0.11760000
vn 0.97380000 0.19540000 0.11630000
vn 0.97440000 0.19330000 0.11490000
vn 0.97490000 0.19130000 0.11350000
vn 0.97550000 0.18920000 0.11200000
vn 0.97610000 0.18710000 0.11060000
vn 0.97660000 0.18520000 0.10900000
vn 0.97720000 0.18330000 0.10740000
vn 0.97770000 0.18140000 0.10580000
vn 0.97820000 0.17950000 0.10420000
vn 0.97870000 0.17780000 0.10240000
vn 0.97930000 0.17580000 0.10070000
vn 0.97970000 0.17420000 0.09890000
vn 0.98030000 0.17190000 0.09700000
vn 0.98070000 0.17050000 0.09530000
vn 0.98120000 0.16880000 0.09340000
vn 0.98170000 0.16720000 0.09150000
vn 0.98210000 0.16550000 0.08960000
vn 0.98260000 0.16390000 0.08770000
vn 0.98300000 0.16230000 0.08570000
vn 0.98340000 0.16080000 0.08370000
vn 0.98390000 0.15930000 0.08160000
vn 0.98430000 0.15780000 0.07950000
vn 0.98470000 0.15640000 0.07740000
vn 0.98500000 0.15500000 0.07520000
vn 0.98540000 0.15370000 0.07310000
vn 0.98580000 0.15240000 0.07090000
vn 0.98610000 0.15120000 0.06870000
vn 0.98630000 0.15070000 0.06630000
vn 0.98680000 0.14880000 0.06420000
vn 0.98710000 0.14760000 0.06190000
vn 0.98740000 0.14650000 0.05960000
vn 0.98770000 0.14550000 0.05730000
vn 0.98800000 0.14450000 0.05490000
vn 0.98830000 0.14350000 0.05260000
vn 0.98850000 0.14270000 0.05020000
vn 0.98880000 0.14170000 0.04780000
vn 0.98900000 0.14090000 0.04550000
vn 0.98920000 0.14010000 0.04290000
vn 0.98940000 0.13930000 0.04040000
vn 0.98960000 0.13860000 0.03790000
vn 0.98980000 0.13790000 0.03560000
vn 0.99000000 0.13740000 0.03310000
vn 0.99010000 0.13680000 0.03060000
vn 0.99030000 0.13620000 0.02810000
vn 0.99040000 0.13570000 0.02560000
vn 0.99050000 0.13530000 0.02300000
vn 0.99060000 0.13500000 0.02050000
vn 0.99070000 0.13460000 0.01790000
vn 0.99080000 0.13440000 0.01540000
vn 0.99090000 0.13400000 0.01280000
vn 0.99100000 0.13380000 0.01030000
vn 0.99100000 0.13370000 0.00770000
vn 0.99100000 0.13370000 0.00510000
vn 0.99100000 0.13350000 0.00260000
vn 0.96500000 0.23320000 0.12010000
vn 0.96270000 0.25020000 0.10340000
vn 0.96080000 0.24970000 0.12040000
vn 0.95980000 0.24920000 0.12920000
vn 0.95860000 0.25800000 0.12040000
vn 0.95760000 0.25780000 0.12890000
vn 0.95710000 0.25760000 0.13290000
vn 0.95640000 0.26200000 0.12890000
vn 0.95590000 0.26180000 0.13320000
vn 0.95920000 0.24920000 0.13340000
vn 0.95870000 0.25360000 0.12890000
vn 0.95820000 0.25320000 0.13330000
vn 0.96400000 0.23250000 0.12870000
vn 0.96300000 0.24120000 0.12040000
vn 0.96190000 0.24100000 0.12890000
vn 0.97080000 0.21640000 0.10330000
vn 0.96900000 0.21590000 0.12020000
vn 0.96140000 0.24080000 0.13310000
vn 0.96090000 0.24520000 0.12890000
vn 0.96030000 0.24500000 0.13310000
vn 0.96300000 0.23670000 0.12880000
vn 0.96700000 0.22450000 0.12020000
vn 0.96600000 0.22410000 0.12880000
vn 0.96500000 0.22830000 0.12880000
vn 0.97080000 0.20770000 0.11990000
vn 0.97780000 0.18270000 0.10300000
vn 0.96850000 0.21580000 0.12420000
vn 0.96800000 0.22010000 0.12040000
vn 0.96650000 0.22430000 0.12450000
vn 0.96760000 0.21980000 0.12450000
vn 0.96990000 0.21640000 0.11160000
vn 0.96890000 0.22490000 0.10330000
vn 0.96600000 0.23310000 0.11190000
vn 0.96800000 0.22460000 0.11180000
vn 0.97600000 0.19990000 0.08620000
vn 0.97370000 0.21720000 0.06930000
vn 0.96840000 0.23380000 0.08640000
vn 0.97240000 0.21710000 0.08520000
vn 0.96990000 0.21160000 0.12020000
vn 0.97360000 0.19920000 0.11180000
vn 0.97270000 0.20800000 0.10300000
vn 0.97170000 0.20800000 0.11170000
vn 0.97170000 0.20320000 0.12010000
vn 0.97310000 0.19910000 0.11560000
vn 0.97270000 0.20340000 0.11170000
vn 0.97130000 0.20760000 0.11600000
vn 0.97220000 0.20350000 0.11580000
vn 0.97610000 0.19110000 0.10310000
vn 0.97530000 0.19080000 0.11160000
vn 0.98230000 0.16620000 0.08600000
vn 0.98060000 0.18350000 0.06910000
vn 0.97930000 0.18320000 0.08560000
vn 0.97440000 0.19520000 0.11130000
vn 0.97700000 0.18690000 0.10300000
vn 0.97570000 0.19100000 0.10740000
vn 0.97650000 0.18680000 0.10730000
vn 0.97860000 0.18300000 0.09450000
vn 0.97770000 0.19150000 0.08610000
vn 0.97530000 0.19970000 0.09470000
vn 0.97690000 0.19200000 0.09430000
vn 0.98090000 0.17470000 0.08610000
vn 0.98010000 0.17470000 0.09430000
vn 0.97930000 0.17870000 0.09460000
vn 0.97820000 0.18280000 0.09880000
vn 0.97890000 0.17840000 0.09930000
vn 0.98160000 0.17060000 0.08590000
vn 0.98050000 0.17460000 0.09030000
vn 0.98120000 0.17050000 0.09020000
vn 0.98300000 0.16650000 0.07730000
vn 0.98210000 0.17500000 0.06910000
vn 0.98000000 0.18320000 0.07760000
vn 0.98150000 0.17510000 0.07730000
vn 0.98460000 0.16700000 0.05180000
vn 0.98230000 0.18400000 0.03450000
vn 0.97830000 0.20050000 0.05190000
vn 0.98150000 0.18450000 0.05160000
vn 0.98500000 0.15820000 0.06890000
vn 0.98440000 0.15800000 0.07740000
vn 0.98730000 0.15020000 0.05170000
vn 0.98370000 0.16230000 0.07730000
vn 0.98270000 0.16650000 0.08170000
vn 0.98340000 0.16220000 0.08170000
vn 0.98560000 0.15410000 0.06890000
vn 0.98470000 0.15810000 0.07320000
vn 0.98680000 0.15010000 0.06020000
vn 0.98600000 0.15860000 0.05170000
vn 0.98410000 0.16680000 0.06040000
vn 0.98550000 0.15830000 0.06030000
vn 0.98660000 0.14980000 0.06460000
vn 0.98620000 0.15410000 0.06040000
vn 0.98520000 0.15850000 0.06460000
vn 0.98590000 0.15440000 0.06450000
vn 0.98790000 0.14600000 0.05150000
vn 0.98710000 0.15000000 0.05630000
vn 0.98770000 0.14580000 0.05590000
vn 0.98930000 0.14180000 0.03440000
vn 0.98770000 0.15020000 0.04300000
vn 0.98900000 0.14150000 0.04300000
vn 0.98840000 0.14590000 0.04300000
vn 0.98750000 0.15010000 0.04740000
vn 0.98820000 0.14580000 0.04760000
vn 0.98670000 0.15870000 0.03440000
vn 0.98500000 0.16700000 0.04310000
vn 0.98640000 0.15860000 0.04270000
vn 0.98920000 0.14170000 0.03860000
vn 0.98830000 0.15050000 0.02580000
vn 0.98960000 0.14180000 0.02600000
vn 0.99020000 0.13760000 0.02580000
vn 0.98950000 0.14170000 0.03010000
vn 0.99030000 0.13760000 0.01720000
vn 0.98970000 0.14180000 0.02150000
vn 0.99030000 0.13760000 0.02150000
vn 0.99040000 0.13790000 0.00860000
vn 0.98980000 0.14190000 0.01290000
vn 0.99030000 0.13820000 0.01300000
vn 0.99050000 0.13780000 -0.00030000
vn 0.98980000 0.14210000 0.00420000
vn 0.99040000 0.13790000 0.00440000
vn 0.95930000 0.26720000 -0.09180000
vn 0.96230000 0.26810000 -0.04590000
vn 0.96230000 0.26810000 0.04590000
vn 0.95930000 0.26720000 0.09180000
vn -0.87090000 0.49140000 -0.00000000
vn -0.87090000 0.49140000 -0.00000000
vn -0.68120000 -0.18980000 -0.70710000
vn -0.49140000 -0.87090000 -0.00000000
vn -0.49140000 -0.87090000 -0.00000000
vn -0.49140000 -0.87080000 -0.01320000
vn -0.49150000 -0.87050000 -0.02640000
vn -0.49170000 -0.86990000 -0.03970000
vn -0.49190000 -0.86900000 -0.05280000
vn -0.49230000 -0.86790000 -0.06600000
vn -0.49260000 -0.86670000 -0.07920000
vn -0.49310000 -0.86510000 -0.09230000
vn -0.49350000 -0.86330000 -0.10540000
vn -0.49410000 -0.86130000 -0.11840000
vn -0.49470000 -0.85910000 -0.13150000
vn -0.49540000 -0.85660000 -0.14440000
vn -0.49620000 -0.85380000 -0.15730000
vn -0.49700000 -0.85090000 -0.17020000
vn -0.49790000 -0.84770000 -0.18300000
vn -0.49880000 -0.84430000 -0.19580000
vn -0.49980000 -0.84070000 -0.20840000
vn -0.50090000 -0.83680000 -0.22100000
vn -0.50210000 -0.83270000 -0.23350000
vn -0.50320000 -0.82840000 -0.24600000
vn -0.50450000 -0.82390000 -0.25830000
vn -0.50590000 -0.81910000 -0.27060000
vn -0.50720000 -0.81410000 -0.28280000
vn -0.50870000 -0.80890000 -0.29480000
vn -0.51020000 -0.80350000 -0.30680000
vn -0.51180000 -0.79780000 -0.31870000
vn -0.51340000 -0.79200000 -0.33040000
vn -0.51510000 -0.78590000 -0.34210000
vn -0.51680000 -0.77970000 -0.35360000
vn -0.51860000 -0.77320000 -0.36490000
vn -0.52050000 -0.76650000 -0.37620000
vn -0.52240000 -0.75970000 -0.38730000
vn -0.52440000 -0.75250000 -0.39850000
vn -0.52640000 -0.74530000 -0.40920000
vn -0.52850000 -0.73780000 -0.41990000
vn -0.53060000 -0.73020000 -0.43050000
vn -0.53280000 -0.72230000 -0.44090000
vn -0.53500000 -0.71430000 -0.45110000
vn -0.53740000 -0.70610000 -0.46120000
vn -0.53970000 -0.69770000 -0.47120000
vn -0.54200000 -0.68910000 -0.48100000
vn -0.54450000 -0.68030000 -0.49060000
vn -0.54700000 -0.67140000 -0.50000000
vn -0.54950000 -0.66230000 -0.50930000
vn -0.55210000 -0.65310000 -0.51830000
vn -0.55470000 -0.64370000 -0.52730000
vn -0.55740000 -0.63410000 -0.53600000
vn -0.56010000 -0.62430000 -0.54450000
vn -0.56290000 -0.61450000 -0.55280000
vn -0.56570000 -0.60440000 -0.56100000
vn -0.56840000 -0.59430000 -0.56900000
vn -0.57140000 -0.58390000 -0.57670000
vn -0.57430000 -0.57350000 -0.58420000
vn -0.57720000 -0.56290000 -0.59160000
vn -0.58020000 -0.55220000 -0.59870000
vn -0.58330000 -0.54130000 -0.60560000
vn -0.58630000 -0.53030000 -0.61240000
vn -0.58940000 -0.51930000 -0.61890000
vn -0.59250000 -0.50800000 -0.62520000
vn -0.59570000 -0.49670000 -0.63120000
vn -0.59880000 -0.48530000 -0.63710000
vn -0.60210000 -0.47380000 -0.64270000
vn -0.60530000 -0.46220000 -0.64810000
vn -0.60860000 -0.45040000 -0.65330000
vn -0.61180000 -0.43860000 -0.65820000
vn -0.61520000 -0.42670000 -0.66290000
vn -0.61850000 -0.41470000 -0.66740000
vn -0.62190000 -0.40270000 -0.67170000
vn -0.62520000 -0.39050000 -0.67570000
vn -0.62860000 -0.37830000 -0.67950000
vn -0.63210000 -0.36610000 -0.68300000
vn -0.63550000 -0.35370000 -0.68630000
vn -0.63890000 -0.34130000 -0.68940000
vn -0.64240000 -0.32890000 -0.69220000
vn -0.64590000 -0.31640000 -0.69480000
vn -0.64940000 -0.30390000 -0.69710000
vn -0.65290000 -0.29130000 -0.69920000
vn -0.65640000 -0.27870000 -0.70100000
vn -0.65990000 -0.26600000 -0.70270000
vn -0.66350000 -0.25340000 -0.70400000
vn -0.66700000 -0.24070000 -0.70510000
vn -0.67050000 -0.22800000 -0.70600000
vn -0.67410000 -0.21520000 -0.70660000
vn -0.67760000 -0.20250000 -0.70700000
vn -0.68120000 -0.18970000 -0.70710000
vn -0.68470000 -0.17700000 -0.70700000
vn -0.68830000 -0.16430000 -0.70660000
vn -0.69180000 -0.15160000 -0.70600000
vn -0.69540000 -0.13890000 -0.70510000
vn -0.69890000 -0.12620000 -0.70400000
vn -0.70240000 -0.11350000 -0.70270000
vn -0.70590000 -0.10080000 -0.70110000
vn -0.70950000 -0.08820000 -0.69920000
vn -0.71300000 -0.07570000 -0.69710000
vn -0.71650000 -0.06310000 -0.69480000
vn -0.71990000 -0.05060000 -0.69220000
vn -0.72340000 -0.03820000 -0.68940000
vn -0.72690000 -0.02580000 -0.68630000
vn -0.73030000 -0.01350000 -0.68300000
vn -0.73370000 -0.00120000 -0.67950000
vn -0.73710000 0.01100000 -0.67570000
vn -0.74050000 0.02320000 -0.67170000
vn -0.74380000 0.03520000 -0.66740000
vn -0.74720000 0.04720000 -0.66290000
vn -0.75050000 0.05910000 -0.65820000
vn -0.75380000 0.07090000 -0.65330000
vn -0.75700000 0.08260000 -0.64810000
vn -0.76030000 0.09430000 -0.64270000
vn -0.76350000 0.10580000 -0.63710000
vn -0.76650000 0.11670000 -0.63160000
vn -0.76980000 0.12850000 -0.62520000
vn -0.77300000 0.13970000 -0.61890000
vn -0.77600000 0.15080000 -0.61240000
vn -0.77910000 0.16180000 -0.60560000
vn -0.78210000 0.17260000 -0.59870000
vn -0.78510000 0.18340000 -0.59160000
vn -0.78810000 0.19400000 -0.58420000
vn -0.79100000 0.20440000 -0.57670000
vn -0.79390000 0.21470000 -0.56890000
vn -0.79670000 0.22490000 -0.56100000
vn -0.79950000 0.23490000 -0.55290000
vn -0.80220000 0.24480000 -0.54450000
vn -0.80490000 0.25460000 -0.53600000
vn -0.80760000 0.26410000 -0.52720000
vn -0.81020000 0.27360000 -0.51830000
vn -0.81280000 0.28280000 -0.50930000
vn -0.81530000 0.29190000 -0.50000000
vn -0.81780000 0.30080000 -0.49060000
vn -0.82030000 0.30960000 -0.48100000
vn -0.82270000 0.31810000 -0.47120000
vn -0.82500000 0.32660000 -0.46120000
vn -0.82730000 0.33480000 -0.45110000
vn -0.82950000 0.34280000 -0.44090000
vn -0.83170000 0.35070000 -0.43050000
vn -0.83390000 0.35830000 -0.41990000
vn -0.83590000 0.36580000 -0.40920000
vn -0.83790000 0.37310000 -0.39830000
vn -0.83990000 0.38010000 -0.38740000
vn -0.84180000 0.38700000 -0.37620000
vn -0.84370000 0.39370000 -0.36490000
vn -0.84550000 0.40020000 -0.35360000
vn -0.84720000 0.40640000 -0.34200000
vn -0.84890000 0.41250000 -0.33040000
vn -0.85060000 0.41830000 -0.31870000
vn -0.85220000 0.42390000 -0.30680000
vn -0.85370000 0.42940000 -0.29480000
vn -0.85510000 0.43460000 -0.28280000
vn -0.85650000 0.43960000 -0.27060000
vn -0.85780000 0.44430000 -0.25830000
vn -0.85910000 0.44890000 -0.24600000
vn -0.86030000 0.45320000 -0.23350000
vn -0.86140000 0.45730000 -0.22100000
vn -0.86250000 0.46110000 -0.20840000
vn -0.86350000 0.46480000 -0.19580000
vn -0.86450000 0.46820000 -0.18300000
vn -0.86530000 0.47140000 -0.17020000
vn -0.86620000 0.47430000 -0.15740000
vn -0.86700000 0.47700000 -0.14440000
vn -0.86760000 0.47950000 -0.13150000
vn -0.86830000 0.48180000 -0.11850000
vn -0.86880000 0.48380000 -0.10540000
vn -0.86930000 0.48560000 -0.09230000
vn -0.86980000 0.48710000 -0.07920000
vn -0.87010000 0.48840000 -0.06600000
vn -0.87040000 0.48950000 -0.05280000
vn -0.87070000 0.49030000 -0.03960000
vn -0.87080000 0.49090000 -0.02640000
vn -0.87090000 0.49130000 -0.01320000
vn -0.87090000 0.49130000 -0.01320000
vn -0.87080000 0.49090000 -0.02640000
vn -0.87060000 0.49030000 -0.03960000
vn -0.87040000 0.48950000 -0.05280000
vn -0.87010000 0.48850000 -0.06600000
vn -0.86970000 0.48710000 -0.07920000
vn -0.86930000 0.48560000 -0.09230000
vn -0.86880000 0.48380000 -0.10540000
vn -0.86820000 0.48180000 -0.11840000
vn -0.86760000 0.47950000 -0.13150000
vn -0.86690000 0.47700000 -0.14440000
vn -0.86620000 0.47430000 -0.15730000
vn -0.86540000 0.47140000 -0.17020000
vn -0.86450000 0.46820000 -0.18300000
vn -0.86350000 0.46480000 -0.19570000
vn -0.86250000 0.46120000 -0.20840000
vn -0.86140000 0.45730000 -0.22100000
vn -0.86030000 0.45320000 -0.23350000
vn -0.85910000 0.44890000 -0.24600000
vn -0.85780000 0.44430000 -0.25830000
vn -0.85650000 0.43960000 -0.27060000
vn -0.85510000 0.43460000 -0.28280000
vn -0.85360000 0.42940000 -0.29480000
vn -0.85210000 0.42400000 -0.30680000
vn -0.85060000 0.41830000 -0.31870000
vn -0.84890000 0.41250000 -0.33040000
vn -0.84730000 0.40640000 -0.34200000
vn -0.84550000 0.40020000 -0.35360000
vn -0.84370000 0.39370000 -0.36500000
vn -0.84190000 0.38690000 -0.37620000
vn -0.83990000 0.38010000 -0.38730000
vn -0.83800000 0.37300000 -0.39830000
vn -0.83590000 0.36580000 -0.40920000
vn -0.83380000 0.35830000 -0.41990000
vn -0.83170000 0.35060000 -0.43050000
vn -0.82950000 0.34280000 -0.44090000
vn -0.82720000 0.33480000 -0.45120000
vn -0.82500000 0.32650000 -0.46120000
vn -0.82270000 0.31810000 -0.47120000
vn -0.82030000 0.30960000 -0.48090000
vn -0.81780000 0.30080000 -0.49060000
vn -0.81530000 0.29190000 -0.50000000
vn -0.81280000 0.28280000 -0.50930000
vn -0.81030000 0.27350000 -0.51830000
vn -0.80760000 0.26410000 -0.52720000
vn -0.80490000 0.25460000 -0.53600000
vn -0.80230000 0.24480000 -0.54440000
vn -0.79950000 0.23490000 -0.55280000
vn -0.79670000 0.22490000 -0.56100000
vn -0.79390000 0.21470000 -0.56890000
vn -0.79100000 0.20440000 -0.57670000
vn -0.78810000 0.19400000 -0.58420000
vn -0.78510000 0.18340000 -0.59160000
vn -0.78210000 0.17260000 -0.59870000
vn -0.77910000 0.16180000 -0.60560000
vn -0.77600000 0.15080000 -0.61240000
vn -0.77300000 0.13970000 -0.61890000
vn -0.76980000 0.12850000 -0.62520000
vn -0.76670000 0.11720000 -0.63120000
vn -0.76350000 0.10580000 -0.63710000
vn -0.76030000 0.09430000 -0.64270000
vn -0.75710000 0.08260000 -0.64810000
vn -0.75380000 0.07090000 -0.65330000
vn -0.75050000 0.05910000 -0.65820000
vn -0.74720000 0.04720000 -0.66300000
vn -0.74380000 0.03520000 -0.66740000
vn -0.74050000 0.02320000 -0.67170000
vn -0.73710000 0.01110000 -0.67570000
vn -0.73370000 -0.00120000 -0.67950000
vn -0.73030000 -0.01350000 -0.68300000
vn -0.72690000 -0.02560000 -0.68630000
vn -0.72340000 -0.03820000 -0.68940000
vn -0.71990000 -0.05060000 -0.69220000
vn -0.71640000 -0.06310000 -0.69480000
vn -0.71290000 -0.07570000 -0.69710000
vn -0.70940000 -0.08820000 -0.69920000
vn -0.70590000 -0.10080000 -0.70110000
vn -0.70240000 -0.11350000 -0.70270000
vn -0.69890000 -0.12620000 -0.70400000
vn -0.69530000 -0.13880000 -0.70510000
vn -0.69180000 -0.15160000 -0.70600000
vn -0.68820000 -0.16430000 -0.70660000
vn -0.68470000 -0.17700000 -0.70700000
vn -0.67760000 -0.20250000 -0.70700000
vn -0.67410000 -0.21520000 -0.70660000
vn -0.67050000 -0.22800000 -0.70600000
vn -0.66700000 -0.24070000 -0.70510000
vn -0.66340000 -0.25340000 -0.70400000
vn -0.65990000 -0.26600000 -0.70270000
vn -0.65640000 -0.27870000 -0.70110000
vn -0.65290000 -0.29130000 -0.69920000
vn -0.64940000 -0.30390000 -0.69710000
vn -0.64590000 -0.31640000 -0.69480000
vn -0.64240000 -0.32890000 -0.69220000
vn -0.63890000 -0.34130000 -0.68940000
vn -0.63550000 -0.35370000 -0.68630000
vn -0.63210000 -0.36610000 -0.68300000
vn -0.62860000 -0.37830000 -0.67950000
vn -0.62520000 -0.39050000 -0.67570000
vn -0.62190000 -0.40270000 -0.67170000
vn -0.61850000 -0.41470000 -0.66740000
vn -0.61520000 -0.42670000 -0.66290000
vn -0.61180000 -0.43860000 -0.65830000
vn -0.60860000 -0.45040000 -0.65330000
vn -0.60530000 -0.46220000 -0.64810000
vn -0.60200000 -0.47380000 -0.64270000
vn -0.59880000 -0.48530000 -0.63710000
vn -0.59570000 -0.49670000 -0.63120000
vn -0.59250000 -0.50800000 -0.62520000
vn -0.58940000 -0.51930000 -0.61890000
vn -0.58630000 -0.53030000 -0.61240000
vn -0.58320000 -0.54130000 -0.60570000
vn -0.58020000 -0.55220000 -0.59870000
vn -0.57720000 -0.56290000 -0.59160000
vn -0.57430000 -0.57350000 -0.58420000
vn -0.57130000 -0.58400000 -0.57670000
vn -0.56850000 -0.59430000 -0.56890000
vn -0.56570000 -0.60440000 -0.56100000
vn -0.56290000 -0.61450000 -0.55280000
vn -0.56010000 -0.62430000 -0.54450000
vn -0.55740000 -0.63410000 -0.53600000
vn -0.55470000 -0.64360000 -0.52730000
vn -0.55210000 -0.65310000 -0.51830000
vn -0.54950000 -0.66230000 -0.50930000
vn -0.54700000 -0.67140000 -0.50000000
vn -0.54450000 -0.68030000 -0.49050000
vn -0.54210000 -0.68910000 -0.48090000
vn -0.53970000 -0.69770000 -0.47120000
vn -0.53730000 -0.70610000 -0.46120000
vn -0.53500000 -0.71430000 -0.45110000
vn -0.53280000 -0.72230000 -0.44090000
vn -0.53060000 -0.73020000 -0.43050000
vn -0.52850000 -0.73780000 -0.41990000
vn -0.52640000 -0.74530000 -0.40920000
vn -0.52440000 -0.75260000 -0.39840000
vn -0.52240000 -0.75960000 -0.38730000
vn -0.52050000 -0.76650000 -0.37620000
vn -0.51860000 -0.77320000 -0.36500000
vn -0.51680000 -0.77970000 -0.35360000
vn -0.51520000 -0.78590000 -0.34200000
vn -0.51340000 -0.79200000 -0.33040000
vn -0.51180000 -0.79780000 -0.31870000
vn -0.51020000 -0.80350000 -0.30680000
vn -0.50870000 -0.80890000 -0.29480000
vn -0.50730000 -0.81410000 -0.28280000
vn -0.50580000 -0.81910000 -0.27060000
vn -0.50450000 -0.82380000 -0.25830000
vn -0.50320000 -0.82840000 -0.24600000
vn -0.50210000 -0.83270000 -0.23350000
vn -0.50090000 -0.83680000 -0.22100000
vn -0.49980000 -0.84070000 -0.20840000
vn -0.49880000 -0.84430000 -0.19580000
vn -0.49790000 -0.84770000 -0.18300000
vn -0.49700000 -0.85090000 -0.17020000
vn -0.49620000 -0.85380000 -0.15730000
vn -0.49540000 -0.85660000 -0.14440000
vn -0.49470000 -0.85910000 -0.13150000
vn -0.49410000 -0.86130000 -0.11840000
vn -0.49350000 -0.86330000 -0.10540000
vn -0.49300000 -0.86510000 -0.09230000
vn -0.49260000 -0.86660000 -0.07920000
vn -0.49220000 -0.86800000 -0.06600000
vn -0.49190000 -0.86900000 -0.05280000
vn -0.49170000 -0.86990000 -0.03960000
vn -0.49150000 -0.87050000 -0.02640000
vn -0.49150000 -0.87080000 -0.01320000
vn -0.87080000 0.49120000 -0.01920000
vn -0.87040000 0.48900000 -0.05770000
vn -0.86980000 0.48750000 -0.07610000
vn -0.86840000 0.48310000 -0.11170000
vn -0.86920000 0.48540000 -0.09390000
vn -0.86680000 0.47650000 -0.14680000
vn -0.86770000 0.47990000 -0.12920000
vn -0.86580000 0.47270000 -0.16420000
vn -0.86330000 0.46390000 -0.19880000
vn -0.86460000 0.46860000 -0.18150000
vn -0.86030000 0.45340000 -0.23290000
vn -0.86180000 0.45900000 -0.21590000
vn -0.85870000 0.44750000 -0.24980000
vn -0.85510000 0.43460000 -0.28280000
vn -0.85700000 0.44120000 -0.26650000
vn -0.85310000 0.42740000 -0.29920000
vn -0.85100000 0.41990000 -0.31540000
vn -0.84660000 0.40400000 -0.34650000
vn -0.84890000 0.41220000 -0.33090000
vn -0.84420000 0.39560000 -0.36160000
vn -0.84180000 0.38690000 -0.37640000
vn -0.83930000 0.37780000 -0.39110000
vn -0.83660000 0.36830000 -0.40540000
vn -0.83390000 0.35850000 -0.41970000
vn -0.83110000 0.34840000 -0.43350000
vn -0.82520000 0.32720000 -0.46040000
vn -0.82810000 0.33810000 -0.44710000
vn -0.82210000 0.31610000 -0.47350000
vn -0.81570000 0.29310000 -0.49880000
vn -0.81890000 0.30490000 -0.48630000
vn -0.81230000 0.28110000 -0.51100000
vn -0.80540000 0.25630000 -0.53440000
vn -0.80860000 0.26900000 -0.52320000
vn -0.79820000 0.23050000 -0.55660000
vn -0.80190000 0.24350000 -0.54570000
vn -0.79070000 0.20360000 -0.57730000
vn -0.79450000 0.21710000 -0.56710000
vn -0.78690000 0.18970000 -0.58720000
vn -0.77900000 0.16140000 -0.60590000
vn -0.78300000 0.17570000 -0.59670000
vn -0.77490000 0.14690000 -0.61480000
vn -0.76680000 0.11760000 -0.63100000
vn -0.77090000 0.13230000 -0.62310000
vn -0.76250000 0.10230000 -0.63880000
vn -0.75400000 0.07160000 -0.65300000
vn -0.75830000 0.08710000 -0.64610000
vn -0.74970000 0.05610000 -0.65940000
vn -0.74530000 0.04030000 -0.66550000
vn -0.73640000 0.00860000 -0.67650000
vn -0.74090000 0.02450000 -0.67120000
vn -0.73180000 -0.00740000 -0.68150000
vn -0.72740000 -0.02380000 -0.68580000
vn -0.71790000 -0.05650000 -0.69380000
vn -0.72290000 -0.04010000 -0.68980000
vn -0.71350000 -0.07380000 -0.69680000
vn -0.70860000 -0.09140000 -0.69970000
vn -0.69870000 -0.12690000 -0.70410000
vn -0.70360000 -0.10900000 -0.70220000
vn -0.69340000 -0.14470000 -0.70580000
vn -0.68370000 -0.18060000 -0.70710000
vn -0.68890000 -0.16220000 -0.70650000
vn -0.68120000 -0.18980000 -0.70710000
vn -0.67590000 -0.20830000 -0.70690000
vn -0.67090000 -0.22680000 -0.70600000
vn -0.66570000 -0.24530000 -0.70480000
vn -0.65600000 -0.28020000 -0.70080000
vn -0.66080000 -0.26310000 -0.70300000
vn -0.65100000 -0.29730000 -0.69840000
vn -0.64650000 -0.31430000 -0.69520000
vn -0.64180000 -0.33120000 -0.69170000
vn -0.63240000 -0.36470000 -0.68340000
vn -0.63680000 -0.34800000 -0.68800000
vn -0.62780000 -0.38130000 -0.67860000
vn -0.62320000 -0.39780000 -0.67340000
vn -0.61410000 -0.43030000 -0.66160000
vn -0.61870000 -0.41420000 -0.66760000
vn -0.60970000 -0.44640000 -0.65500000
vn -0.60090000 -0.47800000 -0.64070000
vn -0.60520000 -0.46240000 -0.64800000
vn -0.59240000 -0.50860000 -0.62490000
vn -0.59660000 -0.49350000 -0.63290000
vn -0.58810000 -0.52370000 -0.61630000
vn -0.58020000 -0.55230000 -0.59860000
vn -0.58410000 -0.53810000 -0.60770000
vn -0.57620000 -0.56650000 -0.58910000
vn -0.57230000 -0.58020000 -0.57950000
vn -0.56860000 -0.59400000 -0.56910000
vn -0.56490000 -0.60730000 -0.55870000
vn -0.55760000 -0.63330000 -0.53670000
vn -0.56120000 -0.62050000 -0.54770000
vn -0.55410000 -0.64590000 -0.52520000
vn -0.54730000 -0.67030000 -0.50120000
vn -0.55060000 -0.65820000 -0.51340000
vn -0.54400000 -0.68200000 -0.48880000
vn -0.53780000 -0.70460000 -0.46300000
vn -0.54070000 -0.69350000 -0.47610000
vn -0.53160000 -0.72590000 -0.43630000
vn -0.53470000 -0.71540000 -0.44970000
vn -0.52620000 -0.74590000 -0.40830000
vn -0.52850000 -0.73630000 -0.42240000
vn -0.52350000 -0.75550000 -0.39390000
vn -0.51860000 -0.77340000 -0.36450000
vn -0.52100000 -0.76460000 -0.37930000
vn -0.51620000 -0.78190000 -0.34950000
vn -0.51180000 -0.79780000 -0.31880000
vn -0.51400000 -0.79000000 -0.33430000
vn -0.50980000 -0.80510000 -0.30320000
vn -0.50590000 -0.81880000 -0.27140000
vn -0.50790000 -0.81210000 -0.28730000
vn -0.50440000 -0.82490000 -0.25510000
vn -0.50260000 -0.83090000 -0.23890000
vn -0.49960000 -0.84140000 -0.20590000
vn -0.50100000 -0.83630000 -0.22250000
vn -0.49830000 -0.84610000 -0.18920000
vn -0.49710000 -0.85040000 -0.17230000
vn -0.49460000 -0.85810000 -0.13830000
vn -0.49600000 -0.85430000 -0.15540000
vn -0.49420000 -0.86100000 -0.12040000
vn -0.49340000 -0.86380000 -0.10210000
vn -0.49220000 -0.86800000 -0.06530000
vn -0.49270000 -0.86610000 -0.08380000
vn -0.49190000 -0.86940000 -0.04680000
vn -0.49140000 -0.87090000 -0.00970000
vn -0.49160000 -0.87040000 -0.02860000
vn -0.49140000 -0.87090000 -0.00000000
vn -0.49130000 -0.87100000 -0.00000000
vn -0.87090000 0.49150000 -0.00000000
vn -0.87090000 0.49140000 -0.00000000
vn -0.68120000 -0.18980000 0.70710000
vn -0.67410000 -0.21530000 0.70660000
vn -0.66700000 -0.24070000 0.70510000
vn -0.65990000 -0.26600000 0.70260000
vn -0.65290000 -0.29130000 0.69920000
vn -0.64600000 -0.31630000 0.69480000
vn -0.63900000 -0.34130000 0.68940000
vn -0.63210000 -0.36600000 0.68300000
vn -0.62530000 -0.39050000 0.67570000
vn -0.61850000 -0.41470000 0.66740000
vn -0.61190000 -0.43860000 0.65820000
vn -0.60530000 -0.46220000 0.64810000
vn -0.59890000 -0.48530000 0.63710000
vn -0.59250000 -0.50820000 0.62510000
vn -0.58630000 -0.53030000 0.61240000
vn -0.58020000 -0.55210000 0.59880000
vn -0.57420000 -0.57360000 0.58430000
vn -0.56850000 -0.59420000 0.56890000
vn -0.56290000 -0.61440000 0.55290000
vn -0.55740000 -0.63410000 0.53590000
vn -0.55210000 -0.65310000 0.51830000
vn -0.54700000 -0.67140000 0.50000000
vn -0.54210000 -0.68910000 0.48090000
vn -0.53730000 -0.70610000 0.46120000
vn -0.53280000 -0.72230000 0.44090000
vn -0.52850000 -0.73780000 0.41990000
vn -0.52440000 -0.75250000 0.39840000
vn -0.52050000 -0.76650000 0.37620000
vn -0.51690000 -0.77960000 0.35360000
vn -0.51340000 -0.79200000 0.33040000
vn -0.51020000 -0.80350000 0.30680000
vn -0.50730000 -0.81410000 0.28280000
vn -0.50450000 -0.82390000 0.25830000
vn -0.50200000 -0.83270000 0.23350000
vn -0.49990000 -0.84060000 0.20840000
vn -0.49800000 -0.84770000 0.18300000
vn -0.49620000 -0.85380000 0.15730000
vn -0.49470000 -0.85910000 0.13140000
vn -0.49360000 -0.86330000 0.10540000
vn -0.49260000 -0.86660000 0.07920000
vn -0.49190000 -0.86900000 0.05280000
vn -0.49160000 -0.87040000 0.02640000
vn -0.87090000 0.49080000 0.02640000
vn -0.87050000 0.48930000 0.05280000
vn -0.86980000 0.48710000 0.07920000
vn -0.86880000 0.48390000 0.10540000
vn -0.86760000 0.47960000 0.13140000
vn -0.86620000 0.47430000 0.15730000
vn -0.86440000 0.46830000 0.18300000
vn -0.86260000 0.46100000 0.20840000
vn -0.86030000 0.45310000 0.23350000
vn -0.85780000 0.44430000 0.25840000
vn -0.85510000 0.43450000 0.28280000
vn -0.85220000 0.42390000 0.30680000
vn -0.84890000 0.41240000 0.33040000
vn -0.84550000 0.40010000 0.35360000
vn -0.84180000 0.38700000 0.37630000
vn -0.83790000 0.37310000 0.39840000
vn -0.83380000 0.35830000 0.41990000
vn -0.82950000 0.34280000 0.44090000
vn -0.82500000 0.32650000 0.46120000
vn -0.82030000 0.30960000 0.48090000
vn -0.81520000 0.29200000 0.50010000
vn -0.81030000 0.27340000 0.51830000
vn -0.80500000 0.25450000 0.53590000
vn -0.79950000 0.23490000 0.55280000
vn -0.79390000 0.21470000 0.56890000
vn -0.78810000 0.19390000 0.58420000
vn -0.78210000 0.17250000 0.59870000
vn -0.77610000 0.15070000 0.61240000
vn -0.76980000 0.12850000 0.62520000
vn -0.76350000 0.10580000 0.63710000
vn -0.75720000 0.08260000 0.64800000
vn -0.75050000 0.05910000 0.65820000
vn -0.74380000 0.03530000 0.66740000
vn -0.73710000 0.01100000 0.67570000
vn -0.73030000 -0.01350000 0.68300000
vn -0.72340000 -0.03820000 0.68940000
vn -0.71650000 -0.06310000 0.69470000
vn -0.70950000 -0.08830000 0.69910000
vn -0.70240000 -0.11350000 0.70260000
vn -0.69540000 -0.13890000 0.70510000
vn -0.68830000 -0.16430000 0.70660000
vn -0.49160000 -0.87040000 0.02640000
vn -0.49190000 -0.86900000 0.05280000
vn -0.49260000 -0.86660000 0.07920000
vn -0.49360000 -0.86330000 0.10540000
vn -0.49470000 -0.85910000 0.13140000
vn -0.49620000 -0.85380000 0.15730000
vn -0.49800000 -0.84770000 0.18300000
vn -0.49990000 -0.84060000 0.20840000
vn -0.50200000 -0.83270000 0.23350000
vn -0.50450000 -0.82390000 0.25830000
vn -0.50730000 -0.81410000 0.28280000
vn -0.51020000 -0.80350000 0.30680000
vn -0.51340000 -0.79200000 0.33040000
vn -0.51690000 -0.77960000 0.35360000
vn -0.52050000 -0.76650000 0.37620000
vn -0.52440000 -0.75250000 0.39840000
vn -0.52850000 -0.73780000 0.41990000
vn -0.53280000 -0.72230000 0.44090000
vn -0.53730000 -0.70610000 0.46120000
vn -0.54210000 -0.68910000 0.48090000
vn -0.54700000 -0.67140000 0.50000000
vn -0.55210000 -0.65310000 0.51830000
vn -0.55740000 -0.63410000 0.53590000
vn -0.56290000 -0.61440000 0.55290000
vn -0.56840000 -0.59420000 0.56910000
vn -0.57430000 -0.57350000 0.58420000
vn -0.58020000 -0.55210000 0.59880000
vn -0.58630000 -0.53030000 0.61240000
vn -0.59260000 -0.50790000 0.62510000
vn -0.59890000 -0.48530000 0.63710000
vn -0.60530000 -0.46220000 0.64810000
vn -0.61190000 -0.43860000 0.65820000
vn -0.61850000 -0.41470000 0.66740000
vn -0.62530000 -0.39050000 0.67570000
vn -0.63200000 -0.36600000 0.68310000
vn -0.63890000 -0.34140000 0.68940000
vn -0.64590000 -0.31640000 0.69470000
vn -0.65290000 -0.29130000 0.69920000
vn -0.65990000 -0.26600000 0.70270000
vn -0.66700000 -0.24070000 0.70510000
vn -0.67410000 -0.21530000 0.70660000
vn -0.68120000 -0.18980000 0.70710000
vn -0.68830000 -0.16430000 0.70660000
vn -0.69540000 -0.13890000 0.70510000
vn -0.70250000 -0.11350000 0.70260000
vn -0.70950000 -0.08830000 0.69910000
vn -0.71650000 -0.06310000 0.69470000
vn -0.72340000 -0.03820000 0.68930000
vn -0.73030000 -0.01350000 0.68300000
vn -0.73710000 0.01100000 0.67570000
vn -0.74380000 0.03530000 0.66740000
vn -0.75050000 0.05910000 0.65820000
vn -0.75730000 0.08230000 0.64790000
vn -0.76350000 0.10580000 0.63710000
vn -0.76980000 0.12850000 0.62520000
vn -0.77610000 0.15070000 0.61240000
vn -0.78210000 0.17280000 0.59870000
vn -0.78810000 0.19390000 0.58420000
vn -0.79390000 0.21470000 0.56890000
vn -0.79950000 0.23490000 0.55280000
vn -0.80500000 0.25450000 0.53590000
vn -0.81030000 0.27340000 0.51830000
vn -0.81530000 0.29200000 0.50000000
vn -0.82030000 0.30960000 0.48090000
vn -0.82500000 0.32650000 0.46120000
vn -0.82950000 0.34280000 0.44090000
vn -0.83380000 0.35830000 0.41990000
vn -0.83790000 0.37310000 0.39840000
vn -0.84180000 0.38700000 0.37630000
vn -0.84550000 0.40010000 0.35360000
vn -0.84900000 0.41240000 0.33040000
vn -0.85220000 0.42390000 0.30680000
vn -0.85510000 0.43450000 0.28280000
vn -0.85780000 0.44430000 0.25840000
vn -0.86030000 0.45310000 0.23350000
vn -0.86260000 0.46100000 0.20840000
vn -0.86460000 0.46800000 0.18300000
vn -0.86620000 0.47430000 0.15730000
vn -0.86770000 0.47940000 0.13140000
vn -0.86880000 0.48390000 0.10540000
vn -0.86980000 0.48710000 0.07920000
vn -0.87050000 0.48930000 0.05280000
vn -0.87090000 0.49080000 0.02640000
vn 0.26840000 -0.96330000 -0.00000000
vn 0.26840000 -0.96330000 -0.00000000
vn -0.00000000 -0.00010000 -1.00000000
vn -0.00000000 -0.00000000 -1.00000000
vn -0.26840000 0.96330000 -0.00000000
vn -0.26840000 0.96330000 -0.00000000
vn 0.26830000 -0.96320000 -0.01870000
vn 0.26820000 -0.96260000 -0.03740000
vn 0.26790000 -0.96180000 -0.05610000
vn 0.26760000 -0.96060000 -0.07470000
vn 0.26720000 -0.95910000 -0.09340000
vn 0.26670000 -0.95730000 -0.11200000
vn 0.26600000 -0.95510000 -0.13050000
vn 0.26530000 -0.95260000 -0.14900000
vn 0.26460000 -0.94970000 -0.16750000
vn 0.26370000 -0.94650000 -0.18590000
vn 0.26270000 -0.94300000 -0.20430000
vn 0.26160000 -0.93920000 -0.22250000
vn 0.26040000 -0.93500000 -0.24070000
vn 0.25920000 -0.93050000 -0.25880000
vn 0.25790000 -0.92570000 -0.27680000
vn 0.25650000 -0.92050000 -0.29480000
vn 0.25490000 -0.91510000 -0.31260000
vn 0.25330000 -0.90930000 -0.33030000
vn 0.25160000 -0.90310000 -0.34790000
vn 0.24980000 -0.89670000 -0.36530000
vn 0.24790000 -0.89000000 -0.38260000
vn 0.24590000 -0.88290000 -0.39990000
vn 0.24390000 -0.87560000 -0.41700000
vn 0.24180000 -0.86790000 -0.43390000
vn 0.23960000 -0.85990000 -0.45070000
vn 0.23720000 -0.85170000 -0.46730000
vn 0.23490000 -0.84310000 -0.48370000
vn 0.23230000 -0.83430000 -0.50000000
vn 0.22990000 -0.82510000 -0.51610000
vn 0.22720000 -0.81570000 -0.53200000
vn 0.22450000 -0.80590000 -0.54780000
vn 0.22170000 -0.79590000 -0.56330000
vn 0.21880000 -0.78560000 -0.57870000
vn 0.21590000 -0.77510000 -0.59380000
vn 0.21280000 -0.76440000 -0.60860000
vn 0.20980000 -0.75320000 -0.62350000
vn 0.20660000 -0.74180000 -0.63800000
vn 0.20340000 -0.73020000 -0.65230000
vn 0.20010000 -0.71830000 -0.66640000
vn 0.19670000 -0.70620000 -0.68020000
vn 0.19330000 -0.69380000 -0.69380000
vn 0.18980000 -0.68110000 -0.70720000
vn 0.18620000 -0.66830000 -0.72020000
vn 0.18250000 -0.65530000 -0.73300000
vn 0.17880000 -0.64190000 -0.74560000
vn 0.17500000 -0.62840000 -0.75800000
vn 0.17120000 -0.61460000 -0.77000000
vn 0.16730000 -0.60060000 -0.78180000
vn 0.16340000 -0.58650000 -0.79330000
vn 0.15940000 -0.57200000 -0.80460000
vn 0.15530000 -0.55750000 -0.81560000
vn 0.15110000 -0.54270000 -0.82620000
vn 0.14700000 -0.52770000 -0.83660000
vn 0.14280000 -0.51250000 -0.84670000
vn 0.13850000 -0.49720000 -0.85650000
vn 0.13420000 -0.48150000 -0.86610000
vn 0.12980000 -0.46600000 -0.87520000
vn 0.12540000 -0.45010000 -0.88410000
vn 0.12090000 -0.43410000 -0.89270000
vn 0.11640000 -0.41800000 -0.90100000
vn 0.11190000 -0.40170000 -0.90890000
vn 0.10730000 -0.38520000 -0.91660000
vn 0.10280000 -0.36860000 -0.92390000
vn 0.09800000 -0.35190000 -0.93090000
vn 0.09330000 -0.33510000 -0.93750000
vn 0.08870000 -0.31820000 -0.94390000
vn 0.08390000 -0.30110000 -0.94990000
vn 0.07910000 -0.28390000 -0.95560000
vn 0.07430000 -0.26670000 -0.96090000
vn 0.06950000 -0.24930000 -0.96590000
vn 0.06460000 -0.23190000 -0.97060000
vn 0.05970000 -0.21440000 -0.97490000
vn 0.05480000 -0.19680000 -0.97890000
vn 0.04990000 -0.17910000 -0.98260000
vn 0.04490000 -0.16140000 -0.98590000
vn 0.04000000 -0.14360000 -0.98880000
vn 0.03500000 -0.12570000 -0.99140000
vn 0.03000000 -0.10790000 -0.99370000
vn 0.02500000 -0.09000000 -0.99560000
vn 0.02010000 -0.07200000 -0.99720000
vn 0.01510000 -0.05400000 -0.99840000
vn 0.01000000 -0.03600000 -0.99930000
vn 0.00500000 -0.01800000 -0.99980000
vn -0.00500000 0.01800000 -0.99980000
vn -0.01000000 0.03600000 -0.99930000
vn -0.01510000 0.05400000 -0.99840000
vn -0.02010000 0.07200000 -0.99720000
vn -0.02510000 0.08990000 -0.99560000
vn -0.03010000 0.10790000 -0.99370000
vn -0.03510000 0.12570000 -0.99140000
vn -0.04000000 0.14360000 -0.98880000
vn -0.04490000 0.16140000 -0.98590000
vn -0.04990000 0.17910000 -0.98260000
vn -0.05480000 0.19670000 -0.97890000
vn -0.05970000 0.21440000 -0.97490000
vn -0.06460000 0.23190000 -0.97060000
vn -0.06950000 0.24930000 -0.96590000
vn -0.07430000 0.26670000 -0.96090000
vn -0.07910000 0.28390000 -0.95560000
vn -0.08390000 0.30110000 -0.94990000
vn -0.08860000 0.31820000 -0.94390000
vn -0.09330000 0.33510000 -0.93760000
vn -0.09810000 0.35190000 -0.93090000
vn -0.10270000 0.36870000 -0.92390000
vn -0.10730000 0.38520000 -0.91660000
vn -0.11190000 0.40170000 -0.90890000
vn -0.11650000 0.41800000 -0.90090000
vn -0.12090000 0.43410000 -0.89270000
vn -0.12540000 0.45010000 -0.88410000
vn -0.12980000 0.46600000 -0.87520000
vn -0.13430000 0.48160000 -0.86610000
vn -0.13850000 0.49720000 -0.85650000
vn -0.14280000 0.51250000 -0.84670000
vn -0.14700000 0.52770000 -0.83660000
vn -0.15120000 0.54270000 -0.82620000
vn -0.15530000 0.55740000 -0.81560000
vn -0.15940000 0.57200000 -0.80460000
vn -0.16340000 0.58640000 -0.79340000
vn -0.16730000 0.60060000 -0.78180000
vn -0.17120000 0.61460000 -0.77000000
vn -0.17500000 0.62840000 -0.75800000
vn -0.17880000 0.64190000 -0.74560000
vn -0.18250000 0.65520000 -0.73310000
vn -0.18620000 0.66830000 -0.72020000
vn -0.18980000 0.68100000 -0.70720000
vn -0.19330000 0.69380000 -0.69380000
vn -0.19670000 0.70620000 -0.68020000
vn -0.20010000 0.71830000 -0.66630000
vn -0.20340000 0.73020000 -0.65230000
vn -0.20660000 0.74180000 -0.63800000
vn -0.20980000 0.75310000 -0.62350000
vn -0.21290000 0.76420000 -0.60880000
vn -0.21590000 0.77510000 -0.59380000
vn -0.21890000 0.78560000 -0.57870000
vn -0.22170000 0.79590000 -0.56330000
vn -0.22450000 0.80590000 -0.54780000
vn -0.22720000 0.81570000 -0.53200000
vn -0.22990000 0.82510000 -0.51610000
vn -0.23250000 0.83420000 -0.50000000
vn -0.23490000 0.84310000 -0.48370000
vn -0.23730000 0.85170000 -0.46730000
vn -0.23960000 0.85990000 -0.45070000
vn -0.24180000 0.86790000 -0.43390000
vn -0.24390000 0.87560000 -0.41700000
vn -0.24600000 0.88290000 -0.39990000
vn -0.24790000 0.88990000 -0.38280000
vn -0.24980000 0.89670000 -0.36530000
vn -0.25160000 0.90310000 -0.34790000
vn -0.25330000 0.90930000 -0.33030000
vn -0.25490000 0.91500000 -0.31260000
vn -0.25640000 0.92050000 -0.29480000
vn -0.25790000 0.92570000 -0.27680000
vn -0.25910000 0.93050000 -0.25880000
vn -0.26050000 0.93500000 -0.24070000
vn -0.26160000 0.93920000 -0.22250000
vn -0.26270000 0.94300000 -0.20430000
vn -0.26370000 0.94650000 -0.18590000
vn -0.26460000 0.94970000 -0.16750000
vn -0.26540000 0.95260000 -0.14900000
vn -0.26600000 0.95510000 -0.13060000
vn -0.26670000 0.95730000 -0.11200000
vn -0.26720000 0.95910000 -0.09340000
vn -0.26760000 0.96060000 -0.07470000
vn -0.26800000 0.96180000 -0.05610000
vn -0.26820000 0.96260000 -0.03740000
vn -0.26830000 0.96320000 -0.01870000
vn -0.26810000 0.96240000 -0.04360000
vn -0.26730000 0.95970000 -0.08720000
vn -0.26610000 0.95510000 -0.13050000
vn -0.26440000 0.94870000 -0.17360000
vn -0.26200000 0.94050000 -0.21640000
vn -0.25930000 0.93050000 -0.25880000
vn -0.25600000 0.91870000 -0.30070000
vn -0.25220000 0.90520000 -0.34200000
vn -0.24790000 0.89000000 -0.38270000
vn -0.24320000 0.87310000 -0.42260000
vn -0.23800000 0.85450000 -0.46170000
vn -0.23240000 0.83430000 -0.50000000
vn -0.22630000 0.81250000 -0.53730000
vn -0.21950000 0.78890000 -0.57400000
vn -0.21290000 0.76420000 -0.60880000
vn -0.20560000 0.73790000 -0.64280000
vn -0.19790000 0.71020000 -0.67560000
vn -0.18970000 0.68120000 -0.70710000
vn -0.18130000 0.65080000 -0.73730000
vn -0.17250000 0.61920000 -0.76600000
vn -0.16340000 0.58640000 -0.79340000
vn -0.15390000 0.55250000 -0.81920000
vn -0.14420000 0.51760000 -0.84340000
vn -0.13420000 0.48170000 -0.86600000
vn -0.12390000 0.44480000 -0.88700000
vn -0.11340000 0.40710000 -0.90630000
vn -0.10270000 0.36860000 -0.92390000
vn -0.09180000 0.32950000 -0.93970000
vn -0.08070000 0.28970000 -0.95370000
vn -0.06940000 0.24930000 -0.96590000
vn -0.05810000 0.20850000 -0.97630000
vn -0.04660000 0.16730000 -0.98480000
vn -0.03500000 0.12570000 -0.99140000
vn -0.02340000 0.08400000 -0.99620000
vn -0.01170000 0.04200000 -0.99900000
vn 0.01170000 -0.04200000 -0.99900000
vn 0.02340000 -0.08400000 -0.99620000
vn 0.03500000 -0.12570000 -0.99140000
vn 0.04660000 -0.16730000 -0.98480000
vn 0.05810000 -0.20850000 -0.97630000
vn 0.06950000 -0.24930000 -0.96590000
vn 0.08070000 -0.28970000 -0.95370000
vn 0.09180000 -0.32950000 -0.93970000
vn 0.10270000 -0.36860000 -0.92390000
vn 0.11340000 -0.40710000 -0.90630000
vn 0.12390000 -0.44480000 -0.88700000
vn 0.13420000 -0.48170000 -0.86600000
vn 0.14420000 -0.51760000 -0.84340000
vn 0.15390000 -0.55250000 -0.81920000
vn 0.16340000 -0.58640000 -0.79340000
vn 0.17250000 -0.61920000 -0.76600000
vn 0.18130000 -0.65080000 -0.73730000
vn 0.18980000 -0.68120000 -0.70710000
vn 0.19780000 -0.71020000 -0.67560000
vn 0.20560000 -0.73790000 -0.64280000
vn 0.21290000 -0.76430000 -0.60880000
vn 0.21990000 -0.78910000 -0.57360000
vn 0.22630000 -0.81250000 -0.53730000
vn 0.23240000 -0.83430000 -0.49990000
vn 0.23800000 -0.85450000 -0.46170000
vn 0.24320000 -0.87310000 -0.42250000
vn 0.24790000 -0.89000000 -0.38270000
vn 0.25220000 -0.90520000 -0.34200000
vn 0.25590000 -0.91870000 -0.30070000
vn 0.25920000 -0.93050000 -0.25880000
vn 0.26200000 -0.94050000 -0.21640000
vn 0.26430000 -0.94870000 -0.17370000
vn 0.26610000 -0.95510000 -0.13050000
vn 0.26730000 -0.95970000 -0.08720000
vn 0.26810000 -0.96240000 -0.04360000
vn -0.26840000 0.96330000 -0.00000000
vn -0.26840000 0.96330000 -0.00000000
vn -0.00000000 -0.00000000 1.00000000
vn -0.00000000 -0.00000000 1.00000000
vn 0.26840000 -0.96330000 -0.00000000
vn 0.26840000 -0.96330000 -0.00000000
vn -0.26820000 0.96260000 0.03740000
vn -0.26760000 0.96060000 0.07470000
vn -0.26670000 0.95720000 0.11200000
vn -0.26540000 0.95260000 0.14900000
vn -0.26370000 0.94650000 0.18590000
vn -0.26160000 0.93920000 0.22250000
vn -0.25920000 0.93050000 0.25880000
vn -0.25650000 0.92050000 0.29470000
vn -0.25330000 0.90930000 0.33030000
vn -0.24980000 0.89670000 0.36540000
vn -0.24600000 0.88290000 0.39990000
vn -0.24180000 0.86790000 0.43390000
vn -0.23730000 0.85170000 0.46730000
vn -0.23240000 0.83430000 0.50000000
vn -0.22720000 0.81570000 0.53200000
vn -0.22170000 0.79590000 0.56330000
vn -0.21590000 0.77510000 0.59380000
vn -0.20980000 0.75310000 0.62350000
vn -0.20340000 0.73020000 0.65230000
vn -0.19670000 0.70610000 0.68020000
vn -0.18970000 0.68120000 0.70710000
vn -0.18250000 0.65520000 0.73310000
vn -0.17500000 0.62840000 0.75800000
vn -0.16730000 0.60060000 0.78180000
vn -0.15940000 0.57200000 0.80460000
vn -0.15120000 0.54270000 0.82620000
vn -0.14280000 0.51250000 0.84670000
vn -0.13420000 0.48170000 0.86600000
vn -0.12540000 0.45010000 0.88410000
vn -0.11640000 0.41800000 0.90100000
vn -0.10730000 0.38520000 0.91660000
vn -0.09800000 0.35190000 0.93090000
vn -0.08860000 0.31810000 0.94390000
vn -0.07910000 0.28400000 0.95560000
vn -0.06950000 0.24930000 0.96590000
vn -0.05970000 0.21440000 0.97490000
vn -0.04990000 0.17910000 0.98260000
vn -0.04000000 0.14360000 0.98880000
vn -0.03000000 0.10790000 0.99370000
vn -0.02010000 0.07200000 0.99720000
vn -0.01010000 0.03600000 0.99930000
vn 0.01000000 -0.03600000 0.99930000
vn 0.02000000 -0.07200000 0.99720000
vn 0.03000000 -0.10790000 0.99370000
vn 0.04000000 -0.14360000 0.98880000
vn 0.04990000 -0.17910000 0.98260000
vn 0.05970000 -0.21440000 0.97490000
vn 0.06950000 -0.24930000 0.96590000
vn 0.07910000 -0.28390000 0.95560000
vn 0.08860000 -0.31820000 0.94390000
vn 0.09800000 -0.35190000 0.93090000
vn 0.10730000 -0.38520000 0.91660000
vn 0.11640000 -0.41800000 0.90100000
vn 0.12540000 -0.45010000 0.88410000
vn 0.13420000 -0.48170000 0.86600000
vn 0.14280000 -0.51250000 0.84670000
vn 0.15120000 -0.54270000 0.82620000
vn 0.15930000 -0.57200000 0.80460000
vn 0.16730000 -0.60060000 0.78180000
vn 0.17500000 -0.62840000 0.75800000
vn 0.18250000 -0.65520000 0.73300000
vn 0.18970000 -0.68120000 0.70710000
vn 0.19670000 -0.70620000 0.68020000
vn 0.20340000 -0.73020000 0.65230000
vn 0.20980000 -0.75310000 0.62350000
vn 0.21590000 -0.77510000 0.59380000
vn 0.22170000 -0.79590000 0.56330000
vn 0.22720000 -0.81570000 0.53200000
vn 0.23240000 -0.83430000 0.50000000
vn 0.23730000 -0.85170000 0.46730000
vn 0.24180000 -0.86790000 0.43390000
vn 0.24600000 -0.88290000 0.39990000
vn 0.24980000 -0.89670000 0.36530000
vn 0.25330000 -0.90930000 0.33030000
vn 0.25640000 -0.92050000 0.29480000
vn 0.25920000 -0.93050000 0.25880000
vn 0.26160000 -0.93920000 0.22250000
vn 0.26370000 -0.94650000 0.18590000
vn 0.26540000 -0.95260000 0.14900000
vn 0.26670000 -0.95730000 0.11200000
vn 0.26760000 -0.96060000 0.07470000
vn 0.26820000 -0.96260000 0.03740000
vn 0.26810000 -0.96240000 0.04360000
vn 0.26730000 -0.95970000 0.08710000
vn 0.26610000 -0.95510000 0.13050000
vn 0.26430000 -0.94870000 0.17360000
vn 0.26200000 -0.94050000 0.21640000
vn 0.25920000 -0.93050000 0.25880000
vn 0.25590000 -0.91870000 0.30070000
vn 0.25210000 -0.90520000 0.34200000
vn 0.24790000 -0.89000000 0.38270000
vn 0.24320000 -0.87310000 0.42260000
vn 0.23800000 -0.85450000 0.46180000
vn 0.23240000 -0.83430000 0.50000000
vn 0.22630000 -0.81250000 0.53730000
vn 0.21980000 -0.78910000 0.57360000
vn 0.21290000 -0.76420000 0.60880000
vn 0.20560000 -0.73790000 0.64280000
vn 0.19780000 -0.71020000 0.67560000
vn 0.18980000 -0.68120000 0.70710000
vn 0.18130000 -0.65080000 0.73730000
vn 0.17250000 -0.61920000 0.76610000
vn 0.16340000 -0.58640000 0.79340000
vn 0.15390000 -0.55250000 0.81920000
vn 0.14420000 -0.51760000 0.84340000
vn 0.13420000 -0.48170000 0.86600000
vn 0.12390000 -0.44480000 0.88700000
vn 0.11340000 -0.40710000 0.90630000
vn 0.10270000 -0.36860000 0.92390000
vn 0.09180000 -0.32950000 0.93970000
vn 0.08070000 -0.28970000 0.95370000
vn 0.06950000 -0.24930000 0.96590000
vn 0.05810000 -0.20850000 0.97630000
vn 0.04660000 -0.16730000 0.98480000
vn 0.03500000 -0.12570000 0.99140000
vn 0.02340000 -0.08400000 0.99620000
vn 0.01170000 -0.04200000 0.99900000
vn -0.01170000 0.04200000 0.99900000
vn -0.02340000 0.08400000 0.99620000
vn -0.03500000 0.12570000 0.99140000
vn -0.04660000 0.16730000 0.98480000
vn -0.05810000 0.20850000 0.97630000
vn -0.06940000 0.24930000 0.96590000
vn -0.08070000 0.28970000 0.95370000
vn -0.09180000 0.32950000 0.93970000
vn -0.10270000 0.36860000 0.92390000
vn -0.11340000 0.40710000 0.90630000
vn -0.12390000 0.44480000 0.88700000
vn -0.13420000 0.48170000 0.86600000
vn -0.14420000 0.51760000 0.84340000
vn -0.15390000 0.55250000 0.81920000
vn -0.16340000 0.58640000 0.79340000
vn -0.17250000 0.61920000 0.76600000
vn -0.18130000 0.65080000 0.73730000
vn -0.18980000 0.68120000 0.70710000
vn -0.19780000 0.71020000 0.67560000
vn -0.20560000 0.73790000 0.64280000
vn -0.21290000 0.76430000 0.60880000
vn -0.21980000 0.78910000 0.57360000
vn -0.22630000 0.81250000 0.53730000
vn -0.23240000 0.83430000 0.50000000
vn -0.23800000 0.85450000 0.46170000
vn -0.24320000 0.87310000 0.42260000
vn -0.24790000 0.89000000 0.38270000
vn -0.25220000 0.90520000 0.34200000
vn -0.25590000 0.91880000 0.30070000
vn -0.25920000 0.93050000 0.25880000
vn -0.26200000 0.94050000 0.21650000
vn -0.26420000 0.94870000 0.17360000
vn -0.26610000 0.95510000 0.13050000
vn -0.26740000 0.95960000 0.08720000
vn -0.26810000 0.96240000 0.04360000
vn 0.97350000 0.22860000 -0.00000000
vn 0.97350000 0.22860000 -0.00000000
vn 0.96250000 0.26830000 -0.04120000
vn 0.95150000 0.30760000 -0.00010000
vn 0.95150000 0.30760000 -0.00040000
vn 0.97350000 0.22880000 -0.00140000
vn 0.97350000 0.22870000 -0.00350000
vn 0.97340000 0.22900000 -0.00520000
vn 0.97340000 0.22920000 -0.00710000
vn 0.97330000 0.22950000 -0.00890000
vn 0.97320000 0.22990000 -0.01080000
vn 0.97300000 0.23040000 -0.01230000
vn 0.97290000 0.23100000 -0.01400000
vn 0.97270000 0.23150000 -0.01590000
vn 0.97250000 0.23220000 -0.01740000
vn 0.97230000 0.23310000 -0.01900000
vn 0.97200000 0.23390000 -0.02070000
vn 0.97180000 0.23480000 -0.02210000
vn 0.97150000 0.23570000 -0.02370000
vn 0.97130000 0.23640000 -0.02500000
vn 0.97090000 0.23790000 -0.02640000
vn 0.97070000 0.23880000 -0.02780000
vn 0.97030000 0.24010000 -0.02870000
vn 0.96990000 0.24140000 -0.03030000
vn 0.96960000 0.24250000 -0.03140000
vn 0.96920000 0.24410000 -0.03260000
vn 0.96890000 0.24520000 -0.03340000
vn 0.96850000 0.24640000 -0.03480000
vn 0.96800000 0.24830000 -0.03530000
vn 0.96760000 0.24990000 -0.03640000
vn 0.96710000 0.25160000 -0.03770000
vn 0.96670000 0.25310000 -0.03800000
vn 0.96630000 0.25450000 -0.03840000
vn 0.96580000 0.25620000 -0.03900000
vn 0.96530000 0.25800000 -0.03970000
vn 0.96490000 0.25960000 -0.03990000
vn 0.96440000 0.26130000 -0.04040000
vn 0.96390000 0.26310000 -0.04080000
vn 0.96350000 0.26470000 -0.04080000
vn 0.96310000 0.26620000 -0.04100000
vn 0.96200000 0.26980000 -0.04100000
vn 0.96150000 0.27160000 -0.04090000
vn 0.96100000 0.27340000 -0.04060000
vn 0.96060000 0.27500000 -0.04050000
vn 0.96010000 0.27660000 -0.04020000
vn 0.95960000 0.27850000 -0.03970000
vn 0.95920000 0.28000000 -0.03920000
vn 0.95870000 0.28170000 -0.03830000
vn 0.95840000 0.28280000 -0.03790000
vn 0.95790000 0.28480000 -0.03720000
vn 0.95740000 0.28640000 -0.03640000
vn 0.95700000 0.28800000 -0.03550000
vn 0.95660000 0.28940000 -0.03480000
vn 0.95620000 0.29080000 -0.03360000
vn 0.95590000 0.29200000 -0.03250000
vn 0.95540000 0.29360000 -0.03150000
vn 0.95500000 0.29490000 -0.03050000
vn 0.95470000 0.29620000 -0.02900000
vn 0.95440000 0.29730000 -0.02780000
vn 0.95410000 0.29840000 -0.02640000
vn 0.95380000 0.29960000 -0.02490000
vn 0.95350000 0.30050000 -0.02370000
vn 0.95320000 0.30150000 -0.02180000
vn 0.95300000 0.30240000 -0.02050000
vn 0.95280000 0.30300000 -0.01900000
vn 0.95250000 0.30400000 -0.01730000
vn 0.95210000 0.30530000 -0.01580000
vn 0.95220000 0.30530000 -0.01400000
vn 0.95200000 0.30580000 -0.01230000
vn 0.95180000 0.30640000 -0.01050000
vn 0.95180000 0.30670000 -0.00890000
vn 0.95170000 0.30710000 -0.00710000
vn 0.95160000 0.30740000 -0.00520000
vn 0.95150000 0.30750000 -0.00350000
vn 0.95150000 0.30750000 -0.00200000
vn 0.95150000 0.30770000 -0.00030000
vn 0.95150000 0.30770000 -0.00320000
vn 0.95170000 0.30710000 -0.00570000
vn 0.95170000 0.30700000 -0.00870000
vn 0.95190000 0.30630000 -0.01070000
vn 0.95210000 0.30540000 -0.01330000
vn 0.95230000 0.30470000 -0.01600000
vn 0.95270000 0.30330000 -0.01830000
vn 0.95310000 0.30200000 -0.02070000
vn 0.95360000 0.30030000 -0.02280000
vn 0.95390000 0.29920000 -0.02510000
vn 0.95420000 0.29800000 -0.02800000
vn 0.95470000 0.29600000 -0.02930000
vn 0.95520000 0.29430000 -0.03130000
vn 0.95580000 0.29210000 -0.03260000
vn 0.95640000 0.29000000 -0.03440000
vn 0.95700000 0.28780000 -0.03580000
vn 0.95770000 0.28540000 -0.03700000
vn 0.95830000 0.28310000 -0.03810000
vn 0.95900000 0.28070000 -0.03870000
vn 0.95970000 0.27820000 -0.03980000
vn 0.96040000 0.27560000 -0.04040000
vn 0.96110000 0.27310000 -0.04070000
vn 0.96180000 0.27050000 -0.04120000
vn 0.96250000 0.26820000 -0.04120000
vn 0.96330000 0.26530000 -0.04100000
vn 0.96400000 0.26280000 -0.04080000
vn 0.96470000 0.26050000 -0.04000000
vn 0.96540000 0.25770000 -0.03980000
vn 0.96610000 0.25520000 -0.03870000
vn 0.96680000 0.25260000 -0.03760000
vn 0.96740000 0.25040000 -0.03690000
vn 0.96810000 0.24820000 -0.03580000
vn 0.96870000 0.24600000 -0.03410000
vn 0.96930000 0.24380000 -0.03210000
vn 0.96990000 0.24150000 -0.03100000
vn 0.97030000 0.24000000 -0.02910000
vn 0.97080000 0.23820000 -0.02700000
vn 0.97120000 0.23710000 -0.02480000
vn 0.97170000 0.23530000 -0.02310000
vn 0.97210000 0.23360000 -0.02070000
vn 0.97240000 0.23250000 -0.01810000
vn 0.97270000 0.23160000 -0.01610000
vn 0.97300000 0.23050000 -0.01310000
vn 0.97320000 0.22990000 -0.01030000
vn 0.97340000 0.22910000 -0.00790000
vn 0.97340000 0.22910000 -0.00530000
vn 0.97350000 0.22890000 -0.00270000
vn 0.95150000 0.30770000 -0.00050000
vn 0.95150000 0.30770000 -0.00170000
vn 0.95150000 0.30770000 -0.00190000
vn 0.95150000 0.30760000 -0.00090000
vn 0.95140000 0.30780000 -0.00100000
vn 0.97350000 0.22860000 -0.00010000
vn 0.95150000 0.30770000 -0.00000000
vn 0.95150000 0.30770000 -0.00000000
vn 0.96250000 0.26830000 0.04100000
vn 0.97350000 0.22860000 0.00010000
vn 0.97350000 0.22870000 0.00010000
vn 0.95160000 0.30740000 0.00170000
vn 0.95160000 0.30740000 0.00320000
vn 0.95160000 0.30730000 0.00520000
vn 0.95170000 0.30710000 0.00710000
vn 0.95180000 0.30670000 0.00890000
vn 0.95190000 0.30630000 0.01050000
vn 0.95200000 0.30590000 0.01230000
vn 0.95220000 0.30530000 0.01410000
vn 0.95230000 0.30470000 0.01590000
vn 0.95250000 0.30400000 0.01730000
vn 0.95270000 0.30320000 0.01920000
vn 0.95300000 0.30230000 0.02030000
vn 0.95320000 0.30150000 0.02210000
vn 0.95350000 0.30060000 0.02360000
vn 0.95380000 0.29950000 0.02510000
vn 0.95410000 0.29840000 0.02640000
vn 0.95440000 0.29730000 0.02780000
vn 0.95470000 0.29600000 0.02940000
vn 0.95510000 0.29490000 0.03030000
vn 0.95540000 0.29350000 0.03150000
vn 0.95580000 0.29240000 0.03230000
vn 0.95620000 0.29080000 0.03360000
vn 0.95660000 0.28930000 0.03460000
vn 0.95700000 0.28800000 0.03540000
vn 0.95740000 0.28640000 0.03640000
vn 0.95780000 0.28490000 0.03710000
vn 0.95830000 0.28310000 0.03800000
vn 0.95870000 0.28170000 0.03860000
vn 0.95920000 0.28000000 0.03920000
vn 0.95970000 0.27820000 0.03970000
vn 0.96010000 0.27670000 0.04010000
vn 0.96060000 0.27500000 0.04040000
vn 0.96100000 0.27350000 0.04060000
vn 0.96160000 0.27140000 0.04090000
vn 0.96200000 0.26980000 0.04100000
vn 0.96300000 0.26630000 0.04100000
vn 0.96350000 0.26460000 0.04060000
vn 0.96400000 0.26290000 0.04060000
vn 0.96440000 0.26130000 0.04050000
vn 0.96480000 0.25970000 0.04030000
vn 0.96540000 0.25780000 0.03960000
vn 0.96580000 0.25630000 0.03920000
vn 0.96630000 0.25460000 0.03860000
vn 0.96670000 0.25290000 0.03800000
vn 0.96720000 0.25140000 0.03720000
vn 0.96760000 0.24980000 0.03630000
vn 0.96800000 0.24830000 0.03530000
vn 0.96840000 0.24700000 0.03470000
vn 0.96890000 0.24510000 0.03360000
vn 0.96920000 0.24420000 0.03280000
vn 0.96960000 0.24270000 0.03150000
vn 0.96990000 0.24150000 0.03030000
vn 0.97040000 0.23990000 0.02910000
vn 0.97060000 0.23900000 0.02780000
vn 0.97100000 0.23780000 0.02610000
vn 0.97130000 0.23670000 0.02490000
vn 0.97160000 0.23560000 0.02340000
vn 0.97180000 0.23480000 0.02200000
vn 0.97200000 0.23410000 0.02070000
vn 0.97240000 0.23270000 0.01890000
vn 0.97260000 0.23200000 0.01720000
vn 0.97270000 0.23150000 0.01580000
vn 0.97280000 0.23100000 0.01410000
vn 0.97290000 0.23070000 0.01230000
vn 0.97320000 0.22990000 0.01070000
vn 0.97330000 0.22950000 0.00910000
vn 0.97340000 0.22900000 0.00710000
vn 0.97340000 0.22890000 0.00530000
vn 0.97340000 0.22890000 0.00380000
vn 0.97340000 0.22910000 0.00170000
vn 0.95150000 0.30770000 -0.00000000
vn 0.97350000 0.22860000 0.00010000
vn 0.97350000 0.22890000 0.00040000
vn 0.97350000 0.22850000 0.00320000
vn 0.97350000 0.22860000 0.00570000
vn 0.97330000 0.22940000 0.00820000
vn 0.97310000 0.22990000 0.01090000
vn 0.97290000 0.23090000 0.01340000
vn 0.97280000 0.23120000 0.01580000
vn 0.97240000 0.23240000 0.01840000
vn 0.97210000 0.23390000 0.02060000
vn 0.97160000 0.23530000 0.02340000
vn 0.97120000 0.23690000 0.02480000
vn 0.97080000 0.23840000 0.02760000
vn 0.97030000 0.24020000 0.02950000
vn 0.96970000 0.24230000 0.03100000
vn 0.96930000 0.24370000 0.03270000
vn 0.96860000 0.24630000 0.03440000
vn 0.96800000 0.24850000 0.03580000
vn 0.96730000 0.25100000 0.03770000
vn 0.96670000 0.25310000 0.03810000
vn 0.96590000 0.25600000 0.03920000
vn 0.96530000 0.25810000 0.03970000
vn 0.96460000 0.26080000 0.04030000
vn 0.96380000 0.26350000 0.04020000
vn 0.96320000 0.26570000 0.04100000
vn 0.96250000 0.26830000 0.04090000
vn 0.96170000 0.27120000 0.04080000
vn 0.96100000 0.27350000 0.04080000
vn 0.96030000 0.27610000 0.04030000
vn 0.95970000 0.27830000 0.03970000
vn 0.95890000 0.28110000 0.03910000
vn 0.95820000 0.28340000 0.03800000
vn 0.95760000 0.28560000 0.03670000
vn 0.95700000 0.28790000 0.03560000
vn 0.95630000 0.29030000 0.03410000
vn 0.95570000 0.29250000 0.03220000
vn 0.95520000 0.29440000 0.03090000
vn 0.95470000 0.29630000 0.02910000
vn 0.95430000 0.29770000 0.02700000
vn 0.95380000 0.29940000 0.02520000
vn 0.95330000 0.30120000 0.02280000
vn 0.95300000 0.30220000 0.02030000
vn 0.95250000 0.30410000 0.01840000
vn 0.95220000 0.30490000 0.01580000
vn 0.95210000 0.30560000 0.01310000
vn 0.95180000 0.30650000 0.01060000
vn 0.95180000 0.30660000 0.00810000
vn 0.95150000 0.30770000 0.00510000
vn 0.95150000 0.30770000 0.00270000
vn 0.97350000 0.22870000 0.00200000
vn 0.97350000 0.22850000 0.00190000
vn 0.97350000 0.22870000 0.00090000
vn 0.97360000 0.22840000 0.00110000
vn 0.96330000 0.26830000 0.00010000
vn 0.96330000 0.26840000 -0.00000000
vn 0.96330000 0.26840000 -0.00000000
vn 0.96330000 0.26830000 0.00010000
vn 0.96330000 0.26830000 -0.00000000
vn 0.96330000 0.26840000 -0.00000000
vn 0.96330000 0.26860000 -0.00000000
vn 0.96340000 0.26820000 -0.00000000
vn 0.96330000 0.26830000 -0.00000000
vn 0.96330000 0.26850000 -0.00000000
vn 0.96330000 0.26840000 -0.00000000
vn 0.96330000 0.26840000 -0.00000000
vn 0.96330000 0.26840000 -0.00000000
vn 0.96330000 0.26850000 -0.00000000
vn 0.96330000 0.26840000 -0.00000000
vn 0.96330000 0.26850000 0.00010000
vn 0.96330000 0.26840000 -0.00000000
vn 0.96330000 0.26860000 -0.00000000
vn 0.96330000 0.26840000 -0.00000000
vn 0.96330000 0.26840000 -0.00000000
vn 0.96330000 0.26840000 -0.00020000
vn 0.96330000 0.26830000 -0.00000000
vn 0.96330000 0.26840000 -0.00000000
vn 0.96330000 0.26830000 0.00020000
vn 0.96330000 0.26840000 -0.00000000
vn 0.96330000 0.26830000 0.00020000
vn 0.96330000 0.26840000 0.00010000
vn 0.96330000 0.26850000 0.00020000
vn 0.96330000 0.26840000 0.00020000
vn 0.96330000 0.26840000 -0.00000000
vn 0.96330000 0.26840000 -0.00000000
vn 0.96330000 0.26830000 0.00010000
vn 0.96330000 0.26830000 -0.00000000
vn 0.96330000 0.26850000 -0.00000000
vn 0.96330000 0.26850000 0.00020000
vn 0.96330000 0.26840000 -0.00000000
vn 0.96330000 0.26840000 -0.00000000
vn 0.96330000 0.26830000 -0.00000000
vn 0.96330000 0.26860000 -0.00020000
vn 0.96330000 0.26840000 -0.00000000
vn 0.96330000 0.26840000 -0.00000000
vn 0.96320000 0.26870000 -0.00000000
vn 0.96330000 0.26840000 -0.00000000
vn 0.96330000 0.26850000 -0.00000000
vn 0.96320000 0.26890000 0.00020000
vn 0.96330000 0.26830000 -0.00000000
vn 0.96330000 0.26850000 -0.00010000
vn 0.96330000 0.26840000 -0.00000000
vn 0.96330000 0.26850000 -0.00030000
vn 0.96340000 0.26810000 0.00010000
vn 0.96330000 0.26830000 -0.00020000
vn 0.96330000 0.26840000 -0.00020000
vn 0.96330000 0.26840000 0.00020000
vn 0.96330000 0.26850000 -0.00000000
vn 0.96330000 0.26840000 -0.00000000
vn 0.96330000 0.26840000 -0.00000000
vn 0.96330000 0.26860000 0.00010000
vn 0.96330000 0.26830000 -0.00000000
vn 0.96330000 0.26840000 -0.00000000
vn 0.96330000 0.26840000 -0.00000000
vn 0.96330000 0.26850000 -0.00000000
vn 0.96330000 0.26830000 -0.00030000
vn 0.96330000 0.26840000 -0.00000000
vn 0.96330000 0.26840000 -0.00000000
vn 0.96330000 0.26850000 -0.00000000
vn 0.96330000 0.26830000 -0.00020000
vn 0.96330000 0.26840000 -0.00000000
vn 0.96330000 0.26840000 -0.00000000
vn 0.96330000 0.26830000 -0.00000000
vn 0.96330000 0.26830000 -0.00020000
vn 0.96330000 0.26840000 -0.00000000
vn 0.96330000 0.26840000 -0.00000000
vn 0.96330000 0.26840000 0.00020000
vn 0.96330000 0.26830000 -0.00000000
vn 0.96330000 0.26830000 -0.00020000
vn 0.96330000 0.26860000 0.00010000
vn 0.96330000 0.26830000 -0.00000000
vn 0.96330000 0.26840000 0.00020000
vn 0.96330000 0.26840000 0.00020000
vn 0.96330000 0.26830000 -0.00020000
vn 0.96330000 0.26830000 0.00020000
vn 0.96330000 0.26840000 -0.00000000
vn 0.96330000 0.26850000 -0.00000000
vn 0.96330000 0.26850000 -0.00000000
vn 0.96330000 0.26840000 -0.00020000
vn 0.96330000 0.26830000 -0.00000000
vn 0.96330000 0.26840000 -0.00000000
vn 0.96320000 0.26880000 -0.00020000
vn 0.96320000 0.26860000 -0.00030000
vn 0.96330000 0.26830000 -0.00000000
vn 0.96330000 0.26840000 -0.00000000
vn 0.96330000 0.26830000 -0.00000000
vn 0.96340000 0.26800000 0.00010000
vn 0.96330000 0.26830000 -0.00000000
vn 0.96330000 0.26830000 0.00020000
vn 0.96330000 0.26830000 0.00020000
vn 0.96330000 0.26840000 -0.00000000
vn 0.96330000 0.26850000 -0.00020000
vn 0.96330000 0.26830000 -0.00000000
vn 0.96330000 0.26830000 0.00010000
vn 0.96330000 0.26840000 -0.00000000
vn 0.96330000 0.26850000 -0.00030000
vn 0.96330000 0.26830000 -0.00000000
vn 0.96330000 0.26830000 -0.00000000
vn 0.96340000 0.26800000 0.00020000
vn 0.96340000 0.26820000 0.00010000
vn 0.96330000 0.26830000 -0.00000000
vn 0.96330000 0.26840000 -0.00000000
vn 0.96340000 0.26820000 0.00030000
vn 0.96330000 0.26830000 -0.00000000
vn 0.96330000 0.26860000 0.00030000
vn 0.96330000 0.26850000 0.00040000
vn 0.96330000 0.26850000 -0.00000000
vn 0.96330000 0.26850000 -0.00060000
vn 0.96330000 0.26840000 -0.00040000
vn 0.96330000 0.26840000 -0.00000000
vn 0.96330000 0.26840000 -0.00000000
vn 0.96330000 0.26840000 0.00030000
vn 0.96340000 0.26820000 -0.00000000
vn 0.96330000 0.26830000 0.00020000
vn 0.96330000 0.26840000 -0.00000000
vn 0.96330000 0.26840000 -0.00000000
vn 0.96330000 0.26840000 -0.00000000
vn 0.96330000 0.26840000 -0.00020000
vn 0.96330000 0.26840000 -0.00000000
vn 0.96330000 0.26830000 -0.00010000
vn 0.96330000 0.26840000 -0.00020000
vn 0.96330000 0.26840000 -0.00000000
vn 0.96330000 0.26830000 -0.00000000
vn 0.96330000 0.26830000 -0.00000000
vn 0.96330000 0.26840000 -0.00000000
vn 0.96330000 0.26840000 -0.00000000
vn 0.96330000 0.26840000 -0.00000000
vn 0.96330000 0.26860000 0.00030000
vn 0.96330000 0.26840000 -0.00010000
vn 0.96330000 0.26830000 -0.00000000
vn 0.96320000 0.26870000 -0.00000000
vn 0.96330000 0.26830000 -0.00000000
vn 0.96330000 0.26840000 -0.00000000
vn 0.96330000 0.26850000 -0.00040000
vn 0.96330000 0.26840000 -0.00000000
vn 0.96330000 0.26840000 -0.00000000
vn 0.96330000 0.26850000 -0.00030000
vn 0.96340000 0.26820000 0.00020000
vn 0.96330000 0.26840000 -0.00020000
vn 0.96330000 0.26830000 -0.00000000
vn 0.96320000 0.26870000 -0.00000000
vn 0.96330000 0.26830000 -0.00000000
vn 0.96330000 0.26840000 -0.00000000
vn 0.96320000 0.26860000 -0.00030000
vn 0.96330000 0.26840000 -0.00000000
vn 0.96330000 0.26850000 0.00010000
vn 0.96340000 0.26800000 0.00010000
vn 0.96330000 0.26840000 -0.00000000
vn 0.96320000 0.26860000 -0.00000000
vn 0.96330000 0.26830000 0.00010000
vn 0.96330000 0.26840000 -0.00000000
vn 0.96330000 0.26830000 -0.00020000
vn 0.96330000 0.26840000 0.00020000
vn 0.96330000 0.26840000 -0.00000000
vn 0.96330000 0.26840000 -0.00000000
vn 0.96330000 0.26840000 0.00010000
vn 0.96330000 0.26840000 -0.00010000
vn 0.96330000 0.26830000 -0.00000000
vn 0.96330000 0.26840000 -0.00000000
vn 0.96330000 0.26840000 0.00020000
vn 0.96330000 0.26840000 -0.00000000
vn 0.96330000 0.26860000 -0.00000000
vn 0.96330000 0.26830000 -0.00000000
vn 0.96330000 0.26850000 -0.00000000
vn 0.96330000 0.26840000 -0.00000000
vn 0.96330000 0.26860000 0.00020000
vn 0.96340000 0.26820000 -0.00000000
vn 0.96330000 0.26840000 -0.00000000
vn 0.96330000 0.26860000 -0.00020000
vn 0.96330000 0.26850000 -0.00000000
vn 0.96330000 0.26840000 -0.00000000
vn 0.96330000 0.26830000 -0.00000000
vn 0.96330000 0.26850000 -0.00000000
vn 0.96330000 0.26850000 -0.00000000
vn 0.96330000 0.26850000 -0.00040000
vn 0.96330000 0.26850000 0.00020000
vn 0.87090000 -0.49140000 -0.00000000
vn 0.87090000 -0.49140000 -0.00000000
vn 0.68120000 0.18980000 0.70710000
vn 0.49140000 0.87090000 -0.00000000
vn 0.49140000 0.87090000 -0.00000000
vn 0.49190000 0.86910000 0.05160000
vn 0.49340000 0.86370000 0.10300000
vn 0.49590000 0.85470000 0.15370000
vn 0.49950000 0.84200000 0.20370000
vn 0.50390000 0.82600000 0.25260000
vn 0.50940000 0.80650000 0.30010000
vn 0.51570000 0.78380000 0.34610000
vn 0.52290000 0.75780000 0.39020000
vn 0.53100000 0.72890000 0.43210000
vn 0.53980000 0.69710000 0.47190000
vn 0.54950000 0.66250000 0.50910000
vn 0.55980000 0.62550000 0.54350000
vn 0.57080000 0.58610000 0.57510000
vn 0.58230000 0.54460000 0.60360000
vn 0.59440000 0.50120000 0.62890000
vn 0.60700000 0.45620000 0.65080000
vn 0.61990000 0.40970000 0.66920000
vn 0.63320000 0.36210000 0.68410000
vn 0.64670000 0.31350000 0.69530000
vn 0.66040000 0.26430000 0.70290000
vn 0.67420000 0.21460000 0.70660000
vn 0.68810000 0.16490000 0.70660000
vn 0.70190000 0.11530000 0.70290000
vn 0.71570000 0.06600000 0.69530000
vn 0.72920000 0.01750000 0.68410000
vn 0.74240000 -0.03020000 0.66920000
vn 0.75540000 -0.07660000 0.65080000
vn 0.76790000 -0.12170000 0.62890000
vn 0.78000000 -0.16510000 0.60360000
vn 0.79160000 -0.20660000 0.57510000
vn 0.80260000 -0.24600000 0.54350000
vn 0.81290000 -0.28300000 0.50900000
vn 0.82250000 -0.31750000 0.47190000
vn 0.83140000 -0.34940000 0.43220000
vn 0.83940000 -0.37830000 0.39020000
vn 0.84660000 -0.40430000 0.34610000
vn 0.85300000 -0.42700000 0.30010000
vn 0.85840000 -0.44650000 0.25260000
vn 0.86290000 -0.46250000 0.20370000
vn 0.86640000 -0.47510000 0.15370000
vn 0.86890000 -0.48410000 0.10300000
vn 0.87040000 -0.48960000 0.05160000
vn 0.87040000 -0.48950000 0.05280000
vn 0.86880000 -0.48380000 0.10540000
vn 0.86620000 -0.47430000 0.15730000
vn 0.86250000 -0.46120000 0.20840000
vn 0.85780000 -0.44430000 0.25830000
vn 0.85210000 -0.42400000 0.30680000
vn 0.84550000 -0.40020000 0.35360000
vn 0.83800000 -0.37310000 0.39830000
vn 0.82950000 -0.34280000 0.44090000
vn 0.82030000 -0.30960000 0.48100000
vn 0.81020000 -0.27350000 0.51840000
vn 0.79950000 -0.23490000 0.55280000
vn 0.78810000 -0.19390000 0.58420000
vn 0.77600000 -0.15080000 0.61240000
vn 0.76350000 -0.10580000 0.63710000
vn 0.75050000 -0.05910000 0.65820000
vn 0.73710000 -0.01100000 0.67570000
vn 0.72340000 0.03820000 0.68940000
vn 0.70940000 0.08820000 0.69920000
vn 0.69530000 0.13890000 0.70510000
vn 0.66700000 0.24070000 0.70510000
vn 0.65290000 0.29130000 0.69920000
vn 0.63900000 0.34130000 0.68940000
vn 0.62520000 0.39050000 0.67570000
vn 0.61180000 0.43860000 0.65820000
vn 0.59880000 0.48530000 0.63710000
vn 0.58630000 0.53030000 0.61240000
vn 0.57430000 0.57350000 0.58420000
vn 0.56290000 0.61450000 0.55280000
vn 0.55210000 0.65310000 0.51830000
vn 0.54210000 0.68910000 0.48090000
vn 0.53280000 0.72230000 0.44090000
vn 0.52440000 0.75260000 0.39830000
vn 0.51680000 0.77970000 0.35350000
vn 0.51020000 0.80350000 0.30680000
vn 0.50450000 0.82380000 0.25830000
vn 0.49990000 0.84060000 0.20840000
vn 0.49620000 0.85380000 0.15740000
vn 0.49350000 0.86330000 0.10540000
vn 0.49190000 0.86900000 0.05280000
vn 0.86990000 -0.48760000 0.07500000
vn 0.86210000 -0.45980000 0.21280000
vn 0.85550000 -0.43620000 0.27900000
vn 0.83760000 -0.37190000 0.40010000
vn 0.84730000 -0.40660000 0.34170000
vn 0.82650000 -0.33200000 0.45460000
vn 0.81400000 -0.28710000 0.50490000
vn 0.80030000 -0.23780000 0.55050000
vn 0.78540000 -0.18450000 0.59090000
vn 0.75290000 -0.06780000 0.65460000
vn 0.76960000 -0.12760000 0.62570000
vn 0.73560000 -0.00560000 0.67740000
vn 0.71770000 0.05850000 0.69390000
vn 0.69840000 0.12780000 0.70420000
vn 0.68120000 0.18980000 0.70710000
vn 0.66100000 0.26200000 0.70310000
vn 0.64230000 0.32910000 0.69220000
vn 0.60640000 0.45830000 0.64980000
vn 0.62410000 0.39470000 0.67430000
vn 0.58950000 0.51900000 0.61900000
vn 0.57380000 0.57520000 0.58300000
vn 0.55920000 0.62770000 0.54160000
vn 0.54560000 0.67620000 0.49500000
vn 0.53340000 0.72000000 0.44380000
vn 0.52260000 0.75890000 0.38850000
vn 0.50550000 0.82030000 0.26740000
vn 0.51330000 0.79250000 0.32950000
vn 0.49940000 0.84230000 0.20280000
vn 0.49490000 0.85820000 0.13620000
vn 0.49220000 0.86810000 0.06430000
vn 0.49140000 0.87090000 -0.00000000
vn 0.49140000 0.87090000 -0.00000000
vn 0.68120000 0.18980000 -0.70710000
vn 0.68120000 0.18980000 -0.70710000
vn 0.87090000 -0.49140000 -0.00000000
vn 0.87090000 -0.49140000 -0.00000000
vn 0.49200000 0.86900000 -0.05280000
vn 0.49350000 0.86330000 -0.10540000
vn 0.49630000 0.85380000 -0.15730000
vn 0.49990000 0.84070000 -0.20840000
vn 0.50460000 0.82380000 -0.25830000
vn 0.51020000 0.80350000 -0.30680000
vn 0.51680000 0.77970000 -0.35350000
vn 0.52440000 0.75260000 -0.39830000
vn 0.53280000 0.72230000 -0.44090000
vn 0.54210000 0.68910000 -0.48090000
vn 0.55210000 0.65310000 -0.51840000
vn 0.56290000 0.61450000 -0.55280000
vn 0.57430000 0.57350000 -0.58420000
vn 0.58630000 0.53030000 -0.61240000
vn 0.59890000 0.48530000 -0.63710000
vn 0.61190000 0.43860000 -0.65820000
vn 0.62520000 0.39050000 -0.67570000
vn 0.63900000 0.34130000 -0.68940000
vn 0.65290000 0.29130000 -0.69920000
vn 0.66700000 0.24070000 -0.70510000
vn 0.69540000 0.13890000 -0.70510000
vn 0.70950000 0.08820000 -0.69920000
vn 0.72350000 0.03820000 -0.68930000
vn 0.73710000 -0.01100000 -0.67570000
vn 0.75050000 -0.05910000 -0.65820000
vn 0.76350000 -0.10580000 -0.63710000
vn 0.77610000 -0.15080000 -0.61240000
vn 0.78810000 -0.19400000 -0.58420000
vn 0.79950000 -0.23500000 -0.55280000
vn 0.81020000 -0.27360000 -0.51840000
vn 0.82030000 -0.30960000 -0.48090000
vn 0.82950000 -0.34280000 -0.44090000
vn 0.83790000 -0.37310000 -0.39830000
vn 0.84550000 -0.40010000 -0.35350000
vn 0.85220000 -0.42390000 -0.30680000
vn 0.85780000 -0.44430000 -0.25830000
vn 0.86250000 -0.46110000 -0.20840000
vn 0.86610000 -0.47440000 -0.15740000
vn 0.86880000 -0.48380000 -0.10540000
vn 0.87060000 -0.48910000 -0.05270000
vn 0.87070000 -0.49060000 -0.03470000
vn 0.87000000 -0.48810000 -0.06930000
vn 0.86890000 -0.48410000 -0.10380000
vn 0.86730000 -0.47830000 -0.13800000
vn 0.86520000 -0.47100000 -0.17180000
vn 0.86270000 -0.46210000 -0.20530000
vn 0.85990000 -0.45150000 -0.23820000
vn 0.85650000 -0.43960000 -0.27060000
vn 0.85270000 -0.42600000 -0.30230000
vn 0.84850000 -0.41100000 -0.33340000
vn 0.84390000 -0.39450000 -0.36350000
vn 0.83900000 -0.37660000 -0.39280000
vn 0.83360000 -0.35730000 -0.42120000
vn 0.82790000 -0.33680000 -0.44860000
vn 0.82180000 -0.31490000 -0.47490000
vn 0.81530000 -0.29190000 -0.50000000
vn 0.80860000 -0.26770000 -0.52390000
vn 0.80150000 -0.24240000 -0.54660000
vn 0.79420000 -0.21600000 -0.56800000
vn 0.78660000 -0.18870000 -0.58790000
vn 0.77870000 -0.16040000 -0.60650000
vn 0.77060000 -0.13140000 -0.62360000
vn 0.76230000 -0.10150000 -0.63920000
vn 0.75380000 -0.07090000 -0.65330000
vn 0.74510000 -0.03970000 -0.66580000
vn 0.73630000 -0.00800000 -0.67670000
vn 0.72730000 0.02430000 -0.68590000
vn 0.71820000 0.05690000 -0.69350000
vn 0.70900000 0.08980000 -0.69950000
vn 0.69980000 0.12300000 -0.70370000
vn 0.69050000 0.15640000 -0.70620000
vn 0.67180000 0.22320000 -0.70630000
vn 0.66260000 0.25650000 -0.70370000
vn 0.65330000 0.28970000 -0.69950000
vn 0.64420000 0.32270000 -0.69350000
vn 0.63510000 0.35530000 -0.68590000
vn 0.62610000 0.38750000 -0.67660000
vn 0.61730000 0.41920000 -0.66580000
vn 0.60860000 0.45040000 -0.65330000
vn 0.60000000 0.48100000 -0.63920000
vn 0.59170000 0.51090000 -0.62360000
vn 0.58360000 0.53990000 -0.60650000
vn 0.57580000 0.56820000 -0.58790000
vn 0.56820000 0.59550000 -0.56790000
vn 0.56080000 0.62190000 -0.54660000
vn 0.55370000 0.64720000 -0.52390000
vn 0.54700000 0.67140000 -0.50000000
vn 0.54060000 0.69450000 -0.47490000
vn 0.53450000 0.71630000 -0.44860000
vn 0.52880000 0.73690000 -0.42120000
vn 0.52340000 0.75610000 -0.39280000
vn 0.51840000 0.77400000 -0.36350000
vn 0.51380000 0.79050000 -0.33330000
vn 0.50970000 0.80550000 -0.30230000
vn 0.50590000 0.81910000 -0.27060000
vn 0.50250000 0.83110000 -0.23820000
vn 0.49960000 0.84160000 -0.20530000
vn 0.49710000 0.85050000 -0.17180000
vn 0.49510000 0.85780000 -0.13790000
vn 0.49350000 0.86360000 -0.10380000
vn 0.49230000 0.86770000 -0.06930000
vn 0.49160000 0.87010000 -0.03470000
vn -0.26840000 0.96330000 -0.00000000
vn -0.26840000 0.96330000 -0.00000000
vn -0.26690000 0.95790000 0.10610000
vn -0.26270000 0.94300000 0.20450000
vn -0.25600000 0.91870000 0.30060000
vn -0.24660000 0.88530000 0.39430000
vn -0.23490000 0.84330000 0.48330000
vn -0.22180000 0.79400000 0.56600000
vn -0.20550000 0.73780000 0.64290000
vn -0.18780000 0.67430000 0.71420000
vn -0.16850000 0.60470000 0.77840000
vn -0.14740000 0.52920000 0.83560000
vn -0.12520000 0.44900000 0.88470000
vn -0.10150000 0.36430000 0.92570000
vn -0.07690000 0.27630000 0.95800000
vn -0.05170000 0.18560000 0.98130000
vn -0.02440000 0.08750000 0.99590000
vn -0.00000000 -0.00000000 1.00000000
vn 0.02850000 -0.10220000 0.99440000
vn 0.05490000 -0.19700000 0.97890000
vn 0.08070000 -0.29000000 0.95360000
vn 0.10580000 -0.37980000 0.91900000
vn 0.12970000 -0.46560000 0.87540000
vn 0.15190000 -0.54510000 0.82450000
vn 0.17250000 -0.61930000 0.76600000
vn 0.19160000 -0.68780000 0.70010000
vn 0.20890000 -0.74990000 0.62770000
vn 0.22420000 -0.80490000 0.54940000
vn 0.23730000 -0.85240000 0.46590000
vn 0.24840000 -0.89180000 0.37810000
vn 0.25700000 -0.92290000 0.28660000
vn 0.26330000 -0.94530000 0.19270000
vn 0.26720000 -0.95930000 0.09090000
vn 0.26840000 -0.96330000 -0.00000000
vn 0.26770000 -0.96070000 0.07300000
vn 0.26550000 -0.95310000 0.14560000
vn 0.26190000 -0.94030000 0.21740000
vn 0.25700000 -0.92250000 0.28810000
vn 0.25070000 -0.89980000 0.35720000
vn 0.24300000 -0.87220000 0.42450000
vn 0.23400000 -0.84000000 0.48940000
vn 0.22380000 -0.80340000 0.55180000
vn 0.21240000 -0.76240000 0.61120000
vn 0.20000000 -0.71750000 0.66720000
vn 0.18630000 -0.66860000 0.71990000
vn 0.17170000 -0.61620000 0.76870000
vn 0.15620000 -0.56050000 0.81330000
vn 0.13980000 -0.50180000 0.85360000
vn 0.12270000 -0.44050000 0.88930000
vn 0.10490000 -0.37680000 0.92030000
vn 0.08670000 -0.31100000 0.94650000
vn 0.06790000 -0.24360000 0.96750000
vn 0.04870000 -0.17500000 0.98340000
vn 0.02940000 -0.10540000 0.99400000
vn 0.00980000 -0.03520000 0.99930000
vn -0.00980000 0.03520000 0.99930000
vn -0.02930000 0.10540000 0.99400000
vn -0.04870000 0.17500000 0.98340000
vn -0.06790000 0.24370000 0.96750000
vn -0.08660000 0.31110000 0.94640000
vn -0.10490000 0.37680000 0.92030000
vn -0.12270000 0.44050000 0.88930000
vn -0.13980000 0.50180000 0.85360000
vn -0.15610000 0.56050000 0.81330000
vn -0.17160000 0.61620000 0.76870000
vn -0.18630000 0.66860000 0.71990000
vn -0.19990000 0.71750000 0.66730000
vn -0.21220000 0.76250000 0.61120000
vn -0.22380000 0.80340000 0.55180000
vn -0.23400000 0.84010000 0.48940000
vn -0.24300000 0.87220000 0.42440000
vn -0.25070000 0.89980000 0.35720000
vn -0.25700000 0.92250000 0.28810000
vn -0.26190000 0.94030000 0.21740000
vn -0.26550000 0.95310000 0.14560000
vn -0.26770000 0.96070000 0.07300000
vn 0.26730000 -0.95930000 0.09100000
vn 0.26810000 -0.96230000 0.04560000
vn 0.26810000 -0.96230000 0.04570000
vn 0.26330000 -0.94520000 0.19310000
vn 0.26570000 -0.95350000 0.14210000
vn 0.26560000 -0.95360000 0.14190000
vn 0.25710000 -0.92290000 0.28670000
vn 0.26050000 -0.93520000 0.24000000
vn 0.26070000 -0.93520000 0.23970000
vn 0.24840000 -0.89190000 0.37800000
vn 0.25300000 -0.90840000 0.33280000
vn 0.25310000 -0.90850000 0.33260000
vn 0.23720000 -0.85260000 0.46550000
vn 0.24320000 -0.87310000 0.42250000
vn 0.24320000 -0.87310000 0.42250000
vn 0.22420000 -0.80480000 0.54960000
vn 0.23110000 -0.82960000 0.50830000
vn 0.23110000 -0.82970000 0.50810000
vn 0.20890000 -0.74990000 0.62770000
vn 0.21670000 -0.77820000 0.58950000
vn 0.21700000 -0.77820000 0.58930000
vn 0.19160000 -0.68780000 0.70010000
vn 0.20050000 -0.71980000 0.66460000
vn 0.20050000 -0.71980000 0.66460000
vn 0.17250000 -0.61940000 0.76590000
vn 0.18230000 -0.65440000 0.73390000
vn 0.18230000 -0.65440000 0.73390000
vn 0.15170000 -0.54490000 0.82470000
vn 0.16240000 -0.58290000 0.79620000
vn 0.16230000 -0.58280000 0.79620000
vn 0.12950000 -0.46570000 0.87540000
vn 0.14090000 -0.50590000 0.85100000
vn 0.14090000 -0.50590000 0.85100000
vn 0.10580000 -0.37990000 0.91900000
vn 0.11770000 -0.42310000 0.89840000
vn 0.11800000 -0.42310000 0.89840000
vn 0.08080000 -0.29010000 0.95360000
vn 0.09340000 -0.33530000 0.93750000
vn 0.09310000 -0.33560000 0.93740000
vn 0.05490000 -0.19690000 0.97890000
vn 0.06790000 -0.24370000 0.96750000
vn 0.06790000 -0.24370000 0.96750000
vn 0.02850000 -0.10220000 0.99440000
vn 0.04170000 -0.14980000 0.98780000
vn 0.04140000 -0.14980000 0.98790000
vn -0.00000000 -0.00000000 1.00000000
vn 0.01430000 -0.05120000 0.99860000
vn 0.01430000 -0.05120000 0.99860000
vn -0.02440000 0.08760000 0.99590000
vn -0.01220000 0.04380000 0.99900000
vn -0.01220000 0.04380000 0.99900000
vn -0.05170000 0.18560000 0.98130000
vn -0.03810000 0.13680000 0.98990000
vn -0.03810000 0.13670000 0.98990000
vn -0.07730000 0.27640000 0.95790000
vn -0.06440000 0.23120000 0.97080000
vn -0.06450000 0.23130000 0.97070000
vn -0.10150000 0.36460000 0.92560000
vn -0.08940000 0.32050000 0.94300000
vn -0.08940000 0.32070000 0.94300000
vn -0.12480000 0.44930000 0.88460000
vn -0.11340000 0.40700000 0.90640000
vn -0.11370000 0.40730000 0.90620000
vn -0.14780000 0.52860000 0.83590000
vn -0.13640000 0.48960000 0.86120000
vn -0.13620000 0.48960000 0.86120000
vn -0.16840000 0.60470000 0.77850000
vn -0.15810000 0.56760000 0.80800000
vn -0.15790000 0.56750000 0.80810000
vn -0.18790000 0.67450000 0.71390000
vn -0.17830000 0.64030000 0.74710000
vn -0.17830000 0.64040000 0.74710000
vn -0.20560000 0.73790000 0.64290000
vn -0.19710000 0.70690000 0.67930000
vn -0.19680000 0.70680000 0.67940000
vn -0.22110000 0.79450000 0.56570000
vn -0.21400000 0.76680000 0.60520000
vn -0.21370000 0.76700000 0.60500000
vn -0.23490000 0.84330000 0.48330000
vn -0.22840000 0.81980000 0.52520000
vn -0.22840000 0.81980000 0.52510000
vn -0.24680000 0.88510000 0.39460000
vn -0.24130000 0.86540000 0.43910000
vn -0.24100000 0.86540000 0.43930000
vn -0.25600000 0.91870000 0.30070000
vn -0.25160000 0.90310000 0.34800000
vn -0.25160000 0.90310000 0.34800000
vn -0.26270000 0.94300000 0.20450000
vn -0.25960000 0.93200000 0.25300000
vn -0.25960000 0.93200000 0.25300000
vn -0.26710000 0.95790000 0.10540000
vn -0.26510000 0.95150000 0.15590000
vn -0.26510000 0.95160000 0.15550000
vn -0.26800000 0.96190000 0.05310000
vn -0.26830000 0.96190000 0.05250000
vn 0.26840000 -0.96330000 -0.00000000
vn 0.26840000 -0.96330000 -0.00000000
vn 0.26840000 -0.96330000 -0.00000000
vn -0.26840000 0.96330000 -0.00000000
vn -0.26840000 0.96330000 -0.00000000
vn -0.26500000 0.95150000 0.15640000
vn -0.25520000 0.91620000 0.30900000
vn -0.23910000 0.85830000 0.45400000
vn -0.21710000 0.77930000 0.58780000
vn -0.18980000 0.68120000 0.70710000
vn -0.15770000 0.56620000 0.80900000
vn -0.12180000 0.43730000 0.89100000
vn -0.08290000 0.29770000 0.95110000
vn -0.04200000 0.15070000 0.98770000
vn -0.00000000 -0.00000000 1.00000000
vn 0.04200000 -0.15070000 0.98770000
vn 0.08290000 -0.29770000 0.95110000
vn 0.12180000 -0.43730000 0.89100000
vn 0.15780000 -0.56620000 0.80900000
vn 0.18970000 -0.68120000 0.70710000
vn 0.21710000 -0.77930000 0.58780000
vn 0.23910000 -0.85830000 0.45400000
vn 0.25520000 -0.91620000 0.30900000
vn 0.26500000 -0.95150000 0.15640000
vn 0.26840000 -0.96330000 -0.00000000
vn 0.26840000 -0.96330000 -0.00000000
vn 0.26680000 -0.95790000 -0.10610000
vn 0.26260000 -0.94300000 -0.20450000
vn 0.25560000 -0.91890000 -0.30060000
vn 0.24650000 -0.88530000 -0.39430000
vn 0.23480000 -0.84330000 -0.48340000
vn 0.22100000 -0.79430000 -0.56590000
vn 0.20550000 -0.73790000 -0.64290000
vn 0.18730000 -0.67450000 -0.71410000
vn 0.16840000 -0.60470000 -0.77850000
vn 0.14740000 -0.52920000 -0.83560000
vn 0.12490000 -0.44900000 -0.88470000
vn 0.10150000 -0.36420000 -0.92580000
vn 0.07700000 -0.27620000 -0.95800000
vn 0.05170000 -0.18560000 -0.98130000
vn 0.02440000 -0.08750000 -0.99590000
vn -0.00000000 -0.00000000 -1.00000000
vn -0.00000000 -0.00000000 -1.00000000
vn -0.02850000 0.10220000 -0.99440000
vn -0.05500000 0.19700000 -0.97890000
vn -0.08140000 0.28970000 -0.95360000
vn -0.10580000 0.37980000 -0.91900000
vn -0.12960000 0.46560000 -0.87540000
vn -0.15180000 0.54500000 -0.82460000
vn -0.17250000 0.61940000 -0.76590000
vn -0.19190000 0.68780000 -0.70000000
vn -0.20890000 0.74990000 -0.62770000
vn -0.22440000 0.80490000 -0.54940000
vn -0.23760000 0.85230000 -0.46600000
vn -0.24850000 0.89180000 -0.37810000
vn -0.25720000 0.92290000 -0.28650000
vn -0.26330000 0.94530000 -0.19270000
vn -0.26730000 0.95930000 -0.09090000
vn -0.26840000 0.96330000 -0.00000000
vn -0.26800000 0.96220000 -0.04910000
vn -0.26700000 0.95870000 -0.09800000
vn -0.26540000 0.95290000 -0.14670000
vn -0.26320000 0.94480000 -0.19510000
vn -0.26030000 0.93450000 -0.24300000
vn -0.25680000 0.92180000 -0.29030000
vn -0.25260000 0.90700000 -0.33690000
vn -0.24790000 0.89000000 -0.38270000
vn -0.24260000 0.87080000 -0.42760000
vn -0.23660000 0.84960000 -0.47140000
vn -0.23020000 0.82630000 -0.51410000
vn -0.22320000 0.80100000 -0.55560000
vn -0.21550000 0.77380000 -0.59570000
vn -0.20740000 0.74470000 -0.63440000
vn -0.19880000 0.71380000 -0.67160000
vn -0.18950000 0.68130000 -0.70700000
vn -0.18000000 0.64690000 -0.74100000
vn -0.17030000 0.61110000 -0.77300000
vn -0.15990000 0.57380000 -0.80320000
vn -0.14900000 0.53520000 -0.83150000
vn -0.13800000 0.49520000 -0.85770000
vn -0.12650000 0.45410000 -0.88190000
vn -0.11470000 0.41190000 -0.90400000
vn -0.10270000 0.36860000 -0.92390000
vn -0.09030000 0.32460000 -0.94150000
vn -0.07790000 0.27960000 -0.95690000
vn -0.06520000 0.23410000 -0.97000000
vn -0.05240000 0.18790000 -0.98080000
vn -0.03920000 0.14130000 -0.98920000
vn -0.02630000 0.09440000 -0.99520000
vn -0.01320000 0.04730000 -0.99880000
vn 0.01320000 -0.04730000 -0.99880000
vn 0.02630000 -0.09440000 -0.99520000
vn 0.03940000 -0.14140000 -0.98920000
vn 0.05240000 -0.18790000 -0.98080000
vn 0.06520000 -0.23410000 -0.97000000
vn 0.07790000 -0.27960000 -0.95690000
vn 0.09040000 -0.32450000 -0.94160000
vn 0.10270000 -0.36860000 -0.92390000
vn 0.11480000 -0.41190000 -0.90400000
vn 0.12650000 -0.45410000 -0.88190000
vn 0.13800000 -0.49520000 -0.85770000
vn 0.14910000 -0.53520000 -0.83150000
vn 0.15990000 -0.57380000 -0.80320000
vn 0.17020000 -0.61110000 -0.77300000
vn 0.18020000 -0.64690000 -0.74100000
vn 0.18980000 -0.68120000 -0.70710000
vn 0.19880000 -0.71380000 -0.67160000
vn 0.20740000 -0.74470000 -0.63440000
vn 0.21560000 -0.77370000 -0.59570000
vn 0.22310000 -0.80100000 -0.55560000
vn 0.23020000 -0.82630000 -0.51410000
vn 0.23660000 -0.84960000 -0.47140000
vn 0.24260000 -0.87080000 -0.42760000
vn 0.24800000 -0.89000000 -0.38270000
vn 0.25270000 -0.90700000 -0.33690000
vn 0.25680000 -0.92180000 -0.29030000
vn 0.26050000 -0.93440000 -0.24300000
vn 0.26340000 -0.94480000 -0.19510000
vn 0.26540000 -0.95290000 -0.14670000
vn 0.26710000 -0.95870000 -0.09800000
vn 0.26800000 -0.96220000 -0.04910000
vn -0.26720000 0.95930000 -0.09090000
vn -0.26810000 0.96230000 -0.04560000
vn -0.26840000 0.96220000 -0.04540000
vn -0.26810000 0.96230000 -0.04550000
vn -0.26860000 0.96300000 -0.02300000
vn -0.26830000 0.96310000 -0.02280000
vn -0.26720000 0.95930000 -0.09090000
vn -0.26790000 0.96100000 -0.06830000
vn -0.26800000 0.96100000 -0.06870000
vn -0.26330000 0.94530000 -0.19250000
vn -0.26580000 0.95350000 -0.14190000
vn -0.26560000 0.95360000 -0.14200000
vn -0.26560000 0.95360000 -0.14200000
vn -0.26660000 0.95680000 -0.11630000
vn -0.26650000 0.95680000 -0.11650000
vn -0.26320000 0.94530000 -0.19280000
vn -0.26460000 0.94970000 -0.16740000
vn -0.26440000 0.94970000 -0.16770000
vn -0.25710000 0.92290000 -0.28670000
vn -0.26050000 0.93520000 -0.24000000
vn -0.26050000 0.93520000 -0.24000000
vn -0.26050000 0.93520000 -0.23990000
vn -0.26200000 0.94050000 -0.21640000
vn -0.26180000 0.94050000 -0.21660000
vn -0.25710000 0.92290000 -0.28670000
vn -0.25890000 0.92910000 -0.26410000
vn -0.25860000 0.92930000 -0.26360000
vn -0.24840000 0.89180000 -0.37810000
vn -0.25330000 0.90830000 -0.33300000
vn -0.25310000 0.90840000 -0.33280000
vn -0.25320000 0.90850000 -0.33250000
vn -0.25540000 0.91590000 -0.30980000
vn -0.25540000 0.91580000 -0.31000000
vn -0.24850000 0.89170000 -0.37830000
vn -0.25090000 0.90030000 -0.35570000
vn -0.25050000 0.90040000 -0.35570000
vn -0.23740000 0.85230000 -0.46600000
vn -0.24320000 0.87310000 -0.42250000
vn -0.24330000 0.87290000 -0.42290000
vn -0.24310000 0.87330000 -0.42230000
vn -0.24620000 0.88260000 -0.40040000
vn -0.24600000 0.88260000 -0.40050000
vn -0.23750000 0.85230000 -0.46600000
vn -0.24050000 0.86290000 -0.44450000
vn -0.24010000 0.86290000 -0.44480000
vn -0.22420000 0.80480000 -0.54960000
vn -0.23110000 0.82960000 -0.50830000
vn -0.23110000 0.82960000 -0.50830000
vn -0.23090000 0.82960000 -0.50840000
vn -0.23440000 0.84130000 -0.48720000
vn -0.23430000 0.84130000 -0.48720000
vn -0.22400000 0.80500000 -0.54930000
vn -0.22780000 0.81750000 -0.52900000
vn -0.22770000 0.81750000 -0.52900000
vn -0.20890000 0.74950000 -0.62820000
vn -0.21700000 0.77830000 -0.58920000
vn -0.21680000 0.77850000 -0.58900000
vn -0.21670000 0.77870000 -0.58880000
vn -0.22060000 0.79170000 -0.56960000
vn -0.22060000 0.79190000 -0.56940000
vn -0.20900000 0.74980000 -0.62780000
vn -0.21290000 0.76420000 -0.60880000
vn -0.21260000 0.76420000 -0.60890000
vn -0.19160000 0.68790000 -0.70010000
vn -0.20060000 0.71970000 -0.66470000
vn -0.20050000 0.71970000 -0.66470000
vn -0.20060000 0.71960000 -0.66480000
vn -0.20480000 0.73500000 -0.64640000
vn -0.20460000 0.73490000 -0.64650000
vn -0.19160000 0.68790000 -0.70010000
vn -0.19620000 0.70400000 -0.68260000
vn -0.19610000 0.70400000 -0.68260000
vn -0.17250000 0.61990000 -0.76550000
vn -0.18230000 0.65440000 -0.73390000
vn -0.18230000 0.65440000 -0.73380000
vn -0.18230000 0.65440000 -0.73390000
vn -0.18710000 0.67130000 -0.71720000
vn -0.18700000 0.67130000 -0.71720000
vn -0.17250000 0.61940000 -0.76590000
vn -0.17750000 0.63700000 -0.75010000
vn -0.17740000 0.63700000 -0.75010000
vn -0.15180000 0.54500000 -0.82460000
vn -0.16240000 0.58290000 -0.79620000
vn -0.16240000 0.58270000 -0.79630000
vn -0.16240000 0.58290000 -0.79610000
vn -0.16760000 0.60130000 -0.78120000
vn -0.16760000 0.60130000 -0.78120000
vn -0.15190000 0.54490000 -0.82460000
vn -0.15720000 0.56410000 -0.81060000
vn -0.15720000 0.56410000 -0.81060000
vn -0.12970000 0.46590000 -0.87530000
vn -0.14100000 0.50590000 -0.85100000
vn -0.14110000 0.50620000 -0.85080000
vn -0.14090000 0.50600000 -0.85100000
vn -0.14650000 0.52560000 -0.83800000
vn -0.14650000 0.52570000 -0.83790000
vn -0.12970000 0.46560000 -0.87540000
vn -0.13540000 0.48590000 -0.86340000
vn -0.13540000 0.48590000 -0.86350000
vn -0.10580000 0.37970000 -0.91910000
vn -0.11790000 0.42320000 -0.89830000
vn -0.11790000 0.42330000 -0.89830000
vn -0.11790000 0.42340000 -0.89820000
vn -0.12390000 0.44450000 -0.88720000
vn -0.12370000 0.44450000 -0.88720000
vn -0.10590000 0.37970000 -0.91900000
vn -0.11200000 0.40190000 -0.90880000
vn -0.11180000 0.40160000 -0.90900000
vn -0.08060000 0.28970000 -0.95370000
vn -0.09340000 0.33530000 -0.93750000
vn -0.09330000 0.33490000 -0.93760000
vn -0.09330000 0.33540000 -0.93740000
vn -0.09970000 0.35760000 -0.92850000
vn -0.09970000 0.35770000 -0.92850000
vn -0.08070000 0.29020000 -0.95350000
vn -0.08710000 0.31270000 -0.94590000
vn -0.08660000 0.31200000 -0.94610000
vn -0.05490000 0.19700000 -0.97890000
vn -0.06790000 0.24370000 -0.96750000
vn -0.06790000 0.24370000 -0.96750000
vn -0.06790000 0.24370000 -0.96750000
vn -0.07460000 0.26740000 -0.96070000
vn -0.07420000 0.26700000 -0.96080000
vn -0.05480000 0.19700000 -0.97890000
vn -0.06150000 0.22040000 -0.97350000
vn -0.06140000 0.22040000 -0.97350000
vn -0.02840000 0.10220000 -0.99440000
vn -0.04190000 0.14970000 -0.98780000
vn -0.04170000 0.14980000 -0.98780000
vn -0.04160000 0.15020000 -0.98780000
vn -0.04840000 0.17340000 -0.98370000
vn -0.04820000 0.17380000 -0.98360000
vn -0.02860000 0.10220000 -0.99430000
vn -0.03510000 0.12560000 -0.99150000
vn -0.03470000 0.12550000 -0.99150000
vn -0.00000000 -0.00000000 -1.00000000
vn -0.01430000 0.05120000 -0.99860000
vn -0.01430000 0.05110000 -0.99860000
vn -0.01410000 0.05150000 -0.99860000
vn -0.02140000 0.07670000 -0.99680000
vn -0.02140000 0.07680000 -0.99680000
vn -0.00000000 -0.00000000 -1.00000000
vn -0.00720000 0.02560000 -0.99960000
vn -0.00730000 0.02570000 -0.99960000
vn 0.02440000 -0.08750000 -0.99590000
vn 0.01220000 -0.04390000 -0.99900000
vn 0.01220000 -0.04370000 -0.99900000
vn 0.01220000 -0.04400000 -0.99900000
vn 0.00610000 -0.02180000 -0.99970000
vn 0.00640000 -0.02190000 -0.99970000
vn 0.02440000 -0.08760000 -0.99590000
vn 0.01830000 -0.06570000 -0.99770000
vn 0.01870000 -0.06590000 -0.99770000
vn 0.05170000 -0.18560000 -0.98130000
vn 0.03810000 -0.13680000 -0.98990000
vn 0.03830000 -0.13750000 -0.98980000
vn 0.03810000 -0.13690000 -0.98980000
vn 0.03120000 -0.11220000 -0.99320000
vn 0.03150000 -0.11260000 -0.99310000
vn 0.05170000 -0.18570000 -0.98120000
vn 0.04490000 -0.16130000 -0.98590000
vn 0.04480000 -0.16120000 -0.98590000
vn 0.07690000 -0.27620000 -0.95800000
vn 0.06440000 -0.23120000 -0.97080000
vn 0.06440000 -0.23130000 -0.97080000
vn 0.06460000 -0.23130000 -0.97070000
vn 0.05820000 -0.20870000 -0.97620000
vn 0.05860000 -0.20860000 -0.97620000
vn 0.07700000 -0.27610000 -0.95810000
vn 0.07060000 -0.25380000 -0.96470000
vn 0.07100000 -0.25380000 -0.96460000
vn 0.10150000 -0.36420000 -0.92580000
vn 0.08890000 -0.32060000 -0.94300000
vn 0.08930000 -0.32060000 -0.94300000
vn 0.08930000 -0.32040000 -0.94310000
vn 0.08310000 -0.29850000 -0.95080000
vn 0.08300000 -0.29850000 -0.95080000
vn 0.10150000 -0.36410000 -0.92580000
vn 0.09540000 -0.34250000 -0.93460000
vn 0.09570000 -0.34250000 -0.93460000
vn 0.12500000 -0.44890000 -0.88480000
vn 0.11340000 -0.40700000 -0.90640000
vn 0.11340000 -0.40720000 -0.90630000
vn 0.11340000 -0.40680000 -0.90650000
vn 0.10740000 -0.38580000 -0.91630000
vn 0.10780000 -0.38590000 -0.91620000
vn 0.12510000 -0.44860000 -0.88490000
vn 0.11920000 -0.42810000 -0.89590000
vn 0.11950000 -0.42780000 -0.89590000
vn 0.14740000 -0.52880000 -0.83590000
vn 0.13640000 -0.48960000 -0.86120000
vn 0.13640000 -0.48960000 -0.86120000
vn 0.13650000 -0.48940000 -0.86130000
vn 0.13070000 -0.46940000 -0.87330000
vn 0.13070000 -0.46930000 -0.87330000
vn 0.14740000 -0.52920000 -0.83560000
vn 0.14190000 -0.50970000 -0.84860000
vn 0.14200000 -0.50960000 -0.84860000
vn 0.16840000 -0.60470000 -0.77850000
vn 0.15800000 -0.56770000 -0.80790000
vn 0.15800000 -0.56730000 -0.80820000
vn 0.15820000 -0.56720000 -0.80820000
vn 0.15280000 -0.54860000 -0.82200000
vn 0.15290000 -0.54840000 -0.82210000
vn 0.16850000 -0.60460000 -0.77850000
vn 0.16320000 -0.58630000 -0.79350000
vn 0.16330000 -0.58630000 -0.79350000
vn 0.18790000 -0.67450000 -0.71390000
vn 0.17840000 -0.64030000 -0.74710000
vn 0.17830000 -0.64030000 -0.74720000
vn 0.17830000 -0.63980000 -0.74760000
vn 0.17350000 -0.62290000 -0.76280000
vn 0.17380000 -0.62280000 -0.76280000
vn 0.18790000 -0.67430000 -0.71410000
vn 0.18310000 -0.65760000 -0.73080000
vn 0.18330000 -0.65760000 -0.73070000
vn 0.20560000 -0.73790000 -0.64280000
vn 0.19690000 -0.70700000 -0.67930000
vn 0.19690000 -0.70680000 -0.67940000
vn 0.19690000 -0.70690000 -0.67930000
vn 0.19240000 -0.69090000 -0.69690000
vn 0.19250000 -0.69090000 -0.69690000
vn 0.20550000 -0.73790000 -0.64290000
vn 0.20120000 -0.72260000 -0.66130000
vn 0.20130000 -0.72260000 -0.66130000
vn 0.22120000 -0.79390000 -0.56640000
vn 0.21360000 -0.76700000 -0.60510000
vn 0.21360000 -0.76690000 -0.60530000
vn 0.21370000 -0.76690000 -0.60510000
vn 0.20960000 -0.75260000 -0.62420000
vn 0.20960000 -0.75260000 -0.62420000
vn 0.22130000 -0.79430000 -0.56580000
vn 0.21750000 -0.78090000 -0.58560000
vn 0.21750000 -0.78080000 -0.58570000
vn 0.23500000 -0.84340000 -0.48320000
vn 0.22820000 -0.81980000 -0.52520000
vn 0.22840000 -0.81980000 -0.52520000
vn 0.22850000 -0.81980000 -0.52510000
vn 0.22520000 -0.80740000 -0.54530000
vn 0.22500000 -0.80730000 -0.54560000
vn 0.23490000 -0.84330000 -0.48340000
vn 0.23190000 -0.83150000 -0.50470000
vn 0.23160000 -0.83180000 -0.50450000
vn 0.24660000 -0.88530000 -0.39430000
vn 0.24110000 -0.86530000 -0.43940000
vn 0.24130000 -0.86510000 -0.43980000
vn 0.24110000 -0.86530000 -0.43950000
vn 0.23820000 -0.85470000 -0.46120000
vn 0.23810000 -0.85460000 -0.46150000
vn 0.24660000 -0.88530000 -0.39430000
vn 0.24390000 -0.87560000 -0.41690000
vn 0.24390000 -0.87560000 -0.41690000
vn 0.25590000 -0.91860000 -0.30110000
vn 0.25160000 -0.90310000 -0.34800000
vn 0.25160000 -0.90310000 -0.34800000
vn 0.25150000 -0.90320000 -0.34790000
vn 0.24890000 -0.89450000 -0.37130000
vn 0.24910000 -0.89450000 -0.37130000
vn 0.25600000 -0.91870000 -0.30070000
vn 0.25380000 -0.91130000 -0.32430000
vn 0.25410000 -0.91110000 -0.32460000
vn 0.26270000 -0.94300000 -0.20450000
vn 0.25960000 -0.93200000 -0.25300000
vn 0.25960000 -0.93200000 -0.25300000
vn 0.25960000 -0.93200000 -0.25300000
vn 0.25780000 -0.92550000 -0.27760000
vn 0.25820000 -0.92560000 -0.27660000
vn 0.26270000 -0.94300000 -0.20450000
vn 0.26130000 -0.93790000 -0.22830000
vn 0.26130000 -0.93780000 -0.22870000
vn 0.26680000 -0.95790000 -0.10600000
vn 0.26500000 -0.95160000 -0.15570000
vn 0.26510000 -0.95160000 -0.15550000
vn 0.26530000 -0.95150000 -0.15580000
vn 0.26390000 -0.94760000 -0.18010000
vn 0.26420000 -0.94750000 -0.18010000
vn 0.26690000 -0.95790000 -0.10600000
vn 0.26600000 -0.95510000 -0.13080000
vn 0.26580000 -0.95510000 -0.13080000
vn 0.26800000 -0.96200000 -0.05310000
vn 0.26810000 -0.96190000 -0.05300000
vn 0.26790000 -0.96200000 -0.05270000
vn 0.26740000 -0.96030000 -0.07960000
vn 0.26770000 -0.96020000 -0.07930000
vn 0.26810000 -0.96300000 -0.02630000
vn 0.26850000 -0.96290000 -0.02640000
vn 0.26840000 -0.96330000 -0.00000000
vn 0.26840000 -0.96330000 -0.00000000
vn -0.26840000 0.96330000 -0.00000000
vn -0.26840000 0.96330000 -0.00000000
vn -0.26840000 0.96330000 -0.00000000
vn 0.26490000 -0.95150000 -0.15640000
vn 0.25520000 -0.91620000 -0.30900000
vn 0.23910000 -0.85830000 -0.45400000
vn 0.21710000 -0.77930000 -0.58780000
vn 0.18980000 -0.68120000 -0.70710000
vn 0.15770000 -0.56620000 -0.80900000
vn 0.12180000 -0.43730000 -0.89100000
vn 0.08290000 -0.29770000 -0.95110000
vn 0.04200000 -0.15070000 -0.98770000
vn -0.00000000 -0.00000000 -1.00000000
vn -0.04200000 0.15070000 -0.98770000
vn -0.08290000 0.29770000 -0.95110000
vn -0.12180000 0.43730000 -0.89100000
vn -0.15780000 0.56620000 -0.80900000
vn -0.18970000 0.68120000 -0.70710000
vn -0.21710000 0.77930000 -0.58780000
vn -0.23910000 0.85830000 -0.45400000
vn -0.25520000 0.91620000 -0.30900000
vn -0.26510000 0.95150000 -0.15640000
vt 0.61379700 0.44496100
vt 0.70471000 0.53416500
vt 0.79427800 0.62471000
vt 0.70471000 0.62471000
vt 0.61379700 0.62471000
vt 0.70471000 0.71525200
vt 0.61379700 0.80445800
vt 0.74949400 0.53416500
vt 0.70471000 0.48956300
vt 0.65925300 0.53416500
vt 0.65925300 0.48956300
vt 0.74949400 0.62471000
vt 0.70471000 0.57943800
vt 0.74949400 0.57943800
vt 0.65925300 0.62471000
vt 0.65925300 0.57943800
vt 0.74949400 0.71525200
vt 0.70471000 0.66998100
vt 0.74949400 0.66998100
vt 0.65925300 0.71525200
vt 0.65925300 0.66998100
vt 0.70471000 0.75985500
vt 0.65925300 0.75985500
vt 0.61716100 0.44499100
vt 0.62052400 0.44508300
vt 0.62388500 0.44523500
vt 0.62724200 0.44544800
vt 0.63059500 0.44572300
vt 0.63394300 0.44606000
vt 0.63728400 0.44645800
vt 0.64061700 0.44691700
vt 0.64394100 0.44743800
vt 0.64725400 0.44802100
vt 0.65055700 0.44866500
vt 0.65384600 0.44937000
vt 0.65712200 0.45013700
vt 0.66038400 0.45096400
vt 0.66362900 0.45185300
vt 0.66685600 0.45280100
vt 0.67006600 0.45381000
vt 0.67325600 0.45487900
vt 0.67642500 0.45600700
vt 0.67957300 0.45719500
vt 0.68269700 0.45844100
vt 0.68579800 0.45974500
vt 0.68887400 0.46110700
vt 0.69192400 0.46252700
vt 0.69494600 0.46400300
vt 0.69794000 0.46553500
vt 0.70090500 0.46712300
vt 0.70384000 0.46876700
vt 0.70674400 0.47046400
vt 0.70961500 0.47221600
vt 0.71245300 0.47402100
vt 0.71525700 0.47587900
vt 0.71802600 0.47778900
vt 0.72075800 0.47975000
vt 0.72345400 0.48176200
vt 0.72611200 0.48382400
vt 0.72873100 0.48593500
vt 0.73131000 0.48809500
vt 0.73384900 0.49030200
vt 0.73634700 0.49255700
vt 0.73880200 0.49485800
vt 0.74121400 0.49720500
vt 0.74358200 0.49959600
vt 0.74590500 0.50203200
vt 0.74818300 0.50451000
vt 0.75041400 0.50703200
vt 0.75259800 0.50959500
vt 0.75473400 0.51219800
vt 0.75682200 0.51484200
vt 0.75885900 0.51752400
vt 0.76084700 0.52024500
vt 0.76278300 0.52300300
vt 0.76466700 0.52579700
vt 0.76649900 0.52862700
vt 0.76827800 0.53149200
vt 0.77000300 0.53439000
vt 0.77167300 0.53732000
vt 0.77328800 0.54028200
vt 0.77484700 0.54327400
vt 0.77634900 0.54629600
vt 0.77779400 0.54934700
vt 0.77918200 0.55242500
vt 0.78051100 0.55552900
vt 0.78178100 0.55865800
vt 0.78299200 0.56181100
vt 0.78414300 0.56498700
vt 0.78523300 0.56818500
vt 0.78626300 0.57140400
vt 0.78723200 0.57464200
vt 0.78813900 0.57789800
vt 0.78898500 0.58117100
vt 0.78976800 0.58446000
vt 0.79048900 0.58776300
vt 0.79114800 0.59108000
vt 0.79174400 0.59440900
vt 0.79227700 0.59774800
vt 0.79274700 0.60109800
vt 0.79315400 0.60445600
vt 0.79349800 0.60782000
vt 0.79377900 0.61119100
vt 0.79399800 0.61456700
vt 0.79415300 0.61794600
vt 0.79424700 0.62132700
vt 0.63652500 0.48956300
vt 0.65925300 0.46726200
vt 0.63652500 0.46726200
vt 0.62516100 0.46726200
vt 0.63652500 0.45611200
vt 0.62516100 0.45611200
vt 0.61947900 0.45611200
vt 0.62516100 0.45053600
vt 0.61947900 0.45053600
vt 0.63084300 0.45611200
vt 0.63652500 0.45053600
vt 0.63084300 0.45053600
vt 0.64788900 0.46726200
vt 0.65925300 0.45611200
vt 0.64788900 0.45611200
vt 0.68198200 0.48956300
vt 0.68198200 0.46726200
vt 0.64220700 0.45611200
vt 0.64788900 0.45053600
vt 0.64220700 0.45053600
vt 0.65357100 0.45611200
vt 0.67061700 0.46726200
vt 0.67061700 0.45611200
vt 0.66493500 0.45611200
vt 0.69334600 0.46726200
vt 0.72710200 0.48956300
vt 0.67630000 0.46726200
vt 0.67061700 0.46168700
vt 0.68198200 0.46168700
vt 0.67630000 0.46168700
vt 0.67061700 0.48956300
vt 0.65925300 0.47841300
vt 0.68198200 0.47841300
vt 0.67061700 0.47841300
vt 0.68198200 0.53416500
vt 0.65925300 0.51186400
vt 0.70471000 0.51186400
vt 0.68198200 0.51186400
vt 0.68766400 0.46726200
vt 0.69334600 0.48956300
vt 0.70471000 0.47841300
vt 0.69334600 0.47841300
vt 0.69902800 0.46726200
vt 0.69902800 0.47841300
vt 0.69334600 0.47283800
vt 0.70471000 0.47283800
vt 0.69902800 0.47283800
vt 0.71590600 0.48956300
vt 0.71590600 0.47841300
vt 0.72710200 0.53416500
vt 0.74949400 0.51186400
vt 0.72710200 0.51186400
vt 0.71030800 0.47841300
vt 0.72150400 0.48956300
vt 0.71590600 0.48398800
vt 0.72150400 0.48398800
vt 0.71590600 0.51186400
vt 0.70471000 0.50071400
vt 0.72710200 0.50071400
vt 0.71590600 0.50071400
vt 0.73829800 0.51186400
vt 0.73829800 0.50071400
vt 0.73270000 0.50071400
vt 0.72710200 0.49513900
vt 0.73270000 0.49513900
vt 0.74389600 0.51186400
vt 0.73829800 0.50628900
vt 0.74389600 0.50628900
vt 0.73829800 0.53416500
vt 0.72710200 0.52301500
vt 0.74949400 0.52301500
vt 0.73829800 0.52301500
vt 0.72710200 0.57943800
vt 0.70471000 0.55680200
vt 0.74949400 0.55680200
vt 0.72710200 0.55680200
vt 0.76069000 0.53416500
vt 0.76069000 0.52301500
vt 0.77188600 0.57943800
vt 0.77188600 0.55680200
vt 0.75509200 0.52301500
vt 0.74949400 0.51744000
vt 0.75509200 0.51744000
vt 0.76628800 0.53416500
vt 0.76069000 0.52859000
vt 0.76069000 0.55680200
vt 0.74949400 0.54548300
vt 0.77188600 0.54548300
vt 0.76069000 0.54548300
vt 0.76628800 0.54548300
vt 0.76069000 0.53982400
vt 0.77188600 0.53982400
vt 0.76628800 0.53982400
vt 0.77748400 0.55680200
vt 0.77188600 0.55114300
vt 0.77748400 0.55114300
vt 0.78308200 0.57943800
vt 0.77188600 0.56812000
vt 0.78308200 0.56812000
vt 0.77188600 0.62471000
vt 0.74949400 0.60207400
vt 0.77188600 0.60207400
vt 0.77748400 0.56812000
vt 0.77188600 0.56246100
vt 0.77748400 0.56246100
vt 0.76069000 0.57943800
vt 0.74949400 0.56812000
vt 0.76069000 0.56812000
vt 0.78308200 0.57377900
vt 0.78308200 0.60207400
vt 0.77188600 0.59075600
vt 0.78308200 0.59075600
vt 0.78868000 0.59075600
vt 0.78308200 0.58509700
vt 0.78868000 0.60207400
vt 0.78308200 0.59641500
vt 0.78868000 0.59641500
vt 0.78308200 0.62471000
vt 0.77188600 0.61339200
vt 0.78308200 0.61339200
vt 0.77188600 0.66998100
vt 0.74949400 0.64734500
vt 0.77188600 0.64734500
vt 0.78868000 0.61339200
vt 0.78308200 0.60773300
vt 0.78868000 0.60773300
vt 0.78868000 0.62471000
vt 0.78308200 0.61905100
vt 0.78868000 0.61905100
vt 0.78308200 0.64734500
vt 0.77188600 0.63602800
vt 0.78308200 0.63602800
vt 0.79415300 0.63147400
vt 0.79377900 0.63822800
vt 0.79315400 0.64496400
vt 0.79227700 0.65167100
vt 0.79114800 0.65834000
vt 0.78976800 0.66496000
vt 0.78813900 0.67152200
vt 0.78626300 0.67801600
vt 0.78414300 0.68443200
vt 0.78178100 0.69076200
vt 0.77918200 0.69699500
vt 0.77634900 0.70312300
vt 0.77328800 0.70913800
vt 0.77000300 0.71503000
vt 0.76649900 0.72079200
vt 0.76278300 0.72641600
vt 0.75885900 0.73189500
vt 0.75473400 0.73722100
vt 0.75041400 0.74238800
vt 0.74590500 0.74738800
vt 0.74121400 0.75221500
vt 0.73634700 0.75686300
vt 0.73131000 0.76132500
vt 0.72611200 0.76559600
vt 0.72075800 0.76966900
vt 0.71525700 0.77354000
vt 0.70961500 0.77720300
vt 0.70384000 0.78065300
vt 0.69794000 0.78388400
vt 0.69192400 0.78689300
vt 0.68579800 0.78967400
vt 0.67957300 0.79222500
vt 0.67325600 0.79454000
vt 0.66685600 0.79661800
vt 0.66038400 0.79845500
vt 0.65384600 0.80004900
vt 0.64725400 0.80139900
vt 0.64061700 0.80250200
vt 0.63394300 0.80336000
vt 0.62724200 0.80397100
vt 0.62052400 0.80433700
vt 0.78308200 0.66998100
vt 0.77188600 0.65866300
vt 0.78308200 0.65866300
vt 0.74949400 0.69261700
vt 0.77188600 0.69261700
vt 0.77188600 0.68129900
vt 0.78308200 0.68129900
vt 0.77188600 0.70393400
vt 0.74949400 0.73755400
vt 0.76069000 0.71525200
vt 0.74949400 0.70393400
vt 0.76069000 0.69261700
vt 0.76069000 0.70393400
vt 0.72710200 0.71525200
vt 0.70471000 0.69261700
vt 0.72710200 0.66998100
vt 0.72710200 0.69261700
vt 0.74949400 0.72640300
vt 0.72710200 0.75985500
vt 0.70471000 0.73755400
vt 0.72710200 0.73755400
vt 0.72710200 0.74870400
vt 0.73829800 0.73755400
vt 0.73829800 0.74870400
vt 0.70471000 0.77100600
vt 0.71590600 0.75985500
vt 0.65925300 0.78215700
vt 0.68198200 0.75985500
vt 0.68198200 0.78215700
vt 0.69334600 0.78215700
vt 0.68198200 0.77100600
vt 0.69334600 0.75985500
vt 0.69334600 0.77100600
vt 0.65925300 0.73755400
vt 0.68198200 0.71525200
vt 0.68198200 0.73755400
vt 0.65925300 0.79330800
vt 0.67061700 0.78215700
vt 0.63652500 0.75985500
vt 0.63652500 0.78215700
vt 0.63652500 0.79330800
vt 0.64788900 0.78215700
vt 0.64788900 0.79330800
vt 0.62516100 0.78215700
vt 0.62516100 0.79330800
vt 0.61379700 0.74454200
vt 0.61379700 0.68462600
vt 0.61379700 0.56479400
vt 0.61379700 0.50487700
vt 0.43398900 0.44496100
vt 0.34307800 0.53416500
vt 0.43398900 0.62471000
vt 0.34307800 0.62471000
vt 0.25350800 0.62471000
vt 0.34307800 0.71525200
vt 0.38853300 0.53416500
vt 0.34307800 0.48956300
vt 0.38853300 0.48956300
vt 0.29829300 0.53416500
vt 0.38853300 0.62471000
vt 0.34307800 0.57943800
vt 0.38853300 0.57943800
vt 0.29829300 0.62471000
vt 0.29829300 0.57943800
vt 0.38853300 0.71525200
vt 0.34307800 0.66998100
vt 0.38853300 0.66998100
vt 0.29829300 0.71525200
vt 0.29829300 0.66998100
vt 0.34307800 0.75985500
vt 0.38853300 0.75985500
vt 0.25353900 0.62132700
vt 0.25363200 0.61794600
vt 0.25378800 0.61456700
vt 0.25400700 0.61119100
vt 0.25428800 0.60782000
vt 0.25463200 0.60445600
vt 0.25503900 0.60109800
vt 0.25550900 0.59774800
vt 0.25604200 0.59440900
vt 0.25663800 0.59108000
vt 0.25729600 0.58776300
vt 0.25801700 0.58446000
vt 0.25880100 0.58117100
vt 0.25964600 0.57789800
vt 0.26055400 0.57464200
vt 0.26152200 0.57140400
vt 0.26255200 0.56818500
vt 0.26364300 0.56498700
vt 0.26479400 0.56181100
vt 0.26600500 0.55865800
vt 0.26727500 0.55552900
vt 0.26860400 0.55242500
vt 0.26999100 0.54934700
vt 0.27143700 0.54629600
vt 0.27293900 0.54327400
vt 0.27449800 0.54028200
vt 0.27611300 0.53732000
vt 0.27778300 0.53439000
vt 0.27950800 0.53149200
vt 0.28128600 0.52862700
vt 0.28311800 0.52579700
vt 0.28500300 0.52300300
vt 0.28693900 0.52024500
vt 0.28892600 0.51752400
vt 0.29096400 0.51484200
vt 0.29305100 0.51219800
vt 0.29518700 0.50959500
vt 0.29737100 0.50703200
vt 0.29960300 0.50451000
vt 0.30188000 0.50203200
vt 0.30420400 0.49959600
vt 0.30657200 0.49720500
vt 0.30898400 0.49485800
vt 0.31143900 0.49255700
vt 0.31393600 0.49030200
vt 0.31647500 0.48809500
vt 0.31905500 0.48593500
vt 0.32167400 0.48382400
vt 0.32433200 0.48176200
vt 0.32702700 0.47975000
vt 0.32976000 0.47778900
vt 0.33252900 0.47587900
vt 0.33533300 0.47402100
vt 0.33817100 0.47221600
vt 0.34104200 0.47046400
vt 0.34394600 0.46876700
vt 0.34688000 0.46712300
vt 0.34984500 0.46553500
vt 0.35284000 0.46400300
vt 0.35586200 0.46252700
vt 0.35891200 0.46110700
vt 0.36198800 0.45974500
vt 0.36508800 0.45844100
vt 0.36821300 0.45719500
vt 0.37136100 0.45600700
vt 0.37453000 0.45487900
vt 0.37772000 0.45381000
vt 0.38092900 0.45280100
vt 0.38415700 0.45185300
vt 0.38740200 0.45096400
vt 0.39066300 0.45013700
vt 0.39393900 0.44937000
vt 0.39722900 0.44866500
vt 0.40053100 0.44802100
vt 0.40384500 0.44743800
vt 0.40716900 0.44691700
vt 0.41050200 0.44645800
vt 0.41384300 0.44606000
vt 0.41719000 0.44572300
vt 0.42054300 0.44544800
vt 0.42390100 0.44523500
vt 0.42726200 0.44508300
vt 0.43062500 0.44499100
vt 0.27590000 0.62471000
vt 0.27590000 0.57943800
vt 0.29829300 0.60207400
vt 0.27590000 0.60207400
vt 0.26470400 0.62471000
vt 0.26470400 0.60207400
vt 0.27590000 0.61339200
vt 0.26470400 0.61339200
vt 0.27590000 0.66998100
vt 0.29829300 0.64734500
vt 0.27590000 0.64734500
vt 0.25910600 0.62471000
vt 0.25910600 0.61339200
vt 0.26470400 0.61905100
vt 0.25910600 0.61905100
vt 0.26470400 0.64734500
vt 0.27590000 0.63602800
vt 0.26470400 0.63602800
vt 0.25910600 0.63602800
vt 0.26470400 0.63036900
vt 0.25910600 0.63036900
vt 0.25910600 0.60207400
vt 0.26470400 0.60773300
vt 0.25910600 0.60773300
vt 0.26470400 0.57943800
vt 0.27590000 0.59075600
vt 0.26470400 0.59075600
vt 0.29829300 0.55680200
vt 0.27590000 0.55680200
vt 0.25910600 0.59075600
vt 0.26470400 0.59641500
vt 0.25910600 0.59641500
vt 0.26470400 0.58509700
vt 0.27590000 0.56812000
vt 0.26470400 0.56812000
vt 0.26470400 0.57377900
vt 0.27590000 0.54548300
vt 0.29829300 0.51186400
vt 0.27030200 0.56812000
vt 0.27030200 0.55680200
vt 0.27590000 0.56246100
vt 0.27030200 0.56246100
vt 0.28709700 0.57943800
vt 0.28709700 0.55680200
vt 0.29829300 0.56812000
vt 0.28709700 0.56812000
vt 0.32068500 0.57943800
vt 0.32068500 0.53416500
vt 0.34307800 0.55680200
vt 0.32068500 0.55680200
vt 0.27590000 0.55114300
vt 0.27030200 0.55114300
vt 0.28709700 0.53416500
vt 0.29829300 0.54548300
vt 0.28709700 0.54548300
vt 0.27590000 0.53982400
vt 0.28149800 0.54548300
vt 0.28149800 0.53416500
vt 0.28709700 0.53982400
vt 0.28149800 0.53982400
vt 0.29829300 0.52301500
vt 0.28709700 0.52301500
vt 0.32068500 0.48956300
vt 0.34307800 0.51186400
vt 0.32068500 0.51186400
vt 0.28709700 0.52859000
vt 0.29269500 0.52301500
vt 0.29829300 0.51744000
vt 0.29269500 0.51744000
vt 0.30948900 0.53416500
vt 0.30948900 0.51186400
vt 0.32068500 0.52301500
vt 0.30948900 0.52301500
vt 0.32068500 0.50071400
vt 0.30948900 0.50071400
vt 0.30389100 0.51186400
vt 0.30948900 0.50628900
vt 0.30389100 0.50628900
vt 0.31508700 0.50071400
vt 0.32068500 0.49513900
vt 0.31508700 0.49513900
vt 0.33188100 0.51186400
vt 0.33188100 0.48956300
vt 0.34307800 0.50071400
vt 0.33188100 0.50071400
vt 0.36580500 0.53416500
vt 0.36580500 0.48956300
vt 0.38853300 0.51186400
vt 0.36580500 0.51186400
vt 0.34307800 0.47841300
vt 0.33188100 0.47841300
vt 0.38853300 0.46726200
vt 0.36580500 0.46726200
vt 0.32628300 0.48956300
vt 0.33188100 0.48398800
vt 0.32628300 0.48398800
vt 0.33748000 0.47841300
vt 0.34307800 0.47283800
vt 0.35444200 0.48956300
vt 0.35444200 0.46726200
vt 0.36580500 0.47841300
vt 0.35444200 0.47841300
vt 0.34876000 0.47841300
vt 0.34876000 0.46726200
vt 0.35444200 0.47283800
vt 0.34876000 0.47283800
vt 0.36012300 0.46726200
vt 0.36580500 0.46168700
vt 0.37716900 0.46726200
vt 0.38853300 0.45611200
vt 0.37716900 0.45611200
vt 0.41126100 0.48956300
vt 0.41126100 0.46726200
vt 0.37148700 0.46726200
vt 0.37716900 0.46168700
vt 0.37148700 0.46168700
vt 0.37716900 0.48956300
vt 0.38853300 0.47841300
vt 0.37716900 0.47841300
vt 0.38285100 0.45611200
vt 0.39989700 0.46726200
vt 0.41126100 0.45611200
vt 0.39989700 0.45611200
vt 0.39421500 0.45611200
vt 0.39989700 0.45053600
vt 0.40557900 0.45611200
vt 0.41126100 0.45053600
vt 0.40557900 0.45053600
vt 0.42262500 0.46726200
vt 0.42262500 0.45611200
vt 0.41694300 0.45611200
vt 0.42262500 0.45053600
vt 0.41694300 0.45053600
vt 0.42830700 0.45611200
vt 0.42830700 0.45053600
vt 0.43398900 0.80445800
vt 0.42726200 0.80433700
vt 0.42054300 0.80397100
vt 0.41384300 0.80336000
vt 0.40716900 0.80250200
vt 0.40053100 0.80139900
vt 0.39393900 0.80004900
vt 0.38740200 0.79845500
vt 0.38092900 0.79661800
vt 0.37453000 0.79454000
vt 0.36821300 0.79222500
vt 0.36198800 0.78967400
vt 0.35586200 0.78689300
vt 0.34984500 0.78388400
vt 0.34394600 0.78065300
vt 0.33817100 0.77720300
vt 0.33252900 0.77354000
vt 0.32702700 0.76966900
vt 0.32167400 0.76559600
vt 0.31647500 0.76132500
vt 0.31143900 0.75686300
vt 0.30657200 0.75221500
vt 0.30188000 0.74738800
vt 0.29737100 0.74238800
vt 0.29305100 0.73722100
vt 0.28892600 0.73189500
vt 0.28500300 0.72641600
vt 0.28128600 0.72079200
vt 0.27778300 0.71503000
vt 0.27449800 0.70913800
vt 0.27143700 0.70312300
vt 0.26860400 0.69699500
vt 0.26600500 0.69076200
vt 0.26364300 0.68443200
vt 0.26152200 0.67801600
vt 0.25964600 0.67152200
vt 0.25801700 0.66496000
vt 0.25663800 0.65834000
vt 0.25550900 0.65167100
vt 0.25463200 0.64496400
vt 0.25400700 0.63822800
vt 0.25363200 0.63147400
vt 0.38853300 0.78215700
vt 0.41126100 0.75985500
vt 0.41126100 0.78215700
vt 0.41126100 0.79330800
vt 0.42262500 0.78215700
vt 0.42262500 0.79330800
vt 0.38853300 0.79330800
vt 0.39989700 0.78215700
vt 0.39989700 0.79330800
vt 0.36580500 0.75985500
vt 0.36580500 0.78215700
vt 0.37716900 0.78215700
vt 0.35444200 0.78215700
vt 0.32068500 0.75985500
vt 0.34307800 0.77100600
vt 0.35444200 0.75985500
vt 0.36580500 0.77100600
vt 0.35444200 0.77100600
vt 0.34307800 0.73755400
vt 0.36580500 0.71525200
vt 0.38853300 0.73755400
vt 0.36580500 0.73755400
vt 0.33188100 0.75985500
vt 0.29829300 0.73755400
vt 0.32068500 0.71525200
vt 0.32068500 0.73755400
vt 0.30948900 0.73755400
vt 0.32068500 0.74870400
vt 0.30948900 0.74870400
vt 0.28709700 0.71525200
vt 0.29829300 0.72640300
vt 0.29829300 0.69261700
vt 0.27590000 0.69261700
vt 0.27590000 0.70393400
vt 0.28709700 0.69261700
vt 0.29829300 0.70393400
vt 0.28709700 0.70393400
vt 0.32068500 0.66998100
vt 0.34307800 0.69261700
vt 0.32068500 0.69261700
vt 0.26470400 0.66998100
vt 0.27590000 0.68129900
vt 0.26470400 0.68129900
vt 0.27590000 0.65866300
vt 0.26470400 0.65866300
vt 0.43398900 0.50487700
vt 0.43398900 0.56479400
vt 0.43398900 0.68462600
vt 0.43398900 0.74454200
vt 0.00324400 0.00000000
vt 0.00162200 0.00000000
vt 0.00324400 0.61249100
vt 0.00162200 0.61249100
vt 0.00162200 0.60519900
vt 0.00162200 0.59790800
vt 0.00162200 0.59061600
vt 0.00162200 0.58332500
vt 0.00162200 0.57603300
vt 0.00162200 0.56874100
vt 0.00162200 0.56145000
vt 0.00162200 0.55415800
vt 0.00162200 0.54686700
vt 0.00162200 0.53957500
vt 0.00162200 0.53228400
vt 0.00162200 0.52499200
vt 0.00162200 0.51770000
vt 0.00162200 0.51040900
vt 0.00162200 0.50311700
vt 0.00162200 0.49582600
vt 0.00162200 0.48853400
vt 0.00162200 0.48124300
vt 0.00162200 0.47395100
vt 0.00162200 0.46666000
vt 0.00162200 0.45936800
vt 0.00162200 0.45207600
vt 0.00162200 0.44478500
vt 0.00162200 0.43749300
vt 0.00162200 0.43020200
vt 0.00162200 0.42291000
vt 0.00162200 0.41561900
vt 0.00162200 0.40832700
vt 0.00162200 0.40103600
vt 0.00162200 0.39374400
vt 0.00162200 0.38645200
vt 0.00162200 0.37916100
vt 0.00162200 0.37186900
vt 0.00162200 0.36457800
vt 0.00162200 0.35728600
vt 0.00162200 0.34999500
vt 0.00162200 0.34270300
vt 0.00162200 0.33541200
vt 0.00162200 0.32812000
vt 0.00162200 0.32082800
vt 0.00162200 0.31353700
vt 0.00162200 0.30624500
vt 0.00162200 0.29895400
vt 0.00162200 0.29166200
vt 0.00162200 0.28437100
vt 0.00162200 0.27707900
vt 0.00162200 0.26978800
vt 0.00162200 0.26249600
vt 0.00162200 0.25520400
vt 0.00162200 0.24791300
vt 0.00162200 0.24062100
vt 0.00162200 0.23333000
vt 0.00162200 0.22603800
vt 0.00162200 0.21874700
vt 0.00162200 0.21145500
vt 0.00162200 0.20416400
vt 0.00162200 0.19687200
vt 0.00162200 0.18958000
vt 0.00162200 0.18228900
vt 0.00162200 0.17499700
vt 0.00162200 0.16770600
vt 0.00162200 0.16041400
vt 0.00162200 0.15312300
vt 0.00162200 0.14583100
vt 0.00162200 0.13854000
vt 0.00162200 0.13124800
vt 0.00162200 0.12395600
vt 0.00162200 0.11666500
vt 0.00162200 0.10937300
vt 0.00162200 0.10208200
vt 0.00162200 0.09479000
vt 0.00162200 0.08749900
vt 0.00162200 0.08020700
vt 0.00162200 0.07291600
vt 0.00162200 0.06562400
vt 0.00162200 0.05833200
vt 0.00162200 0.05104100
vt 0.00162200 0.04374900
vt 0.00162200 0.03645800
vt 0.00162200 0.02916600
vt 0.00162200 0.02187500
vt 0.00162200 0.01458300
vt 0.00162200 0.00729200
vt 0.00324400 0.00729200
vt 0.00324400 0.01458300
vt 0.00324400 0.02187500
vt 0.00324400 0.02916600
vt 0.00324400 0.03645800
vt 0.00324400 0.04374900
vt 0.00324400 0.05104100
vt 0.00324400 0.05833200
vt 0.00324400 0.06562400
vt 0.00324400 0.07291600
vt 0.00324400 0.08020700
vt 0.00324400 0.08749900
vt 0.00324400 0.09479000
vt 0.00324400 0.10208200
vt 0.00324400 0.10937300
vt 0.00324400 0.11666500
vt 0.00324400 0.12395600
vt 0.00324400 0.13124800
vt 0.00324400 0.13854000
vt 0.00324400 0.14583100
vt 0.00324400 0.15312300
vt 0.00324400 0.16041400
vt 0.00324400 0.16770600
vt 0.00324400 0.17499700
vt 0.00324400 0.18228900
vt 0.00324400 0.18958000
vt 0.00324400 0.19687200
vt 0.00324400 0.20416400
vt 0.00324400 0.21145500
vt 0.00324400 0.21874700
vt 0.00324400 0.22603800
vt 0.00324400 0.23333000
vt 0.00324400 0.24062100
vt 0.00324400 0.24791300
vt 0.00324400 0.25520400
vt 0.00324400 0.26249600
vt 0.00324400 0.26978800
vt 0.00324400 0.27707900
vt 0.00324400 0.28437100
vt 0.00324400 0.29166200
vt 0.00324400 0.29895400
vt 0.00324400 0.30624500
vt 0.00324400 0.31353700
vt 0.00324400 0.32082800
vt 0.00324400 0.32812000
vt 0.00324400 0.33541200
vt 0.00324400 0.34270300
vt 0.00324400 0.34999500
vt 0.00324400 0.35728600
vt 0.00324400 0.36457800
vt 0.00324400 0.37186900
vt 0.00324400 0.37916100
vt 0.00324400 0.38645200
vt 0.00324400 0.39374400
vt 0.00324400 0.40103600
vt 0.00324400 0.40832700
vt 0.00324400 0.41561900
vt 0.00324400 0.42291000
vt 0.00324400 0.43020200
vt 0.00324400 0.43749300
vt 0.00324400 0.44478500
vt 0.00324400 0.45207600
vt 0.00324400 0.45936800
vt 0.00324400 0.46666000
vt 0.00324400 0.47395100
vt 0.00324400 0.48124300
vt 0.00324400 0.48853400
vt 0.00324400 0.49582600
vt 0.00324400 0.50311700
vt 0.00324400 0.51040900
vt 0.00324400 0.51770000
vt 0.00324400 0.52499200
vt 0.00324400 0.53228400
vt 0.00324400 0.53957500
vt 0.00324400 0.54686700
vt 0.00324400 0.55415800
vt 0.00324400 0.56145000
vt 0.00324400 0.56874100
vt 0.00324400 0.57603300
vt 0.00324400 0.58332500
vt 0.00324400 0.59061600
vt 0.00324400 0.59790800
vt 0.00324400 0.60519900
vt 0.00162200 0.00000000
vt 0.00000000 0.00000000
vt 0.00162200 0.30624500
vt 0.00162200 0.61249100
vt 0.00000000 0.61249100
vt 0.00000000 0.30624500
vt 0.00000000 0.30260000
vt 0.00000000 0.29895400
vt 0.00000000 0.29530800
vt 0.00000000 0.29166200
vt 0.00000000 0.28801600
vt 0.00000000 0.28437100
vt 0.00000000 0.28072500
vt 0.00000000 0.27707900
vt 0.00000000 0.27343300
vt 0.00000000 0.26978800
vt 0.00000000 0.26614200
vt 0.00000000 0.26249600
vt 0.00000000 0.25885000
vt 0.00000000 0.25520400
vt 0.00000000 0.25155900
vt 0.00000000 0.24791300
vt 0.00000000 0.24426700
vt 0.00000000 0.24062100
vt 0.00000000 0.23697600
vt 0.00000000 0.23333000
vt 0.00000000 0.22968400
vt 0.00000000 0.22603800
vt 0.00000000 0.22239200
vt 0.00000000 0.21874700
vt 0.00000000 0.21510100
vt 0.00000000 0.21145500
vt 0.00000000 0.20780900
vt 0.00000000 0.20416400
vt 0.00000000 0.20051800
vt 0.00000000 0.19687200
vt 0.00000000 0.19322600
vt 0.00000000 0.18958000
vt 0.00000000 0.18593500
vt 0.00000000 0.18228900
vt 0.00000000 0.17864300
vt 0.00000000 0.17499700
vt 0.00000000 0.17135200
vt 0.00000000 0.16770600
vt 0.00000000 0.16406000
vt 0.00000000 0.16041400
vt 0.00000000 0.15676800
vt 0.00000000 0.15312300
vt 0.00000000 0.14947700
vt 0.00000000 0.14583100
vt 0.00000000 0.14218500
vt 0.00000000 0.13854000
vt 0.00000000 0.13489400
vt 0.00000000 0.13124800
vt 0.00000000 0.12760200
vt 0.00000000 0.12395600
vt 0.00000000 0.12031100
vt 0.00000000 0.11666500
vt 0.00000000 0.11301900
vt 0.00000000 0.10937300
vt 0.00000000 0.10572800
vt 0.00000000 0.10208200
vt 0.00000000 0.09843600
vt 0.00000000 0.09479000
vt 0.00000000 0.09114400
vt 0.00000000 0.08749900
vt 0.00000000 0.08385300
vt 0.00000000 0.08020700
vt 0.00000000 0.07656100
vt 0.00000000 0.07291600
vt 0.00000000 0.06927000
vt 0.00000000 0.06562400
vt 0.00000000 0.06197800
vt 0.00000000 0.05833200
vt 0.00000000 0.05468700
vt 0.00000000 0.05104100
vt 0.00000000 0.04739500
vt 0.00000000 0.04374900
vt 0.00000000 0.04010400
vt 0.00000000 0.03645800
vt 0.00000000 0.03281200
vt 0.00000000 0.02916600
vt 0.00000000 0.02552000
vt 0.00000000 0.02187500
vt 0.00000000 0.01822900
vt 0.00000000 0.01458300
vt 0.00000000 0.01093700
vt 0.00000000 0.00729200
vt 0.00000000 0.00364600
vt 0.00000000 0.60884500
vt 0.00000000 0.60519900
vt 0.00000000 0.60155300
vt 0.00000000 0.59790800
vt 0.00000000 0.59426200
vt 0.00000000 0.59061600
vt 0.00000000 0.58697000
vt 0.00000000 0.58332500
vt 0.00000000 0.57967900
vt 0.00000000 0.57603300
vt 0.00000000 0.57238700
vt 0.00000000 0.56874100
vt 0.00000000 0.56509600
vt 0.00000000 0.56145000
vt 0.00000000 0.55780400
vt 0.00000000 0.55415800
vt 0.00000000 0.55051300
vt 0.00000000 0.54686700
vt 0.00000000 0.54322100
vt 0.00000000 0.53957500
vt 0.00000000 0.53592900
vt 0.00000000 0.53228400
vt 0.00000000 0.52863800
vt 0.00000000 0.52499200
vt 0.00000000 0.52134600
vt 0.00000000 0.51770000
vt 0.00000000 0.51405500
vt 0.00000000 0.51040900
vt 0.00000000 0.50676300
vt 0.00000000 0.50311700
vt 0.00000000 0.49947200
vt 0.00000000 0.49582600
vt 0.00000000 0.49218000
vt 0.00000000 0.48853400
vt 0.00000000 0.48488900
vt 0.00000000 0.48124300
vt 0.00000000 0.47759700
vt 0.00000000 0.47395100
vt 0.00000000 0.47030500
vt 0.00000000 0.46666000
vt 0.00000000 0.46301400
vt 0.00000000 0.45936800
vt 0.00000000 0.45572200
vt 0.00000000 0.45207600
vt 0.00000000 0.44843100
vt 0.00000000 0.44478500
vt 0.00000000 0.44113900
vt 0.00000000 0.43749300
vt 0.00000000 0.43384800
vt 0.00000000 0.43020200
vt 0.00000000 0.42655600
vt 0.00000000 0.42291000
vt 0.00000000 0.41926500
vt 0.00000000 0.41561900
vt 0.00000000 0.41197300
vt 0.00000000 0.40832700
vt 0.00000000 0.40468100
vt 0.00000000 0.40103600
vt 0.00000000 0.39739000
vt 0.00000000 0.39374400
vt 0.00000000 0.39009800
vt 0.00000000 0.38645200
vt 0.00000000 0.38280700
vt 0.00000000 0.37916100
vt 0.00000000 0.37551500
vt 0.00000000 0.37186900
vt 0.00000000 0.36822400
vt 0.00000000 0.36457800
vt 0.00000000 0.36093200
vt 0.00000000 0.35728600
vt 0.00000000 0.35364000
vt 0.00000000 0.34999500
vt 0.00000000 0.34634900
vt 0.00000000 0.34270300
vt 0.00000000 0.33905700
vt 0.00000000 0.33541200
vt 0.00000000 0.33176600
vt 0.00000000 0.32812000
vt 0.00000000 0.32447400
vt 0.00000000 0.32082800
vt 0.00000000 0.31718300
vt 0.00000000 0.31353700
vt 0.00000000 0.30989100
vt 0.00162200 0.00364600
vt 0.00162200 0.00729200
vt 0.00162200 0.01093700
vt 0.00162200 0.01458300
vt 0.00162200 0.01822900
vt 0.00162200 0.02187500
vt 0.00162200 0.02552000
vt 0.00162200 0.02916600
vt 0.00162200 0.03281200
vt 0.00162200 0.03645800
vt 0.00162200 0.04010400
vt 0.00162200 0.04374900
vt 0.00162200 0.04739500
vt 0.00162200 0.05104100
vt 0.00162200 0.05468700
vt 0.00162200 0.05833200
vt 0.00162200 0.06197800
vt 0.00162200 0.06562400
vt 0.00162200 0.06927000
vt 0.00162200 0.07291600
vt 0.00162200 0.07656100
vt 0.00162200 0.08020700
vt 0.00162200 0.08385300
vt 0.00162200 0.08749900
vt 0.00162200 0.09114400
vt 0.00162200 0.09479000
vt 0.00162200 0.09843600
vt 0.00162200 0.10208200
vt 0.00162200 0.10572800
vt 0.00162200 0.10937300
vt 0.00162200 0.11301900
vt 0.00162200 0.11666500
vt 0.00162200 0.12031100
vt 0.00162200 0.12395600
vt 0.00162200 0.12760200
vt 0.00162200 0.13124800
vt 0.00162200 0.13489400
vt 0.00162200 0.13854000
vt 0.00162200 0.14218500
vt 0.00162200 0.14583100
vt 0.00162200 0.14947700
vt 0.00162200 0.15312300
vt 0.00162200 0.15676800
vt 0.00162200 0.16041400
vt 0.00162200 0.16406000
vt 0.00162200 0.16770600
vt 0.00162200 0.17135200
vt 0.00162200 0.17499700
vt 0.00162200 0.17864300
vt 0.00162200 0.18228900
vt 0.00162200 0.18593500
vt 0.00162200 0.18958000
vt 0.00162200 0.19322600
vt 0.00162200 0.19687200
vt 0.00162200 0.20051800
vt 0.00162200 0.20416400
vt 0.00162200 0.20780900
vt 0.00162200 0.21145500
vt 0.00162200 0.21510100
vt 0.00162200 0.21874700
vt 0.00162200 0.22239200
vt 0.00162200 0.22603800
vt 0.00162200 0.22968400
vt 0.00162200 0.23333000
vt 0.00162200 0.23697600
vt 0.00162200 0.24062100
vt 0.00162200 0.24426700
vt 0.00162200 0.24791300
vt 0.00162200 0.25155900
vt 0.00162200 0.25520400
vt 0.00162200 0.25885000
vt 0.00162200 0.26249600
vt 0.00162200 0.26614200
vt 0.00162200 0.26978800
vt 0.00162200 0.27343300
vt 0.00162200 0.27707900
vt 0.00162200 0.28072500
vt 0.00162200 0.28437100
vt 0.00162200 0.28801600
vt 0.00162200 0.29166200
vt 0.00162200 0.29530800
vt 0.00162200 0.29895400
vt 0.00162200 0.30260000
vt 0.00162200 0.30989100
vt 0.00162200 0.31353700
vt 0.00162200 0.31718300
vt 0.00162200 0.32082800
vt 0.00162200 0.32447400
vt 0.00162200 0.32812000
vt 0.00162200 0.33176600
vt 0.00162200 0.33541200
vt 0.00162200 0.33905700
vt 0.00162200 0.34270300
vt 0.00162200 0.34634900
vt 0.00162200 0.34999500
vt 0.00162200 0.35364000
vt 0.00162200 0.35728600
vt 0.00162200 0.36093200
vt 0.00162200 0.36457800
vt 0.00162200 0.36822400
vt 0.00162200 0.37186900
vt 0.00162200 0.37551500
vt 0.00162200 0.37916100
vt 0.00162200 0.38280700
vt 0.00162200 0.38645200
vt 0.00162200 0.39009800
vt 0.00162200 0.39374400
vt 0.00162200 0.39739000
vt 0.00162200 0.40103600
vt 0.00162200 0.40468100
vt 0.00162200 0.40832700
vt 0.00162200 0.41197300
vt 0.00162200 0.41561900
vt 0.00162200 0.41926500
vt 0.00162200 0.42291000
vt 0.00162200 0.42655600
vt 0.00162200 0.43020200
vt 0.00162200 0.43384800
vt 0.00162200 0.43749300
vt 0.00162200 0.44113900
vt 0.00162200 0.44478500
vt 0.00162200 0.44843100
vt 0.00162200 0.45207600
vt 0.00162200 0.45572200
vt 0.00162200 0.45936800
vt 0.00162200 0.46301400
vt 0.00162200 0.46666000
vt 0.00162200 0.47030500
vt 0.00162200 0.47395100
vt 0.00162200 0.47759700
vt 0.00162200 0.48124300
vt 0.00162200 0.48488900
vt 0.00162200 0.48853400
vt 0.00162200 0.49218000
vt 0.00162200 0.49582600
vt 0.00162200 0.49947200
vt 0.00162200 0.50311700
vt 0.00162200 0.50676300
vt 0.00162200 0.51040900
vt 0.00162200 0.51405500
vt 0.00162200 0.51770000
vt 0.00162200 0.52134600
vt 0.00162200 0.52499200
vt 0.00162200 0.52863800
vt 0.00162200 0.53228400
vt 0.00162200 0.53592900
vt 0.00162200 0.53957500
vt 0.00162200 0.54322100
vt 0.00162200 0.54686700
vt 0.00162200 0.55051300
vt 0.00162200 0.55415800
vt 0.00162200 0.55780400
vt 0.00162200 0.56145000
vt 0.00162200 0.56509600
vt 0.00162200 0.56874100
vt 0.00162200 0.57238700
vt 0.00162200 0.57603300
vt 0.00162200 0.57967900
vt 0.00162200 0.58332500
vt 0.00162200 0.58697000
vt 0.00162200 0.59061600
vt 0.00162200 0.59426200
vt 0.00162200 0.59790800
vt 0.00162200 0.60155300
vt 0.00162200 0.60519900
vt 0.00162200 0.60884500
vt 0.00081100 0.00530800
vt 0.00081100 0.01592300
vt 0.00081100 0.02103000
vt 0.00081100 0.03090000
vt 0.00081100 0.02596500
vt 0.00081100 0.04077000
vt 0.00081100 0.03583500
vt 0.00081100 0.04570400
vt 0.00081100 0.05557400
vt 0.00081100 0.05063900
vt 0.00081100 0.06544300
vt 0.00081100 0.06050900
vt 0.00081100 0.07037800
vt 0.00081100 0.08024800
vt 0.00081100 0.07531300
vt 0.00081100 0.08518300
vt 0.00081100 0.09011700
vt 0.00081100 0.09984900
vt 0.00081100 0.09493600
vt 0.00081100 0.10464900
vt 0.00081100 0.10944900
vt 0.00081100 0.11424900
vt 0.00081100 0.11904800
vt 0.00081100 0.12384800
vt 0.00081100 0.12864800
vt 0.00081100 0.13824800
vt 0.00081100 0.13344800
vt 0.00081100 0.14304800
vt 0.00081100 0.15264800
vt 0.00081100 0.14784800
vt 0.00081100 0.15744800
vt 0.00081100 0.16704800
vt 0.00081100 0.16224800
vt 0.00081100 0.17664800
vt 0.00081100 0.17184800
vt 0.00081100 0.18624700
vt 0.00081100 0.18144700
vt 0.00081100 0.19104700
vt 0.00081100 0.20064700
vt 0.00081100 0.19584700
vt 0.00081100 0.20544700
vt 0.00081100 0.21504700
vt 0.00081100 0.21024700
vt 0.00081100 0.21984700
vt 0.00081100 0.22944700
vt 0.00081100 0.22464700
vt 0.00081100 0.23424700
vt 0.00081100 0.23904600
vt 0.00081100 0.24864600
vt 0.00081100 0.24384600
vt 0.00081100 0.25344600
vt 0.00081100 0.25824600
vt 0.00081100 0.26784600
vt 0.00081100 0.26304600
vt 0.00081100 0.27290100
vt 0.00081100 0.27798500
vt 0.00081100 0.28821800
vt 0.00081100 0.28309500
vt 0.00081100 0.29333100
vt 0.00081100 0.30357500
vt 0.00081100 0.29837000
vt 0.00081100 0.30624500
vt 0.00081100 0.31155300
vt 0.00081100 0.31686100
vt 0.00081100 0.32216900
vt 0.00081100 0.33221100
vt 0.00081100 0.32727600
vt 0.00081100 0.33714500
vt 0.00081100 0.34208000
vt 0.00081100 0.34701500
vt 0.00081100 0.35688400
vt 0.00081100 0.35195000
vt 0.00081100 0.36181900
vt 0.00081100 0.36675400
vt 0.00081100 0.37662400
vt 0.00081100 0.37168900
vt 0.00081100 0.38155800
vt 0.00081100 0.39142800
vt 0.00081100 0.38649300
vt 0.00081100 0.40118100
vt 0.00081100 0.39636300
vt 0.00081100 0.40609400
vt 0.00081100 0.41569400
vt 0.00081100 0.41089400
vt 0.00081100 0.42049400
vt 0.00081100 0.42529400
vt 0.00081100 0.43009400
vt 0.00081100 0.43489400
vt 0.00081100 0.44449400
vt 0.00081100 0.43969400
vt 0.00081100 0.44929300
vt 0.00081100 0.45889300
vt 0.00081100 0.45409300
vt 0.00081100 0.46369300
vt 0.00081100 0.47329300
vt 0.00081100 0.46849300
vt 0.00081100 0.48289300
vt 0.00081100 0.47809300
vt 0.00081100 0.49249300
vt 0.00081100 0.48769300
vt 0.00081100 0.49729300
vt 0.00081100 0.50689300
vt 0.00081100 0.50209300
vt 0.00081100 0.51169200
vt 0.00081100 0.52129200
vt 0.00081100 0.51649200
vt 0.00081100 0.52609200
vt 0.00081100 0.53569200
vt 0.00081100 0.53089200
vt 0.00081100 0.54049200
vt 0.00081100 0.54529200
vt 0.00081100 0.55489200
vt 0.00081100 0.55009200
vt 0.00081100 0.55969200
vt 0.00081100 0.56449200
vt 0.00081100 0.57409100
vt 0.00081100 0.56929100
vt 0.00081100 0.57914600
vt 0.00081100 0.58423100
vt 0.00081100 0.59446300
vt 0.00081100 0.58934000
vt 0.00081100 0.59957600
vt 0.00081100 0.60982000
vt 0.00081100 0.60461500
vt 0.00515500 0.00000000
vt 0.00324400 0.00000000
vt 0.00515500 0.30444400
vt 0.00324400 0.30444400
vt 0.00515500 0.60888800
vt 0.00324400 0.60888800
vt 0.00515500 0.00724900
vt 0.00515500 0.01449700
vt 0.00515500 0.02174600
vt 0.00515500 0.02899500
vt 0.00515500 0.03624300
vt 0.00515500 0.04349200
vt 0.00515500 0.05074100
vt 0.00515500 0.05798900
vt 0.00515500 0.06523800
vt 0.00515500 0.07248700
vt 0.00515500 0.07973500
vt 0.00515500 0.08698400
vt 0.00515500 0.09423300
vt 0.00515500 0.10148100
vt 0.00515500 0.10873000
vt 0.00515500 0.11597900
vt 0.00515500 0.12322700
vt 0.00515500 0.13047600
vt 0.00515500 0.13772500
vt 0.00515500 0.14497300
vt 0.00515500 0.15222200
vt 0.00515500 0.15947100
vt 0.00515500 0.16671900
vt 0.00515500 0.17396800
vt 0.00515500 0.18121700
vt 0.00515500 0.18846500
vt 0.00515500 0.19571400
vt 0.00515500 0.20296300
vt 0.00515500 0.21021100
vt 0.00515500 0.21746000
vt 0.00515500 0.22470900
vt 0.00515500 0.23195700
vt 0.00515500 0.23920600
vt 0.00515500 0.24645500
vt 0.00515500 0.25370300
vt 0.00515500 0.26095200
vt 0.00515500 0.26820100
vt 0.00515500 0.27544900
vt 0.00515500 0.28269800
vt 0.00515500 0.28994700
vt 0.00515500 0.29719500
vt 0.00515500 0.31169300
vt 0.00515500 0.31894100
vt 0.00515500 0.32619000
vt 0.00515500 0.33343900
vt 0.00515500 0.34068700
vt 0.00515500 0.34793600
vt 0.00515500 0.35518500
vt 0.00515500 0.36243300
vt 0.00515500 0.36968200
vt 0.00515500 0.37693100
vt 0.00515500 0.38417900
vt 0.00515500 0.39142800
vt 0.00515500 0.39867700
vt 0.00515500 0.40592500
vt 0.00515500 0.41317400
vt 0.00515500 0.42042300
vt 0.00515500 0.42767100
vt 0.00515500 0.43492000
vt 0.00515500 0.44216900
vt 0.00515500 0.44941700
vt 0.00515500 0.45666600
vt 0.00515500 0.46391500
vt 0.00515500 0.47116300
vt 0.00515500 0.47841200
vt 0.00515500 0.48566100
vt 0.00515500 0.49290900
vt 0.00515500 0.50015800
vt 0.00515500 0.50740700
vt 0.00515500 0.51465500
vt 0.00515500 0.52190400
vt 0.00515500 0.52915300
vt 0.00515500 0.53640100
vt 0.00515500 0.54365000
vt 0.00515500 0.55089900
vt 0.00515500 0.55814700
vt 0.00515500 0.56539600
vt 0.00515500 0.57264500
vt 0.00515500 0.57989300
vt 0.00515500 0.58714200
vt 0.00515500 0.59439100
vt 0.00515500 0.60163900
vt 0.00324400 0.60043100
vt 0.00324400 0.59197400
vt 0.00324400 0.58351800
vt 0.00324400 0.57506100
vt 0.00324400 0.56660400
vt 0.00324400 0.55814700
vt 0.00324400 0.54969000
vt 0.00324400 0.54123400
vt 0.00324400 0.53277700
vt 0.00324400 0.52432000
vt 0.00324400 0.51586300
vt 0.00324400 0.50740700
vt 0.00324400 0.49895000
vt 0.00324400 0.49049300
vt 0.00324400 0.48203600
vt 0.00324400 0.47357900
vt 0.00324400 0.46512300
vt 0.00324400 0.45666600
vt 0.00324400 0.44820900
vt 0.00324400 0.43975200
vt 0.00324400 0.43129600
vt 0.00324400 0.42283900
vt 0.00324400 0.41438200
vt 0.00324400 0.40592500
vt 0.00324400 0.39746800
vt 0.00324400 0.38901200
vt 0.00324400 0.38055500
vt 0.00324400 0.37209800
vt 0.00324400 0.36364100
vt 0.00324400 0.35518500
vt 0.00324400 0.34672800
vt 0.00324400 0.33827100
vt 0.00324400 0.32981400
vt 0.00324400 0.32135700
vt 0.00324400 0.31290100
vt 0.00324400 0.29598700
vt 0.00324400 0.28753000
vt 0.00324400 0.27907400
vt 0.00324400 0.27061700
vt 0.00324400 0.26216000
vt 0.00324400 0.25370300
vt 0.00324400 0.24524700
vt 0.00324400 0.23679000
vt 0.00324400 0.22833300
vt 0.00324400 0.21987600
vt 0.00324400 0.21141900
vt 0.00324400 0.20296300
vt 0.00324400 0.19450600
vt 0.00324400 0.18604900
vt 0.00324400 0.17759200
vt 0.00324400 0.16913600
vt 0.00324400 0.16067900
vt 0.00324400 0.15222200
vt 0.00324400 0.14376500
vt 0.00324400 0.13530800
vt 0.00324400 0.12685200
vt 0.00324400 0.11839500
vt 0.00324400 0.10993800
vt 0.00324400 0.10148100
vt 0.00324400 0.09302500
vt 0.00324400 0.08456800
vt 0.00324400 0.07611100
vt 0.00324400 0.06765400
vt 0.00324400 0.05919700
vt 0.00324400 0.05074100
vt 0.00324400 0.04228400
vt 0.00324400 0.03382700
vt 0.00324400 0.02537000
vt 0.00324400 0.01691400
vt 0.00324400 0.00845700
vt 0.00706600 0.00000000
vt 0.00515500 0.00000000
vt 0.00706600 0.30444400
vt 0.00515500 0.30444400
vt 0.00706600 0.60888800
vt 0.00515500 0.60888800
vt 0.00706600 0.00362400
vt 0.00706600 0.00724900
vt 0.00706600 0.01087300
vt 0.00706600 0.01449700
vt 0.00706600 0.01812200
vt 0.00706600 0.02174600
vt 0.00706600 0.02537000
vt 0.00706600 0.02899500
vt 0.00706600 0.03261900
vt 0.00706600 0.03624300
vt 0.00706600 0.03986800
vt 0.00706600 0.04349200
vt 0.00706600 0.04711600
vt 0.00706600 0.05074100
vt 0.00706600 0.05436500
vt 0.00706600 0.05798900
vt 0.00706600 0.06161400
vt 0.00706600 0.06523800
vt 0.00706600 0.06886200
vt 0.00706600 0.07248700
vt 0.00706600 0.07611100
vt 0.00706600 0.07973500
vt 0.00706600 0.08336000
vt 0.00706600 0.08698400
vt 0.00706600 0.09060800
vt 0.00706600 0.09423300
vt 0.00706600 0.09785700
vt 0.00706600 0.10148100
vt 0.00706600 0.10510600
vt 0.00706600 0.10873000
vt 0.00706600 0.11235400
vt 0.00706600 0.11597900
vt 0.00706600 0.11960300
vt 0.00706600 0.12322700
vt 0.00706600 0.12685200
vt 0.00706600 0.13047600
vt 0.00706600 0.13410000
vt 0.00706600 0.13772500
vt 0.00706600 0.14134900
vt 0.00706600 0.14497300
vt 0.00706600 0.14859800
vt 0.00706600 0.15222200
vt 0.00706600 0.15584600
vt 0.00706600 0.15947100
vt 0.00706600 0.16309500
vt 0.00706600 0.16671900
vt 0.00706600 0.17034400
vt 0.00706600 0.17396800
vt 0.00706600 0.17759200
vt 0.00706600 0.18121700
vt 0.00706600 0.18484100
vt 0.00706600 0.18846500
vt 0.00706600 0.19209000
vt 0.00706600 0.19571400
vt 0.00706600 0.19933800
vt 0.00706600 0.20296300
vt 0.00706600 0.20658700
vt 0.00706600 0.21021100
vt 0.00706600 0.21383600
vt 0.00706600 0.21746000
vt 0.00706600 0.22108400
vt 0.00706600 0.22470900
vt 0.00706600 0.22833300
vt 0.00706600 0.23195700
vt 0.00706600 0.23558200
vt 0.00706600 0.23920600
vt 0.00706600 0.24283000
vt 0.00706600 0.24645500
vt 0.00706600 0.25007900
vt 0.00706600 0.25370300
vt 0.00706600 0.25732800
vt 0.00706600 0.26095200
vt 0.00706600 0.26457600
vt 0.00706600 0.26820100
vt 0.00706600 0.27182500
vt 0.00706600 0.27544900
vt 0.00706600 0.27907400
vt 0.00706600 0.28269800
vt 0.00706600 0.28632200
vt 0.00706600 0.28994700
vt 0.00706600 0.29357100
vt 0.00706600 0.29719500
vt 0.00706600 0.30082000
vt 0.00706600 0.30806800
vt 0.00706600 0.31169300
vt 0.00706600 0.31531700
vt 0.00706600 0.31894100
vt 0.00706600 0.32256600
vt 0.00706600 0.32619000
vt 0.00706600 0.32981400
vt 0.00706600 0.33343900
vt 0.00706600 0.33706300
vt 0.00706600 0.34068700
vt 0.00706600 0.34431200
vt 0.00706600 0.34793600
vt 0.00706600 0.35156000
vt 0.00706600 0.35518500
vt 0.00706600 0.35880900
vt 0.00706600 0.36243300
vt 0.00706600 0.36605800
vt 0.00706600 0.36968200
vt 0.00706600 0.37330600
vt 0.00706600 0.37693100
vt 0.00706600 0.38055500
vt 0.00706600 0.38417900
vt 0.00706600 0.38780400
vt 0.00706600 0.39142800
vt 0.00706600 0.39505200
vt 0.00706600 0.39867700
vt 0.00706600 0.40230100
vt 0.00706600 0.40592500
vt 0.00706600 0.40955000
vt 0.00706600 0.41317400
vt 0.00706600 0.41679800
vt 0.00706600 0.42042300
vt 0.00706600 0.42404700
vt 0.00706600 0.42767100
vt 0.00706600 0.43129600
vt 0.00706600 0.43492000
vt 0.00706600 0.43854400
vt 0.00706600 0.44216900
vt 0.00706600 0.44579300
vt 0.00706600 0.44941700
vt 0.00706600 0.45304200
vt 0.00706600 0.45666600
vt 0.00706600 0.46029000
vt 0.00706600 0.46391500
vt 0.00706600 0.46753900
vt 0.00706600 0.47116300
vt 0.00706600 0.47478800
vt 0.00706600 0.47841200
vt 0.00706600 0.48203600
vt 0.00706600 0.48566100
vt 0.00706600 0.48928500
vt 0.00706600 0.49290900
vt 0.00706600 0.49653400
vt 0.00706600 0.50015800
vt 0.00706600 0.50378200
vt 0.00706600 0.50740700
vt 0.00706600 0.51103100
vt 0.00706600 0.51465500
vt 0.00706600 0.51828000
vt 0.00706600 0.52190400
vt 0.00706600 0.52552800
vt 0.00706600 0.52915300
vt 0.00706600 0.53277700
vt 0.00706600 0.53640100
vt 0.00706600 0.54002600
vt 0.00706600 0.54365000
vt 0.00706600 0.54727400
vt 0.00706600 0.55089900
vt 0.00706600 0.55452300
vt 0.00706600 0.55814700
vt 0.00706600 0.56177200
vt 0.00706600 0.56539600
vt 0.00706600 0.56902000
vt 0.00706600 0.57264500
vt 0.00706600 0.57626900
vt 0.00706600 0.57989300
vt 0.00706600 0.58351800
vt 0.00706600 0.58714200
vt 0.00706600 0.59076600
vt 0.00706600 0.59439100
vt 0.00706600 0.59801500
vt 0.00706600 0.60163900
vt 0.00706600 0.60526400
vt 0.00515500 0.60043100
vt 0.00515500 0.59197400
vt 0.00515500 0.58351800
vt 0.00515500 0.57506100
vt 0.00515500 0.56660400
vt 0.00515500 0.55814700
vt 0.00515500 0.54969000
vt 0.00515500 0.54123400
vt 0.00515500 0.53277700
vt 0.00515500 0.52432000
vt 0.00515500 0.51586300
vt 0.00515500 0.50740700
vt 0.00515500 0.49895000
vt 0.00515500 0.49049300
vt 0.00515500 0.48203600
vt 0.00515500 0.47357900
vt 0.00515500 0.46512300
vt 0.00515500 0.45666600
vt 0.00515500 0.44820900
vt 0.00515500 0.43975200
vt 0.00515500 0.43129600
vt 0.00515500 0.42283900
vt 0.00515500 0.41438200
vt 0.00515500 0.40592500
vt 0.00515500 0.39746800
vt 0.00515500 0.38901200
vt 0.00515500 0.38055500
vt 0.00515500 0.37209800
vt 0.00515500 0.36364100
vt 0.00515500 0.35518500
vt 0.00515500 0.34672800
vt 0.00515500 0.33827100
vt 0.00515500 0.32981400
vt 0.00515500 0.32135700
vt 0.00515500 0.31290100
vt 0.00515500 0.29598700
vt 0.00515500 0.28753000
vt 0.00515500 0.27907400
vt 0.00515500 0.27061700
vt 0.00515500 0.26216000
vt 0.00515500 0.25370300
vt 0.00515500 0.24524700
vt 0.00515500 0.23679000
vt 0.00515500 0.22833300
vt 0.00515500 0.21987600
vt 0.00515500 0.21141900
vt 0.00515500 0.20296300
vt 0.00515500 0.19450600
vt 0.00515500 0.18604900
vt 0.00515500 0.17759200
vt 0.00515500 0.16913600
vt 0.00515500 0.16067900
vt 0.00515500 0.15222200
vt 0.00515500 0.14376500
vt 0.00515500 0.13530800
vt 0.00515500 0.12685200
vt 0.00515500 0.11839500
vt 0.00515500 0.10993800
vt 0.00515500 0.10148100
vt 0.00515500 0.09302500
vt 0.00515500 0.08456800
vt 0.00515500 0.07611100
vt 0.00515500 0.06765400
vt 0.00515500 0.05919700
vt 0.00515500 0.05074100
vt 0.00515500 0.04228400
vt 0.00515500 0.03382700
vt 0.00515500 0.02537000
vt 0.00515500 0.01691400
vt 0.00515500 0.00845700
vt 0.04151500 0.00000000
vt 0.02652800 0.00000000
vt 0.04151500 0.33026500
vt 0.04151500 0.66052900
vt 0.02652800 0.66052900
vt 0.04151500 0.00917400
vt 0.04151500 0.01834800
vt 0.04151500 0.02752200
vt 0.04151500 0.03669600
vt 0.04151500 0.04587000
vt 0.04151500 0.05504400
vt 0.04151500 0.06421800
vt 0.04151500 0.07339200
vt 0.04151500 0.08256600
vt 0.04151500 0.09174000
vt 0.04151500 0.10091400
vt 0.04151500 0.11008800
vt 0.04151500 0.11926200
vt 0.04151500 0.12843600
vt 0.04151500 0.13761000
vt 0.04151500 0.14678400
vt 0.04151500 0.15595800
vt 0.04151500 0.16513200
vt 0.04151500 0.17430600
vt 0.04151500 0.18348000
vt 0.04151500 0.19265400
vt 0.04151500 0.20182800
vt 0.04151500 0.21100200
vt 0.04151500 0.22017600
vt 0.04151500 0.22935000
vt 0.04151500 0.23852400
vt 0.04151500 0.24769800
vt 0.04151500 0.25687300
vt 0.04151500 0.26604700
vt 0.04151500 0.27522100
vt 0.04151500 0.28439500
vt 0.04151500 0.29356900
vt 0.04151500 0.30274300
vt 0.04151500 0.31191700
vt 0.04151500 0.32109100
vt 0.04151500 0.33943900
vt 0.04151500 0.34861300
vt 0.04151500 0.35778700
vt 0.04151500 0.36696100
vt 0.04151500 0.37613500
vt 0.04151500 0.38530900
vt 0.04151500 0.39448300
vt 0.04151500 0.40365700
vt 0.04151500 0.41283100
vt 0.04151500 0.42200500
vt 0.04151500 0.43117900
vt 0.04151500 0.44035300
vt 0.04151500 0.44952700
vt 0.04151500 0.45870100
vt 0.04151500 0.46787500
vt 0.04151500 0.47704900
vt 0.04151500 0.48622300
vt 0.04151500 0.49539700
vt 0.04151500 0.50457100
vt 0.04151500 0.51374500
vt 0.04151500 0.52291900
vt 0.04151500 0.53209300
vt 0.04151500 0.54126700
vt 0.04151500 0.55044100
vt 0.04151500 0.55961500
vt 0.04151500 0.56878900
vt 0.04151500 0.57796300
vt 0.04151500 0.58713700
vt 0.04151500 0.59631100
vt 0.04151500 0.60548500
vt 0.04151500 0.61465900
vt 0.04151500 0.62383300
vt 0.04151500 0.63300700
vt 0.04151500 0.64218100
vt 0.04151500 0.65135500
vt 0.02652800 0.65880600
vt 0.02652800 0.64508100
vt 0.02652800 0.63135600
vt 0.02652800 0.61763100
vt 0.02652800 0.60390600
vt 0.02652800 0.59018000
vt 0.02652800 0.57645500
vt 0.02652800 0.56273000
vt 0.02652800 0.54900500
vt 0.02652800 0.53528000
vt 0.02652800 0.52155500
vt 0.02652800 0.50783000
vt 0.02652800 0.49410500
vt 0.02652800 0.48037900
vt 0.02652800 0.46665400
vt 0.02652800 0.45292900
vt 0.02652800 0.43920400
vt 0.02652800 0.42547900
vt 0.02652800 0.41175400
vt 0.02652800 0.39802900
vt 0.02652800 0.38430400
vt 0.02652800 0.37057800
vt 0.02652800 0.35685300
vt 0.02652800 0.34312800
vt 0.02652800 0.32940300
vt 0.02652800 0.31567800
vt 0.02652800 0.30195300
vt 0.02652800 0.28822800
vt 0.02652800 0.27450300
vt 0.02652800 0.26077700
vt 0.02652800 0.24705200
vt 0.02652800 0.23332700
vt 0.02652800 0.21960200
vt 0.02652800 0.20587700
vt 0.02652800 0.19215200
vt 0.02652800 0.17842700
vt 0.02652800 0.16470200
vt 0.02652800 0.15097600
vt 0.02652800 0.13725100
vt 0.02652800 0.12352600
vt 0.02652800 0.10980100
vt 0.02652800 0.09607600
vt 0.02652800 0.08235100
vt 0.02652800 0.06862600
vt 0.02652800 0.05490100
vt 0.02652800 0.04117500
vt 0.02652800 0.02745000
vt 0.02652800 0.01372500
vt 0.03402200 0.66052900
vt 0.03402200 0.65096100
vt 0.03027500 0.65096100
vt 0.03402200 0.65574500
vt 0.03027500 0.65574500
vt 0.03402200 0.00000000
vt 0.05796600 0.00000000
vt 0.04298000 0.00000000
vt 0.05796600 0.33026500
vt 0.05796600 0.66052900
vt 0.04298000 0.66052900
vt 0.05796600 0.00917400
vt 0.05796600 0.01834800
vt 0.05796600 0.02752200
vt 0.05796600 0.03669600
vt 0.05796600 0.04587000
vt 0.05796600 0.05504400
vt 0.05796600 0.06421800
vt 0.05796600 0.07339200
vt 0.05796600 0.08256600
vt 0.05796600 0.09174000
vt 0.05796600 0.10091400
vt 0.05796600 0.11008800
vt 0.05796600 0.11926200
vt 0.05796600 0.12843600
vt 0.05796600 0.13761000
vt 0.05796600 0.14678400
vt 0.05796600 0.15595800
vt 0.05796600 0.16513200
vt 0.05796600 0.17430600
vt 0.05796600 0.18348000
vt 0.05796600 0.19265400
vt 0.05796600 0.20182800
vt 0.05796600 0.21100200
vt 0.05796600 0.22017600
vt 0.05796600 0.22935000
vt 0.05796600 0.23852400
vt 0.05796600 0.24769800
vt 0.05796600 0.25687300
vt 0.05796600 0.26604700
vt 0.05796600 0.27522100
vt 0.05796600 0.28439500
vt 0.05796600 0.29356900
vt 0.05796600 0.30274300
vt 0.05796600 0.31191700
vt 0.05796600 0.32109100
vt 0.05796600 0.33943900
vt 0.05796600 0.34861300
vt 0.05796600 0.35778700
vt 0.05796600 0.36696100
vt 0.05796600 0.37613500
vt 0.05796600 0.38530900
vt 0.05796600 0.39448300
vt 0.05796600 0.40365700
vt 0.05796600 0.41283100
vt 0.05796600 0.42200500
vt 0.05796600 0.43117900
vt 0.05796600 0.44035300
vt 0.05796600 0.44952700
vt 0.05796600 0.45870100
vt 0.05796600 0.46787500
vt 0.05796600 0.47704900
vt 0.05796600 0.48622300
vt 0.05796600 0.49539700
vt 0.05796600 0.50457100
vt 0.05796600 0.51374500
vt 0.05796600 0.52291900
vt 0.05796600 0.53209300
vt 0.05796600 0.54126700
vt 0.05796600 0.55044100
vt 0.05796600 0.55961500
vt 0.05796600 0.56878900
vt 0.05796600 0.57796300
vt 0.05796600 0.58713700
vt 0.05796600 0.59631100
vt 0.05796600 0.60548500
vt 0.05796600 0.61465900
vt 0.05796600 0.62383300
vt 0.05796600 0.63300700
vt 0.05796600 0.64218100
vt 0.05796600 0.65135500
vt 0.05047300 0.00000000
vt 0.05047300 0.66052900
vt 0.04298000 0.65880600
vt 0.04298000 0.64508100
vt 0.04298000 0.63135600
vt 0.04298000 0.61763100
vt 0.04298000 0.60390600
vt 0.04298000 0.59018000
vt 0.04298000 0.57645500
vt 0.04298000 0.56273000
vt 0.04298000 0.54900500
vt 0.04298000 0.53528000
vt 0.04298000 0.52155500
vt 0.04298000 0.50783000
vt 0.04298000 0.49410500
vt 0.04298000 0.48037900
vt 0.04298000 0.46665400
vt 0.04298000 0.45292900
vt 0.04298000 0.43920400
vt 0.04298000 0.42547900
vt 0.04298000 0.41175400
vt 0.04298000 0.39802900
vt 0.04298000 0.38430400
vt 0.04298000 0.37057800
vt 0.04298000 0.35685300
vt 0.04298000 0.34312800
vt 0.04298000 0.32940300
vt 0.04298000 0.31567800
vt 0.04298000 0.30195300
vt 0.04298000 0.28822800
vt 0.04298000 0.27450300
vt 0.04298000 0.26077700
vt 0.04298000 0.24705200
vt 0.04298000 0.23332700
vt 0.04298000 0.21960200
vt 0.04298000 0.20587700
vt 0.04298000 0.19215200
vt 0.04298000 0.17842700
vt 0.04298000 0.16470200
vt 0.04298000 0.15097600
vt 0.04298000 0.13725100
vt 0.04298000 0.12352600
vt 0.04298000 0.10980100
vt 0.04298000 0.09607600
vt 0.04298000 0.08235100
vt 0.04298000 0.06862600
vt 0.04298000 0.05490100
vt 0.04298000 0.04117500
vt 0.04298000 0.02745000
vt 0.04298000 0.01372500
vt 0.05047300 0.65096100
vt 0.04672600 0.65096100
vt 0.05047300 0.65574500
vt 0.04672600 0.65574500
vt 0.47598900 0.01219200
vt 0.46227400 0.01263900
vt 0.44861700 0.01397600
vt 0.43507700 0.01619800
vt 0.42171100 0.01929600
vt 0.40857600 0.02325600
vt 0.39572900 0.02806200
vt 0.38322400 0.03369300
vt 0.37111300 0.04012500
vt 0.35945000 0.04733000
vt 0.34828300 0.05527900
vt 0.33766000 0.06393700
vt 0.32762600 0.07326700
vt 0.31822400 0.08322900
vt 0.30949400 0.09378200
vt 0.30147300 0.10487900
vt 0.29419600 0.11647500
vt 0.28769400 0.12851900
vt 0.28199300 0.14096000
vt 0.27711900 0.15374500
vt 0.27309200 0.16682000
vt 0.26992900 0.18012900
vt 0.26764400 0.19361600
vt 0.26624600 0.20722200
vt 0.26574200 0.22089000
vt 0.26613400 0.23456100
vt 0.26742000 0.24817800
vt 0.26959400 0.26168200
vt 0.27264700 0.27501700
vt 0.27656600 0.28812400
vt 0.28133500 0.30094900
vt 0.28693300 0.31343600
vt 0.29333700 0.32553300
vt 0.30051800 0.33718700
vt 0.30844700 0.34835000
vt 0.31709000 0.35897400
vt 0.32641000 0.36901300
vt 0.33636700 0.37842500
vt 0.34691900 0.38716900
vt 0.35802000 0.39520900
vt 0.36962400 0.40250900
vt 0.38168100 0.40904000
vt 0.39413900 0.41477200
vt 0.40694700 0.41968300
vt 0.42004800 0.42375000
vt 0.43338800 0.42695700
vt 0.44691000 0.42929000
vt 0.46055500 0.43073900
vt 0.47426600 0.43129700
vt 0.47598900 0.43130400
vt 0.47598900 0.00000000
vt 0.47598900 0.44349600
vt 0.48970300 0.43085800
vt 0.50336000 0.42952000
vt 0.51690000 0.42729800
vt 0.53026600 0.42420000
vt 0.54340100 0.42024000
vt 0.55624800 0.41543400
vt 0.56875400 0.40980400
vt 0.58086400 0.40337200
vt 0.59252700 0.39616600
vt 0.60369400 0.38821800
vt 0.61431700 0.37956000
vt 0.62435100 0.37023000
vt 0.63375300 0.36026700
vt 0.64248300 0.34971400
vt 0.65050400 0.33861700
vt 0.65778100 0.32702100
vt 0.66428400 0.31497800
vt 0.66998400 0.30253600
vt 0.67485800 0.28975100
vt 0.67888500 0.27667600
vt 0.68204800 0.26336700
vt 0.68433300 0.24988100
vt 0.68573100 0.23627500
vt 0.68623500 0.22260700
vt 0.68584300 0.20893500
vt 0.68455800 0.19531800
vt 0.68238300 0.18181400
vt 0.67933000 0.16847900
vt 0.67541100 0.15537200
vt 0.67064200 0.14254700
vt 0.66504400 0.13006000
vt 0.65864000 0.11796300
vt 0.65145900 0.10630900
vt 0.64353000 0.09514600
vt 0.63488700 0.08452300
vt 0.62556700 0.07448300
vt 0.61561000 0.06507200
vt 0.60505900 0.05632700
vt 0.59395700 0.04828800
vt 0.58235400 0.04098700
vt 0.57029700 0.03445700
vt 0.55783800 0.02872400
vt 0.54503000 0.02381300
vt 0.53192900 0.01974600
vt 0.51858900 0.01653900
vt 0.50506700 0.01420600
vt 0.49142200 0.01275800
vt 0.47771200 0.01219900
vt 0.45936300 0.44287600
vt 0.44283000 0.44102000
vt 0.42648200 0.43793700
vt 0.41041100 0.43364500
vt 0.39470700 0.42816800
vt 0.37945800 0.42153600
vt 0.36474800 0.41378800
vt 0.35066100 0.40496500
vt 0.33727400 0.39511800
vt 0.32466300 0.38430100
vt 0.31289900 0.37257500
vt 0.30204600 0.36000600
vt 0.29216700 0.34666300
vt 0.28331500 0.33262200
vt 0.27554100 0.31796100
vt 0.26888700 0.30276200
vt 0.26339200 0.28711000
vt 0.25908600 0.27109200
vt 0.25599300 0.25479800
vt 0.25413000 0.23831900
vt 0.25350800 0.22174800
vt 0.25413000 0.20517700
vt 0.25599300 0.18869800
vt 0.25908600 0.17240500
vt 0.26339200 0.15638700
vt 0.26888700 0.14073400
vt 0.27554100 0.12553500
vt 0.28331500 0.11087400
vt 0.29216700 0.09683300
vt 0.30204600 0.08349000
vt 0.31289900 0.07092100
vt 0.32466300 0.05919500
vt 0.33727400 0.04837800
vt 0.35066100 0.03853100
vt 0.36474800 0.02970900
vt 0.37945800 0.02196000
vt 0.39470700 0.01532900
vt 0.41041100 0.00985200
vt 0.42648200 0.00556000
vt 0.44283000 0.00247700
vt 0.45936300 0.00062000
vt 0.49261500 0.00062000
vt 0.50914800 0.00247700
vt 0.52549500 0.00556000
vt 0.54156600 0.00985200
vt 0.55727000 0.01532900
vt 0.57251900 0.02196000
vt 0.58722900 0.02970900
vt 0.60131600 0.03853100
vt 0.61470300 0.04837800
vt 0.62731400 0.05919500
vt 0.63907800 0.07092100
vt 0.64993100 0.08349000
vt 0.65981100 0.09683300
vt 0.66866200 0.11087400
vt 0.67643700 0.12553500
vt 0.68309000 0.14073400
vt 0.68858500 0.15638700
vt 0.69289100 0.17240500
vt 0.69598400 0.18869800
vt 0.69784700 0.20517700
vt 0.69846900 0.22174800
vt 0.69784700 0.23831900
vt 0.69598400 0.25479800
vt 0.69289100 0.27109200
vt 0.68858500 0.28711000
vt 0.68309000 0.30276200
vt 0.67643700 0.31796100
vt 0.66866200 0.33262200
vt 0.65981100 0.34666300
vt 0.64993100 0.36000600
vt 0.63907800 0.37257500
vt 0.62731400 0.38430100
vt 0.61470300 0.39511800
vt 0.60131600 0.40496500
vt 0.58722900 0.41378800
vt 0.57251900 0.42153600
vt 0.55727000 0.42816800
vt 0.54156600 0.43364500
vt 0.52549500 0.43793700
vt 0.50914800 0.44102000
vt 0.49261500 0.44287600
vt 0.01533200 0.00000000
vt 0.00706600 0.00000000
vt 0.01533200 0.36028900
vt 0.01533200 0.72057700
vt 0.00706600 0.72057700
vt 0.00706600 0.70382000
vt 0.00706600 0.68706200
vt 0.00706600 0.67030500
vt 0.00706600 0.65354700
vt 0.00706600 0.63678900
vt 0.00706600 0.62003200
vt 0.00706600 0.60327400
vt 0.00706600 0.58651600
vt 0.00706600 0.56975900
vt 0.00706600 0.55300100
vt 0.00706600 0.53624400
vt 0.00706600 0.51948600
vt 0.00706600 0.50272800
vt 0.00706600 0.48597100
vt 0.00706600 0.46921300
vt 0.00706600 0.45245600
vt 0.00706600 0.43569800
vt 0.00706600 0.41894000
vt 0.00706600 0.40218300
vt 0.00706600 0.38542500
vt 0.00706600 0.36866700
vt 0.00706600 0.35191000
vt 0.00706600 0.33515200
vt 0.00706600 0.31839500
vt 0.00706600 0.30163700
vt 0.00706600 0.28487900
vt 0.00706600 0.26812200
vt 0.00706600 0.25136400
vt 0.00706600 0.23460700
vt 0.00706600 0.21784900
vt 0.00706600 0.20109100
vt 0.00706600 0.18433400
vt 0.00706600 0.16757600
vt 0.00706600 0.15081900
vt 0.00706600 0.13406100
vt 0.00706600 0.11730300
vt 0.00706600 0.10054600
vt 0.00706600 0.08378800
vt 0.00706600 0.06703000
vt 0.00706600 0.05027300
vt 0.00706600 0.03351500
vt 0.00706600 0.01675800
vt 0.01533200 0.01715700
vt 0.01533200 0.03431300
vt 0.01533200 0.05147000
vt 0.01533200 0.06862600
vt 0.01533200 0.08578300
vt 0.01533200 0.10294000
vt 0.01533200 0.12009600
vt 0.01533200 0.13725300
vt 0.01533200 0.15440900
vt 0.01533200 0.17156600
vt 0.01533200 0.18872300
vt 0.01533200 0.20587900
vt 0.01533200 0.22303600
vt 0.01533200 0.24019200
vt 0.01533200 0.25734900
vt 0.01533200 0.27450600
vt 0.01533200 0.29166200
vt 0.01533200 0.30881900
vt 0.01533200 0.32597500
vt 0.01533200 0.34313200
vt 0.01533200 0.37744500
vt 0.01533200 0.39460200
vt 0.01533200 0.41175900
vt 0.01533200 0.42891500
vt 0.01533200 0.44607200
vt 0.01533200 0.46322800
vt 0.01533200 0.48038500
vt 0.01533200 0.49754200
vt 0.01533200 0.51469800
vt 0.01533200 0.53185500
vt 0.01533200 0.54901100
vt 0.01533200 0.56616800
vt 0.01533200 0.58332500
vt 0.01533200 0.60048100
vt 0.01533200 0.61763800
vt 0.01533200 0.63479400
vt 0.01533200 0.65195100
vt 0.01533200 0.66910800
vt 0.01533200 0.68626400
vt 0.01533200 0.70342100
vt 0.02506300 0.00000000
vt 0.01679700 0.00000000
vt 0.02506300 0.36028900
vt 0.01679700 0.36028900
vt 0.02506300 0.72057700
vt 0.01679700 0.72057700
vt 0.02506300 0.01715700
vt 0.02506300 0.03431300
vt 0.02506300 0.05147000
vt 0.02506300 0.06862600
vt 0.02506300 0.08578300
vt 0.02506300 0.10294000
vt 0.02506300 0.12009600
vt 0.02506300 0.13725300
vt 0.02506300 0.15440900
vt 0.02506300 0.17156600
vt 0.02506300 0.18872300
vt 0.02506300 0.20587900
vt 0.02506300 0.22303600
vt 0.02506300 0.24019200
vt 0.02506300 0.25734900
vt 0.02506300 0.27450600
vt 0.02506300 0.29166200
vt 0.02506300 0.30881900
vt 0.02506300 0.32597500
vt 0.02506300 0.34313200
vt 0.02506300 0.37744500
vt 0.02506300 0.39460200
vt 0.02506300 0.41175900
vt 0.02506300 0.42891500
vt 0.02506300 0.44607200
vt 0.02506300 0.46322800
vt 0.02506300 0.48038500
vt 0.02506300 0.49754200
vt 0.02506300 0.51469800
vt 0.02506300 0.53185500
vt 0.02506300 0.54901100
vt 0.02506300 0.56616800
vt 0.02506300 0.58332500
vt 0.02506300 0.60048100
vt 0.02506300 0.61763800
vt 0.02506300 0.63479400
vt 0.02506300 0.65195100
vt 0.02506300 0.66910800
vt 0.02506300 0.68626400
vt 0.02506300 0.70342100
vt 0.01679700 0.70931800
vt 0.01679700 0.69805900
vt 0.01679700 0.68680000
vt 0.01679700 0.67554100
vt 0.01679700 0.66428200
vt 0.01679700 0.65302300
vt 0.01679700 0.64176400
vt 0.01679700 0.63050500
vt 0.01679700 0.61924600
vt 0.01679700 0.60798700
vt 0.01679700 0.59672800
vt 0.01679700 0.58546900
vt 0.01679700 0.57421000
vt 0.01679700 0.56295100
vt 0.01679700 0.55169200
vt 0.01679700 0.54043300
vt 0.01679700 0.52917400
vt 0.01679700 0.51791500
vt 0.01679700 0.50665600
vt 0.01679700 0.49539700
vt 0.01679700 0.48413800
vt 0.01679700 0.47287900
vt 0.01679700 0.46162000
vt 0.01679700 0.45036100
vt 0.01679700 0.43910200
vt 0.01679700 0.42784300
vt 0.01679700 0.41658400
vt 0.01679700 0.40532500
vt 0.01679700 0.39406600
vt 0.01679700 0.38280700
vt 0.01679700 0.37154800
vt 0.01679700 0.34903000
vt 0.01679700 0.33777100
vt 0.01679700 0.32651200
vt 0.01679700 0.31525300
vt 0.01679700 0.30399400
vt 0.01679700 0.29273500
vt 0.01679700 0.28147600
vt 0.01679700 0.27021700
vt 0.01679700 0.25895700
vt 0.01679700 0.24769800
vt 0.01679700 0.23643900
vt 0.01679700 0.22518000
vt 0.01679700 0.21392100
vt 0.01679700 0.20266200
vt 0.01679700 0.19140300
vt 0.01679700 0.18014400
vt 0.01679700 0.16888500
vt 0.01679700 0.15762600
vt 0.01679700 0.14636700
vt 0.01679700 0.13510800
vt 0.01679700 0.12384900
vt 0.01679700 0.11259000
vt 0.01679700 0.10133100
vt 0.01679700 0.09007200
vt 0.01679700 0.07881300
vt 0.01679700 0.06755400
vt 0.01679700 0.05629500
vt 0.01679700 0.04503600
vt 0.01679700 0.03377700
vt 0.01679700 0.02251800
vt 0.01679700 0.01125900
vt 0.25350800 0.80592300
vt 0.25350800 0.99853500
vt 0.27783700 0.90222900
vt 0.30065000 0.90222900
vt 0.32346400 0.90222900
vt 0.34627700 0.90222900
vt 0.36897700 0.90222900
vt 0.39116700 0.90222900
vt 0.41335700 0.90222900
vt 0.43554600 0.90222900
vt 0.45773600 0.90222900
vt 0.47992600 0.90222900
vt 0.50211600 0.90222900
vt 0.52430500 0.90222900
vt 0.54649500 0.90222900
vt 0.56868500 0.90222900
vt 0.59223100 0.90222900
vt 0.61306400 0.90222900
vt 0.63739400 0.90222900
vt 0.66020700 0.90222900
vt 0.68302000 0.90222900
vt 0.70583300 0.90222900
vt 0.72853400 0.90222900
vt 0.75072300 0.90222900
vt 0.77291300 0.90222900
vt 0.79510300 0.90222900
vt 0.81729200 0.90222900
vt 0.83948200 0.90222900
vt 0.86167200 0.90222900
vt 0.88386200 0.90222900
vt 0.90605100 0.90222900
vt 0.92824100 0.90222900
vt 0.95178800 0.90222900
vt 0.97262100 0.99853500
vt 0.95589700 0.99853500
vt 0.93917300 0.99853500
vt 0.92245000 0.99853500
vt 0.90572600 0.99853500
vt 0.88900300 0.99853500
vt 0.87227900 0.99853500
vt 0.85555600 0.99853500
vt 0.83883200 0.99853500
vt 0.82210900 0.99853500
vt 0.80538500 0.99853500
vt 0.78866200 0.99853500
vt 0.77193800 0.99853500
vt 0.75521400 0.99853500
vt 0.73849100 0.99853500
vt 0.72176700 0.99853500
vt 0.70504400 0.99853500
vt 0.68832000 0.99853500
vt 0.67159700 0.99853500
vt 0.65487300 0.99853500
vt 0.63815000 0.99853500
vt 0.62142600 0.99853500
vt 0.60470200 0.99853500
vt 0.58797900 0.99853500
vt 0.57125500 0.99853500
vt 0.55453200 0.99853500
vt 0.53780800 0.99853500
vt 0.52108500 0.99853500
vt 0.50436100 0.99853500
vt 0.48763800 0.99853500
vt 0.47091400 0.99853500
vt 0.45419100 0.99853500
vt 0.43746700 0.99853500
vt 0.42074300 0.99853500
vt 0.40402000 0.99853500
vt 0.38729600 0.99853500
vt 0.37057300 0.99853500
vt 0.35384900 0.99853500
vt 0.33712600 0.99853500
vt 0.32040200 0.99853500
vt 0.30367900 0.99853500
vt 0.28695500 0.99853500
vt 0.27023200 0.99853500
vt 0.95178800 0.95038200
vt 0.96220400 0.90222900
vt 0.96220400 0.95038200
vt 0.92824100 0.95038200
vt 0.94001400 0.90222900
vt 0.94001400 0.95038200
vt 0.90605100 0.95038200
vt 0.91714600 0.90222900
vt 0.91714600 0.95038200
vt 0.88386200 0.95038200
vt 0.89495600 0.90222900
vt 0.89495600 0.95038200
vt 0.86167200 0.95038200
vt 0.87276700 0.90222900
vt 0.87276700 0.95038200
vt 0.83948200 0.95038200
vt 0.85057700 0.90222900
vt 0.85057700 0.95038200
vt 0.81729200 0.95038200
vt 0.82838700 0.90222900
vt 0.82838700 0.95038200
vt 0.79510300 0.95038200
vt 0.80619800 0.90222900
vt 0.80619800 0.95038200
vt 0.77291300 0.95038200
vt 0.78400800 0.90222900
vt 0.78400800 0.95038200
vt 0.75072300 0.95038200
vt 0.76181800 0.90222900
vt 0.76181800 0.95038200
vt 0.72853400 0.95038200
vt 0.73962800 0.90222900
vt 0.73962800 0.95038200
vt 0.70583300 0.95038200
vt 0.71718300 0.90222900
vt 0.71718300 0.95038200
vt 0.68302000 0.95038200
vt 0.69442600 0.90222900
vt 0.69442600 0.95038200
vt 0.66020700 0.95038200
vt 0.67161300 0.90222900
vt 0.67161300 0.95038200
vt 0.63739400 0.95038200
vt 0.64880000 0.90222900
vt 0.64880000 0.95038200
vt 0.61306400 0.95038200
vt 0.62522900 0.90222900
vt 0.62522900 0.95038200
vt 0.59223100 0.95038200
vt 0.60264800 0.90222900
vt 0.60264800 0.95038200
vt 0.56868500 0.95038200
vt 0.58045800 0.90222900
vt 0.58045800 0.95038200
vt 0.54649500 0.95038200
vt 0.55759000 0.90222900
vt 0.55759000 0.95038200
vt 0.52430500 0.95038200
vt 0.53540000 0.90222900
vt 0.53540000 0.95038200
vt 0.50211600 0.95038200
vt 0.51321000 0.90222900
vt 0.51321000 0.95038200
vt 0.47992600 0.95038200
vt 0.49102100 0.90222900
vt 0.49102100 0.95038200
vt 0.45773600 0.95038200
vt 0.46883100 0.90222900
vt 0.46883100 0.95038200
vt 0.43554600 0.95038200
vt 0.44664100 0.90222900
vt 0.44664100 0.95038200
vt 0.41335700 0.95038200
vt 0.42445200 0.90222900
vt 0.42445200 0.95038200
vt 0.39116700 0.95038200
vt 0.40226200 0.90222900
vt 0.40226200 0.95038200
vt 0.36897700 0.95038200
vt 0.38007200 0.90222900
vt 0.38007200 0.95038200
vt 0.34627700 0.95038200
vt 0.35762700 0.90222900
vt 0.35762700 0.95038200
vt 0.32346400 0.95038200
vt 0.33487000 0.90222900
vt 0.33487000 0.95038200
vt 0.30065000 0.95038200
vt 0.31205700 0.90222900
vt 0.31205700 0.95038200
vt 0.27783700 0.95038200
vt 0.28924400 0.90222900
vt 0.28924400 0.95038200
vt 0.26567300 0.90222900
vt 0.26567300 0.95038200
vt 0.97262100 0.80592300
vt 0.97262100 0.87012700
vt 0.97262100 0.93433100
vt 0.25350800 0.93433100
vt 0.25350800 0.87012700
vt 0.28946400 0.80592300
vt 0.32541900 0.80592300
vt 0.36137500 0.80592300
vt 0.39733100 0.80592300
vt 0.43328600 0.80592300
vt 0.46924200 0.80592300
vt 0.50519700 0.80592300
vt 0.54115300 0.80592300
vt 0.57710900 0.80592300
vt 0.61306400 0.80592300
vt 0.64902000 0.80592300
vt 0.68497600 0.80592300
vt 0.72093100 0.80592300
vt 0.75688700 0.80592300
vt 0.79284200 0.80592300
vt 0.82879800 0.80592300
vt 0.86475400 0.80592300
vt 0.90070900 0.80592300
vt 0.93666500 0.80592300
vt 0.25204300 0.00000000
vt 0.05943100 0.00000000
vt 0.15573700 0.02437900
vt 0.15573700 0.04723800
vt 0.15573700 0.07009800
vt 0.15573700 0.09295800
vt 0.15573700 0.11570400
vt 0.15573700 0.13793900
vt 0.15573700 0.16017400
vt 0.15573700 0.18240900
vt 0.15573700 0.20464400
vt 0.15573700 0.22687900
vt 0.15573700 0.24911400
vt 0.15573700 0.27134900
vt 0.15573700 0.29358400
vt 0.15573700 0.31581900
vt 0.15573700 0.33941300
vt 0.15573700 0.36028900
vt 0.05943100 0.36028900
vt 0.15573700 0.38466800
vt 0.15573700 0.40752700
vt 0.15573700 0.43038700
vt 0.15573700 0.45324600
vt 0.15573700 0.47599300
vt 0.15573700 0.49822800
vt 0.15573700 0.52046300
vt 0.15573700 0.54269800
vt 0.15573700 0.56493300
vt 0.15573700 0.58716800
vt 0.15573700 0.60940300
vt 0.15573700 0.63163800
vt 0.15573700 0.65387300
vt 0.15573700 0.67610800
vt 0.15573700 0.69970200
vt 0.05943100 0.72057700
vt 0.05943100 0.70931800
vt 0.05943100 0.69805900
vt 0.05943100 0.68680000
vt 0.05943100 0.67554100
vt 0.05943100 0.66428200
vt 0.05943100 0.65302300
vt 0.05943100 0.64176400
vt 0.05943100 0.63050500
vt 0.05943100 0.61924600
vt 0.05943100 0.60798700
vt 0.05943100 0.59672800
vt 0.05943100 0.58546900
vt 0.05943100 0.57421000
vt 0.05943100 0.56295100
vt 0.05943100 0.55169200
vt 0.05943100 0.54043300
vt 0.05943100 0.52917400
vt 0.05943100 0.51791500
vt 0.05943100 0.50665600
vt 0.05943100 0.49539700
vt 0.05943100 0.48413800
vt 0.05943100 0.47287900
vt 0.05943100 0.46162000
vt 0.05943100 0.45036100
vt 0.05943100 0.43910200
vt 0.05943100 0.42784300
vt 0.05943100 0.41658400
vt 0.05943100 0.40532500
vt 0.05943100 0.39406600
vt 0.05943100 0.38280700
vt 0.05943100 0.37154800
vt 0.05943100 0.34903000
vt 0.05943100 0.33777100
vt 0.05943100 0.32651200
vt 0.05943100 0.31525300
vt 0.05943100 0.30399400
vt 0.05943100 0.29273500
vt 0.05943100 0.28147600
vt 0.05943100 0.27021700
vt 0.05943100 0.25895700
vt 0.05943100 0.24769800
vt 0.05943100 0.23643900
vt 0.05943100 0.22518000
vt 0.05943100 0.21392100
vt 0.05943100 0.20266200
vt 0.05943100 0.19140300
vt 0.05943100 0.18014400
vt 0.05943100 0.16888500
vt 0.05943100 0.15762600
vt 0.05943100 0.14636700
vt 0.05943100 0.13510800
vt 0.05943100 0.12384900
vt 0.05943100 0.11259000
vt 0.05943100 0.10133100
vt 0.05943100 0.09007200
vt 0.05943100 0.07881300
vt 0.05943100 0.06755400
vt 0.05943100 0.05629500
vt 0.05943100 0.04503600
vt 0.05943100 0.03377700
vt 0.05943100 0.02251800
vt 0.05943100 0.01125900
vt 0.10758400 0.69970200
vt 0.15573700 0.71014000
vt 0.10758400 0.71014000
vt 0.08350800 0.71014000
vt 0.10758400 0.71535800
vt 0.08350800 0.71535800
vt 0.08350800 0.69970200
vt 0.10758400 0.70492100
vt 0.08350800 0.70492100
vt 0.10758400 0.67610800
vt 0.15573700 0.68790500
vt 0.10758400 0.68790500
vt 0.08350800 0.68790500
vt 0.10758400 0.69380300
vt 0.08350800 0.69380300
vt 0.08350800 0.67610800
vt 0.10758400 0.68200600
vt 0.08350800 0.68200600
vt 0.10758400 0.65387300
vt 0.15573700 0.66499000
vt 0.10758400 0.66499000
vt 0.08350800 0.66499000
vt 0.10758400 0.67054900
vt 0.08350800 0.67054900
vt 0.08350800 0.65387300
vt 0.10758400 0.65943100
vt 0.08350800 0.65943100
vt 0.10758400 0.63163800
vt 0.15573700 0.64275500
vt 0.10758400 0.64275500
vt 0.08350800 0.64275500
vt 0.10758400 0.64831400
vt 0.08350800 0.64831400
vt 0.08350800 0.63163800
vt 0.10758400 0.63719600
vt 0.08350800 0.63719600
vt 0.10758400 0.60940300
vt 0.15573700 0.62052000
vt 0.10758400 0.62052000
vt 0.08350800 0.62052000
vt 0.10758400 0.62607900
vt 0.08350800 0.62607900
vt 0.08350800 0.60940300
vt 0.10758400 0.61496100
vt 0.08350800 0.61496100
vt 0.10758400 0.58716800
vt 0.15573700 0.59828500
vt 0.10758400 0.59828500
vt 0.08350800 0.59828500
vt 0.10758400 0.60384400
vt 0.08350800 0.60384400
vt 0.08350800 0.58716800
vt 0.10758400 0.59272700
vt 0.08350800 0.59272700
vt 0.10758400 0.56493300
vt 0.15573700 0.57605000
vt 0.10758400 0.57605000
vt 0.08350800 0.57605000
vt 0.10758400 0.58160900
vt 0.08350800 0.58160900
vt 0.08350800 0.56493300
vt 0.10758400 0.57049200
vt 0.08350800 0.57049200
vt 0.10758400 0.54269800
vt 0.15573700 0.55381500
vt 0.10758400 0.55381500
vt 0.08350800 0.55381500
vt 0.10758400 0.55937400
vt 0.08350800 0.55937400
vt 0.08350800 0.54269800
vt 0.10758400 0.54825700
vt 0.08350800 0.54825700
vt 0.10758400 0.52046300
vt 0.15573700 0.53158100
vt 0.10758400 0.53158100
vt 0.08350800 0.53158100
vt 0.10758400 0.53713900
vt 0.08350800 0.53713900
vt 0.08350800 0.52046300
vt 0.10758400 0.52602200
vt 0.08350800 0.52602200
vt 0.10758400 0.49822800
vt 0.15573700 0.50934600
vt 0.10758400 0.50934600
vt 0.08350800 0.50934600
vt 0.10758400 0.51490400
vt 0.08350800 0.51490400
vt 0.08350800 0.49822800
vt 0.10758400 0.50378700
vt 0.08350800 0.50378700
vt 0.10758400 0.47599300
vt 0.15573700 0.48711100
vt 0.10758400 0.48711100
vt 0.08350800 0.48711100
vt 0.10758400 0.49266900
vt 0.08350800 0.49266900
vt 0.08350800 0.47599300
vt 0.10758400 0.48155200
vt 0.08350800 0.48155200
vt 0.10758400 0.45324600
vt 0.15573700 0.46462000
vt 0.10758400 0.46462000
vt 0.08350800 0.46462000
vt 0.10758400 0.47030600
vt 0.08350800 0.47030600
vt 0.08350800 0.45324600
vt 0.10758400 0.45893300
vt 0.08350800 0.45893300
vt 0.10758400 0.43038700
vt 0.15573700 0.44181700
vt 0.10758400 0.44181700
vt 0.08350800 0.44181700
vt 0.10758400 0.44753100
vt 0.08350800 0.44753100
vt 0.08350800 0.43038700
vt 0.10758400 0.43610200
vt 0.08350800 0.43610200
vt 0.10758400 0.40752700
vt 0.15573700 0.41895700
vt 0.10758400 0.41895700
vt 0.08350800 0.41895700
vt 0.10758400 0.42467200
vt 0.08350800 0.42467200
vt 0.08350800 0.40752700
vt 0.10758400 0.41324200
vt 0.08350800 0.41324200
vt 0.10758400 0.38466800
vt 0.15573700 0.39609700
vt 0.10758400 0.39609700
vt 0.08350800 0.39609700
vt 0.10758400 0.40181200
vt 0.08350800 0.40181200
vt 0.08350800 0.38466800
vt 0.10758400 0.39038200
vt 0.08350800 0.39038200
vt 0.10758400 0.36028900
vt 0.15573700 0.37247800
vt 0.10758400 0.37247800
vt 0.08350800 0.37247800
vt 0.10758400 0.37857300
vt 0.08350800 0.37857300
vt 0.08350800 0.36028900
vt 0.10758400 0.36638300
vt 0.08350800 0.36638300
vt 0.10758400 0.33941300
vt 0.15573700 0.34985100
vt 0.10758400 0.34985100
vt 0.08350800 0.34985100
vt 0.10758400 0.35507000
vt 0.08350800 0.35507000
vt 0.08350800 0.33941300
vt 0.10758400 0.34463200
vt 0.08350800 0.34463200
vt 0.10758400 0.31581900
vt 0.15573700 0.32761600
vt 0.10758400 0.32761600
vt 0.08350800 0.32761600
vt 0.10758400 0.33351500
vt 0.08350800 0.33351500
vt 0.08350800 0.31581900
vt 0.10758400 0.32171700
vt 0.08350800 0.32171700
vt 0.10758400 0.29358400
vt 0.15573700 0.30470100
vt 0.10758400 0.30470100
vt 0.08350800 0.30470100
vt 0.10758400 0.31026000
vt 0.08350800 0.31026000
vt 0.08350800 0.29358400
vt 0.10758400 0.29914300
vt 0.08350800 0.29914300
vt 0.10758400 0.27134900
vt 0.15573700 0.28246600
vt 0.10758400 0.28246600
vt 0.08350800 0.28246600
vt 0.10758400 0.28802500
vt 0.08350800 0.28802500
vt 0.08350800 0.27134900
vt 0.10758400 0.27690800
vt 0.08350800 0.27690800
vt 0.10758400 0.24911400
vt 0.15573700 0.26023100
vt 0.10758400 0.26023100
vt 0.08350800 0.26023100
vt 0.10758400 0.26579000
vt 0.08350800 0.26579000
vt 0.08350800 0.24911400
vt 0.10758400 0.25467300
vt 0.08350800 0.25467300
vt 0.10758400 0.22687900
vt 0.15573700 0.23799700
vt 0.10758400 0.23799700
vt 0.08350800 0.23799700
vt 0.10758400 0.24355500
vt 0.08350800 0.24355500
vt 0.08350800 0.22687900
vt 0.10758400 0.23243800
vt 0.08350800 0.23243800
vt 0.10758400 0.20464400
vt 0.15573700 0.21576200
vt 0.10758400 0.21576200
vt 0.08350800 0.21576200
vt 0.10758400 0.22132000
vt 0.08350800 0.22132000
vt 0.08350800 0.20464400
vt 0.10758400 0.21020300
vt 0.08350800 0.21020300
vt 0.10758400 0.18240900
vt 0.15573700 0.19352700
vt 0.10758400 0.19352700
vt 0.08350800 0.19352700
vt 0.10758400 0.19908500
vt 0.08350800 0.19908500
vt 0.08350800 0.18240900
vt 0.10758400 0.18796800
vt 0.08350800 0.18796800
vt 0.10758400 0.16017400
vt 0.15573700 0.17129200
vt 0.10758400 0.17129200
vt 0.08350800 0.17129200
vt 0.10758400 0.17685100
vt 0.08350800 0.17685100
vt 0.08350800 0.16017400
vt 0.10758400 0.16573300
vt 0.08350800 0.16573300
vt 0.10758400 0.13793900
vt 0.15573700 0.14905700
vt 0.10758400 0.14905700
vt 0.08350800 0.14905700
vt 0.10758400 0.15461600
vt 0.08350800 0.15461600
vt 0.08350800 0.13793900
vt 0.10758400 0.14349800
vt 0.08350800 0.14349800
vt 0.10758400 0.11570400
vt 0.15573700 0.12682200
vt 0.10758400 0.12682200
vt 0.08350800 0.12682200
vt 0.10758400 0.13238100
vt 0.08350800 0.13238100
vt 0.08350800 0.11570400
vt 0.10758400 0.12126300
vt 0.08350800 0.12126300
vt 0.10758400 0.09295800
vt 0.15573700 0.10433100
vt 0.10758400 0.10433100
vt 0.08350800 0.10433100
vt 0.10758400 0.11001800
vt 0.08350800 0.11001800
vt 0.08350800 0.09295800
vt 0.10758400 0.09864400
vt 0.08350800 0.09864400
vt 0.10758400 0.07009800
vt 0.15573700 0.08152800
vt 0.10758400 0.08152800
vt 0.08350800 0.08152800
vt 0.10758400 0.08724300
vt 0.08350800 0.08724300
vt 0.08350800 0.07009800
vt 0.10758400 0.07581300
vt 0.08350800 0.07581300
vt 0.10758400 0.04723800
vt 0.15573700 0.05866800
vt 0.10758400 0.05866800
vt 0.08350800 0.05866800
vt 0.10758400 0.06438300
vt 0.08350800 0.06438300
vt 0.08350800 0.04723800
vt 0.10758400 0.05295300
vt 0.08350800 0.05295300
vt 0.10758400 0.02437900
vt 0.15573700 0.03580900
vt 0.10758400 0.03580900
vt 0.08350800 0.03580900
vt 0.10758400 0.04152400
vt 0.08350800 0.04152400
vt 0.08350800 0.02437900
vt 0.10758400 0.03009400
vt 0.08350800 0.03009400
vt 0.15573700 0.01218900
vt 0.10758400 0.01218900
vt 0.08350800 0.01218900
vt 0.10758400 0.01828400
vt 0.08350800 0.01828400
vt 0.10758400 0.00609500
vt 0.08350800 0.00609500
vt 0.12363500 0.00000000
vt 0.18783900 0.00000000
vt 0.25204300 0.72057700
vt 0.18783900 0.72057700
vt 0.12363500 0.72057700
vt 0.25204300 0.03602900
vt 0.25204300 0.07205800
vt 0.25204300 0.10808700
vt 0.25204300 0.14411500
vt 0.25204300 0.18014400
vt 0.25204300 0.21617300
vt 0.25204300 0.25220200
vt 0.25204300 0.28823100
vt 0.25204300 0.32426000
vt 0.25204300 0.36028900
vt 0.25204300 0.39631800
vt 0.25204300 0.43234600
vt 0.25204300 0.46837500
vt 0.25204300 0.50440400
vt 0.25204300 0.54043300
vt 0.25204300 0.57646200
vt 0.25204300 0.61249100
vt 0.25204300 0.64852000
vt 0.25204300 0.68454800
vt 0.61379700 0.44496100
vt 0.70471000 0.53416500
vt 0.79427800 0.62471000
vt 0.70471000 0.62471000
vt 0.61379700 0.62471000
vt 0.70471000 0.71525200
vt 0.61379700 0.80445800
vt 0.74949400 0.53416500
vt 0.70471000 0.48956300
vt 0.65925300 0.53416500
vt 0.65925300 0.48956300
vt 0.74949400 0.62471000
vt 0.70471000 0.57943800
vt 0.74949400 0.57943800
vt 0.65925300 0.62471000
vt 0.65925300 0.57943800
vt 0.74949400 0.71525200
vt 0.70471000 0.66998100
vt 0.74949400 0.66998100
vt 0.65925300 0.71525200
vt 0.65925300 0.66998100
vt 0.70471000 0.75985500
vt 0.65925300 0.75985500
vt 0.62052400 0.44508300
vt 0.62724200 0.44544800
vt 0.63394300 0.44606000
vt 0.64061700 0.44691700
vt 0.64725400 0.44802100
vt 0.65384600 0.44937000
vt 0.66038400 0.45096400
vt 0.66685600 0.45280100
vt 0.67325600 0.45487900
vt 0.67957300 0.45719500
vt 0.68579800 0.45974500
vt 0.69192400 0.46252700
vt 0.69794000 0.46553500
vt 0.70384000 0.46876700
vt 0.70961500 0.47221600
vt 0.71525700 0.47587900
vt 0.72075800 0.47975000
vt 0.72611200 0.48382400
vt 0.73131000 0.48809500
vt 0.73634700 0.49255700
vt 0.74121400 0.49720500
vt 0.74590500 0.50203200
vt 0.75041400 0.50703200
vt 0.75473400 0.51219800
vt 0.75885900 0.51752400
vt 0.76278300 0.52300300
vt 0.76649900 0.52862700
vt 0.77000300 0.53439000
vt 0.77328800 0.54028200
vt 0.77634900 0.54629600
vt 0.77918200 0.55242500
vt 0.78178100 0.55865800
vt 0.78414300 0.56498700
vt 0.78626300 0.57140400
vt 0.78813900 0.57789800
vt 0.78976800 0.58446000
vt 0.79114800 0.59108000
vt 0.79227700 0.59774800
vt 0.79315400 0.60445600
vt 0.79377900 0.61119100
vt 0.79415300 0.61794600
vt 0.63652500 0.48956300
vt 0.65925300 0.46726200
vt 0.63652500 0.46726200
vt 0.62516100 0.46726200
vt 0.63652500 0.45611200
vt 0.62516100 0.45611200
vt 0.64788900 0.46726200
vt 0.65925300 0.45611200
vt 0.64788900 0.45611200
vt 0.68198200 0.48956300
vt 0.68198200 0.46726200
vt 0.67061700 0.46726200
vt 0.69334600 0.46726200
vt 0.72710200 0.48956300
vt 0.69334600 0.48956300
vt 0.68198200 0.47841300
vt 0.70471000 0.47841300
vt 0.69334600 0.47841300
vt 0.68198200 0.53416500
vt 0.65925300 0.51186400
vt 0.70471000 0.51186400
vt 0.68198200 0.51186400
vt 0.71590600 0.48956300
vt 0.72710200 0.53416500
vt 0.74949400 0.51186400
vt 0.72710200 0.51186400
vt 0.73829800 0.51186400
vt 0.72710200 0.50071400
vt 0.73829800 0.50071400
vt 0.76069000 0.53416500
vt 0.74949400 0.52301500
vt 0.77188600 0.57943800
vt 0.74949400 0.55680200
vt 0.77188600 0.55680200
vt 0.76069000 0.55680200
vt 0.74949400 0.54548300
vt 0.77188600 0.54548300
vt 0.76069000 0.54548300
vt 0.72710200 0.57943800
vt 0.70471000 0.55680200
vt 0.72710200 0.55680200
vt 0.78308200 0.57943800
vt 0.77188600 0.56812000
vt 0.78308200 0.56812000
vt 0.77188600 0.62471000
vt 0.74949400 0.60207400
vt 0.77188600 0.60207400
vt 0.78308200 0.60207400
vt 0.77188600 0.59075600
vt 0.78308200 0.59075600
vt 0.78308200 0.62471000
vt 0.77188600 0.61339200
vt 0.78308200 0.61339200
vt 0.77188600 0.66998100
vt 0.74949400 0.64734500
vt 0.77188600 0.64734500
vt 0.79424700 0.62809200
vt 0.79415300 0.63147400
vt 0.79399800 0.63485300
vt 0.79377900 0.63822800
vt 0.79349800 0.64159900
vt 0.79315400 0.64496400
vt 0.79274700 0.64832200
vt 0.79227700 0.65167100
vt 0.79174400 0.65501100
vt 0.79114800 0.65834000
vt 0.79048900 0.66165600
vt 0.78976800 0.66496000
vt 0.78898500 0.66824900
vt 0.78813900 0.67152200
vt 0.78723200 0.67477800
vt 0.78626300 0.67801600
vt 0.78523300 0.68123400
vt 0.78414300 0.68443200
vt 0.78299200 0.68760800
vt 0.78178100 0.69076200
vt 0.78051100 0.69389100
vt 0.77918200 0.69699500
vt 0.77779400 0.70007300
vt 0.77634900 0.70312300
vt 0.77484700 0.70614500
vt 0.77328800 0.70913800
vt 0.77167300 0.71209900
vt 0.77000300 0.71503000
vt 0.76827800 0.71792800
vt 0.76649900 0.72079200
vt 0.76466700 0.72362200
vt 0.76278300 0.72641600
vt 0.76084700 0.72917400
vt 0.75885900 0.73189500
vt 0.75682200 0.73457800
vt 0.75473400 0.73722100
vt 0.75259800 0.73982500
vt 0.75041400 0.74238800
vt 0.74818300 0.74490900
vt 0.74590500 0.74738800
vt 0.74358200 0.74982300
vt 0.74121400 0.75221500
vt 0.73880200 0.75456200
vt 0.73634700 0.75686300
vt 0.73384900 0.75911700
vt 0.73131000 0.76132500
vt 0.72873100 0.76348500
vt 0.72611200 0.76559600
vt 0.72345400 0.76765800
vt 0.72075800 0.76966900
vt 0.71802600 0.77163100
vt 0.71525700 0.77354000
vt 0.71245300 0.77539800
vt 0.70961500 0.77720300
vt 0.70674400 0.77895500
vt 0.70384000 0.78065300
vt 0.70090500 0.78229600
vt 0.69794000 0.78388400
vt 0.69494600 0.78541700
vt 0.69192400 0.78689300
vt 0.68887400 0.78831200
vt 0.68579800 0.78967400
vt 0.68269700 0.79097900
vt 0.67957300 0.79222500
vt 0.67642500 0.79341200
vt 0.67325600 0.79454000
vt 0.67006600 0.79560900
vt 0.66685600 0.79661800
vt 0.66362900 0.79756700
vt 0.66038400 0.79845500
vt 0.65712200 0.79928300
vt 0.65384600 0.80004900
vt 0.65055700 0.80075500
vt 0.64725400 0.80139900
vt 0.64394100 0.80198100
vt 0.64061700 0.80250200
vt 0.63728400 0.80296200
vt 0.63394300 0.80336000
vt 0.63059500 0.80369600
vt 0.62724200 0.80397100
vt 0.62388500 0.80418500
vt 0.62052400 0.80433700
vt 0.61716100 0.80442800
vt 0.78308200 0.64734500
vt 0.77188600 0.63602800
vt 0.78308200 0.63602800
vt 0.78868000 0.63602800
vt 0.78308200 0.63036900
vt 0.78868000 0.62471000
vt 0.78868000 0.63036900
vt 0.78308200 0.61905100
vt 0.78868000 0.61339200
vt 0.78868000 0.61905100
vt 0.78868000 0.64734500
vt 0.78308200 0.64168600
vt 0.78868000 0.64168600
vt 0.78308200 0.66998100
vt 0.77188600 0.65866300
vt 0.78308200 0.65866300
vt 0.74949400 0.69261700
vt 0.77188600 0.69261700
vt 0.78868000 0.65866300
vt 0.78308200 0.65300400
vt 0.78868000 0.65300400
vt 0.78308200 0.66432200
vt 0.77188600 0.68129900
vt 0.78308200 0.68129900
vt 0.78308200 0.67564000
vt 0.77188600 0.70393400
vt 0.74949400 0.73755400
vt 0.77748400 0.69261700
vt 0.77188600 0.68695800
vt 0.77748400 0.68129900
vt 0.77748400 0.68695800
vt 0.76069000 0.69261700
vt 0.74949400 0.68129900
vt 0.76069000 0.66998100
vt 0.76069000 0.68129900
vt 0.72710200 0.71525200
vt 0.70471000 0.69261700
vt 0.72710200 0.66998100
vt 0.72710200 0.69261700
vt 0.77188600 0.69827600
vt 0.77748400 0.69827600
vt 0.76069000 0.71525200
vt 0.74949400 0.70393400
vt 0.76069000 0.70393400
vt 0.77188600 0.70959300
vt 0.76628800 0.71525200
vt 0.76069000 0.70959300
vt 0.76628800 0.70393400
vt 0.76628800 0.70959300
vt 0.74949400 0.72640300
vt 0.76069000 0.72640300
vt 0.72710200 0.75985500
vt 0.70471000 0.73755400
vt 0.72710200 0.73755400
vt 0.76069000 0.72082800
vt 0.74949400 0.73197800
vt 0.75509200 0.72640300
vt 0.75509200 0.73197800
vt 0.73829800 0.73755400
vt 0.72710200 0.72640300
vt 0.73829800 0.71525200
vt 0.73829800 0.72640300
vt 0.72710200 0.74870400
vt 0.73829800 0.74870400
vt 0.73829800 0.74312900
vt 0.74389600 0.73755400
vt 0.74389600 0.74312900
vt 0.72710200 0.75428000
vt 0.73270000 0.74870400
vt 0.73270000 0.75428000
vt 0.71590600 0.75985500
vt 0.70471000 0.74870400
vt 0.71590600 0.73755400
vt 0.71590600 0.74870400
vt 0.68198200 0.75985500
vt 0.65925300 0.73755400
vt 0.68198200 0.71525200
vt 0.68198200 0.73755400
vt 0.70471000 0.77100600
vt 0.71590600 0.77100600
vt 0.65925300 0.78215700
vt 0.68198200 0.78215700
vt 0.71590600 0.76543100
vt 0.72150400 0.75985500
vt 0.72150400 0.76543100
vt 0.70471000 0.77658100
vt 0.71030800 0.77100600
vt 0.69334600 0.78215700
vt 0.68198200 0.77100600
vt 0.69334600 0.75985500
vt 0.69334600 0.77100600
vt 0.69902800 0.78215700
vt 0.69334600 0.77658100
vt 0.69902800 0.77100600
vt 0.69902800 0.77658100
vt 0.68198200 0.78773200
vt 0.68766400 0.78215700
vt 0.65925300 0.79330800
vt 0.67061700 0.78215700
vt 0.67061700 0.79330800
vt 0.63652500 0.75985500
vt 0.63652500 0.78215700
vt 0.67061700 0.78773200
vt 0.67630000 0.78215700
vt 0.67630000 0.78773200
vt 0.65925300 0.77100600
vt 0.67061700 0.75985500
vt 0.67061700 0.77100600
vt 0.66493500 0.79330800
vt 0.63652500 0.79330800
vt 0.64788900 0.78215700
vt 0.64788900 0.79330800
vt 0.64788900 0.79888300
vt 0.65357100 0.79330800
vt 0.63652500 0.79888300
vt 0.64220700 0.79330800
vt 0.64220700 0.79888300
vt 0.62516100 0.78215700
vt 0.62516100 0.79330800
vt 0.62516100 0.79888300
vt 0.63084300 0.79330800
vt 0.63084300 0.79888300
vt 0.61947900 0.79330800
vt 0.61947900 0.79888300
vt 0.61379700 0.74454200
vt 0.61379700 0.68462600
vt 0.61379700 0.56479400
vt 0.61379700 0.50487700
vt 0.43398900 0.44496100
vt 0.34307800 0.53416500
vt 0.43398900 0.62471000
vt 0.34307800 0.62471000
vt 0.25350800 0.62471000
vt 0.34307800 0.71525200
vt 0.38853300 0.53416500
vt 0.34307800 0.48956300
vt 0.38853300 0.48956300
vt 0.29829300 0.53416500
vt 0.38853300 0.62471000
vt 0.34307800 0.57943800
vt 0.38853300 0.57943800
vt 0.29829300 0.62471000
vt 0.29829300 0.57943800
vt 0.38853300 0.71525200
vt 0.34307800 0.66998100
vt 0.38853300 0.66998100
vt 0.29829300 0.71525200
vt 0.29829300 0.66998100
vt 0.34307800 0.75985500
vt 0.38853300 0.75985500
vt 0.25363200 0.61794600
vt 0.25400700 0.61119100
vt 0.25463200 0.60445600
vt 0.25550900 0.59774800
vt 0.25663800 0.59108000
vt 0.25801700 0.58446000
vt 0.25964600 0.57789800
vt 0.26152200 0.57140400
vt 0.26364300 0.56498700
vt 0.26600500 0.55865800
vt 0.26860400 0.55242500
vt 0.27143700 0.54629600
vt 0.27449800 0.54028200
vt 0.27778300 0.53439000
vt 0.28128600 0.52862700
vt 0.28500300 0.52300300
vt 0.28892600 0.51752400
vt 0.29305100 0.51219800
vt 0.29737100 0.50703200
vt 0.30188000 0.50203200
vt 0.30657200 0.49720500
vt 0.31143900 0.49255700
vt 0.31647500 0.48809500
vt 0.32167400 0.48382400
vt 0.32702700 0.47975000
vt 0.33252900 0.47587900
vt 0.33817100 0.47221600
vt 0.34394600 0.46876700
vt 0.34984500 0.46553500
vt 0.35586200 0.46252700
vt 0.36198800 0.45974500
vt 0.36821300 0.45719500
vt 0.37453000 0.45487900
vt 0.38092900 0.45280100
vt 0.38740200 0.45096400
vt 0.39393900 0.44937000
vt 0.40053100 0.44802100
vt 0.40716900 0.44691700
vt 0.41384300 0.44606000
vt 0.42054300 0.44544800
vt 0.42726200 0.44508300
vt 0.27590000 0.62471000
vt 0.27590000 0.57943800
vt 0.29829300 0.60207400
vt 0.27590000 0.60207400
vt 0.26470400 0.62471000
vt 0.26470400 0.60207400
vt 0.27590000 0.61339200
vt 0.26470400 0.61339200
vt 0.27590000 0.66998100
vt 0.29829300 0.64734500
vt 0.27590000 0.64734500
vt 0.26470400 0.64734500
vt 0.27590000 0.63602800
vt 0.26470400 0.63602800
vt 0.26470400 0.57943800
vt 0.27590000 0.59075600
vt 0.26470400 0.59075600
vt 0.29829300 0.55680200
vt 0.27590000 0.55680200
vt 0.27590000 0.56812000
vt 0.26470400 0.56812000
vt 0.27590000 0.54548300
vt 0.29829300 0.51186400
vt 0.28709700 0.55680200
vt 0.28709700 0.53416500
vt 0.29829300 0.54548300
vt 0.28709700 0.54548300
vt 0.32068500 0.57943800
vt 0.32068500 0.53416500
vt 0.34307800 0.55680200
vt 0.32068500 0.55680200
vt 0.29829300 0.52301500
vt 0.32068500 0.48956300
vt 0.34307800 0.51186400
vt 0.32068500 0.51186400
vt 0.30948900 0.51186400
vt 0.32068500 0.50071400
vt 0.30948900 0.50071400
vt 0.33188100 0.48956300
vt 0.34307800 0.47841300
vt 0.36580500 0.48956300
vt 0.38853300 0.46726200
vt 0.36580500 0.46726200
vt 0.35444200 0.48956300
vt 0.35444200 0.46726200
vt 0.36580500 0.47841300
vt 0.35444200 0.47841300
vt 0.36580500 0.53416500
vt 0.38853300 0.51186400
vt 0.36580500 0.51186400
vt 0.37716900 0.46726200
vt 0.38853300 0.45611200
vt 0.41126100 0.48956300
vt 0.41126100 0.46726200
vt 0.39989700 0.46726200
vt 0.41126100 0.45611200
vt 0.39989700 0.45611200
vt 0.42262500 0.46726200
vt 0.42262500 0.45611200
vt 0.43398900 0.80445800
vt 0.43062500 0.80442800
vt 0.42726200 0.80433700
vt 0.42390100 0.80418500
vt 0.42054300 0.80397100
vt 0.41719000 0.80369600
vt 0.41384300 0.80336000
vt 0.41050200 0.80296200
vt 0.40716900 0.80250200
vt 0.40384500 0.80198100
vt 0.40053100 0.80139900
vt 0.39722900 0.80075500
vt 0.39393900 0.80004900
vt 0.39066300 0.79928300
vt 0.38740200 0.79845500
vt 0.38415700 0.79756700
vt 0.38092900 0.79661800
vt 0.37772000 0.79560900
vt 0.37453000 0.79454000
vt 0.37136100 0.79341200
vt 0.36821300 0.79222500
vt 0.36508800 0.79097900
vt 0.36198800 0.78967400
vt 0.35891200 0.78831200
vt 0.35586200 0.78689300
vt 0.35284000 0.78541700
vt 0.34984500 0.78388400
vt 0.34688000 0.78229600
vt 0.34394600 0.78065300
vt 0.34104200 0.77895500
vt 0.33817100 0.77720300
vt 0.33533300 0.77539800
vt 0.33252900 0.77354000
vt 0.32976000 0.77163100
vt 0.32702700 0.76966900
vt 0.32433200 0.76765800
vt 0.32167400 0.76559600
vt 0.31905500 0.76348500
vt 0.31647500 0.76132500
vt 0.31393600 0.75911700
vt 0.31143900 0.75686300
vt 0.30898400 0.75456200
vt 0.30657200 0.75221500
vt 0.30420400 0.74982300
vt 0.30188000 0.74738800
vt 0.29960300 0.74490900
vt 0.29737100 0.74238800
vt 0.29518700 0.73982500
vt 0.29305100 0.73722100
vt 0.29096400 0.73457800
vt 0.28892600 0.73189500
vt 0.28693900 0.72917400
vt 0.28500300 0.72641600
vt 0.28311800 0.72362200
vt 0.28128600 0.72079200
vt 0.27950800 0.71792800
vt 0.27778300 0.71503000
vt 0.27611300 0.71209900
vt 0.27449800 0.70913800
vt 0.27293900 0.70614500
vt 0.27143700 0.70312300
vt 0.26999100 0.70007300
vt 0.26860400 0.69699500
vt 0.26727500 0.69389100
vt 0.26600500 0.69076200
vt 0.26479400 0.68760800
vt 0.26364300 0.68443200
vt 0.26255200 0.68123400
vt 0.26152200 0.67801600
vt 0.26055400 0.67477800
vt 0.25964600 0.67152200
vt 0.25880100 0.66824900
vt 0.25801700 0.66496000
vt 0.25729600 0.66165600
vt 0.25663800 0.65834000
vt 0.25604200 0.65501100
vt 0.25550900 0.65167100
vt 0.25503900 0.64832200
vt 0.25463200 0.64496400
vt 0.25428800 0.64159900
vt 0.25400700 0.63822800
vt 0.25378800 0.63485300
vt 0.25363200 0.63147400
vt 0.25353900 0.62809200
vt 0.38853300 0.78215700
vt 0.41126100 0.75985500
vt 0.41126100 0.78215700
vt 0.41126100 0.79330800
vt 0.42262500 0.78215700
vt 0.42262500 0.79330800
vt 0.42262500 0.79888300
vt 0.42830700 0.79330800
vt 0.42830700 0.79888300
vt 0.41126100 0.79888300
vt 0.41694300 0.79330800
vt 0.41694300 0.79888300
vt 0.38853300 0.79330800
vt 0.39989700 0.78215700
vt 0.39989700 0.79330800
vt 0.36580500 0.75985500
vt 0.36580500 0.78215700
vt 0.39989700 0.79888300
vt 0.40557900 0.79330800
vt 0.40557900 0.79888300
vt 0.39421500 0.79330800
vt 0.37716900 0.78215700
vt 0.37716900 0.79330800
vt 0.38285100 0.79330800
vt 0.35444200 0.78215700
vt 0.32068500 0.75985500
vt 0.36580500 0.78773200
vt 0.37148700 0.78215700
vt 0.37716900 0.78773200
vt 0.37148700 0.78773200
vt 0.36580500 0.77100600
vt 0.37716900 0.75985500
vt 0.38853300 0.77100600
vt 0.37716900 0.77100600
vt 0.34307800 0.73755400
vt 0.36580500 0.71525200
vt 0.38853300 0.73755400
vt 0.36580500 0.73755400
vt 0.36012300 0.78215700
vt 0.34307800 0.77100600
vt 0.35444200 0.75985500
vt 0.35444200 0.77100600
vt 0.34876000 0.78215700
vt 0.34307800 0.77658100
vt 0.34876000 0.77100600
vt 0.35444200 0.77658100
vt 0.34876000 0.77658100
vt 0.33188100 0.75985500
vt 0.33188100 0.77100600
vt 0.29829300 0.73755400
vt 0.32068500 0.71525200
vt 0.32068500 0.73755400
vt 0.33748000 0.77100600
vt 0.32628300 0.75985500
vt 0.33188100 0.76543100
vt 0.32628300 0.76543100
vt 0.32068500 0.74870400
vt 0.33188100 0.73755400
vt 0.34307800 0.74870400
vt 0.33188100 0.74870400
vt 0.30948900 0.73755400
vt 0.30948900 0.74870400
vt 0.31508700 0.74870400
vt 0.32068500 0.75428000
vt 0.31508700 0.75428000
vt 0.30389100 0.73755400
vt 0.30948900 0.74312900
vt 0.30389100 0.74312900
vt 0.29829300 0.72640300
vt 0.30948900 0.71525200
vt 0.32068500 0.72640300
vt 0.30948900 0.72640300
vt 0.29829300 0.69261700
vt 0.32068500 0.66998100
vt 0.34307800 0.69261700
vt 0.32068500 0.69261700
vt 0.28709700 0.71525200
vt 0.28709700 0.72640300
vt 0.27590000 0.69261700
vt 0.29269500 0.72640300
vt 0.29829300 0.73197800
vt 0.29269500 0.73197800
vt 0.28149800 0.71525200
vt 0.28709700 0.72082800
vt 0.27590000 0.70393400
vt 0.28709700 0.69261700
vt 0.29829300 0.70393400
vt 0.28709700 0.70393400
vt 0.27590000 0.70959300
vt 0.28149800 0.70393400
vt 0.28709700 0.70959300
vt 0.28149800 0.70959300
vt 0.27030200 0.69261700
vt 0.27590000 0.69827600
vt 0.27030200 0.69827600
vt 0.26470400 0.66998100
vt 0.27590000 0.68129900
vt 0.26470400 0.68129900
vt 0.27030200 0.68129900
vt 0.27590000 0.68695800
vt 0.27030200 0.68695800
vt 0.28709700 0.66998100
vt 0.29829300 0.68129900
vt 0.28709700 0.68129900
vt 0.26470400 0.67564000
vt 0.27590000 0.65866300
vt 0.26470400 0.65866300
vt 0.25910600 0.65866300
vt 0.26470400 0.66432200
vt 0.25910600 0.64734500
vt 0.26470400 0.65300400
vt 0.25910600 0.65300400
vt 0.25910600 0.63602800
vt 0.26470400 0.64168600
vt 0.25910600 0.64168600
vt 0.25910600 0.62471000
vt 0.26470400 0.63036900
vt 0.25910600 0.63036900
vt 0.43398900 0.50487700
vt 0.43398900 0.56479400
vt 0.43398900 0.68462600
vt 0.43398900 0.74454200
vt 0.00162200 0.00000000
vt 0.00000000 0.00000000
vt 0.00162200 0.30624500
vt 0.00162200 0.61249100
vt 0.00000000 0.61249100
vt 0.00000000 0.60884500
vt 0.00000000 0.60519900
vt 0.00000000 0.60155300
vt 0.00000000 0.59790800
vt 0.00000000 0.59426200
vt 0.00000000 0.59061600
vt 0.00000000 0.58697000
vt 0.00000000 0.58332500
vt 0.00000000 0.57967900
vt 0.00000000 0.57603300
vt 0.00000000 0.57238700
vt 0.00000000 0.56874100
vt 0.00000000 0.56509600
vt 0.00000000 0.56145000
vt 0.00000000 0.55780400
vt 0.00000000 0.55415800
vt 0.00000000 0.55051300
vt 0.00000000 0.54686700
vt 0.00000000 0.54322100
vt 0.00000000 0.53957500
vt 0.00000000 0.53592900
vt 0.00000000 0.53228400
vt 0.00000000 0.52863800
vt 0.00000000 0.52499200
vt 0.00000000 0.52134600
vt 0.00000000 0.51770000
vt 0.00000000 0.51405500
vt 0.00000000 0.51040900
vt 0.00000000 0.50676300
vt 0.00000000 0.50311700
vt 0.00000000 0.49947200
vt 0.00000000 0.49582600
vt 0.00000000 0.49218000
vt 0.00000000 0.48853400
vt 0.00000000 0.48488900
vt 0.00000000 0.48124300
vt 0.00000000 0.47759700
vt 0.00000000 0.47395100
vt 0.00000000 0.47030500
vt 0.00000000 0.46666000
vt 0.00000000 0.46301400
vt 0.00000000 0.45936800
vt 0.00000000 0.45572200
vt 0.00000000 0.45207600
vt 0.00000000 0.44843100
vt 0.00000000 0.44478500
vt 0.00000000 0.44113900
vt 0.00000000 0.43749300
vt 0.00000000 0.43384800
vt 0.00000000 0.43020200
vt 0.00000000 0.42655600
vt 0.00000000 0.42291000
vt 0.00000000 0.41926500
vt 0.00000000 0.41561900
vt 0.00000000 0.41197300
vt 0.00000000 0.40832700
vt 0.00000000 0.40468100
vt 0.00000000 0.40103600
vt 0.00000000 0.39739000
vt 0.00000000 0.39374400
vt 0.00000000 0.39009800
vt 0.00000000 0.38645200
vt 0.00000000 0.38280700
vt 0.00000000 0.37916100
vt 0.00000000 0.37551500
vt 0.00000000 0.37186900
vt 0.00000000 0.36822400
vt 0.00000000 0.36457800
vt 0.00000000 0.36093200
vt 0.00000000 0.35728600
vt 0.00000000 0.35364000
vt 0.00000000 0.34999500
vt 0.00000000 0.34634900
vt 0.00000000 0.34270300
vt 0.00000000 0.33905700
vt 0.00000000 0.33541200
vt 0.00000000 0.33176600
vt 0.00000000 0.32812000
vt 0.00000000 0.32447400
vt 0.00000000 0.32082800
vt 0.00000000 0.31718300
vt 0.00000000 0.31353700
vt 0.00000000 0.30989100
vt 0.00000000 0.30624500
vt 0.00000000 0.30260000
vt 0.00000000 0.29895400
vt 0.00000000 0.29530800
vt 0.00000000 0.29166200
vt 0.00000000 0.28801600
vt 0.00000000 0.28437100
vt 0.00000000 0.28072500
vt 0.00000000 0.27707900
vt 0.00000000 0.27343300
vt 0.00000000 0.26978800
vt 0.00000000 0.26614200
vt 0.00000000 0.26249600
vt 0.00000000 0.25885000
vt 0.00000000 0.25520400
vt 0.00000000 0.25155900
vt 0.00000000 0.24791300
vt 0.00000000 0.24426700
vt 0.00000000 0.24062100
vt 0.00000000 0.23697600
vt 0.00000000 0.23333000
vt 0.00000000 0.22968400
vt 0.00000000 0.22603800
vt 0.00000000 0.22239200
vt 0.00000000 0.21874700
vt 0.00000000 0.21510100
vt 0.00000000 0.21145500
vt 0.00000000 0.20780900
vt 0.00000000 0.20416400
vt 0.00000000 0.20051800
vt 0.00000000 0.19687200
vt 0.00000000 0.19322600
vt 0.00000000 0.18958000
vt 0.00000000 0.18593500
vt 0.00000000 0.18228900
vt 0.00000000 0.17864300
vt 0.00000000 0.17499700
vt 0.00000000 0.17135200
vt 0.00000000 0.16770600
vt 0.00000000 0.16406000
vt 0.00000000 0.16041400
vt 0.00000000 0.15676800
vt 0.00000000 0.15312300
vt 0.00000000 0.14947700
vt 0.00000000 0.14583100
vt 0.00000000 0.14218500
vt 0.00000000 0.13854000
vt 0.00000000 0.13489400
vt 0.00000000 0.13124800
vt 0.00000000 0.12760200
vt 0.00000000 0.12395600
vt 0.00000000 0.12031100
vt 0.00000000 0.11666500
vt 0.00000000 0.11301900
vt 0.00000000 0.10937300
vt 0.00000000 0.10572800
vt 0.00000000 0.10208200
vt 0.00000000 0.09843600
vt 0.00000000 0.09479000
vt 0.00000000 0.09114400
vt 0.00000000 0.08749900
vt 0.00000000 0.08385300
vt 0.00000000 0.08020700
vt 0.00000000 0.07656100
vt 0.00000000 0.07291600
vt 0.00000000 0.06927000
vt 0.00000000 0.06562400
vt 0.00000000 0.06197800
vt 0.00000000 0.05833200
vt 0.00000000 0.05468700
vt 0.00000000 0.05104100
vt 0.00000000 0.04739500
vt 0.00000000 0.04374900
vt 0.00000000 0.04010400
vt 0.00000000 0.03645800
vt 0.00000000 0.03281200
vt 0.00000000 0.02916600
vt 0.00000000 0.02552000
vt 0.00000000 0.02187500
vt 0.00000000 0.01822900
vt 0.00000000 0.01458300
vt 0.00000000 0.01093700
vt 0.00000000 0.00729200
vt 0.00000000 0.00364600
vt 0.00162200 0.00364600
vt 0.00162200 0.00729200
vt 0.00162200 0.01093700
vt 0.00162200 0.01458300
vt 0.00162200 0.01822900
vt 0.00162200 0.02187500
vt 0.00162200 0.02552000
vt 0.00162200 0.02916600
vt 0.00162200 0.03281200
vt 0.00162200 0.03645800
vt 0.00162200 0.04010400
vt 0.00162200 0.04374900
vt 0.00162200 0.04739500
vt 0.00162200 0.05104100
vt 0.00162200 0.05468700
vt 0.00162200 0.05833200
vt 0.00162200 0.06197800
vt 0.00162200 0.06562400
vt 0.00162200 0.06927000
vt 0.00162200 0.07291600
vt 0.00162200 0.07656100
vt 0.00162200 0.08020700
vt 0.00162200 0.08385300
vt 0.00162200 0.08749900
vt 0.00162200 0.09114400
vt 0.00162200 0.09479000
vt 0.00162200 0.09843600
vt 0.00162200 0.10208200
vt 0.00162200 0.10572800
vt 0.00162200 0.10937300
vt 0.00162200 0.11301900
vt 0.00162200 0.11666500
vt 0.00162200 0.12031100
vt 0.00162200 0.12395600
vt 0.00162200 0.12760200
vt 0.00162200 0.13124800
vt 0.00162200 0.13489400
vt 0.00162200 0.13854000
vt 0.00162200 0.14218500
vt 0.00162200 0.14583100
vt 0.00162200 0.14947700
vt 0.00162200 0.15312300
vt 0.00162200 0.15676800
vt 0.00162200 0.16041400
vt 0.00162200 0.16406000
vt 0.00162200 0.16770600
vt 0.00162200 0.17135200
vt 0.00162200 0.17499700
vt 0.00162200 0.17864300
vt 0.00162200 0.18228900
vt 0.00162200 0.18593500
vt 0.00162200 0.18958000
vt 0.00162200 0.19322600
vt 0.00162200 0.19687200
vt 0.00162200 0.20051800
vt 0.00162200 0.20416400
vt 0.00162200 0.20780900
vt 0.00162200 0.21145500
vt 0.00162200 0.21510100
vt 0.00162200 0.21874700
vt 0.00162200 0.22239200
vt 0.00162200 0.22603800
vt 0.00162200 0.22968400
vt 0.00162200 0.23333000
vt 0.00162200 0.23697600
vt 0.00162200 0.24062100
vt 0.00162200 0.24426700
vt 0.00162200 0.24791300
vt 0.00162200 0.25155900
vt 0.00162200 0.25520400
vt 0.00162200 0.25885000
vt 0.00162200 0.26249600
vt 0.00162200 0.26614200
vt 0.00162200 0.26978800
vt 0.00162200 0.27343300
vt 0.00162200 0.27707900
vt 0.00162200 0.28072500
vt 0.00162200 0.28437100
vt 0.00162200 0.28801600
vt 0.00162200 0.29166200
vt 0.00162200 0.29530800
vt 0.00162200 0.29895400
vt 0.00162200 0.30260000
vt 0.00162200 0.30989100
vt 0.00162200 0.31353700
vt 0.00162200 0.31718300
vt 0.00162200 0.32082800
vt 0.00162200 0.32447400
vt 0.00162200 0.32812000
vt 0.00162200 0.33176600
vt 0.00162200 0.33541200
vt 0.00162200 0.33905700
vt 0.00162200 0.34270300
vt 0.00162200 0.34634900
vt 0.00162200 0.34999500
vt 0.00162200 0.35364000
vt 0.00162200 0.35728600
vt 0.00162200 0.36093200
vt 0.00162200 0.36457800
vt 0.00162200 0.36822400
vt 0.00162200 0.37186900
vt 0.00162200 0.37551500
vt 0.00162200 0.37916100
vt 0.00162200 0.38280700
vt 0.00162200 0.38645200
vt 0.00162200 0.39009800
vt 0.00162200 0.39374400
vt 0.00162200 0.39739000
vt 0.00162200 0.40103600
vt 0.00162200 0.40468100
vt 0.00162200 0.40832700
vt 0.00162200 0.41197300
vt 0.00162200 0.41561900
vt 0.00162200 0.41926500
vt 0.00162200 0.42291000
vt 0.00162200 0.42655600
vt 0.00162200 0.43020200
vt 0.00162200 0.43384800
vt 0.00162200 0.43749300
vt 0.00162200 0.44113900
vt 0.00162200 0.44478500
vt 0.00162200 0.44843100
vt 0.00162200 0.45207600
vt 0.00162200 0.45572200
vt 0.00162200 0.45936800
vt 0.00162200 0.46301400
vt 0.00162200 0.46666000
vt 0.00162200 0.47030500
vt 0.00162200 0.47395100
vt 0.00162200 0.47759700
vt 0.00162200 0.48124300
vt 0.00162200 0.48488900
vt 0.00162200 0.48853400
vt 0.00162200 0.49218000
vt 0.00162200 0.49582600
vt 0.00162200 0.49947200
vt 0.00162200 0.50311700
vt 0.00162200 0.50676300
vt 0.00162200 0.51040900
vt 0.00162200 0.51405500
vt 0.00162200 0.51770000
vt 0.00162200 0.52134600
vt 0.00162200 0.52499200
vt 0.00162200 0.52863800
vt 0.00162200 0.53228400
vt 0.00162200 0.53592900
vt 0.00162200 0.53957500
vt 0.00162200 0.54322100
vt 0.00162200 0.54686700
vt 0.00162200 0.55051300
vt 0.00162200 0.55415800
vt 0.00162200 0.55780400
vt 0.00162200 0.56145000
vt 0.00162200 0.56509600
vt 0.00162200 0.56874100
vt 0.00162200 0.57238700
vt 0.00162200 0.57603300
vt 0.00162200 0.57967900
vt 0.00162200 0.58332500
vt 0.00162200 0.58697000
vt 0.00162200 0.59061600
vt 0.00162200 0.59426200
vt 0.00162200 0.59790800
vt 0.00162200 0.60155300
vt 0.00162200 0.60519900
vt 0.00162200 0.60884500
vt 0.00081100 0.00530800
vt 0.00081100 0.01592300
vt 0.00081100 0.02103000
vt 0.00081100 0.03090000
vt 0.00081100 0.02596500
vt 0.00081100 0.04077000
vt 0.00081100 0.03583500
vt 0.00081100 0.04570400
vt 0.00081100 0.05557400
vt 0.00081100 0.05063900
vt 0.00081100 0.06544300
vt 0.00081100 0.06050900
vt 0.00081100 0.07037800
vt 0.00081100 0.08024800
vt 0.00081100 0.07531300
vt 0.00081100 0.08518300
vt 0.00081100 0.09011700
vt 0.00081100 0.09984900
vt 0.00081100 0.09493600
vt 0.00081100 0.10464900
vt 0.00081100 0.10944900
vt 0.00081100 0.11424900
vt 0.00081100 0.11904800
vt 0.00081100 0.12384800
vt 0.00081100 0.12864800
vt 0.00081100 0.13824800
vt 0.00081100 0.13344800
vt 0.00081100 0.14304800
vt 0.00081100 0.15264800
vt 0.00081100 0.14784800
vt 0.00081100 0.15744800
vt 0.00081100 0.16704800
vt 0.00081100 0.16224800
vt 0.00081100 0.17664800
vt 0.00081100 0.17184800
vt 0.00081100 0.18624700
vt 0.00081100 0.18144700
vt 0.00081100 0.19104700
vt 0.00081100 0.20064700
vt 0.00081100 0.19584700
vt 0.00081100 0.20544700
vt 0.00081100 0.21504700
vt 0.00081100 0.21024700
vt 0.00081100 0.21984700
vt 0.00081100 0.22944700
vt 0.00081100 0.22464700
vt 0.00081100 0.23424700
vt 0.00081100 0.23904600
vt 0.00081100 0.24864600
vt 0.00081100 0.24384600
vt 0.00081100 0.25344600
vt 0.00081100 0.25824600
vt 0.00081100 0.26784600
vt 0.00081100 0.26304600
vt 0.00081100 0.27290100
vt 0.00081100 0.27798500
vt 0.00081100 0.28821800
vt 0.00081100 0.28309500
vt 0.00081100 0.29333100
vt 0.00081100 0.30357500
vt 0.00081100 0.29837000
vt 0.00081100 0.30624500
vt 0.00081100 0.31155300
vt 0.00081100 0.31686100
vt 0.00081100 0.32216900
vt 0.00081100 0.33221100
vt 0.00081100 0.32727600
vt 0.00081100 0.33714500
vt 0.00081100 0.34208000
vt 0.00081100 0.34701500
vt 0.00081100 0.35688400
vt 0.00081100 0.35195000
vt 0.00081100 0.36181900
vt 0.00081100 0.36675400
vt 0.00081100 0.37662400
vt 0.00081100 0.37168900
vt 0.00081100 0.38155800
vt 0.00081100 0.39142800
vt 0.00081100 0.38649300
vt 0.00081100 0.40118100
vt 0.00081100 0.39636300
vt 0.00081100 0.40609400
vt 0.00081100 0.41569400
vt 0.00081100 0.41089400
vt 0.00081100 0.42049400
vt 0.00081100 0.42529400
vt 0.00081100 0.43009400
vt 0.00081100 0.43489400
vt 0.00081100 0.44449400
vt 0.00081100 0.43969400
vt 0.00081100 0.44929300
vt 0.00081100 0.45889300
vt 0.00081100 0.45409300
vt 0.00081100 0.46369300
vt 0.00081100 0.47329300
vt 0.00081100 0.46849300
vt 0.00081100 0.48289300
vt 0.00081100 0.47809300
vt 0.00081100 0.49249300
vt 0.00081100 0.48769300
vt 0.00081100 0.49729300
vt 0.00081100 0.50689300
vt 0.00081100 0.50209300
vt 0.00081100 0.51169200
vt 0.00081100 0.52129200
vt 0.00081100 0.51649200
vt 0.00081100 0.52609200
vt 0.00081100 0.53569200
vt 0.00081100 0.53089200
vt 0.00081100 0.54049200
vt 0.00081100 0.54529200
vt 0.00081100 0.55489200
vt 0.00081100 0.55009200
vt 0.00081100 0.55969200
vt 0.00081100 0.56449200
vt 0.00081100 0.57409100
vt 0.00081100 0.56929100
vt 0.00081100 0.57914600
vt 0.00081100 0.58423100
vt 0.00081100 0.59446300
vt 0.00081100 0.58934000
vt 0.00081100 0.59957600
vt 0.00081100 0.60982000
vt 0.00081100 0.60461500
vt 0.00324400 0.00000000
vt 0.00162200 0.00000000
vt 0.00324400 0.61249100
vt 0.00162200 0.61249100
vt 0.00162200 0.30624500
vt 0.00162200 0.29895400
vt 0.00162200 0.29166200
vt 0.00162200 0.28437100
vt 0.00162200 0.27707900
vt 0.00162200 0.26978800
vt 0.00162200 0.26249600
vt 0.00162200 0.25520400
vt 0.00162200 0.24791300
vt 0.00162200 0.24062100
vt 0.00162200 0.23333000
vt 0.00162200 0.22603800
vt 0.00162200 0.21874700
vt 0.00162200 0.21145500
vt 0.00162200 0.20416400
vt 0.00162200 0.19687200
vt 0.00162200 0.18958000
vt 0.00162200 0.18228900
vt 0.00162200 0.17499700
vt 0.00162200 0.16770600
vt 0.00162200 0.16041400
vt 0.00162200 0.15312300
vt 0.00162200 0.14583100
vt 0.00162200 0.13854000
vt 0.00162200 0.13124800
vt 0.00162200 0.12395600
vt 0.00162200 0.11666500
vt 0.00162200 0.10937300
vt 0.00162200 0.10208200
vt 0.00162200 0.09479000
vt 0.00162200 0.08749900
vt 0.00162200 0.08020700
vt 0.00162200 0.07291600
vt 0.00162200 0.06562400
vt 0.00162200 0.05833200
vt 0.00162200 0.05104100
vt 0.00162200 0.04374900
vt 0.00162200 0.03645800
vt 0.00162200 0.02916600
vt 0.00162200 0.02187500
vt 0.00162200 0.01458300
vt 0.00162200 0.00729200
vt 0.00162200 0.60519900
vt 0.00162200 0.59790800
vt 0.00162200 0.59061600
vt 0.00162200 0.58332500
vt 0.00162200 0.57603300
vt 0.00162200 0.56874100
vt 0.00162200 0.56145000
vt 0.00162200 0.55415800
vt 0.00162200 0.54686700
vt 0.00162200 0.53957500
vt 0.00162200 0.53228400
vt 0.00162200 0.52499200
vt 0.00162200 0.51770000
vt 0.00162200 0.51040900
vt 0.00162200 0.50311700
vt 0.00162200 0.49582600
vt 0.00162200 0.48853400
vt 0.00162200 0.48124300
vt 0.00162200 0.47395100
vt 0.00162200 0.46666000
vt 0.00162200 0.45936800
vt 0.00162200 0.45207600
vt 0.00162200 0.44478500
vt 0.00162200 0.43749300
vt 0.00162200 0.43020200
vt 0.00162200 0.42291000
vt 0.00162200 0.41561900
vt 0.00162200 0.40832700
vt 0.00162200 0.40103600
vt 0.00162200 0.39374400
vt 0.00162200 0.38645200
vt 0.00162200 0.37916100
vt 0.00162200 0.37186900
vt 0.00162200 0.36457800
vt 0.00162200 0.35728600
vt 0.00162200 0.34999500
vt 0.00162200 0.34270300
vt 0.00162200 0.33541200
vt 0.00162200 0.32812000
vt 0.00162200 0.32082800
vt 0.00162200 0.31353700
vt 0.00324400 0.00729200
vt 0.00324400 0.01458300
vt 0.00324400 0.02187500
vt 0.00324400 0.02916600
vt 0.00324400 0.03645800
vt 0.00324400 0.04374900
vt 0.00324400 0.05104100
vt 0.00324400 0.05833200
vt 0.00324400 0.06562400
vt 0.00324400 0.07291600
vt 0.00324400 0.08020700
vt 0.00324400 0.08749900
vt 0.00324400 0.09479000
vt 0.00324400 0.10208200
vt 0.00324400 0.10937300
vt 0.00324400 0.11666500
vt 0.00324400 0.12395600
vt 0.00324400 0.13124800
vt 0.00324400 0.13854000
vt 0.00324400 0.14583100
vt 0.00324400 0.15312300
vt 0.00324400 0.16041400
vt 0.00324400 0.16770600
vt 0.00324400 0.17499700
vt 0.00324400 0.18228900
vt 0.00324400 0.18958000
vt 0.00324400 0.19687200
vt 0.00324400 0.20416400
vt 0.00324400 0.21145500
vt 0.00324400 0.21874700
vt 0.00324400 0.22603800
vt 0.00324400 0.23333000
vt 0.00324400 0.24062100
vt 0.00324400 0.24791300
vt 0.00324400 0.25520400
vt 0.00324400 0.26249600
vt 0.00324400 0.26978800
vt 0.00324400 0.27707900
vt 0.00324400 0.28437100
vt 0.00324400 0.29166200
vt 0.00324400 0.29895400
vt 0.00324400 0.30624500
vt 0.00324400 0.31353700
vt 0.00324400 0.32082800
vt 0.00324400 0.32812000
vt 0.00324400 0.33541200
vt 0.00324400 0.34270300
vt 0.00324400 0.34999500
vt 0.00324400 0.35728600
vt 0.00324400 0.36457800
vt 0.00324400 0.37186900
vt 0.00324400 0.37916100
vt 0.00324400 0.38645200
vt 0.00324400 0.39374400
vt 0.00324400 0.40103600
vt 0.00324400 0.40832700
vt 0.00324400 0.41561900
vt 0.00324400 0.42291000
vt 0.00324400 0.43020200
vt 0.00324400 0.43749300
vt 0.00324400 0.44478500
vt 0.00324400 0.45207600
vt 0.00324400 0.45936800
vt 0.00324400 0.46666000
vt 0.00324400 0.47395100
vt 0.00324400 0.48124300
vt 0.00324400 0.48853400
vt 0.00324400 0.49582600
vt 0.00324400 0.50311700
vt 0.00324400 0.51040900
vt 0.00324400 0.51770000
vt 0.00324400 0.52499200
vt 0.00324400 0.53228400
vt 0.00324400 0.53957500
vt 0.00324400 0.54686700
vt 0.00324400 0.55415800
vt 0.00324400 0.56145000
vt 0.00324400 0.56874100
vt 0.00324400 0.57603300
vt 0.00324400 0.58332500
vt 0.00324400 0.59061600
vt 0.00324400 0.59790800
vt 0.00324400 0.60519900
vt 0.00706600 0.00000000
vt 0.00515500 0.00000000
vt 0.00706600 0.30444400
vt 0.00515500 0.30444400
vt 0.00706600 0.60888800
vt 0.00515500 0.60888800
vt 0.00706600 0.00362400
vt 0.00706600 0.00724900
vt 0.00706600 0.01087300
vt 0.00706600 0.01449700
vt 0.00706600 0.01812200
vt 0.00706600 0.02174600
vt 0.00706600 0.02537000
vt 0.00706600 0.02899500
vt 0.00706600 0.03261900
vt 0.00706600 0.03624300
vt 0.00706600 0.03986800
vt 0.00706600 0.04349200
vt 0.00706600 0.04711600
vt 0.00706600 0.05074100
vt 0.00706600 0.05436500
vt 0.00706600 0.05798900
vt 0.00706600 0.06161400
vt 0.00706600 0.06523800
vt 0.00706600 0.06886200
vt 0.00706600 0.07248700
vt 0.00706600 0.07611100
vt 0.00706600 0.07973500
vt 0.00706600 0.08336000
vt 0.00706600 0.08698400
vt 0.00706600 0.09060800
vt 0.00706600 0.09423300
vt 0.00706600 0.09785700
vt 0.00706600 0.10148100
vt 0.00706600 0.10510600
vt 0.00706600 0.10873000
vt 0.00706600 0.11235400
vt 0.00706600 0.11597900
vt 0.00706600 0.11960300
vt 0.00706600 0.12322700
vt 0.00706600 0.12685200
vt 0.00706600 0.13047600
vt 0.00706600 0.13410000
vt 0.00706600 0.13772500
vt 0.00706600 0.14134900
vt 0.00706600 0.14497300
vt 0.00706600 0.14859800
vt 0.00706600 0.15222200
vt 0.00706600 0.15584600
vt 0.00706600 0.15947100
vt 0.00706600 0.16309500
vt 0.00706600 0.16671900
vt 0.00706600 0.17034400
vt 0.00706600 0.17396800
vt 0.00706600 0.17759200
vt 0.00706600 0.18121700
vt 0.00706600 0.18484100
vt 0.00706600 0.18846500
vt 0.00706600 0.19209000
vt 0.00706600 0.19571400
vt 0.00706600 0.19933800
vt 0.00706600 0.20296300
vt 0.00706600 0.20658700
vt 0.00706600 0.21021100
vt 0.00706600 0.21383600
vt 0.00706600 0.21746000
vt 0.00706600 0.22108400
vt 0.00706600 0.22470900
vt 0.00706600 0.22833300
vt 0.00706600 0.23195700
vt 0.00706600 0.23558200
vt 0.00706600 0.23920600
vt 0.00706600 0.24283000
vt 0.00706600 0.24645500
vt 0.00706600 0.25007900
vt 0.00706600 0.25370300
vt 0.00706600 0.25732800
vt 0.00706600 0.26095200
vt 0.00706600 0.26457600
vt 0.00706600 0.26820100
vt 0.00706600 0.27182500
vt 0.00706600 0.27544900
vt 0.00706600 0.27907400
vt 0.00706600 0.28269800
vt 0.00706600 0.28632200
vt 0.00706600 0.28994700
vt 0.00706600 0.29357100
vt 0.00706600 0.29719500
vt 0.00706600 0.30082000
vt 0.00706600 0.30806800
vt 0.00706600 0.31169300
vt 0.00706600 0.31531700
vt 0.00706600 0.31894100
vt 0.00706600 0.32256600
vt 0.00706600 0.32619000
vt 0.00706600 0.32981400
vt 0.00706600 0.33343900
vt 0.00706600 0.33706300
vt 0.00706600 0.34068700
vt 0.00706600 0.34431200
vt 0.00706600 0.34793600
vt 0.00706600 0.35156000
vt 0.00706600 0.35518500
vt 0.00706600 0.35880900
vt 0.00706600 0.36243300
vt 0.00706600 0.36605800
vt 0.00706600 0.36968200
vt 0.00706600 0.37330600
vt 0.00706600 0.37693100
vt 0.00706600 0.38055500
vt 0.00706600 0.38417900
vt 0.00706600 0.38780400
vt 0.00706600 0.39142800
vt 0.00706600 0.39505200
vt 0.00706600 0.39867700
vt 0.00706600 0.40230100
vt 0.00706600 0.40592500
vt 0.00706600 0.40955000
vt 0.00706600 0.41317400
vt 0.00706600 0.41679800
vt 0.00706600 0.42042300
vt 0.00706600 0.42404700
vt 0.00706600 0.42767100
vt 0.00706600 0.43129600
vt 0.00706600 0.43492000
vt 0.00706600 0.43854400
vt 0.00706600 0.44216900
vt 0.00706600 0.44579300
vt 0.00706600 0.44941700
vt 0.00706600 0.45304200
vt 0.00706600 0.45666600
vt 0.00706600 0.46029000
vt 0.00706600 0.46391500
vt 0.00706600 0.46753900
vt 0.00706600 0.47116300
vt 0.00706600 0.47478800
vt 0.00706600 0.47841200
vt 0.00706600 0.48203600
vt 0.00706600 0.48566100
vt 0.00706600 0.48928500
vt 0.00706600 0.49290900
vt 0.00706600 0.49653400
vt 0.00706600 0.50015800
vt 0.00706600 0.50378200
vt 0.00706600 0.50740700
vt 0.00706600 0.51103100
vt 0.00706600 0.51465500
vt 0.00706600 0.51828000
vt 0.00706600 0.52190400
vt 0.00706600 0.52552800
vt 0.00706600 0.52915300
vt 0.00706600 0.53277700
vt 0.00706600 0.53640100
vt 0.00706600 0.54002600
vt 0.00706600 0.54365000
vt 0.00706600 0.54727400
vt 0.00706600 0.55089900
vt 0.00706600 0.55452300
vt 0.00706600 0.55814700
vt 0.00706600 0.56177200
vt 0.00706600 0.56539600
vt 0.00706600 0.56902000
vt 0.00706600 0.57264500
vt 0.00706600 0.57626900
vt 0.00706600 0.57989300
vt 0.00706600 0.58351800
vt 0.00706600 0.58714200
vt 0.00706600 0.59076600
vt 0.00706600 0.59439100
vt 0.00706600 0.59801500
vt 0.00706600 0.60163900
vt 0.00706600 0.60526400
vt 0.00515500 0.60043100
vt 0.00515500 0.59197400
vt 0.00515500 0.58351800
vt 0.00515500 0.57506100
vt 0.00515500 0.56660400
vt 0.00515500 0.55814700
vt 0.00515500 0.54969000
vt 0.00515500 0.54123400
vt 0.00515500 0.53277700
vt 0.00515500 0.52432000
vt 0.00515500 0.51586300
vt 0.00515500 0.50740700
vt 0.00515500 0.49895000
vt 0.00515500 0.49049300
vt 0.00515500 0.48203600
vt 0.00515500 0.47357900
vt 0.00515500 0.46512300
vt 0.00515500 0.45666600
vt 0.00515500 0.44820900
vt 0.00515500 0.43975200
vt 0.00515500 0.43129600
vt 0.00515500 0.42283900
vt 0.00515500 0.41438200
vt 0.00515500 0.40592500
vt 0.00515500 0.39746800
vt 0.00515500 0.38901200
vt 0.00515500 0.38055500
vt 0.00515500 0.37209800
vt 0.00515500 0.36364100
vt 0.00515500 0.35518500
vt 0.00515500 0.34672800
vt 0.00515500 0.33827100
vt 0.00515500 0.32981400
vt 0.00515500 0.32135700
vt 0.00515500 0.31290100
vt 0.00515500 0.29598700
vt 0.00515500 0.28753000
vt 0.00515500 0.27907400
vt 0.00515500 0.27061700
vt 0.00515500 0.26216000
vt 0.00515500 0.25370300
vt 0.00515500 0.24524700
vt 0.00515500 0.23679000
vt 0.00515500 0.22833300
vt 0.00515500 0.21987600
vt 0.00515500 0.21141900
vt 0.00515500 0.20296300
vt 0.00515500 0.19450600
vt 0.00515500 0.18604900
vt 0.00515500 0.17759200
vt 0.00515500 0.16913600
vt 0.00515500 0.16067900
vt 0.00515500 0.15222200
vt 0.00515500 0.14376500
vt 0.00515500 0.13530800
vt 0.00515500 0.12685200
vt 0.00515500 0.11839500
vt 0.00515500 0.10993800
vt 0.00515500 0.10148100
vt 0.00515500 0.09302500
vt 0.00515500 0.08456800
vt 0.00515500 0.07611100
vt 0.00515500 0.06765400
vt 0.00515500 0.05919700
vt 0.00515500 0.05074100
vt 0.00515500 0.04228400
vt 0.00515500 0.03382700
vt 0.00515500 0.02537000
vt 0.00515500 0.01691400
vt 0.00515500 0.00845700
vt 0.00515500 0.00000000
vt 0.00324400 0.00000000
vt 0.00515500 0.30444400
vt 0.00324400 0.30444400
vt 0.00515500 0.60888800
vt 0.00324400 0.60888800
vt 0.00515500 0.00724900
vt 0.00515500 0.01449700
vt 0.00515500 0.02174600
vt 0.00515500 0.02899500
vt 0.00515500 0.03624300
vt 0.00515500 0.04349200
vt 0.00515500 0.05074100
vt 0.00515500 0.05798900
vt 0.00515500 0.06523800
vt 0.00515500 0.07248700
vt 0.00515500 0.07973500
vt 0.00515500 0.08698400
vt 0.00515500 0.09423300
vt 0.00515500 0.10148100
vt 0.00515500 0.10873000
vt 0.00515500 0.11597900
vt 0.00515500 0.12322700
vt 0.00515500 0.13047600
vt 0.00515500 0.13772500
vt 0.00515500 0.14497300
vt 0.00515500 0.15222200
vt 0.00515500 0.15947100
vt 0.00515500 0.16671900
vt 0.00515500 0.17396800
vt 0.00515500 0.18121700
vt 0.00515500 0.18846500
vt 0.00515500 0.19571400
vt 0.00515500 0.20296300
vt 0.00515500 0.21021100
vt 0.00515500 0.21746000
vt 0.00515500 0.22470900
vt 0.00515500 0.23195700
vt 0.00515500 0.23920600
vt 0.00515500 0.24645500
vt 0.00515500 0.25370300
vt 0.00515500 0.26095200
vt 0.00515500 0.26820100
vt 0.00515500 0.27544900
vt 0.00515500 0.28269800
vt 0.00515500 0.28994700
vt 0.00515500 0.29719500
vt 0.00515500 0.31169300
vt 0.00515500 0.31894100
vt 0.00515500 0.32619000
vt 0.00515500 0.33343900
vt 0.00515500 0.34068700
vt 0.00515500 0.34793600
vt 0.00515500 0.35518500
vt 0.00515500 0.36243300
vt 0.00515500 0.36968200
vt 0.00515500 0.37693100
vt 0.00515500 0.38417900
vt 0.00515500 0.39142800
vt 0.00515500 0.39867700
vt 0.00515500 0.40592500
vt 0.00515500 0.41317400
vt 0.00515500 0.42042300
vt 0.00515500 0.42767100
vt 0.00515500 0.43492000
vt 0.00515500 0.44216900
vt 0.00515500 0.44941700
vt 0.00515500 0.45666600
vt 0.00515500 0.46391500
vt 0.00515500 0.47116300
vt 0.00515500 0.47841200
vt 0.00515500 0.48566100
vt 0.00515500 0.49290900
vt 0.00515500 0.50015800
vt 0.00515500 0.50740700
vt 0.00515500 0.51465500
vt 0.00515500 0.52190400
vt 0.00515500 0.52915300
vt 0.00515500 0.53640100
vt 0.00515500 0.54365000
vt 0.00515500 0.55089900
vt 0.00515500 0.55814700
vt 0.00515500 0.56539600
vt 0.00515500 0.57264500
vt 0.00515500 0.57989300
vt 0.00515500 0.58714200
vt 0.00515500 0.59439100
vt 0.00515500 0.60163900
vt 0.00324400 0.60043100
vt 0.00324400 0.59197400
vt 0.00324400 0.58351800
vt 0.00324400 0.57506100
vt 0.00324400 0.56660400
vt 0.00324400 0.55814700
vt 0.00324400 0.54969000
vt 0.00324400 0.54123400
vt 0.00324400 0.53277700
vt 0.00324400 0.52432000
vt 0.00324400 0.51586300
vt 0.00324400 0.50740700
vt 0.00324400 0.49895000
vt 0.00324400 0.49049300
vt 0.00324400 0.48203600
vt 0.00324400 0.47357900
vt 0.00324400 0.46512300
vt 0.00324400 0.45666600
vt 0.00324400 0.44820900
vt 0.00324400 0.43975200
vt 0.00324400 0.43129600
vt 0.00324400 0.42283900
vt 0.00324400 0.41438200
vt 0.00324400 0.40592500
vt 0.00324400 0.39746800
vt 0.00324400 0.38901200
vt 0.00324400 0.38055500
vt 0.00324400 0.37209800
vt 0.00324400 0.36364100
vt 0.00324400 0.35518500
vt 0.00324400 0.34672800
vt 0.00324400 0.33827100
vt 0.00324400 0.32981400
vt 0.00324400 0.32135700
vt 0.00324400 0.31290100
vt 0.00324400 0.29598700
vt 0.00324400 0.28753000
vt 0.00324400 0.27907400
vt 0.00324400 0.27061700
vt 0.00324400 0.26216000
vt 0.00324400 0.25370300
vt 0.00324400 0.24524700
vt 0.00324400 0.23679000
vt 0.00324400 0.22833300
vt 0.00324400 0.21987600
vt 0.00324400 0.21141900
vt 0.00324400 0.20296300
vt 0.00324400 0.19450600
vt 0.00324400 0.18604900
vt 0.00324400 0.17759200
vt 0.00324400 0.16913600
vt 0.00324400 0.16067900
vt 0.00324400 0.15222200
vt 0.00324400 0.14376500
vt 0.00324400 0.13530800
vt 0.00324400 0.12685200
vt 0.00324400 0.11839500
vt 0.00324400 0.10993800
vt 0.00324400 0.10148100
vt 0.00324400 0.09302500
vt 0.00324400 0.08456800
vt 0.00324400 0.07611100
vt 0.00324400 0.06765400
vt 0.00324400 0.05919700
vt 0.00324400 0.05074100
vt 0.00324400 0.04228400
vt 0.00324400 0.03382700
vt 0.00324400 0.02537000
vt 0.00324400 0.01691400
vt 0.00324400 0.00845700
vt 0.05796600 0.00000000
vt 0.04298000 0.00000000
vt 0.05796600 0.33026500
vt 0.05796600 0.66052900
vt 0.04298000 0.66052900
vt 0.05796600 0.00917400
vt 0.05796600 0.01834800
vt 0.05796600 0.02752200
vt 0.05796600 0.03669600
vt 0.05796600 0.04587000
vt 0.05796600 0.05504400
vt 0.05796600 0.06421800
vt 0.05796600 0.07339200
vt 0.05796600 0.08256600
vt 0.05796600 0.09174000
vt 0.05796600 0.10091400
vt 0.05796600 0.11008800
vt 0.05796600 0.11926200
vt 0.05796600 0.12843600
vt 0.05796600 0.13761000
vt 0.05796600 0.14678400
vt 0.05796600 0.15595800
vt 0.05796600 0.16513200
vt 0.05796600 0.17430600
vt 0.05796600 0.18348000
vt 0.05796600 0.19265400
vt 0.05796600 0.20182800
vt 0.05796600 0.21100200
vt 0.05796600 0.22017600
vt 0.05796600 0.22935000
vt 0.05796600 0.23852400
vt 0.05796600 0.24769800
vt 0.05796600 0.25687300
vt 0.05796600 0.26604700
vt 0.05796600 0.27522100
vt 0.05796600 0.28439500
vt 0.05796600 0.29356900
vt 0.05796600 0.30274300
vt 0.05796600 0.31191700
vt 0.05796600 0.32109100
vt 0.05796600 0.33943900
vt 0.05796600 0.34861300
vt 0.05796600 0.35778700
vt 0.05796600 0.36696100
vt 0.05796600 0.37613500
vt 0.05796600 0.38530900
vt 0.05796600 0.39448300
vt 0.05796600 0.40365700
vt 0.05796600 0.41283100
vt 0.05796600 0.42200500
vt 0.05796600 0.43117900
vt 0.05796600 0.44035300
vt 0.05796600 0.44952700
vt 0.05796600 0.45870100
vt 0.05796600 0.46787500
vt 0.05796600 0.47704900
vt 0.05796600 0.48622300
vt 0.05796600 0.49539700
vt 0.05796600 0.50457100
vt 0.05796600 0.51374500
vt 0.05796600 0.52291900
vt 0.05796600 0.53209300
vt 0.05796600 0.54126700
vt 0.05796600 0.55044100
vt 0.05796600 0.55961500
vt 0.05796600 0.56878900
vt 0.05796600 0.57796300
vt 0.05796600 0.58713700
vt 0.05796600 0.59631100
vt 0.05796600 0.60548500
vt 0.05796600 0.61465900
vt 0.05796600 0.62383300
vt 0.05796600 0.63300700
vt 0.05796600 0.64218100
vt 0.05796600 0.65135500
vt 0.04298000 0.65880600
vt 0.04298000 0.64508100
vt 0.04298000 0.63135600
vt 0.04298000 0.61763100
vt 0.04298000 0.60390600
vt 0.04298000 0.59018000
vt 0.04298000 0.57645500
vt 0.04298000 0.56273000
vt 0.04298000 0.54900500
vt 0.04298000 0.53528000
vt 0.04298000 0.52155500
vt 0.04298000 0.50783000
vt 0.04298000 0.49410500
vt 0.04298000 0.48037900
vt 0.04298000 0.46665400
vt 0.04298000 0.45292900
vt 0.04298000 0.43920400
vt 0.04298000 0.42547900
vt 0.04298000 0.41175400
vt 0.04298000 0.39802900
vt 0.04298000 0.38430400
vt 0.04298000 0.37057800
vt 0.04298000 0.35685300
vt 0.04298000 0.34312800
vt 0.04298000 0.32940300
vt 0.04298000 0.31567800
vt 0.04298000 0.30195300
vt 0.04298000 0.28822800
vt 0.04298000 0.27450300
vt 0.04298000 0.26077700
vt 0.04298000 0.24705200
vt 0.04298000 0.23332700
vt 0.04298000 0.21960200
vt 0.04298000 0.20587700
vt 0.04298000 0.19215200
vt 0.04298000 0.17842700
vt 0.04298000 0.16470200
vt 0.04298000 0.15097600
vt 0.04298000 0.13725100
vt 0.04298000 0.12352600
vt 0.04298000 0.10980100
vt 0.04298000 0.09607600
vt 0.04298000 0.08235100
vt 0.04298000 0.06862600
vt 0.04298000 0.05490100
vt 0.04298000 0.04117500
vt 0.04298000 0.02745000
vt 0.04298000 0.01372500
vt 0.05047300 0.66052900
vt 0.05047300 0.65096100
vt 0.04672600 0.65096100
vt 0.05047300 0.65574500
vt 0.04672600 0.65574500
vt 0.05047300 0.00000000
vt 0.04151500 0.00000000
vt 0.02652800 0.00000000
vt 0.04151500 0.33026500
vt 0.04151500 0.66052900
vt 0.02652800 0.66052900
vt 0.04151500 0.00917400
vt 0.04151500 0.01834800
vt 0.04151500 0.02752200
vt 0.04151500 0.03669600
vt 0.04151500 0.04587000
vt 0.04151500 0.05504400
vt 0.04151500 0.06421800
vt 0.04151500 0.07339200
vt 0.04151500 0.08256600
vt 0.04151500 0.09174000
vt 0.04151500 0.10091400
vt 0.04151500 0.11008800
vt 0.04151500 0.11926200
vt 0.04151500 0.12843600
vt 0.04151500 0.13761000
vt 0.04151500 0.14678400
vt 0.04151500 0.15595800
vt 0.04151500 0.16513200
vt 0.04151500 0.17430600
vt 0.04151500 0.18348000
vt 0.04151500 0.19265400
vt 0.04151500 0.20182800
vt 0.04151500 0.21100200
vt 0.04151500 0.22017600
vt 0.04151500 0.22935000
vt 0.04151500 0.23852400
vt 0.04151500 0.24769800
vt 0.04151500 0.25687300
vt 0.04151500 0.26604700
vt 0.04151500 0.27522100
vt 0.04151500 0.28439500
vt 0.04151500 0.29356900
vt 0.04151500 0.30274300
vt 0.04151500 0.31191700
vt 0.04151500 0.32109100
vt 0.04151500 0.33943900
vt 0.04151500 0.34861300
vt 0.04151500 0.35778700
vt 0.04151500 0.36696100
vt 0.04151500 0.37613500
vt 0.04151500 0.38530900
vt 0.04151500 0.39448300
vt 0.04151500 0.40365700
vt 0.04151500 0.41283100
vt 0.04151500 0.42200500
vt 0.04151500 0.43117900
vt 0.04151500 0.44035300
vt 0.04151500 0.44952700
vt 0.04151500 0.45870100
vt 0.04151500 0.46787500
vt 0.04151500 0.47704900
vt 0.04151500 0.48622300
vt 0.04151500 0.49539700
vt 0.04151500 0.50457100
vt 0.04151500 0.51374500
vt 0.04151500 0.52291900
vt 0.04151500 0.53209300
vt 0.04151500 0.54126700
vt 0.04151500 0.55044100
vt 0.04151500 0.55961500
vt 0.04151500 0.56878900
vt 0.04151500 0.57796300
vt 0.04151500 0.58713700
vt 0.04151500 0.59631100
vt 0.04151500 0.60548500
vt 0.04151500 0.61465900
vt 0.04151500 0.62383300
vt 0.04151500 0.63300700
vt 0.04151500 0.64218100
vt 0.04151500 0.65135500
vt 0.03402200 0.00000000
vt 0.03402200 0.66052900
vt 0.02652800 0.65880600
vt 0.02652800 0.64508100
vt 0.02652800 0.63135600
vt 0.02652800 0.61763100
vt 0.02652800 0.60390600
vt 0.02652800 0.59018000
vt 0.02652800 0.57645500
vt 0.02652800 0.56273000
vt 0.02652800 0.54900500
vt 0.02652800 0.53528000
vt 0.02652800 0.52155500
vt 0.02652800 0.50783000
vt 0.02652800 0.49410500
vt 0.02652800 0.48037900
vt 0.02652800 0.46665400
vt 0.02652800 0.45292900
vt 0.02652800 0.43920400
vt 0.02652800 0.42547900
vt 0.02652800 0.41175400
vt 0.02652800 0.39802900
vt 0.02652800 0.38430400
vt 0.02652800 0.37057800
vt 0.02652800 0.35685300
vt 0.02652800 0.34312800
vt 0.02652800 0.32940300
vt 0.02652800 0.31567800
vt 0.02652800 0.30195300
vt 0.02652800 0.28822800
vt 0.02652800 0.27450300
vt 0.02652800 0.26077700
vt 0.02652800 0.24705200
vt 0.02652800 0.23332700
vt 0.02652800 0.21960200
vt 0.02652800 0.20587700
vt 0.02652800 0.19215200
vt 0.02652800 0.17842700
vt 0.02652800 0.16470200
vt 0.02652800 0.15097600
vt 0.02652800 0.13725100
vt 0.02652800 0.12352600
vt 0.02652800 0.10980100
vt 0.02652800 0.09607600
vt 0.02652800 0.08235100
vt 0.02652800 0.06862600
vt 0.02652800 0.05490100
vt 0.02652800 0.04117500
vt 0.02652800 0.02745000
vt 0.02652800 0.01372500
vt 0.03402200 0.65096100
vt 0.03027500 0.65096100
vt 0.03402200 0.65574500
vt 0.03027500 0.65574500
vt 0.47598900 0.01219200
vt 0.46227400 0.01263900
vt 0.44861700 0.01397600
vt 0.43507700 0.01619800
vt 0.42171100 0.01929600
vt 0.40857600 0.02325600
vt 0.39572900 0.02806200
vt 0.38322400 0.03369300
vt 0.37111300 0.04012500
vt 0.35945000 0.04733000
vt 0.34828300 0.05527900
vt 0.33766000 0.06393700
vt 0.32762600 0.07326700
vt 0.31822400 0.08322900
vt 0.30949400 0.09378200
vt 0.30147300 0.10487900
vt 0.29419600 0.11647500
vt 0.28769400 0.12851900
vt 0.28199300 0.14096000
vt 0.27711900 0.15374500
vt 0.27309200 0.16682000
vt 0.26992900 0.18012900
vt 0.26764400 0.19361600
vt 0.26624600 0.20722200
vt 0.26574200 0.22089000
vt 0.26613400 0.23456100
vt 0.26742000 0.24817800
vt 0.26959400 0.26168200
vt 0.27264700 0.27501700
vt 0.27656600 0.28812400
vt 0.28133500 0.30094900
vt 0.28693300 0.31343600
vt 0.29333700 0.32553300
vt 0.30051800 0.33718700
vt 0.30844700 0.34835000
vt 0.31709000 0.35897400
vt 0.32641000 0.36901300
vt 0.33636700 0.37842500
vt 0.34691900 0.38716900
vt 0.35802000 0.39520900
vt 0.36962400 0.40250900
vt 0.38168100 0.40904000
vt 0.39413900 0.41477200
vt 0.40694700 0.41968300
vt 0.42004800 0.42375000
vt 0.43338800 0.42695700
vt 0.44691000 0.42929000
vt 0.46055500 0.43073900
vt 0.47426600 0.43129700
vt 0.47598900 0.43130400
vt 0.47598900 0.00000000
vt 0.47598900 0.44349600
vt 0.48970300 0.43085800
vt 0.50336000 0.42952000
vt 0.51690000 0.42729800
vt 0.53026600 0.42420000
vt 0.54340100 0.42024000
vt 0.55624800 0.41543400
vt 0.56875400 0.40980400
vt 0.58086400 0.40337200
vt 0.59252700 0.39616600
vt 0.60369400 0.38821800
vt 0.61431700 0.37956000
vt 0.62435100 0.37023000
vt 0.63375300 0.36026700
vt 0.64248300 0.34971400
vt 0.65050400 0.33861700
vt 0.65778100 0.32702100
vt 0.66428400 0.31497800
vt 0.66998400 0.30253600
vt 0.67485800 0.28975100
vt 0.67888500 0.27667600
vt 0.68204800 0.26336700
vt 0.68433300 0.24988100
vt 0.68573100 0.23627500
vt 0.68623500 0.22260700
vt 0.68584300 0.20893500
vt 0.68455800 0.19531800
vt 0.68238300 0.18181400
vt 0.67933000 0.16847900
vt 0.67541100 0.15537200
vt 0.67064200 0.14254700
vt 0.66504400 0.13006000
vt 0.65864000 0.11796300
vt 0.65145900 0.10630900
vt 0.64353000 0.09514600
vt 0.63488700 0.08452300
vt 0.62556700 0.07448300
vt 0.61561000 0.06507200
vt 0.60505900 0.05632700
vt 0.59395700 0.04828800
vt 0.58235400 0.04098700
vt 0.57029700 0.03445700
vt 0.55783800 0.02872400
vt 0.54503000 0.02381300
vt 0.53192900 0.01974600
vt 0.51858900 0.01653900
vt 0.50506700 0.01420600
vt 0.49142200 0.01275800
vt 0.47771200 0.01219900
vt 0.45936300 0.44287600
vt 0.44283000 0.44102000
vt 0.42648200 0.43793700
vt 0.41041100 0.43364500
vt 0.39470700 0.42816800
vt 0.37945800 0.42153600
vt 0.36474800 0.41378800
vt 0.35066100 0.40496500
vt 0.33727400 0.39511800
vt 0.32466300 0.38430100
vt 0.31289900 0.37257500
vt 0.30204600 0.36000600
vt 0.29216700 0.34666300
vt 0.28331500 0.33262200
vt 0.27554100 0.31796100
vt 0.26888700 0.30276200
vt 0.26339200 0.28711000
vt 0.25908600 0.27109200
vt 0.25599300 0.25479800
vt 0.25413000 0.23831900
vt 0.25350800 0.22174800
vt 0.25413000 0.20517700
vt 0.25599300 0.18869800
vt 0.25908600 0.17240500
vt 0.26339200 0.15638700
vt 0.26888700 0.14073400
vt 0.27554100 0.12553500
vt 0.28331500 0.11087400
vt 0.29216700 0.09683300
vt 0.30204600 0.08349000
vt 0.31289900 0.07092100
vt 0.32466300 0.05919500
vt 0.33727400 0.04837800
vt 0.35066100 0.03853100
vt 0.36474800 0.02970900
vt 0.37945800 0.02196000
vt 0.39470700 0.01532900
vt 0.41041100 0.00985200
vt 0.42648200 0.00556000
vt 0.44283000 0.00247700
vt 0.45936300 0.00062000
vt 0.49261500 0.00062000
vt 0.50914800 0.00247700
vt 0.52549500 0.00556000
vt 0.54156600 0.00985200
vt 0.55727000 0.01532900
vt 0.57251900 0.02196000
vt 0.58722900 0.02970900
vt 0.60131600 0.03853100
vt 0.61470300 0.04837800
vt 0.62731400 0.05919500
vt 0.63907800 0.07092100
vt 0.64993100 0.08349000
vt 0.65981100 0.09683300
vt 0.66866200 0.11087400
vt 0.67643700 0.12553500
vt 0.68309000 0.14073400
vt 0.68858500 0.15638700
vt 0.69289100 0.17240500
vt 0.69598400 0.18869800
vt 0.69784700 0.20517700
vt 0.69846900 0.22174800
vt 0.69784700 0.23831900
vt 0.69598400 0.25479800
vt 0.69289100 0.27109200
vt 0.68858500 0.28711000
vt 0.68309000 0.30276200
vt 0.67643700 0.31796100
vt 0.66866200 0.33262200
vt 0.65981100 0.34666300
vt 0.64993100 0.36000600
vt 0.63907800 0.37257500
vt 0.62731400 0.38430100
vt 0.61470300 0.39511800
vt 0.60131600 0.40496500
vt 0.58722900 0.41378800
vt 0.57251900 0.42153600
vt 0.55727000 0.42816800
vt 0.54156600 0.43364500
vt 0.52549500 0.43793700
vt 0.50914800 0.44102000
vt 0.49261500 0.44287600
vt 0.01533200 0.00000000
vt 0.00706600 0.00000000
vt 0.01533200 0.36028900
vt 0.01533200 0.72057700
vt 0.00706600 0.72057700
vt 0.00706600 0.70382000
vt 0.00706600 0.68706200
vt 0.00706600 0.67030500
vt 0.00706600 0.65354700
vt 0.00706600 0.63678900
vt 0.00706600 0.62003200
vt 0.00706600 0.60327400
vt 0.00706600 0.58651600
vt 0.00706600 0.56975900
vt 0.00706600 0.55300100
vt 0.00706600 0.53624400
vt 0.00706600 0.51948600
vt 0.00706600 0.50272800
vt 0.00706600 0.48597100
vt 0.00706600 0.46921300
vt 0.00706600 0.45245600
vt 0.00706600 0.43569800
vt 0.00706600 0.41894000
vt 0.00706600 0.40218300
vt 0.00706600 0.38542500
vt 0.00706600 0.36866700
vt 0.00706600 0.35191000
vt 0.00706600 0.33515200
vt 0.00706600 0.31839500
vt 0.00706600 0.30163700
vt 0.00706600 0.28487900
vt 0.00706600 0.26812200
vt 0.00706600 0.25136400
vt 0.00706600 0.23460700
vt 0.00706600 0.21784900
vt 0.00706600 0.20109100
vt 0.00706600 0.18433400
vt 0.00706600 0.16757600
vt 0.00706600 0.15081900
vt 0.00706600 0.13406100
vt 0.00706600 0.11730300
vt 0.00706600 0.10054600
vt 0.00706600 0.08378800
vt 0.00706600 0.06703000
vt 0.00706600 0.05027300
vt 0.00706600 0.03351500
vt 0.00706600 0.01675800
vt 0.01533200 0.01715700
vt 0.01533200 0.03431300
vt 0.01533200 0.05147000
vt 0.01533200 0.06862600
vt 0.01533200 0.08578300
vt 0.01533200 0.10294000
vt 0.01533200 0.12009600
vt 0.01533200 0.13725300
vt 0.01533200 0.15440900
vt 0.01533200 0.17156600
vt 0.01533200 0.18872300
vt 0.01533200 0.20587900
vt 0.01533200 0.22303600
vt 0.01533200 0.24019200
vt 0.01533200 0.25734900
vt 0.01533200 0.27450600
vt 0.01533200 0.29166200
vt 0.01533200 0.30881900
vt 0.01533200 0.32597500
vt 0.01533200 0.34313200
vt 0.01533200 0.37744500
vt 0.01533200 0.39460200
vt 0.01533200 0.41175900
vt 0.01533200 0.42891500
vt 0.01533200 0.44607200
vt 0.01533200 0.46322800
vt 0.01533200 0.48038500
vt 0.01533200 0.49754200
vt 0.01533200 0.51469800
vt 0.01533200 0.53185500
vt 0.01533200 0.54901100
vt 0.01533200 0.56616800
vt 0.01533200 0.58332500
vt 0.01533200 0.60048100
vt 0.01533200 0.61763800
vt 0.01533200 0.63479400
vt 0.01533200 0.65195100
vt 0.01533200 0.66910800
vt 0.01533200 0.68626400
vt 0.01533200 0.70342100
vt 0.01119900 0.02437900
vt 0.01119900 0.07009800
vt 0.01119900 0.09295800
vt 0.01119900 0.13793900
vt 0.01119900 0.11570400
vt 0.01119900 0.16017400
vt 0.01119900 0.18240900
vt 0.01119900 0.20464400
vt 0.01119900 0.22687900
vt 0.01119900 0.27134900
vt 0.01119900 0.24911400
vt 0.01119900 0.29358400
vt 0.01119900 0.31581900
vt 0.01119900 0.33941300
vt 0.01119900 0.36028900
vt 0.01119900 0.38466800
vt 0.01119900 0.40752700
vt 0.01119900 0.45324600
vt 0.01119900 0.43038700
vt 0.01119900 0.47599300
vt 0.01119900 0.49822800
vt 0.01119900 0.52046300
vt 0.01119900 0.54269800
vt 0.01119900 0.56493300
vt 0.01119900 0.58716800
vt 0.01119900 0.63163800
vt 0.01119900 0.60940300
vt 0.01119900 0.65387300
vt 0.01119900 0.67610800
vt 0.01119900 0.69970200
vt 0.02506300 0.00000000
vt 0.01679700 0.00000000
vt 0.02506300 0.36028900
vt 0.01679700 0.36028900
vt 0.02506300 0.72057700
vt 0.01679700 0.72057700
vt 0.02506300 0.01715700
vt 0.02506300 0.03431300
vt 0.02506300 0.05147000
vt 0.02506300 0.06862600
vt 0.02506300 0.08578300
vt 0.02506300 0.10294000
vt 0.02506300 0.12009600
vt 0.02506300 0.13725300
vt 0.02506300 0.15440900
vt 0.02506300 0.17156600
vt 0.02506300 0.18872300
vt 0.02506300 0.20587900
vt 0.02506300 0.22303600
vt 0.02506300 0.24019200
vt 0.02506300 0.25734900
vt 0.02506300 0.27450600
vt 0.02506300 0.29166200
vt 0.02506300 0.30881900
vt 0.02506300 0.32597500
vt 0.02506300 0.34313200
vt 0.02506300 0.37744500
vt 0.02506300 0.39460200
vt 0.02506300 0.41175900
vt 0.02506300 0.42891500
vt 0.02506300 0.44607200
vt 0.02506300 0.46322800
vt 0.02506300 0.48038500
vt 0.02506300 0.49754200
vt 0.02506300 0.51469800
vt 0.02506300 0.53185500
vt 0.02506300 0.54901100
vt 0.02506300 0.56616800
vt 0.02506300 0.58332500
vt 0.02506300 0.60048100
vt 0.02506300 0.61763800
vt 0.02506300 0.63479400
vt 0.02506300 0.65195100
vt 0.02506300 0.66910800
vt 0.02506300 0.68626400
vt 0.02506300 0.70342100
vt 0.01679700 0.70931800
vt 0.01679700 0.69805900
vt 0.01679700 0.68680000
vt 0.01679700 0.67554100
vt 0.01679700 0.66428200
vt 0.01679700 0.65302300
vt 0.01679700 0.64176400
vt 0.01679700 0.63050500
vt 0.01679700 0.61924600
vt 0.01679700 0.60798700
vt 0.01679700 0.59672800
vt 0.01679700 0.58546900
vt 0.01679700 0.57421000
vt 0.01679700 0.56295100
vt 0.01679700 0.55169200
vt 0.01679700 0.54043300
vt 0.01679700 0.52917400
vt 0.01679700 0.51791500
vt 0.01679700 0.50665600
vt 0.01679700 0.49539700
vt 0.01679700 0.48413800
vt 0.01679700 0.47287900
vt 0.01679700 0.46162000
vt 0.01679700 0.45036100
vt 0.01679700 0.43910200
vt 0.01679700 0.42784300
vt 0.01679700 0.41658400
vt 0.01679700 0.40532500
vt 0.01679700 0.39406600
vt 0.01679700 0.38280700
vt 0.01679700 0.37154800
vt 0.01679700 0.34903000
vt 0.01679700 0.33777100
vt 0.01679700 0.32651200
vt 0.01679700 0.31525300
vt 0.01679700 0.30399400
vt 0.01679700 0.29273500
vt 0.01679700 0.28147600
vt 0.01679700 0.27021700
vt 0.01679700 0.25895700
vt 0.01679700 0.24769800
vt 0.01679700 0.23643900
vt 0.01679700 0.22518000
vt 0.01679700 0.21392100
vt 0.01679700 0.20266200
vt 0.01679700 0.19140300
vt 0.01679700 0.18014400
vt 0.01679700 0.16888500
vt 0.01679700 0.15762600
vt 0.01679700 0.14636700
vt 0.01679700 0.13510800
vt 0.01679700 0.12384900
vt 0.01679700 0.11259000
vt 0.01679700 0.10133100
vt 0.01679700 0.09007200
vt 0.01679700 0.07881300
vt 0.01679700 0.06755400
vt 0.01679700 0.05629500
vt 0.01679700 0.04503600
vt 0.01679700 0.03377700
vt 0.01679700 0.02251800
vt 0.01679700 0.01125900
vt 0.25350800 0.80592300
vt 0.25350800 0.99853500
vt 0.27783700 0.90222900
vt 0.30065000 0.90222900
vt 0.32346400 0.90222900
vt 0.34627700 0.90222900
vt 0.36897700 0.90222900
vt 0.39116700 0.90222900
vt 0.41335700 0.90222900
vt 0.43554600 0.90222900
vt 0.45773600 0.90222900
vt 0.47992600 0.90222900
vt 0.50211600 0.90222900
vt 0.52430500 0.90222900
vt 0.54649500 0.90222900
vt 0.56868500 0.90222900
vt 0.59223100 0.90222900
vt 0.61306400 0.90222900
vt 0.63739400 0.90222900
vt 0.66020700 0.90222900
vt 0.68302000 0.90222900
vt 0.70583300 0.90222900
vt 0.72853400 0.90222900
vt 0.75072300 0.90222900
vt 0.77291300 0.90222900
vt 0.79510300 0.90222900
vt 0.81729200 0.90222900
vt 0.83948200 0.90222900
vt 0.86167200 0.90222900
vt 0.88386200 0.90222900
vt 0.90605100 0.90222900
vt 0.92824100 0.90222900
vt 0.95178800 0.90222900
vt 0.97262100 0.99853500
vt 0.95589700 0.99853500
vt 0.93917300 0.99853500
vt 0.92245000 0.99853500
vt 0.90572600 0.99853500
vt 0.88900300 0.99853500
vt 0.87227900 0.99853500
vt 0.85555600 0.99853500
vt 0.83883200 0.99853500
vt 0.82210900 0.99853500
vt 0.80538500 0.99853500
vt 0.78866200 0.99853500
vt 0.77193800 0.99853500
vt 0.75521400 0.99853500
vt 0.73849100 0.99853500
vt 0.72176700 0.99853500
vt 0.70504400 0.99853500
vt 0.68832000 0.99853500
vt 0.67159700 0.99853500
vt 0.65487300 0.99853500
vt 0.63815000 0.99853500
vt 0.62142600 0.99853500
vt 0.60470200 0.99853500
vt 0.58797900 0.99853500
vt 0.57125500 0.99853500
vt 0.55453200 0.99853500
vt 0.53780800 0.99853500
vt 0.52108500 0.99853500
vt 0.50436100 0.99853500
vt 0.48763800 0.99853500
vt 0.47091400 0.99853500
vt 0.45419100 0.99853500
vt 0.43746700 0.99853500
vt 0.42074300 0.99853500
vt 0.40402000 0.99853500
vt 0.38729600 0.99853500
vt 0.37057300 0.99853500
vt 0.35384900 0.99853500
vt 0.33712600 0.99853500
vt 0.32040200 0.99853500
vt 0.30367900 0.99853500
vt 0.28695500 0.99853500
vt 0.27023200 0.99853500
vt 0.95178800 0.95038200
vt 0.96220400 0.90222900
vt 0.96220400 0.95038200
vt 0.92824100 0.95038200
vt 0.94001400 0.90222900
vt 0.94001400 0.95038200
vt 0.90605100 0.95038200
vt 0.91714600 0.90222900
vt 0.91714600 0.95038200
vt 0.88386200 0.95038200
vt 0.89495600 0.90222900
vt 0.89495600 0.95038200
vt 0.86167200 0.95038200
vt 0.87276700 0.90222900
vt 0.87276700 0.95038200
vt 0.83948200 0.95038200
vt 0.85057700 0.90222900
vt 0.85057700 0.95038200
vt 0.81729200 0.95038200
vt 0.82838700 0.90222900
vt 0.82838700 0.95038200
vt 0.79510300 0.95038200
vt 0.80619800 0.90222900
vt 0.80619800 0.95038200
vt 0.77291300 0.95038200
vt 0.78400800 0.90222900
vt 0.78400800 0.95038200
vt 0.75072300 0.95038200
vt 0.76181800 0.90222900
vt 0.76181800 0.95038200
vt 0.72853400 0.95038200
vt 0.73962800 0.90222900
vt 0.73962800 0.95038200
vt 0.70583300 0.95038200
vt 0.71718300 0.90222900
vt 0.71718300 0.95038200
vt 0.68302000 0.95038200
vt 0.69442600 0.90222900
vt 0.69442600 0.95038200
vt 0.66020700 0.95038200
vt 0.67161300 0.90222900
vt 0.67161300 0.95038200
vt 0.63739400 0.95038200
vt 0.64880000 0.90222900
vt 0.64880000 0.95038200
vt 0.61306400 0.95038200
vt 0.62522900 0.90222900
vt 0.62522900 0.95038200
vt 0.59223100 0.95038200
vt 0.60264800 0.90222900
vt 0.60264800 0.95038200
vt 0.56868500 0.95038200
vt 0.58045800 0.90222900
vt 0.58045800 0.95038200
vt 0.54649500 0.95038200
vt 0.55759000 0.90222900
vt 0.55759000 0.95038200
vt 0.52430500 0.95038200
vt 0.53540000 0.90222900
vt 0.53540000 0.95038200
vt 0.50211600 0.95038200
vt 0.51321000 0.90222900
vt 0.51321000 0.95038200
vt 0.47992600 0.95038200
vt 0.49102100 0.90222900
vt 0.49102100 0.95038200
vt 0.45773600 0.95038200
vt 0.46883100 0.90222900
vt 0.46883100 0.95038200
vt 0.43554600 0.95038200
vt 0.44664100 0.90222900
vt 0.44664100 0.95038200
vt 0.41335700 0.95038200
vt 0.42445200 0.90222900
vt 0.42445200 0.95038200
vt 0.39116700 0.95038200
vt 0.40226200 0.90222900
vt 0.40226200 0.95038200
vt 0.36897700 0.95038200
vt 0.38007200 0.90222900
vt 0.38007200 0.95038200
vt 0.34627700 0.95038200
vt 0.35762700 0.90222900
vt 0.35762700 0.95038200
vt 0.32346400 0.95038200
vt 0.33487000 0.90222900
vt 0.33487000 0.95038200
vt 0.30065000 0.95038200
vt 0.31205700 0.90222900
vt 0.31205700 0.95038200
vt 0.27783700 0.95038200
vt 0.28924400 0.90222900
vt 0.28924400 0.95038200
vt 0.26567300 0.90222900
vt 0.26567300 0.95038200
vt 0.97262100 0.80592300
vt 0.97262100 0.87012700
vt 0.97262100 0.93433100
vt 0.25350800 0.93433100
vt 0.25350800 0.87012700
vt 0.28946400 0.80592300
vt 0.32541900 0.80592300
vt 0.36137500 0.80592300
vt 0.39733100 0.80592300
vt 0.43328600 0.80592300
vt 0.46924200 0.80592300
vt 0.50519700 0.80592300
vt 0.54115300 0.80592300
vt 0.57710900 0.80592300
vt 0.61306400 0.80592300
vt 0.64902000 0.80592300
vt 0.68497600 0.80592300
vt 0.72093100 0.80592300
vt 0.75688700 0.80592300
vt 0.79284200 0.80592300
vt 0.82879800 0.80592300
vt 0.86475400 0.80592300
vt 0.90070900 0.80592300
vt 0.93666500 0.80592300
vt 0.25204300 0.00000000
vt 0.05943100 0.00000000
vt 0.15573700 0.02437900
vt 0.15573700 0.04723800
vt 0.15573700 0.07009800
vt 0.15573700 0.09295800
vt 0.15573700 0.11570400
vt 0.15573700 0.13793900
vt 0.15573700 0.16017400
vt 0.15573700 0.18240900
vt 0.15573700 0.20464400
vt 0.15573700 0.22687900
vt 0.15573700 0.24911400
vt 0.15573700 0.27134900
vt 0.15573700 0.29358400
vt 0.15573700 0.31581900
vt 0.15573700 0.33941300
vt 0.15573700 0.36028900
vt 0.05943100 0.36028900
vt 0.15573700 0.38466800
vt 0.15573700 0.40752700
vt 0.15573700 0.43038700
vt 0.15573700 0.45324600
vt 0.15573700 0.47599300
vt 0.15573700 0.49822800
vt 0.15573700 0.52046300
vt 0.15573700 0.54269800
vt 0.15573700 0.56493300
vt 0.15573700 0.58716800
vt 0.15573700 0.60940300
vt 0.15573700 0.63163800
vt 0.15573700 0.65387300
vt 0.15573700 0.67610800
vt 0.15573700 0.69970200
vt 0.05943100 0.72057700
vt 0.05943100 0.70931800
vt 0.05943100 0.69805900
vt 0.05943100 0.68680000
vt 0.05943100 0.67554100
vt 0.05943100 0.66428200
vt 0.05943100 0.65302300
vt 0.05943100 0.64176400
vt 0.05943100 0.63050500
vt 0.05943100 0.61924600
vt 0.05943100 0.60798700
vt 0.05943100 0.59672800
vt 0.05943100 0.58546900
vt 0.05943100 0.57421000
vt 0.05943100 0.56295100
vt 0.05943100 0.55169200
vt 0.05943100 0.54043300
vt 0.05943100 0.52917400
vt 0.05943100 0.51791500
vt 0.05943100 0.50665600
vt 0.05943100 0.49539700
vt 0.05943100 0.48413800
vt 0.05943100 0.47287900
vt 0.05943100 0.46162000
vt 0.05943100 0.45036100
vt 0.05943100 0.43910200
vt 0.05943100 0.42784300
vt 0.05943100 0.41658400
vt 0.05943100 0.40532500
vt 0.05943100 0.39406600
vt 0.05943100 0.38280700
vt 0.05943100 0.37154800
vt 0.05943100 0.34903000
vt 0.05943100 0.33777100
vt 0.05943100 0.32651200
vt 0.05943100 0.31525300
vt 0.05943100 0.30399400
vt 0.05943100 0.29273500
vt 0.05943100 0.28147600
vt 0.05943100 0.27021700
vt 0.05943100 0.25895700
vt 0.05943100 0.24769800
vt 0.05943100 0.23643900
vt 0.05943100 0.22518000
vt 0.05943100 0.21392100
vt 0.05943100 0.20266200
vt 0.05943100 0.19140300
vt 0.05943100 0.18014400
vt 0.05943100 0.16888500
vt 0.05943100 0.15762600
vt 0.05943100 0.14636700
vt 0.05943100 0.13510800
vt 0.05943100 0.12384900
vt 0.05943100 0.11259000
vt 0.05943100 0.10133100
vt 0.05943100 0.09007200
vt 0.05943100 0.07881300
vt 0.05943100 0.06755400
vt 0.05943100 0.05629500
vt 0.05943100 0.04503600
vt 0.05943100 0.03377700
vt 0.05943100 0.02251800
vt 0.05943100 0.01125900
vt 0.10758400 0.69970200
vt 0.15573700 0.71014000
vt 0.10758400 0.71014000
vt 0.08350800 0.71014000
vt 0.10758400 0.71535800
vt 0.08350800 0.71535800
vt 0.08350800 0.69970200
vt 0.10758400 0.70492100
vt 0.08350800 0.70492100
vt 0.10758400 0.67610800
vt 0.15573700 0.68790500
vt 0.10758400 0.68790500
vt 0.08350800 0.68790500
vt 0.10758400 0.69380300
vt 0.08350800 0.69380300
vt 0.08350800 0.67610800
vt 0.10758400 0.68200600
vt 0.08350800 0.68200600
vt 0.10758400 0.65387300
vt 0.15573700 0.66499000
vt 0.10758400 0.66499000
vt 0.08350800 0.66499000
vt 0.10758400 0.67054900
vt 0.08350800 0.67054900
vt 0.08350800 0.65387300
vt 0.10758400 0.65943100
vt 0.08350800 0.65943100
vt 0.10758400 0.63163800
vt 0.15573700 0.64275500
vt 0.10758400 0.64275500
vt 0.08350800 0.64275500
vt 0.10758400 0.64831400
vt 0.08350800 0.64831400
vt 0.08350800 0.63163800
vt 0.10758400 0.63719600
vt 0.08350800 0.63719600
vt 0.10758400 0.60940300
vt 0.15573700 0.62052000
vt 0.10758400 0.62052000
vt 0.08350800 0.62052000
vt 0.10758400 0.62607900
vt 0.08350800 0.62607900
vt 0.08350800 0.60940300
vt 0.10758400 0.61496100
vt 0.08350800 0.61496100
vt 0.10758400 0.58716800
vt 0.15573700 0.59828500
vt 0.10758400 0.59828500
vt 0.08350800 0.59828500
vt 0.10758400 0.60384400
vt 0.08350800 0.60384400
vt 0.08350800 0.58716800
vt 0.10758400 0.59272700
vt 0.08350800 0.59272700
vt 0.10758400 0.56493300
vt 0.15573700 0.57605000
vt 0.10758400 0.57605000
vt 0.08350800 0.57605000
vt 0.10758400 0.58160900
vt 0.08350800 0.58160900
vt 0.08350800 0.56493300
vt 0.10758400 0.57049200
vt 0.08350800 0.57049200
vt 0.10758400 0.54269800
vt 0.15573700 0.55381500
vt 0.10758400 0.55381500
vt 0.08350800 0.55381500
vt 0.10758400 0.55937400
vt 0.08350800 0.55937400
vt 0.08350800 0.54269800
vt 0.10758400 0.54825700
vt 0.08350800 0.54825700
vt 0.10758400 0.52046300
vt 0.15573700 0.53158100
vt 0.10758400 0.53158100
vt 0.08350800 0.53158100
vt 0.10758400 0.53713900
vt 0.08350800 0.53713900
vt 0.08350800 0.52046300
vt 0.10758400 0.52602200
vt 0.08350800 0.52602200
vt 0.10758400 0.49822800
vt 0.15573700 0.50934600
vt 0.10758400 0.50934600
vt 0.08350800 0.50934600
vt 0.10758400 0.51490400
vt 0.08350800 0.51490400
vt 0.08350800 0.49822800
vt 0.10758400 0.50378700
vt 0.08350800 0.50378700
vt 0.10758400 0.47599300
vt 0.15573700 0.48711100
vt 0.10758400 0.48711100
vt 0.08350800 0.48711100
vt 0.10758400 0.49266900
vt 0.08350800 0.49266900
vt 0.08350800 0.47599300
vt 0.10758400 0.48155200
vt 0.08350800 0.48155200
vt 0.10758400 0.45324600
vt 0.15573700 0.46462000
vt 0.10758400 0.46462000
vt 0.08350800 0.46462000
vt 0.10758400 0.47030600
vt 0.08350800 0.47030600
vt 0.08350800 0.45324600
vt 0.10758400 0.45893300
vt 0.08350800 0.45893300
vt 0.10758400 0.43038700
vt 0.15573700 0.44181700
vt 0.10758400 0.44181700
vt 0.08350800 0.44181700
vt 0.10758400 0.44753100
vt 0.08350800 0.44753100
vt 0.08350800 0.43038700
vt 0.10758400 0.43610200
vt 0.08350800 0.43610200
vt 0.10758400 0.40752700
vt 0.15573700 0.41895700
vt 0.10758400 0.41895700
vt 0.08350800 0.41895700
vt 0.10758400 0.42467200
vt 0.08350800 0.42467200
vt 0.08350800 0.40752700
vt 0.10758400 0.41324200
vt 0.08350800 0.41324200
vt 0.10758400 0.38466800
vt 0.15573700 0.39609700
vt 0.10758400 0.39609700
vt 0.08350800 0.39609700
vt 0.10758400 0.40181200
vt 0.08350800 0.40181200
vt 0.08350800 0.38466800
vt 0.10758400 0.39038200
vt 0.08350800 0.39038200
vt 0.10758400 0.36028900
vt 0.15573700 0.37247800
vt 0.10758400 0.37247800
vt 0.08350800 0.37247800
vt 0.10758400 0.37857300
vt 0.08350800 0.37857300
vt 0.08350800 0.36028900
vt 0.10758400 0.36638300
vt 0.08350800 0.36638300
vt 0.10758400 0.33941300
vt 0.15573700 0.34985100
vt 0.10758400 0.34985100
vt 0.08350800 0.34985100
vt 0.10758400 0.35507000
vt 0.08350800 0.35507000
vt 0.08350800 0.33941300
vt 0.10758400 0.34463200
vt 0.08350800 0.34463200
vt 0.10758400 0.31581900
vt 0.15573700 0.32761600
vt 0.10758400 0.32761600
vt 0.08350800 0.32761600
vt 0.10758400 0.33351500
vt 0.08350800 0.33351500
vt 0.08350800 0.31581900
vt 0.10758400 0.32171700
vt 0.08350800 0.32171700
vt 0.10758400 0.29358400
vt 0.15573700 0.30470100
vt 0.10758400 0.30470100
vt 0.08350800 0.30470100
vt 0.10758400 0.31026000
vt 0.08350800 0.31026000
vt 0.08350800 0.29358400
vt 0.10758400 0.29914300
vt 0.08350800 0.29914300
vt 0.10758400 0.27134900
vt 0.15573700 0.28246600
vt 0.10758400 0.28246600
vt 0.08350800 0.28246600
vt 0.10758400 0.28802500
vt 0.08350800 0.28802500
vt 0.08350800 0.27134900
vt 0.10758400 0.27690800
vt 0.08350800 0.27690800
vt 0.10758400 0.24911400
vt 0.15573700 0.26023100
vt 0.10758400 0.26023100
vt 0.08350800 0.26023100
vt 0.10758400 0.26579000
vt 0.08350800 0.26579000
vt 0.08350800 0.24911400
vt 0.10758400 0.25467300
vt 0.08350800 0.25467300
vt 0.10758400 0.22687900
vt 0.15573700 0.23799700
vt 0.10758400 0.23799700
vt 0.08350800 0.23799700
vt 0.10758400 0.24355500
vt 0.08350800 0.24355500
vt 0.08350800 0.22687900
vt 0.10758400 0.23243800
vt 0.08350800 0.23243800
vt 0.10758400 0.20464400
vt 0.15573700 0.21576200
vt 0.10758400 0.21576200
vt 0.08350800 0.21576200
vt 0.10758400 0.22132000
vt 0.08350800 0.22132000
vt 0.08350800 0.20464400
vt 0.10758400 0.21020300
vt 0.08350800 0.21020300
vt 0.10758400 0.18240900
vt 0.15573700 0.19352700
vt 0.10758400 0.19352700
vt 0.08350800 0.19352700
vt 0.10758400 0.19908500
vt 0.08350800 0.19908500
vt 0.08350800 0.18240900
vt 0.10758400 0.18796800
vt 0.08350800 0.18796800
vt 0.10758400 0.16017400
vt 0.15573700 0.17129200
vt 0.10758400 0.17129200
vt 0.08350800 0.17129200
vt 0.10758400 0.17685100
vt 0.08350800 0.17685100
vt 0.08350800 0.16017400
vt 0.10758400 0.16573300
vt 0.08350800 0.16573300
vt 0.10758400 0.13793900
vt 0.15573700 0.14905700
vt 0.10758400 0.14905700
vt 0.08350800 0.14905700
vt 0.10758400 0.15461600
vt 0.08350800 0.15461600
vt 0.08350800 0.13793900
vt 0.10758400 0.14349800
vt 0.08350800 0.14349800
vt 0.10758400 0.11570400
vt 0.15573700 0.12682200
vt 0.10758400 0.12682200
vt 0.08350800 0.12682200
vt 0.10758400 0.13238100
vt 0.08350800 0.13238100
vt 0.08350800 0.11570400
vt 0.10758400 0.12126300
vt 0.08350800 0.12126300
vt 0.10758400 0.09295800
vt 0.15573700 0.10433100
vt 0.10758400 0.10433100
vt 0.08350800 0.10433100
vt 0.10758400 0.11001800
vt 0.08350800 0.11001800
vt 0.08350800 0.09295800
vt 0.10758400 0.09864400
vt 0.08350800 0.09864400
vt 0.10758400 0.07009800
vt 0.15573700 0.08152800
vt 0.10758400 0.08152800
vt 0.08350800 0.08152800
vt 0.10758400 0.08724300
vt 0.08350800 0.08724300
vt 0.08350800 0.07009800
vt 0.10758400 0.07581300
vt 0.08350800 0.07581300
vt 0.10758400 0.04723800
vt 0.15573700 0.05866800
vt 0.10758400 0.05866800
vt 0.08350800 0.05866800
vt 0.10758400 0.06438300
vt 0.08350800 0.06438300
vt 0.08350800 0.04723800
vt 0.10758400 0.05295300
vt 0.08350800 0.05295300
vt 0.10758400 0.02437900
vt 0.15573700 0.03580900
vt 0.10758400 0.03580900
vt 0.08350800 0.03580900
vt 0.10758400 0.04152400
vt 0.08350800 0.04152400
vt 0.08350800 0.02437900
vt 0.10758400 0.03009400
vt 0.08350800 0.03009400
vt 0.15573700 0.01218900
vt 0.10758400 0.01218900
vt 0.08350800 0.01218900
vt 0.10758400 0.01828400
vt 0.08350800 0.01828400
vt 0.10758400 0.00609500
vt 0.08350800 0.00609500
vt 0.12363500 0.00000000
vt 0.18783900 0.00000000
vt 0.25204300 0.72057700
vt 0.18783900 0.72057700
vt 0.12363500 0.72057700
vt 0.25204300 0.03602900
vt 0.25204300 0.07205800
vt 0.25204300 0.10808700
vt 0.25204300 0.14411500
vt 0.25204300 0.18014400
vt 0.25204300 0.21617300
vt 0.25204300 0.25220200
vt 0.25204300 0.28823100
vt 0.25204300 0.32426000
vt 0.25204300 0.36028900
vt 0.25204300 0.39631800
vt 0.25204300 0.43234600
vt 0.25204300 0.46837500
vt 0.25204300 0.50440400
vt 0.25204300 0.54043300
vt 0.25204300 0.57646200
vt 0.25204300 0.61249100
vt 0.25204300 0.64852000
vt 0.25204300 0.68454800
f 163/163/163 158/158/158 176/176/176
f 176/176/176 156/156/156 2/2/2
f 2/2/2 143/143/143 163/163/163
f 163/163/163 176/176/176 2/2/2
f 143/143/143 164/164/164 166/166/166
f 166/166/166 163/163/163 143/143/143
f 164/164/164 9/9/9 154/154/154
f 154/154/154 166/166/166 164/164/164
f 160/160/160 132/132/132 170/170/170
f 170/170/170 165/165/165 166/166/166
f 166/166/166 154/154/154 160/160/160
f 160/160/160 170/170/170 166/166/166
f 163/163/163 166/166/166 165/165/165
f 165/165/165 158/158/158 163/163/163
f 169/169/169 168/168/168 173/173/173
f 173/173/173 167/167/167 158/158/158
f 158/158/158 165/165/165 169/169/169
f 169/169/169 173/173/173 158/158/158
f 165/165/165 170/170/170 171/171/171
f 171/171/171 169/169/169 165/165/165
f 171/171/171 170/170/170 132/132/132
f 168/168/168 169/169/169 171/171/171
f 167/167/167 173/173/173 174/174/174
f 174/174/174 172/172/172 167/167/167
f 174/174/174 173/173/173 168/168/168
f 157/157/157 172/172/172 174/174/174
f 156/156/156 176/176/176 178/178/178
f 178/178/178 175/175/175 156/156/156
f 176/176/176 158/158/158 167/167/167
f 167/167/167 178/178/178 176/176/176
f 172/172/172 157/157/157 188/188/188
f 188/188/188 177/177/177 178/178/178
f 178/178/178 167/167/167 172/172/172
f 172/172/172 188/188/188 178/178/178
f 175/175/175 178/178/178 177/177/177
f 177/177/177 8/8/8 175/175/175
f 159/159/159 155/155/155 161/161/161
f 161/161/161 154/154/154 9/9/9
f 9/9/9 147/147/147 159/159/159
f 159/159/159 161/161/161 9/9/9
f 159/159/159 147/147/147 152/152/152
f 154/154/154 161/161/161 162/162/162
f 162/162/162 160/160/160 154/154/154
f 187/187/187 184/184/184 191/191/191
f 191/191/191 183/183/183 8/8/8
f 8/8/8 177/177/177 187/187/187
f 187/187/187 191/191/191 8/8/8
f 177/177/177 188/188/188 189/189/189
f 189/189/189 187/187/187 177/177/177
f 190/190/190 183/183/183 191/191/191
f 113/113/113 115/115/115 114/114/114
f 114/114/114 112/112/112 113/113/113
f 112/112/112 114/114/114 118/118/118
f 118/118/118 116/116/116 112/112/112
f 116/116/116 118/118/118 117/117/117
f 117/117/117 111/111/111 116/116/116
f 116/116/116 111/111/111 109/109/109
f 110/110/110 112/112/112 116/116/116
f 109/109/109 110/110/110 116/116/116
f 124/124/124 121/121/121 119/119/119
f 109/109/109 111/111/111 124/124/124
f 119/119/119 109/109/109 124/124/124
f 111/111/111 117/117/117 126/126/126
f 126/126/126 124/124/124 111/111/111
f 124/124/124 126/126/126 125/125/125
f 125/125/125 121/121/121 124/124/124
f 127/127/127 121/121/121 125/125/125
f 127/127/127 120/120/120 108/108/108
f 119/119/119 121/121/121 127/127/127
f 108/108/108 119/119/119 127/127/127
f 119/119/119 108/108/108 138/138/138
f 138/138/138 11/11/11 107/107/107
f 107/107/107 109/109/109 119/119/119
f 119/119/119 138/138/138 107/107/107
f 11/11/11 138/138/138 140/140/140
f 140/140/140 137/137/137 11/11/11
f 138/138/138 108/108/108 128/128/128
f 128/128/128 140/140/140 138/138/138
f 133/133/133 123/123/123 139/139/139
f 140/140/140 128/128/128 133/133/133
f 139/139/139 140/140/140 133/133/133
f 137/137/137 140/140/140 139/139/139
f 139/139/139 122/122/122 137/137/137
f 130/130/130 129/129/129 134/134/134
f 134/134/134 128/128/128 108/108/108
f 108/108/108 120/120/120 130/130/130
f 130/130/130 134/134/134 108/108/108
f 128/128/128 134/134/134 136/136/136
f 136/136/136 133/133/133 128/128/128
f 133/133/133 136/136/136 135/135/135
f 135/135/135 123/123/123 133/133/133
f 145/145/145 123/123/123 135/135/135
f 122/122/122 139/139/139 148/148/148
f 148/148/148 146/146/146 122/122/122
f 145/145/145 131/131/131 151/151/151
f 151/151/151 148/148/148 139/139/139
f 139/139/139 123/123/123 145/145/145
f 145/145/145 151/151/151 139/139/139
f 148/148/148 151/151/151 153/153/153
f 153/153/153 150/150/150 148/148/148
f 151/151/151 131/131/131 149/149/149
f 149/149/149 153/153/153 151/151/151
f 150/150/150 153/153/153 152/152/152
f 152/152/152 147/147/147 150/150/150
f 150/150/150 147/147/147 9/9/9
f 146/146/146 148/148/148 150/150/150
f 9/9/9 146/146/146 150/150/150
f 10/10/10 142/142/142 144/144/144
f 144/144/144 141/141/141 10/10/10
f 137/137/137 122/122/122 144/144/144
f 142/142/142 11/11/11 137/137/137
f 144/144/144 142/142/142 137/137/137
f 146/146/146 9/9/9 164/164/164
f 164/164/164 143/143/143 144/144/144
f 144/144/144 122/122/122 146/146/146
f 146/146/146 164/164/164 144/144/144
f 141/141/141 144/144/144 143/143/143
f 143/143/143 2/2/2 141/141/141
f 179/179/179 14/14/14 207/207/207
f 207/207/207 12/12/12 4/4/4
f 4/4/4 13/13/13 179/179/179
f 179/179/179 207/207/207 4/4/4
f 13/13/13 180/180/180 182/182/182
f 182/182/182 179/179/179 13/13/13
f 180/180/180 2/2/2 156/156/156
f 156/156/156 182/182/182 180/180/180
f 175/175/175 8/8/8 193/193/193
f 193/193/193 181/181/181 182/182/182
f 182/182/182 156/156/156 175/175/175
f 175/175/175 193/193/193 182/182/182
f 213/213/213 14/14/14 179/179/179
f 182/182/182 181/181/181 213/213/213
f 179/179/179 182/182/182 213/213/213
f 14/14/14 213/213/213 214/214/214
f 214/214/214 212/212/212 14/14/14
f 213/213/213 181/181/181 192/192/192
f 192/192/192 214/214/214 213/213/213
f 210/210/210 204/204/204 214/214/214
f 192/192/192 186/186/186 210/210/210
f 214/214/214 192/192/192 210/210/210
f 212/212/212 214/214/214 204/204/204
f 204/204/204 185/185/185 212/212/212
f 181/181/181 193/193/193 195/195/195
f 195/195/195 192/192/192 181/181/181
f 197/197/197 195/195/195 193/193/193
f 8/8/8 183/183/183 197/197/197
f 193/193/193 8/8/8 197/197/197
f 195/195/195 197/197/197 199/199/199
f 199/199/199 196/196/196 195/195/195
f 197/197/197 183/183/183 190/190/190
f 190/190/190 199/199/199 197/197/197
f 196/196/196 199/199/199 198/198/198
f 198/198/198 194/194/194 196/196/196
f 196/196/196 194/194/194 201/201/201
f 201/201/201 186/186/186 192/192/192
f 192/192/192 195/195/195 196/196/196
f 196/196/196 201/201/201 192/192/192
f 186/186/186 201/201/201 202/202/202
f 202/202/202 200/200/200 186/186/186
f 209/209/209 205/205/205 215/215/215
f 215/215/215 203/203/203 185/185/185
f 185/185/185 204/204/204 209/209/209
f 209/209/209 215/215/215 185/185/185
f 204/204/204 210/210/210 211/211/211
f 211/211/211 209/209/209 204/204/204
f 210/210/210 186/186/186 200/200/200
f 200/200/200 211/211/211 210/210/210
f 225/225/225 206/206/206 12/12/12
f 207/207/207 208/208/208 225/225/225
f 12/12/12 207/207/207 225/225/225
f 212/212/212 185/185/185 217/217/217
f 217/217/217 208/208/208 207/207/207
f 207/207/207 14/14/14 212/212/212
f 212/212/212 217/217/217 207/207/207
f 222/222/222 216/216/216 208/208/208
f 217/217/217 218/218/218 222/222/222
f 208/208/208 217/217/217 222/222/222
f 220/220/220 218/218/218 217/217/217
f 185/185/185 203/203/203 220/220/220
f 217/217/217 185/185/185 220/220/220
f 219/219/219 218/218/218 220/220/220
f 216/216/216 222/222/222 223/223/223
f 223/223/223 221/221/221 216/216/216
f 222/222/222 218/218/218 219/219/219
f 219/219/219 223/223/223 222/222/222
f 234/234/234 224/224/224 206/206/206
f 225/225/225 226/226/226 234/234/234
f 206/206/206 225/225/225 234/234/234
f 231/231/231 226/226/226 225/225/225
f 208/208/208 216/216/216 231/231/231
f 225/225/225 208/208/208 231/231/231
f 226/226/226 231/231/231 232/232/232
f 232/232/232 230/230/230 226/226/226
f 231/231/231 216/216/216 221/221/221
f 221/221/221 232/232/232 231/231/231
f 224/224/224 234/234/234 235/235/235
f 235/235/235 233/233/233 224/224/224
f 234/234/234 226/226/226 230/230/230
f 230/230/230 235/235/235 234/234/234
f 141/141/141 2/2/2 180/180/180
f 180/180/180 13/13/13 16/16/16
f 16/16/16 10/10/10 141/141/141
f 141/141/141 180/180/180 16/16/16
f 15/15/15 16/16/16 13/13/13
f 13/13/13 4/4/4 15/15/15
f 6/6/6 294/294/294 296/296/296
f 296/296/296 293/293/293 6/6/6
f 294/294/294 18/18/18 295/295/295
f 295/295/295 296/296/296 294/294/294
f 296/296/296 295/295/295 19/19/19
f 19/19/19 283/283/283 296/296/296
f 290/290/290 17/17/17 293/293/293
f 296/296/296 283/283/283 290/290/290
f 293/293/293 296/296/296 290/290/290
f 228/228/228 19/19/19 295/295/295
f 295/295/295 18/18/18 4/4/4
f 4/4/4 12/12/12 228/228/228
f 228/228/228 295/295/295 4/4/4
f 281/281/281 227/227/227 19/19/19
f 228/228/228 229/229/229 281/281/281
f 19/19/19 228/228/228 281/281/281
f 237/237/237 229/229/229 228/228/228
f 12/12/12 206/206/206 237/237/237
f 228/228/228 12/12/12 237/237/237
f 229/229/229 237/237/237 238/238/238
f 238/238/238 236/236/236 229/229/229
f 237/237/237 206/206/206 224/224/224
f 224/224/224 238/238/238 237/237/237
f 227/227/227 281/281/281 282/282/282
f 282/282/282 280/280/280 227/227/227
f 281/281/281 229/229/229 236/236/236
f 236/236/236 282/282/282 281/281/281
f 17/17/17 290/290/290 292/292/292
f 292/292/292 289/289/289 17/17/17
f 290/290/290 283/283/283 291/291/291
f 291/291/291 292/292/292 290/290/290
f 292/292/292 291/291/291 284/284/284
f 284/284/284 287/287/287 292/292/292
f 285/285/285 284/284/284 291/291/291
f 291/291/291 283/283/283 19/19/19
f 19/19/19 227/227/227 285/285/285
f 285/285/285 291/291/291 19/19/19
f 285/285/285 227/227/227 280/280/280
f 280/280/280 286/286/286 285/285/285
f 21/21/21 15/15/15 4/4/4
f 4/4/4 18/18/18 21/21/21
f 294/294/294 6/6/6 314/314/314
f 314/314/314 20/20/20 21/21/21
f 21/21/21 18/18/18 294/294/294
f 294/294/294 314/314/314 21/21/21
f 304/304/304 22/22/22 305/305/305
f 301/301/301 298/298/298 305/305/305
f 305/305/305 22/22/22 299/299/299
f 299/299/299 300/300/300 301/301/301
f 301/301/301 305/305/305 299/299/299
f 299/299/299 6/6/6 293/293/293
f 293/293/293 300/300/300 299/299/299
f 297/297/297 288/288/288 302/302/302
f 302/302/302 300/300/300 293/293/293
f 293/293/293 17/17/17 297/297/297
f 297/297/297 302/302/302 293/293/293
f 301/301/301 300/300/300 302/302/302
f 302/302/302 303/303/303 301/301/301
f 297/297/297 17/17/17 289/289/289
f 324/324/324 323/323/323 319/319/319
f 319/319/319 320/320/320 324/324/324
f 321/321/321 319/319/319 318/318/318
f 23/23/23 306/306/306 321/321/321
f 318/318/318 23/23/23 321/321/321
f 320/320/320 319/319/319 321/321/321
f 321/321/321 322/322/322 320/320/320
f 322/322/322 321/321/321 306/306/306
f 306/306/306 316/316/316 322/322/322
f 23/23/23 313/313/313 315/315/315
f 315/315/315 307/307/307 23/23/23
f 313/313/313 20/20/20 314/314/314
f 314/314/314 315/315/315 313/313/313
f 315/315/315 314/314/314 6/6/6
f 6/6/6 299/299/299 315/315/315
f 311/311/311 307/307/307 315/315/315
f 299/299/299 22/22/22 311/311/311
f 315/315/315 299/299/299 311/311/311
f 316/316/316 306/306/306 317/317/317
f 310/310/310 308/308/308 317/317/317
f 317/317/317 306/306/306 23/23/23
f 23/23/23 307/307/307 310/310/310
f 310/310/310 317/317/317 23/23/23
f 308/308/308 310/310/310 312/312/312
f 312/312/312 309/309/309 308/308/308
f 310/310/310 307/307/307 311/311/311
f 311/311/311 312/312/312 310/310/310
f 312/312/312 311/311/311 22/22/22
f 22/22/22 304/304/304 312/312/312
f 64/64/64 168/168/168 171/171/171
f 64/64/64 65/65/65 168/168/168
f 62/62/62 132/132/132 61/61/61
f 62/62/62 63/63/63 171/171/171
f 64/64/64 171/171/171 63/63/63
f 171/171/171 132/132/132 62/62/62
f 168/168/168 65/65/65 66/66/66
f 157/157/157 69/69/69 70/70/70
f 71/71/71 157/157/157 70/70/70
f 174/174/174 69/69/69 157/157/157
f 168/168/168 66/66/66 174/174/174
f 67/67/67 174/174/174 66/66/66
f 67/67/67 68/68/68 174/174/174
f 69/69/69 174/174/174 68/68/68
f 155/155/155 56/56/56 57/57/57
f 55/55/55 56/56/56 155/155/155
f 159/159/159 53/53/53 54/54/54
f 54/54/54 55/55/55 159/159/159
f 155/155/155 159/159/159 55/55/55
f 152/152/152 53/53/53 159/159/159
f 161/161/161 155/155/155 57/57/57
f 132/132/132 59/59/59 60/60/60
f 61/61/61 132/132/132 60/60/60
f 160/160/160 59/59/59 132/132/132
f 57/57/57 162/162/162 161/161/161
f 162/162/162 58/58/58 59/59/59
f 162/162/162 59/59/59 160/160/160
f 58/58/58 162/162/162 57/57/57
f 82/82/82 194/194/194 81/81/81
f 83/83/83 194/194/194 82/82/82
f 80/80/80 199/199/199 79/79/79
f 198/198/198 199/199/199 80/80/80
f 81/81/81 194/194/194 198/198/198
f 198/198/198 80/80/80 81/81/81
f 194/194/194 83/83/83 201/201/201
f 86/86/86 200/200/200 85/85/85
f 87/87/87 200/200/200 86/86/86
f 201/201/201 84/84/84 202/202/202
f 202/202/202 84/84/84 85/85/85
f 202/202/202 85/85/85 200/200/200
f 83/83/83 84/84/84 201/201/201
f 73/73/73 187/187/187 189/189/189
f 73/73/73 74/74/74 187/187/187
f 189/189/189 71/71/71 72/72/72
f 71/71/71 189/189/189 188/188/188
f 189/189/189 72/72/72 73/73/73
f 157/157/157 71/71/71 188/188/188
f 75/75/75 184/184/184 74/74/74
f 190/190/190 77/77/77 78/78/78
f 79/79/79 190/190/190 78/78/78
f 190/190/190 79/79/79 199/199/199
f 191/191/191 77/77/77 190/190/190
f 74/74/74 184/184/184 187/187/187
f 184/184/184 76/76/76 191/191/191
f 77/77/77 191/191/191 76/76/76
f 76/76/76 184/184/184 75/75/75
f 34/34/34 35/35/35 127/127/127
f 127/127/127 35/35/35 36/36/36
f 125/125/125 32/32/32 33/33/33
f 33/33/33 34/34/34 125/125/125
f 34/34/34 127/127/127 125/125/125
f 126/126/126 32/32/32 125/125/125
f 37/37/37 120/120/120 36/36/36
f 136/136/136 129/129/129 41/41/41
f 42/42/42 136/136/136 41/41/41
f 40/40/40 41/41/41 129/129/129
f 130/130/130 38/38/38 39/39/39
f 39/39/39 40/40/40 130/130/130
f 129/129/129 130/130/130 40/40/40
f 120/120/120 37/37/37 38/38/38
f 28/28/28 118/118/118 27/27/27
f 114/114/114 26/26/26 27/27/27
f 115/115/115 24/24/24 25/25/25
f 115/115/115 25/25/25 26/26/26
f 115/115/115 1/1/1 24/24/24
f 29/29/29 118/118/118 28/28/28
f 31/31/31 117/117/117 30/30/30
f 32/32/32 126/126/126 31/31/31
f 126/126/126 117/117/117 31/31/31
f 117/117/117 118/118/118 29/29/29
f 114/114/114 115/115/115 26/26/26
f 118/118/118 114/114/114 27/27/27
f 29/29/29 30/30/30 117/117/117
f 113/113/113 1/1/1 115/115/115
f 130/130/130 120/120/120 38/38/38
f 47/47/47 48/48/48 131/131/131
f 48/48/48 49/49/49 131/131/131
f 44/44/44 45/45/45 135/135/135
f 46/46/46 145/145/145 45/45/45
f 46/46/46 47/47/47 145/145/145
f 149/149/149 49/49/49 50/50/50
f 152/152/152 51/51/51 52/52/52
f 152/152/152 52/52/52 53/53/53
f 153/153/153 51/51/51 152/152/152
f 49/49/49 149/149/149 131/131/131
f 149/149/149 50/50/50 153/153/153
f 47/47/47 131/131/131 145/145/145
f 51/51/51 153/153/153 50/50/50
f 145/145/145 135/135/135 45/45/45
f 136/136/136 43/43/43 135/135/135
f 44/44/44 135/135/135 43/43/43
f 36/36/36 120/120/120 127/127/127
f 112/112/112 110/110/110 113/113/113
f 129/129/129 136/136/136 134/134/134
f 136/136/136 42/42/42 43/43/43
f 328/328/328 142/142/142 10/10/10
f 107/107/107 11/11/11 142/142/142
f 107/107/107 110/110/110 109/109/109
f 110/110/110 107/107/107 328/328/328
f 142/142/142 328/328/328 107/107/107
f 113/113/113 110/110/110 328/328/328
f 327/327/327 328/328/328 10/10/10
f 10/10/10 16/16/16 327/327/327
f 1/1/1 113/113/113 328/328/328
f 211/211/211 200/200/200 87/87/87
f 97/97/97 219/219/219 96/96/96
f 98/98/98 219/219/219 97/97/97
f 95/95/95 220/220/220 94/94/94
f 95/95/95 96/96/96 220/220/220
f 219/219/219 98/98/98 223/223/223
f 96/96/96 219/219/219 220/220/220
f 223/223/223 98/98/98 99/99/99
f 101/101/101 102/102/102 232/232/232
f 102/102/102 103/103/103 232/232/232
f 221/221/221 99/99/99 100/100/100
f 101/101/101 232/232/232 221/221/221
f 100/100/100 101/101/101 221/221/221
f 223/223/223 99/99/99 221/221/221
f 230/230/230 103/103/103 104/104/104
f 90/90/90 205/205/205 89/89/89
f 91/91/91 205/205/205 90/90/90
f 211/211/211 88/88/88 89/89/89
f 89/89/89 209/209/209 211/211/211
f 89/89/89 205/205/205 209/209/209
f 215/215/215 205/205/205 91/91/91
f 203/203/203 94/94/94 220/220/220
f 103/103/103 230/230/230 232/232/232
f 203/203/203 215/215/215 92/92/92
f 91/91/91 92/92/92 215/215/215
f 93/93/93 203/203/203 92/92/92
f 93/93/93 94/94/94 203/203/203
f 230/230/230 104/104/104 235/235/235
f 3/3/3 233/233/233 106/106/106
f 239/239/239 233/233/233 3/3/3
f 104/104/104 105/105/105 235/235/235
f 235/235/235 105/105/105 106/106/106
f 239/239/239 240/240/240 238/238/238
f 233/233/233 235/235/235 106/106/106
f 238/238/238 233/233/233 239/239/239
f 242/242/242 236/236/236 241/241/241
f 243/243/243 282/282/282 242/242/242
f 280/280/280 244/244/244 245/245/245
f 280/280/280 245/245/245 246/246/246
f 243/243/243 244/244/244 282/282/282
f 238/238/238 240/240/240 241/241/241
f 246/246/246 247/247/247 286/286/286
f 233/233/233 238/238/238 224/224/224
f 241/241/241 236/236/236 238/238/238
f 244/244/244 280/280/280 282/282/282
f 285/285/285 286/286/286 247/247/247
f 286/286/286 280/280/280 246/246/246
f 282/282/282 236/236/236 242/242/242
f 249/249/249 284/284/284 248/248/248
f 250/250/250 284/284/284 249/249/249
f 251/251/251 287/287/287 250/250/250
f 250/250/250 287/287/287 284/284/284
f 252/252/252 292/292/292 251/251/251
f 251/251/251 292/292/292 287/287/287
f 285/285/285 248/248/248 284/284/284
f 285/285/285 247/247/247 248/248/248
f 252/252/252 253/253/253 289/289/289
f 292/292/292 252/252/252 289/289/289
f 254/254/254 289/289/289 253/253/253
f 297/297/297 289/289/289 254/254/254
f 256/256/256 297/297/297 255/255/255
f 254/254/254 255/255/255 297/297/297
f 297/297/297 256/256/256 288/288/288
f 257/257/257 288/288/288 256/256/256
f 302/302/302 288/288/288 258/258/258
f 259/259/259 303/303/303 258/258/258
f 258/258/258 303/303/303 302/302/302
f 301/301/301 303/303/303 260/260/260
f 260/260/260 303/303/303 259/259/259
f 260/260/260 261/261/261 298/298/298
f 257/257/257 258/258/258 288/288/288
f 16/16/16 15/15/15 5/5/5
f 5/5/5 327/327/327 16/16/16
f 15/15/15 21/21/21 326/326/326
f 326/326/326 5/5/5 15/15/15
f 325/325/325 326/326/326 21/21/21
f 21/21/21 20/20/20 325/325/325
f 260/260/260 298/298/298 301/301/301
f 298/298/298 262/262/262 305/305/305
f 262/262/262 298/298/298 261/261/261
f 20/20/20 313/313/313 325/325/325
f 318/318/318 325/325/325 313/313/313
f 313/313/313 23/23/23 318/318/318
f 323/323/323 325/325/325 318/318/318
f 262/262/262 263/263/263 305/305/305
f 304/304/304 305/305/305 264/264/264
f 265/265/265 304/304/304 264/264/264
f 266/266/266 312/312/312 304/304/304
f 312/312/312 266/266/266 309/309/309
f 267/267/267 309/309/309 266/266/266
f 266/266/266 304/304/304 265/265/265
f 264/264/264 305/305/305 263/263/263
f 308/308/308 309/309/309 268/268/268
f 269/269/269 308/308/308 268/268/268
f 270/270/270 317/317/317 308/308/308
f 317/317/317 270/270/270 271/271/271
f 270/270/270 308/308/308 269/269/269
f 272/272/272 317/317/317 271/271/271
f 267/267/267 268/268/268 309/309/309
f 274/274/274 322/322/322 316/316/316
f 276/276/276 320/320/320 322/322/322
f 319/319/319 323/323/323 318/318/318
f 320/320/320 277/277/277 324/324/324
f 7/7/7 323/323/323 324/324/324
f 316/316/316 272/272/272 273/273/273
f 272/272/272 316/316/316 317/317/317
f 322/322/322 274/274/274 275/275/275
f 275/275/275 276/276/276 322/322/322
f 320/320/320 276/276/276 277/277/277
f 278/278/278 279/279/279 324/324/324
f 7/7/7 324/324/324 279/279/279
f 324/324/324 277/277/277 278/278/278
f 316/316/316 273/273/273 274/274/274
f 325/325/325 323/323/323 7/7/7
f 88/88/88 211/211/211 87/87/87
f 330/330/330 497/497/497 522/522/522
f 522/522/522 519/519/519 330/330/330
f 517/517/517 336/336/336 532/532/532
f 532/532/532 520/520/520 522/522/522
f 522/522/522 497/497/497 517/517/517
f 517/517/517 532/532/532 522/522/522
f 550/550/550 337/337/337 521/521/521
f 522/522/522 520/520/520 550/550/550
f 521/521/521 522/522/522 550/550/550
f 519/519/519 522/522/522 521/521/521
f 521/521/521 335/335/335 519/519/519
f 536/536/536 535/535/535 532/532/532
f 336/336/336 523/523/523 536/536/536
f 532/532/532 336/336/336 536/536/536
f 523/523/523 531/531/531 539/539/539
f 539/539/539 536/536/536 523/523/523
f 539/539/539 537/537/537 533/533/533
f 533/533/533 538/538/538 539/539/539
f 536/536/536 539/539/539 538/538/538
f 538/538/538 535/535/535 536/536/536
f 538/538/538 533/533/533 540/540/540
f 540/540/540 526/526/526 534/534/534
f 534/534/534 535/535/535 538/538/538
f 538/538/538 540/540/540 534/534/534
f 532/532/532 535/535/535 534/534/534
f 534/534/534 520/520/520 532/532/532
f 541/541/541 526/526/526 540/540/540
f 526/526/526 541/541/541 549/549/549
f 549/549/549 547/547/547 526/526/526
f 547/547/547 549/549/549 548/548/548
f 548/548/548 542/542/542 547/547/547
f 548/548/548 544/544/544 553/553/553
f 553/553/553 543/543/543 525/525/525
f 525/525/525 542/542/542 548/548/548
f 548/548/548 553/553/553 525/525/525
f 520/520/520 534/534/534 552/552/552
f 552/552/552 550/550/550 520/520/520
f 547/547/547 542/542/542 552/552/552
f 534/534/534 526/526/526 547/547/547
f 552/552/552 534/534/534 547/547/547
f 552/552/552 542/542/542 525/525/525
f 525/525/525 551/551/551 552/552/552
f 550/550/550 552/552/552 551/551/551
f 551/551/551 337/337/337 550/550/550
f 551/551/551 525/525/525 554/554/554
f 554/554/554 546/546/546 545/545/545
f 545/545/545 337/337/337 551/551/551
f 551/551/551 554/554/554 545/545/545
f 557/557/557 556/556/556 554/554/554
f 525/525/525 543/543/543 557/557/557
f 554/554/554 525/525/525 557/557/557
f 558/558/558 556/556/556 557/557/557
f 556/556/556 558/558/558 561/561/561
f 561/561/561 559/559/559 556/556/556
f 559/559/559 561/561/561 560/560/560
f 560/560/560 555/555/555 559/559/559
f 559/559/559 555/555/555 546/546/546
f 554/554/554 556/556/556 559/559/559
f 546/546/546 554/554/554 559/559/559
f 564/564/564 563/563/563 562/562/562
f 546/546/546 555/555/555 564/564/564
f 562/562/562 546/546/546 564/564/564
f 555/555/555 560/560/560 566/566/566
f 566/566/566 564/564/564 555/555/555
f 564/564/564 566/566/566 565/565/565
f 565/565/565 563/563/563 564/564/564
f 563/563/563 565/565/565 568/568/568
f 568/568/568 567/567/567 563/563/563
f 500/500/500 502/502/502 501/501/501
f 501/501/501 494/494/494 500/500/500
f 499/499/499 495/495/495 500/500/500
f 500/500/500 494/494/494 338/338/338
f 338/338/338 486/486/486 499/499/499
f 499/499/499 500/500/500 338/338/338
f 527/527/527 529/529/529 528/528/528
f 528/528/528 516/516/516 527/527/527
f 528/528/528 524/524/524 530/530/530
f 530/530/530 523/523/523 336/336/336
f 336/336/336 516/516/516 528/528/528
f 528/528/528 530/530/530 336/336/336
f 338/338/338 494/494/494 506/506/506
f 506/506/506 503/503/503 338/338/338
f 501/501/501 471/471/471 509/509/509
f 509/509/509 504/504/504 506/506/506
f 506/506/506 494/494/494 501/501/501
f 501/501/501 509/509/509 506/506/506
f 506/506/506 504/504/504 498/498/498
f 498/498/498 505/505/505 506/506/506
f 503/503/503 506/506/506 505/505/505
f 505/505/505 481/481/481 503/503/503
f 508/508/508 510/510/510 511/511/511
f 509/509/509 511/511/511 510/510/510
f 510/510/510 504/504/504 509/509/509
f 514/514/514 512/512/512 508/508/508
f 512/512/512 514/514/514 513/513/513
f 513/513/513 507/507/507 512/512/512
f 510/510/510 508/508/508 512/512/512
f 512/512/512 507/507/507 498/498/498
f 498/498/498 504/504/504 510/510/510
f 510/510/510 512/512/512 498/498/498
f 498/498/498 507/507/507 518/518/518
f 518/518/518 515/515/515 498/498/498
f 513/513/513 496/496/496 527/527/527
f 527/527/527 516/516/516 518/518/518
f 518/518/518 507/507/507 513/513/513
f 513/513/513 527/527/527 518/518/518
f 518/518/518 516/516/516 336/336/336
f 336/336/336 517/517/517 518/518/518
f 515/515/515 518/518/518 517/517/517
f 517/517/517 497/497/497 515/515/515
f 505/505/505 498/498/498 515/515/515
f 515/515/515 497/497/497 330/330/330
f 330/330/330 481/481/481 505/505/505
f 505/505/505 515/515/515 330/330/330
f 332/332/332 340/340/340 341/341/341
f 341/341/341 339/339/339 332/332/332
f 482/482/482 330/330/330 519/519/519
f 519/519/519 335/335/335 341/341/341
f 341/341/341 340/340/340 482/482/482
f 482/482/482 519/519/519 341/341/341
f 448/448/448 446/446/446 441/441/441
f 441/441/441 447/447/447 448/448/448
f 445/445/445 448/448/448 447/447/447
f 447/447/447 438/438/438 445/445/445
f 457/457/457 455/455/455 439/439/439
f 439/439/439 456/456/456 457/457/457
f 446/446/446 457/457/457 456/456/456
f 456/456/456 441/441/441 446/446/446
f 456/456/456 439/439/439 437/437/437
f 440/440/440 441/441/441 456/456/456
f 437/437/437 440/440/440 456/456/456
f 447/447/447 441/441/441 440/440/440
f 434/434/434 438/438/438 447/447/447
f 440/440/440 434/434/434 447/447/447
f 465/465/465 463/463/463 460/460/460
f 460/460/460 464/464/464 465/465/465
f 455/455/455 465/465/465 464/464/464
f 464/464/464 439/439/439 455/455/455
f 466/466/466 460/460/460 463/463/463
f 466/466/466 458/458/458 435/435/435
f 459/459/459 460/460/460 466/466/466
f 435/435/435 459/459/459 466/466/466
f 464/464/464 460/460/460 459/459/459
f 437/437/437 439/439/439 464/464/464
f 459/459/459 437/437/437 464/464/464
f 459/459/459 435/435/435 476/476/476
f 476/476/476 343/343/343 436/436/436
f 436/436/436 437/437/437 459/459/459
f 459/459/459 476/476/476 436/436/436
f 440/440/440 437/437/437 436/436/436
f 342/342/342 434/434/434 440/440/440
f 436/436/436 342/342/342 440/440/440
f 475/475/475 473/473/473 462/462/462
f 462/462/462 474/474/474 475/475/475
f 472/472/472 475/475/475 474/474/474
f 474/474/474 467/467/467 472/472/472
f 469/469/469 468/468/468 472/472/472
f 472/472/472 467/467/467 435/435/435
f 435/435/435 458/458/458 469/469/469
f 469/469/469 472/472/472 435/435/435
f 473/473/473 485/485/485 484/484/484
f 484/484/484 462/462/462 473/473/473
f 484/484/484 470/470/470 490/490/490
f 490/490/490 488/488/488 477/477/477
f 477/477/477 462/462/462 484/484/484
f 484/484/484 490/490/490 477/477/477
f 470/470/470 489/489/489 493/493/493
f 493/493/493 490/490/490 470/470/470
f 493/493/493 491/491/491 486/486/486
f 486/486/486 492/492/492 493/493/493
f 490/490/490 493/493/493 492/492/492
f 492/492/492 488/488/488 490/490/490
f 492/492/492 486/486/486 338/338/338
f 487/487/487 488/488/488 492/492/492
f 338/338/338 487/487/487 492/492/492
f 477/477/477 488/488/488 487/487/487
f 487/487/487 461/461/461 477/477/477
f 435/435/435 467/467/467 479/479/479
f 479/479/479 476/476/476 435/435/435
f 474/474/474 462/462/462 477/477/477
f 479/479/479 467/467/467 474/474/474
f 477/477/477 479/479/479 474/474/474
f 479/479/479 477/477/477 461/461/461
f 461/461/461 478/478/478 479/479/479
f 476/476/476 479/479/479 478/478/478
f 478/478/478 343/343/343 476/476/476
f 478/478/478 461/461/461 483/483/483
f 480/480/480 343/343/343 478/478/478
f 483/483/483 480/480/480 478/478/478
f 487/487/487 338/338/338 503/503/503
f 503/503/503 481/481/481 483/483/483
f 483/483/483 461/461/461 487/487/487
f 487/487/487 503/503/503 483/483/483
f 483/483/483 481/481/481 330/330/330
f 330/330/330 482/482/482 483/483/483
f 480/480/480 483/483/483 482/482/482
f 482/482/482 340/340/340 480/480/480
f 436/436/436 343/343/343 480/480/480
f 480/480/480 340/340/340 332/332/332
f 332/332/332 342/342/342 436/436/436
f 436/436/436 480/480/480 332/332/332
f 630/630/630 334/334/334 649/649/649
f 649/649/649 345/345/345 346/346/346
f 346/346/346 344/344/344 630/630/630
f 630/630/630 649/649/649 346/346/346
f 345/345/345 332/332/332 339/339/339
f 339/339/339 346/346/346 345/345/345
f 653/653/653 651/651/651 442/442/442
f 442/442/442 652/652/652 653/653/653
f 645/645/645 643/643/643 652/652/652
f 652/652/652 442/442/442 348/348/348
f 348/348/348 642/642/642 645/645/645
f 645/645/645 652/652/652 348/348/348
f 644/644/644 643/643/643 645/645/645
f 645/645/645 647/647/647 644/644/644
f 647/647/647 645/645/645 642/642/642
f 642/642/642 646/646/646 647/647/647
f 640/640/640 647/647/647 646/646/646
f 646/646/646 347/347/347 640/640/640
f 655/655/655 449/449/449 444/444/444
f 444/444/444 654/654/654 655/655/655
f 651/651/651 655/655/655 654/654/654
f 654/654/654 442/442/442 651/651/651
f 454/454/454 445/445/445 438/438/438
f 438/438/438 453/453/453 454/454/454
f 452/452/452 454/454/454 453/453/453
f 453/453/453 451/451/451 452/452/452
f 453/453/453 438/438/438 434/434/434
f 450/450/450 451/451/451 453/453/453
f 434/434/434 450/450/450 453/453/453
f 449/449/449 451/451/451 450/450/450
f 450/450/450 444/444/444 449/449/449
f 450/450/450 434/434/434 342/342/342
f 443/443/443 444/444/444 450/450/450
f 342/342/342 443/443/443 450/450/450
f 654/654/654 444/444/444 443/443/443
f 348/348/348 442/442/442 654/654/654
f 443/443/443 348/348/348 654/654/654
f 648/648/648 348/348/348 443/443/443
f 443/443/443 342/342/342 332/332/332
f 332/332/332 345/345/345 648/648/648
f 648/648/648 443/443/443 332/332/332
f 646/646/646 642/642/642 650/650/650
f 635/635/635 347/347/347 646/646/646
f 650/650/650 635/635/635 646/646/646
f 642/642/642 348/348/348 648/648/648
f 648/648/648 650/650/650 642/642/642
f 650/650/650 648/648/648 345/345/345
f 345/345/345 649/649/649 650/650/650
f 635/635/635 650/650/650 649/649/649
f 649/649/649 334/334/334 635/635/635
f 625/625/625 349/349/349 626/626/626
f 626/626/626 628/628/628 625/625/625
f 628/628/628 626/626/626 620/620/620
f 620/620/620 627/627/627 628/628/628
f 623/623/623 628/628/628 627/627/627
f 627/627/627 621/621/621 623/623/623
f 622/622/622 621/621/621 627/627/627
f 627/627/627 620/620/620 350/350/350
f 350/350/350 611/611/611 622/622/622
f 622/622/622 627/627/627 350/350/350
f 622/622/622 611/611/611 617/617/617
f 626/626/626 349/349/349 629/629/629
f 632/632/632 620/620/620 626/626/626
f 629/629/629 632/632/632 626/626/626
f 629/629/629 334/334/334 630/630/630
f 630/630/630 632/632/632 629/629/629
f 632/632/632 630/630/630 344/344/344
f 344/344/344 631/631/631 632/632/632
f 620/620/620 632/632/632 631/631/631
f 631/631/631 350/350/350 620/620/620
f 617/617/617 611/611/611 618/618/618
f 618/618/618 619/619/619 617/617/617
f 619/619/619 618/618/618 613/613/613
f 613/613/613 614/614/614 619/619/619
f 618/618/618 611/611/611 350/350/350
f 612/612/612 613/613/613 618/618/618
f 350/350/350 612/612/612 618/618/618
f 614/614/614 613/613/613 615/615/615
f 615/615/615 616/616/616 614/614/614
f 640/640/640 347/347/347 641/641/641
f 639/639/639 637/637/637 636/636/636
f 636/636/636 638/638/638 639/639/639
f 637/637/637 634/634/634 641/641/641
f 641/641/641 347/347/347 635/635/635
f 635/635/635 636/636/636 637/637/637
f 637/637/637 641/641/641 635/635/635
f 636/636/636 635/635/635 334/334/334
f 334/334/334 629/629/629 636/636/636
f 633/633/633 624/624/624 638/638/638
f 638/638/638 636/636/636 629/629/629
f 629/629/629 349/349/349 633/633/633
f 633/633/633 638/638/638 629/629/629
f 633/633/633 349/349/349 625/625/625
f 568/568/568 431/431/431 432/432/432
f 432/432/432 433/433/433 568/568/568
f 430/430/430 566/566/566 429/429/429
f 429/429/429 566/566/566 428/428/428
f 431/431/431 565/565/565 430/430/430
f 568/568/568 433/433/433 329/329/329
f 329/329/329 567/567/567 568/568/568
f 565/565/565 566/566/566 430/430/430
f 427/427/427 428/428/428 560/560/560
f 560/560/560 428/428/428 566/566/566
f 426/426/426 427/427/427 560/560/560
f 563/563/563 567/567/567 562/562/562
f 568/568/568 565/565/565 431/431/431
f 567/567/567 329/329/329 656/656/656
f 425/425/425 426/426/426 561/561/561
f 560/560/560 561/561/561 426/426/426
f 558/558/558 424/424/424 425/425/425
f 558/558/558 423/423/423 424/424/424
f 423/423/423 557/557/557 422/422/422
f 422/422/422 557/557/557 421/421/421
f 558/558/558 425/425/425 561/561/561
f 558/558/558 557/557/557 423/423/423
f 543/543/543 420/420/420 421/421/421
f 553/553/553 418/418/418 419/419/419
f 419/419/419 420/420/420 543/543/543
f 553/553/553 417/417/417 418/418/418
f 417/417/417 544/544/544 416/416/416
f 416/416/416 549/549/549 415/415/415
f 421/421/421 557/557/557 543/543/543
f 419/419/419 543/543/543 553/553/553
f 417/417/417 553/553/553 544/544/544
f 415/415/415 549/549/549 414/414/414
f 548/548/548 549/549/549 544/544/544
f 414/414/414 549/549/549 541/541/541
f 413/413/413 414/414/414 541/541/541
f 544/544/544 549/549/549 416/416/416
f 545/545/545 546/546/546 562/562/562
f 567/567/567 656/656/656 562/562/562
f 656/656/656 545/545/545 562/562/562
f 521/521/521 337/337/337 545/545/545
f 656/656/656 521/521/521 545/545/545
f 521/521/521 656/656/656 335/335/335
f 656/656/656 657/657/657 341/341/341
f 341/341/341 335/335/335 656/656/656
f 411/411/411 412/412/412 540/540/540
f 540/540/540 410/410/410 411/411/411
f 533/533/533 409/409/409 410/410/410
f 533/533/533 408/408/408 409/409/409
f 407/407/407 408/408/408 537/537/537
f 541/541/541 412/412/412 413/413/413
f 410/410/410 540/540/540 533/533/533
f 407/407/407 539/539/539 406/406/406
f 408/408/408 533/533/533 537/537/537
f 531/531/531 405/405/405 406/406/406
f 404/404/404 405/405/405 531/531/531
f 539/539/539 531/531/531 406/406/406
f 523/523/523 530/530/530 531/531/531
f 537/537/537 539/539/539 407/407/407
f 412/412/412 541/541/541 540/540/540
f 403/403/403 404/404/404 530/530/530
f 531/531/531 530/530/530 404/404/404
f 402/402/402 403/403/403 530/530/530
f 524/524/524 401/401/401 402/402/402
f 401/401/401 524/524/524 400/400/400
f 524/524/524 528/528/528 400/400/400
f 524/524/524 402/402/402 530/530/530
f 398/398/398 529/529/529 527/527/527
f 400/400/400 529/529/529 399/399/399
f 398/398/398 399/399/399 529/529/529
f 514/514/514 496/496/496 513/513/513
f 496/496/496 398/398/398 527/527/527
f 397/397/397 398/398/398 496/496/496
f 528/528/528 529/529/529 400/400/400
f 397/397/397 496/496/496 396/396/396
f 395/395/395 496/496/496 514/514/514
f 396/396/396 496/496/496 395/395/395
f 394/394/394 395/395/395 514/514/514
f 393/393/393 394/394/394 514/514/514
f 392/392/392 393/393/393 508/508/508
f 508/508/508 393/393/393 514/514/514
f 511/511/511 391/391/391 508/508/508
f 392/392/392 508/508/508 391/391/391
f 471/471/471 388/388/388 511/511/511
f 390/390/390 391/391/391 511/511/511
f 389/389/389 390/390/390 511/511/511
f 511/511/511 388/388/388 389/389/389
f 388/388/388 471/471/471 387/387/387
f 509/509/509 471/471/471 511/511/511
f 386/386/386 471/471/471 501/501/501
f 502/502/502 386/386/386 501/501/501
f 387/387/387 471/471/471 386/386/386
f 384/384/384 385/385/385 502/502/502
f 386/386/386 502/502/502 385/385/385
f 384/384/384 500/500/500 383/383/383
f 502/502/502 500/500/500 384/384/384
f 383/383/383 495/495/495 382/382/382
f 491/491/491 499/499/499 486/486/486
f 381/381/381 495/495/495 499/499/499
f 381/381/381 382/382/382 495/495/495
f 378/378/378 491/491/491 493/493/493
f 499/499/499 380/380/380 381/381/381
f 491/491/491 380/380/380 499/499/499
f 500/500/500 495/495/495 383/383/383
f 493/493/493 489/489/489 377/377/377
f 379/379/379 491/491/491 378/378/378
f 376/376/376 377/377/377 489/489/489
f 493/493/493 377/377/377 378/378/378
f 376/376/376 470/470/470 375/375/375
f 470/470/470 376/376/376 489/489/489
f 379/379/379 380/380/380 491/491/491
f 375/375/375 470/470/470 374/374/374
f 484/484/484 374/374/374 470/470/470
f 373/373/373 374/374/374 484/484/484
f 485/485/485 373/373/373 484/484/484
f 372/372/372 373/373/373 485/485/485
f 370/370/370 371/371/371 473/473/473
f 372/372/372 473/473/473 371/371/371
f 372/372/372 485/485/485 473/473/473
f 657/657/657 331/331/331 339/339/339
f 339/339/339 341/341/341 657/657/657
f 331/331/331 658/658/658 346/346/346
f 346/346/346 339/339/339 331/331/331
f 658/658/658 344/344/344 346/346/346
f 344/344/344 658/658/658 659/659/659
f 612/612/612 631/631/631 659/659/659
f 344/344/344 659/659/659 631/631/631
f 615/615/615 612/612/612 659/659/659
f 350/350/350 631/631/631 612/612/612
f 633/633/633 586/586/586 587/587/587
f 587/587/587 624/624/624 633/633/633
f 634/634/634 593/593/593 641/641/641
f 594/594/594 641/641/641 593/593/593
f 640/640/640 597/597/597 647/647/647
f 641/641/641 595/595/595 640/640/640
f 641/641/641 594/594/594 595/595/595
f 595/595/595 596/596/596 640/640/640
f 590/590/590 639/639/639 589/589/589
f 589/589/589 639/639/639 638/638/638
f 589/589/589 624/624/624 588/588/588
f 587/587/587 588/588/588 624/624/624
f 593/593/593 634/634/634 592/592/592
f 591/591/591 592/592/592 634/634/634
f 591/591/591 634/634/634 637/637/637
f 591/591/591 639/639/639 590/590/590
f 639/639/639 591/591/591 637/637/637
f 638/638/638 624/624/624 589/589/589
f 569/569/569 616/616/616 615/615/615
f 619/619/619 575/575/575 617/617/617
f 577/577/577 617/617/617 576/576/576
f 617/617/617 575/575/575 576/576/576
f 614/614/614 573/573/573 619/619/619
f 572/572/572 614/614/614 616/616/616
f 571/571/571 616/616/616 570/570/570
f 616/616/616 571/571/571 572/572/572
f 574/574/574 575/575/575 619/619/619
f 573/573/573 574/574/574 619/619/619
f 614/614/614 572/572/572 573/573/573
f 569/569/569 570/570/570 616/616/616
f 569/569/569 615/615/615 659/659/659
f 623/623/623 583/583/583 628/628/628
f 625/625/625 628/628/628 583/583/583
f 586/586/586 633/633/633 585/585/585
f 585/585/585 633/633/633 625/625/625
f 625/625/625 584/584/584 585/585/585
f 584/584/584 625/625/625 583/583/583
f 580/580/580 621/621/621 579/579/579
f 579/579/579 621/621/621 622/622/622
f 578/578/578 579/579/579 622/622/622
f 578/578/578 622/622/622 577/577/577
f 583/583/583 623/623/623 582/582/582
f 581/581/581 582/582/582 623/623/623
f 621/621/621 581/581/581 623/623/623
f 581/581/581 621/621/621 580/580/580
f 577/577/577 622/622/622 617/617/617
f 615/615/615 613/613/613 612/612/612
f 475/475/475 369/369/369 370/370/370
f 475/475/475 370/370/370 473/473/473
f 472/472/472 368/368/368 475/475/475
f 368/368/368 369/369/369 475/475/475
f 368/368/368 468/468/468 367/367/367
f 468/468/468 366/366/366 367/367/367
f 368/368/368 472/472/472 468/468/468
f 365/365/365 469/469/469 458/458/458
f 363/363/363 364/364/364 458/458/458
f 365/365/365 366/366/366 469/469/469
f 463/463/463 361/361/361 466/466/466
f 458/458/458 364/364/364 365/365/365
f 363/363/363 458/458/458 466/466/466
f 468/468/468 469/469/469 366/366/366
f 363/363/363 466/466/466 362/362/362
f 465/465/465 359/359/359 463/463/463
f 362/362/362 466/466/466 361/361/361
f 361/361/361 463/463/463 360/360/360
f 360/360/360 463/463/463 359/359/359
f 359/359/359 465/465/465 358/358/358
f 358/358/358 465/465/465 455/455/455
f 455/455/455 356/356/356 357/357/357
f 358/358/358 455/455/455 357/357/357
f 457/457/457 356/356/356 455/455/455
f 446/446/446 354/354/354 457/457/457
f 355/355/355 356/356/356 457/457/457
f 354/354/354 355/355/355 457/457/457
f 354/354/354 446/446/446 353/353/353
f 353/353/353 446/446/446 448/448/448
f 449/449/449 452/452/452 451/451/451
f 651/651/651 605/605/605 655/655/655
f 603/603/603 651/651/651 653/653/653
f 652/652/652 602/602/602 653/653/653
f 607/607/607 449/449/449 655/655/655
f 602/602/602 652/652/652 601/601/601
f 602/602/602 603/603/603 653/653/653
f 599/599/599 643/643/643 644/644/644
f 597/597/597 598/598/598 647/647/647
f 644/644/644 647/647/647 598/598/598
f 600/600/600 601/601/601 643/643/643
f 599/599/599 600/600/600 643/643/643
f 599/599/599 644/644/644 598/598/598
f 652/652/652 643/643/643 601/601/601
f 351/351/351 448/448/448 445/445/445
f 333/333/333 445/445/445 454/454/454
f 351/351/351 352/352/352 448/448/448
f 333/333/333 351/351/351 445/445/445
f 333/333/333 454/454/454 610/610/610
f 610/610/610 454/454/454 452/452/452
f 353/353/353 448/448/448 352/352/352
f 655/655/655 606/606/606 607/607/607
f 606/606/606 655/655/655 605/605/605
f 604/604/604 605/605/605 651/651/651
f 608/608/608 609/609/609 452/452/452
f 449/449/449 608/608/608 452/452/452
f 607/607/607 608/608/608 449/449/449
f 610/610/610 452/452/452 609/609/609
f 604/604/604 651/651/651 603/603/603
f 640/640/640 596/596/596 597/597/597
f 660/660/660 661/661/661 746/746/746
f 746/746/746 747/747/747 660/660/660
f 748/748/748 745/745/745 744/744/744
f 744/744/744 749/749/749 748/748/748
f 749/749/749 744/744/744 743/743/743
f 743/743/743 750/750/750 749/749/749
f 747/747/747 746/746/746 745/745/745
f 745/745/745 748/748/748 747/747/747
f 751/751/751 742/742/742 741/741/741
f 741/741/741 752/752/752 751/751/751
f 753/753/753 740/740/740 739/739/739
f 739/739/739 754/754/754 753/753/753
f 754/754/754 739/739/739 738/738/738
f 738/738/738 755/755/755 754/754/754
f 752/752/752 741/741/741 740/740/740
f 740/740/740 753/753/753 752/752/752
f 750/750/750 743/743/743 742/742/742
f 742/742/742 751/751/751 750/750/750
f 756/756/756 737/737/737 736/736/736
f 736/736/736 757/757/757 756/756/756
f 758/758/758 735/735/735 734/734/734
f 734/734/734 759/759/759 758/758/758
f 759/759/759 734/734/734 733/733/733
f 733/733/733 760/760/760 759/759/759
f 757/757/757 736/736/736 735/735/735
f 735/735/735 758/758/758 757/757/757
f 761/761/761 732/732/732 731/731/731
f 731/731/731 762/762/762 761/761/761
f 762/762/762 731/731/731 730/730/730
f 730/730/730 763/763/763 762/762/762
f 764/764/764 729/729/729 728/728/728
f 728/728/728 765/765/765 764/764/764
f 765/765/765 728/728/728 727/727/727
f 727/727/727 766/766/766 765/765/765
f 763/763/763 730/730/730 729/729/729
f 729/729/729 764/764/764 763/763/763
f 760/760/760 733/733/733 732/732/732
f 732/732/732 761/761/761 760/760/760
f 755/755/755 738/738/738 737/737/737
f 737/737/737 756/756/756 755/755/755
f 767/767/767 726/726/726 725/725/725
f 725/725/725 768/768/768 767/767/767
f 769/769/769 724/724/724 723/723/723
f 723/723/723 770/770/770 769/769/769
f 770/770/770 723/723/723 722/722/722
f 722/722/722 771/771/771 770/770/770
f 768/768/768 725/725/725 724/724/724
f 724/724/724 769/769/769 768/768/768
f 772/772/772 721/721/721 720/720/720
f 720/720/720 773/773/773 772/772/772
f 774/774/774 719/719/719 718/718/718
f 718/718/718 775/775/775 774/774/774
f 775/775/775 718/718/718 717/717/717
f 717/717/717 776/776/776 775/775/775
f 773/773/773 720/720/720 719/719/719
f 719/719/719 774/774/774 773/773/773
f 771/771/771 722/722/722 721/721/721
f 721/721/721 772/772/772 771/771/771
f 777/777/777 716/716/716 715/715/715
f 715/715/715 778/778/778 777/777/777
f 779/779/779 714/714/714 713/713/713
f 713/713/713 780/780/780 779/779/779
f 780/780/780 713/713/713 712/712/712
f 712/712/712 781/781/781 780/780/780
f 778/778/778 715/715/715 714/714/714
f 714/714/714 779/779/779 778/778/778
f 782/782/782 711/711/711 710/710/710
f 710/710/710 783/783/783 782/782/782
f 783/783/783 710/710/710 709/709/709
f 709/709/709 784/784/784 783/783/783
f 785/785/785 708/708/708 707/707/707
f 707/707/707 786/786/786 785/785/785
f 786/786/786 707/707/707 706/706/706
f 706/706/706 787/787/787 786/786/786
f 784/784/784 709/709/709 708/708/708
f 708/708/708 785/785/785 784/784/784
f 781/781/781 712/712/712 711/711/711
f 711/711/711 782/782/782 781/781/781
f 776/776/776 717/717/717 716/716/716
f 716/716/716 777/777/777 776/776/776
f 766/766/766 727/727/727 726/726/726
f 726/726/726 767/767/767 766/766/766
f 787/787/787 706/706/706 705/705/705
f 705/705/705 788/788/788 787/787/787
f 789/789/789 704/704/704 703/703/703
f 703/703/703 790/790/790 789/789/789
f 791/791/791 702/702/702 701/701/701
f 701/701/701 792/792/792 791/791/791
f 792/792/792 701/701/701 700/700/700
f 700/700/700 793/793/793 792/792/792
f 790/790/790 703/703/703 702/702/702
f 702/702/702 791/791/791 790/790/790
f 794/794/794 699/699/699 698/698/698
f 698/698/698 795/795/795 794/794/794
f 796/796/796 697/697/697 696/696/696
f 696/696/696 797/797/797 796/796/796
f 797/797/797 696/696/696 695/695/695
f 695/695/695 798/798/798 797/797/797
f 795/795/795 698/698/698 697/697/697
f 697/697/697 796/796/796 795/795/795
f 793/793/793 700/700/700 699/699/699
f 699/699/699 794/794/794 793/793/793
f 799/799/799 694/694/694 693/693/693
f 693/693/693 800/800/800 799/799/799
f 801/801/801 692/692/692 691/691/691
f 691/691/691 802/802/802 801/801/801
f 802/802/802 691/691/691 690/690/690
f 690/690/690 803/803/803 802/802/802
f 800/800/800 693/693/693 692/692/692
f 692/692/692 801/801/801 800/800/800
f 804/804/804 689/689/689 688/688/688
f 688/688/688 805/805/805 804/804/804
f 805/805/805 688/688/688 687/687/687
f 687/687/687 806/806/806 805/805/805
f 807/807/807 686/686/686 685/685/685
f 685/685/685 808/808/808 807/807/807
f 808/808/808 685/685/685 684/684/684
f 684/684/684 809/809/809 808/808/808
f 806/806/806 687/687/687 686/686/686
f 686/686/686 807/807/807 806/806/806
f 803/803/803 690/690/690 689/689/689
f 689/689/689 804/804/804 803/803/803
f 798/798/798 695/695/695 694/694/694
f 694/694/694 799/799/799 798/798/798
f 810/810/810 683/683/683 682/682/682
f 682/682/682 811/811/811 810/810/810
f 812/812/812 681/681/681 680/680/680
f 680/680/680 813/813/813 812/812/812
f 813/813/813 680/680/680 679/679/679
f 679/679/679 814/814/814 813/813/813
f 811/811/811 682/682/682 681/681/681
f 681/681/681 812/812/812 811/811/811
f 815/815/815 678/678/678 677/677/677
f 677/677/677 816/816/816 815/815/815
f 817/817/817 676/676/676 675/675/675
f 675/675/675 818/818/818 817/817/817
f 818/818/818 675/675/675 674/674/674
f 674/674/674 819/819/819 818/818/818
f 816/816/816 677/677/677 676/676/676
f 676/676/676 817/817/817 816/816/816
f 814/814/814 679/679/679 678/678/678
f 678/678/678 815/815/815 814/814/814
f 820/820/820 673/673/673 672/672/672
f 672/672/672 821/821/821 820/820/820
f 822/822/822 671/671/671 670/670/670
f 670/670/670 823/823/823 822/822/822
f 823/823/823 670/670/670 669/669/669
f 669/669/669 824/824/824 823/823/823
f 821/821/821 672/672/672 671/671/671
f 671/671/671 822/822/822 821/821/821
f 825/825/825 668/668/668 667/667/667
f 667/667/667 826/826/826 825/825/825
f 826/826/826 667/667/667 666/666/666
f 666/666/666 827/827/827 826/826/826
f 828/828/828 665/665/665 664/664/664
f 664/664/664 829/829/829 828/828/828
f 829/829/829 664/664/664 663/663/663
f 663/663/663 662/662/662 829/829/829
f 827/827/827 666/666/666 665/665/665
f 665/665/665 828/828/828 827/827/827
f 824/824/824 669/669/669 668/668/668
f 668/668/668 825/825/825 824/824/824
f 819/819/819 674/674/674 673/673/673
f 673/673/673 820/820/820 819/819/819
f 809/809/809 684/684/684 683/683/683
f 683/683/683 810/810/810 809/809/809
f 704/704/704 789/789/789 788/788/788
f 788/788/788 705/705/705 704/704/704
f 1168/1168/1168 1002/1002/1002 830/830/830
f 1168/1168/1168 1003/1003/1003 1002/1002/1002
f 1169/1169/1169 1005/1005/1005 1004/1004/1004
f 1170/1170/1170 1007/1007/1007 1006/1006/1006
f 1169/1169/1169 1006/1006/1006 1005/1005/1005
f 1168/1168/1168 1004/1004/1004 1003/1003/1003
f 1008/1008/1008 1172/1172/1172 1171/1171/1171
f 1171/1171/1171 1009/1009/1009 1008/1008/1008
f 1171/1171/1171 1010/1010/1010 1009/1009/1009
f 1011/1011/1011 1174/1174/1174 1173/1173/1173
f 1173/1173/1173 1012/1012/1012 1011/1011/1011
f 1175/1175/1175 1014/1014/1014 1013/1013/1013
f 1173/1173/1173 1013/1013/1013 1012/1012/1012
f 1174/1174/1174 1011/1011/1011 1010/1010/1010
f 1007/1007/1007 1170/1170/1170 1172/1172/1172
f 1172/1172/1172 1008/1008/1008 1007/1007/1007
f 1015/1015/1015 1177/1177/1177 1176/1176/1176
f 1176/1176/1176 1016/1016/1016 1015/1015/1015
f 1176/1176/1176 1017/1017/1017 1016/1016/1016
f 1018/1018/1018 1179/1179/1179 1178/1178/1178
f 1178/1178/1178 1019/1019/1019 1018/1018/1018
f 1180/1180/1180 1021/1021/1021 1020/1020/1020
f 1019/1019/1019 1178/1178/1178 1180/1180/1180
f 1180/1180/1180 1020/1020/1020 1019/1019/1019
f 1179/1179/1179 1018/1018/1018 1017/1017/1017
f 1022/1022/1022 1182/1182/1182 1181/1181/1181
f 1181/1181/1181 1023/1023/1023 1022/1022/1022
f 1023/1023/1023 1181/1181/1181 1183/1183/1183
f 1183/1183/1183 1024/1024/1024 1023/1023/1023
f 1184/1184/1184 1026/1026/1026 1025/1025/1025
f 1027/1027/1027 1186/1186/1186 1185/1185/1185
f 1185/1185/1185 1028/1028/1028 1027/1027/1027
f 1026/1026/1026 1184/1184/1184 1186/1186/1186
f 1186/1186/1186 1027/1027/1027 1026/1026/1026
f 1183/1183/1183 1025/1025/1025 1024/1024/1024
f 1182/1182/1182 1022/1022/1022 1021/1021/1021
f 1014/1014/1014 1175/1175/1175 1177/1177/1177
f 1177/1177/1177 1015/1015/1015 1014/1014/1014
f 1168/1168/1168 917/917/917 916/916/916
f 916/916/916 1169/1169/1169 1168/1168/1168
f 1169/1169/1169 1004/1004/1004 1168/1168/1168
f 1170/1170/1170 1006/1006/1006 1169/1169/1169
f 1169/1169/1169 914/914/914 913/913/913
f 913/913/913 1170/1170/1170 1169/1169/1169
f 1172/1172/1172 912/912/912 911/911/911
f 911/911/911 1171/1171/1171 1172/1172/1172
f 1174/1174/1174 909/909/909 908/908/908
f 908/908/908 1173/1173/1173 1174/1174/1174
f 1171/1171/1171 1174/1174/1174 1010/1010/1010
f 1171/1171/1171 910/910/910 909/909/909
f 909/909/909 1174/1174/1174 1171/1171/1171
f 1170/1170/1170 913/913/913 912/912/912
f 912/912/912 1172/1172/1172 1170/1170/1170
f 1175/1175/1175 906/906/906 905/905/905
f 905/905/905 1177/1177/1177 1175/1175/1175
f 1177/1177/1177 905/905/905 904/904/904
f 904/904/904 1176/1176/1176 1177/1177/1177
f 1179/1179/1179 902/902/902 901/901/901
f 901/901/901 1178/1178/1178 1179/1179/1179
f 1180/1180/1180 900/900/900 899/899/899
f 899/899/899 1182/1182/1182 1180/1180/1180
f 1182/1182/1182 1021/1021/1021 1180/1180/1180
f 1178/1178/1178 901/901/901 900/900/900
f 900/900/900 1180/1180/1180 1178/1178/1178
f 1176/1176/1176 1179/1179/1179 1017/1017/1017
f 1176/1176/1176 904/904/904 903/903/903
f 903/903/903 1179/1179/1179 1176/1176/1176
f 1173/1173/1173 1175/1175/1175 1013/1013/1013
f 1173/1173/1173 908/908/908 907/907/907
f 907/907/907 1175/1175/1175 1173/1173/1173
f 1029/1029/1029 1187/1187/1187 1030/1030/1030
f 1030/1030/1030 1187/1187/1187 1188/1188/1188
f 1188/1188/1188 1031/1031/1031 1030/1030/1030
f 1033/1033/1033 1032/1032/1032 1189/1189/1189
f 1031/1031/1031 1188/1188/1188 1189/1189/1189
f 1189/1189/1189 1032/1032/1032 1031/1031/1031
f 1034/1034/1034 1033/1033/1033 1190/1190/1190
f 1183/1183/1183 895/895/895 894/894/894
f 894/894/894 1184/1184/1184 1183/1183/1183
f 1184/1184/1184 1025/1025/1025 1183/1183/1183
f 1186/1186/1186 893/893/893 892/892/892
f 892/892/892 1185/1185/1185 1186/1186/1186
f 1184/1184/1184 894/894/894 893/893/893
f 893/893/893 1186/1186/1186 1184/1184/1184
f 1187/1187/1187 890/890/890 889/889/889
f 889/889/889 1188/1188/1188 1187/1187/1187
f 1189/1189/1189 888/888/888 887/887/887
f 887/887/887 1190/1190/1190 1189/1189/1189
f 1033/1033/1033 1189/1189/1189 1190/1190/1190
f 1188/1188/1188 889/889/889 888/888/888
f 888/888/888 1189/1189/1189 1188/1188/1188
f 1187/1187/1187 1029/1029/1029 1185/1185/1185
f 1185/1185/1185 891/891/891 890/890/890
f 890/890/890 1187/1187/1187 1185/1185/1185
f 1191/1191/1191 1035/1035/1035 1034/1034/1034
f 1034/1034/1034 1190/1190/1190 1191/1191/1191
f 1181/1181/1181 897/897/897 896/896/896
f 896/896/896 1183/1183/1183 1181/1181/1181
f 1029/1029/1029 1028/1028/1028 1185/1185/1185
f 1182/1182/1182 898/898/898 897/897/897
f 897/897/897 1181/1181/1181 1182/1182/1182
f 831/831/831 1168/1168/1168 830/830/830
f 1035/1035/1035 1191/1191/1191 1192/1192/1192
f 1192/1192/1192 1036/1036/1036 1035/1035/1035
f 1192/1192/1192 1037/1037/1037 1036/1036/1036
f 1038/1038/1038 1194/1194/1194 1193/1193/1193
f 1193/1193/1193 1039/1039/1039 1038/1038/1038
f 1195/1195/1195 1041/1041/1041 1040/1040/1040
f 1039/1039/1039 1193/1193/1193 1195/1195/1195
f 1195/1195/1195 1040/1040/1040 1039/1039/1039
f 1194/1194/1194 1038/1038/1038 1037/1037/1037
f 1042/1042/1042 1197/1197/1197 1196/1196/1196
f 1196/1196/1196 1043/1043/1043 1042/1042/1042
f 1043/1043/1043 1196/1196/1196 1198/1198/1198
f 1198/1198/1198 1044/1044/1044 1043/1043/1043
f 1045/1045/1045 1044/1044/1044 1198/1198/1198
f 1046/1046/1046 1200/1200/1200 1199/1199/1199
f 1199/1199/1199 1047/1047/1047 1046/1046/1046
f 1046/1046/1046 1045/1045/1045 1200/1200/1200
f 1197/1197/1197 1042/1042/1042 1041/1041/1041
f 1048/1048/1048 1202/1202/1202 1201/1201/1201
f 1201/1201/1201 1049/1049/1049 1048/1048/1048
f 1050/1050/1050 1049/1049/1049 1201/1201/1201
f 1051/1051/1051 1204/1204/1204 1203/1203/1203
f 1203/1203/1203 1052/1052/1052 1051/1051/1051
f 1054/1054/1054 1053/1053/1053 1205/1205/1205
f 1052/1052/1052 1203/1203/1203 1205/1205/1205
f 1205/1205/1205 1053/1053/1053 1052/1052/1052
f 1051/1051/1051 1050/1050/1050 1204/1204/1204
f 1055/1055/1055 1207/1207/1207 1206/1206/1206
f 1206/1206/1206 1056/1056/1056 1055/1055/1055
f 1058/1058/1058 1057/1057/1057 1208/1208/1208
f 1056/1056/1056 1206/1206/1206 1208/1208/1208
f 1208/1208/1208 1057/1057/1057 1056/1056/1056
f 1059/1059/1059 1210/1210/1210 1209/1209/1209
f 1209/1209/1209 1060/1060/1060 1059/1059/1059
f 1062/1062/1062 1061/1061/1061 1211/1211/1211
f 1060/1060/1060 1209/1209/1209 1211/1211/1211
f 1211/1211/1211 1061/1061/1061 1060/1060/1060
f 1059/1059/1059 1058/1058/1058 1210/1210/1210
f 1055/1055/1055 1054/1054/1054 1207/1207/1207
f 1047/1047/1047 1199/1199/1199 1202/1202/1202
f 1202/1202/1202 1048/1048/1048 1047/1047/1047
f 1063/1063/1063 1213/1213/1213 1212/1212/1212
f 1212/1212/1212 1064/1064/1064 1063/1063/1063
f 1064/1064/1064 1212/1212/1212 1214/1214/1214
f 1214/1214/1214 1065/1065/1065 1064/1064/1064
f 1067/1067/1067 1066/1066/1066 1215/1215/1215
f 1068/1068/1068 1217/1217/1217 1216/1216/1216
f 1216/1216/1216 1069/1069/1069 1068/1068/1068
f 1067/1067/1067 1215/1215/1215 1217/1217/1217
f 1217/1217/1217 1068/1068/1068 1067/1067/1067
f 1066/1066/1066 1065/1065/1065 1214/1214/1214
f 1191/1191/1191 885/885/885 884/884/884
f 884/884/884 1192/1192/1192 1191/1191/1191
f 1194/1194/1194 1037/1037/1037 1192/1192/1192
f 1192/1192/1192 884/884/884 883/883/883
f 883/883/883 1194/1194/1194 1192/1192/1192
f 1193/1193/1193 881/881/881 880/880/880
f 880/880/880 1195/1195/1195 1193/1193/1193
f 1197/1197/1197 878/878/878 877/877/877
f 877/877/877 1196/1196/1196 1197/1197/1197
f 1195/1195/1195 1197/1197/1197 1041/1041/1041
f 1195/1195/1195 880/880/880 879/879/879
f 879/879/879 1197/1197/1197 1195/1195/1195
f 1194/1194/1194 882/882/882 881/881/881
f 881/881/881 1193/1193/1193 1194/1194/1194
f 1070/1070/1070 1069/1069/1069 1216/1216/1216
f 1213/1213/1213 1063/1063/1063 1062/1062/1062
f 1071/1071/1071 1070/1070/1070 1218/1218/1218
f 1071/1071/1071 1218/1218/1218 1219/1219/1219
f 1219/1219/1219 1072/1072/1072 1071/1071/1071
f 1073/1073/1073 1221/1221/1221 1220/1220/1220
f 1220/1220/1220 1074/1074/1074 1073/1073/1073
f 1076/1076/1076 1075/1075/1075 1222/1222/1222
f 1075/1075/1075 1074/1074/1074 1220/1220/1220
f 1072/1072/1072 1219/1219/1219 1221/1221/1221
f 1221/1221/1221 1073/1073/1073 1072/1072/1072
f 1078/1078/1078 1077/1077/1077 1223/1223/1223
f 1079/1079/1079 1225/1225/1225 1224/1224/1224
f 1224/1224/1224 1080/1080/1080 1079/1079/1079
f 1079/1079/1079 1078/1078/1078 1225/1225/1225
f 1082/1082/1082 1081/1081/1081 1226/1226/1226
f 1083/1083/1083 1228/1228/1228 1227/1227/1227
f 1227/1227/1227 1084/1084/1084 1083/1083/1083
f 1083/1083/1083 1082/1082/1082 1228/1228/1228
f 1080/1080/1080 1224/1224/1224 1226/1226/1226
f 1226/1226/1226 1081/1081/1081 1080/1080/1080
f 1076/1076/1076 1222/1222/1222 1223/1223/1223
f 1223/1223/1223 1077/1077/1077 1076/1076/1076
f 1084/1084/1084 1227/1227/1227 1229/1229/1229
f 1229/1229/1229 832/832/832 1084/1084/1084
f 1190/1190/1190 886/886/886 885/885/885
f 885/885/885 1191/1191/1191 1190/1190/1190
f 918/918/918 1168/1168/1168 831/831/831
f 917/917/917 1168/1168/1168 918/918/918
f 915/915/915 1169/1169/1169 916/916/916
f 915/915/915 914/914/914 1169/1169/1169
f 910/910/910 1171/1171/1171 911/911/911
f 906/906/906 1175/1175/1175 907/907/907
f 1045/1045/1045 1198/1198/1198 1200/1200/1200
f 1198/1198/1198 876/876/876 875/875/875
f 875/875/875 1200/1200/1200 1198/1198/1198
f 1199/1199/1199 873/873/873 872/872/872
f 872/872/872 1202/1202/1202 1199/1199/1199
f 1050/1050/1050 1201/1201/1201 1204/1204/1204
f 1200/1200/1200 874/874/874 873/873/873
f 873/873/873 1199/1199/1199 1200/1200/1200
f 1202/1202/1202 872/872/872 871/871/871
f 871/871/871 1201/1201/1201 1202/1202/1202
f 903/903/903 902/902/902 1179/1179/1179
f 899/899/899 898/898/898 1182/1182/1182
f 1201/1201/1201 870/870/870 869/869/869
f 869/869/869 1204/1204/1204 1201/1201/1201
f 1196/1196/1196 877/877/877 876/876/876
f 876/876/876 1198/1198/1198 1196/1196/1196
f 895/895/895 1183/1183/1183 896/896/896
f 892/892/892 891/891/891 1185/1185/1185
f 887/887/887 886/886/886 1190/1190/1190
f 878/878/878 1197/1197/1197 879/879/879
f 1200/1200/1200 875/875/875 874/874/874
f 1201/1201/1201 871/871/871 870/870/870
f 868/868/868 1203/1203/1203 1204/1204/1204
f 1204/1204/1204 869/869/869 868/868/868
f 883/883/883 882/882/882 1194/1194/1194
f 1203/1203/1203 868/868/868 867/867/867
f 867/867/867 1205/1205/1205 1203/1203/1203
f 1054/1054/1054 1205/1205/1205 1207/1207/1207
f 1205/1205/1205 866/866/866 865/865/865
f 865/865/865 1207/1207/1207 1205/1205/1205
f 864/864/864 1206/1206/1206 1207/1207/1207
f 1207/1207/1207 865/865/865 864/864/864
f 1208/1208/1208 862/862/862 861/861/861
f 861/861/861 1210/1210/1210 1208/1208/1208
f 1210/1210/1210 1058/1058/1058 1208/1208/1208
f 1206/1206/1206 864/864/864 863/863/863
f 863/863/863 1208/1208/1208 1206/1206/1206
f 866/866/866 1205/1205/1205 867/867/867
f 1209/1209/1209 860/860/860 859/859/859
f 859/859/859 1211/1211/1211 1209/1209/1209
f 1062/1062/1062 1211/1211/1211 1213/1213/1213
f 1213/1213/1213 857/857/857 856/856/856
f 856/856/856 1212/1212/1212 1213/1213/1213
f 1211/1211/1211 859/859/859 858/858/858
f 858/858/858 1213/1213/1213 1211/1211/1211
f 1210/1210/1210 861/861/861 860/860/860
f 860/860/860 1209/1209/1209 1210/1210/1210
f 1212/1212/1212 856/856/856 855/855/855
f 855/855/855 1214/1214/1214 1212/1212/1212
f 1214/1214/1214 855/855/855 854/854/854
f 854/854/854 1215/1215/1215 1214/1214/1214
f 1215/1215/1215 853/853/853 852/852/852
f 852/852/852 1217/1217/1217 1215/1215/1215
f 1216/1216/1216 851/851/851 850/850/850
f 850/850/850 1218/1218/1218 1216/1216/1216
f 1219/1219/1219 848/848/848 847/847/847
f 847/847/847 1221/1221/1221 1219/1219/1219
f 1218/1218/1218 849/849/849 848/848/848
f 848/848/848 1219/1219/1219 1218/1218/1218
f 1218/1218/1218 1070/1070/1070 1216/1216/1216
f 1217/1217/1217 852/852/852 851/851/851
f 851/851/851 1216/1216/1216 1217/1217/1217
f 1220/1220/1220 845/845/845 844/844/844
f 844/844/844 1222/1222/1222 1220/1220/1220
f 1223/1223/1223 843/843/843 842/842/842
f 842/842/842 1225/1225/1225 1223/1223/1223
f 1225/1225/1225 1078/1078/1078 1223/1223/1223
f 1222/1222/1222 844/844/844 843/843/843
f 843/843/843 1223/1223/1223 1222/1222/1222
f 1224/1224/1224 840/840/840 839/839/839
f 839/839/839 1226/1226/1226 1224/1224/1224
f 1082/1082/1082 1226/1226/1226 1228/1228/1228
f 1228/1228/1228 837/837/837 836/836/836
f 836/836/836 1227/1227/1227 1228/1228/1228
f 1226/1226/1226 838/838/838 837/837/837
f 837/837/837 1228/1228/1228 1226/1226/1226
f 1225/1225/1225 841/841/841 840/840/840
f 840/840/840 1224/1224/1224 1225/1225/1225
f 1222/1222/1222 1075/1075/1075 1220/1220/1220
f 1221/1221/1221 847/847/847 846/846/846
f 846/846/846 1220/1220/1220 1221/1221/1221
f 1215/1215/1215 1066/1066/1066 1214/1214/1214
f 835/835/835 1229/1229/1229 1227/1227/1227
f 1227/1227/1227 836/836/836 835/835/835
f 1208/1208/1208 863/863/863 862/862/862
f 1215/1215/1215 854/854/854 853/853/853
f 857/857/857 1213/1213/1213 858/858/858
f 1218/1218/1218 850/850/850 849/849/849
f 845/845/845 1220/1220/1220 846/846/846
f 841/841/841 1225/1225/1225 842/842/842
f 1226/1226/1226 839/839/839 838/838/838
f 832/832/832 1229/1229/1229 1230/1230/1230
f 1230/1230/1230 1085/1085/1085 832/832/832
f 1230/1230/1230 1086/1086/1086 1085/1085/1085
f 1231/1231/1231 1087/1087/1087 1086/1086/1086
f 1232/1232/1232 1089/1089/1089 1088/1088/1088
f 1090/1090/1090 1234/1234/1234 1233/1233/1233
f 1233/1233/1233 1091/1091/1091 1090/1090/1090
f 1234/1234/1234 1090/1090/1090 1089/1089/1089
f 1087/1087/1087 1231/1231/1231 1232/1232/1232
f 1232/1232/1232 1088/1088/1088 1087/1087/1087
f 1235/1235/1235 1093/1093/1093 1092/1092/1092
f 1236/1236/1236 1094/1094/1094 1093/1093/1093
f 1237/1237/1237 1096/1096/1096 1095/1095/1095
f 1097/1097/1097 1239/1239/1239 1238/1238/1238
f 1238/1238/1238 1098/1098/1098 1097/1097/1097
f 1239/1239/1239 1097/1097/1097 1096/1096/1096
f 1094/1094/1094 1236/1236/1236 1237/1237/1237
f 1237/1237/1237 1095/1095/1095 1094/1094/1094
f 1091/1091/1091 1233/1233/1233 1235/1235/1235
f 1235/1235/1235 1092/1092/1092 1091/1091/1091
f 1240/1240/1240 1100/1100/1100 1099/1099/1099
f 1241/1241/1241 1101/1101/1101 1100/1100/1100
f 1102/1102/1102 1243/1243/1243 1242/1242/1242
f 1242/1242/1242 1103/1103/1103 1102/1102/1102
f 1244/1244/1244 1105/1105/1105 1104/1104/1104
f 1242/1242/1242 1104/1104/1104 1103/1103/1103
f 1101/1101/1101 1241/1241/1241 1243/1243/1243
f 1243/1243/1243 1102/1102/1102 1101/1101/1101
f 1106/1106/1106 1246/1246/1246 1245/1245/1245
f 1245/1245/1245 1107/1107/1107 1106/1106/1106
f 1245/1245/1245 1108/1108/1108 1107/1107/1107
f 1109/1109/1109 1248/1248/1248 1247/1247/1247
f 1247/1247/1247 1110/1110/1110 1109/1109/1109
f 1249/1249/1249 1112/1112/1112 1111/1111/1111
f 1110/1110/1110 1247/1247/1247 1249/1249/1249
f 1249/1249/1249 1111/1111/1111 1110/1110/1110
f 1248/1248/1248 1109/1109/1109 1108/1108/1108
f 1105/1105/1105 1244/1244/1244 1246/1246/1246
f 1246/1246/1246 1106/1106/1106 1105/1105/1105
f 1098/1098/1098 1238/1238/1238 1240/1240/1240
f 1240/1240/1240 1099/1099/1099 1098/1098/1098
f 1230/1230/1230 1000/1000/1000 999/999/999
f 999/999/999 1231/1231/1231 1230/1230/1230
f 1231/1231/1231 1086/1086/1086 1230/1230/1230
f 1231/1231/1231 999/999/999 998/998/998
f 998/998/998 1232/1232/1232 1231/1231/1231
f 1234/1234/1234 996/996/996 995/995/995
f 995/995/995 1233/1233/1233 1234/1234/1234
f 1235/1235/1235 993/993/993 992/992/992
f 992/992/992 1236/1236/1236 1235/1235/1235
f 1236/1236/1236 1093/1093/1093 1235/1235/1235
f 1233/1233/1233 995/995/995 994/994/994
f 994/994/994 1235/1235/1235 1233/1233/1233
f 1232/1232/1232 1234/1234/1234 1089/1089/1089
f 1232/1232/1232 997/997/997 996/996/996
f 996/996/996 1234/1234/1234 1232/1232/1232
f 1237/1237/1237 991/991/991 990/990/990
f 990/990/990 1239/1239/1239 1237/1237/1237
f 1239/1239/1239 1096/1096/1096 1237/1237/1237
f 1239/1239/1239 989/989/989 988/988/988
f 988/988/988 1238/1238/1238 1239/1239/1239
f 1240/1240/1240 987/987/987 986/986/986
f 986/986/986 1241/1241/1241 1240/1240/1240
f 1241/1241/1241 1100/1100/1100 1240/1240/1240
f 1243/1243/1243 984/984/984 983/983/983
f 983/983/983 1242/1242/1242 1243/1243/1243
f 1241/1241/1241 985/985/985 984/984/984
f 984/984/984 1243/1243/1243 1241/1241/1241
f 1238/1238/1238 988/988/988 987/987/987
f 987/987/987 1240/1240/1240 1238/1238/1238
f 1236/1236/1236 992/992/992 991/991/991
f 991/991/991 1237/1237/1237 1236/1236/1236
f 1104/1104/1104 1242/1242/1242 1244/1244/1244
f 1244/1244/1244 981/981/981 980/980/980
f 980/980/980 1246/1246/1246 1244/1244/1244
f 1113/1113/1113 1251/1251/1251 1250/1250/1250
f 1250/1250/1250 1114/1114/1114 1113/1113/1113
f 1116/1116/1116 1115/1115/1115 1252/1252/1252
f 1114/1114/1114 1250/1250/1250 1252/1252/1252
f 1252/1252/1252 1115/1115/1115 1114/1114/1114
f 1117/1117/1117 1116/1116/1116 1253/1253/1253
f 1245/1245/1245 978/978/978 977/977/977
f 977/977/977 1248/1248/1248 1245/1245/1245
f 1248/1248/1248 1108/1108/1108 1245/1245/1245
f 1247/1247/1247 976/976/976 975/975/975
f 975/975/975 1249/1249/1249 1247/1247/1247
f 1248/1248/1248 977/977/977 976/976/976
f 976/976/976 1247/1247/1247 1248/1248/1248
f 1251/1251/1251 973/973/973 972/972/972
f 972/972/972 1250/1250/1250 1251/1251/1251
f 1252/1252/1252 971/971/971 970/970/970
f 970/970/970 1253/1253/1253 1252/1252/1252
f 1116/1116/1116 1252/1252/1252 1253/1253/1253
f 1250/1250/1250 972/972/972 971/971/971
f 971/971/971 1252/1252/1252 1250/1250/1250
f 1251/1251/1251 1113/1113/1113 1112/1112/1112
f 1112/1112/1112 1249/1249/1249 1251/1251/1251
f 1249/1249/1249 974/974/974 973/973/973
f 973/973/973 1251/1251/1251 1249/1249/1249
f 1254/1254/1254 1118/1118/1118 1117/1117/1117
f 1117/1117/1117 1253/1253/1253 1254/1254/1254
f 1246/1246/1246 980/980/980 979/979/979
f 979/979/979 1245/1245/1245 1246/1246/1246
f 1242/1242/1242 983/983/983 982/982/982
f 982/982/982 1244/1244/1244 1242/1242/1242
f 1229/1229/1229 835/835/835 1001/1001/1001
f 1001/1001/1001 1230/1230/1230 1229/1229/1229
f 1118/1118/1118 1254/1254/1254 1255/1255/1255
f 1255/1255/1255 1119/1119/1119 1118/1118/1118
f 1255/1255/1255 1120/1120/1120 1119/1119/1119
f 1121/1121/1121 1257/1257/1257 1256/1256/1256
f 1256/1256/1256 1122/1122/1122 1121/1121/1121
f 1258/1258/1258 1124/1124/1124 1123/1123/1123
f 1122/1122/1122 1256/1256/1256 1258/1258/1258
f 1258/1258/1258 1123/1123/1123 1122/1122/1122
f 1257/1257/1257 1121/1121/1121 1120/1120/1120
f 1125/1125/1125 1260/1260/1260 1259/1259/1259
f 1259/1259/1259 1126/1126/1126 1125/1125/1125
f 1126/1126/1126 1259/1259/1259 1261/1261/1261
f 1261/1261/1261 1127/1127/1127 1126/1126/1126
f 1128/1128/1128 1127/1127/1127 1261/1261/1261
f 1129/1129/1129 1263/1263/1263 1262/1262/1262
f 1262/1262/1262 1130/1130/1130 1129/1129/1129
f 1129/1129/1129 1128/1128/1128 1263/1263/1263
f 1260/1260/1260 1125/1125/1125 1124/1124/1124
f 1131/1131/1131 1265/1265/1265 1264/1264/1264
f 1264/1264/1264 1132/1132/1132 1131/1131/1131
f 1133/1133/1133 1132/1132/1132 1264/1264/1264
f 1134/1134/1134 1267/1267/1267 1266/1266/1266
f 1266/1266/1266 1135/1135/1135 1134/1134/1134
f 1137/1137/1137 1136/1136/1136 1268/1268/1268
f 1135/1135/1135 1266/1266/1266 1268/1268/1268
f 1268/1268/1268 1136/1136/1136 1135/1135/1135
f 1134/1134/1134 1133/1133/1133 1267/1267/1267
f 1138/1138/1138 1270/1270/1270 1269/1269/1269
f 1269/1269/1269 1139/1139/1139 1138/1138/1138
f 1141/1141/1141 1140/1140/1140 1271/1271/1271
f 1139/1139/1139 1269/1269/1269 1271/1271/1271
f 1271/1271/1271 1140/1140/1140 1139/1139/1139
f 1142/1142/1142 1273/1273/1273 1272/1272/1272
f 1272/1272/1272 1143/1143/1143 1142/1142/1142
f 1145/1145/1145 1144/1144/1144 1274/1274/1274
f 1143/1143/1143 1272/1272/1272 1274/1274/1274
f 1274/1274/1274 1144/1144/1144 1143/1143/1143
f 1142/1142/1142 1141/1141/1141 1273/1273/1273
f 1138/1138/1138 1137/1137/1137 1270/1270/1270
f 1130/1130/1130 1262/1262/1262 1265/1265/1265
f 1265/1265/1265 1131/1131/1131 1130/1130/1130
f 1146/1146/1146 1276/1276/1276 1275/1275/1275
f 1275/1275/1275 1147/1147/1147 1146/1146/1146
f 1147/1147/1147 1275/1275/1275 1277/1277/1277
f 1277/1277/1277 1148/1148/1148 1147/1147/1147
f 1150/1150/1150 1149/1149/1149 1278/1278/1278
f 1151/1151/1151 1280/1280/1280 1279/1279/1279
f 1279/1279/1279 1152/1152/1152 1151/1151/1151
f 1150/1150/1150 1278/1278/1278 1280/1280/1280
f 1280/1280/1280 1151/1151/1151 1150/1150/1150
f 1149/1149/1149 1148/1148/1148 1277/1277/1277
f 1254/1254/1254 968/968/968 967/967/967
f 967/967/967 1255/1255/1255 1254/1254/1254
f 1257/1257/1257 1120/1120/1120 1255/1255/1255
f 1255/1255/1255 967/967/967 966/966/966
f 966/966/966 1257/1257/1257 1255/1255/1255
f 1256/1256/1256 964/964/964 963/963/963
f 963/963/963 1258/1258/1258 1256/1256/1256
f 1260/1260/1260 961/961/961 960/960/960
f 960/960/960 1259/1259/1259 1260/1260/1260
f 1258/1258/1258 1260/1260/1260 1124/1124/1124
f 1258/1258/1258 963/963/963 962/962/962
f 962/962/962 1260/1260/1260 1258/1258/1258
f 1257/1257/1257 965/965/965 964/964/964
f 964/964/964 1256/1256/1256 1257/1257/1257
f 1153/1153/1153 1152/1152/1152 1279/1279/1279
f 1276/1276/1276 1146/1146/1146 1145/1145/1145
f 1154/1154/1154 1153/1153/1153 1281/1281/1281
f 1154/1154/1154 1281/1281/1281 1282/1282/1282
f 1282/1282/1282 1155/1155/1155 1154/1154/1154
f 1156/1156/1156 1284/1284/1284 1283/1283/1283
f 1283/1283/1283 1157/1157/1157 1156/1156/1156
f 1159/1159/1159 1158/1158/1158 1285/1285/1285
f 1158/1158/1158 1157/1157/1157 1283/1283/1283
f 1155/1155/1155 1282/1282/1282 1284/1284/1284
f 1284/1284/1284 1156/1156/1156 1155/1155/1155
f 1161/1161/1161 1160/1160/1160 1286/1286/1286
f 1162/1162/1162 1288/1288/1288 1287/1287/1287
f 1287/1287/1287 1163/1163/1163 1162/1162/1162
f 1162/1162/1162 1161/1161/1161 1288/1288/1288
f 1165/1165/1165 1164/1164/1164 1289/1289/1289
f 1166/1166/1166 1291/1291/1291 1290/1290/1290
f 1290/1290/1290 1167/1167/1167 1166/1166/1166
f 1166/1166/1166 1165/1165/1165 1291/1291/1291
f 1163/1163/1163 1287/1287/1287 1289/1289/1289
f 1289/1289/1289 1164/1164/1164 1163/1163/1163
f 1159/1159/1159 1285/1285/1285 1286/1286/1286
f 1286/1286/1286 1160/1160/1160 1159/1159/1159
f 833/833/833 1167/1167/1167 1290/1290/1290
f 1253/1253/1253 969/969/969 968/968/968
f 968/968/968 1254/1254/1254 1253/1253/1253
f 1000/1000/1000 1230/1230/1230 1001/1001/1001
f 998/998/998 997/997/997 1232/1232/1232
f 993/993/993 1235/1235/1235 994/994/994
f 989/989/989 1239/1239/1239 990/990/990
f 1128/1128/1128 1261/1261/1261 1263/1263/1263
f 1261/1261/1261 959/959/959 958/958/958
f 958/958/958 1263/1263/1263 1261/1261/1261
f 1262/1262/1262 956/956/956 955/955/955
f 955/955/955 1265/1265/1265 1262/1262/1262
f 1133/1133/1133 1264/1264/1264 1267/1267/1267
f 1263/1263/1263 957/957/957 956/956/956
f 956/956/956 1262/1262/1262 1263/1263/1263
f 1265/1265/1265 955/955/955 954/954/954
f 954/954/954 1264/1264/1264 1265/1265/1265
f 986/986/986 985/985/985 1241/1241/1241
f 982/982/982 981/981/981 1244/1244/1244
f 1264/1264/1264 953/953/953 952/952/952
f 952/952/952 1267/1267/1267 1264/1264/1264
f 1259/1259/1259 960/960/960 959/959/959
f 959/959/959 1261/1261/1261 1259/1259/1259
f 978/978/978 1245/1245/1245 979/979/979
f 975/975/975 974/974/974 1249/1249/1249
f 970/970/970 969/969/969 1253/1253/1253
f 961/961/961 1260/1260/1260 962/962/962
f 1263/1263/1263 958/958/958 957/957/957
f 1264/1264/1264 954/954/954 953/953/953
f 951/951/951 1266/1266/1266 1267/1267/1267
f 1267/1267/1267 952/952/952 951/951/951
f 966/966/966 965/965/965 1257/1257/1257
f 1266/1266/1266 951/951/951 950/950/950
f 950/950/950 1268/1268/1268 1266/1266/1266
f 1137/1137/1137 1268/1268/1268 1270/1270/1270
f 1268/1268/1268 949/949/949 948/948/948
f 948/948/948 1270/1270/1270 1268/1268/1268
f 946/946/946 1271/1271/1271 1269/1269/1269
f 1269/1269/1269 947/947/947 946/946/946
f 1271/1271/1271 945/945/945 944/944/944
f 944/944/944 1273/1273/1273 1271/1271/1271
f 1273/1273/1273 1141/1141/1141 1271/1271/1271
f 1270/1270/1270 948/948/948 947/947/947
f 947/947/947 1269/1269/1269 1270/1270/1270
f 949/949/949 1268/1268/1268 950/950/950
f 1272/1272/1272 943/943/943 942/942/942
f 942/942/942 1274/1274/1274 1272/1272/1272
f 1145/1145/1145 1274/1274/1274 1276/1276/1276
f 1276/1276/1276 940/940/940 939/939/939
f 939/939/939 1275/1275/1275 1276/1276/1276
f 1274/1274/1274 942/942/942 941/941/941
f 941/941/941 1276/1276/1276 1274/1274/1274
f 1273/1273/1273 944/944/944 943/943/943
f 943/943/943 1272/1272/1272 1273/1273/1273
f 1275/1275/1275 939/939/939 938/938/938
f 938/938/938 1277/1277/1277 1275/1275/1275
f 1149/1149/1149 1277/1277/1277 1278/1278/1278
f 1277/1277/1277 938/938/938 937/937/937
f 937/937/937 1278/1278/1278 1277/1277/1277
f 1280/1280/1280 935/935/935 934/934/934
f 934/934/934 1279/1279/1279 1280/1280/1280
f 1153/1153/1153 1279/1279/1279 1281/1281/1281
f 1281/1281/1281 932/932/932 931/931/931
f 931/931/931 1282/1282/1282 1281/1281/1281
f 1279/1279/1279 934/934/934 933/933/933
f 933/933/933 1281/1281/1281 1279/1279/1279
f 1278/1278/1278 936/936/936 935/935/935
f 935/935/935 1280/1280/1280 1278/1278/1278
f 1284/1284/1284 930/930/930 929/929/929
f 929/929/929 1283/1283/1283 1284/1284/1284
f 1158/1158/1158 1283/1283/1283 1285/1285/1285
f 1285/1285/1285 927/927/927 926/926/926
f 926/926/926 1286/1286/1286 1285/1285/1285
f 1161/1161/1161 1286/1286/1286 1288/1288/1288
f 1283/1283/1283 928/928/928 927/927/927
f 927/927/927 1285/1285/1285 1283/1283/1283
f 1288/1288/1288 924/924/924 923/923/923
f 923/923/923 1287/1287/1287 1288/1288/1288
f 1289/1289/1289 921/921/921 920/920/920
f 920/920/920 1291/1291/1291 1289/1289/1289
f 1291/1291/1291 1165/1165/1165 1289/1289/1289
f 1287/1287/1287 923/923/923 922/922/922
f 922/922/922 1289/1289/1289 1287/1287/1287
f 1286/1286/1286 926/926/926 925/925/925
f 925/925/925 1288/1288/1288 1286/1286/1286
f 1282/1282/1282 931/931/931 930/930/930
f 930/930/930 1284/1284/1284 1282/1282/1282
f 1291/1291/1291 920/920/920 919/919/919
f 919/919/919 1290/1290/1290 1291/1291/1291
f 1271/1271/1271 946/946/946 945/945/945
f 1276/1276/1276 941/941/941 940/940/940
f 936/936/936 1278/1278/1278 937/937/937
f 1283/1283/1283 929/929/929 928/928/928
f 1288/1288/1288 925/925/925 924/924/924
f 1290/1290/1290 919/919/919 834/834/834
f 921/921/921 1289/1289/1289 922/922/922
f 932/932/932 1281/1281/1281 933/933/933
f 834/834/834 833/833/833 1290/1290/1290
f 1292/1292/1292 1293/1293/1293 1449/1449/1449
f 1449/1449/1449 1298/1298/1298 1292/1292/1292
f 1299/1299/1299 1448/1448/1448 1447/1447/1447
f 1447/1447/1447 1300/1300/1300 1299/1299/1299
f 1298/1298/1298 1449/1449/1449 1448/1448/1448
f 1448/1448/1448 1299/1299/1299 1298/1298/1298
f 1446/1446/1446 1302/1302/1302 1301/1301/1301
f 1303/1303/1303 1445/1445/1445 1444/1444/1444
f 1444/1444/1444 1304/1304/1304 1303/1303/1303
f 1304/1304/1304 1444/1444/1444 1443/1443/1443
f 1443/1443/1443 1305/1305/1305 1304/1304/1304
f 1302/1302/1302 1446/1446/1446 1445/1445/1445
f 1445/1445/1445 1303/1303/1303 1302/1302/1302
f 1447/1447/1447 1301/1301/1301 1300/1300/1300
f 1442/1442/1442 1307/1307/1307 1306/1306/1306
f 1440/1440/1440 1309/1309/1309 1308/1308/1308
f 1309/1309/1309 1440/1440/1440 1439/1439/1439
f 1439/1439/1439 1310/1310/1310 1309/1309/1309
f 1441/1441/1441 1308/1308/1308 1307/1307/1307
f 1311/1311/1311 1438/1438/1438 1437/1437/1437
f 1437/1437/1437 1312/1312/1312 1311/1311/1311
f 1313/1313/1313 1436/1436/1436 1435/1435/1435
f 1435/1435/1435 1314/1314/1314 1313/1313/1313
f 1435/1435/1435 1315/1315/1315 1314/1314/1314
f 1312/1312/1312 1437/1437/1437 1436/1436/1436
f 1436/1436/1436 1313/1313/1313 1312/1312/1312
f 1310/1310/1310 1439/1439/1439 1438/1438/1438
f 1438/1438/1438 1311/1311/1311 1310/1310/1310
f 1305/1305/1305 1443/1443/1443 1442/1442/1442
f 1442/1442/1442 1306/1306/1306 1305/1305/1305
f 1316/1316/1316 1434/1434/1434 1433/1433/1433
f 1433/1433/1433 1317/1317/1317 1316/1316/1316
f 1318/1318/1318 1432/1432/1432 1431/1431/1431
f 1431/1431/1431 1319/1319/1319 1318/1318/1318
f 1319/1319/1319 1431/1431/1431 1430/1430/1430
f 1430/1430/1430 1320/1320/1320 1319/1319/1319
f 1317/1317/1317 1433/1433/1433 1432/1432/1432
f 1432/1432/1432 1318/1318/1318 1317/1317/1317
f 1429/1429/1429 1322/1322/1322 1321/1321/1321
f 1323/1323/1323 1428/1428/1428 1427/1427/1427
f 1427/1427/1427 1324/1324/1324 1323/1323/1323
f 1324/1324/1324 1427/1427/1427 1426/1426/1426
f 1426/1426/1426 1325/1325/1325 1324/1324/1324
f 1428/1428/1428 1323/1323/1323 1322/1322/1322
f 1320/1320/1320 1430/1430/1430 1429/1429/1429
f 1429/1429/1429 1321/1321/1321 1320/1320/1320
f 1326/1326/1326 1425/1425/1425 1424/1424/1424
f 1424/1424/1424 1327/1327/1327 1326/1326/1326
f 1423/1423/1423 1329/1329/1329 1328/1328/1328
f 1422/1422/1422 1330/1330/1330 1329/1329/1329
f 1327/1327/1327 1424/1424/1424 1423/1423/1423
f 1423/1423/1423 1328/1328/1328 1327/1327/1327
f 1331/1331/1331 1421/1421/1421 1420/1420/1420
f 1420/1420/1420 1332/1332/1332 1331/1331/1331
f 1333/1333/1333 1419/1419/1419 1418/1418/1418
f 1418/1418/1418 1334/1334/1334 1333/1333/1333
f 1334/1334/1334 1418/1418/1418 1417/1417/1417
f 1417/1417/1417 1335/1335/1335 1334/1334/1334
f 1332/1332/1332 1420/1420/1420 1419/1419/1419
f 1419/1419/1419 1333/1333/1333 1332/1332/1332
f 1330/1330/1330 1422/1422/1422 1421/1421/1421
f 1421/1421/1421 1331/1331/1331 1330/1330/1330
f 1325/1325/1325 1426/1426/1426 1425/1425/1425
f 1425/1425/1425 1326/1326/1326 1325/1325/1325
f 1315/1315/1315 1435/1435/1435 1434/1434/1434
f 1434/1434/1434 1316/1316/1316 1315/1315/1315
f 1446/1446/1446 1301/1301/1301 1447/1447/1447
f 1441/1441/1441 1307/1307/1307 1442/1442/1442
f 1441/1441/1441 1440/1440/1440 1308/1308/1308
f 1429/1429/1429 1428/1428/1428 1322/1322/1322
f 1337/1337/1337 1416/1416/1416 1415/1415/1415
f 1415/1415/1415 1338/1338/1338 1337/1337/1337
f 1416/1416/1416 1337/1337/1337 1336/1336/1336
f 1295/1295/1295 1294/1294/1294 1338/1338/1338
f 1338/1338/1338 1415/1415/1415 1295/1295/1295
f 1423/1423/1423 1422/1422/1422 1329/1329/1329
f 1336/1336/1336 1417/1417/1417 1416/1416/1416
f 1336/1336/1336 1335/1335/1335 1417/1417/1417
f 1339/1339/1339 1414/1414/1414 1413/1413/1413
f 1413/1413/1413 1340/1340/1340 1339/1339/1339
f 1412/1412/1412 1342/1342/1342 1341/1341/1341
f 1340/1340/1340 1413/1413/1413 1412/1412/1412
f 1412/1412/1412 1341/1341/1341 1340/1340/1340
f 1343/1343/1343 1411/1411/1411 1410/1410/1410
f 1410/1410/1410 1344/1344/1344 1343/1343/1343
f 1345/1345/1345 1409/1409/1409 1408/1408/1408
f 1408/1408/1408 1346/1346/1346 1345/1345/1345
f 1346/1346/1346 1408/1408/1408 1407/1407/1407
f 1407/1407/1407 1347/1347/1347 1346/1346/1346
f 1344/1344/1344 1410/1410/1410 1409/1409/1409
f 1409/1409/1409 1345/1345/1345 1344/1344/1344
f 1411/1411/1411 1343/1343/1343 1342/1342/1342
f 1406/1406/1406 1349/1349/1349 1348/1348/1348
f 1350/1350/1350 1405/1405/1405 1404/1404/1404
f 1404/1404/1404 1351/1351/1351 1350/1350/1350
f 1351/1351/1351 1404/1404/1404 1403/1403/1403
f 1403/1403/1403 1352/1352/1352 1351/1351/1351
f 1405/1405/1405 1350/1350/1350 1349/1349/1349
f 1353/1353/1353 1402/1402/1402 1401/1401/1401
f 1401/1401/1401 1354/1354/1354 1353/1353/1353
f 1400/1400/1400 1356/1356/1356 1355/1355/1355
f 1399/1399/1399 1357/1357/1357 1356/1356/1356
f 1354/1354/1354 1401/1401/1401 1400/1400/1400
f 1400/1400/1400 1355/1355/1355 1354/1354/1354
f 1352/1352/1352 1403/1403/1403 1402/1402/1402
f 1402/1402/1402 1353/1353/1353 1352/1352/1352
f 1347/1347/1347 1407/1407/1407 1406/1406/1406
f 1406/1406/1406 1348/1348/1348 1347/1347/1347
f 1358/1358/1358 1398/1398/1398 1397/1397/1397
f 1397/1397/1397 1359/1359/1359 1358/1358/1358
f 1360/1360/1360 1396/1396/1396 1395/1395/1395
f 1395/1395/1395 1361/1361/1361 1360/1360/1360
f 1361/1361/1361 1395/1395/1395 1394/1394/1394
f 1394/1394/1394 1362/1362/1362 1361/1361/1361
f 1359/1359/1359 1397/1397/1397 1396/1396/1396
f 1396/1396/1396 1360/1360/1360 1359/1359/1359
f 1393/1393/1393 1364/1364/1364 1363/1363/1363
f 1365/1365/1365 1392/1392/1392 1391/1391/1391
f 1391/1391/1391 1366/1366/1366 1365/1365/1365
f 1366/1366/1366 1391/1391/1391 1390/1390/1390
f 1390/1390/1390 1367/1367/1367 1366/1366/1366
f 1364/1364/1364 1393/1393/1393 1392/1392/1392
f 1392/1392/1392 1365/1365/1365 1364/1364/1364
f 1394/1394/1394 1363/1363/1363 1362/1362/1362
f 1389/1389/1389 1369/1369/1369 1368/1368/1368
f 1370/1370/1370 1388/1388/1388 1387/1387/1387
f 1387/1387/1387 1371/1371/1371 1370/1370/1370
f 1371/1371/1371 1387/1387/1387 1386/1386/1386
f 1386/1386/1386 1372/1372/1372 1371/1371/1371
f 1388/1388/1388 1370/1370/1370 1369/1369/1369
f 1373/1373/1373 1385/1385/1385 1384/1384/1384
f 1384/1384/1384 1374/1374/1374 1373/1373/1373
f 1375/1375/1375 1383/1383/1383 1382/1382/1382
f 1382/1382/1382 1376/1376/1376 1375/1375/1375
f 1382/1382/1382 1377/1377/1377 1376/1376/1376
f 1374/1374/1374 1384/1384/1384 1383/1383/1383
f 1383/1383/1383 1375/1375/1375 1374/1374/1374
f 1372/1372/1372 1386/1386/1386 1385/1385/1385
f 1385/1385/1385 1373/1373/1373 1372/1372/1372
f 1367/1367/1367 1390/1390/1390 1389/1389/1389
f 1389/1389/1389 1368/1368/1368 1367/1367/1367
f 1357/1357/1357 1399/1399/1399 1398/1398/1398
f 1398/1398/1398 1358/1358/1358 1357/1357/1357
f 1414/1414/1414 1339/1339/1339 1294/1294/1294
f 1294/1294/1294 1295/1295/1295 1414/1414/1414
f 1411/1411/1411 1342/1342/1342 1412/1412/1412
f 1399/1399/1399 1356/1356/1356 1400/1400/1400
f 1406/1406/1406 1405/1405/1405 1349/1349/1349
f 1394/1394/1394 1393/1393/1393 1363/1363/1363
f 1389/1389/1389 1388/1388/1388 1369/1369/1369
f 1378/1378/1378 1381/1381/1381 1380/1380/1380
f 1380/1380/1380 1379/1379/1379 1378/1378/1378
f 1379/1379/1379 1380/1380/1380 1297/1297/1297
f 1297/1297/1297 1296/1296/1296 1379/1379/1379
f 1381/1381/1381 1378/1378/1378 1377/1377/1377
f 1377/1377/1377 1382/1382/1382 1381/1381/1381
f 1451/1451/1451 1456/1456/1456 1450/1450/1450
f 1691/1691/1691 1457/1457/1457 1456/1456/1456
f 1691/1691/1691 1459/1459/1459 1458/1458/1458
f 1690/1690/1690 1461/1461/1461 1460/1460/1460
f 1690/1690/1690 1460/1460/1460 1459/1459/1459
f 1691/1691/1691 1458/1458/1458 1457/1457/1457
f 1689/1689/1689 1463/1463/1463 1462/1462/1462
f 1688/1688/1688 1465/1465/1465 1464/1464/1464
f 1688/1688/1688 1464/1464/1464 1463/1463/1463
f 1687/1687/1687 1467/1467/1467 1466/1466/1466
f 1686/1686/1686 1469/1469/1469 1468/1468/1468
f 1687/1687/1687 1468/1468/1468 1467/1467/1467
f 1687/1687/1687 1466/1466/1466 1465/1465/1465
f 1689/1689/1689 1462/1462/1462 1461/1461/1461
f 1685/1685/1685 1471/1471/1471 1470/1470/1470
f 1685/1685/1685 1472/1472/1472 1471/1471/1471
f 1684/1684/1684 1474/1474/1474 1473/1473/1473
f 1683/1683/1683 1476/1476/1476 1475/1475/1475
f 1684/1684/1684 1475/1475/1475 1474/1474/1474
f 1685/1685/1685 1473/1473/1473 1472/1472/1472
f 1682/1682/1682 1478/1478/1478 1477/1477/1477
f 1682/1682/1682 1480/1480/1480 1479/1479/1479
f 1682/1682/1682 1479/1479/1479 1478/1478/1478
f 1681/1681/1681 1482/1482/1482 1481/1481/1481
f 1680/1680/1680 1484/1484/1484 1483/1483/1483
f 1680/1680/1680 1483/1483/1483 1482/1482/1482
f 1681/1681/1681 1481/1481/1481 1480/1480/1480
f 1683/1683/1683 1477/1477/1477 1476/1476/1476
f 1686/1686/1686 1470/1470/1470 1469/1469/1469
f 1679/1679/1679 1486/1486/1486 1485/1485/1485
f 1679/1679/1679 1487/1487/1487 1486/1486/1486
f 1678/1678/1678 1489/1489/1489 1488/1488/1488
f 1677/1677/1677 1491/1491/1491 1490/1490/1490
f 1677/1677/1677 1490/1490/1490 1489/1489/1489
f 1678/1678/1678 1488/1488/1488 1487/1487/1487
f 1676/1676/1676 1493/1493/1493 1492/1492/1492
f 1675/1675/1675 1495/1495/1495 1494/1494/1494
f 1676/1676/1676 1494/1494/1494 1493/1493/1493
f 1674/1674/1674 1497/1497/1497 1496/1496/1496
f 1673/1673/1673 1499/1499/1499 1498/1498/1498
f 1674/1674/1674 1498/1498/1498 1497/1497/1497
f 1675/1675/1675 1496/1496/1496 1495/1495/1495
f 1676/1676/1676 1492/1492/1492 1491/1491/1491
f 1673/1673/1673 1501/1501/1501 1500/1500/1500
f 1672/1672/1672 1502/1502/1502 1501/1501/1501
f 1671/1671/1671 1504/1504/1504 1503/1503/1503
f 1670/1670/1670 1506/1506/1506 1505/1505/1505
f 1671/1671/1671 1505/1505/1505 1504/1504/1504
f 1672/1672/1672 1503/1503/1503 1502/1502/1502
f 1670/1670/1670 1508/1508/1508 1507/1507/1507
f 1669/1669/1669 1510/1510/1510 1509/1509/1509
f 1669/1669/1669 1509/1509/1509 1508/1508/1508
f 1668/1668/1668 1512/1512/1512 1511/1511/1511
f 1667/1667/1667 1514/1514/1514 1513/1513/1513
f 1667/1667/1667 1513/1513/1513 1512/1512/1512
f 1668/1668/1668 1511/1511/1511 1510/1510/1510
f 1670/1670/1670 1507/1507/1507 1506/1506/1506
f 1673/1673/1673 1500/1500/1500 1499/1499/1499
f 1679/1679/1679 1485/1485/1485 1484/1484/1484
f 1691/1691/1691 1456/1456/1456 1451/1451/1451
f 1690/1690/1690 1459/1459/1459 1691/1691/1691
f 1688/1688/1688 1463/1463/1463 1689/1689/1689
f 1686/1686/1686 1468/1468/1468 1687/1687/1687
f 1688/1688/1688 1687/1687/1687 1465/1465/1465
f 1690/1690/1690 1689/1689/1689 1461/1461/1461
f 1684/1684/1684 1473/1473/1473 1685/1685/1685
f 1470/1470/1470 1686/1686/1686 1685/1685/1685
f 1680/1680/1680 1482/1482/1482 1681/1681/1681
f 1515/1515/1515 1666/1666/1666 1516/1516/1516
f 1683/1683/1683 1475/1475/1475 1684/1684/1684
f 1681/1681/1681 1480/1480/1480 1682/1682/1682
f 1683/1683/1683 1682/1682/1682 1477/1477/1477
f 1666/1666/1666 1517/1517/1517 1516/1516/1516
f 1667/1667/1667 1515/1515/1515 1514/1514/1514
f 1679/1679/1679 1484/1484/1484 1680/1680/1680
f 1678/1678/1678 1487/1487/1487 1679/1679/1679
f 1676/1676/1676 1491/1491/1491 1677/1677/1677
f 1674/1674/1674 1496/1496/1496 1675/1675/1675
f 1676/1676/1676 1675/1675/1675 1494/1494/1494
f 1678/1678/1678 1677/1677/1677 1489/1489/1489
f 1672/1672/1672 1501/1501/1501 1673/1673/1673
f 1670/1670/1670 1505/1505/1505 1671/1671/1671
f 1672/1672/1672 1671/1671/1671 1503/1503/1503
f 1668/1668/1668 1510/1510/1510 1669/1669/1669
f 1515/1515/1515 1667/1667/1667 1666/1666/1666
f 1668/1668/1668 1667/1667/1667 1512/1512/1512
f 1670/1670/1670 1669/1669/1669 1508/1508/1508
f 1674/1674/1674 1673/1673/1673 1498/1498/1498
f 1666/1666/1666 1665/1665/1665 1517/1517/1517
f 1665/1665/1665 1519/1519/1519 1518/1518/1518
f 1664/1664/1664 1520/1520/1520 1519/1519/1519
f 1664/1664/1664 1522/1522/1522 1521/1521/1521
f 1663/1663/1663 1524/1524/1524 1523/1523/1523
f 1663/1663/1663 1523/1523/1523 1522/1522/1522
f 1664/1664/1664 1521/1521/1521 1520/1520/1520
f 1662/1662/1662 1526/1526/1526 1525/1525/1525
f 1661/1661/1661 1528/1528/1528 1527/1527/1527
f 1661/1661/1661 1527/1527/1527 1526/1526/1526
f 1660/1660/1660 1530/1530/1530 1529/1529/1529
f 1659/1659/1659 1532/1532/1532 1531/1531/1531
f 1660/1660/1660 1531/1531/1531 1530/1530/1530
f 1661/1661/1661 1529/1529/1529 1528/1528/1528
f 1662/1662/1662 1525/1525/1525 1524/1524/1524
f 1664/1664/1664 1519/1519/1519 1665/1665/1665
f 1663/1663/1663 1662/1662/1662 1524/1524/1524
f 1522/1522/1522 1664/1664/1664 1663/1663/1663
f 1533/1533/1533 1532/1532/1532 1659/1659/1659
f 1661/1661/1661 1526/1526/1526 1662/1662/1662
f 1659/1659/1659 1531/1531/1531 1660/1660/1660
f 1661/1661/1661 1660/1660/1660 1529/1529/1529
f 1658/1658/1658 1534/1534/1534 1533/1533/1533
f 1533/1533/1533 1659/1659/1659 1658/1658/1658
f 1658/1658/1658 1535/1535/1535 1534/1534/1534
f 1657/1657/1657 1537/1537/1537 1536/1536/1536
f 1658/1658/1658 1536/1536/1536 1535/1535/1535
f 1657/1657/1657 1536/1536/1536 1658/1658/1658
f 1453/1453/1453 1538/1538/1538 1537/1537/1537
f 1537/1537/1537 1657/1657/1657 1453/1453/1453
f 1452/1452/1452 1538/1538/1538 1453/1453/1453
f 1517/1517/1517 1665/1665/1665 1518/1518/1518
f 1656/1656/1656 1540/1540/1540 1539/1539/1539
f 1656/1656/1656 1541/1541/1541 1540/1540/1540
f 1655/1655/1655 1543/1543/1543 1542/1542/1542
f 1654/1654/1654 1545/1545/1545 1544/1544/1544
f 1655/1655/1655 1544/1544/1544 1543/1543/1543
f 1656/1656/1656 1542/1542/1542 1541/1541/1541
f 1653/1653/1653 1547/1547/1547 1546/1546/1546
f 1653/1653/1653 1549/1549/1549 1548/1548/1548
f 1653/1653/1653 1548/1548/1548 1547/1547/1547
f 1652/1652/1652 1551/1551/1551 1550/1550/1550
f 1651/1651/1651 1553/1553/1553 1552/1552/1552
f 1651/1651/1651 1552/1552/1552 1551/1551/1551
f 1652/1652/1652 1550/1550/1550 1549/1549/1549
f 1654/1654/1654 1546/1546/1546 1545/1545/1545
f 1650/1650/1650 1555/1555/1555 1554/1554/1554
f 1650/1650/1650 1556/1556/1556 1555/1555/1555
f 1649/1649/1649 1558/1558/1558 1557/1557/1557
f 1648/1648/1648 1560/1560/1560 1559/1559/1559
f 1648/1648/1648 1559/1559/1559 1558/1558/1558
f 1649/1649/1649 1557/1557/1557 1556/1556/1556
f 1647/1647/1647 1562/1562/1562 1561/1561/1561
f 1646/1646/1646 1564/1564/1564 1563/1563/1563
f 1647/1647/1647 1563/1563/1563 1562/1562/1562
f 1645/1645/1645 1566/1566/1566 1565/1565/1565
f 1644/1644/1644 1568/1568/1568 1567/1567/1567
f 1645/1645/1645 1567/1567/1567 1566/1566/1566
f 1646/1646/1646 1565/1565/1565 1564/1564/1564
f 1647/1647/1647 1561/1561/1561 1560/1560/1560
f 1650/1650/1650 1554/1554/1554 1553/1553/1553
f 1644/1644/1644 1570/1570/1570 1569/1569/1569
f 1643/1643/1643 1571/1571/1571 1570/1570/1570
f 1642/1642/1642 1573/1573/1573 1572/1572/1572
f 1641/1641/1641 1575/1575/1575 1574/1574/1574
f 1642/1642/1642 1574/1574/1574 1573/1573/1573
f 1643/1643/1643 1572/1572/1572 1571/1571/1571
f 1641/1641/1641 1577/1577/1577 1576/1576/1576
f 1640/1640/1640 1579/1579/1579 1578/1578/1578
f 1640/1640/1640 1578/1578/1578 1577/1577/1577
f 1639/1639/1639 1581/1581/1581 1580/1580/1580
f 1638/1638/1638 1583/1583/1583 1582/1582/1582
f 1638/1638/1638 1582/1582/1582 1581/1581/1581
f 1639/1639/1639 1580/1580/1580 1579/1579/1579
f 1641/1641/1641 1576/1576/1576 1575/1575/1575
f 1637/1637/1637 1585/1585/1585 1584/1584/1584
f 1637/1637/1637 1586/1586/1586 1585/1585/1585
f 1636/1636/1636 1588/1588/1588 1587/1587/1587
f 1635/1635/1635 1590/1590/1590 1589/1589/1589
f 1635/1635/1635 1589/1589/1589 1588/1588/1588
f 1636/1636/1636 1587/1587/1587 1586/1586/1586
f 1634/1634/1634 1592/1592/1592 1591/1591/1591
f 1633/1633/1633 1594/1594/1594 1593/1593/1593
f 1634/1634/1634 1593/1593/1593 1592/1592/1592
f 1632/1632/1632 1596/1596/1596 1595/1595/1595
f 1632/1632/1632 1598/1598/1598 1597/1597/1597
f 1632/1632/1632 1597/1597/1597 1596/1596/1596
f 1633/1633/1633 1595/1595/1595 1594/1594/1594
f 1635/1635/1635 1591/1591/1591 1590/1590/1590
f 1637/1637/1637 1584/1584/1584 1583/1583/1583
f 1644/1644/1644 1569/1569/1569 1568/1568/1568
f 1656/1656/1656 1539/1539/1539 1453/1453/1453
f 1655/1655/1655 1542/1542/1542 1656/1656/1656
f 1653/1653/1653 1546/1546/1546 1654/1654/1654
f 1651/1651/1651 1551/1551/1551 1652/1652/1652
f 1653/1653/1653 1652/1652/1652 1549/1549/1549
f 1655/1655/1655 1654/1654/1654 1544/1544/1544
f 1649/1649/1649 1556/1556/1556 1650/1650/1650
f 1553/1553/1553 1651/1651/1651 1650/1650/1650
f 1645/1645/1645 1565/1565/1565 1646/1646/1646
f 1599/1599/1599 1631/1631/1631 1600/1600/1600
f 1648/1648/1648 1558/1558/1558 1649/1649/1649
f 1646/1646/1646 1563/1563/1563 1647/1647/1647
f 1648/1648/1648 1647/1647/1647 1560/1560/1560
f 1630/1630/1630 1600/1600/1600 1631/1631/1631
f 1598/1598/1598 1631/1631/1631 1599/1599/1599
f 1644/1644/1644 1567/1567/1567 1645/1645/1645
f 1643/1643/1643 1570/1570/1570 1644/1644/1644
f 1641/1641/1641 1574/1574/1574 1642/1642/1642
f 1639/1639/1639 1579/1579/1579 1640/1640/1640
f 1641/1641/1641 1640/1640/1640 1577/1577/1577
f 1643/1643/1643 1642/1642/1642 1572/1572/1572
f 1637/1637/1637 1583/1583/1583 1638/1638/1638
f 1635/1635/1635 1588/1588/1588 1636/1636/1636
f 1637/1637/1637 1636/1636/1636 1586/1586/1586
f 1633/1633/1633 1593/1593/1593 1634/1634/1634
f 1631/1631/1631 1598/1598/1598 1632/1632/1632
f 1633/1633/1633 1632/1632/1632 1595/1595/1595
f 1635/1635/1635 1634/1634/1634 1591/1591/1591
f 1639/1639/1639 1638/1638/1638 1581/1581/1581
f 1630/1630/1630 1601/1601/1601 1600/1600/1600
f 1629/1629/1629 1603/1603/1603 1602/1602/1602
f 1629/1629/1629 1604/1604/1604 1603/1603/1603
f 1628/1628/1628 1606/1606/1606 1605/1605/1605
f 1627/1627/1627 1608/1608/1608 1607/1607/1607
f 1628/1628/1628 1607/1607/1607 1606/1606/1606
f 1629/1629/1629 1605/1605/1605 1604/1604/1604
f 1626/1626/1626 1610/1610/1610 1609/1609/1609
f 1626/1626/1626 1612/1612/1612 1611/1611/1611
f 1626/1626/1626 1611/1611/1611 1610/1610/1610
f 1625/1625/1625 1614/1614/1614 1613/1613/1613
f 1624/1624/1624 1616/1616/1616 1615/1615/1615
f 1624/1624/1624 1615/1615/1615 1614/1614/1614
f 1625/1625/1625 1613/1613/1613 1612/1612/1612
f 1627/1627/1627 1609/1609/1609 1608/1608/1608
f 1629/1629/1629 1602/1602/1602 1630/1630/1630
f 1628/1628/1628 1627/1627/1627 1607/1607/1607
f 1605/1605/1605 1629/1629/1629 1628/1628/1628
f 1623/1623/1623 1617/1617/1617 1616/1616/1616
f 1626/1626/1626 1609/1609/1609 1627/1627/1627
f 1624/1624/1624 1614/1614/1614 1625/1625/1625
f 1626/1626/1626 1625/1625/1625 1612/1612/1612
f 1616/1616/1616 1624/1624/1624 1623/1623/1623
f 1623/1623/1623 1619/1619/1619 1618/1618/1618
f 1622/1622/1622 1621/1621/1621 1620/1620/1620
f 1622/1622/1622 1620/1620/1620 1619/1619/1619
f 1622/1622/1622 1619/1619/1619 1623/1623/1623
f 1621/1621/1621 1622/1622/1622 1455/1455/1455
f 1621/1621/1621 1455/1455/1455 1454/1454/1454
f 1617/1617/1617 1623/1623/1623 1618/1618/1618
f 1601/1601/1601 1630/1630/1630 1602/1602/1602
f 1452/1452/1452 1453/1453/1453 1539/1539/1539
f 1819/1819/1819 1818/1818/1818 1816/1816/1816
f 1816/1816/1816 1817/1817/1817 1819/1819/1819
f 1820/1820/1820 1697/1697/1697 1692/1692/1692
f 1813/1813/1813 1699/1699/1699 1698/1698/1698
f 1814/1814/1814 1698/1698/1698 1697/1697/1697
f 1812/1812/1812 1701/1701/1701 1700/1700/1700
f 1702/1702/1702 1811/1811/1811 1810/1810/1810
f 1810/1810/1810 1703/1703/1703 1702/1702/1702
f 1811/1811/1811 1702/1702/1702 1701/1701/1701
f 1699/1699/1699 1813/1813/1813 1812/1812/1812
f 1812/1812/1812 1700/1700/1700 1699/1699/1699
f 1809/1809/1809 1705/1705/1705 1704/1704/1704
f 1808/1808/1808 1707/1707/1707 1706/1706/1706
f 1705/1705/1705 1809/1809/1809 1808/1808/1808
f 1808/1808/1808 1706/1706/1706 1705/1705/1705
f 1708/1708/1708 1807/1807/1807 1806/1806/1806
f 1806/1806/1806 1709/1709/1709 1708/1708/1708
f 1805/1805/1805 1711/1711/1711 1710/1710/1710
f 1806/1806/1806 1710/1710/1710 1709/1709/1709
f 1807/1807/1807 1708/1708/1708 1707/1707/1707
f 1810/1810/1810 1704/1704/1704 1703/1703/1703
f 1804/1804/1804 1713/1713/1713 1712/1712/1712
f 1714/1714/1714 1803/1803/1803 1802/1802/1802
f 1802/1802/1802 1715/1715/1715 1714/1714/1714
f 1803/1803/1803 1714/1714/1714 1713/1713/1713
f 1801/1801/1801 1717/1717/1717 1716/1716/1716
f 1800/1800/1800 1719/1719/1719 1718/1718/1718
f 1717/1717/1717 1801/1801/1801 1800/1800/1800
f 1800/1800/1800 1718/1718/1718 1717/1717/1717
f 1802/1802/1802 1716/1716/1716 1715/1715/1715
f 1720/1720/1720 1799/1799/1799 1798/1798/1798
f 1798/1798/1798 1721/1721/1721 1720/1720/1720
f 1797/1797/1797 1723/1723/1723 1722/1722/1722
f 1798/1798/1798 1722/1722/1722 1721/1721/1721
f 1796/1796/1796 1725/1725/1725 1724/1724/1724
f 1726/1726/1726 1795/1795/1795 1794/1794/1794
f 1794/1794/1794 1727/1727/1727 1726/1726/1726
f 1795/1795/1795 1726/1726/1726 1725/1725/1725
f 1723/1723/1723 1797/1797/1797 1796/1796/1796
f 1796/1796/1796 1724/1724/1724 1723/1723/1723
f 1799/1799/1799 1720/1720/1720 1719/1719/1719
f 1711/1711/1711 1805/1805/1805 1804/1804/1804
f 1804/1804/1804 1712/1712/1712 1711/1711/1711
f 1814/1814/1814 1820/1820/1820 1693/1693/1693
f 1697/1697/1697 1820/1820/1820 1814/1814/1814
f 1698/1698/1698 1814/1814/1814 1813/1813/1813
f 1812/1812/1812 1811/1811/1811 1701/1701/1701
f 1704/1704/1704 1810/1810/1810 1809/1809/1809
f 1710/1710/1710 1806/1806/1806 1805/1805/1805
f 1808/1808/1808 1807/1807/1807 1707/1707/1707
f 1713/1713/1713 1804/1804/1804 1803/1803/1803
f 1716/1716/1716 1802/1802/1802 1801/1801/1801
f 1799/1799/1799 1719/1719/1719 1800/1800/1800
f 1729/1729/1729 1728/1728/1728 1793/1793/1793
f 1729/1729/1729 1793/1793/1793 1792/1792/1792
f 1792/1792/1792 1730/1730/1730 1729/1729/1729
f 1694/1694/1694 1731/1731/1731 1791/1791/1791
f 1731/1731/1731 1730/1730/1730 1792/1792/1792
f 1694/1694/1694 1791/1791/1791 1790/1790/1790
f 1790/1790/1790 1732/1732/1732 1694/1694/1694
f 1797/1797/1797 1722/1722/1722 1798/1798/1798
f 1795/1795/1795 1725/1725/1725 1796/1796/1796
f 1728/1728/1728 1794/1794/1794 1793/1793/1793
f 1731/1731/1731 1792/1792/1792 1791/1791/1791
f 1794/1794/1794 1728/1728/1728 1727/1727/1727
f 1789/1789/1789 1734/1734/1734 1733/1733/1733
f 1788/1788/1788 1736/1736/1736 1735/1735/1735
f 1734/1734/1734 1789/1789/1789 1788/1788/1788
f 1788/1788/1788 1735/1735/1735 1734/1734/1734
f 1737/1737/1737 1787/1787/1787 1786/1786/1786
f 1786/1786/1786 1738/1738/1738 1737/1737/1737
f 1785/1785/1785 1740/1740/1740 1739/1739/1739
f 1786/1786/1786 1739/1739/1739 1738/1738/1738
f 1787/1787/1787 1737/1737/1737 1736/1736/1736
f 1784/1784/1784 1742/1742/1742 1741/1741/1741
f 1743/1743/1743 1783/1783/1783 1782/1782/1782
f 1782/1782/1782 1744/1744/1744 1743/1743/1743
f 1783/1783/1783 1743/1743/1743 1742/1742/1742
f 1781/1781/1781 1746/1746/1746 1745/1745/1745
f 1780/1780/1780 1748/1748/1748 1747/1747/1747
f 1746/1746/1746 1781/1781/1781 1780/1780/1780
f 1780/1780/1780 1747/1747/1747 1746/1746/1746
f 1782/1782/1782 1745/1745/1745 1744/1744/1744
f 1740/1740/1740 1785/1785/1785 1784/1784/1784
f 1784/1784/1784 1741/1741/1741 1740/1740/1740
f 1749/1749/1749 1779/1779/1779 1778/1778/1778
f 1778/1778/1778 1750/1750/1750 1749/1749/1749
f 1777/1777/1777 1752/1752/1752 1751/1751/1751
f 1778/1778/1778 1751/1751/1751 1750/1750/1750
f 1776/1776/1776 1754/1754/1754 1753/1753/1753
f 1755/1755/1755 1775/1775/1775 1774/1774/1774
f 1774/1774/1774 1756/1756/1756 1755/1755/1755
f 1775/1775/1775 1755/1755/1755 1754/1754/1754
f 1752/1752/1752 1777/1777/1777 1776/1776/1776
f 1776/1776/1776 1753/1753/1753 1752/1752/1752
f 1773/1773/1773 1758/1758/1758 1757/1757/1757
f 1772/1772/1772 1760/1760/1760 1759/1759/1759
f 1758/1758/1758 1773/1773/1773 1772/1772/1772
f 1772/1772/1772 1759/1759/1759 1758/1758/1758
f 1761/1761/1761 1771/1771/1771 1770/1770/1770
f 1770/1770/1770 1762/1762/1762 1761/1761/1761
f 1769/1769/1769 1764/1764/1764 1763/1763/1763
f 1770/1770/1770 1763/1763/1763 1762/1762/1762
f 1771/1771/1771 1761/1761/1761 1760/1760/1760
f 1774/1774/1774 1757/1757/1757 1756/1756/1756
f 1779/1779/1779 1749/1749/1749 1748/1748/1748
f 1789/1789/1789 1733/1733/1733 1790/1790/1790
f 1787/1787/1787 1736/1736/1736 1788/1788/1788
f 1785/1785/1785 1739/1739/1739 1786/1786/1786
f 1783/1783/1783 1742/1742/1742 1784/1784/1784
f 1781/1781/1781 1745/1745/1745 1782/1782/1782
f 1779/1779/1779 1748/1748/1748 1780/1780/1780
f 1777/1777/1777 1751/1751/1751 1778/1778/1778
f 1775/1775/1775 1754/1754/1754 1776/1776/1776
f 1816/1816/1816 1766/1766/1766 1765/1765/1765
f 1768/1768/1768 1816/1816/1816 1765/1765/1765
f 1818/1818/1818 1766/1766/1766 1816/1816/1816
f 1817/1817/1817 1816/1816/1816 1768/1768/1768
f 1815/1815/1815 1695/1695/1695 1818/1818/1818
f 1766/1766/1766 1818/1818/1818 1695/1695/1695
f 1696/1696/1696 1815/1815/1815 1819/1819/1819
f 1818/1818/1818 1819/1819/1819 1815/1815/1815
f 1767/1767/1767 1819/1819/1819 1817/1817/1817
f 1773/1773/1773 1757/1757/1757 1774/1774/1774
f 1771/1771/1771 1760/1760/1760 1772/1772/1772
f 1769/1769/1769 1763/1763/1763 1770/1770/1770
f 1817/1817/1817 1768/1768/1768 1767/1767/1767
f 1819/1819/1819 1767/1767/1767 1696/1696/1696
f 1768/1768/1768 1765/1765/1765 1764/1764/1764
f 1764/1764/1764 1769/1769/1769 1768/1768/1768
f 1732/1732/1732 1790/1790/1790 1733/1733/1733
f 1949/1949/1949 1948/1948/1948 1946/1946/1946
f 1946/1946/1946 1947/1947/1947 1949/1949/1949
f 1896/1896/1896 1826/1826/1826 1821/1821/1821
f 1944/1944/1944 1828/1828/1828 1827/1827/1827
f 1945/1945/1945 1827/1827/1827 1826/1826/1826
f 1943/1943/1943 1830/1830/1830 1829/1829/1829
f 1831/1831/1831 1942/1942/1942 1941/1941/1941
f 1941/1941/1941 1832/1832/1832 1831/1831/1831
f 1942/1942/1942 1831/1831/1831 1830/1830/1830
f 1828/1828/1828 1944/1944/1944 1943/1943/1943
f 1943/1943/1943 1829/1829/1829 1828/1828/1828
f 1940/1940/1940 1834/1834/1834 1833/1833/1833
f 1939/1939/1939 1836/1836/1836 1835/1835/1835
f 1834/1834/1834 1940/1940/1940 1939/1939/1939
f 1939/1939/1939 1835/1835/1835 1834/1834/1834
f 1837/1837/1837 1938/1938/1938 1937/1937/1937
f 1937/1937/1937 1838/1838/1838 1837/1837/1837
f 1936/1936/1936 1840/1840/1840 1839/1839/1839
f 1937/1937/1937 1839/1839/1839 1838/1838/1838
f 1938/1938/1938 1837/1837/1837 1836/1836/1836
f 1941/1941/1941 1833/1833/1833 1832/1832/1832
f 1935/1935/1935 1842/1842/1842 1841/1841/1841
f 1843/1843/1843 1934/1934/1934 1933/1933/1933
f 1933/1933/1933 1844/1844/1844 1843/1843/1843
f 1934/1934/1934 1843/1843/1843 1842/1842/1842
f 1932/1932/1932 1846/1846/1846 1845/1845/1845
f 1931/1931/1931 1848/1848/1848 1847/1847/1847
f 1846/1846/1846 1932/1932/1932 1931/1931/1931
f 1931/1931/1931 1847/1847/1847 1846/1846/1846
f 1933/1933/1933 1845/1845/1845 1844/1844/1844
f 1849/1849/1849 1930/1930/1930 1929/1929/1929
f 1929/1929/1929 1850/1850/1850 1849/1849/1849
f 1928/1928/1928 1852/1852/1852 1851/1851/1851
f 1929/1929/1929 1851/1851/1851 1850/1850/1850
f 1927/1927/1927 1854/1854/1854 1853/1853/1853
f 1855/1855/1855 1926/1926/1926 1925/1925/1925
f 1925/1925/1925 1856/1856/1856 1855/1855/1855
f 1926/1926/1926 1855/1855/1855 1854/1854/1854
f 1852/1852/1852 1928/1928/1928 1927/1927/1927
f 1927/1927/1927 1853/1853/1853 1852/1852/1852
f 1930/1930/1930 1849/1849/1849 1848/1848/1848
f 1840/1840/1840 1936/1936/1936 1935/1935/1935
f 1935/1935/1935 1841/1841/1841 1840/1840/1840
f 1945/1945/1945 1896/1896/1896 1822/1822/1822
f 1826/1826/1826 1896/1896/1896 1945/1945/1945
f 1827/1827/1827 1945/1945/1945 1944/1944/1944
f 1943/1943/1943 1942/1942/1942 1830/1830/1830
f 1833/1833/1833 1941/1941/1941 1940/1940/1940
f 1839/1839/1839 1937/1937/1937 1936/1936/1936
f 1939/1939/1939 1938/1938/1938 1836/1836/1836
f 1842/1842/1842 1935/1935/1935 1934/1934/1934
f 1845/1845/1845 1933/1933/1933 1932/1932/1932
f 1930/1930/1930 1848/1848/1848 1931/1931/1931
f 1858/1858/1858 1857/1857/1857 1924/1924/1924
f 1858/1858/1858 1924/1924/1924 1923/1923/1923
f 1923/1923/1923 1859/1859/1859 1858/1858/1858
f 1823/1823/1823 1860/1860/1860 1922/1922/1922
f 1860/1860/1860 1859/1859/1859 1923/1923/1923
f 1823/1823/1823 1922/1922/1922 1921/1921/1921
f 1921/1921/1921 1861/1861/1861 1823/1823/1823
f 1928/1928/1928 1851/1851/1851 1929/1929/1929
f 1926/1926/1926 1854/1854/1854 1927/1927/1927
f 1857/1857/1857 1925/1925/1925 1924/1924/1924
f 1860/1860/1860 1923/1923/1923 1922/1922/1922
f 1925/1925/1925 1857/1857/1857 1856/1856/1856
f 1920/1920/1920 1863/1863/1863 1862/1862/1862
f 1919/1919/1919 1865/1865/1865 1864/1864/1864
f 1863/1863/1863 1920/1920/1920 1919/1919/1919
f 1919/1919/1919 1864/1864/1864 1863/1863/1863
f 1866/1866/1866 1918/1918/1918 1917/1917/1917
f 1917/1917/1917 1867/1867/1867 1866/1866/1866
f 1916/1916/1916 1869/1869/1869 1868/1868/1868
f 1917/1917/1917 1868/1868/1868 1867/1867/1867
f 1918/1918/1918 1866/1866/1866 1865/1865/1865
f 1915/1915/1915 1871/1871/1871 1870/1870/1870
f 1872/1872/1872 1914/1914/1914 1913/1913/1913
f 1913/1913/1913 1873/1873/1873 1872/1872/1872
f 1914/1914/1914 1872/1872/1872 1871/1871/1871
f 1912/1912/1912 1875/1875/1875 1874/1874/1874
f 1911/1911/1911 1877/1877/1877 1876/1876/1876
f 1875/1875/1875 1912/1912/1912 1911/1911/1911
f 1911/1911/1911 1876/1876/1876 1875/1875/1875
f 1913/1913/1913 1874/1874/1874 1873/1873/1873
f 1869/1869/1869 1916/1916/1916 1915/1915/1915
f 1915/1915/1915 1870/1870/1870 1869/1869/1869
f 1878/1878/1878 1910/1910/1910 1909/1909/1909
f 1909/1909/1909 1879/1879/1879 1878/1878/1878
f 1908/1908/1908 1881/1881/1881 1880/1880/1880
f 1909/1909/1909 1880/1880/1880 1879/1879/1879
f 1907/1907/1907 1883/1883/1883 1882/1882/1882
f 1884/1884/1884 1906/1906/1906 1905/1905/1905
f 1905/1905/1905 1885/1885/1885 1884/1884/1884
f 1906/1906/1906 1884/1884/1884 1883/1883/1883
f 1881/1881/1881 1908/1908/1908 1907/1907/1907
f 1907/1907/1907 1882/1882/1882 1881/1881/1881
f 1904/1904/1904 1887/1887/1887 1886/1886/1886
f 1903/1903/1903 1889/1889/1889 1888/1888/1888
f 1887/1887/1887 1904/1904/1904 1903/1903/1903
f 1903/1903/1903 1888/1888/1888 1887/1887/1887
f 1890/1890/1890 1902/1902/1902 1901/1901/1901
f 1901/1901/1901 1891/1891/1891 1890/1890/1890
f 1900/1900/1900 1893/1893/1893 1892/1892/1892
f 1901/1901/1901 1892/1892/1892 1891/1891/1891
f 1902/1902/1902 1890/1890/1890 1889/1889/1889
f 1905/1905/1905 1886/1886/1886 1885/1885/1885
f 1910/1910/1910 1878/1878/1878 1877/1877/1877
f 1920/1920/1920 1862/1862/1862 1921/1921/1921
f 1918/1918/1918 1865/1865/1865 1919/1919/1919
f 1916/1916/1916 1868/1868/1868 1917/1917/1917
f 1914/1914/1914 1871/1871/1871 1915/1915/1915
f 1912/1912/1912 1874/1874/1874 1913/1913/1913
f 1910/1910/1910 1877/1877/1877 1911/1911/1911
f 1908/1908/1908 1880/1880/1880 1909/1909/1909
f 1906/1906/1906 1883/1883/1883 1907/1907/1907
f 1946/1946/1946 1895/1895/1895 1894/1894/1894
f 1899/1899/1899 1946/1946/1946 1894/1894/1894
f 1948/1948/1948 1895/1895/1895 1946/1946/1946
f 1947/1947/1947 1946/1946/1946 1899/1899/1899
f 1897/1897/1897 1824/1824/1824 1948/1948/1948
f 1895/1895/1895 1948/1948/1948 1824/1824/1824
f 1825/1825/1825 1897/1897/1897 1949/1949/1949
f 1948/1948/1948 1949/1949/1949 1897/1897/1897
f 1898/1898/1898 1949/1949/1949 1947/1947/1947
f 1904/1904/1904 1886/1886/1886 1905/1905/1905
f 1902/1902/1902 1889/1889/1889 1903/1903/1903
f 1900/1900/1900 1892/1892/1892 1901/1901/1901
f 1947/1947/1947 1899/1899/1899 1898/1898/1898
f 1949/1949/1949 1898/1898/1898 1825/1825/1825
f 1899/1899/1899 1894/1894/1894 1893/1893/1893
f 1893/1893/1893 1900/1900/1900 1899/1899/1899
f 1861/1861/1861 1921/1921/1921 1862/1862/1862
f 2041/2041/2041 2097/2097/2097 2042/2042/2042
f 2043/2043/2043 2042/2042/2042 2096/2096/2096
f 2097/2097/2097 2096/2096/2096 2042/2042/2042
f 2095/2095/2095 2043/2043/2043 2096/2096/2096
f 2041/2041/2041 2098/2098/2098 2097/2097/2097
f 2038/2038/2038 2100/2100/2100 2099/2099/2099
f 2037/2037/2037 2100/2100/2100 2038/2038/2038
f 2039/2039/2039 2038/2038/2038 2099/2099/2099
f 2040/2040/2040 2098/2098/2098 2041/2041/2041
f 2039/2039/2039 2098/2098/2098 2040/2040/2040
f 2039/2039/2039 2099/2099/2099 2098/2098/2098
f 2093/2093/2093 2092/2092/2092 2046/2046/2046
f 2048/2048/2048 2091/2091/2091 2049/2049/2049
f 2091/2091/2091 2047/2047/2047 2092/2092/2092
f 2000/2000/2000 2049/2049/2049 2091/2091/2091
f 2045/2045/2045 2094/2094/2094 2093/2093/2093
f 2094/2094/2094 2045/2045/2045 2044/2044/2044
f 2043/2043/2043 2095/2095/2095 2044/2044/2044
f 2093/2093/2093 2046/2046/2046 2045/2045/2045
f 2047/2047/2047 2091/2091/2091 2048/2048/2048
f 2046/2046/2046 2092/2092/2092 2047/2047/2047
f 2095/2095/2095 2094/2094/2094 2044/2044/2044
f 2029/2029/2029 2108/2108/2108 2107/2107/2107
f 2106/2106/2106 2105/2105/2105 2031/2031/2031
f 2106/2106/2106 2030/2030/2030 2107/2107/2107
f 2107/2107/2107 2030/2030/2030 2029/2029/2029
f 2029/2029/2029 2028/2028/2028 2108/2108/2108
f 2110/2110/2110 2109/2109/2109 2027/2027/2027
f 2111/2111/2111 2110/2110/2110 2026/2026/2026
f 2109/2109/2109 2028/2028/2028 2027/2027/2027
f 2110/2110/2110 2027/2027/2027 2026/2026/2026
f 2108/2108/2108 2028/2028/2028 2109/2109/2109
f 2035/2035/2035 2103/2103/2103 2102/2102/2102
f 2034/2034/2034 2103/2103/2103 2035/2035/2035
f 2036/2036/2036 2035/2035/2035 2102/2102/2102
f 2037/2037/2037 2036/2036/2036 2101/2101/2101
f 2102/2102/2102 2101/2101/2101 2036/2036/2036
f 2100/2100/2100 2037/2037/2037 2101/2101/2101
f 2105/2105/2105 2032/2032/2032 2031/2031/2031
f 2030/2030/2030 2106/2106/2106 2031/2031/2031
f 2105/2105/2105 2033/2033/2033 2032/2032/2032
f 2104/2104/2104 2034/2034/2034 2033/2033/2033
f 2105/2105/2105 2104/2104/2104 2033/2033/2033
f 2103/2103/2103 2034/2034/2034 2104/2104/2104
f 1952/1952/1952 2090/2090/2090 2089/2089/2089
f 2087/2087/2087 1954/1954/1954 2088/2088/2088
f 2088/2088/2088 1953/1953/1953 2089/2089/2089
f 2000/2000/2000 2090/2090/2090 1951/1951/1951
f 2090/2090/2090 1952/1952/1952 1951/1951/1951
f 2000/2000/2000 1951/1951/1951 1950/1950/1950
f 2087/2087/2087 1955/1955/1955 1954/1954/1954
f 2088/2088/2088 1954/1954/1954 1953/1953/1953
f 2089/2089/2089 1953/1953/1953 1952/1952/1952
f 1950/1950/1950 2049/2049/2049 2000/2000/2000
f 2086/2086/2086 1955/1955/1955 2087/2087/2087
f 1956/1956/1956 2086/2086/2086 2085/2085/2085
f 1955/1955/1955 2086/2086/2086 1956/1956/1956
f 1957/1957/1957 1956/1956/1956 2085/2085/2085
f 2085/2085/2085 2084/2084/2084 1957/1957/1957
f 1959/1959/1959 2084/2084/2084 2083/2083/2083
f 1958/1958/1958 1957/1957/1957 2084/2084/2084
f 2083/2083/2083 2082/2082/2082 1960/1960/1960
f 1959/1959/1959 2083/2083/2083 1960/1960/1960
f 2081/2081/2081 1961/1961/1961 2082/2082/2082
f 1960/1960/1960 2082/2082/2082 1961/1961/1961
f 1962/1962/1962 1961/1961/1961 2081/2081/2081
f 1958/1958/1958 2084/2084/2084 1959/1959/1959
f 2080/2080/2080 1963/1963/1963 1962/1962/1962
f 2080/2080/2080 2079/2079/2079 1963/1963/1963
f 1964/1964/1964 1963/1963/1963 2079/2079/2079
f 2078/2078/2078 1964/1964/1964 2079/2079/2079
f 2081/2081/2081 2080/2080/2080 1962/1962/1962
f 1965/1965/1965 2078/2078/2078 2077/2077/2077
f 1964/1964/1964 2078/2078/2078 1965/1965/1965
f 1966/1966/1966 1965/1965/1965 2077/2077/2077
f 1967/1967/1967 2077/2077/2077 2076/2076/2076
f 1966/1966/1966 2077/2077/2077 1967/1967/1967
f 1968/1968/1968 1967/1967/1967 2076/2076/2076
f 2075/2075/2075 1968/1968/1968 2076/2076/2076
f 1969/1969/1969 1968/1968/1968 2075/2075/2075
f 1970/1970/1970 1969/1969/1969 2074/2074/2074
f 2075/2075/2075 2074/2074/2074 1969/1969/1969
f 2073/2073/2073 1970/1970/1970 2074/2074/2074
f 2073/2073/2073 1971/1971/1971 1970/1970/1970
f 2071/2071/2071 1973/1973/1973 1972/1972/1972
f 2072/2072/2072 1972/1972/1972 1971/1971/1971
f 2072/2072/2072 2071/2071/2071 1972/1972/1972
f 1973/1973/1973 2071/2071/2071 2070/2070/2070
f 1974/1974/1974 1973/1973/1973 2070/2070/2070
f 2073/2073/2073 2072/2072/2072 1971/1971/1971
f 2025/2025/2025 2111/2111/2111 2026/2026/2026
f 2023/2023/2023 2113/2113/2113 2112/2112/2112
f 2024/2024/2024 2111/2111/2111 2025/2025/2025
f 2112/2112/2112 2024/2024/2024 2023/2023/2023
f 2023/2023/2023 2022/2022/2022 2113/2113/2113
f 2112/2112/2112 2111/2111/2111 2024/2024/2024
f 2115/2115/2115 2114/2114/2114 2021/2021/2021
f 2115/2115/2115 2021/2021/2021 2020/2020/2020
f 2022/2022/2022 2021/2021/2021 2114/2114/2114
f 2115/2115/2115 2020/2020/2020 2116/2116/2116
f 2117/2117/2117 2116/2116/2116 2019/2019/2019
f 2113/2113/2113 2022/2022/2022 2114/2114/2114
f 2019/2019/2019 2116/2116/2116 2020/2020/2020
f 2017/2017/2017 2118/2118/2118 2018/2018/2018
f 2117/2117/2117 2019/2019/2019 2018/2018/2018
f 2016/2016/2016 2118/2118/2118 2017/2017/2017
f 2117/2117/2117 2018/2018/2018 2118/2118/2118
f 2119/2119/2119 2016/2016/2016 2015/2015/2015
f 2118/2118/2118 2016/2016/2016 2119/2119/2119
f 2120/2120/2120 2119/2119/2119 2015/2015/2015
f 2120/2120/2120 2015/2015/2015 2014/2014/2014
f 2014/2014/2014 2013/2013/2013 2121/2121/2121
f 2121/2121/2121 2120/2120/2120 2014/2014/2014
f 2013/2013/2013 2012/2012/2012 2122/2122/2122
f 2011/2011/2011 2123/2123/2123 2012/2012/2012
f 2122/2122/2122 2012/2012/2012 2123/2123/2123
f 2124/2124/2124 2123/2123/2123 2011/2011/2011
f 2121/2121/2121 2013/2013/2013 2122/2122/2122
f 2125/2125/2125 2124/2124/2124 2010/2010/2010
f 2011/2011/2011 2010/2010/2010 2124/2124/2124
f 2009/2009/2009 2125/2125/2125 2010/2010/2010
f 2009/2009/2009 2008/2008/2008 2125/2125/2125
f 2126/2126/2126 2125/2125/2125 2008/2008/2008
f 2007/2007/2007 2126/2126/2126 2008/2008/2008
f 2006/2006/2006 2127/2127/2127 2007/2007/2007
f 2126/2126/2126 2007/2007/2007 2127/2127/2127
f 2128/2128/2128 2006/2006/2006 2005/2005/2005
f 2005/2005/2005 2004/2004/2004 2129/2129/2129
f 2004/2004/2004 2003/2003/2003 2130/2130/2130
f 2006/2006/2006 2128/2128/2128 2127/2127/2127
f 2004/2004/2004 2130/2130/2130 2129/2129/2129
f 2003/2003/2003 2131/2131/2131 2130/2130/2130
f 2001/2001/2001 2002/2002/2002 1999/1999/1999
f 2131/2131/2131 2003/2003/2003 2002/2002/2002
f 2131/2131/2131 2002/2002/2002 2001/2001/2001
f 2128/2128/2128 2005/2005/2005 2129/2129/2129
f 2063/2063/2063 1983/1983/1983 1982/1982/1982
f 1981/1981/1981 1980/1980/1980 2064/2064/2064
f 1981/1981/1981 2064/2064/2064 1982/1982/1982
f 1982/1982/1982 2064/2064/2064 2063/2063/2063
f 2063/2063/2063 2062/2062/2062 1983/1983/1983
f 2060/2060/2060 1986/1986/1986 1985/1985/1985
f 2059/2059/2059 1986/1986/1986 2060/2060/2060
f 2061/2061/2061 2060/2060/2060 1985/1985/1985
f 2061/2061/2061 1984/1984/1984 2062/2062/2062
f 1983/1983/1983 2062/2062/2062 1984/1984/1984
f 1985/1985/1985 1984/1984/1984 2061/2061/2061
f 2068/2068/2068 1977/1977/1977 1976/1976/1976
f 2069/2069/2069 1976/1976/1976 1975/1975/1975
f 2070/2070/2070 2069/2069/2069 1975/1975/1975
f 2068/2068/2068 1976/1976/1976 2069/2069/2069
f 2068/2068/2068 2067/2067/2067 1977/1977/1977
f 2070/2070/2070 1975/1975/1975 1974/1974/1974
f 1979/1979/1979 1978/1978/1978 2066/2066/2066
f 2064/2064/2064 1980/1980/1980 2065/2065/2065
f 2065/2065/2065 1980/1980/1980 1979/1979/1979
f 2067/2067/2067 2066/2066/2066 1978/1978/1978
f 2065/2065/2065 1979/1979/1979 2066/2066/2066
f 1977/1977/1977 2067/2067/2067 1978/1978/1978
f 2050/2050/2050 1997/1997/1997 1996/1996/1996
f 2052/2052/2052 1995/1995/1995 1994/1994/1994
f 2053/2053/2053 1994/1994/1994 1993/1993/1993
f 1995/1995/1995 2051/2051/2051 1996/1996/1996
f 2050/2050/2050 2001/2001/2001 1998/1998/1998
f 1999/1999/1999 1998/1998/1998 2001/2001/2001
f 1996/1996/1996 2051/2051/2051 2050/2050/2050
f 1994/1994/1994 2053/2053/2053 2052/2052/2052
f 2052/2052/2052 2051/2051/2051 1995/1995/1995
f 1997/1997/1997 2050/2050/2050 1998/1998/1998
f 2054/2054/2054 2053/2053/2053 1993/1993/1993
f 1989/1989/1989 1988/1988/1988 2057/2057/2057
f 2057/2057/2057 1988/1988/1988 2058/2058/2058
f 2059/2059/2059 2058/2058/2058 1987/1987/1987
f 1988/1988/1988 1987/1987/1987 2058/2058/2058
f 1986/1986/1986 2059/2059/2059 1987/1987/1987
f 2057/2057/2057 1990/1990/1990 1989/1989/1989
f 1992/1992/1992 1991/1991/1991 2055/2055/2055
f 1993/1993/1993 1992/1992/1992 2054/2054/2054
f 2054/2054/2054 1992/1992/1992 2055/2055/2055
f 1990/1990/1990 2057/2057/2057 2056/2056/2056
f 2055/2055/2055 1991/1991/1991 2056/2056/2056
f 1991/1991/1991 1990/1990/1990 2056/2056/2056
f 2132/2132/2132 2179/2179/2179 2178/2178/2178
f 2178/2178/2178 2133/2133/2133 2132/2132/2132
f 2180/2180/2180 2181/2181/2181 2176/2176/2176
f 2176/2176/2176 2177/2177/2177 2180/2180/2180
f 2181/2181/2181 2182/2182/2182 2175/2175/2175
f 2175/2175/2175 2176/2176/2176 2181/2181/2181
f 2179/2179/2179 2180/2180/2180 2177/2177/2177
f 2177/2177/2177 2178/2178/2178 2179/2179/2179
f 2183/2183/2183 2184/2184/2184 2173/2173/2173
f 2173/2173/2173 2174/2174/2174 2183/2183/2183
f 2185/2185/2185 2186/2186/2186 2171/2171/2171
f 2171/2171/2171 2172/2172/2172 2185/2185/2185
f 2186/2186/2186 2187/2187/2187 2170/2170/2170
f 2170/2170/2170 2171/2171/2171 2186/2186/2186
f 2184/2184/2184 2185/2185/2185 2172/2172/2172
f 2172/2172/2172 2173/2173/2173 2184/2184/2184
f 2182/2182/2182 2183/2183/2183 2174/2174/2174
f 2174/2174/2174 2175/2175/2175 2182/2182/2182
f 2188/2188/2188 2189/2189/2189 2168/2168/2168
f 2168/2168/2168 2169/2169/2169 2188/2188/2188
f 2190/2190/2190 2191/2191/2191 2166/2166/2166
f 2166/2166/2166 2167/2167/2167 2190/2190/2190
f 2191/2191/2191 2192/2192/2192 2165/2165/2165
f 2165/2165/2165 2166/2166/2166 2191/2191/2191
f 2189/2189/2189 2190/2190/2190 2167/2167/2167
f 2167/2167/2167 2168/2168/2168 2189/2189/2189
f 2193/2193/2193 2194/2194/2194 2163/2163/2163
f 2163/2163/2163 2164/2164/2164 2193/2193/2193
f 2194/2194/2194 2195/2195/2195 2162/2162/2162
f 2162/2162/2162 2163/2163/2163 2194/2194/2194
f 2196/2196/2196 2197/2197/2197 2160/2160/2160
f 2160/2160/2160 2161/2161/2161 2196/2196/2196
f 2197/2197/2197 2198/2198/2198 2159/2159/2159
f 2159/2159/2159 2160/2160/2160 2197/2197/2197
f 2195/2195/2195 2196/2196/2196 2161/2161/2161
f 2161/2161/2161 2162/2162/2162 2195/2195/2195
f 2192/2192/2192 2193/2193/2193 2164/2164/2164
f 2164/2164/2164 2165/2165/2165 2192/2192/2192
f 2187/2187/2187 2188/2188/2188 2169/2169/2169
f 2169/2169/2169 2170/2170/2170 2187/2187/2187
f 2158/2158/2158 2159/2159/2159 2198/2198/2198
f 2198/2198/2198 2134/2134/2134 2158/2158/2158
f 2134/2134/2134 2199/2199/2199 2156/2156/2156
f 2156/2156/2156 2157/2157/2157 2134/2134/2134
f 2200/2200/2200 2201/2201/2201 2154/2154/2154
f 2154/2154/2154 2155/2155/2155 2200/2200/2200
f 2201/2201/2201 2202/2202/2202 2153/2153/2153
f 2153/2153/2153 2154/2154/2154 2201/2201/2201
f 2199/2199/2199 2200/2200/2200 2155/2155/2155
f 2155/2155/2155 2156/2156/2156 2199/2199/2199
f 2203/2203/2203 2204/2204/2204 2151/2151/2151
f 2151/2151/2151 2152/2152/2152 2203/2203/2203
f 2204/2204/2204 2205/2205/2205 2150/2150/2150
f 2150/2150/2150 2151/2151/2151 2204/2204/2204
f 2206/2206/2206 2207/2207/2207 2148/2148/2148
f 2148/2148/2148 2149/2149/2149 2206/2206/2206
f 2207/2207/2207 2208/2208/2208 2147/2147/2147
f 2147/2147/2147 2148/2148/2148 2207/2207/2207
f 2205/2205/2205 2206/2206/2206 2149/2149/2149
f 2149/2149/2149 2150/2150/2150 2205/2205/2205
f 2202/2202/2202 2203/2203/2203 2152/2152/2152
f 2152/2152/2152 2153/2153/2153 2202/2202/2202
f 2209/2209/2209 2210/2210/2210 2145/2145/2145
f 2145/2145/2145 2146/2146/2146 2209/2209/2209
f 2211/2211/2211 2212/2212/2212 2143/2143/2143
f 2143/2143/2143 2144/2144/2144 2211/2211/2211
f 2212/2212/2212 2213/2213/2213 2142/2142/2142
f 2142/2142/2142 2143/2143/2143 2212/2212/2212
f 2210/2210/2210 2211/2211/2211 2144/2144/2144
f 2144/2144/2144 2145/2145/2145 2210/2210/2210
f 2214/2214/2214 2215/2215/2215 2140/2140/2140
f 2140/2140/2140 2141/2141/2141 2214/2214/2214
f 2215/2215/2215 2216/2216/2216 2139/2139/2139
f 2139/2139/2139 2140/2140/2140 2215/2215/2215
f 2217/2217/2217 2218/2218/2218 2137/2137/2137
f 2137/2137/2137 2138/2138/2138 2217/2217/2217
f 2218/2218/2218 2135/2135/2135 2136/2136/2136
f 2136/2136/2136 2137/2137/2137 2218/2218/2218
f 2216/2216/2216 2217/2217/2217 2138/2138/2138
f 2138/2138/2138 2139/2139/2139 2216/2216/2216
f 2213/2213/2213 2214/2214/2214 2141/2141/2141
f 2141/2141/2141 2142/2142/2142 2213/2213/2213
f 2208/2208/2208 2209/2209/2209 2146/2146/2146
f 2146/2146/2146 2147/2147/2147 2208/2208/2208
f 2158/2158/2158 2134/2134/2134 2157/2157/2157
f 2219/2219/2219 2225/2225/2225 2326/2326/2326
f 2326/2326/2326 2220/2220/2220 2219/2219/2219
f 2225/2225/2225 2226/2226/2226 2324/2324/2324
f 2324/2324/2324 2325/2325/2325 2225/2225/2225
f 2322/2322/2322 2323/2323/2323 2227/2227/2227
f 2227/2227/2227 2228/2228/2228 2321/2321/2321
f 2321/2321/2321 2322/2322/2322 2227/2227/2227
f 2226/2226/2226 2227/2227/2227 2323/2323/2323
f 2323/2323/2323 2324/2324/2324 2226/2226/2226
f 2325/2325/2325 2326/2326/2326 2225/2225/2225
f 2229/2229/2229 2230/2230/2230 2318/2318/2318
f 2318/2318/2318 2319/2319/2319 2229/2229/2229
f 2230/2230/2230 2231/2231/2231 2317/2317/2317
f 2317/2317/2317 2318/2318/2318 2230/2230/2230
f 2228/2228/2228 2229/2229/2229 2320/2320/2320
f 2320/2320/2320 2321/2321/2321 2228/2228/2228
f 2231/2231/2231 2232/2232/2232 2315/2315/2315
f 2315/2315/2315 2316/2316/2316 2231/2231/2231
f 2232/2232/2232 2233/2233/2233 2314/2314/2314
f 2314/2314/2314 2315/2315/2315 2232/2232/2232
f 2234/2234/2234 2235/2235/2235 2311/2311/2311
f 2311/2311/2311 2312/2312/2312 2234/2234/2234
f 2236/2236/2236 2237/2237/2237 2307/2307/2307
f 2307/2307/2307 2308/2308/2308 2236/2236/2236
f 2235/2235/2235 2236/2236/2236 2309/2309/2309
f 2309/2309/2309 2310/2310/2310 2235/2235/2235
f 2233/2233/2233 2234/2234/2234 2312/2312/2312
f 2312/2312/2312 2313/2313/2313 2233/2233/2233
f 2238/2238/2238 2239/2239/2239 2304/2304/2304
f 2304/2304/2304 2305/2305/2305 2238/2238/2238
f 2239/2239/2239 2240/2240/2240 2303/2303/2303
f 2303/2303/2303 2304/2304/2304 2239/2239/2239
f 2241/2241/2241 2242/2242/2242 2300/2300/2300
f 2300/2300/2300 2301/2301/2301 2241/2241/2241
f 2243/2243/2243 2244/2244/2244 2297/2297/2297
f 2297/2297/2297 2298/2298/2298 2243/2243/2243
f 2242/2242/2242 2243/2243/2243 2298/2298/2298
f 2298/2298/2298 2299/2299/2299 2242/2242/2242
f 2240/2240/2240 2241/2241/2241 2301/2301/2301
f 2301/2301/2301 2302/2302/2302 2240/2240/2240
f 2237/2237/2237 2238/2238/2238 2306/2306/2306
f 2306/2306/2306 2307/2307/2307 2237/2237/2237
f 2244/2244/2244 2221/2221/2221 2222/2222/2222
f 2222/2222/2222 2296/2296/2296 2244/2244/2244
f 2319/2319/2319 2320/2320/2320 2229/2229/2229
f 2235/2235/2235 2310/2310/2310 2311/2311/2311
f 2313/2313/2313 2314/2314/2314 2233/2233/2233
f 2316/2316/2316 2317/2317/2317 2231/2231/2231
f 2236/2236/2236 2308/2308/2308 2309/2309/2309
f 2238/2238/2238 2305/2305/2305 2306/2306/2306
f 2244/2244/2244 2296/2296/2296 2297/2297/2297
f 2299/2299/2299 2300/2300/2300 2242/2242/2242
f 2302/2302/2302 2303/2303/2303 2240/2240/2240
f 2245/2245/2245 2246/2246/2246 2293/2293/2293
f 2293/2293/2293 2294/2294/2294 2245/2245/2245
f 2246/2246/2246 2247/2247/2247 2292/2292/2292
f 2292/2292/2292 2293/2293/2293 2246/2246/2246
f 2290/2290/2290 2291/2291/2291 2247/2247/2247
f 2247/2247/2247 2248/2248/2248 2290/2290/2290
f 2248/2248/2248 2249/2249/2249 2289/2289/2289
f 2289/2289/2289 2290/2290/2290 2248/2248/2248
f 2222/2222/2222 2221/2221/2221 2295/2295/2295
f 2294/2294/2294 2295/2295/2295 2245/2245/2245
f 2291/2291/2291 2292/2292/2292 2247/2247/2247
f 2250/2250/2250 2251/2251/2251 2286/2286/2286
f 2286/2286/2286 2287/2287/2287 2250/2250/2250
f 2249/2249/2249 2250/2250/2250 2287/2287/2287
f 2287/2287/2287 2288/2288/2288 2249/2249/2249
f 2245/2245/2245 2295/2295/2295 2221/2221/2221
f 2251/2251/2251 2252/2252/2252 2284/2284/2284
f 2284/2284/2284 2285/2285/2285 2251/2251/2251
f 2252/2252/2252 2253/2253/2253 2283/2283/2283
f 2283/2283/2283 2284/2284/2284 2252/2252/2252
f 2254/2254/2254 2255/2255/2255 2279/2279/2279
f 2279/2279/2279 2280/2280/2280 2254/2254/2254
f 2256/2256/2256 2257/2257/2257 2276/2276/2276
f 2276/2276/2276 2277/2277/2277 2256/2256/2256
f 2255/2255/2255 2256/2256/2256 2278/2278/2278
f 2278/2278/2278 2279/2279/2279 2255/2255/2255
f 2253/2253/2253 2254/2254/2254 2281/2281/2281
f 2281/2281/2281 2282/2282/2282 2253/2253/2253
f 2258/2258/2258 2259/2259/2259 2273/2273/2273
f 2273/2273/2273 2274/2274/2274 2258/2258/2258
f 2259/2259/2259 2260/2260/2260 2272/2272/2272
f 2272/2272/2272 2273/2273/2273 2259/2259/2259
f 2261/2261/2261 2262/2262/2262 2269/2269/2269
f 2269/2269/2269 2270/2270/2270 2261/2261/2261
f 2263/2263/2263 2264/2264/2264 2266/2266/2266
f 2266/2266/2266 2267/2267/2267 2263/2263/2263
f 2262/2262/2262 2263/2263/2263 2267/2267/2267
f 2267/2267/2267 2268/2268/2268 2262/2262/2262
f 2260/2260/2260 2261/2261/2261 2270/2270/2270
f 2270/2270/2270 2271/2271/2271 2260/2260/2260
f 2257/2257/2257 2258/2258/2258 2275/2275/2275
f 2275/2275/2275 2276/2276/2276 2257/2257/2257
f 2264/2264/2264 2223/2223/2223 2224/2224/2224
f 2224/2224/2224 2265/2265/2265 2264/2264/2264
f 2249/2249/2249 2288/2288/2288 2289/2289/2289
f 2251/2251/2251 2285/2285/2285 2286/2286/2286
f 2253/2253/2253 2282/2282/2282 2283/2283/2283
f 2254/2254/2254 2280/2280/2280 2281/2281/2281
f 2260/2260/2260 2271/2271/2271 2272/2272/2272
f 2274/2274/2274 2275/2275/2275 2258/2258/2258
f 2262/2262/2262 2268/2268/2268 2269/2269/2269
f 2265/2265/2265 2266/2266/2266 2264/2264/2264
f 2277/2277/2277 2278/2278/2278 2256/2256/2256
f 2493/2493/2493 2497/2497/2497 2496/2496/2496
f 2496/2496/2496 2329/2329/2329 2493/2493/2493
f 2495/2495/2495 2493/2493/2493 2329/2329/2329
f 2329/2329/2329 2494/2494/2494 2495/2495/2495
f 2490/2490/2490 2495/2495/2495 2494/2494/2494
f 2494/2494/2494 2330/2330/2330 2490/2490/2490
f 2492/2492/2492 2490/2490/2490 2330/2330/2330
f 2330/2330/2330 2491/2491/2491 2492/2492/2492
f 2487/2487/2487 2492/2492/2492 2491/2491/2491
f 2491/2491/2491 2331/2331/2331 2487/2487/2487
f 2489/2489/2489 2487/2487/2487 2331/2331/2331
f 2331/2331/2331 2488/2488/2488 2489/2489/2489
f 2484/2484/2484 2489/2489/2489 2488/2488/2488
f 2488/2488/2488 2332/2332/2332 2484/2484/2484
f 2486/2486/2486 2484/2484/2484 2332/2332/2332
f 2332/2332/2332 2485/2485/2485 2486/2486/2486
f 2481/2481/2481 2486/2486/2486 2485/2485/2485
f 2485/2485/2485 2333/2333/2333 2481/2481/2481
f 2483/2483/2483 2481/2481/2481 2333/2333/2333
f 2333/2333/2333 2482/2482/2482 2483/2483/2483
f 2478/2478/2478 2483/2483/2483 2482/2482/2482
f 2482/2482/2482 2334/2334/2334 2478/2478/2478
f 2480/2480/2480 2478/2478/2478 2334/2334/2334
f 2334/2334/2334 2479/2479/2479 2480/2480/2480
f 2475/2475/2475 2480/2480/2480 2479/2479/2479
f 2479/2479/2479 2335/2335/2335 2475/2475/2475
f 2477/2477/2477 2475/2475/2475 2335/2335/2335
f 2335/2335/2335 2476/2476/2476 2477/2477/2477
f 2472/2472/2472 2477/2477/2477 2476/2476/2476
f 2476/2476/2476 2336/2336/2336 2472/2472/2472
f 2474/2474/2474 2472/2472/2472 2336/2336/2336
f 2336/2336/2336 2473/2473/2473 2474/2474/2474
f 2469/2469/2469 2474/2474/2474 2473/2473/2473
f 2473/2473/2473 2337/2337/2337 2469/2469/2469
f 2471/2471/2471 2469/2469/2469 2337/2337/2337
f 2337/2337/2337 2470/2470/2470 2471/2471/2471
f 2466/2466/2466 2471/2471/2471 2470/2470/2470
f 2470/2470/2470 2338/2338/2338 2466/2466/2466
f 2468/2468/2468 2466/2466/2466 2338/2338/2338
f 2338/2338/2338 2467/2467/2467 2468/2468/2468
f 2463/2463/2463 2468/2468/2468 2467/2467/2467
f 2467/2467/2467 2339/2339/2339 2463/2463/2463
f 2465/2465/2465 2463/2463/2463 2339/2339/2339
f 2339/2339/2339 2464/2464/2464 2465/2465/2465
f 2460/2460/2460 2465/2465/2465 2464/2464/2464
f 2464/2464/2464 2340/2340/2340 2460/2460/2460
f 2462/2462/2462 2460/2460/2460 2340/2340/2340
f 2340/2340/2340 2461/2461/2461 2462/2462/2462
f 2457/2457/2457 2462/2462/2462 2461/2461/2461
f 2461/2461/2461 2341/2341/2341 2457/2457/2457
f 2459/2459/2459 2457/2457/2457 2341/2341/2341
f 2341/2341/2341 2458/2458/2458 2459/2459/2459
f 2454/2454/2454 2459/2459/2459 2458/2458/2458
f 2458/2458/2458 2342/2342/2342 2454/2454/2454
f 2456/2456/2456 2454/2454/2454 2342/2342/2342
f 2342/2342/2342 2455/2455/2455 2456/2456/2456
f 2451/2451/2451 2456/2456/2456 2455/2455/2455
f 2455/2455/2455 2343/2343/2343 2451/2451/2451
f 2453/2453/2453 2451/2451/2451 2343/2343/2343
f 2343/2343/2343 2452/2452/2452 2453/2453/2453
f 2448/2448/2448 2453/2453/2453 2452/2452/2452
f 2452/2452/2452 2344/2344/2344 2448/2448/2448
f 2450/2450/2450 2448/2448/2448 2344/2344/2344
f 2344/2344/2344 2449/2449/2449 2450/2450/2450
f 2445/2445/2445 2450/2450/2450 2449/2449/2449
f 2449/2449/2449 2345/2345/2345 2445/2445/2445
f 2447/2447/2447 2445/2445/2445 2345/2345/2345
f 2345/2345/2345 2446/2446/2446 2447/2447/2447
f 2442/2442/2442 2447/2447/2447 2446/2446/2446
f 2446/2446/2446 2346/2346/2346 2442/2442/2442
f 2444/2444/2444 2442/2442/2442 2346/2346/2346
f 2346/2346/2346 2443/2443/2443 2444/2444/2444
f 2439/2439/2439 2444/2444/2444 2443/2443/2443
f 2443/2443/2443 2347/2347/2347 2439/2439/2439
f 2441/2441/2441 2439/2439/2439 2347/2347/2347
f 2347/2347/2347 2440/2440/2440 2441/2441/2441
f 2436/2436/2436 2441/2441/2441 2440/2440/2440
f 2440/2440/2440 2348/2348/2348 2436/2436/2436
f 2438/2438/2438 2436/2436/2436 2348/2348/2348
f 2348/2348/2348 2437/2437/2437 2438/2438/2438
f 2433/2433/2433 2438/2438/2438 2437/2437/2437
f 2437/2437/2437 2349/2349/2349 2433/2433/2433
f 2435/2435/2435 2433/2433/2433 2349/2349/2349
f 2349/2349/2349 2434/2434/2434 2435/2435/2435
f 2430/2430/2430 2435/2435/2435 2434/2434/2434
f 2434/2434/2434 2350/2350/2350 2430/2430/2430
f 2432/2432/2432 2430/2430/2430 2350/2350/2350
f 2350/2350/2350 2431/2431/2431 2432/2432/2432
f 2427/2427/2427 2432/2432/2432 2431/2431/2431
f 2431/2431/2431 2351/2351/2351 2427/2427/2427
f 2429/2429/2429 2427/2427/2427 2351/2351/2351
f 2351/2351/2351 2428/2428/2428 2429/2429/2429
f 2424/2424/2424 2429/2429/2429 2428/2428/2428
f 2428/2428/2428 2352/2352/2352 2424/2424/2424
f 2426/2426/2426 2424/2424/2424 2352/2352/2352
f 2352/2352/2352 2425/2425/2425 2426/2426/2426
f 2421/2421/2421 2426/2426/2426 2425/2425/2425
f 2425/2425/2425 2353/2353/2353 2421/2421/2421
f 2423/2423/2423 2421/2421/2421 2353/2353/2353
f 2353/2353/2353 2422/2422/2422 2423/2423/2423
f 2418/2418/2418 2423/2423/2423 2422/2422/2422
f 2422/2422/2422 2354/2354/2354 2418/2418/2418
f 2420/2420/2420 2418/2418/2418 2354/2354/2354
f 2354/2354/2354 2419/2419/2419 2420/2420/2420
f 2415/2415/2415 2420/2420/2420 2419/2419/2419
f 2419/2419/2419 2355/2355/2355 2415/2415/2415
f 2417/2417/2417 2415/2415/2415 2355/2355/2355
f 2355/2355/2355 2416/2416/2416 2417/2417/2417
f 2412/2412/2412 2417/2417/2417 2416/2416/2416
f 2416/2416/2416 2356/2356/2356 2412/2412/2412
f 2414/2414/2414 2412/2412/2412 2356/2356/2356
f 2356/2356/2356 2413/2413/2413 2414/2414/2414
f 2409/2409/2409 2414/2414/2414 2413/2413/2413
f 2413/2413/2413 2357/2357/2357 2409/2409/2409
f 2411/2411/2411 2409/2409/2409 2357/2357/2357
f 2357/2357/2357 2410/2410/2410 2411/2411/2411
f 2406/2406/2406 2411/2411/2411 2410/2410/2410
f 2410/2410/2410 2358/2358/2358 2406/2406/2406
f 2408/2408/2408 2406/2406/2406 2358/2358/2358
f 2358/2358/2358 2407/2407/2407 2408/2408/2408
f 2403/2403/2403 2408/2408/2408 2407/2407/2407
f 2407/2407/2407 2359/2359/2359 2403/2403/2403
f 2405/2405/2405 2403/2403/2403 2359/2359/2359
f 2359/2359/2359 2404/2404/2404 2405/2405/2405
f 2496/2496/2496 2502/2502/2502 2327/2327/2327
f 2327/2327/2327 2503/2503/2503 2329/2329/2329
f 2329/2329/2329 2496/2496/2496 2327/2327/2327
f 2503/2503/2503 2494/2494/2494 2329/2329/2329
f 2494/2494/2494 2503/2503/2503 2330/2330/2330
f 2501/2501/2501 2502/2502/2502 2496/2496/2496
f 2496/2496/2496 2497/2497/2497 2501/2501/2501
f 2488/2488/2488 2331/2331/2331 2504/2504/2504
f 2504/2504/2504 2505/2505/2505 2332/2332/2332
f 2332/2332/2332 2488/2488/2488 2504/2504/2504
f 2491/2491/2491 2330/2330/2330 2503/2503/2503
f 2504/2504/2504 2331/2331/2331 2491/2491/2491
f 2505/2505/2505 2506/2506/2506 2482/2482/2482
f 2482/2482/2482 2333/2333/2333 2505/2505/2505
f 2504/2504/2504 2491/2491/2491 2503/2503/2503
f 2328/2328/2328 2501/2501/2501 2497/2497/2497
f 2401/2401/2401 2493/2493/2493 2495/2495/2495
f 2495/2495/2495 2490/2490/2490 2400/2400/2400
f 2400/2400/2400 2401/2401/2401 2495/2495/2495
f 2402/2402/2402 2497/2497/2497 2493/2493/2493
f 2505/2505/2505 2485/2485/2485 2332/2332/2332
f 2505/2505/2505 2333/2333/2333 2485/2485/2485
f 2506/2506/2506 2334/2334/2334 2482/2482/2482
f 2506/2506/2506 2479/2479/2479 2334/2334/2334
f 2479/2479/2479 2506/2506/2506 2335/2335/2335
f 2476/2476/2476 2335/2335/2335 2507/2507/2507
f 2506/2506/2506 2507/2507/2507 2335/2335/2335
f 2336/2336/2336 2476/2476/2476 2507/2507/2507
f 2507/2507/2507 2473/2473/2473 2336/2336/2336
f 2473/2473/2473 2508/2508/2508 2337/2337/2337
f 2508/2508/2508 2473/2473/2473 2507/2507/2507
f 2338/2338/2338 2470/2470/2470 2508/2508/2508
f 2508/2508/2508 2509/2509/2509 2467/2467/2467
f 2467/2467/2467 2338/2338/2338 2508/2508/2508
f 2510/2510/2510 2511/2511/2511 2342/2342/2342
f 2342/2342/2342 2458/2458/2458 2510/2510/2510
f 2509/2509/2509 2510/2510/2510 2340/2340/2340
f 2340/2340/2340 2464/2464/2464 2509/2509/2509
f 2511/2511/2511 2512/2512/2512 2452/2452/2452
f 2452/2452/2452 2343/2343/2343 2511/2511/2511
f 2337/2337/2337 2508/2508/2508 2470/2470/2470
f 2509/2509/2509 2339/2339/2339 2467/2467/2467
f 2510/2510/2510 2461/2461/2461 2340/2340/2340
f 2464/2464/2464 2339/2339/2339 2509/2509/2509
f 2510/2510/2510 2458/2458/2458 2341/2341/2341
f 2511/2511/2511 2343/2343/2343 2455/2455/2455
f 2455/2455/2455 2342/2342/2342 2511/2511/2511
f 2341/2341/2341 2461/2461/2461 2510/2510/2510
f 2399/2399/2399 2492/2492/2492 2487/2487/2487
f 2487/2487/2487 2489/2489/2489 2398/2398/2398
f 2398/2398/2398 2399/2399/2399 2487/2487/2487
f 2397/2397/2397 2484/2484/2484 2486/2486/2486
f 2486/2486/2486 2481/2481/2481 2396/2396/2396
f 2396/2396/2396 2397/2397/2397 2486/2486/2486
f 2398/2398/2398 2489/2489/2489 2484/2484/2484
f 2395/2395/2395 2483/2483/2483 2478/2478/2478
f 2478/2478/2478 2480/2480/2480 2394/2394/2394
f 2394/2394/2394 2395/2395/2395 2478/2478/2478
f 2393/2393/2393 2475/2475/2475 2477/2477/2477
f 2477/2477/2477 2472/2472/2472 2392/2392/2392
f 2392/2392/2392 2393/2393/2393 2477/2477/2477
f 2394/2394/2394 2480/2480/2480 2475/2475/2475
f 2396/2396/2396 2481/2481/2481 2483/2483/2483
f 2402/2402/2402 2328/2328/2328 2497/2497/2497
f 2401/2401/2401 2402/2402/2402 2493/2493/2493
f 2399/2399/2399 2400/2400/2400 2490/2490/2490
f 2490/2490/2490 2492/2492/2492 2399/2399/2399
f 2483/2483/2483 2395/2395/2395 2396/2396/2396
f 2475/2475/2475 2393/2393/2393 2394/2394/2394
f 2397/2397/2397 2398/2398/2398 2484/2484/2484
f 2392/2392/2392 2472/2472/2472 2474/2474/2474
f 2391/2391/2391 2474/2474/2474 2469/2469/2469
f 2469/2469/2469 2471/2471/2471 2390/2390/2390
f 2390/2390/2390 2391/2391/2391 2469/2469/2469
f 2389/2389/2389 2466/2466/2466 2468/2468/2468
f 2468/2468/2468 2463/2463/2463 2388/2388/2388
f 2388/2388/2388 2389/2389/2389 2468/2468/2468
f 2390/2390/2390 2471/2471/2471 2466/2466/2466
f 2387/2387/2387 2465/2465/2465 2460/2460/2460
f 2460/2460/2460 2462/2462/2462 2386/2386/2386
f 2386/2386/2386 2387/2387/2387 2460/2460/2460
f 2385/2385/2385 2457/2457/2457 2459/2459/2459
f 2459/2459/2459 2454/2454/2454 2384/2384/2384
f 2384/2384/2384 2385/2385/2385 2459/2459/2459
f 2386/2386/2386 2462/2462/2462 2457/2457/2457
f 2388/2388/2388 2463/2463/2463 2465/2465/2465
f 2389/2389/2389 2390/2390/2390 2466/2466/2466
f 2387/2387/2387 2388/2388/2388 2465/2465/2465
f 2383/2383/2383 2456/2456/2456 2451/2451/2451
f 2451/2451/2451 2453/2453/2453 2382/2382/2382
f 2382/2382/2382 2383/2383/2383 2451/2451/2451
f 2383/2383/2383 2384/2384/2384 2454/2454/2454
f 2454/2454/2454 2456/2456/2456 2383/2383/2383
f 2448/2448/2448 2382/2382/2382 2453/2453/2453
f 2457/2457/2457 2385/2385/2385 2386/2386/2386
f 2392/2392/2392 2474/2474/2474 2391/2391/2391
f 2512/2512/2512 2344/2344/2344 2452/2452/2452
f 2344/2344/2344 2512/2512/2512 2449/2449/2449
f 2512/2512/2512 2513/2513/2513 2345/2345/2345
f 2345/2345/2345 2449/2449/2449 2512/2512/2512
f 2513/2513/2513 2446/2446/2446 2345/2345/2345
f 2513/2513/2513 2346/2346/2346 2446/2446/2446
f 2346/2346/2346 2513/2513/2513 2443/2443/2443
f 2348/2348/2348 2440/2440/2440 2514/2514/2514
f 2515/2515/2515 2348/2348/2348 2514/2514/2514
f 2514/2514/2514 2347/2347/2347 2443/2443/2443
f 2514/2514/2514 2440/2440/2440 2347/2347/2347
f 2515/2515/2515 2516/2516/2516 2434/2434/2434
f 2434/2434/2434 2349/2349/2349 2515/2515/2515
f 2513/2513/2513 2514/2514/2514 2443/2443/2443
f 2381/2381/2381 2448/2448/2448 2450/2450/2450
f 2380/2380/2380 2445/2445/2445 2447/2447/2447
f 2379/2379/2379 2447/2447/2447 2442/2442/2442
f 2450/2450/2450 2445/2445/2445 2380/2380/2380
f 2380/2380/2380 2381/2381/2381 2450/2450/2450
f 2515/2515/2515 2349/2349/2349 2437/2437/2437
f 2516/2516/2516 2431/2431/2431 2350/2350/2350
f 2516/2516/2516 2351/2351/2351 2431/2431/2431
f 2350/2350/2350 2434/2434/2434 2516/2516/2516
f 2437/2437/2437 2348/2348/2348 2515/2515/2515
f 2516/2516/2516 2517/2517/2517 2428/2428/2428
f 2428/2428/2428 2351/2351/2351 2516/2516/2516
f 2352/2352/2352 2428/2428/2428 2517/2517/2517
f 2425/2425/2425 2352/2352/2352 2517/2517/2517
f 2425/2425/2425 2518/2518/2518 2353/2353/2353
f 2353/2353/2353 2518/2518/2518 2422/2422/2422
f 2517/2517/2517 2518/2518/2518 2425/2425/2425
f 2518/2518/2518 2519/2519/2519 2419/2419/2419
f 2419/2419/2419 2354/2354/2354 2518/2518/2518
f 2519/2519/2519 2520/2520/2520 2356/2356/2356
f 2356/2356/2356 2416/2416/2416 2519/2519/2519
f 2521/2521/2521 2498/2498/2498 2404/2404/2404
f 2404/2404/2404 2359/2359/2359 2521/2521/2521
f 2520/2520/2520 2521/2521/2521 2358/2358/2358
f 2358/2358/2358 2410/2410/2410 2520/2520/2520
f 2422/2422/2422 2518/2518/2518 2354/2354/2354
f 2404/2404/2404 2498/2498/2498 2499/2499/2499
f 2519/2519/2519 2355/2355/2355 2419/2419/2419
f 2520/2520/2520 2413/2413/2413 2356/2356/2356
f 2416/2416/2416 2355/2355/2355 2519/2519/2519
f 2520/2520/2520 2410/2410/2410 2357/2357/2357
f 2521/2521/2521 2359/2359/2359 2407/2407/2407
f 2499/2499/2499 2500/2500/2500 2404/2404/2404
f 2407/2407/2407 2358/2358/2358 2521/2521/2521
f 2357/2357/2357 2413/2413/2413 2520/2520/2520
f 2500/2500/2500 2405/2405/2405 2404/2404/2404
f 2444/2444/2444 2439/2439/2439 2377/2377/2377
f 2377/2377/2377 2378/2378/2378 2444/2444/2444
f 2377/2377/2377 2439/2439/2439 2441/2441/2441
f 2436/2436/2436 2438/2438/2438 2375/2375/2375
f 2375/2375/2375 2376/2376/2376 2436/2436/2436
f 2375/2375/2375 2438/2438/2438 2433/2433/2433
f 2376/2376/2376 2441/2441/2441 2436/2436/2436
f 2435/2435/2435 2430/2430/2430 2373/2373/2373
f 2373/2373/2373 2374/2374/2374 2435/2435/2435
f 2373/2373/2373 2430/2430/2430 2432/2432/2432
f 2427/2427/2427 2429/2429/2429 2371/2371/2371
f 2371/2371/2371 2372/2372/2372 2427/2427/2427
f 2371/2371/2371 2429/2429/2429 2424/2424/2424
f 2372/2372/2372 2432/2432/2432 2427/2427/2427
f 2374/2374/2374 2433/2433/2433 2435/2435/2435
f 2379/2379/2379 2380/2380/2380 2447/2447/2447
f 2441/2441/2441 2376/2376/2376 2377/2377/2377
f 2378/2378/2378 2379/2379/2379 2442/2442/2442
f 2442/2442/2442 2444/2444/2444 2378/2378/2378
f 2433/2433/2433 2374/2374/2374 2375/2375/2375
f 2370/2370/2370 2371/2371/2371 2424/2424/2424
f 2424/2424/2424 2426/2426/2426 2370/2370/2370
f 2372/2372/2372 2373/2373/2373 2432/2432/2432
f 2369/2369/2369 2370/2370/2370 2426/2426/2426
f 2426/2426/2426 2421/2421/2421 2369/2369/2369
f 2369/2369/2369 2421/2421/2421 2423/2423/2423
f 2418/2418/2418 2420/2420/2420 2367/2367/2367
f 2367/2367/2367 2368/2368/2368 2418/2418/2418
f 2367/2367/2367 2420/2420/2420 2415/2415/2415
f 2368/2368/2368 2423/2423/2423 2418/2418/2418
f 2417/2417/2417 2412/2412/2412 2365/2365/2365
f 2365/2365/2365 2366/2366/2366 2417/2417/2417
f 2365/2365/2365 2412/2412/2412 2414/2414/2414
f 2409/2409/2409 2411/2411/2411 2363/2363/2363
f 2363/2363/2363 2364/2364/2364 2409/2409/2409
f 2363/2363/2363 2411/2411/2411 2406/2406/2406
f 2364/2364/2364 2414/2414/2414 2409/2409/2409
f 2366/2366/2366 2415/2415/2415 2417/2417/2417
f 2368/2368/2368 2369/2369/2369 2423/2423/2423
f 2364/2364/2364 2365/2365/2365 2414/2414/2414
f 2367/2367/2367 2415/2415/2415 2366/2366/2366
f 2408/2408/2408 2403/2403/2403 2361/2361/2361
f 2361/2361/2361 2362/2362/2362 2408/2408/2408
f 2361/2361/2361 2403/2403/2403 2405/2405/2405
f 2362/2362/2362 2363/2363/2363 2406/2406/2406
f 2406/2406/2406 2408/2408/2408 2362/2362/2362
f 2405/2405/2405 2360/2360/2360 2361/2361/2361
f 2360/2360/2360 2405/2405/2405 2500/2500/2500
f 2382/2382/2382 2448/2448/2448 2381/2381/2381
f 2902/2902/2902 2900/2900/2900 2899/2899/2899
f 2899/2899/2899 2901/2901/2901 2902/2902/2902
f 2895/2895/2895 2902/2902/2902 2901/2901/2901
f 2901/2901/2901 2889/2889/2889 2895/2895/2895
f 2900/2900/2900 2904/2904/2904 2903/2903/2903
f 2903/2903/2903 2899/2899/2899 2900/2900/2900
f 2901/2901/2901 2899/2899/2899 2898/2898/2898
f 2524/2524/2524 2889/2889/2889 2901/2901/2901
f 2898/2898/2898 2524/2524/2524 2901/2901/2901
f 2894/2894/2894 2892/2892/2892 2891/2891/2891
f 2891/2891/2891 2893/2893/2893 2894/2894/2894
f 2886/2886/2886 2894/2894/2894 2893/2893/2893
f 2893/2893/2893 2880/2880/2880 2886/2886/2886
f 2897/2897/2897 2895/2895/2895 2889/2889/2889
f 2889/2889/2889 2896/2896/2896 2897/2897/2897
f 2892/2892/2892 2897/2897/2897 2896/2896/2896
f 2896/2896/2896 2891/2891/2891 2892/2892/2892
f 2896/2896/2896 2889/2889/2889 2524/2524/2524
f 2890/2890/2890 2891/2891/2891 2896/2896/2896
f 2524/2524/2524 2890/2890/2890 2896/2896/2896
f 2893/2893/2893 2891/2891/2891 2890/2890/2890
f 2525/2525/2525 2880/2880/2880 2893/2893/2893
f 2890/2890/2890 2525/2525/2525 2893/2893/2893
f 2885/2885/2885 2883/2883/2883 2882/2882/2882
f 2882/2882/2882 2884/2884/2884 2885/2885/2885
f 2877/2877/2877 2885/2885/2885 2884/2884/2884
f 2884/2884/2884 2871/2871/2871 2877/2877/2877
f 2888/2888/2888 2886/2886/2886 2880/2880/2880
f 2880/2880/2880 2887/2887/2887 2888/2888/2888
f 2883/2883/2883 2888/2888/2888 2887/2887/2887
f 2887/2887/2887 2882/2882/2882 2883/2883/2883
f 2887/2887/2887 2880/2880/2880 2525/2525/2525
f 2881/2881/2881 2882/2882/2882 2887/2887/2887
f 2525/2525/2525 2881/2881/2881 2887/2887/2887
f 2884/2884/2884 2882/2882/2882 2881/2881/2881
f 2526/2526/2526 2871/2871/2871 2884/2884/2884
f 2881/2881/2881 2526/2526/2526 2884/2884/2884
f 2876/2876/2876 2874/2874/2874 2873/2873/2873
f 2873/2873/2873 2875/2875/2875 2876/2876/2876
f 2868/2868/2868 2876/2876/2876 2875/2875/2875
f 2875/2875/2875 2862/2862/2862 2868/2868/2868
f 2879/2879/2879 2877/2877/2877 2871/2871/2871
f 2871/2871/2871 2878/2878/2878 2879/2879/2879
f 2874/2874/2874 2879/2879/2879 2878/2878/2878
f 2878/2878/2878 2873/2873/2873 2874/2874/2874
f 2878/2878/2878 2871/2871/2871 2526/2526/2526
f 2872/2872/2872 2873/2873/2873 2878/2878/2878
f 2526/2526/2526 2872/2872/2872 2878/2878/2878
f 2875/2875/2875 2873/2873/2873 2872/2872/2872
f 2527/2527/2527 2862/2862/2862 2875/2875/2875
f 2872/2872/2872 2527/2527/2527 2875/2875/2875
f 2867/2867/2867 2865/2865/2865 2864/2864/2864
f 2864/2864/2864 2866/2866/2866 2867/2867/2867
f 2859/2859/2859 2867/2867/2867 2866/2866/2866
f 2866/2866/2866 2853/2853/2853 2859/2859/2859
f 2870/2870/2870 2868/2868/2868 2862/2862/2862
f 2862/2862/2862 2869/2869/2869 2870/2870/2870
f 2865/2865/2865 2870/2870/2870 2869/2869/2869
f 2869/2869/2869 2864/2864/2864 2865/2865/2865
f 2869/2869/2869 2862/2862/2862 2527/2527/2527
f 2863/2863/2863 2864/2864/2864 2869/2869/2869
f 2527/2527/2527 2863/2863/2863 2869/2869/2869
f 2866/2866/2866 2864/2864/2864 2863/2863/2863
f 2528/2528/2528 2853/2853/2853 2866/2866/2866
f 2863/2863/2863 2528/2528/2528 2866/2866/2866
f 2858/2858/2858 2856/2856/2856 2855/2855/2855
f 2855/2855/2855 2857/2857/2857 2858/2858/2858
f 2850/2850/2850 2858/2858/2858 2857/2857/2857
f 2857/2857/2857 2844/2844/2844 2850/2850/2850
f 2861/2861/2861 2859/2859/2859 2853/2853/2853
f 2853/2853/2853 2860/2860/2860 2861/2861/2861
f 2856/2856/2856 2861/2861/2861 2860/2860/2860
f 2860/2860/2860 2855/2855/2855 2856/2856/2856
f 2860/2860/2860 2853/2853/2853 2528/2528/2528
f 2854/2854/2854 2855/2855/2855 2860/2860/2860
f 2528/2528/2528 2854/2854/2854 2860/2860/2860
f 2857/2857/2857 2855/2855/2855 2854/2854/2854
f 2529/2529/2529 2844/2844/2844 2857/2857/2857
f 2854/2854/2854 2529/2529/2529 2857/2857/2857
f 2849/2849/2849 2847/2847/2847 2846/2846/2846
f 2846/2846/2846 2848/2848/2848 2849/2849/2849
f 2841/2841/2841 2849/2849/2849 2848/2848/2848
f 2848/2848/2848 2835/2835/2835 2841/2841/2841
f 2852/2852/2852 2850/2850/2850 2844/2844/2844
f 2844/2844/2844 2851/2851/2851 2852/2852/2852
f 2847/2847/2847 2852/2852/2852 2851/2851/2851
f 2851/2851/2851 2846/2846/2846 2847/2847/2847
f 2851/2851/2851 2844/2844/2844 2529/2529/2529
f 2845/2845/2845 2846/2846/2846 2851/2851/2851
f 2529/2529/2529 2845/2845/2845 2851/2851/2851
f 2848/2848/2848 2846/2846/2846 2845/2845/2845
f 2530/2530/2530 2835/2835/2835 2848/2848/2848
f 2845/2845/2845 2530/2530/2530 2848/2848/2848
f 2840/2840/2840 2838/2838/2838 2837/2837/2837
f 2837/2837/2837 2839/2839/2839 2840/2840/2840
f 2832/2832/2832 2840/2840/2840 2839/2839/2839
f 2839/2839/2839 2826/2826/2826 2832/2832/2832
f 2843/2843/2843 2841/2841/2841 2835/2835/2835
f 2835/2835/2835 2842/2842/2842 2843/2843/2843
f 2838/2838/2838 2843/2843/2843 2842/2842/2842
f 2842/2842/2842 2837/2837/2837 2838/2838/2838
f 2842/2842/2842 2835/2835/2835 2530/2530/2530
f 2836/2836/2836 2837/2837/2837 2842/2842/2842
f 2530/2530/2530 2836/2836/2836 2842/2842/2842
f 2839/2839/2839 2837/2837/2837 2836/2836/2836
f 2531/2531/2531 2826/2826/2826 2839/2839/2839
f 2836/2836/2836 2531/2531/2531 2839/2839/2839
f 2831/2831/2831 2829/2829/2829 2828/2828/2828
f 2828/2828/2828 2830/2830/2830 2831/2831/2831
f 2823/2823/2823 2831/2831/2831 2830/2830/2830
f 2830/2830/2830 2817/2817/2817 2823/2823/2823
f 2834/2834/2834 2832/2832/2832 2826/2826/2826
f 2826/2826/2826 2833/2833/2833 2834/2834/2834
f 2829/2829/2829 2834/2834/2834 2833/2833/2833
f 2833/2833/2833 2828/2828/2828 2829/2829/2829
f 2833/2833/2833 2826/2826/2826 2531/2531/2531
f 2827/2827/2827 2828/2828/2828 2833/2833/2833
f 2531/2531/2531 2827/2827/2827 2833/2833/2833
f 2830/2830/2830 2828/2828/2828 2827/2827/2827
f 2532/2532/2532 2817/2817/2817 2830/2830/2830
f 2827/2827/2827 2532/2532/2532 2830/2830/2830
f 2822/2822/2822 2820/2820/2820 2819/2819/2819
f 2819/2819/2819 2821/2821/2821 2822/2822/2822
f 2814/2814/2814 2822/2822/2822 2821/2821/2821
f 2821/2821/2821 2808/2808/2808 2814/2814/2814
f 2825/2825/2825 2823/2823/2823 2817/2817/2817
f 2817/2817/2817 2824/2824/2824 2825/2825/2825
f 2820/2820/2820 2825/2825/2825 2824/2824/2824
f 2824/2824/2824 2819/2819/2819 2820/2820/2820
f 2824/2824/2824 2817/2817/2817 2532/2532/2532
f 2818/2818/2818 2819/2819/2819 2824/2824/2824
f 2532/2532/2532 2818/2818/2818 2824/2824/2824
f 2821/2821/2821 2819/2819/2819 2818/2818/2818
f 2533/2533/2533 2808/2808/2808 2821/2821/2821
f 2818/2818/2818 2533/2533/2533 2821/2821/2821
f 2813/2813/2813 2811/2811/2811 2810/2810/2810
f 2810/2810/2810 2812/2812/2812 2813/2813/2813
f 2805/2805/2805 2813/2813/2813 2812/2812/2812
f 2812/2812/2812 2799/2799/2799 2805/2805/2805
f 2816/2816/2816 2814/2814/2814 2808/2808/2808
f 2808/2808/2808 2815/2815/2815 2816/2816/2816
f 2811/2811/2811 2816/2816/2816 2815/2815/2815
f 2815/2815/2815 2810/2810/2810 2811/2811/2811
f 2815/2815/2815 2808/2808/2808 2533/2533/2533
f 2809/2809/2809 2810/2810/2810 2815/2815/2815
f 2533/2533/2533 2809/2809/2809 2815/2815/2815
f 2812/2812/2812 2810/2810/2810 2809/2809/2809
f 2534/2534/2534 2799/2799/2799 2812/2812/2812
f 2809/2809/2809 2534/2534/2534 2812/2812/2812
f 2804/2804/2804 2802/2802/2802 2801/2801/2801
f 2801/2801/2801 2803/2803/2803 2804/2804/2804
f 2796/2796/2796 2804/2804/2804 2803/2803/2803
f 2803/2803/2803 2790/2790/2790 2796/2796/2796
f 2807/2807/2807 2805/2805/2805 2799/2799/2799
f 2799/2799/2799 2806/2806/2806 2807/2807/2807
f 2802/2802/2802 2807/2807/2807 2806/2806/2806
f 2806/2806/2806 2801/2801/2801 2802/2802/2802
f 2806/2806/2806 2799/2799/2799 2534/2534/2534
f 2800/2800/2800 2801/2801/2801 2806/2806/2806
f 2534/2534/2534 2800/2800/2800 2806/2806/2806
f 2803/2803/2803 2801/2801/2801 2800/2800/2800
f 2535/2535/2535 2790/2790/2790 2803/2803/2803
f 2800/2800/2800 2535/2535/2535 2803/2803/2803
f 2795/2795/2795 2793/2793/2793 2792/2792/2792
f 2792/2792/2792 2794/2794/2794 2795/2795/2795
f 2787/2787/2787 2795/2795/2795 2794/2794/2794
f 2794/2794/2794 2781/2781/2781 2787/2787/2787
f 2798/2798/2798 2796/2796/2796 2790/2790/2790
f 2790/2790/2790 2797/2797/2797 2798/2798/2798
f 2793/2793/2793 2798/2798/2798 2797/2797/2797
f 2797/2797/2797 2792/2792/2792 2793/2793/2793
f 2797/2797/2797 2790/2790/2790 2535/2535/2535
f 2791/2791/2791 2792/2792/2792 2797/2797/2797
f 2535/2535/2535 2791/2791/2791 2797/2797/2797
f 2794/2794/2794 2792/2792/2792 2791/2791/2791
f 2536/2536/2536 2781/2781/2781 2794/2794/2794
f 2791/2791/2791 2536/2536/2536 2794/2794/2794
f 2786/2786/2786 2784/2784/2784 2783/2783/2783
f 2783/2783/2783 2785/2785/2785 2786/2786/2786
f 2778/2778/2778 2786/2786/2786 2785/2785/2785
f 2785/2785/2785 2772/2772/2772 2778/2778/2778
f 2789/2789/2789 2787/2787/2787 2781/2781/2781
f 2781/2781/2781 2788/2788/2788 2789/2789/2789
f 2784/2784/2784 2789/2789/2789 2788/2788/2788
f 2788/2788/2788 2783/2783/2783 2784/2784/2784
f 2788/2788/2788 2781/2781/2781 2536/2536/2536
f 2782/2782/2782 2783/2783/2783 2788/2788/2788
f 2536/2536/2536 2782/2782/2782 2788/2788/2788
f 2785/2785/2785 2783/2783/2783 2782/2782/2782
f 2537/2537/2537 2772/2772/2772 2785/2785/2785
f 2782/2782/2782 2537/2537/2537 2785/2785/2785
f 2777/2777/2777 2775/2775/2775 2774/2774/2774
f 2774/2774/2774 2776/2776/2776 2777/2777/2777
f 2769/2769/2769 2777/2777/2777 2776/2776/2776
f 2776/2776/2776 2763/2763/2763 2769/2769/2769
f 2780/2780/2780 2778/2778/2778 2772/2772/2772
f 2772/2772/2772 2779/2779/2779 2780/2780/2780
f 2775/2775/2775 2780/2780/2780 2779/2779/2779
f 2779/2779/2779 2774/2774/2774 2775/2775/2775
f 2779/2779/2779 2772/2772/2772 2537/2537/2537
f 2773/2773/2773 2774/2774/2774 2779/2779/2779
f 2537/2537/2537 2773/2773/2773 2779/2779/2779
f 2776/2776/2776 2774/2774/2774 2773/2773/2773
f 2538/2538/2538 2763/2763/2763 2776/2776/2776
f 2773/2773/2773 2538/2538/2538 2776/2776/2776
f 2768/2768/2768 2766/2766/2766 2765/2765/2765
f 2765/2765/2765 2767/2767/2767 2768/2768/2768
f 2760/2760/2760 2768/2768/2768 2767/2767/2767
f 2767/2767/2767 2754/2754/2754 2760/2760/2760
f 2771/2771/2771 2769/2769/2769 2763/2763/2763
f 2763/2763/2763 2770/2770/2770 2771/2771/2771
f 2766/2766/2766 2771/2771/2771 2770/2770/2770
f 2770/2770/2770 2765/2765/2765 2766/2766/2766
f 2770/2770/2770 2763/2763/2763 2538/2538/2538
f 2764/2764/2764 2765/2765/2765 2770/2770/2770
f 2538/2538/2538 2764/2764/2764 2770/2770/2770
f 2767/2767/2767 2765/2765/2765 2764/2764/2764
f 2539/2539/2539 2754/2754/2754 2767/2767/2767
f 2764/2764/2764 2539/2539/2539 2767/2767/2767
f 2759/2759/2759 2757/2757/2757 2756/2756/2756
f 2756/2756/2756 2758/2758/2758 2759/2759/2759
f 2751/2751/2751 2759/2759/2759 2758/2758/2758
f 2758/2758/2758 2745/2745/2745 2751/2751/2751
f 2762/2762/2762 2760/2760/2760 2754/2754/2754
f 2754/2754/2754 2761/2761/2761 2762/2762/2762
f 2757/2757/2757 2762/2762/2762 2761/2761/2761
f 2761/2761/2761 2756/2756/2756 2757/2757/2757
f 2761/2761/2761 2754/2754/2754 2539/2539/2539
f 2755/2755/2755 2756/2756/2756 2761/2761/2761
f 2539/2539/2539 2755/2755/2755 2761/2761/2761
f 2758/2758/2758 2756/2756/2756 2755/2755/2755
f 2541/2541/2541 2745/2745/2745 2758/2758/2758
f 2755/2755/2755 2541/2541/2541 2758/2758/2758
f 2750/2750/2750 2748/2748/2748 2747/2747/2747
f 2747/2747/2747 2749/2749/2749 2750/2750/2750
f 2742/2742/2742 2750/2750/2750 2749/2749/2749
f 2749/2749/2749 2736/2736/2736 2742/2742/2742
f 2753/2753/2753 2751/2751/2751 2745/2745/2745
f 2745/2745/2745 2752/2752/2752 2753/2753/2753
f 2748/2748/2748 2753/2753/2753 2752/2752/2752
f 2752/2752/2752 2747/2747/2747 2748/2748/2748
f 2752/2752/2752 2745/2745/2745 2541/2541/2541
f 2746/2746/2746 2747/2747/2747 2752/2752/2752
f 2541/2541/2541 2746/2746/2746 2752/2752/2752
f 2749/2749/2749 2747/2747/2747 2746/2746/2746
f 2542/2542/2542 2736/2736/2736 2749/2749/2749
f 2746/2746/2746 2542/2542/2542 2749/2749/2749
f 2741/2741/2741 2739/2739/2739 2738/2738/2738
f 2738/2738/2738 2740/2740/2740 2741/2741/2741
f 2733/2733/2733 2741/2741/2741 2740/2740/2740
f 2740/2740/2740 2727/2727/2727 2733/2733/2733
f 2744/2744/2744 2742/2742/2742 2736/2736/2736
f 2736/2736/2736 2743/2743/2743 2744/2744/2744
f 2739/2739/2739 2744/2744/2744 2743/2743/2743
f 2743/2743/2743 2738/2738/2738 2739/2739/2739
f 2743/2743/2743 2736/2736/2736 2542/2542/2542
f 2737/2737/2737 2738/2738/2738 2743/2743/2743
f 2542/2542/2542 2737/2737/2737 2743/2743/2743
f 2740/2740/2740 2738/2738/2738 2737/2737/2737
f 2543/2543/2543 2727/2727/2727 2740/2740/2740
f 2737/2737/2737 2543/2543/2543 2740/2740/2740
f 2732/2732/2732 2730/2730/2730 2729/2729/2729
f 2729/2729/2729 2731/2731/2731 2732/2732/2732
f 2724/2724/2724 2732/2732/2732 2731/2731/2731
f 2731/2731/2731 2718/2718/2718 2724/2724/2724
f 2735/2735/2735 2733/2733/2733 2727/2727/2727
f 2727/2727/2727 2734/2734/2734 2735/2735/2735
f 2730/2730/2730 2735/2735/2735 2734/2734/2734
f 2734/2734/2734 2729/2729/2729 2730/2730/2730
f 2734/2734/2734 2727/2727/2727 2543/2543/2543
f 2728/2728/2728 2729/2729/2729 2734/2734/2734
f 2543/2543/2543 2728/2728/2728 2734/2734/2734
f 2731/2731/2731 2729/2729/2729 2728/2728/2728
f 2544/2544/2544 2718/2718/2718 2731/2731/2731
f 2728/2728/2728 2544/2544/2544 2731/2731/2731
f 2723/2723/2723 2721/2721/2721 2720/2720/2720
f 2720/2720/2720 2722/2722/2722 2723/2723/2723
f 2715/2715/2715 2723/2723/2723 2722/2722/2722
f 2722/2722/2722 2709/2709/2709 2715/2715/2715
f 2726/2726/2726 2724/2724/2724 2718/2718/2718
f 2718/2718/2718 2725/2725/2725 2726/2726/2726
f 2721/2721/2721 2726/2726/2726 2725/2725/2725
f 2725/2725/2725 2720/2720/2720 2721/2721/2721
f 2725/2725/2725 2718/2718/2718 2544/2544/2544
f 2719/2719/2719 2720/2720/2720 2725/2725/2725
f 2544/2544/2544 2719/2719/2719 2725/2725/2725
f 2722/2722/2722 2720/2720/2720 2719/2719/2719
f 2545/2545/2545 2709/2709/2709 2722/2722/2722
f 2719/2719/2719 2545/2545/2545 2722/2722/2722
f 2714/2714/2714 2712/2712/2712 2711/2711/2711
f 2711/2711/2711 2713/2713/2713 2714/2714/2714
f 2706/2706/2706 2714/2714/2714 2713/2713/2713
f 2713/2713/2713 2700/2700/2700 2706/2706/2706
f 2717/2717/2717 2715/2715/2715 2709/2709/2709
f 2709/2709/2709 2716/2716/2716 2717/2717/2717
f 2712/2712/2712 2717/2717/2717 2716/2716/2716
f 2716/2716/2716 2711/2711/2711 2712/2712/2712
f 2716/2716/2716 2709/2709/2709 2545/2545/2545
f 2710/2710/2710 2711/2711/2711 2716/2716/2716
f 2545/2545/2545 2710/2710/2710 2716/2716/2716
f 2713/2713/2713 2711/2711/2711 2710/2710/2710
f 2546/2546/2546 2700/2700/2700 2713/2713/2713
f 2710/2710/2710 2546/2546/2546 2713/2713/2713
f 2705/2705/2705 2703/2703/2703 2702/2702/2702
f 2702/2702/2702 2704/2704/2704 2705/2705/2705
f 2697/2697/2697 2705/2705/2705 2704/2704/2704
f 2704/2704/2704 2691/2691/2691 2697/2697/2697
f 2708/2708/2708 2706/2706/2706 2700/2700/2700
f 2700/2700/2700 2707/2707/2707 2708/2708/2708
f 2703/2703/2703 2708/2708/2708 2707/2707/2707
f 2707/2707/2707 2702/2702/2702 2703/2703/2703
f 2707/2707/2707 2700/2700/2700 2546/2546/2546
f 2701/2701/2701 2702/2702/2702 2707/2707/2707
f 2546/2546/2546 2701/2701/2701 2707/2707/2707
f 2704/2704/2704 2702/2702/2702 2701/2701/2701
f 2547/2547/2547 2691/2691/2691 2704/2704/2704
f 2701/2701/2701 2547/2547/2547 2704/2704/2704
f 2696/2696/2696 2694/2694/2694 2693/2693/2693
f 2693/2693/2693 2695/2695/2695 2696/2696/2696
f 2688/2688/2688 2696/2696/2696 2695/2695/2695
f 2695/2695/2695 2682/2682/2682 2688/2688/2688
f 2699/2699/2699 2697/2697/2697 2691/2691/2691
f 2691/2691/2691 2698/2698/2698 2699/2699/2699
f 2694/2694/2694 2699/2699/2699 2698/2698/2698
f 2698/2698/2698 2693/2693/2693 2694/2694/2694
f 2698/2698/2698 2691/2691/2691 2547/2547/2547
f 2692/2692/2692 2693/2693/2693 2698/2698/2698
f 2547/2547/2547 2692/2692/2692 2698/2698/2698
f 2695/2695/2695 2693/2693/2693 2692/2692/2692
f 2548/2548/2548 2682/2682/2682 2695/2695/2695
f 2692/2692/2692 2548/2548/2548 2695/2695/2695
f 2687/2687/2687 2685/2685/2685 2684/2684/2684
f 2684/2684/2684 2686/2686/2686 2687/2687/2687
f 2679/2679/2679 2687/2687/2687 2686/2686/2686
f 2686/2686/2686 2673/2673/2673 2679/2679/2679
f 2690/2690/2690 2688/2688/2688 2682/2682/2682
f 2682/2682/2682 2689/2689/2689 2690/2690/2690
f 2685/2685/2685 2690/2690/2690 2689/2689/2689
f 2689/2689/2689 2684/2684/2684 2685/2685/2685
f 2689/2689/2689 2682/2682/2682 2548/2548/2548
f 2683/2683/2683 2684/2684/2684 2689/2689/2689
f 2548/2548/2548 2683/2683/2683 2689/2689/2689
f 2686/2686/2686 2684/2684/2684 2683/2683/2683
f 2549/2549/2549 2673/2673/2673 2686/2686/2686
f 2683/2683/2683 2549/2549/2549 2686/2686/2686
f 2678/2678/2678 2676/2676/2676 2675/2675/2675
f 2675/2675/2675 2677/2677/2677 2678/2678/2678
f 2670/2670/2670 2678/2678/2678 2677/2677/2677
f 2677/2677/2677 2664/2664/2664 2670/2670/2670
f 2681/2681/2681 2679/2679/2679 2673/2673/2673
f 2673/2673/2673 2680/2680/2680 2681/2681/2681
f 2676/2676/2676 2681/2681/2681 2680/2680/2680
f 2680/2680/2680 2675/2675/2675 2676/2676/2676
f 2680/2680/2680 2673/2673/2673 2549/2549/2549
f 2674/2674/2674 2675/2675/2675 2680/2680/2680
f 2549/2549/2549 2674/2674/2674 2680/2680/2680
f 2677/2677/2677 2675/2675/2675 2674/2674/2674
f 2550/2550/2550 2664/2664/2664 2677/2677/2677
f 2674/2674/2674 2550/2550/2550 2677/2677/2677
f 2669/2669/2669 2667/2667/2667 2666/2666/2666
f 2666/2666/2666 2668/2668/2668 2669/2669/2669
f 2661/2661/2661 2669/2669/2669 2668/2668/2668
f 2668/2668/2668 2655/2655/2655 2661/2661/2661
f 2672/2672/2672 2670/2670/2670 2664/2664/2664
f 2664/2664/2664 2671/2671/2671 2672/2672/2672
f 2667/2667/2667 2672/2672/2672 2671/2671/2671
f 2671/2671/2671 2666/2666/2666 2667/2667/2667
f 2671/2671/2671 2664/2664/2664 2550/2550/2550
f 2665/2665/2665 2666/2666/2666 2671/2671/2671
f 2550/2550/2550 2665/2665/2665 2671/2671/2671
f 2668/2668/2668 2666/2666/2666 2665/2665/2665
f 2551/2551/2551 2655/2655/2655 2668/2668/2668
f 2665/2665/2665 2551/2551/2551 2668/2668/2668
f 2660/2660/2660 2658/2658/2658 2657/2657/2657
f 2657/2657/2657 2659/2659/2659 2660/2660/2660
f 2652/2652/2652 2660/2660/2660 2659/2659/2659
f 2659/2659/2659 2646/2646/2646 2652/2652/2652
f 2663/2663/2663 2661/2661/2661 2655/2655/2655
f 2655/2655/2655 2662/2662/2662 2663/2663/2663
f 2658/2658/2658 2663/2663/2663 2662/2662/2662
f 2662/2662/2662 2657/2657/2657 2658/2658/2658
f 2662/2662/2662 2655/2655/2655 2551/2551/2551
f 2656/2656/2656 2657/2657/2657 2662/2662/2662
f 2551/2551/2551 2656/2656/2656 2662/2662/2662
f 2659/2659/2659 2657/2657/2657 2656/2656/2656
f 2552/2552/2552 2646/2646/2646 2659/2659/2659
f 2656/2656/2656 2552/2552/2552 2659/2659/2659
f 2651/2651/2651 2649/2649/2649 2648/2648/2648
f 2648/2648/2648 2650/2650/2650 2651/2651/2651
f 2643/2643/2643 2651/2651/2651 2650/2650/2650
f 2650/2650/2650 2637/2637/2637 2643/2643/2643
f 2654/2654/2654 2652/2652/2652 2646/2646/2646
f 2646/2646/2646 2653/2653/2653 2654/2654/2654
f 2649/2649/2649 2654/2654/2654 2653/2653/2653
f 2653/2653/2653 2648/2648/2648 2649/2649/2649
f 2653/2653/2653 2646/2646/2646 2552/2552/2552
f 2647/2647/2647 2648/2648/2648 2653/2653/2653
f 2552/2552/2552 2647/2647/2647 2653/2653/2653
f 2650/2650/2650 2648/2648/2648 2647/2647/2647
f 2553/2553/2553 2637/2637/2637 2650/2650/2650
f 2647/2647/2647 2553/2553/2553 2650/2650/2650
f 2642/2642/2642 2640/2640/2640 2639/2639/2639
f 2639/2639/2639 2641/2641/2641 2642/2642/2642
f 2634/2634/2634 2642/2642/2642 2641/2641/2641
f 2641/2641/2641 2628/2628/2628 2634/2634/2634
f 2645/2645/2645 2643/2643/2643 2637/2637/2637
f 2637/2637/2637 2644/2644/2644 2645/2645/2645
f 2640/2640/2640 2645/2645/2645 2644/2644/2644
f 2644/2644/2644 2639/2639/2639 2640/2640/2640
f 2644/2644/2644 2637/2637/2637 2553/2553/2553
f 2638/2638/2638 2639/2639/2639 2644/2644/2644
f 2553/2553/2553 2638/2638/2638 2644/2644/2644
f 2641/2641/2641 2639/2639/2639 2638/2638/2638
f 2554/2554/2554 2628/2628/2628 2641/2641/2641
f 2638/2638/2638 2554/2554/2554 2641/2641/2641
f 2633/2633/2633 2631/2631/2631 2630/2630/2630
f 2630/2630/2630 2632/2632/2632 2633/2633/2633
f 2625/2625/2625 2633/2633/2633 2632/2632/2632
f 2632/2632/2632 2619/2619/2619 2625/2625/2625
f 2636/2636/2636 2634/2634/2634 2628/2628/2628
f 2628/2628/2628 2635/2635/2635 2636/2636/2636
f 2631/2631/2631 2636/2636/2636 2635/2635/2635
f 2635/2635/2635 2630/2630/2630 2631/2631/2631
f 2635/2635/2635 2628/2628/2628 2554/2554/2554
f 2629/2629/2629 2630/2630/2630 2635/2635/2635
f 2554/2554/2554 2629/2629/2629 2635/2635/2635
f 2632/2632/2632 2630/2630/2630 2629/2629/2629
f 2555/2555/2555 2619/2619/2619 2632/2632/2632
f 2629/2629/2629 2555/2555/2555 2632/2632/2632
f 2624/2624/2624 2622/2622/2622 2621/2621/2621
f 2621/2621/2621 2623/2623/2623 2624/2624/2624
f 2627/2627/2627 2625/2625/2625 2619/2619/2619
f 2619/2619/2619 2626/2626/2626 2627/2627/2627
f 2622/2622/2622 2627/2627/2627 2626/2626/2626
f 2626/2626/2626 2621/2621/2621 2622/2622/2622
f 2626/2626/2626 2619/2619/2619 2555/2555/2555
f 2620/2620/2620 2621/2621/2621 2626/2626/2626
f 2555/2555/2555 2620/2620/2620 2626/2626/2626
f 2898/2898/2898 2906/2906/2906 2522/2522/2522
f 2898/2898/2898 2910/2910/2910 2524/2524/2524
f 2890/2890/2890 2524/2524/2524 2910/2910/2910
f 2905/2905/2905 2906/2906/2906 2898/2898/2898
f 2904/2904/2904 2905/2905/2905 2903/2903/2903
f 2903/2903/2903 2905/2905/2905 2898/2898/2898
f 2899/2899/2899 2903/2903/2903 2898/2898/2898
f 2522/2522/2522 2910/2910/2910 2898/2898/2898
f 2890/2890/2890 2910/2910/2910 2525/2525/2525
f 2910/2910/2910 2881/2881/2881 2525/2525/2525
f 2911/2911/2911 2881/2881/2881 2910/2910/2910
f 2911/2911/2911 2912/2912/2912 2527/2527/2527
f 2527/2527/2527 2872/2872/2872 2911/2911/2911
f 2911/2911/2911 2526/2526/2526 2881/2881/2881
f 2912/2912/2912 2863/2863/2863 2527/2527/2527
f 2872/2872/2872 2526/2526/2526 2911/2911/2911
f 2618/2618/2618 2904/2904/2904 2900/2900/2900
f 2617/2617/2617 2902/2902/2902 2895/2895/2895
f 2618/2618/2618 2900/2900/2900 2902/2902/2902
f 2616/2616/2616 2897/2897/2897 2892/2892/2892
f 2615/2615/2615 2894/2894/2894 2886/2886/2886
f 2615/2615/2615 2886/2886/2886 2888/2888/2888
f 2616/2616/2616 2892/2892/2892 2894/2894/2894
f 2617/2617/2617 2895/2895/2895 2897/2897/2897
f 2614/2614/2614 2883/2883/2883 2885/2885/2885
f 2613/2613/2613 2877/2877/2877 2879/2879/2879
f 2613/2613/2613 2885/2885/2885 2877/2877/2877
f 2874/2874/2874 2876/2876/2876 2611/2611/2611
f 2611/2611/2611 2612/2612/2612 2874/2874/2874
f 2610/2610/2610 2868/2868/2868 2870/2870/2870
f 2610/2610/2610 2870/2870/2870 2865/2865/2865
f 2611/2611/2611 2876/2876/2876 2868/2868/2868
f 2612/2612/2612 2879/2879/2879 2874/2874/2874
f 2614/2614/2614 2888/2888/2888 2883/2883/2883
f 2528/2528/2528 2863/2863/2863 2912/2912/2912
f 2523/2523/2523 2905/2905/2905 2904/2904/2904
f 2854/2854/2854 2528/2528/2528 2912/2912/2912
f 2529/2529/2529 2854/2854/2854 2913/2913/2913
f 2854/2854/2854 2912/2912/2912 2913/2913/2913
f 2913/2913/2913 2914/2914/2914 2836/2836/2836
f 2836/2836/2836 2530/2530/2530 2913/2913/2913
f 2913/2913/2913 2845/2845/2845 2529/2529/2529
f 2914/2914/2914 2531/2531/2531 2836/2836/2836
f 2530/2530/2530 2845/2845/2845 2913/2913/2913
f 2531/2531/2531 2914/2914/2914 2827/2827/2827
f 2809/2809/2809 2533/2533/2533 2915/2915/2915
f 2916/2916/2916 2917/2917/2917 2535/2535/2535
f 2535/2535/2535 2800/2800/2800 2916/2916/2916
f 2916/2916/2916 2809/2809/2809 2915/2915/2915
f 2532/2532/2532 2827/2827/2827 2915/2915/2915
f 2818/2818/2818 2915/2915/2915 2533/2533/2533
f 2915/2915/2915 2818/2818/2818 2532/2532/2532
f 2918/2918/2918 2919/2919/2919 2764/2764/2764
f 2764/2764/2764 2538/2538/2538 2918/2918/2918
f 2917/2917/2917 2918/2918/2918 2537/2537/2537
f 2537/2537/2537 2782/2782/2782 2917/2917/2917
f 2914/2914/2914 2915/2915/2915 2827/2827/2827
f 2916/2916/2916 2800/2800/2800 2534/2534/2534
f 2534/2534/2534 2809/2809/2809 2916/2916/2916
f 2608/2608/2608 2859/2859/2859 2861/2861/2861
f 2607/2607/2607 2856/2856/2856 2858/2858/2858
f 2607/2607/2607 2858/2858/2858 2850/2850/2850
f 2608/2608/2608 2861/2861/2861 2856/2856/2856
f 2609/2609/2609 2867/2867/2867 2859/2859/2859
f 2917/2917/2917 2791/2791/2791 2535/2535/2535
f 2917/2917/2917 2782/2782/2782 2536/2536/2536
f 2536/2536/2536 2791/2791/2791 2917/2917/2917
f 2918/2918/2918 2773/2773/2773 2537/2537/2537
f 2919/2919/2919 2539/2539/2539 2764/2764/2764
f 2538/2538/2538 2773/2773/2773 2918/2918/2918
f 2539/2539/2539 2919/2919/2919 2755/2755/2755
f 2609/2609/2609 2865/2865/2865 2867/2867/2867
f 2618/2618/2618 2902/2902/2902 2617/2617/2617
f 2849/2849/2849 2606/2606/2606 2847/2847/2847
f 2847/2847/2847 2606/2606/2606 2852/2852/2852
f 2523/2523/2523 2904/2904/2904 2618/2618/2618
f 2843/2843/2843 2605/2605/2605 2841/2841/2841
f 2841/2841/2841 2605/2605/2605 2849/2849/2849
f 2843/2843/2843 2838/2838/2838 2604/2604/2604
f 2850/2850/2850 2852/2852/2852 2607/2607/2607
f 2840/2840/2840 2604/2604/2604 2838/2838/2838
f 2834/2834/2834 2603/2603/2603 2832/2832/2832
f 2832/2832/2832 2603/2603/2603 2840/2840/2840
f 2831/2831/2831 2602/2602/2602 2829/2829/2829
f 2825/2825/2825 2601/2601/2601 2823/2823/2823
f 2820/2820/2820 2600/2600/2600 2825/2825/2825
f 2823/2823/2823 2601/2601/2601 2831/2831/2831
f 2829/2829/2829 2602/2602/2602 2834/2834/2834
f 2822/2822/2822 2600/2600/2600 2820/2820/2820
f 2616/2616/2616 2617/2617/2617 2897/2897/2897
f 2614/2614/2614 2615/2615/2615 2888/2888/2888
f 2616/2616/2616 2894/2894/2894 2615/2615/2615
f 2612/2612/2612 2613/2613/2613 2879/2879/2879
f 2610/2610/2610 2611/2611/2611 2868/2868/2868
f 2609/2609/2609 2610/2610/2610 2865/2865/2865
f 2614/2614/2614 2885/2885/2885 2613/2613/2613
f 2607/2607/2607 2608/2608/2608 2856/2856/2856
f 2849/2849/2849 2605/2605/2605 2606/2606/2606
f 2606/2606/2606 2607/2607/2607 2852/2852/2852
f 2840/2840/2840 2603/2603/2603 2604/2604/2604
f 2831/2831/2831 2601/2601/2601 2602/2602/2602
f 2825/2825/2825 2600/2600/2600 2601/2601/2601
f 2602/2602/2602 2603/2603/2603 2834/2834/2834
f 2604/2604/2604 2605/2605/2605 2843/2843/2843
f 2609/2609/2609 2859/2859/2859 2608/2608/2608
f 2600/2600/2600 2822/2822/2822 2599/2599/2599
f 2599/2599/2599 2814/2814/2814 2816/2816/2816
f 2598/2598/2598 2811/2811/2811 2813/2813/2813
f 2598/2598/2598 2816/2816/2816 2811/2811/2811
f 2597/2597/2597 2805/2805/2805 2807/2807/2807
f 2596/2596/2596 2802/2802/2802 2804/2804/2804
f 2595/2595/2595 2804/2804/2804 2796/2796/2796
f 2596/2596/2596 2807/2807/2807 2802/2802/2802
f 2597/2597/2597 2813/2813/2813 2805/2805/2805
f 2594/2594/2594 2798/2798/2798 2793/2793/2793
f 2593/2593/2593 2795/2795/2795 2787/2787/2787
f 2594/2594/2594 2793/2793/2793 2795/2795/2795
f 2592/2592/2592 2789/2789/2789 2784/2784/2784
f 2591/2591/2591 2786/2786/2786 2778/2778/2778
f 2591/2591/2591 2778/2778/2778 2780/2780/2780
f 2592/2592/2592 2784/2784/2784 2786/2786/2786
f 2593/2593/2593 2787/2787/2787 2789/2789/2789
f 2595/2595/2595 2796/2796/2796 2798/2798/2798
f 2598/2598/2598 2599/2599/2599 2816/2816/2816
f 2596/2596/2596 2597/2597/2597 2807/2807/2807
f 2598/2598/2598 2813/2813/2813 2597/2597/2597
f 2594/2594/2594 2595/2595/2595 2798/2798/2798
f 2592/2592/2592 2593/2593/2593 2789/2789/2789
f 2591/2591/2591 2592/2592/2592 2786/2786/2786
f 2594/2594/2594 2795/2795/2795 2593/2593/2593
f 2596/2596/2596 2804/2804/2804 2595/2595/2595
f 2590/2590/2590 2775/2775/2775 2777/2777/2777
f 2589/2589/2589 2769/2769/2769 2771/2771/2771
f 2589/2589/2589 2777/2777/2777 2769/2769/2769
f 2589/2589/2589 2590/2590/2590 2777/2777/2777
f 2768/2768/2768 2588/2588/2588 2766/2766/2766
f 2771/2771/2771 2588/2588/2588 2589/2589/2589
f 2540/2540/2540 2588/2588/2588 2768/2768/2768
f 2771/2771/2771 2766/2766/2766 2588/2588/2588
f 2780/2780/2780 2590/2590/2590 2591/2591/2591
f 2775/2775/2775 2590/2590/2590 2780/2780/2780
f 2822/2822/2822 2814/2814/2814 2599/2599/2599
f 2920/2920/2920 2541/2541/2541 2755/2755/2755
f 2542/2542/2542 2746/2746/2746 2920/2920/2920
f 2541/2541/2541 2920/2920/2920 2746/2746/2746
f 2920/2920/2920 2755/2755/2755 2919/2919/2919
f 2540/2540/2540 2760/2760/2760 2762/2762/2762
f 2587/2587/2587 2757/2757/2757 2759/2759/2759
f 2587/2587/2587 2762/2762/2762 2757/2757/2757
f 2737/2737/2737 2542/2542/2542 2920/2920/2920
f 2543/2543/2543 2737/2737/2737 2921/2921/2921
f 2737/2737/2737 2920/2920/2920 2921/2921/2921
f 2921/2921/2921 2922/2922/2922 2544/2544/2544
f 2544/2544/2544 2728/2728/2728 2921/2921/2921
f 2921/2921/2921 2728/2728/2728 2543/2543/2543
f 2922/2922/2922 2719/2719/2719 2544/2544/2544
f 2922/2922/2922 2545/2545/2545 2719/2719/2719
f 2545/2545/2545 2922/2922/2922 2710/2710/2710
f 2586/2586/2586 2751/2751/2751 2753/2753/2753
f 2585/2585/2585 2748/2748/2748 2750/2750/2750
f 2585/2585/2585 2753/2753/2753 2748/2748/2748
f 2584/2584/2584 2742/2742/2742 2744/2744/2744
f 2583/2583/2583 2739/2739/2739 2741/2741/2741
f 2582/2582/2582 2741/2741/2741 2733/2733/2733
f 2583/2583/2583 2744/2744/2744 2739/2739/2739
f 2584/2584/2584 2750/2750/2750 2742/2742/2742
f 2581/2581/2581 2735/2735/2735 2730/2730/2730
f 2580/2580/2580 2732/2732/2732 2724/2724/2724
f 2730/2730/2730 2732/2732/2732 2580/2580/2580
f 2580/2580/2580 2581/2581/2581 2730/2730/2730
f 2579/2579/2579 2726/2726/2726 2721/2721/2721
f 2578/2578/2578 2723/2723/2723 2715/2715/2715
f 2577/2577/2577 2715/2715/2715 2717/2717/2717
f 2578/2578/2578 2721/2721/2721 2723/2723/2723
f 2579/2579/2579 2724/2724/2724 2726/2726/2726
f 2582/2582/2582 2733/2733/2733 2735/2735/2735
f 2586/2586/2586 2759/2759/2759 2751/2751/2751
f 2923/2923/2923 2546/2546/2546 2710/2710/2710
f 2701/2701/2701 2546/2546/2546 2923/2923/2923
f 2923/2923/2923 2710/2710/2710 2922/2922/2922
f 2923/2923/2923 2924/2924/2924 2692/2692/2692
f 2692/2692/2692 2547/2547/2547 2923/2923/2923
f 2923/2923/2923 2547/2547/2547 2701/2701/2701
f 2924/2924/2924 2548/2548/2548 2692/2692/2692
f 2924/2924/2924 2683/2683/2683 2548/2548/2548
f 2924/2924/2924 2925/2925/2925 2549/2549/2549
f 2549/2549/2549 2683/2683/2683 2924/2924/2924
f 2665/2665/2665 2550/2550/2550 2925/2925/2925
f 2927/2927/2927 2928/2928/2928 2554/2554/2554
f 2554/2554/2554 2638/2638/2638 2927/2927/2927
f 2926/2926/2926 2665/2665/2665 2925/2925/2925
f 2674/2674/2674 2549/2549/2549 2925/2925/2925
f 2926/2926/2926 2927/2927/2927 2552/2552/2552
f 2552/2552/2552 2656/2656/2656 2926/2926/2926
f 2925/2925/2925 2550/2550/2550 2674/2674/2674
f 2620/2620/2620 2907/2907/2907 2908/2908/2908
f 2928/2928/2928 2907/2907/2907 2620/2620/2620
f 2620/2620/2620 2555/2555/2555 2928/2928/2928
f 2926/2926/2926 2551/2551/2551 2665/2665/2665
f 2656/2656/2656 2551/2551/2551 2926/2926/2926
f 2576/2576/2576 2712/2712/2712 2714/2714/2714
f 2576/2576/2576 2706/2706/2706 2708/2708/2708
f 2576/2576/2576 2714/2714/2714 2706/2706/2706
f 2647/2647/2647 2552/2552/2552 2927/2927/2927
f 2927/2927/2927 2638/2638/2638 2553/2553/2553
f 2928/2928/2928 2629/2629/2629 2554/2554/2554
f 2621/2621/2621 2620/2620/2620 2623/2623/2623
f 2909/2909/2909 2623/2623/2623 2620/2620/2620
f 2624/2624/2624 2623/2623/2623 2909/2909/2909
f 2909/2909/2909 2620/2620/2620 2908/2908/2908
f 2555/2555/2555 2629/2629/2629 2928/2928/2928
f 2553/2553/2553 2647/2647/2647 2927/2927/2927
f 2577/2577/2577 2717/2717/2717 2712/2712/2712
f 2586/2586/2586 2753/2753/2753 2585/2585/2585
f 2697/2697/2697 2574/2574/2574 2705/2705/2705
f 2705/2705/2705 2575/2575/2575 2703/2703/2703
f 2540/2540/2540 2762/2762/2762 2587/2587/2587
f 2699/2699/2699 2694/2694/2694 2573/2573/2573
f 2586/2586/2586 2587/2587/2587 2759/2759/2759
f 2574/2574/2574 2697/2697/2697 2699/2699/2699
f 2703/2703/2703 2575/2575/2575 2708/2708/2708
f 2696/2696/2696 2573/2573/2573 2694/2694/2694
f 2690/2690/2690 2572/2572/2572 2688/2688/2688
f 2688/2688/2688 2572/2572/2572 2696/2696/2696
f 2687/2687/2687 2571/2571/2571 2685/2685/2685
f 2681/2681/2681 2570/2570/2570 2679/2679/2679
f 2676/2676/2676 2569/2569/2569 2681/2681/2681
f 2679/2679/2679 2570/2570/2570 2687/2687/2687
f 2685/2685/2685 2571/2571/2571 2690/2690/2690
f 2678/2678/2678 2569/2569/2569 2676/2676/2676
f 2584/2584/2584 2585/2585/2585 2750/2750/2750
f 2582/2582/2582 2583/2583/2583 2741/2741/2741
f 2584/2584/2584 2744/2744/2744 2583/2583/2583
f 2578/2578/2578 2579/2579/2579 2721/2721/2721
f 2577/2577/2577 2578/2578/2578 2715/2715/2715
f 2580/2580/2580 2724/2724/2724 2579/2579/2579
f 2582/2582/2582 2735/2735/2735 2581/2581/2581
f 2575/2575/2575 2576/2576/2576 2708/2708/2708
f 2699/2699/2699 2573/2573/2573 2574/2574/2574
f 2574/2574/2574 2575/2575/2575 2705/2705/2705
f 2690/2690/2690 2571/2571/2571 2572/2572/2572
f 2681/2681/2681 2569/2569/2569 2570/2570/2570
f 2678/2678/2678 2568/2568/2568 2569/2569/2569
f 2570/2570/2570 2571/2571/2571 2687/2687/2687
f 2572/2572/2572 2573/2573/2573 2696/2696/2696
f 2577/2577/2577 2712/2712/2712 2576/2576/2576
f 2568/2568/2568 2678/2678/2678 2670/2670/2670
f 2567/2567/2567 2568/2568/2568 2670/2670/2670
f 2670/2670/2670 2672/2672/2672 2567/2567/2567
f 2567/2567/2567 2667/2667/2667 2669/2669/2669
f 2567/2567/2567 2672/2672/2672 2667/2667/2667
f 2566/2566/2566 2661/2661/2661 2663/2663/2663
f 2565/2565/2565 2658/2658/2658 2660/2660/2660
f 2564/2564/2564 2660/2660/2660 2652/2652/2652
f 2565/2565/2565 2663/2663/2663 2658/2658/2658
f 2566/2566/2566 2669/2669/2669 2661/2661/2661
f 2563/2563/2563 2654/2654/2654 2649/2649/2649
f 2562/2562/2562 2651/2651/2651 2643/2643/2643
f 2563/2563/2563 2649/2649/2649 2651/2651/2651
f 2561/2561/2561 2645/2645/2645 2640/2640/2640
f 2560/2560/2560 2642/2642/2642 2634/2634/2634
f 2560/2560/2560 2634/2634/2634 2636/2636/2636
f 2561/2561/2561 2640/2640/2640 2642/2642/2642
f 2562/2562/2562 2643/2643/2643 2645/2645/2645
f 2564/2564/2564 2652/2652/2652 2654/2654/2654
f 2566/2566/2566 2567/2567/2567 2669/2669/2669
f 2564/2564/2564 2565/2565/2565 2660/2660/2660
f 2566/2566/2566 2663/2663/2663 2565/2565/2565
f 2562/2562/2562 2563/2563/2563 2651/2651/2651
f 2560/2560/2560 2561/2561/2561 2642/2642/2642
f 2559/2559/2559 2560/2560/2560 2636/2636/2636
f 2562/2562/2562 2645/2645/2645 2561/2561/2561
f 2564/2564/2564 2654/2654/2654 2563/2563/2563
f 2558/2558/2558 2559/2559/2559 2631/2631/2631
f 2631/2631/2631 2633/2633/2633 2558/2558/2558
f 2558/2558/2558 2625/2625/2625 2627/2627/2627
f 2558/2558/2558 2633/2633/2633 2625/2625/2625
f 2557/2557/2557 2558/2558/2558 2627/2627/2627
f 2556/2556/2556 2557/2557/2557 2622/2622/2622
f 2622/2622/2622 2624/2624/2624 2556/2556/2556
f 2909/2909/2909 2556/2556/2556 2624/2624/2624
f 2557/2557/2557 2627/2627/2627 2622/2622/2622
f 2636/2636/2636 2631/2631/2631 2559/2559/2559
f 2768/2768/2768 2760/2760/2760 2540/2540/2540
f 2930/2930/2930 3013/3013/3013 3018/3018/3018
f 3018/3018/3018 3016/3016/3016 2930/2930/2930
f 3015/3015/3015 3006/3006/3006 3020/3020/3020
f 3020/3020/3020 3018/3018/3018 3013/3013/3013
f 3013/3013/3013 2937/2937/2937 3015/3015/3015
f 3015/3015/3015 3020/3020/3020 3013/3013/3013
f 3018/3018/3018 3020/3020/3020 3021/3021/3021
f 3021/3021/3021 3019/3019/3019 3018/3018/3018
f 3019/3019/3019 3017/3017/3017 3023/3023/3023
f 3023/3023/3023 2936/2936/2936 3016/3016/3016
f 3016/3016/3016 3018/3018/3018 3019/3019/3019
f 3019/3019/3019 3023/3023/3023 3016/3016/3016
f 3015/3015/3015 2937/2937/2937 3009/3009/3009
f 3022/3022/3022 2936/2936/2936 3023/3023/3023
f 2996/2996/2996 2998/2998/2998 2997/2997/2997
f 2997/2997/2997 2995/2995/2995 2996/2996/2996
f 2995/2995/2995 2997/2997/2997 3001/3001/3001
f 3001/3001/3001 2999/2999/2999 2995/2995/2995
f 2999/2999/2999 3001/3001/3001 3000/3000/3000
f 3000/3000/3000 2994/2994/2994 2999/2999/2999
f 2999/2999/2999 2994/2994/2994 2939/2939/2939
f 2993/2993/2993 2995/2995/2995 2999/2999/2999
f 2939/2939/2939 2993/2993/2993 2999/2999/2999
f 3004/3004/3004 3003/3003/3003 3008/3008/3008
f 3008/3008/3008 3002/3002/3002 2939/2939/2939
f 2939/2939/2939 2994/2994/2994 3004/3004/3004
f 3004/3004/3004 3008/3008/3008 2939/2939/2939
f 3004/3004/3004 2994/2994/2994 3000/3000/3000
f 3002/3002/3002 3008/3008/3008 3010/3010/3010
f 3010/3010/3010 3007/3007/3007 3002/3002/3002
f 3008/3008/3008 3003/3003/3003 3005/3005/3005
f 3005/3005/3005 3010/3010/3010 3008/3008/3008
f 3007/3007/3007 3010/3010/3010 3009/3009/3009
f 3009/3009/3009 2937/2937/2937 3007/3007/3007
f 2938/2938/2938 3012/3012/3012 3014/3014/3014
f 3014/3014/3014 3011/3011/3011 2938/2938/2938
f 3012/3012/3012 2939/2939/2939 3002/3002/3002
f 3002/3002/3002 3014/3014/3014 3012/3012/3012
f 3007/3007/3007 2937/2937/2937 3013/3013/3013
f 3014/3014/3014 3002/3002/3002 3007/3007/3007
f 3013/3013/3013 3014/3014/3014 3007/3007/3007
f 3011/3011/3011 3014/3014/3014 3013/3013/3013
f 3013/3013/3013 2930/2930/2930 3011/3011/3011
f 3031/3031/3031 2942/2942/2942 3038/3038/3038
f 3038/3038/3038 2940/2940/2940 2932/2932/2932
f 2932/2932/2932 2941/2941/2941 3031/3031/3031
f 3031/3031/3031 3038/3038/3038 2932/2932/2932
f 2941/2941/2941 3032/3032/3032 3033/3033/3033
f 3033/3033/3033 3031/3031/3031 2941/2941/2941
f 3032/3032/3032 2930/2930/2930 3016/3016/3016
f 3016/3016/3016 3033/3033/3033 3032/3032/3032
f 3028/3028/3028 3025/3025/3025 3033/3033/3033
f 3016/3016/3016 2936/2936/2936 3028/3028/3028
f 3033/3033/3033 3016/3016/3016 3028/3028/3028
f 3031/3031/3031 3033/3033/3033 3025/3025/3025
f 3025/3025/3025 2942/2942/2942 3031/3031/3031
f 3027/3027/3027 3026/3026/3026 3035/3035/3035
f 3035/3035/3035 3024/3024/3024 2942/2942/2942
f 2942/2942/2942 3025/3025/3025 3027/3027/3027
f 3027/3027/3027 3035/3035/3035 2942/2942/2942
f 3025/3025/3025 3028/3028/3028 3030/3030/3030
f 3030/3030/3030 3027/3027/3027 3025/3025/3025
f 3028/3028/3028 2936/2936/2936 3022/3022/3022
f 3022/3022/3022 3030/3030/3030 3028/3028/3028
f 3027/3027/3027 3030/3030/3030 3029/3029/3029
f 3029/3029/3029 3026/3026/3026 3027/3027/3027
f 3024/3024/3024 3035/3035/3035 3036/3036/3036
f 3036/3036/3036 3034/3034/3034 3024/3024/3024
f 3044/3044/3044 3037/3037/3037 2940/2940/2940
f 3038/3038/3038 3039/3039/3039 3044/3044/3044
f 2940/2940/2940 3038/3038/3038 3044/3044/3044
f 3041/3041/3041 3039/3039/3039 3038/3038/3038
f 2942/2942/2942 3024/3024/3024 3041/3041/3041
f 3038/3038/3038 2942/2942/2942 3041/3041/3041
f 3039/3039/3039 3041/3041/3041 3042/3042/3042
f 3042/3042/3042 3040/3040/3040 3039/3039/3039
f 3041/3041/3041 3024/3024/3024 3034/3034/3034
f 3034/3034/3034 3042/3042/3042 3041/3041/3041
f 3139/3139/3139 3043/3043/3043 3037/3037/3037
f 3044/3044/3044 3045/3045/3045 3139/3139/3139
f 3037/3037/3037 3044/3044/3044 3139/3139/3139
f 3044/3044/3044 3039/3039/3039 3040/3040/3040
f 3040/3040/3040 3045/3045/3045 3044/3044/3044
f 3043/3043/3043 3139/3139/3139 3141/3141/3141
f 3141/3141/3141 3137/3137/3137 3043/3043/3043
f 3139/3139/3139 3045/3045/3045 3140/3140/3140
f 3140/3140/3140 3141/3141/3141 3139/3139/3139
f 3011/3011/3011 2930/2930/2930 3032/3032/3032
f 3032/3032/3032 2941/2941/2941 2944/2944/2944
f 2944/2944/2944 2938/2938/2938 3011/3011/3011
f 3011/3011/3011 3032/3032/3032 2944/2944/2944
f 2943/2943/2943 2944/2944/2944 2941/2941/2941
f 2941/2941/2941 2932/2932/2932 2943/2943/2943
f 2934/2934/2934 3168/3168/3168 3170/3170/3170
f 3170/3170/3170 3167/3167/3167 2934/2934/2934
f 3168/3168/3168 2946/2946/2946 3169/3169/3169
f 3169/3169/3169 3170/3170/3170 3168/3168/3168
f 3164/3164/3164 3148/3148/3148 3170/3170/3170
f 3169/3169/3169 2947/2947/2947 3164/3164/3164
f 3170/3170/3170 3169/3169/3169 3164/3164/3164
f 3174/3174/3174 2945/2945/2945 3192/3192/3192
f 3192/3192/3192 3167/3167/3167 3170/3170/3170
f 3170/3170/3170 3148/3148/3148 3174/3174/3174
f 3174/3174/3174 3192/3192/3192 3170/3170/3170
f 3047/3047/3047 2947/2947/2947 3169/3169/3169
f 3169/3169/3169 2946/2946/2946 2932/2932/2932
f 2932/2932/2932 2940/2940/2940 3047/3047/3047
f 3047/3047/3047 3169/3169/3169 2932/2932/2932
f 3146/3146/3146 3046/3046/3046 3165/3165/3165
f 3165/3165/3165 2947/2947/2947 3047/3047/3047
f 3047/3047/3047 3048/3048/3048 3146/3146/3146
f 3146/3146/3146 3165/3165/3165 3047/3047/3047
f 3133/3133/3133 3048/3048/3048 3047/3047/3047
f 2940/2940/2940 3037/3037/3037 3133/3133/3133
f 3047/3047/3047 2940/2940/2940 3133/3133/3133
f 3143/3143/3143 3132/3132/3132 3048/3048/3048
f 3133/3133/3133 3134/3134/3134 3143/3143/3143
f 3048/3048/3048 3133/3133/3133 3143/3143/3143
f 3136/3136/3136 3134/3134/3134 3133/3133/3133
f 3037/3037/3037 3043/3043/3043 3136/3136/3136
f 3133/3133/3133 3037/3037/3037 3136/3136/3136
f 3134/3134/3134 3136/3136/3136 3138/3138/3138
f 3138/3138/3138 3135/3135/3135 3134/3134/3134
f 3136/3136/3136 3043/3043/3043 3137/3137/3137
f 3137/3137/3137 3138/3138/3138 3136/3136/3136
f 3132/3132/3132 3143/3143/3143 3144/3144/3144
f 3144/3144/3144 3142/3142/3142 3132/3132/3132
f 3143/3143/3143 3134/3134/3134 3135/3135/3135
f 3135/3135/3135 3144/3144/3144 3143/3143/3143
f 3153/3153/3153 3145/3145/3145 3046/3046/3046
f 3146/3146/3146 3147/3147/3147 3153/3153/3153
f 3046/3046/3046 3146/3146/3146 3153/3153/3153
f 3151/3151/3151 3147/3147/3147 3146/3146/3146
f 3048/3048/3048 3132/3132/3132 3151/3151/3151
f 3146/3146/3146 3048/3048/3048 3151/3151/3151
f 3147/3147/3147 3151/3151/3151 3152/3152/3152
f 3152/3152/3152 3150/3150/3150 3147/3147/3147
f 3151/3151/3151 3132/3132/3132 3142/3142/3142
f 3142/3142/3142 3152/3152/3152 3151/3151/3151
f 3153/3153/3153 3147/3147/3147 3150/3150/3150
f 3178/3178/3178 3173/3173/3173 2945/2945/2945
f 3174/3174/3174 3175/3175/3175 3178/3178/3178
f 2945/2945/2945 3174/3174/3174 3178/3178/3178
f 3174/3174/3174 3148/3148/3148 3163/3163/3163
f 3163/3163/3163 3175/3175/3175 3174/3174/3174
f 3171/3171/3171 3157/3157/3157 3179/3179/3179
f 3179/3179/3179 3175/3175/3175 3163/3163/3163
f 3163/3163/3163 3149/3149/3149 3171/3171/3171
f 3171/3171/3171 3179/3179/3179 3163/3163/3163
f 3173/3173/3173 3178/3178/3178 3180/3180/3180
f 3180/3180/3180 3177/3177/3177 3173/3173/3173
f 3178/3178/3178 3175/3175/3175 3179/3179/3179
f 3179/3179/3179 3180/3180/3180 3178/3178/3178
f 3180/3180/3180 3179/3179/3179 3157/3157/3157
f 3157/3157/3157 3176/3176/3176 3180/3180/3180
f 3148/3148/3148 3164/3164/3164 3166/3166/3166
f 3166/3166/3166 3163/3163/3163 3148/3148/3148
f 3164/3164/3164 2947/2947/2947 3165/3165/3165
f 3165/3165/3165 3166/3166/3166 3164/3164/3164
f 3166/3166/3166 3165/3165/3165 3046/3046/3046
f 3046/3046/3046 3154/3154/3154 3166/3166/3166
f 3160/3160/3160 3149/3149/3149 3163/3163/3163
f 3166/3166/3166 3154/3154/3154 3160/3160/3160
f 3163/3163/3163 3166/3166/3166 3160/3160/3160
f 3149/3149/3149 3160/3160/3160 3162/3162/3162
f 3162/3162/3162 3159/3159/3159 3149/3149/3149
f 3160/3160/3160 3154/3154/3154 3161/3161/3161
f 3161/3161/3161 3162/3162/3162 3160/3160/3160
f 3156/3156/3156 3155/3155/3155 3161/3161/3161
f 3161/3161/3161 3154/3154/3154 3046/3046/3046
f 3046/3046/3046 3145/3145/3145 3156/3156/3156
f 3156/3156/3156 3161/3161/3161 3046/3046/3046
f 3171/3171/3171 3149/3149/3149 3159/3159/3159
f 3159/3159/3159 3172/3172/3172 3171/3171/3171
f 2949/2949/2949 2943/2943/2943 2932/2932/2932
f 2932/2932/2932 2946/2946/2946 2949/2949/2949
f 3168/3168/3168 2934/2934/2934 3208/3208/3208
f 3208/3208/3208 2948/2948/2948 2949/2949/2949
f 2949/2949/2949 2946/2946/2946 3168/3168/3168
f 3168/3168/3168 3208/3208/3208 2949/2949/2949
f 3214/3214/3214 3211/3211/3211 3218/3218/3218
f 3218/3218/3218 3210/3210/3210 2950/2950/2950
f 2950/2950/2950 3202/3202/3202 3214/3214/3214
f 3214/3214/3214 3218/3218/3218 2950/2950/2950
f 3214/3214/3214 3202/3202/3202 3215/3215/3215
f 3215/3215/3215 3216/3216/3216 3214/3214/3214
f 2950/2950/2950 3203/3203/3203 3205/3205/3205
f 3205/3205/3205 3202/3202/3202 2950/2950/2950
f 3203/3203/3203 3184/3184/3184 3204/3204/3204
f 3204/3204/3204 3205/3205/3205 3203/3203/3203
f 3205/3205/3205 3204/3204/3204 3185/3185/3185
f 3185/3185/3185 3194/3194/3194 3205/3205/3205
f 3199/3199/3199 3183/3183/3183 3215/3215/3215
f 3215/3215/3215 3202/3202/3202 3205/3205/3205
f 3205/3205/3205 3194/3194/3194 3199/3199/3199
f 3199/3199/3199 3215/3215/3215 3205/3205/3205
f 3191/3191/3191 3185/3185/3185 3204/3204/3204
f 3204/3204/3204 3184/3184/3184 2934/2934/2934
f 2934/2934/2934 3167/3167/3167 3191/3191/3191
f 3191/3191/3191 3204/3204/3204 2934/2934/2934
f 3185/3185/3185 3191/3191/3191 3193/3193/3193
f 3193/3193/3193 3190/3190/3190 3185/3185/3185
f 3191/3191/3191 3167/3167/3167 3192/3192/3192
f 3192/3192/3192 3193/3193/3193 3191/3191/3191
f 3193/3193/3193 3192/3192/3192 2945/2945/2945
f 2945/2945/2945 3181/3181/3181 3193/3193/3193
f 3187/3187/3187 3158/3158/3158 3197/3197/3197
f 3197/3197/3197 3190/3190/3190 3193/3193/3193
f 3193/3193/3193 3181/3181/3181 3187/3187/3187
f 3187/3187/3187 3197/3197/3197 3193/3193/3193
f 3199/3199/3199 3194/3194/3194 3200/3200/3200
f 3200/3200/3200 3201/3201/3201 3199/3199/3199
f 3201/3201/3201 3200/3200/3200 3195/3195/3195
f 3196/3196/3196 3195/3195/3195 3200/3200/3200
f 3200/3200/3200 3194/3194/3194 3185/3185/3185
f 3185/3185/3185 3190/3190/3190 3196/3196/3196
f 3196/3196/3196 3200/3200/3200 3185/3185/3185
f 3195/3195/3195 3196/3196/3196 3198/3198/3198
f 3196/3196/3196 3190/3190/3190 3197/3197/3197
f 3197/3197/3197 3198/3198/3198 3196/3196/3196
f 3187/3187/3187 3181/3181/3181 3188/3188/3188
f 3188/3188/3188 3189/3189/3189 3187/3187/3187
f 3186/3186/3186 3182/3182/3182 3188/3188/3188
f 3188/3188/3188 3181/3181/3181 2945/2945/2945
f 2945/2945/2945 3173/3173/3173 3186/3186/3186
f 3186/3186/3186 3188/3188/3188 2945/2945/2945
f 3255/3255/3255 3254/3254/3254 3250/3250/3250
f 3250/3250/3250 3251/3251/3251 3255/3255/3255
f 3252/3252/3252 3250/3250/3250 3249/3249/3249
f 3233/3233/3233 3241/3241/3241 3252/3252/3252
f 3249/3249/3249 3233/3233/3233 3252/3252/3252
f 3251/3251/3251 3250/3250/3250 3252/3252/3252
f 3252/3252/3252 3253/3253/3253 3251/3251/3251
f 3253/3253/3253 3252/3252/3252 3241/3241/3241
f 3241/3241/3241 3246/3246/3246 3253/3253/3253
f 3237/3237/3237 3212/3212/3212 3242/3242/3242
f 3242/3242/3242 3233/3233/3233 3232/3232/3232
f 3232/3232/3232 2951/2951/2951 3237/3237/3237
f 3237/3237/3237 3242/3242/3242 3232/3232/3232
f 3246/3246/3246 3241/3241/3241 3247/3247/3247
f 3247/3247/3247 3248/3248/3248 3246/3246/3246
f 3248/3248/3248 3247/3247/3247 3243/3243/3243
f 3243/3243/3243 3244/3244/3244 3248/3248/3248
f 3247/3247/3247 3241/3241/3241 3233/3233/3233
f 3242/3242/3242 3243/3243/3243 3247/3247/3247
f 3233/3233/3233 3242/3242/3242 3247/3247/3247
f 3245/3245/3245 3243/3243/3243 3242/3242/3242
f 3212/3212/3212 3229/3229/3229 3245/3245/3245
f 3242/3242/3242 3212/3212/3212 3245/3245/3245
f 3244/3244/3244 3243/3243/3243 3245/3245/3245
f 3238/3238/3238 2951/2951/2951 3207/3207/3207
f 3209/3209/3209 3206/3206/3206 3238/3238/3238
f 3207/3207/3207 3209/3209/3209 3238/3238/3238
f 3207/3207/3207 2948/2948/2948 3208/3208/3208
f 3208/3208/3208 3209/3209/3209 3207/3207/3207
f 3209/3209/3209 3208/3208/3208 2934/2934/2934
f 2934/2934/2934 3184/3184/3184 3209/3209/3209
f 3203/3203/3203 2950/2950/2950 3221/3221/3221
f 3221/3221/3221 3206/3206/3206 3209/3209/3209
f 3209/3209/3209 3184/3184/3184 3203/3203/3203
f 3203/3203/3203 3221/3221/3221 3209/3209/3209
f 3234/3234/3234 3231/3231/3231 3240/3240/3240
f 3240/3240/3240 3229/3229/3229 3212/3212/3212
f 3212/3212/3212 3230/3230/3230 3234/3234/3234
f 3234/3234/3234 3240/3240/3240 3212/3212/3212
f 3234/3234/3234 3230/3230/3230 3235/3235/3235
f 3235/3235/3235 3236/3236/3236 3234/3234/3234
f 3236/3236/3236 3235/3235/3235 3213/3213/3213
f 3213/3213/3213 3227/3227/3227 3236/3236/3236
f 3212/3212/3212 3237/3237/3237 3239/3239/3239
f 3239/3239/3239 3230/3230/3230 3212/3212/3212
f 3237/3237/3237 2951/2951/2951 3238/3238/3238
f 3238/3238/3238 3239/3239/3239 3237/3237/3237
f 3239/3239/3239 3238/3238/3238 3206/3206/3206
f 3206/3206/3206 3220/3220/3220 3239/3239/3239
f 3235/3235/3235 3230/3230/3230 3239/3239/3239
f 3220/3220/3220 3213/3213/3213 3235/3235/3235
f 3239/3239/3239 3220/3220/3220 3235/3235/3235
f 3224/3224/3224 3219/3219/3219 3228/3228/3228
f 3228/3228/3228 3213/3213/3213 3220/3220/3220
f 3220/3220/3220 3222/3222/3222 3224/3224/3224
f 3224/3224/3224 3228/3228/3228 3220/3220/3220
f 3220/3220/3220 3206/3206/3206 3221/3221/3221
f 3221/3221/3221 3222/3222/3222 3220/3220/3220
f 3225/3225/3225 3222/3222/3222 3221/3221/3221
f 2950/2950/2950 3210/3210/3210 3225/3225/3225
f 3221/3221/3221 2950/2950/2950 3225/3225/3225
f 3219/3219/3219 3224/3224/3224 3226/3226/3226
f 3226/3226/3226 3223/3223/3223 3219/3219/3219
f 3224/3224/3224 3222/3222/3222 3225/3225/3225
f 3225/3225/3225 3226/3226/3226 3224/3224/3224
f 3226/3226/3226 3225/3225/3225 3210/3210/3210
f 3210/3210/3210 3217/3217/3217 3226/3226/3226
f 3227/3227/3227 3213/3213/3213 3228/3228/3228
f 2989/2989/2989 2990/2990/2990 3040/3040/3040
f 2991/2991/2991 3140/3140/3140 2990/2990/2990
f 2987/2987/2987 3034/3034/3034 2986/2986/2986
f 3042/3042/3042 2987/2987/2987 2988/2988/2988
f 2988/2988/2988 2989/2989/2989 3042/3042/3042
f 2990/2990/2990 3140/3140/3140 3040/3040/3040
f 3140/3140/3140 2991/2991/2991 2992/2992/2992
f 3049/3049/3049 3137/3137/3137 2931/2931/2931
f 3050/3050/3050 3138/3138/3138 3049/3049/3049
f 3140/3140/3140 2992/2992/2992 3141/3141/3141
f 3141/3141/3141 2992/2992/2992 2931/2931/2931
f 3137/3137/3137 3141/3141/3141 2931/2931/2931
f 3137/3137/3137 3049/3049/3049 3138/3138/3138
f 3138/3138/3138 3050/3050/3050 3051/3051/3051
f 2982/2982/2982 3026/3026/3026 2981/2981/2981
f 2983/2983/2983 3026/3026/3026 2982/2982/2982
f 2980/2980/2980 3030/3030/3030 2979/2979/2979
f 3029/3029/3029 3030/3030/3030 2980/2980/2980
f 2981/2981/2981 3029/3029/3029 2980/2980/2980
f 3029/3029/3029 2981/2981/2981 3026/3026/3026
f 3026/3026/3026 2983/2983/2983 3035/3035/3035
f 3035/3035/3035 2984/2984/2984 3036/3036/3036
f 2985/2985/2985 3036/3036/3036 2984/2984/2984
f 3036/3036/3036 2985/2985/2985 3034/3034/3034
f 3034/3034/3034 2985/2985/2985 2986/2986/2986
f 3040/3040/3040 3042/3042/3042 2989/2989/2989
f 3034/3034/3034 2987/2987/2987 3042/3042/3042
f 3040/3040/3040 3140/3140/3140 3045/3045/3045
f 2983/2983/2983 2984/2984/2984 3035/3035/3035
f 3052/3052/3052 3135/3135/3135 3051/3051/3051
f 3053/3053/3053 3144/3144/3144 3052/3052/3052
f 3144/3144/3144 3135/3135/3135 3052/3052/3052
f 3144/3144/3144 3054/3054/3054 3142/3142/3142
f 3055/3055/3055 3142/3142/3142 3054/3054/3054
f 3144/3144/3144 3053/3053/3053 3054/3054/3054
f 3138/3138/3138 3051/3051/3051 3135/3135/3135
f 3152/3152/3152 3142/3142/3142 3056/3056/3056
f 3057/3057/3057 3152/3152/3152 3056/3056/3056
f 3150/3150/3150 3058/3058/3058 3059/3059/3059
f 3153/3153/3153 3059/3059/3059 3060/3060/3060
f 3057/3057/3057 3058/3058/3058 3150/3150/3150
f 3055/3055/3055 3056/3056/3056 3142/3142/3142
f 3061/3061/3061 3153/3153/3153 3060/3060/3060
f 3057/3057/3057 3150/3150/3150 3152/3152/3152
f 3145/3145/3145 3061/3061/3061 3062/3062/3062
f 3153/3153/3153 3150/3150/3150 3059/3059/3059
f 3153/3153/3153 3061/3061/3061 3145/3145/3145
f 3145/3145/3145 3063/3063/3063 3156/3156/3156
f 3064/3064/3064 3156/3156/3156 3063/3063/3063
f 3145/3145/3145 3062/3062/3062 3063/3063/3063
f 3155/3155/3155 3064/3064/3064 3065/3065/3065
f 3161/3161/3161 3155/3155/3155 3066/3066/3066
f 3065/3065/3065 3066/3066/3066 3155/3155/3155
f 3162/3162/3162 3161/3161/3161 3066/3066/3066
f 3162/3162/3162 3067/3067/3067 3068/3068/3068
f 3162/3162/3162 3066/3066/3066 3067/3067/3067
f 3064/3064/3064 3155/3155/3155 3156/3156/3156
f 3005/3005/3005 2963/2963/2963 2964/2964/2964
f 2965/2965/2965 3005/3005/3005 2964/2964/2964
f 3003/3003/3003 2963/2963/2963 3005/3005/3005
f 2961/2961/2961 3004/3004/3004 2960/2960/2960
f 2961/2961/2961 2962/2962/2962 3003/3003/3003
f 2963/2963/2963 3003/3003/3003 2962/2962/2962
f 3003/3003/3003 3004/3004/3004 2961/2961/2961
f 2967/2967/2967 3009/3009/3009 2966/2966/2966
f 2967/2967/2967 3015/3015/3015 3009/3009/3009
f 2965/2965/2965 3010/3010/3010 3005/3005/3005
f 2965/2965/2965 3009/3009/3009 3010/3010/3010
f 3009/3009/3009 2965/2965/2965 2966/2966/2966
f 2968/2968/2968 3015/3015/3015 2967/2967/2967
f 2959/2959/2959 2960/2960/2960 3004/3004/3004
f 2956/2956/2956 3001/3001/3001 2955/2955/2955
f 2997/2997/2997 2954/2954/2954 2955/2955/2955
f 2998/2998/2998 2952/2952/2952 2953/2953/2953
f 2998/2998/2998 2953/2953/2953 2954/2954/2954
f 2998/2998/2998 2929/2929/2929 2952/2952/2952
f 2957/2957/2957 3001/3001/3001 2956/2956/2956
f 3000/3000/3000 2958/2958/2958 2959/2959/2959
f 3000/3000/3000 3001/3001/3001 2957/2957/2957
f 2959/2959/2959 3004/3004/3004 3000/3000/3000
f 2955/2955/2955 3001/3001/3001 2997/2997/2997
f 2997/2997/2997 2998/2998/2998 2954/2954/2954
f 2995/2995/2995 2993/2993/2993 2996/2996/2996
f 2929/2929/2929 2998/2998/2998 2996/2996/2996
f 2957/2957/2957 2958/2958/2958 3000/3000/3000
f 3259/3259/3259 2929/2929/2929 2996/2996/2996
f 3017/3017/3017 2973/2973/2973 2974/2974/2974
f 2975/2975/2975 3017/3017/3017 2974/2974/2974
f 3019/3019/3019 3021/3021/3021 2973/2973/2973
f 2971/2971/2971 3006/3006/3006 2970/2970/2970
f 2971/2971/2971 2972/2972/2972 3021/3021/3021
f 2973/2973/2973 3021/3021/3021 2972/2972/2972
f 2971/2971/2971 3021/3021/3021 3020/3020/3020
f 3019/3019/3019 2973/2973/2973 3017/3017/3017
f 3022/3022/3022 2977/2977/2977 2978/2978/2978
f 2979/2979/2979 3022/3022/3022 2978/2978/2978
f 3022/3022/3022 2979/2979/2979 3030/3030/3030
f 3023/3023/3023 2977/2977/2977 3022/3022/3022
f 2975/2975/2975 3023/3023/3023 3017/3017/3017
f 2975/2975/2975 2976/2976/2976 3023/3023/3023
f 2977/2977/2977 3023/3023/3023 2976/2976/2976
f 3006/3006/3006 3015/3015/3015 2969/2969/2969
f 2970/2970/2970 3006/3006/3006 2969/2969/2969
f 2971/2971/2971 3020/3020/3020 3006/3006/3006
f 2996/2996/2996 2993/2993/2993 3259/3259/3259
f 2993/2993/2993 3012/3012/3012 3259/3259/3259
f 3012/3012/3012 2993/2993/2993 2939/2939/2939
f 3015/3015/3015 2968/2968/2968 2969/2969/2969
f 3258/3258/3258 3259/3259/3259 2938/2938/2938
f 2938/2938/2938 2944/2944/2944 3258/3258/3258
f 2944/2944/2944 2943/2943/2943 2933/2933/2933
f 2933/2933/2933 3258/3258/3258 2944/2944/2944
f 3257/3257/3257 2933/2933/2933 2943/2943/2943
f 2943/2943/2943 2949/2949/2949 3257/3257/3257
f 2949/2949/2949 2948/2948/2948 3257/3257/3257
f 3012/3012/3012 2938/2938/2938 3259/3259/3259
f 3068/3068/3068 3159/3159/3159 3162/3162/3162
f 3070/3070/3070 3159/3159/3159 3069/3069/3069
f 3071/3071/3071 3172/3172/3172 3070/3070/3070
f 3070/3070/3070 3172/3172/3172 3159/3159/3159
f 3157/3157/3157 3171/3171/3171 3072/3072/3072
f 3071/3071/3071 3171/3171/3171 3172/3172/3172
f 3171/3171/3171 3071/3071/3071 3072/3072/3072
f 3068/3068/3068 3069/3069/3069 3159/3159/3159
f 3074/3074/3074 3157/3157/3157 3073/3073/3073
f 3072/3072/3072 3073/3073/3073 3157/3157/3157
f 3176/3176/3176 3157/3157/3157 3074/3074/3074
f 3075/3075/3075 3180/3180/3180 3176/3176/3176
f 3074/3074/3074 3075/3075/3075 3176/3176/3176
f 3076/3076/3076 3180/3180/3180 3075/3075/3075
f 3076/3076/3076 3077/3077/3077 3177/3177/3177
f 3180/3180/3180 3076/3076/3076 3177/3177/3177
f 3078/3078/3078 3177/3177/3177 3077/3077/3077
f 3186/3186/3186 3177/3177/3177 3078/3078/3078
f 3186/3186/3186 3173/3173/3173 3177/3177/3177
f 3186/3186/3186 3079/3079/3079 3182/3182/3182
f 3080/3080/3080 3182/3182/3182 3079/3079/3079
f 3186/3186/3186 3078/3078/3078 3079/3079/3079
f 3188/3188/3188 3182/3182/3182 3081/3081/3081
f 3082/3082/3082 3188/3188/3188 3081/3081/3081
f 3083/3083/3083 3189/3189/3189 3082/3082/3082
f 3082/3082/3082 3189/3189/3189 3188/3188/3188
f 3158/3158/3158 3187/3187/3187 3084/3084/3084
f 3189/3189/3189 3084/3084/3084 3187/3187/3187
f 3084/3084/3084 3189/3189/3189 3083/3083/3083
f 3080/3080/3080 3081/3081/3081 3182/3182/3182
f 3086/3086/3086 3158/3158/3158 3085/3085/3085
f 3084/3084/3084 3085/3085/3085 3158/3158/3158
f 3198/3198/3198 3158/3158/3158 3086/3086/3086
f 3198/3198/3198 3197/3197/3197 3158/3158/3158
f 3198/3198/3198 3087/3087/3087 3088/3088/3088
f 3198/3198/3198 3086/3086/3086 3087/3087/3087
f 3089/3089/3089 3198/3198/3198 3088/3088/3088
f 3090/3090/3090 3195/3195/3195 3089/3089/3089
f 3091/3091/3091 3195/3195/3195 3090/3090/3090
f 3201/3201/3201 3195/3195/3195 3091/3091/3091
f 3201/3201/3201 3092/3092/3092 3093/3093/3093
f 3201/3201/3201 3091/3091/3091 3092/3092/3092
f 3183/3183/3183 3201/3201/3201 3093/3093/3093
f 3198/3198/3198 3089/3089/3089 3195/3195/3195
f 3183/3183/3183 3199/3199/3199 3201/3201/3201
f 3094/3094/3094 3183/3183/3183 3093/3093/3093
f 3095/3095/3095 3183/3183/3183 3094/3094/3094
f 3096/3096/3096 3216/3216/3216 3215/3215/3215
f 3098/3098/3098 3214/3214/3214 3216/3216/3216
f 3183/3183/3183 3096/3096/3096 3215/3215/3215
f 3096/3096/3096 3183/3183/3183 3095/3095/3095
f 3097/3097/3097 3098/3098/3098 3216/3216/3216
f 3214/3214/3214 3098/3098/3098 3211/3211/3211
f 3098/3098/3098 3099/3099/3099 3211/3211/3211
f 3100/3100/3100 3218/3218/3218 3211/3211/3211
f 3218/3218/3218 3100/3100/3100 3101/3101/3101
f 3100/3100/3100 3211/3211/3211 3099/3099/3099
f 3102/3102/3102 3218/3218/3218 3101/3101/3101
f 3096/3096/3096 3097/3097/3097 3216/3216/3216
f 3217/3217/3217 3210/3210/3210 3218/3218/3218
f 3102/3102/3102 3217/3217/3217 3218/3218/3218
f 3103/3103/3103 3217/3217/3217 3102/3102/3102
f 3104/3104/3104 3226/3226/3226 3217/3217/3217
f 3223/3223/3223 3226/3226/3226 3105/3105/3105
f 3104/3104/3104 3105/3105/3105 3226/3226/3226
f 3104/3104/3104 3217/3217/3217 3103/3103/3103
f 3219/3219/3219 3223/3223/3223 3106/3106/3106
f 3107/3107/3107 3219/3219/3219 3106/3106/3106
f 3108/3108/3108 3228/3228/3228 3219/3219/3219
f 3228/3228/3228 3108/3108/3108 3109/3109/3109
f 3108/3108/3108 3219/3219/3219 3107/3107/3107
f 3110/3110/3110 3228/3228/3228 3109/3109/3109
f 3105/3105/3105 3106/3106/3106 3223/3223/3223
f 3256/3256/3256 2948/2948/2948 3207/3207/3207
f 3232/3232/3232 3207/3207/3207 2951/2951/2951
f 3249/3249/3249 3256/3256/3256 3232/3232/3232
f 3207/3207/3207 3232/3232/3232 3256/3256/3256
f 3232/3232/3232 3233/3233/3233 3249/3249/3249
f 3254/3254/3254 3256/3256/3256 3249/3249/3249
f 3257/3257/3257 2948/2948/2948 3256/3256/3256
f 3111/3111/3111 3227/3227/3227 3110/3110/3110
f 3227/3227/3227 3111/3111/3111 3112/3112/3112
f 3236/3236/3236 3227/3227/3227 3112/3112/3112
f 3231/3231/3231 3234/3234/3234 3236/3236/3236
f 3115/3115/3115 3240/3240/3240 3231/3231/3231
f 3114/3114/3114 3231/3231/3231 3236/3236/3236
f 3113/3113/3113 3236/3236/3236 3112/3112/3112
f 3228/3228/3228 3110/3110/3110 3227/3227/3227
f 3231/3231/3231 3114/3114/3114 3115/3115/3115
f 3240/3240/3240 3115/3115/3115 3116/3116/3116
f 3229/3229/3229 3119/3119/3119 3245/3245/3245
f 3240/3240/3240 3117/3117/3117 3229/3229/3229
f 3240/3240/3240 3116/3116/3116 3117/3117/3117
f 3117/3117/3117 3118/3118/3118 3229/3229/3229
f 3113/3113/3113 3114/3114/3114 3236/3236/3236
f 3245/3245/3245 3119/3119/3119 3120/3120/3120
f 3245/3245/3245 3120/3120/3120 3121/3121/3121
f 3244/3244/3244 3245/3245/3245 3121/3121/3121
f 3123/3123/3123 3248/3248/3248 3244/3244/3244
f 3244/3244/3244 3122/3122/3122 3123/3123/3123
f 3122/3122/3122 3244/3244/3244 3121/3121/3121
f 3124/3124/3124 3248/3248/3248 3123/3123/3123
f 3119/3119/3119 3229/3229/3229 3118/3118/3118
f 3126/3126/3126 3253/3253/3253 3246/3246/3246
f 3248/3248/3248 3124/3124/3124 3246/3246/3246
f 3128/3128/3128 3251/3251/3251 3253/3253/3253
f 3249/3249/3249 3250/3250/3250 3254/3254/3254
f 3251/3251/3251 3129/3129/3129 3255/3255/3255
f 2935/2935/2935 3254/3254/3254 3255/3255/3255
f 3246/3246/3246 3124/3124/3124 3125/3125/3125
f 3253/3253/3253 3126/3126/3126 3127/3127/3127
f 3127/3127/3127 3128/3128/3128 3253/3253/3253
f 3251/3251/3251 3128/3128/3128 3129/3129/3129
f 3130/3130/3130 3131/3131/3131 3255/3255/3255
f 2935/2935/2935 3255/3255/3255 3131/3131/3131
f 3255/3255/3255 3129/3129/3129 3130/3130/3130
f 3246/3246/3246 3125/3125/3125 3126/3126/3126
f 3256/3256/3256 3254/3254/3254 2935/2935/2935
f 3261/3261/3261 3356/3356/3356 3372/3372/3372
f 3372/3372/3372 3370/3370/3370 3261/3261/3261
f 3366/3366/3366 3363/3363/3363 3372/3372/3372
f 3356/3356/3356 3267/3267/3267 3366/3366/3366
f 3372/3372/3372 3356/3356/3356 3366/3366/3366
f 3372/3372/3372 3363/3363/3363 3268/3268/3268
f 3268/3268/3268 3371/3371/3371 3372/3372/3372
f 3370/3370/3370 3372/3372/3372 3371/3371/3371
f 3371/3371/3371 3266/3266/3266 3370/3370/3370
f 3267/3267/3267 3362/3362/3362 3369/3369/3369
f 3369/3369/3369 3366/3366/3366 3267/3267/3267
f 3369/3369/3369 3367/3367/3367 3365/3365/3365
f 3365/3365/3365 3368/3368/3368 3369/3369/3369
f 3366/3366/3366 3369/3369/3369 3368/3368/3368
f 3368/3368/3368 3363/3363/3363 3366/3366/3366
f 3374/3374/3374 3364/3364/3364 3373/3373/3373
f 3368/3368/3368 3365/3365/3365 3373/3373/3373
f 3373/3373/3373 3364/3364/3364 3268/3268/3268
f 3268/3268/3268 3363/3363/3363 3368/3368/3368
f 3368/3368/3368 3373/3373/3373 3268/3268/3268
f 3377/3377/3377 3376/3376/3376 3375/3375/3375
f 3268/3268/3268 3364/3364/3364 3377/3377/3377
f 3375/3375/3375 3268/3268/3268 3377/3377/3377
f 3364/3364/3364 3374/3374/3374 3379/3379/3379
f 3379/3379/3379 3377/3377/3377 3364/3364/3364
f 3377/3377/3377 3379/3379/3379 3378/3378/3378
f 3378/3378/3378 3376/3376/3376 3377/3377/3377
f 3376/3376/3376 3378/3378/3378 3381/3381/3381
f 3381/3381/3381 3380/3380/3380 3376/3376/3376
f 3354/3354/3354 3269/3269/3269 3347/3347/3347
f 3362/3362/3362 3267/3267/3267 3361/3361/3361
f 3354/3354/3354 3345/3345/3345 3358/3358/3358
f 3358/3358/3358 3357/3357/3357 3351/3351/3351
f 3351/3351/3351 3269/3269/3269 3354/3354/3354
f 3354/3354/3354 3358/3358/3358 3351/3351/3351
f 3358/3358/3358 3360/3360/3360 3359/3359/3359
f 3359/3359/3359 3357/3357/3357 3358/3358/3358
f 3359/3359/3359 3355/3355/3355 3361/3361/3361
f 3361/3361/3361 3267/3267/3267 3356/3356/3356
f 3356/3356/3356 3357/3357/3357 3359/3359/3359
f 3359/3359/3359 3361/3361/3361 3356/3356/3356
f 3351/3351/3351 3357/3357/3357 3356/3356/3356
f 3356/3356/3356 3261/3261/3261 3351/3351/3351
f 3263/3263/3263 3271/3271/3271 3272/3272/3272
f 3272/3272/3272 3270/3270/3270 3263/3263/3263
f 3352/3352/3352 3261/3261/3261 3370/3370/3370
f 3370/3370/3370 3266/3266/3266 3272/3272/3272
f 3272/3272/3272 3271/3271/3271 3352/3352/3352
f 3352/3352/3352 3370/3370/3370 3272/3272/3272
f 3330/3330/3330 3328/3328/3328 3326/3326/3326
f 3326/3326/3326 3329/3329/3329 3330/3330/3330
f 3327/3327/3327 3330/3330/3330 3329/3329/3329
f 3329/3329/3329 3323/3323/3323 3327/3327/3327
f 3339/3339/3339 3337/3337/3337 3324/3324/3324
f 3324/3324/3324 3338/3338/3338 3339/3339/3339
f 3328/3328/3328 3339/3339/3339 3338/3338/3338
f 3338/3338/3338 3326/3326/3326 3328/3328/3328
f 3338/3338/3338 3324/3324/3324 3274/3274/3274
f 3325/3325/3325 3326/3326/3326 3338/3338/3338
f 3274/3274/3274 3325/3325/3325 3338/3338/3338
f 3329/3329/3329 3326/3326/3326 3325/3325/3325
f 3273/3273/3273 3323/3323/3323 3329/3329/3329
f 3325/3325/3325 3273/3273/3273 3329/3329/3329
f 3337/3337/3337 3343/3343/3343 3342/3342/3342
f 3342/3342/3342 3324/3324/3324 3337/3337/3337
f 3341/3341/3341 3344/3344/3344 3349/3349/3349
f 3349/3349/3349 3346/3346/3346 3341/3341/3341
f 3349/3349/3349 3347/3347/3347 3269/3269/3269
f 3269/3269/3269 3348/3348/3348 3349/3349/3349
f 3346/3346/3346 3349/3349/3349 3348/3348/3348
f 3348/3348/3348 3340/3340/3340 3346/3346/3346
f 3342/3342/3342 3341/3341/3341 3346/3346/3346
f 3346/3346/3346 3340/3340/3340 3274/3274/3274
f 3274/3274/3274 3324/3324/3324 3342/3342/3342
f 3342/3342/3342 3346/3346/3346 3274/3274/3274
f 3274/3274/3274 3340/3340/3340 3353/3353/3353
f 3353/3353/3353 3350/3350/3350 3274/3274/3274
f 3348/3348/3348 3269/3269/3269 3351/3351/3351
f 3353/3353/3353 3340/3340/3340 3348/3348/3348
f 3351/3351/3351 3353/3353/3353 3348/3348/3348
f 3353/3353/3353 3351/3351/3351 3261/3261/3261
f 3261/3261/3261 3352/3352/3352 3353/3353/3353
f 3350/3350/3350 3353/3353/3353 3352/3352/3352
f 3352/3352/3352 3271/3271/3271 3350/3350/3350
f 3325/3325/3325 3274/3274/3274 3350/3350/3350
f 3350/3350/3350 3271/3271/3271 3263/3263/3263
f 3263/3263/3263 3273/3273/3273 3325/3325/3325
f 3325/3325/3325 3350/3350/3350 3263/3263/3263
f 3501/3501/3501 3265/3265/3265 3540/3540/3540
f 3540/3540/3540 3276/3276/3276 3277/3277/3277
f 3277/3277/3277 3275/3275/3275 3501/3501/3501
f 3501/3501/3501 3540/3540/3540 3277/3277/3277
f 3276/3276/3276 3263/3263/3263 3270/3270/3270
f 3270/3270/3270 3277/3277/3277 3276/3276/3276
f 3560/3560/3560 3558/3558/3558 3544/3544/3544
f 3544/3544/3544 3559/3559/3559 3560/3560/3560
f 3564/3564/3564 3563/3563/3563 3570/3570/3570
f 3570/3570/3570 3561/3561/3561 3331/3331/3331
f 3331/3331/3331 3562/3562/3562 3564/3564/3564
f 3564/3564/3564 3570/3570/3570 3331/3331/3331
f 3566/3566/3566 3564/3564/3564 3562/3562/3562
f 3562/3562/3562 3565/3565/3565 3566/3566/3566
f 3558/3558/3558 3566/3566/3566 3565/3565/3565
f 3565/3565/3565 3544/3544/3544 3558/3558/3558
f 3565/3565/3565 3562/3562/3562 3569/3569/3569
f 3551/3551/3551 3544/3544/3544 3565/3565/3565
f 3569/3569/3569 3551/3551/3551 3565/3565/3565
f 3562/3562/3562 3331/3331/3331 3567/3567/3567
f 3567/3567/3567 3569/3569/3569 3562/3562/3562
f 3569/3569/3569 3567/3567/3567 3279/3279/3279
f 3279/3279/3279 3568/3568/3568 3569/3569/3569
f 3551/3551/3551 3569/3569/3569 3568/3568/3568
f 3568/3568/3568 3538/3538/3538 3551/3551/3551
f 3554/3554/3554 3550/3550/3550 3555/3555/3555
f 3555/3555/3555 3557/3557/3557 3554/3554/3554
f 3557/3557/3557 3555/3555/3555 3553/3553/3553
f 3553/3553/3553 3556/3556/3556 3557/3557/3557
f 3548/3548/3548 3557/3557/3557 3556/3556/3556
f 3556/3556/3556 3542/3542/3542 3548/3548/3548
f 3555/3555/3555 3550/3550/3550 3559/3559/3559
f 3559/3559/3559 3544/3544/3544 3551/3551/3551
f 3551/3551/3551 3553/3553/3553 3555/3555/3555
f 3555/3555/3555 3559/3559/3559 3551/3551/3551
f 3553/3553/3553 3551/3551/3551 3538/3538/3538
f 3538/3538/3538 3552/3552/3552 3553/3553/3553
f 3556/3556/3556 3553/3553/3553 3552/3552/3552
f 3278/3278/3278 3542/3542/3542 3556/3556/3556
f 3552/3552/3552 3278/3278/3278 3556/3556/3556
f 3573/3573/3573 3572/3572/3572 3574/3574/3574
f 3577/3577/3577 3575/3575/3575 3334/3334/3334
f 3334/3334/3334 3576/3576/3576 3577/3577/3577
f 3573/3573/3573 3577/3577/3577 3576/3576/3576
f 3576/3576/3576 3572/3572/3572 3573/3573/3573
f 3576/3576/3576 3334/3334/3334 3333/3333/3333
f 3571/3571/3571 3572/3572/3572 3576/3576/3576
f 3333/3333/3333 3571/3571/3571 3576/3576/3576
f 3574/3574/3574 3572/3572/3572 3571/3571/3571
f 3331/3331/3331 3561/3561/3561 3574/3574/3574
f 3571/3571/3571 3331/3331/3331 3574/3574/3574
f 3580/3580/3580 3578/3578/3578 3336/3336/3336
f 3336/3336/3336 3579/3579/3579 3580/3580/3580
f 3575/3575/3575 3580/3580/3580 3579/3579/3579
f 3579/3579/3579 3334/3334/3334 3575/3575/3575
f 3583/3583/3583 3581/3581/3581 3327/3327/3327
f 3327/3327/3327 3582/3582/3582 3583/3583/3583
f 3578/3578/3578 3583/3583/3583 3582/3582/3582
f 3582/3582/3582 3336/3336/3336 3578/3578/3578
f 3582/3582/3582 3327/3327/3327 3323/3323/3323
f 3335/3335/3335 3336/3336/3336 3582/3582/3582
f 3323/3323/3323 3335/3335/3335 3582/3582/3582
f 3579/3579/3579 3336/3336/3336 3335/3335/3335
f 3333/3333/3333 3334/3334/3334 3579/3579/3579
f 3335/3335/3335 3333/3333/3333 3579/3579/3579
f 3335/3335/3335 3323/3323/3323 3273/3273/3273
f 3332/3332/3332 3333/3333/3333 3335/3335/3335
f 3273/3273/3273 3332/3332/3332 3335/3335/3335
f 3567/3567/3567 3331/3331/3331 3571/3571/3571
f 3571/3571/3571 3333/3333/3333 3332/3332/3332
f 3332/3332/3332 3279/3279/3279 3567/3567/3567
f 3567/3567/3567 3571/3571/3571 3332/3332/3332
f 3539/3539/3539 3279/3279/3279 3332/3332/3332
f 3332/3332/3332 3273/3273/3273 3263/3263/3263
f 3263/3263/3263 3276/3276/3276 3539/3539/3539
f 3539/3539/3539 3332/3332/3332 3263/3263/3263
f 3535/3535/3535 3278/3278/3278 3552/3552/3552
f 3552/3552/3552 3538/3538/3538 3541/3541/3541
f 3541/3541/3541 3516/3516/3516 3535/3535/3535
f 3535/3535/3535 3552/3552/3552 3541/3541/3541
f 3568/3568/3568 3279/3279/3279 3539/3539/3539
f 3541/3541/3541 3538/3538/3538 3568/3568/3568
f 3539/3539/3539 3541/3541/3541 3568/3568/3568
f 3541/3541/3541 3539/3539/3539 3276/3276/3276
f 3276/3276/3276 3540/3540/3540 3541/3541/3541
f 3516/3516/3516 3541/3541/3541 3540/3540/3540
f 3540/3540/3540 3265/3265/3265 3516/3516/3516
f 3504/3504/3504 3482/3482/3482 3492/3492/3492
f 3509/3509/3509 3505/3505/3505 3510/3510/3510
f 3510/3510/3510 3512/3512/3512 3509/3509/3509
f 3512/3512/3512 3510/3510/3510 3507/3507/3507
f 3507/3507/3507 3511/3511/3511 3512/3512/3512
f 3508/3508/3508 3512/3512/3512 3511/3511/3511
f 3511/3511/3511 3490/3490/3490 3508/3508/3508
f 3510/3510/3510 3505/3505/3505 3280/3280/3280
f 3506/3506/3506 3507/3507/3507 3510/3510/3510
f 3280/3280/3280 3506/3506/3506 3510/3510/3510
f 3507/3507/3507 3506/3506/3506 3481/3481/3481
f 3481/3481/3481 3496/3496/3496 3507/3507/3507
f 3504/3504/3504 3490/3490/3490 3511/3511/3511
f 3511/3511/3511 3507/3507/3507 3496/3496/3496
f 3496/3496/3496 3482/3482/3482 3504/3504/3504
f 3504/3504/3504 3511/3511/3511 3496/3496/3496
f 3493/3493/3493 3482/3482/3482 3496/3496/3496
f 3499/3499/3499 3487/3487/3487 3493/3493/3493
f 3496/3496/3496 3499/3499/3499 3493/3493/3493
f 3496/3496/3496 3481/3481/3481 3497/3497/3497
f 3497/3497/3497 3499/3499/3499 3496/3496/3496
f 3499/3499/3499 3497/3497/3497 3281/3281/3281
f 3281/3281/3281 3498/3498/3498 3499/3499/3499
f 3487/3487/3487 3499/3499/3499 3498/3498/3498
f 3498/3498/3498 3466/3466/3466 3487/3487/3487
f 3492/3492/3492 3482/3482/3482 3493/3493/3493
f 3493/3493/3493 3495/3495/3495 3492/3492/3492
f 3495/3495/3495 3493/3493/3493 3487/3487/3487
f 3487/3487/3487 3494/3494/3494 3495/3495/3495
f 3489/3489/3489 3488/3488/3488 3494/3494/3494
f 3494/3494/3494 3487/3487/3487 3466/3466/3466
f 3466/3466/3466 3478/3478/3478 3489/3489/3489
f 3489/3489/3489 3494/3494/3494 3466/3466/3466
f 3506/3506/3506 3280/3280/3280 3524/3524/3524
f 3524/3524/3524 3500/3500/3500 3503/3503/3503
f 3503/3503/3503 3481/3481/3481 3506/3506/3506
f 3506/3506/3506 3524/3524/3524 3503/3503/3503
f 3500/3500/3500 3265/3265/3265 3501/3501/3501
f 3501/3501/3501 3503/3503/3503 3500/3500/3500
f 3503/3503/3503 3501/3501/3501 3275/3275/3275
f 3275/3275/3275 3502/3502/3502 3503/3503/3503
f 3497/3497/3497 3481/3481/3481 3503/3503/3503
f 3502/3502/3502 3281/3281/3281 3497/3497/3497
f 3503/3503/3503 3502/3502/3502 3497/3497/3497
f 3486/3486/3486 3480/3480/3480 3483/3483/3483
f 3486/3486/3486 3478/3478/3478 3466/3466/3466
f 3479/3479/3479 3480/3480/3480 3486/3486/3486
f 3466/3466/3466 3479/3479/3479 3486/3486/3486
f 3484/3484/3484 3480/3480/3480 3479/3479/3479
f 3468/3468/3468 3469/3469/3469 3484/3484/3484
f 3479/3479/3479 3468/3468/3468 3484/3484/3484
f 3483/3483/3483 3480/3480/3480 3484/3484/3484
f 3484/3484/3484 3485/3485/3485 3483/3483/3483
f 3485/3485/3485 3484/3484/3484 3469/3469/3469
f 3469/3469/3469 3475/3475/3475 3485/3485/3485
f 3479/3479/3479 3466/3466/3466 3498/3498/3498
f 3498/3498/3498 3281/3281/3281 3467/3467/3467
f 3467/3467/3467 3468/3468/3468 3479/3479/3479
f 3479/3479/3479 3498/3498/3498 3467/3467/3467
f 3475/3475/3475 3469/3469/3469 3476/3476/3476
f 3476/3476/3476 3477/3477/3477 3475/3475/3475
f 3477/3477/3477 3476/3476/3476 3471/3471/3471
f 3471/3471/3471 3472/3472/3472 3477/3477/3477
f 3476/3476/3476 3469/3469/3469 3468/3468/3468
f 3470/3470/3470 3471/3471/3471 3476/3476/3476
f 3468/3468/3468 3470/3470/3470 3476/3476/3476
f 3472/3472/3472 3471/3471/3471 3473/3473/3473
f 3473/3473/3473 3474/3474/3474 3472/3472/3472
f 3545/3545/3545 3543/3543/3543 3549/3549/3549
f 3549/3549/3549 3542/3542/3542 3278/3278/3278
f 3278/3278/3278 3534/3534/3534 3545/3545/3545
f 3545/3545/3545 3549/3549/3549 3278/3278/3278
f 3547/3547/3547 3545/3545/3545 3534/3534/3534
f 3534/3534/3534 3546/3546/3546 3547/3547/3547
f 3533/3533/3533 3531/3531/3531 3526/3526/3526
f 3526/3526/3526 3532/3532/3532 3533/3533/3533
f 3533/3533/3533 3532/3532/3532 3527/3527/3527
f 3528/3528/3528 3527/3527/3527 3532/3532/3532
f 3532/3532/3532 3526/3526/3526 3517/3517/3517
f 3517/3517/3517 3522/3522/3522 3528/3528/3528
f 3528/3528/3528 3532/3532/3532 3517/3517/3517
f 3527/3527/3527 3528/3528/3528 3530/3530/3530
f 3530/3530/3530 3528/3528/3528 3522/3522/3522
f 3522/3522/3522 3529/3529/3529 3530/3530/3530
f 3531/3531/3531 3515/3515/3515 3546/3546/3546
f 3546/3546/3546 3534/3534/3534 3537/3537/3537
f 3537/3537/3537 3526/3526/3526 3531/3531/3531
f 3531/3531/3531 3546/3546/3546 3537/3537/3537
f 3534/3534/3534 3278/3278/3278 3535/3535/3535
f 3535/3535/3535 3537/3537/3537 3534/3534/3534
f 3537/3537/3537 3535/3535/3535 3516/3516/3516
f 3516/3516/3516 3536/3536/3536 3537/3537/3537
f 3526/3526/3526 3537/3537/3537 3536/3536/3536
f 3536/3536/3536 3517/3517/3517 3526/3526/3526
f 3523/3523/3523 3517/3517/3517 3536/3536/3536
f 3536/3536/3536 3516/3516/3516 3265/3265/3265
f 3265/3265/3265 3500/3500/3500 3523/3523/3523
f 3523/3523/3523 3536/3536/3536 3265/3265/3265
f 3519/3519/3519 3491/3491/3491 3529/3529/3529
f 3529/3529/3529 3522/3522/3522 3525/3525/3525
f 3525/3525/3525 3513/3513/3513 3519/3519/3519
f 3519/3519/3519 3529/3529/3529 3525/3525/3525
f 3522/3522/3522 3517/3517/3517 3523/3523/3523
f 3523/3523/3523 3525/3525/3525 3522/3522/3522
f 3525/3525/3525 3523/3523/3523 3500/3500/3500
f 3500/3500/3500 3524/3524/3524 3525/3525/3525
f 3513/3513/3513 3525/3525/3525 3524/3524/3524
f 3524/3524/3524 3280/3280/3280 3513/3513/3513
f 3521/3521/3521 3519/3519/3519 3513/3513/3513
f 3513/3513/3513 3520/3520/3520 3521/3521/3521
f 3518/3518/3518 3514/3514/3514 3520/3520/3520
f 3520/3520/3520 3513/3513/3513 3280/3280/3280
f 3280/3280/3280 3505/3505/3505 3518/3518/3518
f 3518/3518/3518 3520/3520/3520 3280/3280/3280
f 3381/3381/3381 3320/3320/3320 3321/3321/3321
f 3321/3321/3321 3322/3322/3322 3381/3381/3381
f 3319/3319/3319 3379/3379/3379 3318/3318/3318
f 3318/3318/3318 3379/3379/3379 3317/3317/3317
f 3320/3320/3320 3378/3378/3378 3319/3319/3319
f 3381/3381/3381 3322/3322/3322 3260/3260/3260
f 3260/3260/3260 3380/3380/3380 3381/3381/3381
f 3378/3378/3378 3379/3379/3379 3319/3319/3319
f 3316/3316/3316 3317/3317/3317 3374/3374/3374
f 3374/3374/3374 3317/3317/3317 3379/3379/3379
f 3315/3315/3315 3316/3316/3316 3374/3374/3374
f 3381/3381/3381 3378/3378/3378 3320/3320/3320
f 3380/3380/3380 3260/3260/3260 3584/3584/3584
f 3314/3314/3314 3315/3315/3315 3373/3373/3373
f 3374/3374/3374 3373/3373/3373 3315/3315/3315
f 3313/3313/3313 3314/3314/3314 3373/3373/3373
f 3365/3365/3365 3312/3312/3312 3313/3313/3313
f 3365/3365/3365 3311/3311/3311 3312/3312/3312
f 3310/3310/3310 3311/3311/3311 3367/3367/3367
f 3313/3313/3313 3373/3373/3373 3365/3365/3365
f 3311/3311/3311 3365/3365/3365 3367/3367/3367
f 3362/3362/3362 3309/3309/3309 3369/3369/3369
f 3367/3367/3367 3369/3369/3369 3309/3309/3309
f 3310/3310/3310 3367/3367/3367 3309/3309/3309
f 3362/3362/3362 3307/3307/3307 3308/3308/3308
f 3306/3306/3306 3307/3307/3307 3361/3361/3361
f 3307/3307/3307 3362/3362/3362 3361/3361/3361
f 3362/3362/3362 3308/3308/3308 3309/3309/3309
f 3375/3375/3375 3376/3376/3376 3380/3380/3380
f 3371/3371/3371 3268/3268/3268 3375/3375/3375
f 3380/3380/3380 3584/3584/3584 3375/3375/3375
f 3584/3584/3584 3371/3371/3371 3375/3375/3375
f 3355/3355/3355 3305/3305/3305 3361/3361/3361
f 3305/3305/3305 3306/3306/3306 3361/3361/3361
f 3304/3304/3304 3305/3305/3305 3355/3355/3355
f 3371/3371/3371 3584/3584/3584 3266/3266/3266
f 3585/3585/3585 3262/3262/3262 3270/3270/3270
f 3270/3270/3270 3272/3272/3272 3585/3585/3585
f 3262/3262/3262 3586/3586/3586 3277/3277/3277
f 3277/3277/3277 3270/3270/3270 3262/3262/3262
f 3585/3585/3585 3272/3272/3272 3266/3266/3266
f 3584/3584/3584 3585/3585/3585 3266/3266/3266
f 3304/3304/3304 3355/3355/3355 3303/3303/3303
f 3359/3359/3359 3303/3303/3303 3355/3355/3355
f 3360/3360/3360 3303/3303/3303 3359/3359/3359
f 3301/3301/3301 3302/3302/3302 3360/3360/3360
f 3303/3303/3303 3360/3360/3360 3302/3302/3302
f 3301/3301/3301 3345/3345/3345 3300/3300/3300
f 3360/3360/3360 3358/3358/3358 3301/3301/3301
f 3301/3301/3301 3358/3358/3358 3345/3345/3345
f 3298/3298/3298 3299/3299/3299 3354/3354/3354
f 3345/3345/3345 3354/3354/3354 3299/3299/3299
f 3300/3300/3300 3345/3345/3345 3299/3299/3299
f 3297/3297/3297 3298/3298/3298 3354/3354/3354
f 3296/3296/3296 3297/3297/3297 3347/3347/3347
f 3347/3347/3347 3297/3297/3297 3354/3354/3354
f 3349/3349/3349 3295/3295/3295 3347/3347/3347
f 3296/3296/3296 3347/3347/3347 3295/3295/3295
f 3349/3349/3349 3344/3344/3344 3294/3294/3294
f 3295/3295/3295 3349/3349/3349 3294/3294/3294
f 3293/3293/3293 3294/3294/3294 3344/3344/3344
f 3291/3291/3291 3292/3292/3292 3341/3341/3341
f 3293/3293/3293 3341/3341/3341 3292/3292/3292
f 3293/3293/3293 3344/3344/3344 3341/3341/3341
f 3342/3342/3342 3290/3290/3290 3291/3291/3291
f 3341/3341/3341 3342/3342/3342 3291/3291/3291
f 3343/3343/3343 3290/3290/3290 3342/3342/3342
f 3287/3287/3287 3337/3337/3337 3339/3339/3339
f 3284/3284/3284 3328/3328/3328 3330/3330/3330
f 3285/3285/3285 3339/3339/3339 3328/3328/3328
f 3289/3289/3289 3343/3343/3343 3337/3337/3337
f 3289/3289/3289 3337/3337/3337 3288/3288/3288
f 3287/3287/3287 3288/3288/3288 3337/3337/3337
f 3286/3286/3286 3287/3287/3287 3339/3339/3339
f 3285/3285/3285 3286/3286/3286 3339/3339/3339
f 3285/3285/3285 3328/3328/3328 3284/3284/3284
f 3343/3343/3343 3289/3289/3289 3290/3290/3290
f 3282/3282/3282 3283/3283/3283 3330/3330/3330
f 3330/3330/3330 3283/3283/3283 3284/3284/3284
f 3282/3282/3282 3330/3330/3330 3581/3581/3581
f 3583/3583/3583 3465/3465/3465 3581/3581/3581
f 3264/3264/3264 3282/3282/3282 3581/3581/3581
f 3581/3581/3581 3465/3465/3465 3264/3264/3264
f 3583/3583/3583 3464/3464/3464 3465/3465/3465
f 3464/3464/3464 3583/3583/3583 3463/3463/3463
f 3327/3327/3327 3581/3581/3581 3330/3330/3330
f 3561/3561/3561 3453/3453/3453 3574/3574/3574
f 3451/3451/3451 3561/3561/3561 3570/3570/3570
f 3561/3561/3561 3452/3452/3452 3453/3453/3453
f 3451/3451/3451 3452/3452/3452 3561/3561/3561
f 3451/3451/3451 3570/3570/3570 3450/3450/3450
f 3450/3450/3450 3570/3570/3570 3563/3563/3563
f 3566/3566/3566 3448/3448/3448 3564/3564/3564
f 3566/3566/3566 3558/3558/3558 3446/3446/3446
f 3446/3446/3446 3447/3447/3447 3566/3566/3566
f 3448/3448/3448 3449/3449/3449 3563/3563/3563
f 3563/3563/3563 3449/3449/3449 3450/3450/3450
f 3564/3564/3564 3448/3448/3448 3563/3563/3563
f 3448/3448/3448 3566/3566/3566 3447/3447/3447
f 3575/3575/3575 3460/3460/3460 3580/3580/3580
f 3458/3458/3458 3459/3459/3459 3575/3575/3575
f 3459/3459/3459 3460/3460/3460 3575/3575/3575
f 3463/3463/3463 3578/3578/3578 3462/3462/3462
f 3580/3580/3580 3461/3461/3461 3462/3462/3462
f 3580/3580/3580 3460/3460/3460 3461/3461/3461
f 3580/3580/3580 3462/3462/3462 3578/3578/3578
f 3573/3573/3573 3457/3457/3457 3577/3577/3577
f 3454/3454/3454 3455/3455/3455 3574/3574/3574
f 3454/3454/3454 3574/3574/3574 3453/3453/3453
f 3455/3455/3455 3573/3573/3573 3574/3574/3574
f 3457/3457/3457 3458/3458/3458 3577/3577/3577
f 3573/3573/3573 3456/3456/3456 3457/3457/3457
f 3573/3573/3573 3455/3455/3455 3456/3456/3456
f 3575/3575/3575 3577/3577/3577 3458/3458/3458
f 3583/3583/3583 3578/3578/3578 3463/3463/3463
f 3275/3275/3275 3277/3277/3277 3586/3586/3586
f 3467/3467/3467 3587/3587/3587 3470/3470/3470
f 3473/3473/3473 3470/3470/3470 3587/3587/3587
f 3468/3468/3468 3467/3467/3467 3470/3470/3470
f 3502/3502/3502 3587/3587/3587 3467/3467/3467
f 3502/3502/3502 3275/3275/3275 3587/3587/3587
f 3467/3467/3467 3281/3281/3281 3502/3502/3502
f 3586/3586/3586 3587/3587/3587 3275/3275/3275
f 3401/3401/3401 3402/3402/3402 3495/3495/3495
f 3403/3403/3403 3492/3492/3492 3402/3402/3402
f 3495/3495/3495 3402/3402/3402 3492/3492/3492
f 3494/3494/3494 3488/3488/3488 3495/3495/3495
f 3473/3473/3473 3471/3471/3471 3470/3470/3470
f 3473/3473/3473 3587/3587/3587 3382/3382/3382
f 3406/3406/3406 3490/3490/3490 3504/3504/3504
f 3409/3409/3409 3410/3410/3410 3512/3512/3512
f 3509/3509/3509 3518/3518/3518 3505/3505/3505
f 3509/3509/3509 3410/3410/3410 3411/3411/3411
f 3509/3509/3509 3512/3512/3512 3410/3410/3410
f 3411/3411/3411 3412/3412/3412 3509/3509/3509
f 3504/3504/3504 3405/3405/3405 3406/3406/3406
f 3504/3504/3504 3404/3404/3404 3405/3405/3405
f 3406/3406/3406 3407/3407/3407 3490/3490/3490
f 3512/3512/3512 3508/3508/3508 3409/3409/3409
f 3408/3408/3408 3409/3409/3409 3508/3508/3508
f 3490/3490/3490 3408/3408/3408 3508/3508/3508
f 3490/3490/3490 3407/3407/3407 3408/3408/3408
f 3404/3404/3404 3504/3504/3504 3492/3492/3492
f 3404/3404/3404 3492/3492/3492 3403/3403/3403
f 3472/3472/3472 3386/3386/3386 3477/3477/3477
f 3477/3477/3477 3388/3388/3388 3475/3475/3475
f 3390/3390/3390 3485/3485/3485 3475/3475/3475
f 3475/3475/3475 3389/3389/3389 3390/3390/3390
f 3388/3388/3388 3389/3389/3389 3475/3475/3475
f 3391/3391/3391 3485/3485/3485 3390/3390/3390
f 3385/3385/3385 3472/3472/3472 3474/3474/3474
f 3384/3384/3384 3474/3474/3474 3383/3383/3383
f 3474/3474/3474 3384/3384/3384 3385/3385/3385
f 3387/3387/3387 3388/3388/3388 3477/3477/3477
f 3386/3386/3386 3387/3387/3387 3477/3477/3477
f 3472/3472/3472 3385/3385/3385 3386/3386/3386
f 3382/3382/3382 3383/3383/3383 3474/3474/3474
f 3382/3382/3382 3474/3474/3474 3473/3473/3473
f 3398/3398/3398 3489/3489/3489 3397/3397/3397
f 3478/3478/3478 3397/3397/3397 3489/3489/3489
f 3399/3399/3399 3489/3489/3489 3398/3398/3398
f 3488/3488/3488 3400/3400/3400 3495/3495/3495
f 3401/3401/3401 3495/3495/3495 3400/3400/3400
f 3488/3488/3488 3399/3399/3399 3400/3400/3400
f 3399/3399/3399 3488/3488/3488 3489/3489/3489
f 3486/3486/3486 3393/3393/3393 3394/3394/3394
f 3392/3392/3392 3393/3393/3393 3483/3483/3483
f 3483/3483/3483 3391/3391/3391 3392/3392/3392
f 3391/3391/3391 3483/3483/3483 3485/3485/3485
f 3397/3397/3397 3478/3478/3478 3396/3396/3396
f 3396/3396/3396 3478/3478/3478 3395/3395/3395
f 3486/3486/3486 3395/3395/3395 3478/3478/3478
f 3394/3394/3394 3395/3395/3395 3486/3486/3486
f 3483/3483/3483 3393/3393/3393 3486/3486/3486
f 3548/3548/3548 3542/3542/3542 3549/3549/3549
f 3438/3438/3438 3557/3557/3557 3548/3548/3548
f 3434/3434/3434 3435/3435/3435 3543/3543/3543
f 3548/3548/3548 3549/3549/3549 3436/3436/3436
f 3549/3549/3549 3543/3543/3543 3435/3435/3435
f 3435/3435/3435 3436/3436/3436 3549/3549/3549
f 3543/3543/3543 3545/3545/3545 3433/3433/3433
f 3547/3547/3547 3546/3546/3546 3430/3430/3430
f 3515/3515/3515 3430/3430/3430 3546/3546/3546
f 3431/3431/3431 3547/3547/3547 3430/3430/3430
f 3432/3432/3432 3545/3545/3545 3547/3547/3547
f 3434/3434/3434 3543/3543/3543 3433/3433/3433
f 3433/3433/3433 3545/3545/3545 3432/3432/3432
f 3432/3432/3432 3547/3547/3547 3431/3431/3431
f 3550/3550/3550 3442/3442/3442 3559/3559/3559
f 3442/3442/3442 3443/3443/3443 3559/3559/3559
f 3444/3444/3444 3445/3445/3445 3558/3558/3558
f 3444/3444/3444 3560/3560/3560 3443/3443/3443
f 3559/3559/3559 3443/3443/3443 3560/3560/3560
f 3444/3444/3444 3558/3558/3558 3560/3560/3560
f 3446/3446/3446 3558/3558/3558 3445/3445/3445
f 3439/3439/3439 3557/3557/3557 3438/3438/3438
f 3548/3548/3548 3437/3437/3437 3438/3438/3438
f 3554/3554/3554 3557/3557/3557 3439/3439/3439
f 3442/3442/3442 3550/3550/3550 3441/3441/3441
f 3440/3440/3440 3441/3441/3441 3550/3550/3550
f 3439/3439/3439 3440/3440/3440 3554/3554/3554
f 3550/3550/3550 3554/3554/3554 3440/3440/3440
f 3548/3548/3548 3436/3436/3436 3437/3437/3437
f 3417/3417/3417 3418/3418/3418 3521/3521/3521
f 3418/3418/3418 3519/3519/3519 3521/3521/3521
f 3491/3491/3491 3530/3530/3530 3529/3529/3529
f 3491/3491/3491 3418/3418/3418 3419/3419/3419
f 3491/3491/3491 3519/3519/3519 3418/3418/3418
f 3419/3419/3419 3420/3420/3420 3491/3491/3491
f 3416/3416/3416 3521/3521/3521 3520/3520/3520
f 3514/3514/3514 3518/3518/3518 3414/3414/3414
f 3413/3413/3413 3414/3414/3414 3518/3518/3518
f 3518/3518/3518 3412/3412/3412 3413/3413/3413
f 3412/3412/3412 3518/3518/3518 3509/3509/3509
f 3416/3416/3416 3417/3417/3417 3521/3521/3521
f 3416/3416/3416 3514/3514/3514 3415/3415/3415
f 3414/3414/3414 3415/3415/3415 3514/3514/3514
f 3520/3520/3520 3514/3514/3514 3416/3416/3416
f 3533/3533/3533 3515/3515/3515 3531/3531/3531
f 3425/3425/3425 3426/3426/3426 3533/3533/3533
f 3426/3426/3426 3427/3427/3427 3533/3533/3533
f 3430/3430/3430 3515/3515/3515 3429/3429/3429
f 3428/3428/3428 3429/3429/3429 3515/3515/3515
f 3533/3533/3533 3428/3428/3428 3515/3515/3515
f 3428/3428/3428 3533/3533/3533 3427/3427/3427
f 3423/3423/3423 3530/3530/3530 3422/3422/3422
f 3421/3421/3421 3422/3422/3422 3530/3530/3530
f 3491/3491/3491 3421/3421/3421 3530/3530/3530
f 3421/3421/3421 3491/3491/3491 3420/3420/3420
f 3533/3533/3533 3527/3527/3527 3425/3425/3425
f 3424/3424/3424 3425/3425/3425 3527/3527/3527
f 3527/3527/3527 3423/3423/3423 3424/3424/3424
f 3423/3423/3423 3527/3527/3527 3530/3530/3530
f 3926/3926/3926 3760/3760/3760 3588/3588/3588
f 3926/3926/3926 3761/3761/3761 3760/3760/3760
f 3927/3927/3927 3763/3763/3763 3762/3762/3762
f 3928/3928/3928 3765/3765/3765 3764/3764/3764
f 3927/3927/3927 3764/3764/3764 3763/3763/3763
f 3926/3926/3926 3762/3762/3762 3761/3761/3761
f 3766/3766/3766 3930/3930/3930 3929/3929/3929
f 3929/3929/3929 3767/3767/3767 3766/3766/3766
f 3929/3929/3929 3768/3768/3768 3767/3767/3767
f 3769/3769/3769 3932/3932/3932 3931/3931/3931
f 3931/3931/3931 3770/3770/3770 3769/3769/3769
f 3933/3933/3933 3772/3772/3772 3771/3771/3771
f 3931/3931/3931 3771/3771/3771 3770/3770/3770
f 3932/3932/3932 3769/3769/3769 3768/3768/3768
f 3765/3765/3765 3928/3928/3928 3930/3930/3930
f 3930/3930/3930 3766/3766/3766 3765/3765/3765
f 3773/3773/3773 3935/3935/3935 3934/3934/3934
f 3934/3934/3934 3774/3774/3774 3773/3773/3773
f 3934/3934/3934 3775/3775/3775 3774/3774/3774
f 3776/3776/3776 3937/3937/3937 3936/3936/3936
f 3936/3936/3936 3777/3777/3777 3776/3776/3776
f 3938/3938/3938 3779/3779/3779 3778/3778/3778
f 3777/3777/3777 3936/3936/3936 3938/3938/3938
f 3938/3938/3938 3778/3778/3778 3777/3777/3777
f 3937/3937/3937 3776/3776/3776 3775/3775/3775
f 3780/3780/3780 3940/3940/3940 3939/3939/3939
f 3939/3939/3939 3781/3781/3781 3780/3780/3780
f 3781/3781/3781 3939/3939/3939 3941/3941/3941
f 3941/3941/3941 3782/3782/3782 3781/3781/3781
f 3942/3942/3942 3784/3784/3784 3783/3783/3783
f 3785/3785/3785 3944/3944/3944 3943/3943/3943
f 3943/3943/3943 3786/3786/3786 3785/3785/3785
f 3784/3784/3784 3942/3942/3942 3944/3944/3944
f 3944/3944/3944 3785/3785/3785 3784/3784/3784
f 3941/3941/3941 3783/3783/3783 3782/3782/3782
f 3940/3940/3940 3780/3780/3780 3779/3779/3779
f 3772/3772/3772 3933/3933/3933 3935/3935/3935
f 3935/3935/3935 3773/3773/3773 3772/3772/3772
f 3926/3926/3926 3758/3758/3758 3757/3757/3757
f 3757/3757/3757 3927/3927/3927 3926/3926/3926
f 3927/3927/3927 3762/3762/3762 3926/3926/3926
f 3928/3928/3928 3764/3764/3764 3927/3927/3927
f 3927/3927/3927 3755/3755/3755 3754/3754/3754
f 3754/3754/3754 3928/3928/3928 3927/3927/3927
f 3930/3930/3930 3753/3753/3753 3752/3752/3752
f 3752/3752/3752 3929/3929/3929 3930/3930/3930
f 3932/3932/3932 3750/3750/3750 3749/3749/3749
f 3749/3749/3749 3931/3931/3931 3932/3932/3932
f 3929/3929/3929 3932/3932/3932 3768/3768/3768
f 3929/3929/3929 3751/3751/3751 3750/3750/3750
f 3750/3750/3750 3932/3932/3932 3929/3929/3929
f 3928/3928/3928 3754/3754/3754 3753/3753/3753
f 3753/3753/3753 3930/3930/3930 3928/3928/3928
f 3933/3933/3933 3747/3747/3747 3746/3746/3746
f 3746/3746/3746 3935/3935/3935 3933/3933/3933
f 3935/3935/3935 3746/3746/3746 3745/3745/3745
f 3745/3745/3745 3934/3934/3934 3935/3935/3935
f 3937/3937/3937 3743/3743/3743 3742/3742/3742
f 3742/3742/3742 3936/3936/3936 3937/3937/3937
f 3938/3938/3938 3741/3741/3741 3740/3740/3740
f 3740/3740/3740 3940/3940/3940 3938/3938/3938
f 3940/3940/3940 3779/3779/3779 3938/3938/3938
f 3936/3936/3936 3742/3742/3742 3741/3741/3741
f 3741/3741/3741 3938/3938/3938 3936/3936/3936
f 3934/3934/3934 3937/3937/3937 3775/3775/3775
f 3934/3934/3934 3745/3745/3745 3744/3744/3744
f 3744/3744/3744 3937/3937/3937 3934/3934/3934
f 3931/3931/3931 3933/3933/3933 3771/3771/3771
f 3931/3931/3931 3749/3749/3749 3748/3748/3748
f 3748/3748/3748 3933/3933/3933 3931/3931/3931
f 3787/3787/3787 3945/3945/3945 3788/3788/3788
f 3788/3788/3788 3945/3945/3945 3946/3946/3946
f 3946/3946/3946 3789/3789/3789 3788/3788/3788
f 3791/3791/3791 3790/3790/3790 3947/3947/3947
f 3789/3789/3789 3946/3946/3946 3947/3947/3947
f 3947/3947/3947 3790/3790/3790 3789/3789/3789
f 3792/3792/3792 3791/3791/3791 3948/3948/3948
f 3941/3941/3941 3736/3736/3736 3735/3735/3735
f 3735/3735/3735 3942/3942/3942 3941/3941/3941
f 3942/3942/3942 3783/3783/3783 3941/3941/3941
f 3944/3944/3944 3734/3734/3734 3733/3733/3733
f 3733/3733/3733 3943/3943/3943 3944/3944/3944
f 3942/3942/3942 3735/3735/3735 3734/3734/3734
f 3734/3734/3734 3944/3944/3944 3942/3942/3942
f 3945/3945/3945 3731/3731/3731 3730/3730/3730
f 3730/3730/3730 3946/3946/3946 3945/3945/3945
f 3947/3947/3947 3729/3729/3729 3728/3728/3728
f 3728/3728/3728 3948/3948/3948 3947/3947/3947
f 3791/3791/3791 3947/3947/3947 3948/3948/3948
f 3946/3946/3946 3730/3730/3730 3729/3729/3729
f 3729/3729/3729 3947/3947/3947 3946/3946/3946
f 3945/3945/3945 3787/3787/3787 3943/3943/3943
f 3943/3943/3943 3732/3732/3732 3731/3731/3731
f 3731/3731/3731 3945/3945/3945 3943/3943/3943
f 3949/3949/3949 3793/3793/3793 3792/3792/3792
f 3792/3792/3792 3948/3948/3948 3949/3949/3949
f 3939/3939/3939 3738/3738/3738 3737/3737/3737
f 3737/3737/3737 3941/3941/3941 3939/3939/3939
f 3787/3787/3787 3786/3786/3786 3943/3943/3943
f 3940/3940/3940 3739/3739/3739 3738/3738/3738
f 3738/3738/3738 3939/3939/3939 3940/3940/3940
f 3589/3589/3589 3926/3926/3926 3588/3588/3588
f 3793/3793/3793 3949/3949/3949 3950/3950/3950
f 3950/3950/3950 3794/3794/3794 3793/3793/3793
f 3950/3950/3950 3795/3795/3795 3794/3794/3794
f 3796/3796/3796 3952/3952/3952 3951/3951/3951
f 3951/3951/3951 3797/3797/3797 3796/3796/3796
f 3953/3953/3953 3799/3799/3799 3798/3798/3798
f 3797/3797/3797 3951/3951/3951 3953/3953/3953
f 3953/3953/3953 3798/3798/3798 3797/3797/3797
f 3952/3952/3952 3796/3796/3796 3795/3795/3795
f 3800/3800/3800 3955/3955/3955 3954/3954/3954
f 3954/3954/3954 3801/3801/3801 3800/3800/3800
f 3801/3801/3801 3954/3954/3954 3956/3956/3956
f 3956/3956/3956 3802/3802/3802 3801/3801/3801
f 3803/3803/3803 3802/3802/3802 3956/3956/3956
f 3804/3804/3804 3958/3958/3958 3957/3957/3957
f 3957/3957/3957 3805/3805/3805 3804/3804/3804
f 3804/3804/3804 3803/3803/3803 3958/3958/3958
f 3955/3955/3955 3800/3800/3800 3799/3799/3799
f 3806/3806/3806 3960/3960/3960 3959/3959/3959
f 3959/3959/3959 3807/3807/3807 3806/3806/3806
f 3808/3808/3808 3807/3807/3807 3959/3959/3959
f 3809/3809/3809 3962/3962/3962 3961/3961/3961
f 3961/3961/3961 3810/3810/3810 3809/3809/3809
f 3812/3812/3812 3811/3811/3811 3963/3963/3963
f 3810/3810/3810 3961/3961/3961 3963/3963/3963
f 3963/3963/3963 3811/3811/3811 3810/3810/3810
f 3809/3809/3809 3808/3808/3808 3962/3962/3962
f 3813/3813/3813 3965/3965/3965 3964/3964/3964
f 3964/3964/3964 3814/3814/3814 3813/3813/3813
f 3816/3816/3816 3815/3815/3815 3966/3966/3966
f 3814/3814/3814 3964/3964/3964 3966/3966/3966
f 3966/3966/3966 3815/3815/3815 3814/3814/3814
f 3817/3817/3817 3968/3968/3968 3967/3967/3967
f 3967/3967/3967 3818/3818/3818 3817/3817/3817
f 3820/3820/3820 3819/3819/3819 3969/3969/3969
f 3818/3818/3818 3967/3967/3967 3969/3969/3969
f 3969/3969/3969 3819/3819/3819 3818/3818/3818
f 3817/3817/3817 3816/3816/3816 3968/3968/3968
f 3813/3813/3813 3812/3812/3812 3965/3965/3965
f 3805/3805/3805 3957/3957/3957 3960/3960/3960
f 3960/3960/3960 3806/3806/3806 3805/3805/3805
f 3821/3821/3821 3971/3971/3971 3970/3970/3970
f 3970/3970/3970 3822/3822/3822 3821/3821/3821
f 3822/3822/3822 3970/3970/3970 3972/3972/3972
f 3972/3972/3972 3823/3823/3823 3822/3822/3822
f 3825/3825/3825 3824/3824/3824 3973/3973/3973
f 3826/3826/3826 3975/3975/3975 3974/3974/3974
f 3974/3974/3974 3827/3827/3827 3826/3826/3826
f 3825/3825/3825 3973/3973/3973 3975/3975/3975
f 3975/3975/3975 3826/3826/3826 3825/3825/3825
f 3824/3824/3824 3823/3823/3823 3972/3972/3972
f 3949/3949/3949 3726/3726/3726 3725/3725/3725
f 3725/3725/3725 3950/3950/3950 3949/3949/3949
f 3952/3952/3952 3795/3795/3795 3950/3950/3950
f 3950/3950/3950 3725/3725/3725 3724/3724/3724
f 3724/3724/3724 3952/3952/3952 3950/3950/3950
f 3951/3951/3951 3722/3722/3722 3721/3721/3721
f 3721/3721/3721 3953/3953/3953 3951/3951/3951
f 3955/3955/3955 3719/3719/3719 3718/3718/3718
f 3718/3718/3718 3954/3954/3954 3955/3955/3955
f 3953/3953/3953 3955/3955/3955 3799/3799/3799
f 3953/3953/3953 3721/3721/3721 3720/3720/3720
f 3720/3720/3720 3955/3955/3955 3953/3953/3953
f 3952/3952/3952 3723/3723/3723 3722/3722/3722
f 3722/3722/3722 3951/3951/3951 3952/3952/3952
f 3828/3828/3828 3827/3827/3827 3974/3974/3974
f 3971/3971/3971 3821/3821/3821 3820/3820/3820
f 3829/3829/3829 3828/3828/3828 3976/3976/3976
f 3829/3829/3829 3976/3976/3976 3977/3977/3977
f 3977/3977/3977 3830/3830/3830 3829/3829/3829
f 3831/3831/3831 3979/3979/3979 3978/3978/3978
f 3978/3978/3978 3832/3832/3832 3831/3831/3831
f 3834/3834/3834 3833/3833/3833 3980/3980/3980
f 3833/3833/3833 3832/3832/3832 3978/3978/3978
f 3830/3830/3830 3977/3977/3977 3979/3979/3979
f 3979/3979/3979 3831/3831/3831 3830/3830/3830
f 3836/3836/3836 3835/3835/3835 3981/3981/3981
f 3837/3837/3837 3983/3983/3983 3982/3982/3982
f 3982/3982/3982 3838/3838/3838 3837/3837/3837
f 3837/3837/3837 3836/3836/3836 3983/3983/3983
f 3840/3840/3840 3839/3839/3839 3984/3984/3984
f 3841/3841/3841 3986/3986/3986 3985/3985/3985
f 3985/3985/3985 3842/3842/3842 3841/3841/3841
f 3841/3841/3841 3840/3840/3840 3986/3986/3986
f 3838/3838/3838 3982/3982/3982 3984/3984/3984
f 3984/3984/3984 3839/3839/3839 3838/3838/3838
f 3834/3834/3834 3980/3980/3980 3981/3981/3981
f 3981/3981/3981 3835/3835/3835 3834/3834/3834
f 3842/3842/3842 3985/3985/3985 3987/3987/3987
f 3987/3987/3987 3590/3590/3590 3842/3842/3842
f 3948/3948/3948 3727/3727/3727 3726/3726/3726
f 3726/3726/3726 3949/3949/3949 3948/3948/3948
f 3759/3759/3759 3926/3926/3926 3589/3589/3589
f 3758/3758/3758 3926/3926/3926 3759/3759/3759
f 3756/3756/3756 3927/3927/3927 3757/3757/3757
f 3756/3756/3756 3755/3755/3755 3927/3927/3927
f 3751/3751/3751 3929/3929/3929 3752/3752/3752
f 3747/3747/3747 3933/3933/3933 3748/3748/3748
f 3803/3803/3803 3956/3956/3956 3958/3958/3958
f 3956/3956/3956 3717/3717/3717 3716/3716/3716
f 3716/3716/3716 3958/3958/3958 3956/3956/3956
f 3957/3957/3957 3714/3714/3714 3713/3713/3713
f 3713/3713/3713 3960/3960/3960 3957/3957/3957
f 3808/3808/3808 3959/3959/3959 3962/3962/3962
f 3958/3958/3958 3715/3715/3715 3714/3714/3714
f 3714/3714/3714 3957/3957/3957 3958/3958/3958
f 3960/3960/3960 3713/3713/3713 3712/3712/3712
f 3712/3712/3712 3959/3959/3959 3960/3960/3960
f 3744/3744/3744 3743/3743/3743 3937/3937/3937
f 3740/3740/3740 3739/3739/3739 3940/3940/3940
f 3959/3959/3959 3711/3711/3711 3710/3710/3710
f 3710/3710/3710 3962/3962/3962 3959/3959/3959
f 3954/3954/3954 3718/3718/3718 3717/3717/3717
f 3717/3717/3717 3956/3956/3956 3954/3954/3954
f 3736/3736/3736 3941/3941/3941 3737/3737/3737
f 3733/3733/3733 3732/3732/3732 3943/3943/3943
f 3728/3728/3728 3727/3727/3727 3948/3948/3948
f 3719/3719/3719 3955/3955/3955 3720/3720/3720
f 3958/3958/3958 3716/3716/3716 3715/3715/3715
f 3959/3959/3959 3712/3712/3712 3711/3711/3711
f 3709/3709/3709 3961/3961/3961 3962/3962/3962
f 3962/3962/3962 3710/3710/3710 3709/3709/3709
f 3724/3724/3724 3723/3723/3723 3952/3952/3952
f 3961/3961/3961 3709/3709/3709 3708/3708/3708
f 3708/3708/3708 3963/3963/3963 3961/3961/3961
f 3812/3812/3812 3963/3963/3963 3965/3965/3965
f 3963/3963/3963 3707/3707/3707 3706/3706/3706
f 3706/3706/3706 3965/3965/3965 3963/3963/3963
f 3705/3705/3705 3964/3964/3964 3965/3965/3965
f 3965/3965/3965 3706/3706/3706 3705/3705/3705
f 3966/3966/3966 3703/3703/3703 3702/3702/3702
f 3702/3702/3702 3968/3968/3968 3966/3966/3966
f 3968/3968/3968 3816/3816/3816 3966/3966/3966
f 3964/3964/3964 3705/3705/3705 3704/3704/3704
f 3704/3704/3704 3966/3966/3966 3964/3964/3964
f 3707/3707/3707 3963/3963/3963 3708/3708/3708
f 3967/3967/3967 3701/3701/3701 3700/3700/3700
f 3700/3700/3700 3969/3969/3969 3967/3967/3967
f 3820/3820/3820 3969/3969/3969 3971/3971/3971
f 3971/3971/3971 3698/3698/3698 3697/3697/3697
f 3697/3697/3697 3970/3970/3970 3971/3971/3971
f 3969/3969/3969 3700/3700/3700 3699/3699/3699
f 3699/3699/3699 3971/3971/3971 3969/3969/3969
f 3968/3968/3968 3702/3702/3702 3701/3701/3701
f 3701/3701/3701 3967/3967/3967 3968/3968/3968
f 3970/3970/3970 3697/3697/3697 3696/3696/3696
f 3696/3696/3696 3972/3972/3972 3970/3970/3970
f 3972/3972/3972 3696/3696/3696 3695/3695/3695
f 3695/3695/3695 3973/3973/3973 3972/3972/3972
f 3973/3973/3973 3694/3694/3694 3693/3693/3693
f 3693/3693/3693 3975/3975/3975 3973/3973/3973
f 3974/3974/3974 3692/3692/3692 3691/3691/3691
f 3691/3691/3691 3976/3976/3976 3974/3974/3974
f 3977/3977/3977 3689/3689/3689 3688/3688/3688
f 3688/3688/3688 3979/3979/3979 3977/3977/3977
f 3976/3976/3976 3690/3690/3690 3689/3689/3689
f 3689/3689/3689 3977/3977/3977 3976/3976/3976
f 3976/3976/3976 3828/3828/3828 3974/3974/3974
f 3975/3975/3975 3693/3693/3693 3692/3692/3692
f 3692/3692/3692 3974/3974/3974 3975/3975/3975
f 3978/3978/3978 3686/3686/3686 3685/3685/3685
f 3685/3685/3685 3980/3980/3980 3978/3978/3978
f 3981/3981/3981 3684/3684/3684 3683/3683/3683
f 3683/3683/3683 3983/3983/3983 3981/3981/3981
f 3983/3983/3983 3836/3836/3836 3981/3981/3981
f 3980/3980/3980 3685/3685/3685 3684/3684/3684
f 3684/3684/3684 3981/3981/3981 3980/3980/3980
f 3982/3982/3982 3681/3681/3681 3680/3680/3680
f 3680/3680/3680 3984/3984/3984 3982/3982/3982
f 3840/3840/3840 3984/3984/3984 3986/3986/3986
f 3986/3986/3986 3678/3678/3678 3677/3677/3677
f 3677/3677/3677 3985/3985/3985 3986/3986/3986
f 3984/3984/3984 3679/3679/3679 3678/3678/3678
f 3678/3678/3678 3986/3986/3986 3984/3984/3984
f 3983/3983/3983 3682/3682/3682 3681/3681/3681
f 3681/3681/3681 3982/3982/3982 3983/3983/3983
f 3980/3980/3980 3833/3833/3833 3978/3978/3978
f 3979/3979/3979 3688/3688/3688 3687/3687/3687
f 3687/3687/3687 3978/3978/3978 3979/3979/3979
f 3973/3973/3973 3824/3824/3824 3972/3972/3972
f 3676/3676/3676 3987/3987/3987 3985/3985/3985
f 3985/3985/3985 3677/3677/3677 3676/3676/3676
f 3966/3966/3966 3704/3704/3704 3703/3703/3703
f 3973/3973/3973 3695/3695/3695 3694/3694/3694
f 3698/3698/3698 3971/3971/3971 3699/3699/3699
f 3976/3976/3976 3691/3691/3691 3690/3690/3690
f 3686/3686/3686 3978/3978/3978 3687/3687/3687
f 3682/3682/3682 3983/3983/3983 3683/3683/3683
f 3984/3984/3984 3680/3680/3680 3679/3679/3679
f 3590/3590/3590 3987/3987/3987 3988/3988/3988
f 3988/3988/3988 3843/3843/3843 3590/3590/3590
f 3988/3988/3988 3844/3844/3844 3843/3843/3843
f 3989/3989/3989 3845/3845/3845 3844/3844/3844
f 3990/3990/3990 3847/3847/3847 3846/3846/3846
f 3848/3848/3848 3992/3992/3992 3991/3991/3991
f 3991/3991/3991 3849/3849/3849 3848/3848/3848
f 3992/3992/3992 3848/3848/3848 3847/3847/3847
f 3845/3845/3845 3989/3989/3989 3990/3990/3990
f 3990/3990/3990 3846/3846/3846 3845/3845/3845
f 3993/3993/3993 3851/3851/3851 3850/3850/3850
f 3994/3994/3994 3852/3852/3852 3851/3851/3851
f 3995/3995/3995 3854/3854/3854 3853/3853/3853
f 3855/3855/3855 3997/3997/3997 3996/3996/3996
f 3996/3996/3996 3856/3856/3856 3855/3855/3855
f 3997/3997/3997 3855/3855/3855 3854/3854/3854
f 3852/3852/3852 3994/3994/3994 3995/3995/3995
f 3995/3995/3995 3853/3853/3853 3852/3852/3852
f 3849/3849/3849 3991/3991/3991 3993/3993/3993
f 3993/3993/3993 3850/3850/3850 3849/3849/3849
f 3998/3998/3998 3858/3858/3858 3857/3857/3857
f 3999/3999/3999 3859/3859/3859 3858/3858/3858
f 3860/3860/3860 4001/4001/4001 4000/4000/4000
f 4000/4000/4000 3861/3861/3861 3860/3860/3860
f 4002/4002/4002 3863/3863/3863 3862/3862/3862
f 4000/4000/4000 3862/3862/3862 3861/3861/3861
f 3859/3859/3859 3999/3999/3999 4001/4001/4001
f 4001/4001/4001 3860/3860/3860 3859/3859/3859
f 3864/3864/3864 4004/4004/4004 4003/4003/4003
f 4003/4003/4003 3865/3865/3865 3864/3864/3864
f 4003/4003/4003 3866/3866/3866 3865/3865/3865
f 3867/3867/3867 4006/4006/4006 4005/4005/4005
f 4005/4005/4005 3868/3868/3868 3867/3867/3867
f 4007/4007/4007 3870/3870/3870 3869/3869/3869
f 3868/3868/3868 4005/4005/4005 4007/4007/4007
f 4007/4007/4007 3869/3869/3869 3868/3868/3868
f 4006/4006/4006 3867/3867/3867 3866/3866/3866
f 3863/3863/3863 4002/4002/4002 4004/4004/4004
f 4004/4004/4004 3864/3864/3864 3863/3863/3863
f 3856/3856/3856 3996/3996/3996 3998/3998/3998
f 3998/3998/3998 3857/3857/3857 3856/3856/3856
f 3988/3988/3988 3674/3674/3674 3673/3673/3673
f 3673/3673/3673 3989/3989/3989 3988/3988/3988
f 3989/3989/3989 3844/3844/3844 3988/3988/3988
f 3989/3989/3989 3673/3673/3673 3672/3672/3672
f 3672/3672/3672 3990/3990/3990 3989/3989/3989
f 3992/3992/3992 3670/3670/3670 3669/3669/3669
f 3669/3669/3669 3991/3991/3991 3992/3992/3992
f 3993/3993/3993 3667/3667/3667 3666/3666/3666
f 3666/3666/3666 3994/3994/3994 3993/3993/3993
f 3994/3994/3994 3851/3851/3851 3993/3993/3993
f 3991/3991/3991 3669/3669/3669 3668/3668/3668
f 3668/3668/3668 3993/3993/3993 3991/3991/3991
f 3990/3990/3990 3992/3992/3992 3847/3847/3847
f 3990/3990/3990 3671/3671/3671 3670/3670/3670
f 3670/3670/3670 3992/3992/3992 3990/3990/3990
f 3995/3995/3995 3665/3665/3665 3664/3664/3664
f 3664/3664/3664 3997/3997/3997 3995/3995/3995
f 3997/3997/3997 3854/3854/3854 3995/3995/3995
f 3997/3997/3997 3663/3663/3663 3662/3662/3662
f 3662/3662/3662 3996/3996/3996 3997/3997/3997
f 3998/3998/3998 3661/3661/3661 3660/3660/3660
f 3660/3660/3660 3999/3999/3999 3998/3998/3998
f 3999/3999/3999 3858/3858/3858 3998/3998/3998
f 4001/4001/4001 3658/3658/3658 3657/3657/3657
f 3657/3657/3657 4000/4000/4000 4001/4001/4001
f 3999/3999/3999 3659/3659/3659 3658/3658/3658
f 3658/3658/3658 4001/4001/4001 3999/3999/3999
f 3996/3996/3996 3662/3662/3662 3661/3661/3661
f 3661/3661/3661 3998/3998/3998 3996/3996/3996
f 3994/3994/3994 3666/3666/3666 3665/3665/3665
f 3665/3665/3665 3995/3995/3995 3994/3994/3994
f 3862/3862/3862 4000/4000/4000 4002/4002/4002
f 4002/4002/4002 3655/3655/3655 3654/3654/3654
f 3654/3654/3654 4004/4004/4004 4002/4002/4002
f 3871/3871/3871 4009/4009/4009 4008/4008/4008
f 4008/4008/4008 3872/3872/3872 3871/3871/3871
f 3874/3874/3874 3873/3873/3873 4010/4010/4010
f 3872/3872/3872 4008/4008/4008 4010/4010/4010
f 4010/4010/4010 3873/3873/3873 3872/3872/3872
f 3875/3875/3875 3874/3874/3874 4011/4011/4011
f 4003/4003/4003 3652/3652/3652 3651/3651/3651
f 3651/3651/3651 4006/4006/4006 4003/4003/4003
f 4006/4006/4006 3866/3866/3866 4003/4003/4003
f 4005/4005/4005 3650/3650/3650 3649/3649/3649
f 3649/3649/3649 4007/4007/4007 4005/4005/4005
f 4006/4006/4006 3651/3651/3651 3650/3650/3650
f 3650/3650/3650 4005/4005/4005 4006/4006/4006
f 4009/4009/4009 3647/3647/3647 3646/3646/3646
f 3646/3646/3646 4008/4008/4008 4009/4009/4009
f 4010/4010/4010 3645/3645/3645 3644/3644/3644
f 3644/3644/3644 4011/4011/4011 4010/4010/4010
f 3874/3874/3874 4010/4010/4010 4011/4011/4011
f 4008/4008/4008 3646/3646/3646 3645/3645/3645
f 3645/3645/3645 4010/4010/4010 4008/4008/4008
f 4009/4009/4009 3871/3871/3871 3870/3870/3870
f 3870/3870/3870 4007/4007/4007 4009/4009/4009
f 4007/4007/4007 3648/3648/3648 3647/3647/3647
f 3647/3647/3647 4009/4009/4009 4007/4007/4007
f 4012/4012/4012 3876/3876/3876 3875/3875/3875
f 3875/3875/3875 4011/4011/4011 4012/4012/4012
f 4004/4004/4004 3654/3654/3654 3653/3653/3653
f 3653/3653/3653 4003/4003/4003 4004/4004/4004
f 4000/4000/4000 3657/3657/3657 3656/3656/3656
f 3656/3656/3656 4002/4002/4002 4000/4000/4000
f 3987/3987/3987 3676/3676/3676 3675/3675/3675
f 3675/3675/3675 3988/3988/3988 3987/3987/3987
f 3876/3876/3876 4012/4012/4012 4013/4013/4013
f 4013/4013/4013 3877/3877/3877 3876/3876/3876
f 4013/4013/4013 3878/3878/3878 3877/3877/3877
f 3879/3879/3879 4015/4015/4015 4014/4014/4014
f 4014/4014/4014 3880/3880/3880 3879/3879/3879
f 4016/4016/4016 3882/3882/3882 3881/3881/3881
f 3880/3880/3880 4014/4014/4014 4016/4016/4016
f 4016/4016/4016 3881/3881/3881 3880/3880/3880
f 4015/4015/4015 3879/3879/3879 3878/3878/3878
f 3883/3883/3883 4018/4018/4018 4017/4017/4017
f 4017/4017/4017 3884/3884/3884 3883/3883/3883
f 3884/3884/3884 4017/4017/4017 4019/4019/4019
f 4019/4019/4019 3885/3885/3885 3884/3884/3884
f 3886/3886/3886 3885/3885/3885 4019/4019/4019
f 3887/3887/3887 4021/4021/4021 4020/4020/4020
f 4020/4020/4020 3888/3888/3888 3887/3887/3887
f 3887/3887/3887 3886/3886/3886 4021/4021/4021
f 4018/4018/4018 3883/3883/3883 3882/3882/3882
f 3889/3889/3889 4023/4023/4023 4022/4022/4022
f 4022/4022/4022 3890/3890/3890 3889/3889/3889
f 3891/3891/3891 3890/3890/3890 4022/4022/4022
f 3892/3892/3892 4025/4025/4025 4024/4024/4024
f 4024/4024/4024 3893/3893/3893 3892/3892/3892
f 3895/3895/3895 3894/3894/3894 4026/4026/4026
f 3893/3893/3893 4024/4024/4024 4026/4026/4026
f 4026/4026/4026 3894/3894/3894 3893/3893/3893
f 3892/3892/3892 3891/3891/3891 4025/4025/4025
f 3896/3896/3896 4028/4028/4028 4027/4027/4027
f 4027/4027/4027 3897/3897/3897 3896/3896/3896
f 3899/3899/3899 3898/3898/3898 4029/4029/4029
f 3897/3897/3897 4027/4027/4027 4029/4029/4029
f 4029/4029/4029 3898/3898/3898 3897/3897/3897
f 3900/3900/3900 4031/4031/4031 4030/4030/4030
f 4030/4030/4030 3901/3901/3901 3900/3900/3900
f 3903/3903/3903 3902/3902/3902 4032/4032/4032
f 3901/3901/3901 4030/4030/4030 4032/4032/4032
f 4032/4032/4032 3902/3902/3902 3901/3901/3901
f 3900/3900/3900 3899/3899/3899 4031/4031/4031
f 3896/3896/3896 3895/3895/3895 4028/4028/4028
f 3888/3888/3888 4020/4020/4020 4023/4023/4023
f 4023/4023/4023 3889/3889/3889 3888/3888/3888
f 3904/3904/3904 4034/4034/4034 4033/4033/4033
f 4033/4033/4033 3905/3905/3905 3904/3904/3904
f 3905/3905/3905 4033/4033/4033 4035/4035/4035
f 4035/4035/4035 3906/3906/3906 3905/3905/3905
f 3908/3908/3908 3907/3907/3907 4036/4036/4036
f 3909/3909/3909 4038/4038/4038 4037/4037/4037
f 4037/4037/4037 3910/3910/3910 3909/3909/3909
f 3908/3908/3908 4036/4036/4036 4038/4038/4038
f 4038/4038/4038 3909/3909/3909 3908/3908/3908
f 3907/3907/3907 3906/3906/3906 4035/4035/4035
f 4012/4012/4012 3642/3642/3642 3641/3641/3641
f 3641/3641/3641 4013/4013/4013 4012/4012/4012
f 4015/4015/4015 3878/3878/3878 4013/4013/4013
f 4013/4013/4013 3641/3641/3641 3640/3640/3640
f 3640/3640/3640 4015/4015/4015 4013/4013/4013
f 4014/4014/4014 3638/3638/3638 3637/3637/3637
f 3637/3637/3637 4016/4016/4016 4014/4014/4014
f 4018/4018/4018 3635/3635/3635 3634/3634/3634
f 3634/3634/3634 4017/4017/4017 4018/4018/4018
f 4016/4016/4016 4018/4018/4018 3882/3882/3882
f 4016/4016/4016 3637/3637/3637 3636/3636/3636
f 3636/3636/3636 4018/4018/4018 4016/4016/4016
f 4015/4015/4015 3639/3639/3639 3638/3638/3638
f 3638/3638/3638 4014/4014/4014 4015/4015/4015
f 3911/3911/3911 3910/3910/3910 4037/4037/4037
f 4034/4034/4034 3904/3904/3904 3903/3903/3903
f 3912/3912/3912 3911/3911/3911 4039/4039/4039
f 3912/3912/3912 4039/4039/4039 4040/4040/4040
f 4040/4040/4040 3913/3913/3913 3912/3912/3912
f 3914/3914/3914 4042/4042/4042 4041/4041/4041
f 4041/4041/4041 3915/3915/3915 3914/3914/3914
f 3917/3917/3917 3916/3916/3916 4043/4043/4043
f 3916/3916/3916 3915/3915/3915 4041/4041/4041
f 3913/3913/3913 4040/4040/4040 4042/4042/4042
f 4042/4042/4042 3914/3914/3914 3913/3913/3913
f 3919/3919/3919 3918/3918/3918 4044/4044/4044
f 3920/3920/3920 4046/4046/4046 4045/4045/4045
f 4045/4045/4045 3921/3921/3921 3920/3920/3920
f 3920/3920/3920 3919/3919/3919 4046/4046/4046
f 3923/3923/3923 3922/3922/3922 4047/4047/4047
f 3924/3924/3924 4049/4049/4049 4048/4048/4048
f 4048/4048/4048 3925/3925/3925 3924/3924/3924
f 3924/3924/3924 3923/3923/3923 4049/4049/4049
f 3921/3921/3921 4045/4045/4045 4047/4047/4047
f 4047/4047/4047 3922/3922/3922 3921/3921/3921
f 3917/3917/3917 4043/4043/4043 4044/4044/4044
f 4044/4044/4044 3918/3918/3918 3917/3917/3917
f 3591/3591/3591 3925/3925/3925 4048/4048/4048
f 4011/4011/4011 3643/3643/3643 3642/3642/3642
f 3642/3642/3642 4012/4012/4012 4011/4011/4011
f 3674/3674/3674 3988/3988/3988 3675/3675/3675
f 3672/3672/3672 3671/3671/3671 3990/3990/3990
f 3667/3667/3667 3993/3993/3993 3668/3668/3668
f 3663/3663/3663 3997/3997/3997 3664/3664/3664
f 3886/3886/3886 4019/4019/4019 4021/4021/4021
f 4019/4019/4019 3633/3633/3633 3632/3632/3632
f 3632/3632/3632 4021/4021/4021 4019/4019/4019
f 4020/4020/4020 3630/3630/3630 3629/3629/3629
f 3629/3629/3629 4023/4023/4023 4020/4020/4020
f 3891/3891/3891 4022/4022/4022 4025/4025/4025
f 4021/4021/4021 3631/3631/3631 3630/3630/3630
f 3630/3630/3630 4020/4020/4020 4021/4021/4021
f 4023/4023/4023 3629/3629/3629 3628/3628/3628
f 3628/3628/3628 4022/4022/4022 4023/4023/4023
f 3660/3660/3660 3659/3659/3659 3999/3999/3999
f 3656/3656/3656 3655/3655/3655 4002/4002/4002
f 4022/4022/4022 3627/3627/3627 3626/3626/3626
f 3626/3626/3626 4025/4025/4025 4022/4022/4022
f 4017/4017/4017 3634/3634/3634 3633/3633/3633
f 3633/3633/3633 4019/4019/4019 4017/4017/4017
f 3652/3652/3652 4003/4003/4003 3653/3653/3653
f 3649/3649/3649 3648/3648/3648 4007/4007/4007
f 3644/3644/3644 3643/3643/3643 4011/4011/4011
f 3635/3635/3635 4018/4018/4018 3636/3636/3636
f 4021/4021/4021 3632/3632/3632 3631/3631/3631
f 4022/4022/4022 3628/3628/3628 3627/3627/3627
f 3625/3625/3625 4024/4024/4024 4025/4025/4025
f 4025/4025/4025 3626/3626/3626 3625/3625/3625
f 3640/3640/3640 3639/3639/3639 4015/4015/4015
f 4024/4024/4024 3625/3625/3625 3624/3624/3624
f 3624/3624/3624 4026/4026/4026 4024/4024/4024
f 3895/3895/3895 4026/4026/4026 4028/4028/4028
f 4026/4026/4026 3623/3623/3623 3622/3622/3622
f 3622/3622/3622 4028/4028/4028 4026/4026/4026
f 3620/3620/3620 4029/4029/4029 4027/4027/4027
f 4027/4027/4027 3621/3621/3621 3620/3620/3620
f 4029/4029/4029 3619/3619/3619 3618/3618/3618
f 3618/3618/3618 4031/4031/4031 4029/4029/4029
f 4031/4031/4031 3899/3899/3899 4029/4029/4029
f 4028/4028/4028 3622/3622/3622 3621/3621/3621
f 3621/3621/3621 4027/4027/4027 4028/4028/4028
f 3623/3623/3623 4026/4026/4026 3624/3624/3624
f 4030/4030/4030 3617/3617/3617 3616/3616/3616
f 3616/3616/3616 4032/4032/4032 4030/4030/4030
f 3903/3903/3903 4032/4032/4032 4034/4034/4034
f 4034/4034/4034 3614/3614/3614 3613/3613/3613
f 3613/3613/3613 4033/4033/4033 4034/4034/4034
f 4032/4032/4032 3616/3616/3616 3615/3615/3615
f 3615/3615/3615 4034/4034/4034 4032/4032/4032
f 4031/4031/4031 3618/3618/3618 3617/3617/3617
f 3617/3617/3617 4030/4030/4030 4031/4031/4031
f 4033/4033/4033 3613/3613/3613 3612/3612/3612
f 3612/3612/3612 4035/4035/4035 4033/4033/4033
f 3907/3907/3907 4035/4035/4035 4036/4036/4036
f 4035/4035/4035 3612/3612/3612 3611/3611/3611
f 3611/3611/3611 4036/4036/4036 4035/4035/4035
f 4038/4038/4038 3609/3609/3609 3608/3608/3608
f 3608/3608/3608 4037/4037/4037 4038/4038/4038
f 3911/3911/3911 4037/4037/4037 4039/4039/4039
f 4039/4039/4039 3606/3606/3606 3605/3605/3605
f 3605/3605/3605 4040/4040/4040 4039/4039/4039
f 4037/4037/4037 3608/3608/3608 3607/3607/3607
f 3607/3607/3607 4039/4039/4039 4037/4037/4037
f 4036/4036/4036 3610/3610/3610 3609/3609/3609
f 3609/3609/3609 4038/4038/4038 4036/4036/4036
f 4042/4042/4042 3604/3604/3604 3603/3603/3603
f 3603/3603/3603 4041/4041/4041 4042/4042/4042
f 3916/3916/3916 4041/4041/4041 4043/4043/4043
f 4043/4043/4043 3601/3601/3601 3600/3600/3600
f 3600/3600/3600 4044/4044/4044 4043/4043/4043
f 3919/3919/3919 4044/4044/4044 4046/4046/4046
f 4041/4041/4041 3602/3602/3602 3601/3601/3601
f 3601/3601/3601 4043/4043/4043 4041/4041/4041
f 4046/4046/4046 3598/3598/3598 3597/3597/3597
f 3597/3597/3597 4045/4045/4045 4046/4046/4046
f 4047/4047/4047 3595/3595/3595 3594/3594/3594
f 3594/3594/3594 4049/4049/4049 4047/4047/4047
f 4049/4049/4049 3923/3923/3923 4047/4047/4047
f 4045/4045/4045 3597/3597/3597 3596/3596/3596
f 3596/3596/3596 4047/4047/4047 4045/4045/4045
f 4044/4044/4044 3600/3600/3600 3599/3599/3599
f 3599/3599/3599 4046/4046/4046 4044/4044/4044
f 4040/4040/4040 3605/3605/3605 3604/3604/3604
f 3604/3604/3604 4042/4042/4042 4040/4040/4040
f 4049/4049/4049 3594/3594/3594 3593/3593/3593
f 3593/3593/3593 4048/4048/4048 4049/4049/4049
f 4029/4029/4029 3620/3620/3620 3619/3619/3619
f 4034/4034/4034 3615/3615/3615 3614/3614/3614
f 3610/3610/3610 4036/4036/4036 3611/3611/3611
f 4041/4041/4041 3603/3603/3603 3602/3602/3602
f 4046/4046/4046 3599/3599/3599 3598/3598/3598
f 4048/4048/4048 3593/3593/3593 3592/3592/3592
f 3595/3595/3595 4047/4047/4047 3596/3596/3596
f 3606/3606/3606 4039/4039/4039 3607/3607/3607
f 3592/3592/3592 3591/3591/3591 4048/4048/4048
f 4050/4050/4050 4051/4051/4051 4095/4095/4095
f 4095/4095/4095 4137/4137/4137 4050/4050/4050
f 4138/4138/4138 4094/4094/4094 4093/4093/4093
f 4093/4093/4093 4139/4139/4139 4138/4138/4138
f 4139/4139/4139 4093/4093/4093 4092/4092/4092
f 4092/4092/4092 4140/4140/4140 4139/4139/4139
f 4137/4137/4137 4095/4095/4095 4094/4094/4094
f 4094/4094/4094 4138/4138/4138 4137/4137/4137
f 4141/4141/4141 4091/4091/4091 4090/4090/4090
f 4090/4090/4090 4142/4142/4142 4141/4141/4141
f 4143/4143/4143 4089/4089/4089 4088/4088/4088
f 4088/4088/4088 4144/4144/4144 4143/4143/4143
f 4144/4144/4144 4088/4088/4088 4087/4087/4087
f 4087/4087/4087 4145/4145/4145 4144/4144/4144
f 4142/4142/4142 4090/4090/4090 4089/4089/4089
f 4089/4089/4089 4143/4143/4143 4142/4142/4142
f 4140/4140/4140 4092/4092/4092 4091/4091/4091
f 4091/4091/4091 4141/4141/4141 4140/4140/4140
f 4146/4146/4146 4086/4086/4086 4085/4085/4085
f 4085/4085/4085 4147/4147/4147 4146/4146/4146
f 4148/4148/4148 4084/4084/4084 4083/4083/4083
f 4083/4083/4083 4149/4149/4149 4148/4148/4148
f 4149/4149/4149 4083/4083/4083 4082/4082/4082
f 4082/4082/4082 4150/4150/4150 4149/4149/4149
f 4147/4147/4147 4085/4085/4085 4084/4084/4084
f 4084/4084/4084 4148/4148/4148 4147/4147/4147
f 4151/4151/4151 4081/4081/4081 4080/4080/4080
f 4080/4080/4080 4152/4152/4152 4151/4151/4151
f 4152/4152/4152 4080/4080/4080 4079/4079/4079
f 4079/4079/4079 4153/4153/4153 4152/4152/4152
f 4154/4154/4154 4078/4078/4078 4077/4077/4077
f 4077/4077/4077 4155/4155/4155 4154/4154/4154
f 4155/4155/4155 4077/4077/4077 4076/4076/4076
f 4076/4076/4076 4156/4156/4156 4155/4155/4155
f 4153/4153/4153 4079/4079/4079 4078/4078/4078
f 4078/4078/4078 4154/4154/4154 4153/4153/4153
f 4150/4150/4150 4082/4082/4082 4081/4081/4081
f 4081/4081/4081 4151/4151/4151 4150/4150/4150
f 4145/4145/4145 4087/4087/4087 4086/4086/4086
f 4086/4086/4086 4146/4146/4146 4145/4145/4145
f 4157/4157/4157 4075/4075/4075 4074/4074/4074
f 4074/4074/4074 4158/4158/4158 4157/4157/4157
f 4159/4159/4159 4073/4073/4073 4072/4072/4072
f 4072/4072/4072 4160/4160/4160 4159/4159/4159
f 4160/4160/4160 4072/4072/4072 4071/4071/4071
f 4071/4071/4071 4161/4161/4161 4160/4160/4160
f 4158/4158/4158 4074/4074/4074 4073/4073/4073
f 4073/4073/4073 4159/4159/4159 4158/4158/4158
f 4162/4162/4162 4070/4070/4070 4069/4069/4069
f 4069/4069/4069 4163/4163/4163 4162/4162/4162
f 4164/4164/4164 4068/4068/4068 4067/4067/4067
f 4067/4067/4067 4165/4165/4165 4164/4164/4164
f 4165/4165/4165 4067/4067/4067 4066/4066/4066
f 4066/4066/4066 4166/4166/4166 4165/4165/4165
f 4163/4163/4163 4069/4069/4069 4068/4068/4068
f 4068/4068/4068 4164/4164/4164 4163/4163/4163
f 4161/4161/4161 4071/4071/4071 4070/4070/4070
f 4070/4070/4070 4162/4162/4162 4161/4161/4161
f 4167/4167/4167 4065/4065/4065 4064/4064/4064
f 4064/4064/4064 4168/4168/4168 4167/4167/4167
f 4169/4169/4169 4063/4063/4063 4062/4062/4062
f 4062/4062/4062 4170/4170/4170 4169/4169/4169
f 4170/4170/4170 4062/4062/4062 4061/4061/4061
f 4061/4061/4061 4171/4171/4171 4170/4170/4170
f 4168/4168/4168 4064/4064/4064 4063/4063/4063
f 4063/4063/4063 4169/4169/4169 4168/4168/4168
f 4172/4172/4172 4060/4060/4060 4059/4059/4059
f 4059/4059/4059 4173/4173/4173 4172/4172/4172
f 4173/4173/4173 4059/4059/4059 4058/4058/4058
f 4058/4058/4058 4174/4174/4174 4173/4173/4173
f 4175/4175/4175 4057/4057/4057 4056/4056/4056
f 4056/4056/4056 4176/4176/4176 4175/4175/4175
f 4176/4176/4176 4056/4056/4056 4055/4055/4055
f 4055/4055/4055 4177/4177/4177 4176/4176/4176
f 4174/4174/4174 4058/4058/4058 4057/4057/4057
f 4057/4057/4057 4175/4175/4175 4174/4174/4174
f 4171/4171/4171 4061/4061/4061 4060/4060/4060
f 4060/4060/4060 4172/4172/4172 4171/4171/4171
f 4166/4166/4166 4066/4066/4066 4065/4065/4065
f 4065/4065/4065 4167/4167/4167 4166/4166/4166
f 4156/4156/4156 4076/4076/4076 4075/4075/4075
f 4075/4075/4075 4157/4157/4157 4156/4156/4156
f 4177/4177/4177 4055/4055/4055 4054/4054/4054
f 4054/4054/4054 4178/4178/4178 4177/4177/4177
f 4179/4179/4179 4136/4136/4136 4135/4135/4135
f 4135/4135/4135 4180/4180/4180 4179/4179/4179
f 4181/4181/4181 4134/4134/4134 4133/4133/4133
f 4133/4133/4133 4182/4182/4182 4181/4181/4181
f 4182/4182/4182 4133/4133/4133 4132/4132/4132
f 4132/4132/4132 4183/4183/4183 4182/4182/4182
f 4180/4180/4180 4135/4135/4135 4134/4134/4134
f 4134/4134/4134 4181/4181/4181 4180/4180/4180
f 4184/4184/4184 4131/4131/4131 4130/4130/4130
f 4130/4130/4130 4185/4185/4185 4184/4184/4184
f 4186/4186/4186 4129/4129/4129 4128/4128/4128
f 4128/4128/4128 4187/4187/4187 4186/4186/4186
f 4187/4187/4187 4128/4128/4128 4127/4127/4127
f 4127/4127/4127 4188/4188/4188 4187/4187/4187
f 4185/4185/4185 4130/4130/4130 4129/4129/4129
f 4129/4129/4129 4186/4186/4186 4185/4185/4185
f 4183/4183/4183 4132/4132/4132 4131/4131/4131
f 4131/4131/4131 4184/4184/4184 4183/4183/4183
f 4189/4189/4189 4126/4126/4126 4125/4125/4125
f 4125/4125/4125 4190/4190/4190 4189/4189/4189
f 4191/4191/4191 4124/4124/4124 4123/4123/4123
f 4123/4123/4123 4192/4192/4192 4191/4191/4191
f 4192/4192/4192 4123/4123/4123 4122/4122/4122
f 4122/4122/4122 4193/4193/4193 4192/4192/4192
f 4190/4190/4190 4125/4125/4125 4124/4124/4124
f 4124/4124/4124 4191/4191/4191 4190/4190/4190
f 4194/4194/4194 4121/4121/4121 4120/4120/4120
f 4120/4120/4120 4195/4195/4195 4194/4194/4194
f 4195/4195/4195 4120/4120/4120 4119/4119/4119
f 4119/4119/4119 4196/4196/4196 4195/4195/4195
f 4197/4197/4197 4118/4118/4118 4117/4117/4117
f 4117/4117/4117 4198/4198/4198 4197/4197/4197
f 4198/4198/4198 4117/4117/4117 4116/4116/4116
f 4116/4116/4116 4199/4199/4199 4198/4198/4198
f 4196/4196/4196 4119/4119/4119 4118/4118/4118
f 4118/4118/4118 4197/4197/4197 4196/4196/4196
f 4193/4193/4193 4122/4122/4122 4121/4121/4121
f 4121/4121/4121 4194/4194/4194 4193/4193/4193
f 4188/4188/4188 4127/4127/4127 4126/4126/4126
f 4126/4126/4126 4189/4189/4189 4188/4188/4188
f 4200/4200/4200 4115/4115/4115 4114/4114/4114
f 4114/4114/4114 4201/4201/4201 4200/4200/4200
f 4202/4202/4202 4113/4113/4113 4112/4112/4112
f 4112/4112/4112 4203/4203/4203 4202/4202/4202
f 4203/4203/4203 4112/4112/4112 4111/4111/4111
f 4111/4111/4111 4204/4204/4204 4203/4203/4203
f 4201/4201/4201 4114/4114/4114 4113/4113/4113
f 4113/4113/4113 4202/4202/4202 4201/4201/4201
f 4205/4205/4205 4110/4110/4110 4109/4109/4109
f 4109/4109/4109 4206/4206/4206 4205/4205/4205
f 4207/4207/4207 4108/4108/4108 4107/4107/4107
f 4107/4107/4107 4208/4208/4208 4207/4207/4207
f 4208/4208/4208 4107/4107/4107 4106/4106/4106
f 4106/4106/4106 4209/4209/4209 4208/4208/4208
f 4206/4206/4206 4109/4109/4109 4108/4108/4108
f 4108/4108/4108 4207/4207/4207 4206/4206/4206
f 4204/4204/4204 4111/4111/4111 4110/4110/4110
f 4110/4110/4110 4205/4205/4205 4204/4204/4204
f 4210/4210/4210 4105/4105/4105 4104/4104/4104
f 4104/4104/4104 4211/4211/4211 4210/4210/4210
f 4212/4212/4212 4103/4103/4103 4102/4102/4102
f 4102/4102/4102 4213/4213/4213 4212/4212/4212
f 4213/4213/4213 4102/4102/4102 4101/4101/4101
f 4101/4101/4101 4214/4214/4214 4213/4213/4213
f 4211/4211/4211 4104/4104/4104 4103/4103/4103
f 4103/4103/4103 4212/4212/4212 4211/4211/4211
f 4215/4215/4215 4100/4100/4100 4099/4099/4099
f 4099/4099/4099 4216/4216/4216 4215/4215/4215
f 4216/4216/4216 4099/4099/4099 4098/4098/4098
f 4098/4098/4098 4217/4217/4217 4216/4216/4216
f 4218/4218/4218 4097/4097/4097 4096/4096/4096
f 4096/4096/4096 4219/4219/4219 4218/4218/4218
f 4219/4219/4219 4096/4096/4096 4053/4053/4053
f 4053/4053/4053 4052/4052/4052 4219/4219/4219
f 4217/4217/4217 4098/4098/4098 4097/4097/4097
f 4097/4097/4097 4218/4218/4218 4217/4217/4217
f 4214/4214/4214 4101/4101/4101 4100/4100/4100
f 4100/4100/4100 4215/4215/4215 4214/4214/4214
f 4209/4209/4209 4106/4106/4106 4105/4105/4105
f 4105/4105/4105 4210/4210/4210 4209/4209/4209
f 4199/4199/4199 4116/4116/4116 4115/4115/4115
f 4115/4115/4115 4200/4200/4200 4199/4199/4199
f 4136/4136/4136 4179/4179/4179 4178/4178/4178
f 4178/4178/4178 4054/4054/4054 4136/4136/4136
f 4221/4221/4221 4226/4226/4226 4220/4220/4220
f 4461/4461/4461 4227/4227/4227 4226/4226/4226
f 4460/4460/4460 4229/4229/4229 4228/4228/4228
f 4460/4460/4460 4231/4231/4231 4230/4230/4230
f 4460/4460/4460 4230/4230/4230 4229/4229/4229
f 4461/4461/4461 4228/4228/4228 4227/4227/4227
f 4459/4459/4459 4233/4233/4233 4232/4232/4232
f 4458/4458/4458 4235/4235/4235 4234/4234/4234
f 4458/4458/4458 4234/4234/4234 4233/4233/4233
f 4457/4457/4457 4237/4237/4237 4236/4236/4236
f 4456/4456/4456 4239/4239/4239 4238/4238/4238
f 4457/4457/4457 4238/4238/4238 4237/4237/4237
f 4457/4457/4457 4236/4236/4236 4235/4235/4235
f 4459/4459/4459 4232/4232/4232 4231/4231/4231
f 4455/4455/4455 4241/4241/4241 4240/4240/4240
f 4455/4455/4455 4242/4242/4242 4241/4241/4241
f 4454/4454/4454 4244/4244/4244 4243/4243/4243
f 4453/4453/4453 4246/4246/4246 4245/4245/4245
f 4454/4454/4454 4245/4245/4245 4244/4244/4244
f 4454/4454/4454 4243/4243/4243 4242/4242/4242
f 4452/4452/4452 4248/4248/4248 4247/4247/4247
f 4451/4451/4451 4250/4250/4250 4249/4249/4249
f 4452/4452/4452 4249/4249/4249 4248/4248/4248
f 4451/4451/4451 4252/4252/4252 4251/4251/4251
f 4450/4450/4450 4254/4254/4254 4253/4253/4253
f 4450/4450/4450 4253/4253/4253 4252/4252/4252
f 4451/4451/4451 4251/4251/4251 4250/4250/4250
f 4453/4453/4453 4247/4247/4247 4246/4246/4246
f 4456/4456/4456 4240/4240/4240 4239/4239/4239
f 4449/4449/4449 4256/4256/4256 4255/4255/4255
f 4448/4448/4448 4257/4257/4257 4256/4256/4256
f 4448/4448/4448 4259/4259/4259 4258/4258/4258
f 4447/4447/4447 4261/4261/4261 4260/4260/4260
f 4447/4447/4447 4260/4260/4260 4259/4259/4259
f 4448/4448/4448 4258/4258/4258 4257/4257/4257
f 4446/4446/4446 4263/4263/4263 4262/4262/4262
f 4445/4445/4445 4265/4265/4265 4264/4264/4264
f 4445/4445/4445 4264/4264/4264 4263/4263/4263
f 4444/4444/4444 4267/4267/4267 4266/4266/4266
f 4443/4443/4443 4269/4269/4269 4268/4268/4268
f 4444/4444/4444 4268/4268/4268 4267/4267/4267
f 4445/4445/4445 4266/4266/4266 4265/4265/4265
f 4446/4446/4446 4262/4262/4262 4261/4261/4261
f 4442/4442/4442 4271/4271/4271 4270/4270/4270
f 4442/4442/4442 4272/4272/4272 4271/4271/4271
f 4441/4441/4441 4274/4274/4274 4273/4273/4273
f 4440/4440/4440 4276/4276/4276 4275/4275/4275
f 4441/4441/4441 4275/4275/4275 4274/4274/4274
f 4442/4442/4442 4273/4273/4273 4272/4272/4272
f 4439/4439/4439 4278/4278/4278 4277/4277/4277
f 4439/4439/4439 4280/4280/4280 4279/4279/4279
f 4439/4439/4439 4279/4279/4279 4278/4278/4278
f 4438/4438/4438 4282/4282/4282 4281/4281/4281
f 4437/4437/4437 4284/4284/4284 4283/4283/4283
f 4437/4437/4437 4283/4283/4283 4282/4282/4282
f 4438/4438/4438 4281/4281/4281 4280/4280/4280
f 4440/4440/4440 4277/4277/4277 4276/4276/4276
f 4443/4443/4443 4270/4270/4270 4269/4269/4269
f 4449/4449/4449 4255/4255/4255 4254/4254/4254
f 4461/4461/4461 4226/4226/4226 4221/4221/4221
f 4460/4460/4460 4228/4228/4228 4461/4461/4461
f 4458/4458/4458 4233/4233/4233 4459/4459/4459
f 4456/4456/4456 4238/4238/4238 4457/4457/4457
f 4458/4458/4458 4457/4457/4457 4235/4235/4235
f 4460/4460/4460 4459/4459/4459 4231/4231/4231
f 4454/4454/4454 4242/4242/4242 4455/4455/4455
f 4240/4240/4240 4456/4456/4456 4455/4455/4455
f 4450/4450/4450 4252/4252/4252 4451/4451/4451
f 4285/4285/4285 4436/4436/4436 4286/4286/4286
f 4453/4453/4453 4245/4245/4245 4454/4454/4454
f 4451/4451/4451 4249/4249/4249 4452/4452/4452
f 4453/4453/4453 4452/4452/4452 4247/4247/4247
f 4436/4436/4436 4287/4287/4287 4286/4286/4286
f 4284/4284/4284 4436/4436/4436 4285/4285/4285
f 4449/4449/4449 4254/4254/4254 4450/4450/4450
f 4448/4448/4448 4256/4256/4256 4449/4449/4449
f 4446/4446/4446 4261/4261/4261 4447/4447/4447
f 4444/4444/4444 4266/4266/4266 4445/4445/4445
f 4446/4446/4446 4445/4445/4445 4263/4263/4263
f 4448/4448/4448 4447/4447/4447 4259/4259/4259
f 4442/4442/4442 4270/4270/4270 4443/4443/4443
f 4440/4440/4440 4275/4275/4275 4441/4441/4441
f 4442/4442/4442 4441/4441/4441 4273/4273/4273
f 4438/4438/4438 4280/4280/4280 4439/4439/4439
f 4436/4436/4436 4284/4284/4284 4437/4437/4437
f 4438/4438/4438 4437/4437/4437 4282/4282/4282
f 4440/4440/4440 4439/4439/4439 4277/4277/4277
f 4444/4444/4444 4443/4443/4443 4268/4268/4268
f 4436/4436/4436 4435/4435/4435 4287/4287/4287
f 4435/4435/4435 4289/4289/4289 4288/4288/4288
f 4434/4434/4434 4290/4290/4290 4289/4289/4289
f 4433/4433/4433 4292/4292/4292 4291/4291/4291
f 4433/4433/4433 4294/4294/4294 4293/4293/4293
f 4433/4433/4433 4293/4293/4293 4292/4292/4292
f 4434/4434/4434 4291/4291/4291 4290/4290/4290
f 4432/4432/4432 4296/4296/4296 4295/4295/4295
f 4431/4431/4431 4298/4298/4298 4297/4297/4297
f 4431/4431/4431 4297/4297/4297 4296/4296/4296
f 4430/4430/4430 4300/4300/4300 4299/4299/4299
f 4429/4429/4429 4302/4302/4302 4301/4301/4301
f 4430/4430/4430 4301/4301/4301 4300/4300/4300
f 4430/4430/4430 4299/4299/4299 4298/4298/4298
f 4432/4432/4432 4295/4295/4295 4294/4294/4294
f 4434/4434/4434 4289/4289/4289 4435/4435/4435
f 4433/4433/4433 4432/4432/4432 4294/4294/4294
f 4291/4291/4291 4434/4434/4434 4433/4433/4433
f 4303/4303/4303 4302/4302/4302 4429/4429/4429
f 4431/4431/4431 4296/4296/4296 4432/4432/4432
f 4429/4429/4429 4301/4301/4301 4430/4430/4430
f 4431/4431/4431 4430/4430/4430 4298/4298/4298
f 4428/4428/4428 4304/4304/4304 4303/4303/4303
f 4303/4303/4303 4429/4429/4429 4428/4428/4428
f 4428/4428/4428 4305/4305/4305 4304/4304/4304
f 4427/4427/4427 4307/4307/4307 4306/4306/4306
f 4427/4427/4427 4306/4306/4306 4305/4305/4305
f 4427/4427/4427 4305/4305/4305 4428/4428/4428
f 4223/4223/4223 4308/4308/4308 4307/4307/4307
f 4307/4307/4307 4427/4427/4427 4223/4223/4223
f 4222/4222/4222 4308/4308/4308 4223/4223/4223
f 4287/4287/4287 4435/4435/4435 4288/4288/4288
f 4426/4426/4426 4310/4310/4310 4309/4309/4309
f 4426/4426/4426 4311/4311/4311 4310/4310/4310
f 4425/4425/4425 4313/4313/4313 4312/4312/4312
f 4424/4424/4424 4315/4315/4315 4314/4314/4314
f 4425/4425/4425 4314/4314/4314 4313/4313/4313
f 4425/4425/4425 4312/4312/4312 4311/4311/4311
f 4423/4423/4423 4317/4317/4317 4316/4316/4316
f 4422/4422/4422 4319/4319/4319 4318/4318/4318
f 4423/4423/4423 4318/4318/4318 4317/4317/4317
f 4422/4422/4422 4321/4321/4321 4320/4320/4320
f 4421/4421/4421 4323/4323/4323 4322/4322/4322
f 4421/4421/4421 4322/4322/4322 4321/4321/4321
f 4422/4422/4422 4320/4320/4320 4319/4319/4319
f 4424/4424/4424 4316/4316/4316 4315/4315/4315
f 4420/4420/4420 4325/4325/4325 4324/4324/4324
f 4419/4419/4419 4326/4326/4326 4325/4325/4325
f 4419/4419/4419 4328/4328/4328 4327/4327/4327
f 4418/4418/4418 4330/4330/4330 4329/4329/4329
f 4418/4418/4418 4329/4329/4329 4328/4328/4328
f 4419/4419/4419 4327/4327/4327 4326/4326/4326
f 4417/4417/4417 4332/4332/4332 4331/4331/4331
f 4416/4416/4416 4334/4334/4334 4333/4333/4333
f 4416/4416/4416 4333/4333/4333 4332/4332/4332
f 4415/4415/4415 4336/4336/4336 4335/4335/4335
f 4414/4414/4414 4338/4338/4338 4337/4337/4337
f 4415/4415/4415 4337/4337/4337 4336/4336/4336
f 4416/4416/4416 4335/4335/4335 4334/4334/4334
f 4417/4417/4417 4331/4331/4331 4330/4330/4330
f 4420/4420/4420 4324/4324/4324 4323/4323/4323
f 4413/4413/4413 4340/4340/4340 4339/4339/4339
f 4413/4413/4413 4341/4341/4341 4340/4340/4340
f 4412/4412/4412 4343/4343/4343 4342/4342/4342
f 4411/4411/4411 4345/4345/4345 4344/4344/4344
f 4412/4412/4412 4344/4344/4344 4343/4343/4343
f 4413/4413/4413 4342/4342/4342 4341/4341/4341
f 4410/4410/4410 4347/4347/4347 4346/4346/4346
f 4410/4410/4410 4349/4349/4349 4348/4348/4348
f 4410/4410/4410 4348/4348/4348 4347/4347/4347
f 4409/4409/4409 4351/4351/4351 4350/4350/4350
f 4408/4408/4408 4353/4353/4353 4352/4352/4352
f 4408/4408/4408 4352/4352/4352 4351/4351/4351
f 4409/4409/4409 4350/4350/4350 4349/4349/4349
f 4411/4411/4411 4346/4346/4346 4345/4345/4345
f 4407/4407/4407 4355/4355/4355 4354/4354/4354
f 4407/4407/4407 4356/4356/4356 4355/4355/4355
f 4406/4406/4406 4358/4358/4358 4357/4357/4357
f 4405/4405/4405 4360/4360/4360 4359/4359/4359
f 4405/4405/4405 4359/4359/4359 4358/4358/4358
f 4406/4406/4406 4357/4357/4357 4356/4356/4356
f 4404/4404/4404 4362/4362/4362 4361/4361/4361
f 4403/4403/4403 4364/4364/4364 4363/4363/4363
f 4404/4404/4404 4363/4363/4363 4362/4362/4362
f 4402/4402/4402 4366/4366/4366 4365/4365/4365
f 4401/4401/4401 4368/4368/4368 4367/4367/4367
f 4402/4402/4402 4367/4367/4367 4366/4366/4366
f 4403/4403/4403 4365/4365/4365 4364/4364/4364
f 4404/4404/4404 4361/4361/4361 4360/4360/4360
f 4407/4407/4407 4354/4354/4354 4353/4353/4353
f 4414/4414/4414 4339/4339/4339 4338/4338/4338
f 4426/4426/4426 4309/4309/4309 4223/4223/4223
f 4425/4425/4425 4311/4311/4311 4426/4426/4426
f 4423/4423/4423 4316/4316/4316 4424/4424/4424
f 4421/4421/4421 4321/4321/4321 4422/4422/4422
f 4423/4423/4423 4422/4422/4422 4318/4318/4318
f 4425/4425/4425 4424/4424/4424 4314/4314/4314
f 4419/4419/4419 4325/4325/4325 4420/4420/4420
f 4419/4419/4419 4418/4418/4418 4328/4328/4328
f 4420/4420/4420 4323/4323/4323 4421/4421/4421
f 4414/4414/4414 4337/4337/4337 4415/4415/4415
f 4417/4417/4417 4330/4330/4330 4418/4418/4418
f 4415/4415/4415 4335/4335/4335 4416/4416/4416
f 4417/4417/4417 4416/4416/4416 4332/4332/4332
f 4401/4401/4401 4370/4370/4370 4369/4369/4369
f 4368/4368/4368 4401/4401/4401 4369/4369/4369
f 4413/4413/4413 4339/4339/4339 4414/4414/4414
f 4412/4412/4412 4342/4342/4342 4413/4413/4413
f 4410/4410/4410 4346/4346/4346 4411/4411/4411
f 4408/4408/4408 4351/4351/4351 4409/4409/4409
f 4410/4410/4410 4409/4409/4409 4349/4349/4349
f 4412/4412/4412 4411/4411/4411 4344/4344/4344
f 4406/4406/4406 4356/4356/4356 4407/4407/4407
f 4404/4404/4404 4360/4360/4360 4405/4405/4405
f 4406/4406/4406 4405/4405/4405 4358/4358/4358
f 4402/4402/4402 4365/4365/4365 4403/4403/4403
f 4370/4370/4370 4401/4401/4401 4400/4400/4400
f 4402/4402/4402 4401/4401/4401 4367/4367/4367
f 4404/4404/4404 4403/4403/4403 4363/4363/4363
f 4408/4408/4408 4407/4407/4407 4353/4353/4353
f 4400/4400/4400 4371/4371/4371 4370/4370/4370
f 4399/4399/4399 4373/4373/4373 4372/4372/4372
f 4372/4372/4372 4400/4400/4400 4399/4399/4399
f 4398/4398/4398 4375/4375/4375 4374/4374/4374
f 4398/4398/4398 4377/4377/4377 4376/4376/4376
f 4398/4398/4398 4376/4376/4376 4375/4375/4375
f 4399/4399/4399 4374/4374/4374 4373/4373/4373
f 4397/4397/4397 4379/4379/4379 4378/4378/4378
f 4396/4396/4396 4381/4381/4381 4380/4380/4380
f 4396/4396/4396 4380/4380/4380 4379/4379/4379
f 4395/4395/4395 4383/4383/4383 4382/4382/4382
f 4394/4394/4394 4385/4385/4385 4384/4384/4384
f 4395/4395/4395 4384/4384/4384 4383/4383/4383
f 4396/4396/4396 4382/4382/4382 4381/4381/4381
f 4397/4397/4397 4378/4378/4378 4377/4377/4377
f 4398/4398/4398 4374/4374/4374 4399/4399/4399
f 4398/4398/4398 4397/4397/4397 4377/4377/4377
f 4385/4385/4385 4394/4394/4394 4386/4386/4386
f 4393/4393/4393 4387/4387/4387 4386/4386/4386
f 4386/4386/4386 4394/4394/4394 4393/4393/4393
f 4396/4396/4396 4379/4379/4379 4397/4397/4397
f 4394/4394/4394 4384/4384/4384 4395/4395/4395
f 4396/4396/4396 4395/4395/4395 4382/4382/4382
f 4392/4392/4392 4389/4389/4389 4388/4388/4388
f 4392/4392/4392 4391/4391/4391 4390/4390/4390
f 4392/4392/4392 4390/4390/4390 4389/4389/4389
f 4392/4392/4392 4388/4388/4388 4393/4393/4393
f 4391/4391/4391 4392/4392/4392 4225/4225/4225
f 4391/4391/4391 4225/4225/4225 4224/4224/4224
f 4387/4387/4387 4393/4393/4393 4388/4388/4388
f 4371/4371/4371 4400/4400/4400 4372/4372/4372
f 4222/4222/4222 4223/4223/4223 4309/4309/4309
f 4462/4462/4462 4463/4463/4463 4619/4619/4619
f 4619/4619/4619 4468/4468/4468 4462/4462/4462
f 4469/4469/4469 4618/4618/4618 4617/4617/4617
f 4617/4617/4617 4470/4470/4470 4469/4469/4469
f 4468/4468/4468 4619/4619/4619 4618/4618/4618
f 4618/4618/4618 4469/4469/4469 4468/4468/4468
f 4616/4616/4616 4472/4472/4472 4471/4471/4471
f 4473/4473/4473 4615/4615/4615 4614/4614/4614
f 4614/4614/4614 4474/4474/4474 4473/4473/4473
f 4474/4474/4474 4614/4614/4614 4613/4613/4613
f 4613/4613/4613 4475/4475/4475 4474/4474/4474
f 4472/4472/4472 4616/4616/4616 4615/4615/4615
f 4615/4615/4615 4473/4473/4473 4472/4472/4472
f 4617/4617/4617 4471/4471/4471 4470/4470/4470
f 4476/4476/4476 4612/4612/4612 4611/4611/4611
f 4611/4611/4611 4477/4477/4477 4476/4476/4476
f 4478/4478/4478 4611/4611/4611 4610/4610/4610
f 4610/4610/4610 4479/4479/4479 4478/4478/4478
f 4479/4479/4479 4610/4610/4610 4609/4609/4609
f 4609/4609/4609 4480/4480/4480 4479/4479/4479
f 4611/4611/4611 4478/4478/4478 4477/4477/4477
f 4481/4481/4481 4608/4608/4608 4607/4607/4607
f 4607/4607/4607 4482/4482/4482 4481/4481/4481
f 4606/4606/4606 4484/4484/4484 4483/4483/4483
f 4605/4605/4605 4485/4485/4485 4484/4484/4484
f 4482/4482/4482 4607/4607/4607 4606/4606/4606
f 4606/4606/4606 4483/4483/4483 4482/4482/4482
f 4480/4480/4480 4609/4609/4609 4608/4608/4608
f 4608/4608/4608 4481/4481/4481 4480/4480/4480
f 4475/4475/4475 4613/4613/4613 4612/4612/4612
f 4612/4612/4612 4476/4476/4476 4475/4475/4475
f 4486/4486/4486 4604/4604/4604 4603/4603/4603
f 4603/4603/4603 4487/4487/4487 4486/4486/4486
f 4488/4488/4488 4602/4602/4602 4601/4601/4601
f 4601/4601/4601 4489/4489/4489 4488/4488/4488
f 4489/4489/4489 4601/4601/4601 4600/4600/4600
f 4600/4600/4600 4490/4490/4490 4489/4489/4489
f 4487/4487/4487 4603/4603/4603 4602/4602/4602
f 4602/4602/4602 4488/4488/4488 4487/4487/4487
f 4599/4599/4599 4492/4492/4492 4491/4491/4491
f 4493/4493/4493 4598/4598/4598 4597/4597/4597
f 4597/4597/4597 4494/4494/4494 4493/4493/4493
f 4494/4494/4494 4597/4597/4597 4596/4596/4596
f 4596/4596/4596 4495/4495/4495 4494/4494/4494
f 4492/4492/4492 4599/4599/4599 4598/4598/4598
f 4598/4598/4598 4493/4493/4493 4492/4492/4492
f 4600/4600/4600 4491/4491/4491 4490/4490/4490
f 4496/4496/4496 4595/4595/4595 4594/4594/4594
f 4594/4594/4594 4497/4497/4497 4496/4496/4496
f 4593/4593/4593 4499/4499/4499 4498/4498/4498
f 4499/4499/4499 4593/4593/4593 4592/4592/4592
f 4592/4592/4592 4500/4500/4500 4499/4499/4499
f 4594/4594/4594 4498/4498/4498 4497/4497/4497
f 4501/4501/4501 4591/4591/4591 4590/4590/4590
f 4590/4590/4590 4502/4502/4502 4501/4501/4501
f 4503/4503/4503 4589/4589/4589 4588/4588/4588
f 4588/4588/4588 4504/4504/4504 4503/4503/4503
f 4588/4588/4588 4505/4505/4505 4504/4504/4504
f 4502/4502/4502 4590/4590/4590 4589/4589/4589
f 4589/4589/4589 4503/4503/4503 4502/4502/4502
f 4500/4500/4500 4592/4592/4592 4591/4591/4591
f 4591/4591/4591 4501/4501/4501 4500/4500/4500
f 4495/4495/4495 4596/4596/4596 4595/4595/4595
f 4595/4595/4595 4496/4496/4496 4495/4495/4495
f 4485/4485/4485 4605/4605/4605 4604/4604/4604
f 4604/4604/4604 4486/4486/4486 4485/4485/4485
f 4616/4616/4616 4471/4471/4471 4617/4617/4617
f 4606/4606/4606 4605/4605/4605 4484/4484/4484
f 4599/4599/4599 4491/4491/4491 4600/4600/4600
f 4507/4507/4507 4586/4586/4586 4585/4585/4585
f 4585/4585/4585 4508/4508/4508 4507/4507/4507
f 4506/4506/4506 4587/4587/4587 4586/4586/4586
f 4586/4586/4586 4507/4507/4507 4506/4506/4506
f 4465/4465/4465 4464/4464/4464 4508/4508/4508
f 4508/4508/4508 4585/4585/4585 4465/4465/4465
f 4593/4593/4593 4498/4498/4498 4594/4594/4594
f 4588/4588/4588 4587/4587/4587 4505/4505/4505
f 4506/4506/4506 4505/4505/4505 4587/4587/4587
f 4509/4509/4509 4584/4584/4584 4583/4583/4583
f 4583/4583/4583 4510/4510/4510 4509/4509/4509
f 4582/4582/4582 4512/4512/4512 4511/4511/4511
f 4583/4583/4583 4511/4511/4511 4510/4510/4510
f 4513/4513/4513 4581/4581/4581 4580/4580/4580
f 4580/4580/4580 4514/4514/4514 4513/4513/4513
f 4515/4515/4515 4579/4579/4579 4578/4578/4578
f 4578/4578/4578 4516/4516/4516 4515/4515/4515
f 4516/4516/4516 4578/4578/4578 4577/4577/4577
f 4577/4577/4577 4517/4517/4517 4516/4516/4516
f 4514/4514/4514 4580/4580/4580 4579/4579/4579
f 4579/4579/4579 4515/4515/4515 4514/4514/4514
f 4512/4512/4512 4582/4582/4582 4581/4581/4581
f 4581/4581/4581 4513/4513/4513 4512/4512/4512
f 4576/4576/4576 4519/4519/4519 4518/4518/4518
f 4520/4520/4520 4575/4575/4575 4574/4574/4574
f 4574/4574/4574 4521/4521/4521 4520/4520/4520
f 4521/4521/4521 4574/4574/4574 4573/4573/4573
f 4573/4573/4573 4522/4522/4522 4521/4521/4521
f 4575/4575/4575 4520/4520/4520 4519/4519/4519
f 4523/4523/4523 4572/4572/4572 4571/4571/4571
f 4571/4571/4571 4524/4524/4524 4523/4523/4523
f 4570/4570/4570 4526/4526/4526 4525/4525/4525
f 4526/4526/4526 4570/4570/4570 4569/4569/4569
f 4569/4569/4569 4527/4527/4527 4526/4526/4526
f 4571/4571/4571 4525/4525/4525 4524/4524/4524
f 4522/4522/4522 4573/4573/4573 4572/4572/4572
f 4572/4572/4572 4523/4523/4523 4522/4522/4522
f 4577/4577/4577 4518/4518/4518 4517/4517/4517
f 4528/4528/4528 4568/4568/4568 4567/4567/4567
f 4567/4567/4567 4529/4529/4529 4528/4528/4528
f 4530/4530/4530 4566/4566/4566 4565/4565/4565
f 4565/4565/4565 4531/4531/4531 4530/4530/4530
f 4531/4531/4531 4565/4565/4565 4564/4564/4564
f 4564/4564/4564 4532/4532/4532 4531/4531/4531
f 4529/4529/4529 4567/4567/4567 4566/4566/4566
f 4566/4566/4566 4530/4530/4530 4529/4529/4529
f 4533/4533/4533 4564/4564/4564 4563/4563/4563
f 4563/4563/4563 4534/4534/4534 4533/4533/4533
f 4535/4535/4535 4562/4562/4562 4561/4561/4561
f 4561/4561/4561 4536/4536/4536 4535/4535/4535
f 4536/4536/4536 4561/4561/4561 4560/4560/4560
f 4560/4560/4560 4537/4537/4537 4536/4536/4536
f 4534/4534/4534 4563/4563/4563 4562/4562/4562
f 4562/4562/4562 4535/4535/4535 4534/4534/4534
f 4564/4564/4564 4533/4533/4533 4532/4532/4532
f 4559/4559/4559 4539/4539/4539 4538/4538/4538
f 4557/4557/4557 4541/4541/4541 4540/4540/4540
f 4541/4541/4541 4557/4557/4557 4556/4556/4556
f 4556/4556/4556 4542/4542/4542 4541/4541/4541
f 4558/4558/4558 4540/4540/4540 4539/4539/4539
f 4543/4543/4543 4555/4555/4555 4554/4554/4554
f 4554/4554/4554 4544/4544/4544 4543/4543/4543
f 4553/4553/4553 4546/4546/4546 4545/4545/4545
f 4552/4552/4552 4547/4547/4547 4546/4546/4546
f 4544/4544/4544 4554/4554/4554 4553/4553/4553
f 4553/4553/4553 4545/4545/4545 4544/4544/4544
f 4542/4542/4542 4556/4556/4556 4555/4555/4555
f 4555/4555/4555 4543/4543/4543 4542/4542/4542
f 4537/4537/4537 4560/4560/4560 4559/4559/4559
f 4559/4559/4559 4538/4538/4538 4537/4537/4537
f 4527/4527/4527 4569/4569/4569 4568/4568/4568
f 4568/4568/4568 4528/4528/4528 4527/4527/4527
f 4584/4584/4584 4509/4509/4509 4464/4464/4464
f 4464/4464/4464 4465/4465/4465 4584/4584/4584
f 4582/4582/4582 4511/4511/4511 4583/4583/4583
f 4576/4576/4576 4518/4518/4518 4577/4577/4577
f 4571/4571/4571 4570/4570/4570 4525/4525/4525
f 4576/4576/4576 4575/4575/4575 4519/4519/4519
f 4559/4559/4559 4558/4558/4558 4539/4539/4539
f 4548/4548/4548 4551/4551/4551 4550/4550/4550
f 4550/4550/4550 4549/4549/4549 4548/4548/4548
f 4549/4549/4549 4550/4550/4550 4467/4467/4467
f 4467/4467/4467 4466/4466/4466 4549/4549/4549
f 4557/4557/4557 4540/4540/4540 4558/4558/4558
f 4552/4552/4552 4546/4546/4546 4553/4553/4553
f 4551/4551/4551 4548/4548/4548 4547/4547/4547
f 4547/4547/4547 4552/4552/4552 4551/4551/4551
f 4747/4747/4747 4746/4746/4746 4744/4744/4744
f 4744/4744/4744 4745/4745/4745 4747/4747/4747
f 4748/4748/4748 4625/4625/4625 4620/4620/4620
f 4741/4741/4741 4627/4627/4627 4626/4626/4626
f 4742/4742/4742 4626/4626/4626 4625/4625/4625
f 4740/4740/4740 4629/4629/4629 4628/4628/4628
f 4630/4630/4630 4739/4739/4739 4738/4738/4738
f 4738/4738/4738 4631/4631/4631 4630/4630/4630
f 4739/4739/4739 4630/4630/4630 4629/4629/4629
f 4627/4627/4627 4741/4741/4741 4740/4740/4740
f 4740/4740/4740 4628/4628/4628 4627/4627/4627
f 4737/4737/4737 4633/4633/4633 4632/4632/4632
f 4736/4736/4736 4635/4635/4635 4634/4634/4634
f 4633/4633/4633 4737/4737/4737 4736/4736/4736
f 4736/4736/4736 4634/4634/4634 4633/4633/4633
f 4636/4636/4636 4735/4735/4735 4734/4734/4734
f 4734/4734/4734 4637/4637/4637 4636/4636/4636
f 4733/4733/4733 4639/4639/4639 4638/4638/4638
f 4734/4734/4734 4638/4638/4638 4637/4637/4637
f 4735/4735/4735 4636/4636/4636 4635/4635/4635
f 4738/4738/4738 4632/4632/4632 4631/4631/4631
f 4732/4732/4732 4641/4641/4641 4640/4640/4640
f 4642/4642/4642 4731/4731/4731 4730/4730/4730
f 4730/4730/4730 4643/4643/4643 4642/4642/4642
f 4731/4731/4731 4642/4642/4642 4641/4641/4641
f 4729/4729/4729 4645/4645/4645 4644/4644/4644
f 4728/4728/4728 4647/4647/4647 4646/4646/4646
f 4645/4645/4645 4729/4729/4729 4728/4728/4728
f 4728/4728/4728 4646/4646/4646 4645/4645/4645
f 4730/4730/4730 4644/4644/4644 4643/4643/4643
f 4648/4648/4648 4727/4727/4727 4726/4726/4726
f 4726/4726/4726 4649/4649/4649 4648/4648/4648
f 4725/4725/4725 4651/4651/4651 4650/4650/4650
f 4726/4726/4726 4650/4650/4650 4649/4649/4649
f 4724/4724/4724 4653/4653/4653 4652/4652/4652
f 4654/4654/4654 4723/4723/4723 4722/4722/4722
f 4722/4722/4722 4655/4655/4655 4654/4654/4654
f 4723/4723/4723 4654/4654/4654 4653/4653/4653
f 4651/4651/4651 4725/4725/4725 4724/4724/4724
f 4724/4724/4724 4652/4652/4652 4651/4651/4651
f 4727/4727/4727 4648/4648/4648 4647/4647/4647
f 4639/4639/4639 4733/4733/4733 4732/4732/4732
f 4732/4732/4732 4640/4640/4640 4639/4639/4639
f 4742/4742/4742 4748/4748/4748 4621/4621/4621
f 4625/4625/4625 4748/4748/4748 4742/4742/4742
f 4626/4626/4626 4742/4742/4742 4741/4741/4741
f 4740/4740/4740 4739/4739/4739 4629/4629/4629
f 4632/4632/4632 4738/4738/4738 4737/4737/4737
f 4638/4638/4638 4734/4734/4734 4733/4733/4733
f 4736/4736/4736 4735/4735/4735 4635/4635/4635
f 4641/4641/4641 4732/4732/4732 4731/4731/4731
f 4644/4644/4644 4730/4730/4730 4729/4729/4729
f 4727/4727/4727 4647/4647/4647 4728/4728/4728
f 4657/4657/4657 4656/4656/4656 4721/4721/4721
f 4657/4657/4657 4721/4721/4721 4720/4720/4720
f 4720/4720/4720 4658/4658/4658 4657/4657/4657
f 4622/4622/4622 4659/4659/4659 4719/4719/4719
f 4659/4659/4659 4658/4658/4658 4720/4720/4720
f 4622/4622/4622 4719/4719/4719 4718/4718/4718
f 4718/4718/4718 4660/4660/4660 4622/4622/4622
f 4725/4725/4725 4650/4650/4650 4726/4726/4726
f 4723/4723/4723 4653/4653/4653 4724/4724/4724
f 4656/4656/4656 4722/4722/4722 4721/4721/4721
f 4659/4659/4659 4720/4720/4720 4719/4719/4719
f 4722/4722/4722 4656/4656/4656 4655/4655/4655
f 4717/4717/4717 4662/4662/4662 4661/4661/4661
f 4716/4716/4716 4664/4664/4664 4663/4663/4663
f 4662/4662/4662 4717/4717/4717 4716/4716/4716
f 4716/4716/4716 4663/4663/4663 4662/4662/4662
f 4665/4665/4665 4715/4715/4715 4714/4714/4714
f 4714/4714/4714 4666/4666/4666 4665/4665/4665
f 4713/4713/4713 4668/4668/4668 4667/4667/4667
f 4714/4714/4714 4667/4667/4667 4666/4666/4666
f 4715/4715/4715 4665/4665/4665 4664/4664/4664
f 4712/4712/4712 4670/4670/4670 4669/4669/4669
f 4671/4671/4671 4711/4711/4711 4710/4710/4710
f 4710/4710/4710 4672/4672/4672 4671/4671/4671
f 4711/4711/4711 4671/4671/4671 4670/4670/4670
f 4709/4709/4709 4674/4674/4674 4673/4673/4673
f 4708/4708/4708 4676/4676/4676 4675/4675/4675
f 4674/4674/4674 4709/4709/4709 4708/4708/4708
f 4708/4708/4708 4675/4675/4675 4674/4674/4674
f 4710/4710/4710 4673/4673/4673 4672/4672/4672
f 4668/4668/4668 4713/4713/4713 4712/4712/4712
f 4712/4712/4712 4669/4669/4669 4668/4668/4668
f 4677/4677/4677 4707/4707/4707 4706/4706/4706
f 4706/4706/4706 4678/4678/4678 4677/4677/4677
f 4705/4705/4705 4680/4680/4680 4679/4679/4679
f 4706/4706/4706 4679/4679/4679 4678/4678/4678
f 4704/4704/4704 4682/4682/4682 4681/4681/4681
f 4683/4683/4683 4703/4703/4703 4702/4702/4702
f 4702/4702/4702 4684/4684/4684 4683/4683/4683
f 4703/4703/4703 4683/4683/4683 4682/4682/4682
f 4680/4680/4680 4705/4705/4705 4704/4704/4704
f 4704/4704/4704 4681/4681/4681 4680/4680/4680
f 4701/4701/4701 4686/4686/4686 4685/4685/4685
f 4700/4700/4700 4688/4688/4688 4687/4687/4687
f 4686/4686/4686 4701/4701/4701 4700/4700/4700
f 4700/4700/4700 4687/4687/4687 4686/4686/4686
f 4689/4689/4689 4699/4699/4699 4698/4698/4698
f 4698/4698/4698 4690/4690/4690 4689/4689/4689
f 4697/4697/4697 4692/4692/4692 4691/4691/4691
f 4698/4698/4698 4691/4691/4691 4690/4690/4690
f 4699/4699/4699 4689/4689/4689 4688/4688/4688
f 4702/4702/4702 4685/4685/4685 4684/4684/4684
f 4707/4707/4707 4677/4677/4677 4676/4676/4676
f 4717/4717/4717 4661/4661/4661 4718/4718/4718
f 4715/4715/4715 4664/4664/4664 4716/4716/4716
f 4713/4713/4713 4667/4667/4667 4714/4714/4714
f 4711/4711/4711 4670/4670/4670 4712/4712/4712
f 4709/4709/4709 4673/4673/4673 4710/4710/4710
f 4707/4707/4707 4676/4676/4676 4708/4708/4708
f 4705/4705/4705 4679/4679/4679 4706/4706/4706
f 4703/4703/4703 4682/4682/4682 4704/4704/4704
f 4744/4744/4744 4694/4694/4694 4693/4693/4693
f 4696/4696/4696 4744/4744/4744 4693/4693/4693
f 4746/4746/4746 4694/4694/4694 4744/4744/4744
f 4745/4745/4745 4744/4744/4744 4696/4696/4696
f 4743/4743/4743 4623/4623/4623 4746/4746/4746
f 4694/4694/4694 4746/4746/4746 4623/4623/4623
f 4624/4624/4624 4743/4743/4743 4747/4747/4747
f 4746/4746/4746 4747/4747/4747 4743/4743/4743
f 4695/4695/4695 4747/4747/4747 4745/4745/4745
f 4701/4701/4701 4685/4685/4685 4702/4702/4702
f 4699/4699/4699 4688/4688/4688 4700/4700/4700
f 4697/4697/4697 4691/4691/4691 4698/4698/4698
f 4745/4745/4745 4696/4696/4696 4695/4695/4695
f 4747/4747/4747 4695/4695/4695 4624/4624/4624
f 4696/4696/4696 4693/4693/4693 4692/4692/4692
f 4692/4692/4692 4697/4697/4697 4696/4696/4696
f 4660/4660/4660 4718/4718/4718 4661/4661/4661
f 4877/4877/4877 4876/4876/4876 4874/4874/4874
f 4874/4874/4874 4875/4875/4875 4877/4877/4877
f 4824/4824/4824 4754/4754/4754 4749/4749/4749
f 4872/4872/4872 4756/4756/4756 4755/4755/4755
f 4873/4873/4873 4755/4755/4755 4754/4754/4754
f 4871/4871/4871 4758/4758/4758 4757/4757/4757
f 4759/4759/4759 4870/4870/4870 4869/4869/4869
f 4869/4869/4869 4760/4760/4760 4759/4759/4759
f 4870/4870/4870 4759/4759/4759 4758/4758/4758
f 4756/4756/4756 4872/4872/4872 4871/4871/4871
f 4871/4871/4871 4757/4757/4757 4756/4756/4756
f 4868/4868/4868 4762/4762/4762 4761/4761/4761
f 4867/4867/4867 4764/4764/4764 4763/4763/4763
f 4762/4762/4762 4868/4868/4868 4867/4867/4867
f 4867/4867/4867 4763/4763/4763 4762/4762/4762
f 4765/4765/4765 4866/4866/4866 4865/4865/4865
f 4865/4865/4865 4766/4766/4766 4765/4765/4765
f 4864/4864/4864 4768/4768/4768 4767/4767/4767
f 4865/4865/4865 4767/4767/4767 4766/4766/4766
f 4866/4866/4866 4765/4765/4765 4764/4764/4764
f 4869/4869/4869 4761/4761/4761 4760/4760/4760
f 4863/4863/4863 4770/4770/4770 4769/4769/4769
f 4771/4771/4771 4862/4862/4862 4861/4861/4861
f 4861/4861/4861 4772/4772/4772 4771/4771/4771
f 4862/4862/4862 4771/4771/4771 4770/4770/4770
f 4860/4860/4860 4774/4774/4774 4773/4773/4773
f 4859/4859/4859 4776/4776/4776 4775/4775/4775
f 4774/4774/4774 4860/4860/4860 4859/4859/4859
f 4859/4859/4859 4775/4775/4775 4774/4774/4774
f 4861/4861/4861 4773/4773/4773 4772/4772/4772
f 4777/4777/4777 4858/4858/4858 4857/4857/4857
f 4857/4857/4857 4778/4778/4778 4777/4777/4777
f 4856/4856/4856 4780/4780/4780 4779/4779/4779
f 4857/4857/4857 4779/4779/4779 4778/4778/4778
f 4855/4855/4855 4782/4782/4782 4781/4781/4781
f 4783/4783/4783 4854/4854/4854 4853/4853/4853
f 4853/4853/4853 4784/4784/4784 4783/4783/4783
f 4854/4854/4854 4783/4783/4783 4782/4782/4782
f 4780/4780/4780 4856/4856/4856 4855/4855/4855
f 4855/4855/4855 4781/4781/4781 4780/4780/4780
f 4858/4858/4858 4777/4777/4777 4776/4776/4776
f 4768/4768/4768 4864/4864/4864 4863/4863/4863
f 4863/4863/4863 4769/4769/4769 4768/4768/4768
f 4873/4873/4873 4824/4824/4824 4750/4750/4750
f 4754/4754/4754 4824/4824/4824 4873/4873/4873
f 4755/4755/4755 4873/4873/4873 4872/4872/4872
f 4871/4871/4871 4870/4870/4870 4758/4758/4758
f 4761/4761/4761 4869/4869/4869 4868/4868/4868
f 4767/4767/4767 4865/4865/4865 4864/4864/4864
f 4867/4867/4867 4866/4866/4866 4764/4764/4764
f 4770/4770/4770 4863/4863/4863 4862/4862/4862
f 4773/4773/4773 4861/4861/4861 4860/4860/4860
f 4858/4858/4858 4776/4776/4776 4859/4859/4859
f 4786/4786/4786 4785/4785/4785 4852/4852/4852
f 4786/4786/4786 4852/4852/4852 4851/4851/4851
f 4851/4851/4851 4787/4787/4787 4786/4786/4786
f 4751/4751/4751 4788/4788/4788 4850/4850/4850
f 4788/4788/4788 4787/4787/4787 4851/4851/4851
f 4751/4751/4751 4850/4850/4850 4849/4849/4849
f 4849/4849/4849 4789/4789/4789 4751/4751/4751
f 4856/4856/4856 4779/4779/4779 4857/4857/4857
f 4854/4854/4854 4782/4782/4782 4855/4855/4855
f 4785/4785/4785 4853/4853/4853 4852/4852/4852
f 4788/4788/4788 4851/4851/4851 4850/4850/4850
f 4853/4853/4853 4785/4785/4785 4784/4784/4784
f 4848/4848/4848 4791/4791/4791 4790/4790/4790
f 4847/4847/4847 4793/4793/4793 4792/4792/4792
f 4791/4791/4791 4848/4848/4848 4847/4847/4847
f 4847/4847/4847 4792/4792/4792 4791/4791/4791
f 4794/4794/4794 4846/4846/4846 4845/4845/4845
f 4845/4845/4845 4795/4795/4795 4794/4794/4794
f 4844/4844/4844 4797/4797/4797 4796/4796/4796
f 4845/4845/4845 4796/4796/4796 4795/4795/4795
f 4846/4846/4846 4794/4794/4794 4793/4793/4793
f 4843/4843/4843 4799/4799/4799 4798/4798/4798
f 4800/4800/4800 4842/4842/4842 4841/4841/4841
f 4841/4841/4841 4801/4801/4801 4800/4800/4800
f 4842/4842/4842 4800/4800/4800 4799/4799/4799
f 4840/4840/4840 4803/4803/4803 4802/4802/4802
f 4839/4839/4839 4805/4805/4805 4804/4804/4804
f 4803/4803/4803 4840/4840/4840 4839/4839/4839
f 4839/4839/4839 4804/4804/4804 4803/4803/4803
f 4841/4841/4841 4802/4802/4802 4801/4801/4801
f 4797/4797/4797 4844/4844/4844 4843/4843/4843
f 4843/4843/4843 4798/4798/4798 4797/4797/4797
f 4806/4806/4806 4838/4838/4838 4837/4837/4837
f 4837/4837/4837 4807/4807/4807 4806/4806/4806
f 4836/4836/4836 4809/4809/4809 4808/4808/4808
f 4837/4837/4837 4808/4808/4808 4807/4807/4807
f 4835/4835/4835 4811/4811/4811 4810/4810/4810
f 4812/4812/4812 4834/4834/4834 4833/4833/4833
f 4833/4833/4833 4813/4813/4813 4812/4812/4812
f 4834/4834/4834 4812/4812/4812 4811/4811/4811
f 4809/4809/4809 4836/4836/4836 4835/4835/4835
f 4835/4835/4835 4810/4810/4810 4809/4809/4809
f 4832/4832/4832 4815/4815/4815 4814/4814/4814
f 4831/4831/4831 4817/4817/4817 4816/4816/4816
f 4815/4815/4815 4832/4832/4832 4831/4831/4831
f 4831/4831/4831 4816/4816/4816 4815/4815/4815
f 4818/4818/4818 4830/4830/4830 4829/4829/4829
f 4829/4829/4829 4819/4819/4819 4818/4818/4818
f 4828/4828/4828 4821/4821/4821 4820/4820/4820
f 4829/4829/4829 4820/4820/4820 4819/4819/4819
f 4830/4830/4830 4818/4818/4818 4817/4817/4817
f 4833/4833/4833 4814/4814/4814 4813/4813/4813
f 4838/4838/4838 4806/4806/4806 4805/4805/4805
f 4848/4848/4848 4790/4790/4790 4849/4849/4849
f 4846/4846/4846 4793/4793/4793 4847/4847/4847
f 4844/4844/4844 4796/4796/4796 4845/4845/4845
f 4842/4842/4842 4799/4799/4799 4843/4843/4843
f 4840/4840/4840 4802/4802/4802 4841/4841/4841
f 4838/4838/4838 4805/4805/4805 4839/4839/4839
f 4836/4836/4836 4808/4808/4808 4837/4837/4837
f 4834/4834/4834 4811/4811/4811 4835/4835/4835
f 4874/4874/4874 4823/4823/4823 4822/4822/4822
f 4827/4827/4827 4874/4874/4874 4822/4822/4822
f 4876/4876/4876 4823/4823/4823 4874/4874/4874
f 4875/4875/4875 4874/4874/4874 4827/4827/4827
f 4825/4825/4825 4752/4752/4752 4876/4876/4876
f 4823/4823/4823 4876/4876/4876 4752/4752/4752
f 4753/4753/4753 4825/4825/4825 4877/4877/4877
f 4876/4876/4876 4877/4877/4877 4825/4825/4825
f 4826/4826/4826 4877/4877/4877 4875/4875/4875
f 4832/4832/4832 4814/4814/4814 4833/4833/4833
f 4830/4830/4830 4817/4817/4817 4831/4831/4831
f 4828/4828/4828 4820/4820/4820 4829/4829/4829
f 4875/4875/4875 4827/4827/4827 4826/4826/4826
f 4877/4877/4877 4826/4826/4826 4753/4753/4753
f 4827/4827/4827 4822/4822/4822 4821/4821/4821
f 4821/4821/4821 4828/4828/4828 4827/4827/4827
f 4789/4789/4789 4849/4849/4849 4790/4790/4790
f 4969/4969/4969 5025/5025/5025 4970/4970/4970
f 4971/4971/4971 4970/4970/4970 5024/5024/5024
f 5025/5025/5025 5024/5024/5024 4970/4970/4970
f 5023/5023/5023 4971/4971/4971 5024/5024/5024
f 4969/4969/4969 5026/5026/5026 5025/5025/5025
f 4966/4966/4966 5028/5028/5028 5027/5027/5027
f 4965/4965/4965 5028/5028/5028 4966/4966/4966
f 4967/4967/4967 4966/4966/4966 5027/5027/5027
f 4968/4968/4968 5026/5026/5026 4969/4969/4969
f 4967/4967/4967 5026/5026/5026 4968/4968/4968
f 4967/4967/4967 5027/5027/5027 5026/5026/5026
f 5021/5021/5021 5020/5020/5020 4974/4974/4974
f 4976/4976/4976 5019/5019/5019 4977/4977/4977
f 5019/5019/5019 4975/4975/4975 5020/5020/5020
f 4928/4928/4928 4977/4977/4977 5019/5019/5019
f 4973/4973/4973 5022/5022/5022 5021/5021/5021
f 5022/5022/5022 4973/4973/4973 4972/4972/4972
f 4971/4971/4971 5023/5023/5023 4972/4972/4972
f 5021/5021/5021 4974/4974/4974 4973/4973/4973
f 4975/4975/4975 5019/5019/5019 4976/4976/4976
f 4974/4974/4974 5020/5020/5020 4975/4975/4975
f 5023/5023/5023 5022/5022/5022 4972/4972/4972
f 4957/4957/4957 5036/5036/5036 5035/5035/5035
f 5034/5034/5034 5033/5033/5033 4959/4959/4959
f 5034/5034/5034 4958/4958/4958 5035/5035/5035
f 5035/5035/5035 4958/4958/4958 4957/4957/4957
f 4957/4957/4957 4956/4956/4956 5036/5036/5036
f 5038/5038/5038 5037/5037/5037 4955/4955/4955
f 5039/5039/5039 5038/5038/5038 4954/4954/4954
f 5037/5037/5037 4956/4956/4956 4955/4955/4955
f 5038/5038/5038 4955/4955/4955 4954/4954/4954
f 5036/5036/5036 4956/4956/4956 5037/5037/5037
f 4963/4963/4963 5031/5031/5031 5030/5030/5030
f 4962/4962/4962 5031/5031/5031 4963/4963/4963
f 4964/4964/4964 4963/4963/4963 5030/5030/5030
f 4965/4965/4965 4964/4964/4964 5029/5029/5029
f 5030/5030/5030 5029/5029/5029 4964/4964/4964
f 5028/5028/5028 4965/4965/4965 5029/5029/5029
f 5033/5033/5033 4960/4960/4960 4959/4959/4959
f 4958/4958/4958 5034/5034/5034 4959/4959/4959
f 5033/5033/5033 4961/4961/4961 4960/4960/4960
f 5032/5032/5032 4962/4962/4962 4961/4961/4961
f 5033/5033/5033 5032/5032/5032 4961/4961/4961
f 5031/5031/5031 4962/4962/4962 5032/5032/5032
f 4880/4880/4880 5018/5018/5018 5017/5017/5017
f 5015/5015/5015 4882/4882/4882 5016/5016/5016
f 5016/5016/5016 4881/4881/4881 5017/5017/5017
f 4928/4928/4928 5018/5018/5018 4879/4879/4879
f 5018/5018/5018 4880/4880/4880 4879/4879/4879
f 4928/4928/4928 4879/4879/4879 4878/4878/4878
f 5015/5015/5015 4883/4883/4883 4882/4882/4882
f 5016/5016/5016 4882/4882/4882 4881/4881/4881
f 5017/5017/5017 4881/4881/4881 4880/4880/4880
f 4878/4878/4878 4977/4977/4977 4928/4928/4928
f 5014/5014/5014 4883/4883/4883 5015/5015/5015
f 4884/4884/4884 5014/5014/5014 5013/5013/5013
f 4883/4883/4883 5014/5014/5014 4884/4884/4884
f 4885/4885/4885 4884/4884/4884 5013/5013/5013
f 5013/5013/5013 5012/5012/5012 4885/4885/4885
f 4887/4887/4887 5012/5012/5012 5011/5011/5011
f 4886/4886/4886 4885/4885/4885 5012/5012/5012
f 5011/5011/5011 5010/5010/5010 4888/4888/4888
f 4887/4887/4887 5011/5011/5011 4888/4888/4888
f 5009/5009/5009 4889/4889/4889 5010/5010/5010
f 4888/4888/4888 5010/5010/5010 4889/4889/4889
f 4890/4890/4890 4889/4889/4889 5009/5009/5009
f 4886/4886/4886 5012/5012/5012 4887/4887/4887
f 5008/5008/5008 4891/4891/4891 4890/4890/4890
f 5008/5008/5008 5007/5007/5007 4891/4891/4891
f 4892/4892/4892 4891/4891/4891 5007/5007/5007
f 5006/5006/5006 4892/4892/4892 5007/5007/5007
f 5009/5009/5009 5008/5008/5008 4890/4890/4890
f 4893/4893/4893 5006/5006/5006 5005/5005/5005
f 4892/4892/4892 5006/5006/5006 4893/4893/4893
f 4894/4894/4894 4893/4893/4893 5005/5005/5005
f 4895/4895/4895 5005/5005/5005 5004/5004/5004
f 4894/4894/4894 5005/5005/5005 4895/4895/4895
f 4896/4896/4896 4895/4895/4895 5004/5004/5004
f 5003/5003/5003 4896/4896/4896 5004/5004/5004
f 4897/4897/4897 4896/4896/4896 5003/5003/5003
f 4898/4898/4898 4897/4897/4897 5002/5002/5002
f 5003/5003/5003 5002/5002/5002 4897/4897/4897
f 5001/5001/5001 4898/4898/4898 5002/5002/5002
f 5001/5001/5001 4899/4899/4899 4898/4898/4898
f 4999/4999/4999 4901/4901/4901 4900/4900/4900
f 5000/5000/5000 4900/4900/4900 4899/4899/4899
f 5000/5000/5000 4999/4999/4999 4900/4900/4900
f 4901/4901/4901 4999/4999/4999 4998/4998/4998
f 4902/4902/4902 4901/4901/4901 4998/4998/4998
f 5001/5001/5001 5000/5000/5000 4899/4899/4899
f 4953/4953/4953 5039/5039/5039 4954/4954/4954
f 4951/4951/4951 5041/5041/5041 5040/5040/5040
f 4952/4952/4952 5039/5039/5039 4953/4953/4953
f 5040/5040/5040 4952/4952/4952 4951/4951/4951
f 4951/4951/4951 4950/4950/4950 5041/5041/5041
f 5040/5040/5040 5039/5039/5039 4952/4952/4952
f 5043/5043/5043 5042/5042/5042 4949/4949/4949
f 5043/5043/5043 4949/4949/4949 4948/4948/4948
f 4950/4950/4950 4949/4949/4949 5042/5042/5042
f 5043/5043/5043 4948/4948/4948 5044/5044/5044
f 5045/5045/5045 5044/5044/5044 4947/4947/4947
f 5041/5041/5041 4950/4950/4950 5042/5042/5042
f 4947/4947/4947 5044/5044/5044 4948/4948/4948
f 4945/4945/4945 5046/5046/5046 4946/4946/4946
f 5045/5045/5045 4947/4947/4947 4946/4946/4946
f 4944/4944/4944 5046/5046/5046 4945/4945/4945
f 5045/5045/5045 4946/4946/4946 5046/5046/5046
f 5047/5047/5047 4944/4944/4944 4943/4943/4943
f 5046/5046/5046 4944/4944/4944 5047/5047/5047
f 5048/5048/5048 5047/5047/5047 4943/4943/4943
f 5048/5048/5048 4943/4943/4943 4942/4942/4942
f 4942/4942/4942 4941/4941/4941 5049/5049/5049
f 5049/5049/5049 5048/5048/5048 4942/4942/4942
f 4941/4941/4941 4940/4940/4940 5050/5050/5050
f 4939/4939/4939 5051/5051/5051 4940/4940/4940
f 5050/5050/5050 4940/4940/4940 5051/5051/5051
f 5052/5052/5052 5051/5051/5051 4939/4939/4939
f 5049/5049/5049 4941/4941/4941 5050/5050/5050
f 5053/5053/5053 5052/5052/5052 4938/4938/4938
f 4939/4939/4939 4938/4938/4938 5052/5052/5052
f 4937/4937/4937 5053/5053/5053 4938/4938/4938
f 4937/4937/4937 4936/4936/4936 5053/5053/5053
f 5054/5054/5054 5053/5053/5053 4936/4936/4936
f 4935/4935/4935 5054/5054/5054 4936/4936/4936
f 4934/4934/4934 5055/5055/5055 4935/4935/4935
f 5054/5054/5054 4935/4935/4935 5055/5055/5055
f 5056/5056/5056 4934/4934/4934 4933/4933/4933
f 4933/4933/4933 4932/4932/4932 5057/5057/5057
f 4932/4932/4932 4931/4931/4931 5058/5058/5058
f 4934/4934/4934 5056/5056/5056 5055/5055/5055
f 4932/4932/4932 5058/5058/5058 5057/5057/5057
f 4931/4931/4931 5059/5059/5059 5058/5058/5058
f 4929/4929/4929 4930/4930/4930 4927/4927/4927
f 5059/5059/5059 4931/4931/4931 4930/4930/4930
f 5059/5059/5059 4930/4930/4930 4929/4929/4929
f 5056/5056/5056 4933/4933/4933 5057/5057/5057
f 4991/4991/4991 4911/4911/4911 4910/4910/4910
f 4909/4909/4909 4908/4908/4908 4992/4992/4992
f 4909/4909/4909 4992/4992/4992 4910/4910/4910
f 4910/4910/4910 4992/4992/4992 4991/4991/4991
f 4991/4991/4991 4990/4990/4990 4911/4911/4911
f 4988/4988/4988 4914/4914/4914 4913/4913/4913
f 4987/4987/4987 4914/4914/4914 4988/4988/4988
f 4989/4989/4989 4988/4988/4988 4913/4913/4913
f 4989/4989/4989 4912/4912/4912 4990/4990/4990
f 4911/4911/4911 4990/4990/4990 4912/4912/4912
f 4913/4913/4913 4912/4912/4912 4989/4989/4989
f 4996/4996/4996 4905/4905/4905 4904/4904/4904
f 4997/4997/4997 4904/4904/4904 4903/4903/4903
f 4998/4998/4998 4997/4997/4997 4903/4903/4903
f 4996/4996/4996 4904/4904/4904 4997/4997/4997
f 4996/4996/4996 4995/4995/4995 4905/4905/4905
f 4998/4998/4998 4903/4903/4903 4902/4902/4902
f 4907/4907/4907 4906/4906/4906 4994/4994/4994
f 4992/4992/4992 4908/4908/4908 4993/4993/4993
f 4993/4993/4993 4908/4908/4908 4907/4907/4907
f 4995/4995/4995 4994/4994/4994 4906/4906/4906
f 4993/4993/4993 4907/4907/4907 4994/4994/4994
f 4905/4905/4905 4995/4995/4995 4906/4906/4906
f 4978/4978/4978 4925/4925/4925 4924/4924/4924
f 4980/4980/4980 4923/4923/4923 4922/4922/4922
f 4981/4981/4981 4922/4922/4922 4921/4921/4921
f 4923/4923/4923 4979/4979/4979 4924/4924/4924
f 4978/4978/4978 4929/4929/4929 4926/4926/4926
f 4927/4927/4927 4926/4926/4926 4929/4929/4929
f 4924/4924/4924 4979/4979/4979 4978/4978/4978
f 4922/4922/4922 4981/4981/4981 4980/4980/4980
f 4980/4980/4980 4979/4979/4979 4923/4923/4923
f 4925/4925/4925 4978/4978/4978 4926/4926/4926
f 4982/4982/4982 4981/4981/4981 4921/4921/4921
f 4917/4917/4917 4916/4916/4916 4985/4985/4985
f 4985/4985/4985 4916/4916/4916 4986/4986/4986
f 4987/4987/4987 4986/4986/4986 4915/4915/4915
f 4916/4916/4916 4915/4915/4915 4986/4986/4986
f 4914/4914/4914 4987/4987/4987 4915/4915/4915
f 4985/4985/4985 4918/4918/4918 4917/4917/4917
f 4920/4920/4920 4919/4919/4919 4983/4983/4983
f 4921/4921/4921 4920/4920/4920 4982/4982/4982
f 4982/4982/4982 4920/4920/4920 4983/4983/4983
f 4918/4918/4918 4985/4985/4985 4984/4984/4984
f 4983/4983/4983 4919/4919/4919 4984/4984/4984
f 4919/4919/4919 4918/4918/4918 4984/4984/4984
f 5147/5147/5147 5060/5060/5060 5107/5107/5107
f 5147/5147/5147 5107/5107/5107 5108/5108/5108
f 5148/5148/5148 5109/5109/5109 5110/5110/5110
f 5149/5149/5149 5111/5111/5111 5112/5112/5112
f 5110/5110/5110 5111/5111/5111 5149/5149/5149
f 5149/5149/5149 5148/5148/5148 5110/5110/5110
f 5147/5147/5147 5108/5108/5108 5109/5109/5109
f 5147/5147/5147 5148/5148/5148 5104/5104/5104
f 5104/5104/5104 5105/5105/5105 5147/5147/5147
f 5148/5148/5148 5147/5147/5147 5109/5109/5109
f 5148/5148/5148 5149/5149/5149 5102/5102/5102
f 5102/5102/5102 5103/5103/5103 5148/5148/5148
f 5113/5113/5113 5114/5114/5114 5150/5150/5150
f 5150/5150/5150 5151/5151/5151 5113/5113/5113
f 5151/5151/5151 5150/5150/5150 5099/5099/5099
f 5099/5099/5099 5100/5100/5100 5151/5151/5151
f 5114/5114/5114 5115/5115/5115 5152/5152/5152
f 5152/5152/5152 5150/5150/5150 5114/5114/5114
f 5151/5151/5151 5149/5149/5149 5112/5112/5112
f 5112/5112/5112 5113/5113/5113 5151/5151/5151
f 5149/5149/5149 5151/5151/5151 5100/5100/5100
f 5100/5100/5100 5101/5101/5101 5149/5149/5149
f 5061/5061/5061 5060/5060/5060 5147/5147/5147
f 5152/5152/5152 5115/5115/5115 5116/5116/5116
f 5153/5153/5153 5116/5116/5116 5117/5117/5117
f 5117/5117/5117 5118/5118/5118 5154/5154/5154
f 5154/5154/5154 5153/5153/5153 5117/5117/5117
f 5120/5120/5120 5155/5155/5155 5119/5119/5119
f 5118/5118/5118 5119/5119/5119 5155/5155/5155
f 5155/5155/5155 5154/5154/5154 5118/5118/5118
f 5121/5121/5121 5122/5122/5122 5156/5156/5156
f 5156/5156/5156 5157/5157/5157 5121/5121/5121
f 5152/5152/5152 5153/5153/5153 5096/5096/5096
f 5096/5096/5096 5097/5097/5097 5152/5152/5152
f 5153/5153/5153 5152/5152/5152 5116/5116/5116
f 5122/5122/5122 5123/5123/5123 5158/5158/5158
f 5158/5158/5158 5156/5156/5156 5122/5122/5122
f 5120/5120/5120 5121/5121/5121 5157/5157/5157
f 5123/5123/5123 5124/5124/5124 5159/5159/5159
f 5159/5159/5159 5158/5158/5158 5123/5123/5123
f 5126/5126/5126 5160/5160/5160 5125/5125/5125
f 5125/5125/5125 5159/5159/5159 5124/5124/5124
f 5161/5161/5161 5160/5160/5160 5126/5126/5126
f 5126/5126/5126 5062/5062/5062 5161/5161/5161
f 5150/5150/5150 5152/5152/5152 5098/5098/5098
f 5098/5098/5098 5099/5099/5099 5150/5150/5150
f 5106/5106/5106 5061/5061/5061 5147/5147/5147
f 5105/5105/5105 5106/5106/5106 5147/5147/5147
f 5104/5104/5104 5148/5148/5148 5103/5103/5103
f 5149/5149/5149 5101/5101/5101 5102/5102/5102
f 5153/5153/5153 5154/5154/5154 5095/5095/5095
f 5095/5095/5095 5096/5096/5096 5153/5153/5153
f 5097/5097/5097 5098/5098/5098 5152/5152/5152
f 5095/5095/5095 5154/5154/5154 5094/5094/5094
f 5155/5155/5155 5093/5093/5093 5094/5094/5094
f 5154/5154/5154 5155/5155/5155 5094/5094/5094
f 5120/5120/5120 5157/5157/5157 5155/5155/5155
f 5155/5155/5155 5157/5157/5157 5092/5092/5092
f 5092/5092/5092 5093/5093/5093 5155/5155/5155
f 5157/5157/5157 5156/5156/5156 5091/5091/5091
f 5091/5091/5091 5092/5092/5092 5157/5157/5157
f 5158/5158/5158 5159/5159/5159 5088/5088/5088
f 5088/5088/5088 5089/5089/5089 5158/5158/5158
f 5125/5125/5125 5160/5160/5160 5159/5159/5159
f 5156/5156/5156 5158/5158/5158 5090/5090/5090
f 5090/5090/5090 5091/5091/5091 5156/5156/5156
f 5159/5159/5159 5160/5160/5160 5087/5087/5087
f 5087/5087/5087 5088/5088/5088 5159/5159/5159
f 5086/5086/5086 5087/5087/5087 5160/5160/5160
f 5160/5160/5160 5161/5161/5161 5086/5086/5086
f 5089/5089/5089 5090/5090/5090 5158/5158/5158
f 5162/5162/5162 5127/5127/5127 5128/5128/5128
f 5163/5163/5163 5128/5128/5128 5129/5129/5129
f 5130/5130/5130 5131/5131/5131 5164/5164/5164
f 5164/5164/5164 5165/5165/5165 5130/5130/5130
f 5166/5166/5166 5132/5132/5132 5133/5133/5133
f 5164/5164/5164 5131/5131/5131 5132/5132/5132
f 5129/5129/5129 5130/5130/5130 5165/5165/5165
f 5165/5165/5165 5163/5163/5163 5129/5129/5129
f 5161/5161/5161 5162/5162/5162 5084/5084/5084
f 5084/5084/5084 5085/5085/5085 5161/5161/5161
f 5162/5162/5162 5161/5161/5161 5062/5062/5062
f 5062/5062/5062 5127/5127/5127 5162/5162/5162
f 5163/5163/5163 5162/5162/5162 5128/5128/5128
f 5162/5162/5162 5163/5163/5163 5083/5083/5083
f 5083/5083/5083 5084/5084/5084 5162/5162/5162
f 5164/5164/5164 5166/5166/5166 5079/5079/5079
f 5079/5079/5079 5080/5080/5080 5164/5164/5164
f 5166/5166/5166 5164/5164/5164 5132/5132/5132
f 5133/5133/5133 5134/5134/5134 5167/5167/5167
f 5167/5167/5167 5166/5166/5166 5133/5133/5133
f 5165/5165/5165 5164/5164/5164 5080/5080/5080
f 5080/5080/5080 5081/5081/5081 5165/5165/5165
f 5163/5163/5163 5165/5165/5165 5081/5081/5081
f 5081/5081/5081 5082/5082/5082 5163/5163/5163
f 5168/5168/5168 5135/5135/5135 5136/5136/5136
f 5169/5169/5169 5168/5168/5168 5136/5136/5136
f 5137/5137/5137 5138/5138/5138 5170/5170/5170
f 5170/5170/5170 5169/5169/5169 5137/5137/5137
f 5140/5140/5140 5171/5171/5171 5139/5139/5139
f 5138/5138/5138 5139/5139/5139 5171/5171/5171
f 5171/5171/5171 5170/5170/5170 5138/5138/5138
f 5137/5137/5137 5169/5169/5169 5136/5136/5136
f 5141/5141/5141 5142/5142/5142 5172/5172/5172
f 5172/5172/5172 5173/5173/5173 5141/5141/5141
f 5167/5167/5167 5168/5168/5168 5076/5076/5076
f 5076/5076/5076 5077/5077/5077 5167/5167/5167
f 5168/5168/5168 5167/5167/5167 5134/5134/5134
f 5134/5134/5134 5135/5135/5135 5168/5168/5168
f 5142/5142/5142 5143/5143/5143 5174/5174/5174
f 5174/5174/5174 5172/5172/5172 5142/5142/5142
f 5140/5140/5140 5141/5141/5141 5173/5173/5173
f 5143/5143/5143 5144/5144/5144 5175/5175/5175
f 5175/5175/5175 5174/5174/5174 5143/5143/5143
f 5146/5146/5146 5176/5176/5176 5145/5145/5145
f 5145/5145/5145 5175/5175/5175 5144/5144/5144
f 5063/5063/5063 5176/5176/5176 5146/5146/5146
f 5166/5166/5166 5167/5167/5167 5077/5077/5077
f 5077/5077/5077 5078/5078/5078 5166/5166/5166
f 5169/5169/5169 5170/5170/5170 5073/5073/5073
f 5073/5073/5073 5074/5074/5074 5169/5169/5169
f 5163/5163/5163 5082/5082/5082 5083/5083/5083
f 5168/5168/5168 5169/5169/5169 5075/5075/5075
f 5075/5075/5075 5076/5076/5076 5168/5168/5168
f 5079/5079/5079 5166/5166/5166 5078/5078/5078
f 5074/5074/5074 5075/5075/5075 5169/5169/5169
f 5170/5170/5170 5171/5171/5171 5072/5072/5072
f 5072/5072/5072 5073/5073/5073 5170/5170/5170
f 5071/5071/5071 5072/5072/5072 5171/5171/5171
f 5171/5171/5171 5173/5173/5173 5071/5071/5071
f 5140/5140/5140 5173/5173/5173 5171/5171/5171
f 5173/5173/5173 5172/5172/5172 5069/5069/5069
f 5069/5069/5069 5070/5070/5070 5173/5173/5173
f 5174/5174/5174 5175/5175/5175 5067/5067/5067
f 5067/5067/5067 5068/5068/5068 5174/5174/5174
f 5145/5145/5145 5176/5176/5176 5175/5175/5175
f 5172/5172/5172 5174/5174/5174 5068/5068/5068
f 5068/5068/5068 5069/5069/5069 5172/5172/5172
f 5175/5175/5175 5176/5176/5176 5065/5065/5065
f 5065/5065/5065 5066/5066/5066 5175/5175/5175
f 5173/5173/5173 5070/5070/5070 5071/5071/5071
f 5175/5175/5175 5066/5066/5066 5067/5067/5067
f 5176/5176/5176 5064/5064/5064 5065/5065/5065
f 5064/5064/5064 5176/5176/5176 5063/5063/5063
f 5086/5086/5086 5161/5161/5161 5085/5085/5085
f 5177/5177/5177 5183/5183/5183 5284/5284/5284
f 5284/5284/5284 5178/5178/5178 5177/5177/5177
f 5183/5183/5183 5184/5184/5184 5282/5282/5282
f 5282/5282/5282 5283/5283/5283 5183/5183/5183
f 5280/5280/5280 5281/5281/5281 5185/5185/5185
f 5185/5185/5185 5186/5186/5186 5279/5279/5279
f 5279/5279/5279 5280/5280/5280 5185/5185/5185
f 5184/5184/5184 5185/5185/5185 5281/5281/5281
f 5281/5281/5281 5282/5282/5282 5184/5184/5184
f 5283/5283/5283 5284/5284/5284 5183/5183/5183
f 5187/5187/5187 5188/5188/5188 5276/5276/5276
f 5276/5276/5276 5277/5277/5277 5187/5187/5187
f 5188/5188/5188 5189/5189/5189 5275/5275/5275
f 5275/5275/5275 5276/5276/5276 5188/5188/5188
f 5186/5186/5186 5187/5187/5187 5278/5278/5278
f 5278/5278/5278 5279/5279/5279 5186/5186/5186
f 5189/5189/5189 5190/5190/5190 5273/5273/5273
f 5273/5273/5273 5274/5274/5274 5189/5189/5189
f 5190/5190/5190 5191/5191/5191 5272/5272/5272
f 5272/5272/5272 5273/5273/5273 5190/5190/5190
f 5192/5192/5192 5193/5193/5193 5269/5269/5269
f 5269/5269/5269 5270/5270/5270 5192/5192/5192
f 5194/5194/5194 5195/5195/5195 5265/5265/5265
f 5265/5265/5265 5266/5266/5266 5194/5194/5194
f 5193/5193/5193 5194/5194/5194 5267/5267/5267
f 5267/5267/5267 5268/5268/5268 5193/5193/5193
f 5191/5191/5191 5192/5192/5192 5270/5270/5270
f 5270/5270/5270 5271/5271/5271 5191/5191/5191
f 5196/5196/5196 5197/5197/5197 5262/5262/5262
f 5262/5262/5262 5263/5263/5263 5196/5196/5196
f 5197/5197/5197 5198/5198/5198 5261/5261/5261
f 5261/5261/5261 5262/5262/5262 5197/5197/5197
f 5199/5199/5199 5200/5200/5200 5258/5258/5258
f 5258/5258/5258 5259/5259/5259 5199/5199/5199
f 5201/5201/5201 5202/5202/5202 5255/5255/5255
f 5255/5255/5255 5256/5256/5256 5201/5201/5201
f 5200/5200/5200 5201/5201/5201 5256/5256/5256
f 5256/5256/5256 5257/5257/5257 5200/5200/5200
f 5198/5198/5198 5199/5199/5199 5259/5259/5259
f 5259/5259/5259 5260/5260/5260 5198/5198/5198
f 5195/5195/5195 5196/5196/5196 5264/5264/5264
f 5264/5264/5264 5265/5265/5265 5195/5195/5195
f 5202/5202/5202 5179/5179/5179 5180/5180/5180
f 5180/5180/5180 5254/5254/5254 5202/5202/5202
f 5277/5277/5277 5278/5278/5278 5187/5187/5187
f 5193/5193/5193 5268/5268/5268 5269/5269/5269
f 5271/5271/5271 5272/5272/5272 5191/5191/5191
f 5274/5274/5274 5275/5275/5275 5189/5189/5189
f 5194/5194/5194 5266/5266/5266 5267/5267/5267
f 5196/5196/5196 5263/5263/5263 5264/5264/5264
f 5202/5202/5202 5254/5254/5254 5255/5255/5255
f 5257/5257/5257 5258/5258/5258 5200/5200/5200
f 5260/5260/5260 5261/5261/5261 5198/5198/5198
f 5203/5203/5203 5204/5204/5204 5251/5251/5251
f 5251/5251/5251 5252/5252/5252 5203/5203/5203
f 5204/5204/5204 5205/5205/5205 5250/5250/5250
f 5250/5250/5250 5251/5251/5251 5204/5204/5204
f 5248/5248/5248 5249/5249/5249 5205/5205/5205
f 5205/5205/5205 5206/5206/5206 5248/5248/5248
f 5206/5206/5206 5207/5207/5207 5247/5247/5247
f 5247/5247/5247 5248/5248/5248 5206/5206/5206
f 5180/5180/5180 5179/5179/5179 5253/5253/5253
f 5252/5252/5252 5253/5253/5253 5203/5203/5203
f 5249/5249/5249 5250/5250/5250 5205/5205/5205
f 5208/5208/5208 5209/5209/5209 5244/5244/5244
f 5244/5244/5244 5245/5245/5245 5208/5208/5208
f 5207/5207/5207 5208/5208/5208 5245/5245/5245
f 5245/5245/5245 5246/5246/5246 5207/5207/5207
f 5203/5203/5203 5253/5253/5253 5179/5179/5179
f 5209/5209/5209 5210/5210/5210 5242/5242/5242
f 5242/5242/5242 5243/5243/5243 5209/5209/5209
f 5210/5210/5210 5211/5211/5211 5241/5241/5241
f 5241/5241/5241 5242/5242/5242 5210/5210/5210
f 5212/5212/5212 5213/5213/5213 5237/5237/5237
f 5237/5237/5237 5238/5238/5238 5212/5212/5212
f 5214/5214/5214 5215/5215/5215 5234/5234/5234
f 5234/5234/5234 5235/5235/5235 5214/5214/5214
f 5213/5213/5213 5214/5214/5214 5236/5236/5236
f 5236/5236/5236 5237/5237/5237 5213/5213/5213
f 5211/5211/5211 5212/5212/5212 5239/5239/5239
f 5239/5239/5239 5240/5240/5240 5211/5211/5211
f 5216/5216/5216 5217/5217/5217 5231/5231/5231
f 5231/5231/5231 5232/5232/5232 5216/5216/5216
f 5217/5217/5217 5218/5218/5218 5230/5230/5230
f 5230/5230/5230 5231/5231/5231 5217/5217/5217
f 5219/5219/5219 5220/5220/5220 5227/5227/5227
f 5227/5227/5227 5228/5228/5228 5219/5219/5219
f 5221/5221/5221 5222/5222/5222 5224/5224/5224
f 5224/5224/5224 5225/5225/5225 5221/5221/5221
f 5220/5220/5220 5221/5221/5221 5225/5225/5225
f 5225/5225/5225 5226/5226/5226 5220/5220/5220
f 5218/5218/5218 5219/5219/5219 5228/5228/5228
f 5228/5228/5228 5229/5229/5229 5218/5218/5218
f 5215/5215/5215 5216/5216/5216 5233/5233/5233
f 5233/5233/5233 5234/5234/5234 5215/5215/5215
f 5222/5222/5222 5181/5181/5181 5182/5182/5182
f 5182/5182/5182 5223/5223/5223 5222/5222/5222
f 5207/5207/5207 5246/5246/5246 5247/5247/5247
f 5209/5209/5209 5243/5243/5243 5244/5244/5244
f 5211/5211/5211 5240/5240/5240 5241/5241/5241
f 5212/5212/5212 5238/5238/5238 5239/5239/5239
f 5218/5218/5218 5229/5229/5229 5230/5230/5230
f 5232/5232/5232 5233/5233/5233 5216/5216/5216
f 5220/5220/5220 5226/5226/5226 5227/5227/5227
f 5223/5223/5223 5224/5224/5224 5222/5222/5222
f 5235/5235/5235 5236/5236/5236 5214/5214/5214
f 5451/5451/5451 5455/5455/5455 5454/5454/5454
f 5454/5454/5454 5287/5287/5287 5451/5451/5451
f 5453/5453/5453 5451/5451/5451 5287/5287/5287
f 5287/5287/5287 5452/5452/5452 5453/5453/5453
f 5448/5448/5448 5453/5453/5453 5452/5452/5452
f 5452/5452/5452 5288/5288/5288 5448/5448/5448
f 5450/5450/5450 5448/5448/5448 5288/5288/5288
f 5288/5288/5288 5449/5449/5449 5450/5450/5450
f 5445/5445/5445 5450/5450/5450 5449/5449/5449
f 5449/5449/5449 5289/5289/5289 5445/5445/5445
f 5447/5447/5447 5445/5445/5445 5289/5289/5289
f 5289/5289/5289 5446/5446/5446 5447/5447/5447
f 5442/5442/5442 5447/5447/5447 5446/5446/5446
f 5446/5446/5446 5290/5290/5290 5442/5442/5442
f 5444/5444/5444 5442/5442/5442 5290/5290/5290
f 5290/5290/5290 5443/5443/5443 5444/5444/5444
f 5439/5439/5439 5444/5444/5444 5443/5443/5443
f 5443/5443/5443 5291/5291/5291 5439/5439/5439
f 5441/5441/5441 5439/5439/5439 5291/5291/5291
f 5291/5291/5291 5440/5440/5440 5441/5441/5441
f 5436/5436/5436 5441/5441/5441 5440/5440/5440
f 5440/5440/5440 5292/5292/5292 5436/5436/5436
f 5438/5438/5438 5436/5436/5436 5292/5292/5292
f 5292/5292/5292 5437/5437/5437 5438/5438/5438
f 5433/5433/5433 5438/5438/5438 5437/5437/5437
f 5437/5437/5437 5293/5293/5293 5433/5433/5433
f 5435/5435/5435 5433/5433/5433 5293/5293/5293
f 5293/5293/5293 5434/5434/5434 5435/5435/5435
f 5430/5430/5430 5435/5435/5435 5434/5434/5434
f 5434/5434/5434 5294/5294/5294 5430/5430/5430
f 5432/5432/5432 5430/5430/5430 5294/5294/5294
f 5294/5294/5294 5431/5431/5431 5432/5432/5432
f 5427/5427/5427 5432/5432/5432 5431/5431/5431
f 5431/5431/5431 5295/5295/5295 5427/5427/5427
f 5429/5429/5429 5427/5427/5427 5295/5295/5295
f 5295/5295/5295 5428/5428/5428 5429/5429/5429
f 5424/5424/5424 5429/5429/5429 5428/5428/5428
f 5428/5428/5428 5296/5296/5296 5424/5424/5424
f 5426/5426/5426 5424/5424/5424 5296/5296/5296
f 5296/5296/5296 5425/5425/5425 5426/5426/5426
f 5421/5421/5421 5426/5426/5426 5425/5425/5425
f 5425/5425/5425 5297/5297/5297 5421/5421/5421
f 5423/5423/5423 5421/5421/5421 5297/5297/5297
f 5297/5297/5297 5422/5422/5422 5423/5423/5423
f 5418/5418/5418 5423/5423/5423 5422/5422/5422
f 5422/5422/5422 5298/5298/5298 5418/5418/5418
f 5420/5420/5420 5418/5418/5418 5298/5298/5298
f 5298/5298/5298 5419/5419/5419 5420/5420/5420
f 5415/5415/5415 5420/5420/5420 5419/5419/5419
f 5419/5419/5419 5299/5299/5299 5415/5415/5415
f 5417/5417/5417 5415/5415/5415 5299/5299/5299
f 5299/5299/5299 5416/5416/5416 5417/5417/5417
f 5412/5412/5412 5417/5417/5417 5416/5416/5416
f 5416/5416/5416 5300/5300/5300 5412/5412/5412
f 5414/5414/5414 5412/5412/5412 5300/5300/5300
f 5300/5300/5300 5413/5413/5413 5414/5414/5414
f 5409/5409/5409 5414/5414/5414 5413/5413/5413
f 5413/5413/5413 5301/5301/5301 5409/5409/5409
f 5411/5411/5411 5409/5409/5409 5301/5301/5301
f 5301/5301/5301 5410/5410/5410 5411/5411/5411
f 5406/5406/5406 5411/5411/5411 5410/5410/5410
f 5410/5410/5410 5302/5302/5302 5406/5406/5406
f 5408/5408/5408 5406/5406/5406 5302/5302/5302
f 5302/5302/5302 5407/5407/5407 5408/5408/5408
f 5403/5403/5403 5408/5408/5408 5407/5407/5407
f 5407/5407/5407 5303/5303/5303 5403/5403/5403
f 5405/5405/5405 5403/5403/5403 5303/5303/5303
f 5303/5303/5303 5404/5404/5404 5405/5405/5405
f 5400/5400/5400 5405/5405/5405 5404/5404/5404
f 5404/5404/5404 5304/5304/5304 5400/5400/5400
f 5402/5402/5402 5400/5400/5400 5304/5304/5304
f 5304/5304/5304 5401/5401/5401 5402/5402/5402
f 5397/5397/5397 5402/5402/5402 5401/5401/5401
f 5401/5401/5401 5305/5305/5305 5397/5397/5397
f 5399/5399/5399 5397/5397/5397 5305/5305/5305
f 5305/5305/5305 5398/5398/5398 5399/5399/5399
f 5394/5394/5394 5399/5399/5399 5398/5398/5398
f 5398/5398/5398 5306/5306/5306 5394/5394/5394
f 5396/5396/5396 5394/5394/5394 5306/5306/5306
f 5306/5306/5306 5395/5395/5395 5396/5396/5396
f 5391/5391/5391 5396/5396/5396 5395/5395/5395
f 5395/5395/5395 5307/5307/5307 5391/5391/5391
f 5393/5393/5393 5391/5391/5391 5307/5307/5307
f 5307/5307/5307 5392/5392/5392 5393/5393/5393
f 5388/5388/5388 5393/5393/5393 5392/5392/5392
f 5392/5392/5392 5308/5308/5308 5388/5388/5388
f 5390/5390/5390 5388/5388/5388 5308/5308/5308
f 5308/5308/5308 5389/5389/5389 5390/5390/5390
f 5385/5385/5385 5390/5390/5390 5389/5389/5389
f 5389/5389/5389 5309/5309/5309 5385/5385/5385
f 5387/5387/5387 5385/5385/5385 5309/5309/5309
f 5309/5309/5309 5386/5386/5386 5387/5387/5387
f 5382/5382/5382 5387/5387/5387 5386/5386/5386
f 5386/5386/5386 5310/5310/5310 5382/5382/5382
f 5384/5384/5384 5382/5382/5382 5310/5310/5310
f 5310/5310/5310 5383/5383/5383 5384/5384/5384
f 5379/5379/5379 5384/5384/5384 5383/5383/5383
f 5383/5383/5383 5311/5311/5311 5379/5379/5379
f 5381/5381/5381 5379/5379/5379 5311/5311/5311
f 5311/5311/5311 5380/5380/5380 5381/5381/5381
f 5376/5376/5376 5381/5381/5381 5380/5380/5380
f 5380/5380/5380 5312/5312/5312 5376/5376/5376
f 5378/5378/5378 5376/5376/5376 5312/5312/5312
f 5312/5312/5312 5377/5377/5377 5378/5378/5378
f 5373/5373/5373 5378/5378/5378 5377/5377/5377
f 5377/5377/5377 5313/5313/5313 5373/5373/5373
f 5375/5375/5375 5373/5373/5373 5313/5313/5313
f 5313/5313/5313 5374/5374/5374 5375/5375/5375
f 5370/5370/5370 5375/5375/5375 5374/5374/5374
f 5374/5374/5374 5314/5314/5314 5370/5370/5370
f 5372/5372/5372 5370/5370/5370 5314/5314/5314
f 5314/5314/5314 5371/5371/5371 5372/5372/5372
f 5367/5367/5367 5372/5372/5372 5371/5371/5371
f 5371/5371/5371 5315/5315/5315 5367/5367/5367
f 5369/5369/5369 5367/5367/5367 5315/5315/5315
f 5315/5315/5315 5368/5368/5368 5369/5369/5369
f 5364/5364/5364 5369/5369/5369 5368/5368/5368
f 5368/5368/5368 5316/5316/5316 5364/5364/5364
f 5366/5366/5366 5364/5364/5364 5316/5316/5316
f 5316/5316/5316 5365/5365/5365 5366/5366/5366
f 5361/5361/5361 5366/5366/5366 5365/5365/5365
f 5365/5365/5365 5317/5317/5317 5361/5361/5361
f 5363/5363/5363 5361/5361/5361 5317/5317/5317
f 5317/5317/5317 5362/5362/5362 5363/5363/5363
f 5454/5454/5454 5460/5460/5460 5285/5285/5285
f 5285/5285/5285 5461/5461/5461 5287/5287/5287
f 5287/5287/5287 5454/5454/5454 5285/5285/5285
f 5461/5461/5461 5452/5452/5452 5287/5287/5287
f 5452/5452/5452 5461/5461/5461 5288/5288/5288
f 5459/5459/5459 5460/5460/5460 5454/5454/5454
f 5454/5454/5454 5455/5455/5455 5459/5459/5459
f 5446/5446/5446 5289/5289/5289 5462/5462/5462
f 5462/5462/5462 5463/5463/5463 5290/5290/5290
f 5290/5290/5290 5446/5446/5446 5462/5462/5462
f 5449/5449/5449 5288/5288/5288 5461/5461/5461
f 5462/5462/5462 5289/5289/5289 5449/5449/5449
f 5463/5463/5463 5464/5464/5464 5440/5440/5440
f 5440/5440/5440 5291/5291/5291 5463/5463/5463
f 5462/5462/5462 5449/5449/5449 5461/5461/5461
f 5286/5286/5286 5459/5459/5459 5455/5455/5455
f 5359/5359/5359 5451/5451/5451 5453/5453/5453
f 5453/5453/5453 5448/5448/5448 5358/5358/5358
f 5358/5358/5358 5359/5359/5359 5453/5453/5453
f 5360/5360/5360 5455/5455/5455 5451/5451/5451
f 5463/5463/5463 5443/5443/5443 5290/5290/5290
f 5463/5463/5463 5291/5291/5291 5443/5443/5443
f 5464/5464/5464 5292/5292/5292 5440/5440/5440
f 5464/5464/5464 5437/5437/5437 5292/5292/5292
f 5437/5437/5437 5464/5464/5464 5293/5293/5293
f 5434/5434/5434 5293/5293/5293 5465/5465/5465
f 5464/5464/5464 5465/5465/5465 5293/5293/5293
f 5294/5294/5294 5434/5434/5434 5465/5465/5465
f 5465/5465/5465 5431/5431/5431 5294/5294/5294
f 5431/5431/5431 5466/5466/5466 5295/5295/5295
f 5466/5466/5466 5431/5431/5431 5465/5465/5465
f 5296/5296/5296 5428/5428/5428 5466/5466/5466
f 5466/5466/5466 5467/5467/5467 5425/5425/5425
f 5425/5425/5425 5296/5296/5296 5466/5466/5466
f 5468/5468/5468 5469/5469/5469 5300/5300/5300
f 5300/5300/5300 5416/5416/5416 5468/5468/5468
f 5467/5467/5467 5468/5468/5468 5298/5298/5298
f 5298/5298/5298 5422/5422/5422 5467/5467/5467
f 5469/5469/5469 5470/5470/5470 5410/5410/5410
f 5410/5410/5410 5301/5301/5301 5469/5469/5469
f 5295/5295/5295 5466/5466/5466 5428/5428/5428
f 5467/5467/5467 5297/5297/5297 5425/5425/5425
f 5468/5468/5468 5419/5419/5419 5298/5298/5298
f 5422/5422/5422 5297/5297/5297 5467/5467/5467
f 5468/5468/5468 5416/5416/5416 5299/5299/5299
f 5469/5469/5469 5301/5301/5301 5413/5413/5413
f 5413/5413/5413 5300/5300/5300 5469/5469/5469
f 5299/5299/5299 5419/5419/5419 5468/5468/5468
f 5357/5357/5357 5450/5450/5450 5445/5445/5445
f 5445/5445/5445 5447/5447/5447 5356/5356/5356
f 5356/5356/5356 5357/5357/5357 5445/5445/5445
f 5355/5355/5355 5442/5442/5442 5444/5444/5444
f 5444/5444/5444 5439/5439/5439 5354/5354/5354
f 5354/5354/5354 5355/5355/5355 5444/5444/5444
f 5356/5356/5356 5447/5447/5447 5442/5442/5442
f 5353/5353/5353 5441/5441/5441 5436/5436/5436
f 5436/5436/5436 5438/5438/5438 5352/5352/5352
f 5352/5352/5352 5353/5353/5353 5436/5436/5436
f 5351/5351/5351 5433/5433/5433 5435/5435/5435
f 5435/5435/5435 5430/5430/5430 5350/5350/5350
f 5350/5350/5350 5351/5351/5351 5435/5435/5435
f 5352/5352/5352 5438/5438/5438 5433/5433/5433
f 5354/5354/5354 5439/5439/5439 5441/5441/5441
f 5360/5360/5360 5286/5286/5286 5455/5455/5455
f 5359/5359/5359 5360/5360/5360 5451/5451/5451
f 5357/5357/5357 5358/5358/5358 5448/5448/5448
f 5448/5448/5448 5450/5450/5450 5357/5357/5357
f 5441/5441/5441 5353/5353/5353 5354/5354/5354
f 5433/5433/5433 5351/5351/5351 5352/5352/5352
f 5355/5355/5355 5356/5356/5356 5442/5442/5442
f 5350/5350/5350 5430/5430/5430 5432/5432/5432
f 5349/5349/5349 5432/5432/5432 5427/5427/5427
f 5427/5427/5427 5429/5429/5429 5348/5348/5348
f 5348/5348/5348 5349/5349/5349 5427/5427/5427
f 5347/5347/5347 5424/5424/5424 5426/5426/5426
f 5426/5426/5426 5421/5421/5421 5346/5346/5346
f 5346/5346/5346 5347/5347/5347 5426/5426/5426
f 5348/5348/5348 5429/5429/5429 5424/5424/5424
f 5345/5345/5345 5423/5423/5423 5418/5418/5418
f 5418/5418/5418 5420/5420/5420 5344/5344/5344
f 5344/5344/5344 5345/5345/5345 5418/5418/5418
f 5343/5343/5343 5415/5415/5415 5417/5417/5417
f 5417/5417/5417 5412/5412/5412 5342/5342/5342
f 5342/5342/5342 5343/5343/5343 5417/5417/5417
f 5344/5344/5344 5420/5420/5420 5415/5415/5415
f 5346/5346/5346 5421/5421/5421 5423/5423/5423
f 5347/5347/5347 5348/5348/5348 5424/5424/5424
f 5345/5345/5345 5346/5346/5346 5423/5423/5423
f 5341/5341/5341 5414/5414/5414 5409/5409/5409
f 5409/5409/5409 5411/5411/5411 5340/5340/5340
f 5340/5340/5340 5341/5341/5341 5409/5409/5409
f 5341/5341/5341 5342/5342/5342 5412/5412/5412
f 5412/5412/5412 5414/5414/5414 5341/5341/5341
f 5406/5406/5406 5340/5340/5340 5411/5411/5411
f 5415/5415/5415 5343/5343/5343 5344/5344/5344
f 5350/5350/5350 5432/5432/5432 5349/5349/5349
f 5470/5470/5470 5302/5302/5302 5410/5410/5410
f 5302/5302/5302 5470/5470/5470 5407/5407/5407
f 5470/5470/5470 5471/5471/5471 5303/5303/5303
f 5303/5303/5303 5407/5407/5407 5470/5470/5470
f 5471/5471/5471 5404/5404/5404 5303/5303/5303
f 5471/5471/5471 5304/5304/5304 5404/5404/5404
f 5304/5304/5304 5471/5471/5471 5401/5401/5401
f 5306/5306/5306 5398/5398/5398 5472/5472/5472
f 5473/5473/5473 5306/5306/5306 5472/5472/5472
f 5472/5472/5472 5305/5305/5305 5401/5401/5401
f 5472/5472/5472 5398/5398/5398 5305/5305/5305
f 5473/5473/5473 5474/5474/5474 5392/5392/5392
f 5392/5392/5392 5307/5307/5307 5473/5473/5473
f 5471/5471/5471 5472/5472/5472 5401/5401/5401
f 5339/5339/5339 5406/5406/5406 5408/5408/5408
f 5338/5338/5338 5403/5403/5403 5405/5405/5405
f 5337/5337/5337 5405/5405/5405 5400/5400/5400
f 5408/5408/5408 5403/5403/5403 5338/5338/5338
f 5338/5338/5338 5339/5339/5339 5408/5408/5408
f 5473/5473/5473 5307/5307/5307 5395/5395/5395
f 5474/5474/5474 5389/5389/5389 5308/5308/5308
f 5474/5474/5474 5309/5309/5309 5389/5389/5389
f 5308/5308/5308 5392/5392/5392 5474/5474/5474
f 5395/5395/5395 5306/5306/5306 5473/5473/5473
f 5474/5474/5474 5475/5475/5475 5386/5386/5386
f 5386/5386/5386 5309/5309/5309 5474/5474/5474
f 5310/5310/5310 5386/5386/5386 5475/5475/5475
f 5383/5383/5383 5310/5310/5310 5475/5475/5475
f 5383/5383/5383 5476/5476/5476 5311/5311/5311
f 5311/5311/5311 5476/5476/5476 5380/5380/5380
f 5475/5475/5475 5476/5476/5476 5383/5383/5383
f 5476/5476/5476 5477/5477/5477 5377/5377/5377
f 5377/5377/5377 5312/5312/5312 5476/5476/5476
f 5477/5477/5477 5478/5478/5478 5314/5314/5314
f 5314/5314/5314 5374/5374/5374 5477/5477/5477
f 5479/5479/5479 5456/5456/5456 5362/5362/5362
f 5362/5362/5362 5317/5317/5317 5479/5479/5479
f 5478/5478/5478 5479/5479/5479 5316/5316/5316
f 5316/5316/5316 5368/5368/5368 5478/5478/5478
f 5380/5380/5380 5476/5476/5476 5312/5312/5312
f 5362/5362/5362 5456/5456/5456 5457/5457/5457
f 5477/5477/5477 5313/5313/5313 5377/5377/5377
f 5478/5478/5478 5371/5371/5371 5314/5314/5314
f 5374/5374/5374 5313/5313/5313 5477/5477/5477
f 5478/5478/5478 5368/5368/5368 5315/5315/5315
f 5479/5479/5479 5317/5317/5317 5365/5365/5365
f 5457/5457/5457 5458/5458/5458 5362/5362/5362
f 5365/5365/5365 5316/5316/5316 5479/5479/5479
f 5315/5315/5315 5371/5371/5371 5478/5478/5478
f 5458/5458/5458 5363/5363/5363 5362/5362/5362
f 5402/5402/5402 5397/5397/5397 5335/5335/5335
f 5335/5335/5335 5336/5336/5336 5402/5402/5402
f 5335/5335/5335 5397/5397/5397 5399/5399/5399
f 5394/5394/5394 5396/5396/5396 5333/5333/5333
f 5333/5333/5333 5334/5334/5334 5394/5394/5394
f 5333/5333/5333 5396/5396/5396 5391/5391/5391
f 5334/5334/5334 5399/5399/5399 5394/5394/5394
f 5393/5393/5393 5388/5388/5388 5331/5331/5331
f 5331/5331/5331 5332/5332/5332 5393/5393/5393
f 5331/5331/5331 5388/5388/5388 5390/5390/5390
f 5385/5385/5385 5387/5387/5387 5329/5329/5329
f 5329/5329/5329 5330/5330/5330 5385/5385/5385
f 5329/5329/5329 5387/5387/5387 5382/5382/5382
f 5330/5330/5330 5390/5390/5390 5385/5385/5385
f 5332/5332/5332 5391/5391/5391 5393/5393/5393
f 5337/5337/5337 5338/5338/5338 5405/5405/5405
f 5399/5399/5399 5334/5334/5334 5335/5335/5335
f 5336/5336/5336 5337/5337/5337 5400/5400/5400
f 5400/5400/5400 5402/5402/5402 5336/5336/5336
f 5391/5391/5391 5332/5332/5332 5333/5333/5333
f 5328/5328/5328 5329/5329/5329 5382/5382/5382
f 5382/5382/5382 5384/5384/5384 5328/5328/5328
f 5330/5330/5330 5331/5331/5331 5390/5390/5390
f 5327/5327/5327 5328/5328/5328 5384/5384/5384
f 5384/5384/5384 5379/5379/5379 5327/5327/5327
f 5327/5327/5327 5379/5379/5379 5381/5381/5381
f 5376/5376/5376 5378/5378/5378 5325/5325/5325
f 5325/5325/5325 5326/5326/5326 5376/5376/5376
f 5325/5325/5325 5378/5378/5378 5373/5373/5373
f 5326/5326/5326 5381/5381/5381 5376/5376/5376
f 5375/5375/5375 5370/5370/5370 5323/5323/5323
f 5323/5323/5323 5324/5324/5324 5375/5375/5375
f 5323/5323/5323 5370/5370/5370 5372/5372/5372
f 5367/5367/5367 5369/5369/5369 5321/5321/5321
f 5321/5321/5321 5322/5322/5322 5367/5367/5367
f 5321/5321/5321 5369/5369/5369 5364/5364/5364
f 5322/5322/5322 5372/5372/5372 5367/5367/5367
f 5324/5324/5324 5373/5373/5373 5375/5375/5375
f 5326/5326/5326 5327/5327/5327 5381/5381/5381
f 5322/5322/5322 5323/5323/5323 5372/5372/5372
f 5325/5325/5325 5373/5373/5373 5324/5324/5324
f 5366/5366/5366 5361/5361/5361 5319/5319/5319
f 5319/5319/5319 5320/5320/5320 5366/5366/5366
f 5319/5319/5319 5361/5361/5361 5363/5363/5363
f 5320/5320/5320 5321/5321/5321 5364/5364/5364
f 5364/5364/5364 5366/5366/5366 5320/5320/5320
f 5363/5363/5363 5318/5318/5318 5319/5319/5319
f 5318/5318/5318 5363/5363/5363 5458/5458/5458
f 5340/5340/5340 5406/5406/5406 5339/5339/5339
f 5860/5860/5860 5858/5858/5858 5857/5857/5857
f 5857/5857/5857 5859/5859/5859 5860/5860/5860
f 5853/5853/5853 5860/5860/5860 5859/5859/5859
f 5859/5859/5859 5847/5847/5847 5853/5853/5853
f 5858/5858/5858 5862/5862/5862 5861/5861/5861
f 5861/5861/5861 5857/5857/5857 5858/5858/5858
f 5859/5859/5859 5857/5857/5857 5856/5856/5856
f 5482/5482/5482 5847/5847/5847 5859/5859/5859
f 5856/5856/5856 5482/5482/5482 5859/5859/5859
f 5852/5852/5852 5850/5850/5850 5849/5849/5849
f 5849/5849/5849 5851/5851/5851 5852/5852/5852
f 5844/5844/5844 5852/5852/5852 5851/5851/5851
f 5851/5851/5851 5838/5838/5838 5844/5844/5844
f 5855/5855/5855 5853/5853/5853 5847/5847/5847
f 5847/5847/5847 5854/5854/5854 5855/5855/5855
f 5850/5850/5850 5855/5855/5855 5854/5854/5854
f 5854/5854/5854 5849/5849/5849 5850/5850/5850
f 5854/5854/5854 5847/5847/5847 5482/5482/5482
f 5848/5848/5848 5849/5849/5849 5854/5854/5854
f 5482/5482/5482 5848/5848/5848 5854/5854/5854
f 5851/5851/5851 5849/5849/5849 5848/5848/5848
f 5483/5483/5483 5838/5838/5838 5851/5851/5851
f 5848/5848/5848 5483/5483/5483 5851/5851/5851
f 5843/5843/5843 5841/5841/5841 5840/5840/5840
f 5840/5840/5840 5842/5842/5842 5843/5843/5843
f 5835/5835/5835 5843/5843/5843 5842/5842/5842
f 5842/5842/5842 5829/5829/5829 5835/5835/5835
f 5846/5846/5846 5844/5844/5844 5838/5838/5838
f 5838/5838/5838 5845/5845/5845 5846/5846/5846
f 5841/5841/5841 5846/5846/5846 5845/5845/5845
f 5845/5845/5845 5840/5840/5840 5841/5841/5841
f 5845/5845/5845 5838/5838/5838 5483/5483/5483
f 5839/5839/5839 5840/5840/5840 5845/5845/5845
f 5483/5483/5483 5839/5839/5839 5845/5845/5845
f 5842/5842/5842 5840/5840/5840 5839/5839/5839
f 5484/5484/5484 5829/5829/5829 5842/5842/5842
f 5839/5839/5839 5484/5484/5484 5842/5842/5842
f 5834/5834/5834 5832/5832/5832 5831/5831/5831
f 5831/5831/5831 5833/5833/5833 5834/5834/5834
f 5826/5826/5826 5834/5834/5834 5833/5833/5833
f 5833/5833/5833 5820/5820/5820 5826/5826/5826
f 5837/5837/5837 5835/5835/5835 5829/5829/5829
f 5829/5829/5829 5836/5836/5836 5837/5837/5837
f 5832/5832/5832 5837/5837/5837 5836/5836/5836
f 5836/5836/5836 5831/5831/5831 5832/5832/5832
f 5836/5836/5836 5829/5829/5829 5484/5484/5484
f 5830/5830/5830 5831/5831/5831 5836/5836/5836
f 5484/5484/5484 5830/5830/5830 5836/5836/5836
f 5833/5833/5833 5831/5831/5831 5830/5830/5830
f 5485/5485/5485 5820/5820/5820 5833/5833/5833
f 5830/5830/5830 5485/5485/5485 5833/5833/5833
f 5825/5825/5825 5823/5823/5823 5822/5822/5822
f 5822/5822/5822 5824/5824/5824 5825/5825/5825
f 5817/5817/5817 5825/5825/5825 5824/5824/5824
f 5824/5824/5824 5811/5811/5811 5817/5817/5817
f 5828/5828/5828 5826/5826/5826 5820/5820/5820
f 5820/5820/5820 5827/5827/5827 5828/5828/5828
f 5823/5823/5823 5828/5828/5828 5827/5827/5827
f 5827/5827/5827 5822/5822/5822 5823/5823/5823
f 5827/5827/5827 5820/5820/5820 5485/5485/5485
f 5821/5821/5821 5822/5822/5822 5827/5827/5827
f 5485/5485/5485 5821/5821/5821 5827/5827/5827
f 5824/5824/5824 5822/5822/5822 5821/5821/5821
f 5486/5486/5486 5811/5811/5811 5824/5824/5824
f 5821/5821/5821 5486/5486/5486 5824/5824/5824
f 5816/5816/5816 5814/5814/5814 5813/5813/5813
f 5813/5813/5813 5815/5815/5815 5816/5816/5816
f 5808/5808/5808 5816/5816/5816 5815/5815/5815
f 5815/5815/5815 5802/5802/5802 5808/5808/5808
f 5819/5819/5819 5817/5817/5817 5811/5811/5811
f 5811/5811/5811 5818/5818/5818 5819/5819/5819
f 5814/5814/5814 5819/5819/5819 5818/5818/5818
f 5818/5818/5818 5813/5813/5813 5814/5814/5814
f 5818/5818/5818 5811/5811/5811 5486/5486/5486
f 5812/5812/5812 5813/5813/5813 5818/5818/5818
f 5486/5486/5486 5812/5812/5812 5818/5818/5818
f 5815/5815/5815 5813/5813/5813 5812/5812/5812
f 5487/5487/5487 5802/5802/5802 5815/5815/5815
f 5812/5812/5812 5487/5487/5487 5815/5815/5815
f 5807/5807/5807 5805/5805/5805 5804/5804/5804
f 5804/5804/5804 5806/5806/5806 5807/5807/5807
f 5799/5799/5799 5807/5807/5807 5806/5806/5806
f 5806/5806/5806 5793/5793/5793 5799/5799/5799
f 5810/5810/5810 5808/5808/5808 5802/5802/5802
f 5802/5802/5802 5809/5809/5809 5810/5810/5810
f 5805/5805/5805 5810/5810/5810 5809/5809/5809
f 5809/5809/5809 5804/5804/5804 5805/5805/5805
f 5809/5809/5809 5802/5802/5802 5487/5487/5487
f 5803/5803/5803 5804/5804/5804 5809/5809/5809
f 5487/5487/5487 5803/5803/5803 5809/5809/5809
f 5806/5806/5806 5804/5804/5804 5803/5803/5803
f 5488/5488/5488 5793/5793/5793 5806/5806/5806
f 5803/5803/5803 5488/5488/5488 5806/5806/5806
f 5798/5798/5798 5796/5796/5796 5795/5795/5795
f 5795/5795/5795 5797/5797/5797 5798/5798/5798
f 5790/5790/5790 5798/5798/5798 5797/5797/5797
f 5797/5797/5797 5784/5784/5784 5790/5790/5790
f 5801/5801/5801 5799/5799/5799 5793/5793/5793
f 5793/5793/5793 5800/5800/5800 5801/5801/5801
f 5796/5796/5796 5801/5801/5801 5800/5800/5800
f 5800/5800/5800 5795/5795/5795 5796/5796/5796
f 5800/5800/5800 5793/5793/5793 5488/5488/5488
f 5794/5794/5794 5795/5795/5795 5800/5800/5800
f 5488/5488/5488 5794/5794/5794 5800/5800/5800
f 5797/5797/5797 5795/5795/5795 5794/5794/5794
f 5489/5489/5489 5784/5784/5784 5797/5797/5797
f 5794/5794/5794 5489/5489/5489 5797/5797/5797
f 5789/5789/5789 5787/5787/5787 5786/5786/5786
f 5786/5786/5786 5788/5788/5788 5789/5789/5789
f 5781/5781/5781 5789/5789/5789 5788/5788/5788
f 5788/5788/5788 5775/5775/5775 5781/5781/5781
f 5792/5792/5792 5790/5790/5790 5784/5784/5784
f 5784/5784/5784 5791/5791/5791 5792/5792/5792
f 5787/5787/5787 5792/5792/5792 5791/5791/5791
f 5791/5791/5791 5786/5786/5786 5787/5787/5787
f 5791/5791/5791 5784/5784/5784 5489/5489/5489
f 5785/5785/5785 5786/5786/5786 5791/5791/5791
f 5489/5489/5489 5785/5785/5785 5791/5791/5791
f 5788/5788/5788 5786/5786/5786 5785/5785/5785
f 5490/5490/5490 5775/5775/5775 5788/5788/5788
f 5785/5785/5785 5490/5490/5490 5788/5788/5788
f 5780/5780/5780 5778/5778/5778 5777/5777/5777
f 5777/5777/5777 5779/5779/5779 5780/5780/5780
f 5772/5772/5772 5780/5780/5780 5779/5779/5779
f 5779/5779/5779 5766/5766/5766 5772/5772/5772
f 5783/5783/5783 5781/5781/5781 5775/5775/5775
f 5775/5775/5775 5782/5782/5782 5783/5783/5783
f 5778/5778/5778 5783/5783/5783 5782/5782/5782
f 5782/5782/5782 5777/5777/5777 5778/5778/5778
f 5782/5782/5782 5775/5775/5775 5490/5490/5490
f 5776/5776/5776 5777/5777/5777 5782/5782/5782
f 5490/5490/5490 5776/5776/5776 5782/5782/5782
f 5779/5779/5779 5777/5777/5777 5776/5776/5776
f 5491/5491/5491 5766/5766/5766 5779/5779/5779
f 5776/5776/5776 5491/5491/5491 5779/5779/5779
f 5771/5771/5771 5769/5769/5769 5768/5768/5768
f 5768/5768/5768 5770/5770/5770 5771/5771/5771
f 5763/5763/5763 5771/5771/5771 5770/5770/5770
f 5770/5770/5770 5757/5757/5757 5763/5763/5763
f 5774/5774/5774 5772/5772/5772 5766/5766/5766
f 5766/5766/5766 5773/5773/5773 5774/5774/5774
f 5769/5769/5769 5774/5774/5774 5773/5773/5773
f 5773/5773/5773 5768/5768/5768 5769/5769/5769
f 5773/5773/5773 5766/5766/5766 5491/5491/5491
f 5767/5767/5767 5768/5768/5768 5773/5773/5773
f 5491/5491/5491 5767/5767/5767 5773/5773/5773
f 5770/5770/5770 5768/5768/5768 5767/5767/5767
f 5492/5492/5492 5757/5757/5757 5770/5770/5770
f 5767/5767/5767 5492/5492/5492 5770/5770/5770
f 5762/5762/5762 5760/5760/5760 5759/5759/5759
f 5759/5759/5759 5761/5761/5761 5762/5762/5762
f 5754/5754/5754 5762/5762/5762 5761/5761/5761
f 5761/5761/5761 5748/5748/5748 5754/5754/5754
f 5765/5765/5765 5763/5763/5763 5757/5757/5757
f 5757/5757/5757 5764/5764/5764 5765/5765/5765
f 5760/5760/5760 5765/5765/5765 5764/5764/5764
f 5764/5764/5764 5759/5759/5759 5760/5760/5760
f 5764/5764/5764 5757/5757/5757 5492/5492/5492
f 5758/5758/5758 5759/5759/5759 5764/5764/5764
f 5492/5492/5492 5758/5758/5758 5764/5764/5764
f 5761/5761/5761 5759/5759/5759 5758/5758/5758
f 5493/5493/5493 5748/5748/5748 5761/5761/5761
f 5758/5758/5758 5493/5493/5493 5761/5761/5761
f 5753/5753/5753 5751/5751/5751 5750/5750/5750
f 5750/5750/5750 5752/5752/5752 5753/5753/5753
f 5745/5745/5745 5753/5753/5753 5752/5752/5752
f 5752/5752/5752 5739/5739/5739 5745/5745/5745
f 5756/5756/5756 5754/5754/5754 5748/5748/5748
f 5748/5748/5748 5755/5755/5755 5756/5756/5756
f 5751/5751/5751 5756/5756/5756 5755/5755/5755
f 5755/5755/5755 5750/5750/5750 5751/5751/5751
f 5755/5755/5755 5748/5748/5748 5493/5493/5493
f 5749/5749/5749 5750/5750/5750 5755/5755/5755
f 5493/5493/5493 5749/5749/5749 5755/5755/5755
f 5752/5752/5752 5750/5750/5750 5749/5749/5749
f 5494/5494/5494 5739/5739/5739 5752/5752/5752
f 5749/5749/5749 5494/5494/5494 5752/5752/5752
f 5744/5744/5744 5742/5742/5742 5741/5741/5741
f 5741/5741/5741 5743/5743/5743 5744/5744/5744
f 5736/5736/5736 5744/5744/5744 5743/5743/5743
f 5743/5743/5743 5730/5730/5730 5736/5736/5736
f 5747/5747/5747 5745/5745/5745 5739/5739/5739
f 5739/5739/5739 5746/5746/5746 5747/5747/5747
f 5742/5742/5742 5747/5747/5747 5746/5746/5746
f 5746/5746/5746 5741/5741/5741 5742/5742/5742
f 5746/5746/5746 5739/5739/5739 5494/5494/5494
f 5740/5740/5740 5741/5741/5741 5746/5746/5746
f 5494/5494/5494 5740/5740/5740 5746/5746/5746
f 5743/5743/5743 5741/5741/5741 5740/5740/5740
f 5495/5495/5495 5730/5730/5730 5743/5743/5743
f 5740/5740/5740 5495/5495/5495 5743/5743/5743
f 5735/5735/5735 5733/5733/5733 5732/5732/5732
f 5732/5732/5732 5734/5734/5734 5735/5735/5735
f 5727/5727/5727 5735/5735/5735 5734/5734/5734
f 5734/5734/5734 5721/5721/5721 5727/5727/5727
f 5738/5738/5738 5736/5736/5736 5730/5730/5730
f 5730/5730/5730 5737/5737/5737 5738/5738/5738
f 5733/5733/5733 5738/5738/5738 5737/5737/5737
f 5737/5737/5737 5732/5732/5732 5733/5733/5733
f 5737/5737/5737 5730/5730/5730 5495/5495/5495
f 5731/5731/5731 5732/5732/5732 5737/5737/5737
f 5495/5495/5495 5731/5731/5731 5737/5737/5737
f 5734/5734/5734 5732/5732/5732 5731/5731/5731
f 5496/5496/5496 5721/5721/5721 5734/5734/5734
f 5731/5731/5731 5496/5496/5496 5734/5734/5734
f 5726/5726/5726 5724/5724/5724 5723/5723/5723
f 5723/5723/5723 5725/5725/5725 5726/5726/5726
f 5718/5718/5718 5726/5726/5726 5725/5725/5725
f 5725/5725/5725 5712/5712/5712 5718/5718/5718
f 5729/5729/5729 5727/5727/5727 5721/5721/5721
f 5721/5721/5721 5728/5728/5728 5729/5729/5729
f 5724/5724/5724 5729/5729/5729 5728/5728/5728
f 5728/5728/5728 5723/5723/5723 5724/5724/5724
f 5728/5728/5728 5721/5721/5721 5496/5496/5496
f 5722/5722/5722 5723/5723/5723 5728/5728/5728
f 5496/5496/5496 5722/5722/5722 5728/5728/5728
f 5725/5725/5725 5723/5723/5723 5722/5722/5722
f 5497/5497/5497 5712/5712/5712 5725/5725/5725
f 5722/5722/5722 5497/5497/5497 5725/5725/5725
f 5717/5717/5717 5715/5715/5715 5714/5714/5714
f 5714/5714/5714 5716/5716/5716 5717/5717/5717
f 5709/5709/5709 5717/5717/5717 5716/5716/5716
f 5716/5716/5716 5703/5703/5703 5709/5709/5709
f 5720/5720/5720 5718/5718/5718 5712/5712/5712
f 5712/5712/5712 5719/5719/5719 5720/5720/5720
f 5715/5715/5715 5720/5720/5720 5719/5719/5719
f 5719/5719/5719 5714/5714/5714 5715/5715/5715
f 5719/5719/5719 5712/5712/5712 5497/5497/5497
f 5713/5713/5713 5714/5714/5714 5719/5719/5719
f 5497/5497/5497 5713/5713/5713 5719/5719/5719
f 5716/5716/5716 5714/5714/5714 5713/5713/5713
f 5499/5499/5499 5703/5703/5703 5716/5716/5716
f 5713/5713/5713 5499/5499/5499 5716/5716/5716
f 5708/5708/5708 5706/5706/5706 5705/5705/5705
f 5705/5705/5705 5707/5707/5707 5708/5708/5708
f 5700/5700/5700 5708/5708/5708 5707/5707/5707
f 5707/5707/5707 5694/5694/5694 5700/5700/5700
f 5711/5711/5711 5709/5709/5709 5703/5703/5703
f 5703/5703/5703 5710/5710/5710 5711/5711/5711
f 5706/5706/5706 5711/5711/5711 5710/5710/5710
f 5710/5710/5710 5705/5705/5705 5706/5706/5706
f 5710/5710/5710 5703/5703/5703 5499/5499/5499
f 5704/5704/5704 5705/5705/5705 5710/5710/5710
f 5499/5499/5499 5704/5704/5704 5710/5710/5710
f 5707/5707/5707 5705/5705/5705 5704/5704/5704
f 5500/5500/5500 5694/5694/5694 5707/5707/5707
f 5704/5704/5704 5500/5500/5500 5707/5707/5707
f 5699/5699/5699 5697/5697/5697 5696/5696/5696
f 5696/5696/5696 5698/5698/5698 5699/5699/5699
f 5691/5691/5691 5699/5699/5699 5698/5698/5698
f 5698/5698/5698 5685/5685/5685 5691/5691/5691
f 5702/5702/5702 5700/5700/5700 5694/5694/5694
f 5694/5694/5694 5701/5701/5701 5702/5702/5702
f 5697/5697/5697 5702/5702/5702 5701/5701/5701
f 5701/5701/5701 5696/5696/5696 5697/5697/5697
f 5701/5701/5701 5694/5694/5694 5500/5500/5500
f 5695/5695/5695 5696/5696/5696 5701/5701/5701
f 5500/5500/5500 5695/5695/5695 5701/5701/5701
f 5698/5698/5698 5696/5696/5696 5695/5695/5695
f 5501/5501/5501 5685/5685/5685 5698/5698/5698
f 5695/5695/5695 5501/5501/5501 5698/5698/5698
f 5690/5690/5690 5688/5688/5688 5687/5687/5687
f 5687/5687/5687 5689/5689/5689 5690/5690/5690
f 5682/5682/5682 5690/5690/5690 5689/5689/5689
f 5689/5689/5689 5676/5676/5676 5682/5682/5682
f 5693/5693/5693 5691/5691/5691 5685/5685/5685
f 5685/5685/5685 5692/5692/5692 5693/5693/5693
f 5688/5688/5688 5693/5693/5693 5692/5692/5692
f 5692/5692/5692 5687/5687/5687 5688/5688/5688
f 5692/5692/5692 5685/5685/5685 5501/5501/5501
f 5686/5686/5686 5687/5687/5687 5692/5692/5692
f 5501/5501/5501 5686/5686/5686 5692/5692/5692
f 5689/5689/5689 5687/5687/5687 5686/5686/5686
f 5502/5502/5502 5676/5676/5676 5689/5689/5689
f 5686/5686/5686 5502/5502/5502 5689/5689/5689
f 5681/5681/5681 5679/5679/5679 5678/5678/5678
f 5678/5678/5678 5680/5680/5680 5681/5681/5681
f 5673/5673/5673 5681/5681/5681 5680/5680/5680
f 5680/5680/5680 5667/5667/5667 5673/5673/5673
f 5684/5684/5684 5682/5682/5682 5676/5676/5676
f 5676/5676/5676 5683/5683/5683 5684/5684/5684
f 5679/5679/5679 5684/5684/5684 5683/5683/5683
f 5683/5683/5683 5678/5678/5678 5679/5679/5679
f 5683/5683/5683 5676/5676/5676 5502/5502/5502
f 5677/5677/5677 5678/5678/5678 5683/5683/5683
f 5502/5502/5502 5677/5677/5677 5683/5683/5683
f 5680/5680/5680 5678/5678/5678 5677/5677/5677
f 5503/5503/5503 5667/5667/5667 5680/5680/5680
f 5677/5677/5677 5503/5503/5503 5680/5680/5680
f 5672/5672/5672 5670/5670/5670 5669/5669/5669
f 5669/5669/5669 5671/5671/5671 5672/5672/5672
f 5664/5664/5664 5672/5672/5672 5671/5671/5671
f 5671/5671/5671 5658/5658/5658 5664/5664/5664
f 5675/5675/5675 5673/5673/5673 5667/5667/5667
f 5667/5667/5667 5674/5674/5674 5675/5675/5675
f 5670/5670/5670 5675/5675/5675 5674/5674/5674
f 5674/5674/5674 5669/5669/5669 5670/5670/5670
f 5674/5674/5674 5667/5667/5667 5503/5503/5503
f 5668/5668/5668 5669/5669/5669 5674/5674/5674
f 5503/5503/5503 5668/5668/5668 5674/5674/5674
f 5671/5671/5671 5669/5669/5669 5668/5668/5668
f 5504/5504/5504 5658/5658/5658 5671/5671/5671
f 5668/5668/5668 5504/5504/5504 5671/5671/5671
f 5663/5663/5663 5661/5661/5661 5660/5660/5660
f 5660/5660/5660 5662/5662/5662 5663/5663/5663
f 5655/5655/5655 5663/5663/5663 5662/5662/5662
f 5662/5662/5662 5649/5649/5649 5655/5655/5655
f 5666/5666/5666 5664/5664/5664 5658/5658/5658
f 5658/5658/5658 5665/5665/5665 5666/5666/5666
f 5661/5661/5661 5666/5666/5666 5665/5665/5665
f 5665/5665/5665 5660/5660/5660 5661/5661/5661
f 5665/5665/5665 5658/5658/5658 5504/5504/5504
f 5659/5659/5659 5660/5660/5660 5665/5665/5665
f 5504/5504/5504 5659/5659/5659 5665/5665/5665
f 5662/5662/5662 5660/5660/5660 5659/5659/5659
f 5505/5505/5505 5649/5649/5649 5662/5662/5662
f 5659/5659/5659 5505/5505/5505 5662/5662/5662
f 5654/5654/5654 5652/5652/5652 5651/5651/5651
f 5651/5651/5651 5653/5653/5653 5654/5654/5654
f 5646/5646/5646 5654/5654/5654 5653/5653/5653
f 5653/5653/5653 5640/5640/5640 5646/5646/5646
f 5657/5657/5657 5655/5655/5655 5649/5649/5649
f 5649/5649/5649 5656/5656/5656 5657/5657/5657
f 5652/5652/5652 5657/5657/5657 5656/5656/5656
f 5656/5656/5656 5651/5651/5651 5652/5652/5652
f 5656/5656/5656 5649/5649/5649 5505/5505/5505
f 5650/5650/5650 5651/5651/5651 5656/5656/5656
f 5505/5505/5505 5650/5650/5650 5656/5656/5656
f 5653/5653/5653 5651/5651/5651 5650/5650/5650
f 5506/5506/5506 5640/5640/5640 5653/5653/5653
f 5650/5650/5650 5506/5506/5506 5653/5653/5653
f 5645/5645/5645 5643/5643/5643 5642/5642/5642
f 5642/5642/5642 5644/5644/5644 5645/5645/5645
f 5637/5637/5637 5645/5645/5645 5644/5644/5644
f 5644/5644/5644 5631/5631/5631 5637/5637/5637
f 5648/5648/5648 5646/5646/5646 5640/5640/5640
f 5640/5640/5640 5647/5647/5647 5648/5648/5648
f 5643/5643/5643 5648/5648/5648 5647/5647/5647
f 5647/5647/5647 5642/5642/5642 5643/5643/5643
f 5647/5647/5647 5640/5640/5640 5506/5506/5506
f 5641/5641/5641 5642/5642/5642 5647/5647/5647
f 5506/5506/5506 5641/5641/5641 5647/5647/5647
f 5644/5644/5644 5642/5642/5642 5641/5641/5641
f 5507/5507/5507 5631/5631/5631 5644/5644/5644
f 5641/5641/5641 5507/5507/5507 5644/5644/5644
f 5636/5636/5636 5634/5634/5634 5633/5633/5633
f 5633/5633/5633 5635/5635/5635 5636/5636/5636
f 5628/5628/5628 5636/5636/5636 5635/5635/5635
f 5635/5635/5635 5622/5622/5622 5628/5628/5628
f 5639/5639/5639 5637/5637/5637 5631/5631/5631
f 5631/5631/5631 5638/5638/5638 5639/5639/5639
f 5634/5634/5634 5639/5639/5639 5638/5638/5638
f 5638/5638/5638 5633/5633/5633 5634/5634/5634
f 5638/5638/5638 5631/5631/5631 5507/5507/5507
f 5632/5632/5632 5633/5633/5633 5638/5638/5638
f 5507/5507/5507 5632/5632/5632 5638/5638/5638
f 5635/5635/5635 5633/5633/5633 5632/5632/5632
f 5508/5508/5508 5622/5622/5622 5635/5635/5635
f 5632/5632/5632 5508/5508/5508 5635/5635/5635
f 5627/5627/5627 5625/5625/5625 5624/5624/5624
f 5624/5624/5624 5626/5626/5626 5627/5627/5627
f 5619/5619/5619 5627/5627/5627 5626/5626/5626
f 5626/5626/5626 5613/5613/5613 5619/5619/5619
f 5630/5630/5630 5628/5628/5628 5622/5622/5622
f 5622/5622/5622 5629/5629/5629 5630/5630/5630
f 5625/5625/5625 5630/5630/5630 5629/5629/5629
f 5629/5629/5629 5624/5624/5624 5625/5625/5625
f 5629/5629/5629 5622/5622/5622 5508/5508/5508
f 5623/5623/5623 5624/5624/5624 5629/5629/5629
f 5508/5508/5508 5623/5623/5623 5629/5629/5629
f 5626/5626/5626 5624/5624/5624 5623/5623/5623
f 5509/5509/5509 5613/5613/5613 5626/5626/5626
f 5623/5623/5623 5509/5509/5509 5626/5626/5626
f 5618/5618/5618 5616/5616/5616 5615/5615/5615
f 5615/5615/5615 5617/5617/5617 5618/5618/5618
f 5610/5610/5610 5618/5618/5618 5617/5617/5617
f 5617/5617/5617 5604/5604/5604 5610/5610/5610
f 5621/5621/5621 5619/5619/5619 5613/5613/5613
f 5613/5613/5613 5620/5620/5620 5621/5621/5621
f 5616/5616/5616 5621/5621/5621 5620/5620/5620
f 5620/5620/5620 5615/5615/5615 5616/5616/5616
f 5620/5620/5620 5613/5613/5613 5509/5509/5509
f 5614/5614/5614 5615/5615/5615 5620/5620/5620
f 5509/5509/5509 5614/5614/5614 5620/5620/5620
f 5617/5617/5617 5615/5615/5615 5614/5614/5614
f 5510/5510/5510 5604/5604/5604 5617/5617/5617
f 5614/5614/5614 5510/5510/5510 5617/5617/5617
f 5609/5609/5609 5607/5607/5607 5606/5606/5606
f 5606/5606/5606 5608/5608/5608 5609/5609/5609
f 5601/5601/5601 5609/5609/5609 5608/5608/5608
f 5608/5608/5608 5595/5595/5595 5601/5601/5601
f 5612/5612/5612 5610/5610/5610 5604/5604/5604
f 5604/5604/5604 5611/5611/5611 5612/5612/5612
f 5607/5607/5607 5612/5612/5612 5611/5611/5611
f 5611/5611/5611 5606/5606/5606 5607/5607/5607
f 5611/5611/5611 5604/5604/5604 5510/5510/5510
f 5605/5605/5605 5606/5606/5606 5611/5611/5611
f 5510/5510/5510 5605/5605/5605 5611/5611/5611
f 5608/5608/5608 5606/5606/5606 5605/5605/5605
f 5511/5511/5511 5595/5595/5595 5608/5608/5608
f 5605/5605/5605 5511/5511/5511 5608/5608/5608
f 5600/5600/5600 5598/5598/5598 5597/5597/5597
f 5597/5597/5597 5599/5599/5599 5600/5600/5600
f 5592/5592/5592 5600/5600/5600 5599/5599/5599
f 5599/5599/5599 5586/5586/5586 5592/5592/5592
f 5603/5603/5603 5601/5601/5601 5595/5595/5595
f 5595/5595/5595 5602/5602/5602 5603/5603/5603
f 5598/5598/5598 5603/5603/5603 5602/5602/5602
f 5602/5602/5602 5597/5597/5597 5598/5598/5598
f 5602/5602/5602 5595/5595/5595 5511/5511/5511
f 5596/5596/5596 5597/5597/5597 5602/5602/5602
f 5511/5511/5511 5596/5596/5596 5602/5602/5602
f 5599/5599/5599 5597/5597/5597 5596/5596/5596
f 5512/5512/5512 5586/5586/5586 5599/5599/5599
f 5596/5596/5596 5512/5512/5512 5599/5599/5599
f 5591/5591/5591 5589/5589/5589 5588/5588/5588
f 5588/5588/5588 5590/5590/5590 5591/5591/5591
f 5583/5583/5583 5591/5591/5591 5590/5590/5590
f 5590/5590/5590 5577/5577/5577 5583/5583/5583
f 5594/5594/5594 5592/5592/5592 5586/5586/5586
f 5586/5586/5586 5593/5593/5593 5594/5594/5594
f 5589/5589/5589 5594/5594/5594 5593/5593/5593
f 5593/5593/5593 5588/5588/5588 5589/5589/5589
f 5593/5593/5593 5586/5586/5586 5512/5512/5512
f 5587/5587/5587 5588/5588/5588 5593/5593/5593
f 5512/5512/5512 5587/5587/5587 5593/5593/5593
f 5590/5590/5590 5588/5588/5588 5587/5587/5587
f 5513/5513/5513 5577/5577/5577 5590/5590/5590
f 5587/5587/5587 5513/5513/5513 5590/5590/5590
f 5582/5582/5582 5580/5580/5580 5579/5579/5579
f 5579/5579/5579 5581/5581/5581 5582/5582/5582
f 5585/5585/5585 5583/5583/5583 5577/5577/5577
f 5577/5577/5577 5584/5584/5584 5585/5585/5585
f 5580/5580/5580 5585/5585/5585 5584/5584/5584
f 5584/5584/5584 5579/5579/5579 5580/5580/5580
f 5584/5584/5584 5577/5577/5577 5513/5513/5513
f 5578/5578/5578 5579/5579/5579 5584/5584/5584
f 5513/5513/5513 5578/5578/5578 5584/5584/5584
f 5856/5856/5856 5864/5864/5864 5480/5480/5480
f 5856/5856/5856 5868/5868/5868 5482/5482/5482
f 5848/5848/5848 5482/5482/5482 5868/5868/5868
f 5863/5863/5863 5864/5864/5864 5856/5856/5856
f 5862/5862/5862 5863/5863/5863 5861/5861/5861
f 5861/5861/5861 5863/5863/5863 5856/5856/5856
f 5857/5857/5857 5861/5861/5861 5856/5856/5856
f 5480/5480/5480 5868/5868/5868 5856/5856/5856
f 5848/5848/5848 5868/5868/5868 5483/5483/5483
f 5868/5868/5868 5839/5839/5839 5483/5483/5483
f 5869/5869/5869 5839/5839/5839 5868/5868/5868
f 5869/5869/5869 5870/5870/5870 5485/5485/5485
f 5485/5485/5485 5830/5830/5830 5869/5869/5869
f 5869/5869/5869 5484/5484/5484 5839/5839/5839
f 5870/5870/5870 5821/5821/5821 5485/5485/5485
f 5830/5830/5830 5484/5484/5484 5869/5869/5869
f 5576/5576/5576 5862/5862/5862 5858/5858/5858
f 5575/5575/5575 5860/5860/5860 5853/5853/5853
f 5576/5576/5576 5858/5858/5858 5860/5860/5860
f 5574/5574/5574 5855/5855/5855 5850/5850/5850
f 5573/5573/5573 5852/5852/5852 5844/5844/5844
f 5573/5573/5573 5844/5844/5844 5846/5846/5846
f 5574/5574/5574 5850/5850/5850 5852/5852/5852
f 5575/5575/5575 5853/5853/5853 5855/5855/5855
f 5572/5572/5572 5841/5841/5841 5843/5843/5843
f 5571/5571/5571 5835/5835/5835 5837/5837/5837
f 5571/5571/5571 5843/5843/5843 5835/5835/5835
f 5832/5832/5832 5834/5834/5834 5569/5569/5569
f 5569/5569/5569 5570/5570/5570 5832/5832/5832
f 5568/5568/5568 5826/5826/5826 5828/5828/5828
f 5568/5568/5568 5828/5828/5828 5823/5823/5823
f 5569/5569/5569 5834/5834/5834 5826/5826/5826
f 5570/5570/5570 5837/5837/5837 5832/5832/5832
f 5572/5572/5572 5846/5846/5846 5841/5841/5841
f 5486/5486/5486 5821/5821/5821 5870/5870/5870
f 5481/5481/5481 5863/5863/5863 5862/5862/5862
f 5812/5812/5812 5486/5486/5486 5870/5870/5870
f 5487/5487/5487 5812/5812/5812 5871/5871/5871
f 5812/5812/5812 5870/5870/5870 5871/5871/5871
f 5871/5871/5871 5872/5872/5872 5794/5794/5794
f 5794/5794/5794 5488/5488/5488 5871/5871/5871
f 5871/5871/5871 5803/5803/5803 5487/5487/5487
f 5872/5872/5872 5489/5489/5489 5794/5794/5794
f 5488/5488/5488 5803/5803/5803 5871/5871/5871
f 5489/5489/5489 5872/5872/5872 5785/5785/5785
f 5767/5767/5767 5491/5491/5491 5873/5873/5873
f 5874/5874/5874 5875/5875/5875 5493/5493/5493
f 5493/5493/5493 5758/5758/5758 5874/5874/5874
f 5874/5874/5874 5767/5767/5767 5873/5873/5873
f 5490/5490/5490 5785/5785/5785 5873/5873/5873
f 5776/5776/5776 5873/5873/5873 5491/5491/5491
f 5873/5873/5873 5776/5776/5776 5490/5490/5490
f 5876/5876/5876 5877/5877/5877 5722/5722/5722
f 5722/5722/5722 5496/5496/5496 5876/5876/5876
f 5875/5875/5875 5876/5876/5876 5495/5495/5495
f 5495/5495/5495 5740/5740/5740 5875/5875/5875
f 5872/5872/5872 5873/5873/5873 5785/5785/5785
f 5874/5874/5874 5758/5758/5758 5492/5492/5492
f 5492/5492/5492 5767/5767/5767 5874/5874/5874
f 5566/5566/5566 5817/5817/5817 5819/5819/5819
f 5565/5565/5565 5814/5814/5814 5816/5816/5816
f 5565/5565/5565 5816/5816/5816 5808/5808/5808
f 5566/5566/5566 5819/5819/5819 5814/5814/5814
f 5567/5567/5567 5825/5825/5825 5817/5817/5817
f 5875/5875/5875 5749/5749/5749 5493/5493/5493
f 5875/5875/5875 5740/5740/5740 5494/5494/5494
f 5494/5494/5494 5749/5749/5749 5875/5875/5875
f 5876/5876/5876 5731/5731/5731 5495/5495/5495
f 5877/5877/5877 5497/5497/5497 5722/5722/5722
f 5496/5496/5496 5731/5731/5731 5876/5876/5876
f 5497/5497/5497 5877/5877/5877 5713/5713/5713
f 5567/5567/5567 5823/5823/5823 5825/5825/5825
f 5576/5576/5576 5860/5860/5860 5575/5575/5575
f 5807/5807/5807 5564/5564/5564 5805/5805/5805
f 5805/5805/5805 5564/5564/5564 5810/5810/5810
f 5481/5481/5481 5862/5862/5862 5576/5576/5576
f 5801/5801/5801 5563/5563/5563 5799/5799/5799
f 5799/5799/5799 5563/5563/5563 5807/5807/5807
f 5801/5801/5801 5796/5796/5796 5562/5562/5562
f 5808/5808/5808 5810/5810/5810 5565/5565/5565
f 5798/5798/5798 5562/5562/5562 5796/5796/5796
f 5792/5792/5792 5561/5561/5561 5790/5790/5790
f 5790/5790/5790 5561/5561/5561 5798/5798/5798
f 5789/5789/5789 5560/5560/5560 5787/5787/5787
f 5783/5783/5783 5559/5559/5559 5781/5781/5781
f 5778/5778/5778 5558/5558/5558 5783/5783/5783
f 5781/5781/5781 5559/5559/5559 5789/5789/5789
f 5787/5787/5787 5560/5560/5560 5792/5792/5792
f 5780/5780/5780 5558/5558/5558 5778/5778/5778
f 5574/5574/5574 5575/5575/5575 5855/5855/5855
f 5572/5572/5572 5573/5573/5573 5846/5846/5846
f 5574/5574/5574 5852/5852/5852 5573/5573/5573
f 5570/5570/5570 5571/5571/5571 5837/5837/5837
f 5568/5568/5568 5569/5569/5569 5826/5826/5826
f 5567/5567/5567 5568/5568/5568 5823/5823/5823
f 5572/5572/5572 5843/5843/5843 5571/5571/5571
f 5565/5565/5565 5566/5566/5566 5814/5814/5814
f 5807/5807/5807 5563/5563/5563 5564/5564/5564
f 5564/5564/5564 5565/5565/5565 5810/5810/5810
f 5798/5798/5798 5561/5561/5561 5562/5562/5562
f 5789/5789/5789 5559/5559/5559 5560/5560/5560
f 5783/5783/5783 5558/5558/5558 5559/5559/5559
f 5560/5560/5560 5561/5561/5561 5792/5792/5792
f 5562/5562/5562 5563/5563/5563 5801/5801/5801
f 5567/5567/5567 5817/5817/5817 5566/5566/5566
f 5558/5558/5558 5780/5780/5780 5557/5557/5557
f 5557/5557/5557 5772/5772/5772 5774/5774/5774
f 5556/5556/5556 5769/5769/5769 5771/5771/5771
f 5556/5556/5556 5774/5774/5774 5769/5769/5769
f 5555/5555/5555 5763/5763/5763 5765/5765/5765
f 5554/5554/5554 5760/5760/5760 5762/5762/5762
f 5553/5553/5553 5762/5762/5762 5754/5754/5754
f 5554/5554/5554 5765/5765/5765 5760/5760/5760
f 5555/5555/5555 5771/5771/5771 5763/5763/5763
f 5552/5552/5552 5756/5756/5756 5751/5751/5751
f 5551/5551/5551 5753/5753/5753 5745/5745/5745
f 5552/5552/5552 5751/5751/5751 5753/5753/5753
f 5550/5550/5550 5747/5747/5747 5742/5742/5742
f 5549/5549/5549 5744/5744/5744 5736/5736/5736
f 5549/5549/5549 5736/5736/5736 5738/5738/5738
f 5550/5550/5550 5742/5742/5742 5744/5744/5744
f 5551/5551/5551 5745/5745/5745 5747/5747/5747
f 5553/5553/5553 5754/5754/5754 5756/5756/5756
f 5556/5556/5556 5557/5557/5557 5774/5774/5774
f 5554/5554/5554 5555/5555/5555 5765/5765/5765
f 5556/5556/5556 5771/5771/5771 5555/5555/5555
f 5552/5552/5552 5553/5553/5553 5756/5756/5756
f 5550/5550/5550 5551/5551/5551 5747/5747/5747
f 5549/5549/5549 5550/5550/5550 5744/5744/5744
f 5552/5552/5552 5753/5753/5753 5551/5551/5551
f 5554/5554/5554 5762/5762/5762 5553/5553/5553
f 5548/5548/5548 5733/5733/5733 5735/5735/5735
f 5547/5547/5547 5727/5727/5727 5729/5729/5729
f 5547/5547/5547 5735/5735/5735 5727/5727/5727
f 5547/5547/5547 5548/5548/5548 5735/5735/5735
f 5726/5726/5726 5546/5546/5546 5724/5724/5724
f 5729/5729/5729 5546/5546/5546 5547/5547/5547
f 5498/5498/5498 5546/5546/5546 5726/5726/5726
f 5729/5729/5729 5724/5724/5724 5546/5546/5546
f 5738/5738/5738 5548/5548/5548 5549/5549/5549
f 5733/5733/5733 5548/5548/5548 5738/5738/5738
f 5780/5780/5780 5772/5772/5772 5557/5557/5557
f 5878/5878/5878 5499/5499/5499 5713/5713/5713
f 5500/5500/5500 5704/5704/5704 5878/5878/5878
f 5499/5499/5499 5878/5878/5878 5704/5704/5704
f 5878/5878/5878 5713/5713/5713 5877/5877/5877
f 5498/5498/5498 5718/5718/5718 5720/5720/5720
f 5545/5545/5545 5715/5715/5715 5717/5717/5717
f 5545/5545/5545 5720/5720/5720 5715/5715/5715
f 5695/5695/5695 5500/5500/5500 5878/5878/5878
f 5501/5501/5501 5695/5695/5695 5879/5879/5879
f 5695/5695/5695 5878/5878/5878 5879/5879/5879
f 5879/5879/5879 5880/5880/5880 5502/5502/5502
f 5502/5502/5502 5686/5686/5686 5879/5879/5879
f 5879/5879/5879 5686/5686/5686 5501/5501/5501
f 5880/5880/5880 5677/5677/5677 5502/5502/5502
f 5880/5880/5880 5503/5503/5503 5677/5677/5677
f 5503/5503/5503 5880/5880/5880 5668/5668/5668
f 5544/5544/5544 5709/5709/5709 5711/5711/5711
f 5543/5543/5543 5706/5706/5706 5708/5708/5708
f 5543/5543/5543 5711/5711/5711 5706/5706/5706
f 5542/5542/5542 5700/5700/5700 5702/5702/5702
f 5541/5541/5541 5697/5697/5697 5699/5699/5699
f 5540/5540/5540 5699/5699/5699 5691/5691/5691
f 5541/5541/5541 5702/5702/5702 5697/5697/5697
f 5542/5542/5542 5708/5708/5708 5700/5700/5700
f 5539/5539/5539 5693/5693/5693 5688/5688/5688
f 5538/5538/5538 5690/5690/5690 5682/5682/5682
f 5688/5688/5688 5690/5690/5690 5538/5538/5538
f 5538/5538/5538 5539/5539/5539 5688/5688/5688
f 5537/5537/5537 5684/5684/5684 5679/5679/5679
f 5536/5536/5536 5681/5681/5681 5673/5673/5673
f 5535/5535/5535 5673/5673/5673 5675/5675/5675
f 5536/5536/5536 5679/5679/5679 5681/5681/5681
f 5537/5537/5537 5682/5682/5682 5684/5684/5684
f 5540/5540/5540 5691/5691/5691 5693/5693/5693
f 5544/5544/5544 5717/5717/5717 5709/5709/5709
f 5881/5881/5881 5504/5504/5504 5668/5668/5668
f 5659/5659/5659 5504/5504/5504 5881/5881/5881
f 5881/5881/5881 5668/5668/5668 5880/5880/5880
f 5881/5881/5881 5882/5882/5882 5650/5650/5650
f 5650/5650/5650 5505/5505/5505 5881/5881/5881
f 5881/5881/5881 5505/5505/5505 5659/5659/5659
f 5882/5882/5882 5506/5506/5506 5650/5650/5650
f 5882/5882/5882 5641/5641/5641 5506/5506/5506
f 5882/5882/5882 5883/5883/5883 5507/5507/5507
f 5507/5507/5507 5641/5641/5641 5882/5882/5882
f 5623/5623/5623 5508/5508/5508 5883/5883/5883
f 5885/5885/5885 5886/5886/5886 5512/5512/5512
f 5512/5512/5512 5596/5596/5596 5885/5885/5885
f 5884/5884/5884 5623/5623/5623 5883/5883/5883
f 5632/5632/5632 5507/5507/5507 5883/5883/5883
f 5884/5884/5884 5885/5885/5885 5510/5510/5510
f 5510/5510/5510 5614/5614/5614 5884/5884/5884
f 5883/5883/5883 5508/5508/5508 5632/5632/5632
f 5578/5578/5578 5865/5865/5865 5866/5866/5866
f 5886/5886/5886 5865/5865/5865 5578/5578/5578
f 5578/5578/5578 5513/5513/5513 5886/5886/5886
f 5884/5884/5884 5509/5509/5509 5623/5623/5623
f 5614/5614/5614 5509/5509/5509 5884/5884/5884
f 5534/5534/5534 5670/5670/5670 5672/5672/5672
f 5534/5534/5534 5664/5664/5664 5666/5666/5666
f 5534/5534/5534 5672/5672/5672 5664/5664/5664
f 5605/5605/5605 5510/5510/5510 5885/5885/5885
f 5885/5885/5885 5596/5596/5596 5511/5511/5511
f 5886/5886/5886 5587/5587/5587 5512/5512/5512
f 5579/5579/5579 5578/5578/5578 5581/5581/5581
f 5867/5867/5867 5581/5581/5581 5578/5578/5578
f 5582/5582/5582 5581/5581/5581 5867/5867/5867
f 5867/5867/5867 5578/5578/5578 5866/5866/5866
f 5513/5513/5513 5587/5587/5587 5886/5886/5886
f 5511/5511/5511 5605/5605/5605 5885/5885/5885
f 5535/5535/5535 5675/5675/5675 5670/5670/5670
f 5544/5544/5544 5711/5711/5711 5543/5543/5543
f 5655/5655/5655 5532/5532/5532 5663/5663/5663
f 5663/5663/5663 5533/5533/5533 5661/5661/5661
f 5498/5498/5498 5720/5720/5720 5545/5545/5545
f 5657/5657/5657 5652/5652/5652 5531/5531/5531
f 5544/5544/5544 5545/5545/5545 5717/5717/5717
f 5532/5532/5532 5655/5655/5655 5657/5657/5657
f 5661/5661/5661 5533/5533/5533 5666/5666/5666
f 5654/5654/5654 5531/5531/5531 5652/5652/5652
f 5648/5648/5648 5530/5530/5530 5646/5646/5646
f 5646/5646/5646 5530/5530/5530 5654/5654/5654
f 5645/5645/5645 5529/5529/5529 5643/5643/5643
f 5639/5639/5639 5528/5528/5528 5637/5637/5637
f 5634/5634/5634 5527/5527/5527 5639/5639/5639
f 5637/5637/5637 5528/5528/5528 5645/5645/5645
f 5643/5643/5643 5529/5529/5529 5648/5648/5648
f 5636/5636/5636 5527/5527/5527 5634/5634/5634
f 5542/5542/5542 5543/5543/5543 5708/5708/5708
f 5540/5540/5540 5541/5541/5541 5699/5699/5699
f 5542/5542/5542 5702/5702/5702 5541/5541/5541
f 5536/5536/5536 5537/5537/5537 5679/5679/5679
f 5535/5535/5535 5536/5536/5536 5673/5673/5673
f 5538/5538/5538 5682/5682/5682 5537/5537/5537
f 5540/5540/5540 5693/5693/5693 5539/5539/5539
f 5533/5533/5533 5534/5534/5534 5666/5666/5666
f 5657/5657/5657 5531/5531/5531 5532/5532/5532
f 5532/5532/5532 5533/5533/5533 5663/5663/5663
f 5648/5648/5648 5529/5529/5529 5530/5530/5530
f 5639/5639/5639 5527/5527/5527 5528/5528/5528
f 5636/5636/5636 5526/5526/5526 5527/5527/5527
f 5528/5528/5528 5529/5529/5529 5645/5645/5645
f 5530/5530/5530 5531/5531/5531 5654/5654/5654
f 5535/5535/5535 5670/5670/5670 5534/5534/5534
f 5526/5526/5526 5636/5636/5636 5628/5628/5628
f 5525/5525/5525 5526/5526/5526 5628/5628/5628
f 5628/5628/5628 5630/5630/5630 5525/5525/5525
f 5525/5525/5525 5625/5625/5625 5627/5627/5627
f 5525/5525/5525 5630/5630/5630 5625/5625/5625
f 5524/5524/5524 5619/5619/5619 5621/5621/5621
f 5523/5523/5523 5616/5616/5616 5618/5618/5618
f 5522/5522/5522 5618/5618/5618 5610/5610/5610
f 5523/5523/5523 5621/5621/5621 5616/5616/5616
f 5524/5524/5524 5627/5627/5627 5619/5619/5619
f 5521/5521/5521 5612/5612/5612 5607/5607/5607
f 5520/5520/5520 5609/5609/5609 5601/5601/5601
f 5521/5521/5521 5607/5607/5607 5609/5609/5609
f 5519/5519/5519 5603/5603/5603 5598/5598/5598
f 5518/5518/5518 5600/5600/5600 5592/5592/5592
f 5518/5518/5518 5592/5592/5592 5594/5594/5594
f 5519/5519/5519 5598/5598/5598 5600/5600/5600
f 5520/5520/5520 5601/5601/5601 5603/5603/5603
f 5522/5522/5522 5610/5610/5610 5612/5612/5612
f 5524/5524/5524 5525/5525/5525 5627/5627/5627
f 5522/5522/5522 5523/5523/5523 5618/5618/5618
f 5524/5524/5524 5621/5621/5621 5523/5523/5523
f 5520/5520/5520 5521/5521/5521 5609/5609/5609
f 5518/5518/5518 5519/5519/5519 5600/5600/5600
f 5517/5517/5517 5518/5518/5518 5594/5594/5594
f 5520/5520/5520 5603/5603/5603 5519/5519/5519
f 5522/5522/5522 5612/5612/5612 5521/5521/5521
f 5516/5516/5516 5517/5517/5517 5589/5589/5589
f 5589/5589/5589 5591/5591/5591 5516/5516/5516
f 5516/5516/5516 5583/5583/5583 5585/5585/5585
f 5516/5516/5516 5591/5591/5591 5583/5583/5583
f 5515/5515/5515 5516/5516/5516 5585/5585/5585
f 5514/5514/5514 5515/5515/5515 5580/5580/5580
f 5580/5580/5580 5582/5582/5582 5514/5514/5514
f 5867/5867/5867 5514/5514/5514 5582/5582/5582
f 5515/5515/5515 5585/5585/5585 5580/5580/5580
f 5594/5594/5594 5589/5589/5589 5517/5517/5517
f 5726/5726/5726 5718/5718/5718 5498/5498/5498

