# https://github.com/mikedh/trimesh
mtllib leg_link5.mtl
usemtl metal_black
v 0.02370500 -0.10020300 0.04755200
v 0.01185200 -0.10020300 0.04755200
v 0.00000000 -0.10020300 0.04755200
v -0.01185300 -0.10020300 0.04755200
v -0.02370500 -0.10020300 0.04755200
v 0.03555700 -0.10020300 0.03566400
v 0.02370500 -0.10020300 0.03566400
v 0.01185200 -0.10020300 0.03566400
v 0.00000000 -0.10020300 0.03566400
v -0.01185300 -0.10020300 0.03566400
v -0.02370500 -0.10020300 0.03566400
v -0.03555700 -0.10020200 0.03566400
v 0.04740900 -0.10020300 0.02377600
v 0.03555700 -0.10020300 0.02377600
v 0.02370500 -0.10020300 0.02377600
v 0.01185200 -0.10020300 0.02377600
v 0.00000000 -0.10020300 0.02377600
v -0.01185300 -0.10020300 0.02377600
v -0.02370500 -0.10020300 0.02377600
v -0.03555700 -0.10020200 0.02377600
v -0.04741000 -0.10020200 0.02377600
v 0.04740900 -0.10020300 0.01188800
v 0.03555700 -0.10020300 0.01188800
v 0.02370500 -0.10020300 0.01188800
v 0.01185200 -0.10020300 0.01188800
v 0.00000000 -0.10020300 0.01188800
v -0.01185300 -0.10020300 0.01188800
v -0.02370500 -0.10020300 0.01188800
v -0.03555700 -0.10020200 0.01188800
v -0.04741000 -0.10020200 0.01188800
v 0.04740900 -0.10020300 0.00000000
v 0.03555700 -0.10020300 0.00000000
v 0.02370500 -0.10020300 0.00000000
v 0.01185200 -0.10020300 0.00000000
v 0.00000000 -0.10020300 0.00000000
v -0.01185300 -0.10020300 0.00000000
v -0.02370500 -0.10020300 0.00000000
v -0.03555700 -0.10020200 0.00000000
v -0.04741000 -0.10020200 0.00000000
v 0.04740900 -0.10020300 -0.01188800
v 0.03555700 -0.10020300 -0.01188800
v 0.02370500 -0.10020300 -0.01188800
v 0.01185200 -0.10020300 -0.01188800
v 0.00000000 -0.10020300 -0.01188800
v -0.01185300 -0.10020300 -0.01188800
v -0.02370500 -0.10020300 -0.01188800
v -0.03555700 -0.10020200 -0.01188800
v -0.04741000 -0.10020200 -0.01188800
v 0.04740900 -0.10020300 -0.02377600
v 0.03555700 -0.10020300 -0.02377600
v 0.02370500 -0.10020300 -0.02377600
v 0.01185200 -0.10020300 -0.02377600
v 0.00000000 -0.10020300 -0.02377600
v -0.01185300 -0.10020300 -0.02377600
v -0.02370500 -0.10020300 -0.02377600
v -0.03555700 -0.10020200 -0.02377600
v -0.04741000 -0.10020200 -0.02377600
v 0.03555700 -0.10020300 -0.03566400
v 0.02370500 -0.10020300 -0.03566400
v 0.01185200 -0.10020300 -0.03566400
v 0.00000000 -0.10020300 -0.03566400
v -0.01185300 -0.10020300 -0.03566400
v -0.02370500 -0.10020300 -0.03566400
v -0.03555700 -0.10020200 -0.03566400
v 0.02370500 -0.10020300 -0.04755200
v 0.01185200 -0.10020300 -0.04755200
v 0.00000000 -0.10020300 -0.04755200
v -0.01185300 -0.10020300 -0.04755200
v -0.02370500 -0.10020300 -0.04755200
v 0.04092100 -0.10020300 0.04140200
v 0.04382600 -0.10020300 0.03829800
v 0.04519000 -0.10020300 0.03666800
v 0.04649400 -0.10020300 0.03498800
v 0.04773500 -0.10020300 0.03326200
v 0.04891200 -0.10020300 0.03149200
v 0.05005800 -0.10020300 0.02962300
v 0.05113300 -0.10020300 0.02771300
v 0.05207700 -0.10020300 0.02588200
v 0.05295600 -0.10020300 0.02401900
v 0.05379300 -0.10020300 0.02206600
v 0.05455800 -0.10020300 0.02008200
v 0.05524900 -0.10020300 0.01807200
v 0.05586600 -0.10020300 0.01603800
v 0.05640900 -0.10020300 0.01398200
v 0.05687800 -0.10020300 0.01190800
v 0.05727100 -0.10020300 0.00981900
v 0.05758900 -0.10020300 0.00771700
v 0.05783100 -0.10020300 0.00560400
v 0.05799600 -0.10020300 0.00348600
v 0.05808300 -0.10020300 0.00136100
v 0.05809300 -0.10020300 -0.00076500
v 0.05802700 -0.10020300 -0.00288900
v 0.05788400 -0.10020300 -0.00501000
v 0.05766500 -0.10020300 -0.00712500
v 0.05736900 -0.10020300 -0.00923000
v 0.05699700 -0.10020300 -0.01132300
v 0.05654900 -0.10020300 -0.01340100
v 0.05602700 -0.10020300 -0.01546200
v 0.05543100 -0.10020300 -0.01750300
v 0.05476100 -0.10020300 -0.01952100
v 0.05401600 -0.10020300 -0.02151200
v 0.05323400 -0.10020300 -0.02339200
v 0.05238700 -0.10020300 -0.02524400
v 0.05139200 -0.10020300 -0.02722400
v 0.05032400 -0.10020300 -0.02916400
v 0.04923100 -0.10020300 -0.03098700
v 0.04807200 -0.10020300 -0.03277000
v 0.04684900 -0.10020300 -0.03450900
v 0.04556400 -0.10020300 -0.03620100
v 0.04416700 -0.10020300 -0.03790500
v 0.04270400 -0.10020300 -0.03955400
v 0.03982300 -0.10020300 -0.04246500
v 0.03662400 -0.10020300 -0.04526500
v 0.03322800 -0.10020300 -0.04782300
v 0.02965600 -0.10020300 -0.05012600
v 0.02592400 -0.10020300 -0.05216300
v 0.02222800 -0.10020300 -0.05385000
v 0.01806500 -0.10020300 -0.05538900
v 0.01397900 -0.10020300 -0.05656200
v 0.00990600 -0.10020300 -0.05742000
v 0.00560400 -0.10020300 -0.05800300
v 0.00136100 -0.10020300 -0.05825800
v -0.00272900 -0.10020300 -0.05821000
v -0.00716700 -0.10020300 -0.05782800
v -0.01139600 -0.10020300 -0.05714200
v -0.01545800 -0.10020300 -0.05617600
v -0.01951200 -0.10020300 -0.05489600
v -0.02362200 -0.10020300 -0.05325000
v -0.02716500 -0.10020200 -0.05152400
v -0.03095900 -0.10020200 -0.04932800
v -0.03447100 -0.10020200 -0.04693200
v -0.03779800 -0.10020200 -0.04428600
v -0.04092100 -0.10020200 -0.04140200
v -0.04382500 -0.10020200 -0.03829700
v -0.04519000 -0.10020200 -0.03666700
v -0.04649400 -0.10020200 -0.03498800
v -0.04773600 -0.10020200 -0.03326300
v -0.04891400 -0.10020200 -0.03149400
v -0.05006000 -0.10020200 -0.02962500
v -0.05113500 -0.10020200 -0.02771300
v -0.05207800 -0.10020200 -0.02588300
v -0.05295500 -0.10020200 -0.02402000
v -0.05379200 -0.10020200 -0.02206500
v -0.05455600 -0.10020200 -0.02008200
v -0.05524800 -0.10020200 -0.01807200
v -0.05586600 -0.10020200 -0.01603800
v -0.05641000 -0.10020200 -0.01398200
v -0.05687900 -0.10020200 -0.01190800
v -0.05727200 -0.10020200 -0.00981900
v -0.05758900 -0.10020200 -0.00771800
v -0.05783100 -0.10020200 -0.00560500
v -0.05799500 -0.10020200 -0.00348600
v -0.05808100 -0.10020200 -0.00145000
v -0.05809600 -0.10020200 0.00058700
v -0.05803200 -0.10020200 0.00280100
v -0.05788500 -0.10020200 0.00501000
v -0.05766500 -0.10020200 0.00712500
v -0.05736800 -0.10020200 0.00923000
v -0.05699600 -0.10020200 0.01132300
v -0.05654800 -0.10020200 0.01340100
v -0.05602600 -0.10020200 0.01546200
v -0.05543000 -0.10020200 0.01750200
v -0.05475900 -0.10020200 0.01952000
v -0.05401600 -0.10020200 0.02151100
v -0.05319900 -0.10020200 0.02347400
v -0.05231000 -0.10020200 0.02540500
v -0.05135200 -0.10020200 0.02730200
v -0.05032500 -0.10020200 0.02916400
v -0.04923200 -0.10020200 0.03098700
v -0.04807200 -0.10020200 0.03277000
v -0.04684900 -0.10020200 0.03450800
v -0.04556300 -0.10020200 0.03620100
v -0.04416600 -0.10020200 0.03790400
v -0.04270400 -0.10020200 0.03955300
v -0.03982300 -0.10020200 0.04246500
v -0.03662400 -0.10020200 0.04526600
v -0.03322900 -0.10020200 0.04782200
v -0.02965500 -0.10020200 0.05012500
v -0.02592400 -0.10020200 0.05216200
v -0.02205400 -0.10020300 0.05392100
v -0.01806400 -0.10020300 0.05539000
v -0.01397900 -0.10020300 0.05656300
v -0.00990600 -0.10020300 0.05742000
v -0.00566100 -0.10020300 0.05799700
v -0.00136100 -0.10020300 0.05825800
v 0.00272800 -0.10020300 0.05821000
v 0.00716800 -0.10020300 0.05782800
v 0.01139600 -0.10020300 0.05714200
v 0.01545700 -0.10020300 0.05617600
v 0.01951100 -0.10020300 0.05489600
v 0.02362200 -0.10020300 0.05325000
v 0.02716500 -0.10020300 0.05152300
v 0.03096000 -0.10020300 0.04932700
v 0.03447100 -0.10020300 0.04693200
v 0.03779800 -0.10020300 0.04428600
v 0.04148300 -0.10020300 0.03566400
v 0.04148300 -0.10020300 0.02377600
v 0.03555700 -0.10020300 0.02972000
v 0.04740900 -0.10020300 0.02972000
v 0.04148300 -0.10020300 0.02972000
v 0.05333600 -0.10020300 0.01188800
v 0.04740900 -0.10020300 0.01783200
v 0.05333600 -0.10020300 0.01783200
v 0.05333600 -0.10020300 0.00000000
v 0.04740900 -0.10020300 0.00594400
v 0.05333600 -0.10020300 0.00594400
v 0.05333600 -0.10020300 -0.01188800
v 0.04740900 -0.10020300 -0.00594400
v 0.05333600 -0.10020300 -0.00594400
v 0.04740900 -0.10020300 -0.01783200
v 0.05333600 -0.10020300 -0.01783200
v 0.04740900 -0.10020300 -0.02972000
v 0.04148300 -0.10020300 -0.03566400
v 0.03555700 -0.10020300 -0.02972000
v 0.04148300 -0.10020300 -0.02377600
v 0.04148300 -0.10020300 -0.02972000
v -0.01777900 -0.10020300 -0.04755200
v -0.01185300 -0.10020300 -0.05349500
v -0.01777900 -0.10020300 -0.05349500
v -0.04148400 -0.10020200 -0.03566400
v -0.04741000 -0.10020200 -0.02972000
v -0.04148400 -0.10020200 -0.02377600
v -0.03555700 -0.10020200 -0.02972000
v -0.04148400 -0.10020200 -0.02972000
v -0.05333600 -0.10020200 -0.01188800
v -0.04741000 -0.10020200 -0.01783200
v -0.05333600 -0.10020200 -0.01783200
v -0.05333600 -0.10020200 0.00000000
v -0.04741000 -0.10020200 -0.00594400
v -0.05333600 -0.10020200 -0.00594400
v -0.05333600 -0.10020200 0.01188800
v -0.04741000 -0.10020200 0.00594400
v -0.05333600 -0.10020200 0.00594400
v -0.04741000 -0.10020200 0.01783200
v -0.05333600 -0.10020200 0.01783200
v -0.04741000 -0.10020200 0.02972000
v -0.04148400 -0.10020200 0.02377600
v -0.04148400 -0.10020200 0.03566400
v -0.03555700 -0.10020200 0.02972000
v -0.04148400 -0.10020200 0.02972000
v 0.01777800 -0.10020300 0.04755200
v 0.01185200 -0.10020300 0.05349500
v 0.01777800 -0.10020300 0.05349500
v 0.02662400 -0.13650800 0.04445000
v 0.00887400 -0.13650800 0.04445000
v -0.00887500 -0.13650800 0.04445000
v -0.02662500 -0.13650800 0.04445000
v 0.04437300 -0.13650800 0.02667000
v 0.02662400 -0.13650800 0.02667000
v 0.00887400 -0.13650800 0.02667000
v -0.00887500 -0.13650800 0.02667000
v -0.02662500 -0.13650800 0.02667000
v -0.04437400 -0.13650900 0.02667000
v 0.04437300 -0.13650800 0.00889000
v 0.02662400 -0.13650800 0.00889000
v 0.00887400 -0.13650800 0.00889000
v -0.00887500 -0.13650800 0.00889000
v -0.02662500 -0.13650800 0.00889000
v -0.04437400 -0.13650900 0.00889000
v 0.04437300 -0.13650800 -0.00889000
v 0.02662400 -0.13650800 -0.00889000
v 0.00887400 -0.13650800 -0.00889000
v -0.00887500 -0.13650800 -0.00889000
v -0.02662500 -0.13650800 -0.00889000
v -0.04437400 -0.13650900 -0.00889000
v 0.04437300 -0.13650800 -0.02667000
v 0.02662400 -0.13650800 -0.02667000
v 0.00887400 -0.13650800 -0.02667000
v -0.00887500 -0.13650800 -0.02667000
v -0.02662500 -0.13650800 -0.02667000
v -0.04437400 -0.13650900 -0.02667000
v 0.02662400 -0.13650800 -0.04445000
v 0.00887400 -0.13650800 -0.04445000
v -0.00887500 -0.13650800 -0.04445000
v -0.02662500 -0.13650800 -0.04445000
v 0.00000000 -0.13650800 -0.06222900
v -0.00372900 -0.13650800 -0.06211800
v -0.00744500 -0.13650800 -0.06178100
v -0.01113300 -0.13650800 -0.06122200
v -0.01478200 -0.13650800 -0.06044300
v -0.01837700 -0.13650800 -0.05944700
v -0.02190600 -0.13650800 -0.05823700
v -0.02535600 -0.13650800 -0.05681700
v -0.02871400 -0.13650800 -0.05519100
v -0.03196800 -0.13650800 -0.05336700
v -0.03510800 -0.13650900 -0.05135200
v -0.03812100 -0.13650900 -0.04915200
v -0.04099700 -0.13650900 -0.04677500
v -0.04372300 -0.13650900 -0.04422800
v -0.00887500 -0.13650800 -0.05334000
v 0.00000000 -0.13650800 -0.04445000
v 0.00887400 -0.13650800 -0.05334000
v 0.00000000 -0.13650800 -0.05334000
v -0.01775000 -0.13650800 -0.04445000
v -0.01775000 -0.13650800 -0.05334000
v -0.03549900 -0.13650900 -0.04445000
v -0.04437400 -0.13650900 -0.03556000
v -0.03549900 -0.13650900 -0.02667000
v -0.02662500 -0.13650800 -0.03556000
v -0.03549900 -0.13650900 -0.03556000
v 0.00000000 -0.13650800 0.06222900
v 0.00372800 -0.13650800 0.06211800
v 0.00744400 -0.13650800 0.06178100
v 0.01113200 -0.13650800 0.06122200
v 0.01478100 -0.13650800 0.06044300
v 0.01837600 -0.13650800 0.05944700
v 0.02190500 -0.13650800 0.05823700
v 0.02535500 -0.13650800 0.05681700
v 0.02871300 -0.13650800 0.05519100
v 0.03196700 -0.13650800 0.05336700
v 0.03510700 -0.13650800 0.05135200
v 0.03812100 -0.13650800 0.04915200
v 0.04372200 -0.13650800 0.04422800
v 0.00000000 -0.13650800 0.04445000
v -0.00887500 -0.13650800 0.05334000
v 0.00887400 -0.13650800 0.05334000
v 0.00000000 -0.13650800 0.05334000
v 0.01774900 -0.13650800 0.04445000
v 0.01774900 -0.13650800 0.05334000
v 0.03549900 -0.13650800 0.04445000
v -0.06212400 -0.13650900 -0.00000100
v -0.06201000 -0.13650900 0.00378000
v -0.06166700 -0.13650900 0.00754700
v -0.06109600 -0.13650900 0.01128600
v -0.06030100 -0.13650900 0.01498400
v -0.05928400 -0.13650900 0.01862700
v -0.05804800 -0.13650900 0.02220100
v -0.05659500 -0.13650900 0.02569300
v -0.05493300 -0.13650900 0.02909000
v -0.05306800 -0.13650900 0.03237900
v -0.05100700 -0.13650900 0.03555000
v -0.04875800 -0.13650900 0.03859000
v -0.04632800 -0.13650900 0.04148700
v -0.04372300 -0.13650900 0.04422800
v -0.05324900 -0.13650900 -0.00889000
v -0.05324900 -0.13650900 0.00889000
v -0.04437400 -0.13650900 0.00000000
v -0.05324900 -0.13650900 0.00000000
v -0.05324900 -0.13650900 0.02667000
v -0.04437400 -0.13650900 0.01778000
v -0.05324900 -0.13650900 0.01778000
v -0.04437400 -0.13650900 0.03556000
v -0.03549900 -0.13650900 0.02667000
v -0.03549900 -0.13650900 0.04445000
v -0.02662500 -0.13650800 0.03556000
v -0.03549900 -0.13650900 0.03556000
v -0.04618900 -0.13650900 -0.04163900
v -0.04850200 -0.13650900 -0.03891100
v -0.05065400 -0.13650900 -0.03605500
v -0.05263800 -0.13650900 -0.03307900
v -0.05444700 -0.13650900 -0.02999500
v -0.05607600 -0.13650900 -0.02681100
v -0.05752000 -0.13650900 -0.02353800
v -0.05983100 -0.13650900 -0.01677200
v -0.05324900 -0.13650900 -0.02667000
v -0.04437400 -0.13650900 -0.01778000
v -0.05324900 -0.13650900 -0.01778000
v 0.06212300 -0.13650800 -0.00000100
v 0.06203100 -0.13650800 -0.00339500
v 0.06175400 -0.13650800 -0.00677900
v 0.06129500 -0.13650800 -0.01014300
v 0.05983100 -0.13650800 -0.01677200
v 0.05324800 -0.13650800 -0.00889000
v 0.04437300 -0.13650800 0.00000000
v 0.05324800 -0.13650800 0.00889000
v 0.05324800 -0.13650800 0.00000000
v 0.05324800 -0.13650800 -0.02667000
v 0.04437300 -0.13650800 -0.01778000
v 0.05324800 -0.13650800 -0.01778000
v 0.05877400 -0.13650800 -0.02018900
v 0.05752000 -0.13650800 -0.02353900
v 0.05607500 -0.13650800 -0.02681000
v 0.05444500 -0.13650800 -0.02999300
v 0.05263600 -0.13650800 -0.03307800
v 0.05065300 -0.13650800 -0.03605400
v 0.04850200 -0.13650800 -0.03891100
v 0.04619000 -0.13650800 -0.04163900
v 0.04372200 -0.13650800 -0.04422800
v 0.04437300 -0.13650800 -0.03556000
v 0.03549900 -0.13650800 -0.04445000
v 0.02662400 -0.13650800 -0.03556000
v 0.03549900 -0.13650800 -0.02667000
v 0.03549900 -0.13650800 -0.03556000
v 0.04099600 -0.13650800 -0.04677500
v 0.03816800 -0.13650800 -0.04911400
v 0.03510700 -0.13650800 -0.05135200
v 0.03196700 -0.13650800 -0.05336700
v 0.02871300 -0.13650800 -0.05519100
v 0.02535500 -0.13650800 -0.05681700
v 0.02190500 -0.13650800 -0.05823700
v 0.01837600 -0.13650800 -0.05944700
v 0.01478100 -0.13650800 -0.06044300
v 0.01113200 -0.13650800 -0.06122200
v 0.00744400 -0.13650800 -0.06178200
v 0.00372900 -0.13650800 -0.06211900
v 0.01774900 -0.13650800 -0.04445000
v 0.01774900 -0.13650800 -0.05334000
v -0.06065400 -0.13650900 -0.01347800
v -0.06129500 -0.13650900 -0.01014400
v -0.06175500 -0.13650900 -0.00677900
v -0.06203200 -0.13650900 -0.00339500
v -0.04099700 -0.13650900 0.04677500
v -0.03812100 -0.13650900 0.04915200
v -0.03510800 -0.13650900 0.05135200
v -0.03196800 -0.13650800 0.05336700
v -0.02871300 -0.13650800 0.05519100
v -0.02535600 -0.13650800 0.05681700
v -0.02190600 -0.13650800 0.05823700
v -0.01837700 -0.13650800 0.05944700
v -0.01478200 -0.13650800 0.06044300
v -0.01113300 -0.13650800 0.06122200
v -0.00744500 -0.13650800 0.06178100
v -0.00372900 -0.13650800 0.06211800
v -0.01775000 -0.13650800 0.04445000
v -0.01775000 -0.13650800 0.05334000
v 0.04632700 -0.13650800 0.04148700
v 0.04875700 -0.13650800 0.03859000
v 0.05100600 -0.13650800 0.03555000
v 0.05306700 -0.13650800 0.03237900
v 0.05493200 -0.13650800 0.02908900
v 0.05659500 -0.13650800 0.02569300
v 0.05804700 -0.13650800 0.02220100
v 0.05928300 -0.13650800 0.01862700
v 0.06030000 -0.13650800 0.01498400
v 0.06109500 -0.13650800 0.01128600
v 0.06166600 -0.13650800 0.00754700
v 0.06200900 -0.13650800 0.00378000
v 0.03549900 -0.13650800 0.02667000
v 0.02662400 -0.13650800 0.03556000
v 0.04437300 -0.13650800 0.03556000
v 0.03549900 -0.13650800 0.03556000
v 0.05324800 -0.13650800 0.02667000
v 0.04437300 -0.13650800 0.01778000
v 0.05324800 -0.13650800 0.01778000
v 0.00000000 -0.13476200 0.06370900
v 0.00000000 -0.13650800 0.06222900
v 0.00381600 -0.13540200 0.06356300
v 0.00379700 -0.13599500 0.06324600
v 0.00376400 -0.13638700 0.06270900
v 0.00372800 -0.13650800 0.06211800
v 0.00761700 -0.13540100 0.06321900
v 0.00757900 -0.13599400 0.06290400
v 0.00751500 -0.13638700 0.06236900
v 0.00744400 -0.13650800 0.06178100
v 0.01139200 -0.13540000 0.06264600
v 0.01133500 -0.13599400 0.06233400
v 0.01123900 -0.13638600 0.06180500
v 0.01113200 -0.13650800 0.06122200
v 0.01512600 -0.13539900 0.06185000
v 0.01505000 -0.13599300 0.06154200
v 0.01492200 -0.13638600 0.06101800
v 0.01478100 -0.13650800 0.06044300
v 0.01880500 -0.13539700 0.06083100
v 0.01871100 -0.13599200 0.06052800
v 0.01855200 -0.13638600 0.06001400
v 0.01837600 -0.13650800 0.05944700
v 0.02241600 -0.13539600 0.05959300
v 0.02230500 -0.13599200 0.05929700
v 0.02211500 -0.13638600 0.05879300
v 0.02190500 -0.13650800 0.05823700
v 0.02594700 -0.13539400 0.05814000
v 0.02581800 -0.13599100 0.05785100
v 0.02559700 -0.13638600 0.05735900
v 0.02535500 -0.13650800 0.05681700
v 0.02938300 -0.13539200 0.05647700
v 0.02923700 -0.13599000 0.05619700
v 0.02898700 -0.13638500 0.05571800
v 0.02871300 -0.13650800 0.05519100
v 0.03271400 -0.13539000 0.05461100
v 0.03255200 -0.13598900 0.05434000
v 0.03227300 -0.13638500 0.05387700
v 0.03196700 -0.13650800 0.05336700
v 0.03592700 -0.13538700 0.05254900
v 0.03574900 -0.13598700 0.05228900
v 0.03544400 -0.13638500 0.05184300
v 0.03510700 -0.13650800 0.05135200
v 0.03901200 -0.13538400 0.05029800
v 0.03881900 -0.13598600 0.05005000
v 0.03848600 -0.13638500 0.04962300
v 0.03812100 -0.13650800 0.04915200
v 0.04195500 -0.13538100 0.04786700
v 0.04174800 -0.13598500 0.04763100
v 0.04139000 -0.13638400 0.04722400
v 0.04476000 -0.13473100 0.04527500
v 0.04372200 -0.13650800 0.04422800
v 0.00000000 -0.13638200 0.06283100
v 0.00000000 -0.13597800 0.06337400
v 0.00000000 -0.13537600 0.06368400
v 0.00374600 -0.13648000 0.06240900
v 0.00188300 -0.13638700 0.06279400
v 0.00187400 -0.13648000 0.06249400
v 0.00378100 -0.13622300 0.06299600
v 0.00189900 -0.13599500 0.06333200
v 0.00189100 -0.13622400 0.06308100
v 0.00380800 -0.13571200 0.06344000
v 0.00190800 -0.13540200 0.06364900
v 0.00190500 -0.13571300 0.06352600
v 0.00381900 -0.13507100 0.06361400
v 0.00191000 -0.13507200 0.06370000
v 0.04475000 -0.13535200 0.04526500
v 0.04453500 -0.13596600 0.04504800
v 0.04415000 -0.13638000 0.04466000
v 0.04337000 -0.13538000 0.04658500
v 0.04198600 -0.13504700 0.04790200
v 0.04340200 -0.13504500 0.04661900
v 0.04315600 -0.13598400 0.04635600
v 0.04187600 -0.13569700 0.04777600
v 0.04328800 -0.13569600 0.04649700
v 0.04278600 -0.13638400 0.04595900
v 0.04158100 -0.13621800 0.04744200
v 0.04298400 -0.13621800 0.04617100
v 0.04119000 -0.13647900 0.04699600
v 0.04257900 -0.13647900 0.04573800
v 0.00122700 -0.13476200 0.06369800
v 0.00278800 -0.13476200 0.06364900
v 0.00434900 -0.13476100 0.06356100
v 0.00590500 -0.13476100 0.06343400
v 0.00745900 -0.13476100 0.06327000
v 0.00900800 -0.13476000 0.06306700
v 0.01055200 -0.13476000 0.06282600
v 0.01208900 -0.13475900 0.06254700
v 0.01362000 -0.13475900 0.06223100
v 0.01514100 -0.13475800 0.06187700
v 0.01665400 -0.13475700 0.06148700
v 0.01815700 -0.13475700 0.06105900
v 0.01964900 -0.13475600 0.06059500
v 0.02112800 -0.13475500 0.06009400
v 0.02259500 -0.13475400 0.05955700
v 0.02404800 -0.13475300 0.05898400
v 0.02548700 -0.13475200 0.05837500
v 0.02691000 -0.13475100 0.05773000
v 0.02831800 -0.13475000 0.05705100
v 0.02970700 -0.13474900 0.05633700
v 0.03107900 -0.13474700 0.05559000
v 0.03243200 -0.13474600 0.05480900
v 0.03376600 -0.13474500 0.05399600
v 0.03507900 -0.13474400 0.05315000
v 0.03637200 -0.13474200 0.05227200
v 0.03764300 -0.13474100 0.05136300
v 0.03889100 -0.13473900 0.05042200
v 0.04011500 -0.13473800 0.04945200
v 0.04131400 -0.13473600 0.04845100
v 0.04249000 -0.13473400 0.04742100
v 0.04363800 -0.13473300 0.04636300
v 0.04420200 -0.13473200 0.04582200
v 0.04448200 -0.13473100 0.04555000
v 0.04409500 -0.13504400 0.04596100
v 0.04339900 -0.13488500 0.04661500
v 0.04409200 -0.13488400 0.04595800
v -0.06358700 -0.13467800 -0.00000100
v -0.06212400 -0.13650900 -0.00000100
v -0.06347100 -0.13533900 0.00386800
v -0.06316400 -0.13596400 0.00384900
v -0.06261600 -0.13638000 0.00381600
v -0.06201000 -0.13650900 0.00378000
v -0.06311900 -0.13534000 0.00772300
v -0.06281400 -0.13596500 0.00768600
v -0.06226900 -0.13638000 0.00762000
v -0.06166700 -0.13650900 0.00754700
v -0.06253400 -0.13534200 0.01155000
v -0.06223200 -0.13596600 0.01149500
v -0.06169300 -0.13638100 0.01139600
v -0.06109600 -0.13650900 0.01128600
v -0.06172000 -0.13534500 0.01533500
v -0.06142100 -0.13596700 0.01526100
v -0.06088900 -0.13638100 0.01513000
v -0.06030100 -0.13650900 0.01498400
v -0.06067800 -0.13534900 0.01906300
v -0.06038400 -0.13596900 0.01897100
v -0.05986100 -0.13638100 0.01880800
v -0.05928400 -0.13650900 0.01862700
v -0.05941200 -0.13535200 0.02272000
v -0.05912300 -0.13597100 0.02261000
v -0.05861200 -0.13638200 0.02241600
v -0.05804800 -0.13650900 0.02220100
v -0.05792500 -0.13535600 0.02629300
v -0.05764300 -0.13597300 0.02616600
v -0.05714500 -0.13638200 0.02594100
v -0.05659500 -0.13650900 0.02569300
v -0.05622300 -0.13536000 0.02977000
v -0.05594800 -0.13597500 0.02962500
v -0.05546500 -0.13638200 0.02937100
v -0.05493300 -0.13650900 0.02909000
v -0.05431300 -0.13536500 0.03313600
v -0.05404700 -0.13597700 0.03297500
v -0.05358100 -0.13638300 0.03269200
v -0.05306800 -0.13650900 0.03237900
v -0.05220300 -0.13536900 0.03638100
v -0.05194700 -0.13597900 0.03620300
v -0.05150000 -0.13638300 0.03589200
v -0.05100700 -0.13650900 0.03555000
v -0.04990100 -0.13537300 0.03949100
v -0.04965500 -0.13598100 0.03929700
v -0.04922900 -0.13638400 0.03896100
v -0.04875800 -0.13650900 0.03859000
v -0.04741300 -0.13537600 0.04245500
v -0.04717900 -0.13598200 0.04224600
v -0.04677400 -0.13638400 0.04188500
v -0.04632800 -0.13650900 0.04148700
v -0.04476100 -0.13473100 0.04527500
v -0.04372300 -0.13650900 0.04422800
v -0.04475100 -0.13535200 0.04526500
v -0.04453600 -0.13596600 0.04504800
v -0.04415100 -0.13638000 0.04466000
v -0.04610200 -0.13537800 0.04387800
v -0.04744700 -0.13504000 0.04248500
v -0.04613500 -0.13504300 0.04391000
v -0.04587400 -0.13598300 0.04366200
v -0.04732400 -0.13569400 0.04237500
v -0.04601500 -0.13569500 0.04379500
v -0.04548100 -0.13638400 0.04328900
v -0.04699100 -0.13621700 0.04207800
v -0.04569100 -0.13621800 0.04348800
v -0.04654800 -0.13647900 0.04168300
v -0.04526000 -0.13647900 0.04308000
v -0.06274200 -0.13637500 -0.00000100
v -0.06329500 -0.13594500 -0.00000100
v -0.06359300 -0.13531000 -0.00000100
v -0.06230800 -0.13647900 0.00379800
v -0.06270300 -0.13638000 0.00190800
v -0.06239500 -0.13647900 0.00189900
v -0.06291000 -0.13620700 0.00383400
v -0.06325200 -0.13596400 0.00192500
v -0.06299800 -0.13620700 0.00191700
v -0.06335600 -0.13566500 0.00386100
v -0.06355800 -0.13533900 0.00193400
v -0.06344400 -0.13566500 0.00193100
v -0.06350700 -0.13499600 0.00387000
v -0.06359500 -0.13499500 0.00193600
v -0.06352700 -0.13467800 0.00278900
v -0.06344000 -0.13467900 0.00434900
v -0.06331400 -0.13467900 0.00590600
v -0.06315100 -0.13468000 0.00746000
v -0.06295000 -0.13468100 0.00900900
v -0.06271100 -0.13468200 0.01055300
v -0.06243400 -0.13468400 0.01209100
v -0.06212100 -0.13468500 0.01362100
v -0.06177000 -0.13468700 0.01514400
v -0.06138200 -0.13468800 0.01665700
v -0.06095700 -0.13469000 0.01816000
v -0.06049600 -0.13469200 0.01965300
v -0.05999800 -0.13469400 0.02113400
v -0.05946400 -0.13469600 0.02260200
v -0.05889400 -0.13469800 0.02405700
v -0.05828800 -0.13470000 0.02549700
v -0.05764700 -0.13470200 0.02692200
v -0.05697100 -0.13470400 0.02833000
v -0.05626000 -0.13470600 0.02972200
v -0.05551600 -0.13470800 0.03109600
v -0.05473900 -0.13471100 0.03245100
v -0.05392800 -0.13471300 0.03378600
v -0.05308600 -0.13471500 0.03510100
v -0.05221100 -0.13471700 0.03639600
v -0.05130500 -0.13471900 0.03766900
v -0.05036700 -0.13472100 0.03891900
v -0.04940000 -0.13472300 0.04014500
v -0.04840200 -0.13472500 0.04134800
v -0.04737500 -0.13472700 0.04252500
v -0.04631900 -0.13472900 0.04367700
v -0.04523400 -0.13473100 0.04480100
v 0.00000000 -0.13476200 -0.06370900
v 0.00000000 -0.13650800 -0.06222900
v -0.00381600 -0.13540200 -0.06356300
v -0.00379700 -0.13599500 -0.06324600
v -0.00376500 -0.13638700 -0.06270900
v -0.00372900 -0.13650800 -0.06211800
v -0.00761800 -0.13540100 -0.06321900
v -0.00758000 -0.13599400 -0.06290400
v -0.00751600 -0.13638700 -0.06236900
v -0.00744500 -0.13650800 -0.06178100
v -0.01139300 -0.13540000 -0.06264600
v -0.01133600 -0.13599400 -0.06233400
v -0.01123900 -0.13638700 -0.06180500
v -0.01113300 -0.13650800 -0.06122200
v -0.01512700 -0.13539900 -0.06185000
v -0.01505100 -0.13599300 -0.06154200
v -0.01492300 -0.13638600 -0.06101800
v -0.01478200 -0.13650800 -0.06044300
v -0.01880600 -0.13539800 -0.06083100
v -0.01871200 -0.13599300 -0.06052800
v -0.01855300 -0.13638600 -0.06001400
v -0.01837700 -0.13650800 -0.05944700
v -0.02241700 -0.13539600 -0.05959300
v -0.02230600 -0.13599200 -0.05929700
v -0.02211500 -0.13638600 -0.05879300
v -0.02190600 -0.13650800 -0.05823700
v -0.02594800 -0.13539400 -0.05814000
v -0.02581900 -0.13599100 -0.05785100
v -0.02559800 -0.13638600 -0.05735900
v -0.02535600 -0.13650800 -0.05681700
v -0.02938400 -0.13539200 -0.05647700
v -0.02923800 -0.13599000 -0.05619700
v -0.02898800 -0.13638600 -0.05571800
v -0.02871400 -0.13650800 -0.05519100
v -0.03271500 -0.13539000 -0.05461100
v -0.03255200 -0.13598900 -0.05434000
v -0.03227400 -0.13638600 -0.05387700
v -0.03196800 -0.13650800 -0.05336700
v -0.03592800 -0.13538700 -0.05254900
v -0.03575000 -0.13598800 -0.05228900
v -0.03544400 -0.13638500 -0.05184300
v -0.03510800 -0.13650900 -0.05135200
v -0.03901300 -0.13538500 -0.05029800
v -0.03882000 -0.13598600 -0.05005000
v -0.03848700 -0.13638500 -0.04962300
v -0.03812100 -0.13650900 -0.04915200
v -0.04195600 -0.13538200 -0.04786700
v -0.04174900 -0.13598500 -0.04763100
v -0.04139100 -0.13638500 -0.04722400
v -0.04099700 -0.13650900 -0.04677500
v -0.04476100 -0.13473100 -0.04527500
v -0.04476100 -0.13473100 -0.04527500
v -0.04476100 -0.13473100 -0.04527500
v -0.04372300 -0.13650900 -0.04422800
v -0.04475100 -0.13535200 -0.04526500
v -0.04453600 -0.13596600 -0.04504800
v -0.04415100 -0.13638000 -0.04466000
v -0.04337100 -0.13538000 -0.04658500
v -0.04198700 -0.13504800 -0.04790200
v -0.04340300 -0.13504600 -0.04661900
v -0.04315700 -0.13598400 -0.04635600
v -0.04187600 -0.13569800 -0.04777600
v -0.04328900 -0.13569600 -0.04649700
v -0.04278700 -0.13638500 -0.04595900
v -0.04158200 -0.13621800 -0.04744100
v -0.04298500 -0.13621800 -0.04617100
v -0.04119100 -0.13647900 -0.04699600
v -0.04258000 -0.13647900 -0.04573800
v 0.00000000 -0.13638200 -0.06283100
v 0.00000000 -0.13597800 -0.06337400
v 0.00000000 -0.13537600 -0.06368400
v -0.00374700 -0.13648000 -0.06240900
v -0.00188400 -0.13638700 -0.06279400
v -0.00187500 -0.13648000 -0.06249400
v -0.00378200 -0.13622400 -0.06299600
v -0.00190000 -0.13599500 -0.06333200
v -0.00189200 -0.13622400 -0.06308100
v -0.00380900 -0.13571200 -0.06344000
v -0.00190900 -0.13540200 -0.06364900
v -0.00190600 -0.13571300 -0.06352600
v -0.00381900 -0.13507100 -0.06361400
v -0.00191100 -0.13507200 -0.06370000
v -0.00278900 -0.13476200 -0.06364800
v -0.00434900 -0.13476100 -0.06356000
v -0.00590700 -0.13476100 -0.06343400
v -0.00746000 -0.13476100 -0.06326900
v -0.00900900 -0.13476000 -0.06306600
v -0.01055300 -0.13476000 -0.06282500
v -0.01209000 -0.13475900 -0.06254700
v -0.01362000 -0.13475900 -0.06223100
v -0.01514200 -0.13475800 -0.06187700
v -0.01665500 -0.13475700 -0.06148700
v -0.01815700 -0.13475700 -0.06105900
v -0.01964900 -0.13475600 -0.06059500
v -0.02112900 -0.13475500 -0.06009400
v -0.02259600 -0.13475400 -0.05955700
v -0.02404900 -0.13475300 -0.05898300
v -0.02548800 -0.13475200 -0.05837400
v -0.02691100 -0.13475100 -0.05773000
v -0.02831800 -0.13475000 -0.05705000
v -0.02970800 -0.13474900 -0.05633700
v -0.03108000 -0.13474800 -0.05559000
v -0.03243300 -0.13474600 -0.05480900
v -0.03376700 -0.13474500 -0.05399600
v -0.03508000 -0.13474400 -0.05315000
v -0.03637300 -0.13474300 -0.05227200
v -0.03764300 -0.13474100 -0.05136200
v -0.03889100 -0.13474000 -0.05042200
v -0.04011500 -0.13473800 -0.04945200
v -0.04131500 -0.13473700 -0.04845100
v -0.04249000 -0.13473500 -0.04742100
v -0.04363900 -0.13473300 -0.04636200
v -0.04476100 -0.13473100 -0.04527500
v -0.04409600 -0.13504500 -0.04596100
v -0.04340000 -0.13488600 -0.04661500
v -0.04409300 -0.13488500 -0.04595800
v -0.04443500 -0.13488400 -0.04562500
v -0.04408700 -0.13480800 -0.04595200
v -0.04443000 -0.13480700 -0.04561900
v -0.04460000 -0.13480700 -0.04545200
v -0.04442600 -0.13476900 -0.04561500
v -0.04459600 -0.13476900 -0.04544800
v -0.04468100 -0.13476900 -0.04536400
v -0.04459400 -0.13475000 -0.04544600
v -0.04467900 -0.13475000 -0.04536200
v -0.04472100 -0.13475000 -0.04532000
v -0.04467800 -0.13474100 -0.04536000
v -0.04472000 -0.13474100 -0.04531800
v -0.04474100 -0.13474100 -0.04529700
v -0.04471900 -0.13473600 -0.04531800
v -0.04474100 -0.13473600 -0.04529700
v -0.04475100 -0.13473600 -0.04528600
v -0.04474000 -0.13473400 -0.04529600
v -0.04475100 -0.13473400 -0.04528600
v -0.04475600 -0.13473400 -0.04528100
v -0.04475100 -0.13473300 -0.04528600
v -0.04475600 -0.13473300 -0.04528100
v -0.04475900 -0.13473300 -0.04527800
v -0.04475600 -0.13473200 -0.04528000
v -0.04475600 -0.13473200 -0.04528000
v -0.04475900 -0.13473200 -0.04527800
v -0.04475900 -0.13473200 -0.04527800
v -0.04476000 -0.13473200 -0.04527700
v -0.04476000 -0.13473200 -0.04527700
v -0.04475900 -0.13473200 -0.04527800
v -0.04475900 -0.13473200 -0.04527800
v -0.04476000 -0.13473200 -0.04527600
v -0.04476000 -0.13473200 -0.04527600
v -0.04476000 -0.13473200 -0.04527600
v -0.04476000 -0.13473200 -0.04527600
v -0.04476100 -0.13473100 -0.04527500
v -0.04372300 -0.13650900 -0.04422800
v -0.04727100 -0.13537600 -0.04261100
v -0.04703800 -0.13598200 -0.04240100
v -0.04663400 -0.13638400 -0.04203800
v -0.04618900 -0.13650900 -0.04163900
v -0.04963800 -0.13537300 -0.03982000
v -0.04939400 -0.13598100 -0.03962400
v -0.04897000 -0.13638400 -0.03928500
v -0.04850200 -0.13650900 -0.03891100
v -0.05184100 -0.13536900 -0.03689700
v -0.05158700 -0.13597900 -0.03671600
v -0.05114300 -0.13638300 -0.03640200
v -0.05065400 -0.13650900 -0.03605500
v -0.05387300 -0.13536500 -0.03385200
v -0.05360900 -0.13597700 -0.03368700
v -0.05314700 -0.13638300 -0.03339800
v -0.05263800 -0.13650900 -0.03307900
v -0.05572600 -0.13536100 -0.03069600
v -0.05545300 -0.13597500 -0.03054600
v -0.05497500 -0.13638300 -0.03028400
v -0.05444700 -0.13650900 -0.02999500
v -0.05739300 -0.13535700 -0.02743800
v -0.05711300 -0.13597300 -0.02730500
v -0.05662100 -0.13638200 -0.02707000
v -0.05607600 -0.13650900 -0.02681100
v -0.05887200 -0.13535400 -0.02408900
v -0.05858500 -0.13597100 -0.02397200
v -0.05807900 -0.13638200 -0.02376600
v -0.05752000 -0.13650900 -0.02353800
v -0.06015500 -0.13535000 -0.02066100
v -0.05986300 -0.13596900 -0.02056100
v -0.05934500 -0.13638100 -0.02038400
v -0.06124300 -0.13468900 -0.01716600
v -0.05983100 -0.13650900 -0.01677200
v -0.04415100 -0.13638000 -0.04466000
v -0.04453600 -0.13596600 -0.04504800
v -0.04475100 -0.13535200 -0.04526500
v -0.04640800 -0.13647900 -0.04183600
v -0.04540800 -0.13638400 -0.04336300
v -0.04518800 -0.13647900 -0.04315400
v -0.04685000 -0.13621700 -0.04223300
v -0.04580100 -0.13598300 -0.04373800
v -0.04561800 -0.13621700 -0.04356400
v -0.04718200 -0.13569400 -0.04253100
v -0.04602800 -0.13537800 -0.04395400
v -0.04594100 -0.13569500 -0.04387100
v -0.04730500 -0.13504000 -0.04264100
v -0.04606100 -0.13504200 -0.04398500
v -0.06124500 -0.13531900 -0.01716600
v -0.06095700 -0.13594900 -0.01708600
v -0.06042500 -0.13637600 -0.01693700
v -0.06072200 -0.13534800 -0.01892000
v -0.06019200 -0.13500900 -0.02067300
v -0.06076000 -0.13500700 -0.01893200
v -0.06042800 -0.13596800 -0.01882900
v -0.06004500 -0.13567400 -0.02062300
v -0.06061200 -0.13567200 -0.01888600
v -0.05990500 -0.13638100 -0.01866700
v -0.05962300 -0.13621000 -0.02047900
v -0.06018500 -0.13620900 -0.01875400
v -0.05905500 -0.13647900 -0.02028500
v -0.05961100 -0.13647900 -0.01857600
v -0.04585700 -0.13473000 -0.04416100
v -0.04692400 -0.13472800 -0.04302100
v -0.04796400 -0.13472600 -0.04185500
v -0.04897400 -0.13472400 -0.04066300
v -0.04995500 -0.13472200 -0.03944700
v -0.05090600 -0.13472000 -0.03820700
v -0.05182600 -0.13471800 -0.03694400
v -0.05271500 -0.13471600 -0.03565900
v -0.05357200 -0.13471400 -0.03435300
v -0.05439700 -0.13471200 -0.03302600
v -0.05518800 -0.13470900 -0.03168000
v -0.05594600 -0.13470700 -0.03031400
v -0.05667100 -0.13470500 -0.02892900
v -0.05736100 -0.13470300 -0.02752800
v -0.05801700 -0.13470100 -0.02611000
v -0.05863700 -0.13469900 -0.02467600
v -0.05922300 -0.13469700 -0.02322700
v -0.05977300 -0.13469500 -0.02176500
v -0.06028600 -0.13469300 -0.02029000
v -0.06076400 -0.13469100 -0.01880200
v 0.06358600 -0.13467700 -0.00000100
v 0.06212300 -0.13650800 -0.00000100
v 0.06349200 -0.13533800 -0.00347400
v 0.06318600 -0.13596300 -0.00345800
v 0.06263700 -0.13638000 -0.00342800
v 0.06203100 -0.13650800 -0.00339500
v 0.06320900 -0.13533900 -0.00693800
v 0.06290300 -0.13596400 -0.00690500
v 0.06235800 -0.13638000 -0.00684500
v 0.06175400 -0.13650800 -0.00677900
v 0.06273800 -0.13534100 -0.01038100
v 0.06243500 -0.13596500 -0.01033100
v 0.06189300 -0.13638000 -0.01024200
v 0.06129500 -0.13650800 -0.01014300
v 0.06208000 -0.13534300 -0.01379300
v 0.06178000 -0.13596600 -0.01372700
v 0.06124500 -0.13638000 -0.01360800
v 0.06124200 -0.13468800 -0.01716600
v 0.05983100 -0.13650800 -0.01677200
v 0.06124400 -0.13531800 -0.01716600
v 0.06095600 -0.13594900 -0.01708600
v 0.06042400 -0.13637600 -0.01693700
v 0.06168200 -0.13534500 -0.01548400
v 0.06211800 -0.13500100 -0.01380100
v 0.06172000 -0.13500300 -0.01549400
v 0.06138400 -0.13596600 -0.01541000
v 0.06196800 -0.13566900 -0.01376800
v 0.06157000 -0.13567000 -0.01545600
v 0.06085200 -0.13638000 -0.01527700
v 0.06153200 -0.13620800 -0.01367200
v 0.06113700 -0.13620800 -0.01534800
v 0.06094400 -0.13647800 -0.01354200
v 0.06055400 -0.13647800 -0.01520300
v 0.06274100 -0.13637500 -0.00000100
v 0.06329500 -0.13594500 -0.00000100
v 0.06359200 -0.13530900 -0.00000100
v 0.06232900 -0.13647800 -0.00341100
v 0.06270700 -0.13637900 -0.00171500
v 0.06239900 -0.13647800 -0.00170700
v 0.06293200 -0.13620600 -0.00344400
v 0.06325600 -0.13596300 -0.00173000
v 0.06300200 -0.13620600 -0.00172300
v 0.06337700 -0.13566500 -0.00346800
v 0.06356300 -0.13533800 -0.00173800
v 0.06344800 -0.13566500 -0.00173500
v 0.06352800 -0.13499500 -0.00347600
v 0.06359900 -0.13499500 -0.00173900
v 0.06356900 -0.13467800 -0.00147900
v 0.06351800 -0.13467800 -0.00295600
v 0.06343200 -0.13467800 -0.00443200
v 0.06331300 -0.13467900 -0.00590600
v 0.06315000 -0.13468000 -0.00746000
v 0.06294900 -0.13468100 -0.00900900
v 0.06271000 -0.13468200 -0.01055300
v 0.06243400 -0.13468300 -0.01209100
v 0.06217500 -0.13468400 -0.01336900
v 0.06189000 -0.13468500 -0.01464100
v 0.06157900 -0.13468700 -0.01590600
v 0.06124200 -0.13468800 -0.01716600
v 0.05983100 -0.13650800 -0.01677200
v 0.06015600 -0.13534900 -0.02066100
v 0.05986400 -0.13596900 -0.02056100
v 0.05934600 -0.13638100 -0.02038400
v 0.05877400 -0.13650800 -0.02018900
v 0.05887200 -0.13535300 -0.02408900
v 0.05858600 -0.13597100 -0.02397200
v 0.05808000 -0.13638100 -0.02376600
v 0.05752000 -0.13650800 -0.02353900
v 0.05739200 -0.13535700 -0.02743700
v 0.05711200 -0.13597300 -0.02730400
v 0.05662000 -0.13638200 -0.02707000
v 0.05607500 -0.13650800 -0.02681000
v 0.05572300 -0.13536100 -0.03069500
v 0.05545100 -0.13597400 -0.03054600
v 0.05497300 -0.13638200 -0.03028300
v 0.05444500 -0.13650800 -0.02999300
v 0.05387000 -0.13536500 -0.03385100
v 0.05360600 -0.13597600 -0.03368600
v 0.05314500 -0.13638200 -0.03339700
v 0.05263600 -0.13650800 -0.03307800
v 0.05184000 -0.13536900 -0.03689600
v 0.05158600 -0.13597800 -0.03671600
v 0.05114200 -0.13638300 -0.03640100
v 0.05065300 -0.13650800 -0.03605400
v 0.04963900 -0.13537200 -0.03982000
v 0.04939500 -0.13598000 -0.03962400
v 0.04897100 -0.13638300 -0.03928500
v 0.04850200 -0.13650800 -0.03891100
v 0.04727200 -0.13537600 -0.04261100
v 0.04703900 -0.13598200 -0.04240100
v 0.04663600 -0.13638400 -0.04203900
v 0.04619000 -0.13650800 -0.04163900
v 0.04476000 -0.13473100 -0.04527500
v 0.04372200 -0.13650800 -0.04422800
v 0.06042400 -0.13637600 -0.01693700
v 0.06095600 -0.13594900 -0.01708600
v 0.06124400 -0.13531800 -0.01716600
v 0.05905600 -0.13647800 -0.02028500
v 0.05990500 -0.13638100 -0.01866700
v 0.05961200 -0.13647800 -0.01857600
v 0.05962400 -0.13620900 -0.02047900
v 0.06042800 -0.13596800 -0.01882900
v 0.06018600 -0.13620900 -0.01875400
v 0.06004700 -0.13567300 -0.02062300
v 0.06072300 -0.13534800 -0.01892100
v 0.06061200 -0.13567200 -0.01888600
v 0.06019300 -0.13500800 -0.02067400
v 0.06076000 -0.13500600 -0.01893200
v 0.04475000 -0.13535200 -0.04526500
v 0.04453500 -0.13596600 -0.04504800
v 0.04415000 -0.13638000 -0.04466000
v 0.04602900 -0.13537800 -0.04395400
v 0.04730600 -0.13504000 -0.04264200
v 0.04606200 -0.13504200 -0.04398600
v 0.04580200 -0.13598300 -0.04373800
v 0.04718300 -0.13569300 -0.04253100
v 0.04594200 -0.13569400 -0.04387100
v 0.04540900 -0.13638400 -0.04336400
v 0.04685200 -0.13621700 -0.04223300
v 0.04561900 -0.13621700 -0.04356400
v 0.04641000 -0.13647900 -0.04183600
v 0.04518900 -0.13647900 -0.04315500
v 0.06095700 -0.13468900 -0.01816100
v 0.06049600 -0.13469100 -0.01965400
v 0.05999800 -0.13469300 -0.02113400
v 0.05946400 -0.13469500 -0.02260200
v 0.05889300 -0.13469700 -0.02405700
v 0.05828700 -0.13469900 -0.02549700
v 0.05764600 -0.13470100 -0.02692100
v 0.05696900 -0.13470400 -0.02833000
v 0.05625900 -0.13470600 -0.02972100
v 0.05551500 -0.13470800 -0.03109500
v 0.05473700 -0.13471000 -0.03245000
v 0.05392700 -0.13471200 -0.03378600
v 0.05308400 -0.13471400 -0.03510200
v 0.05221000 -0.13471700 -0.03639600
v 0.05130400 -0.13471900 -0.03766900
v 0.05036700 -0.13472100 -0.03891900
v 0.04939900 -0.13472300 -0.04014600
v 0.04840200 -0.13472500 -0.04134800
v 0.04737500 -0.13472700 -0.04252600
v 0.04631900 -0.13472900 -0.04367700
v 0.04523400 -0.13473000 -0.04480100
v 0.04476000 -0.13473100 -0.04527500
v 0.04372200 -0.13650800 -0.04422800
v 0.04195500 -0.13538100 -0.04786600
v 0.04174700 -0.13598500 -0.04763000
v 0.04139000 -0.13638400 -0.04722300
v 0.04099600 -0.13650800 -0.04677500
v 0.03906100 -0.13538400 -0.05026000
v 0.03886700 -0.13598600 -0.05001200
v 0.03853500 -0.13638500 -0.04958500
v 0.03816800 -0.13650800 -0.04911400
v 0.03592700 -0.13538700 -0.05254900
v 0.03574900 -0.13598700 -0.05228900
v 0.03544300 -0.13638500 -0.05184300
v 0.03510700 -0.13650800 -0.05135200
v 0.03271400 -0.13539000 -0.05461100
v 0.03255200 -0.13598900 -0.05434000
v 0.03227300 -0.13638500 -0.05387700
v 0.03196700 -0.13650800 -0.05336700
v 0.02938300 -0.13539200 -0.05647700
v 0.02923700 -0.13599000 -0.05619700
v 0.02898800 -0.13638500 -0.05571800
v 0.02871300 -0.13650800 -0.05519100
v 0.02594700 -0.13539400 -0.05814000
v 0.02581800 -0.13599100 -0.05785200
v 0.02559700 -0.13638600 -0.05735900
v 0.02535500 -0.13650800 -0.05681700
v 0.02241600 -0.13539600 -0.05959300
v 0.02230500 -0.13599200 -0.05929700
v 0.02211400 -0.13638600 -0.05879200
v 0.02190500 -0.13650800 -0.05823700
v 0.01880500 -0.13539700 -0.06083000
v 0.01871100 -0.13599200 -0.06052800
v 0.01855100 -0.13638600 -0.06001300
v 0.01837600 -0.13650800 -0.05944700
v 0.01512500 -0.13539900 -0.06184900
v 0.01505000 -0.13599300 -0.06154100
v 0.01492200 -0.13638600 -0.06101800
v 0.01478100 -0.13650800 -0.06044300
v 0.01139200 -0.13540000 -0.06264700
v 0.01133500 -0.13599400 -0.06233500
v 0.01123800 -0.13638600 -0.06180500
v 0.01113200 -0.13650800 -0.06122200
v 0.00761800 -0.13540100 -0.06321900
v 0.00757900 -0.13599400 -0.06290400
v 0.00751500 -0.13638700 -0.06236900
v 0.00744400 -0.13650800 -0.06178200
v 0.00381600 -0.13540200 -0.06356400
v 0.00379700 -0.13599500 -0.06324700
v 0.00376400 -0.13638700 -0.06270900
v 0.00372900 -0.13650800 -0.06211900
v 0.00000000 -0.13476200 -0.06370900
v 0.00000000 -0.13650800 -0.06222900
v 0.04415000 -0.13638000 -0.04466000
v 0.04453500 -0.13596600 -0.04504800
v 0.04475000 -0.13535200 -0.04526500
v 0.04119000 -0.13647900 -0.04699600
v 0.04278600 -0.13638400 -0.04595900
v 0.04257900 -0.13647900 -0.04573700
v 0.04158100 -0.13621800 -0.04744100
v 0.04315600 -0.13598400 -0.04635500
v 0.04298400 -0.13621800 -0.04617100
v 0.04187500 -0.13569700 -0.04777600
v 0.04337000 -0.13538000 -0.04658500
v 0.04328800 -0.13569600 -0.04649700
v 0.04198600 -0.13504700 -0.04790100
v 0.04340200 -0.13504500 -0.04661900
v 0.00000000 -0.13537600 -0.06368400
v 0.00000000 -0.13597800 -0.06337400
v 0.00000000 -0.13638200 -0.06283100
v 0.00190900 -0.13540200 -0.06364900
v 0.00381900 -0.13507100 -0.06361500
v 0.00191000 -0.13507200 -0.06370000
v 0.00189900 -0.13599500 -0.06333200
v 0.00380800 -0.13571200 -0.06344100
v 0.00190500 -0.13571300 -0.06352600
v 0.00188300 -0.13638700 -0.06279400
v 0.00378200 -0.13622300 -0.06299600
v 0.00189200 -0.13622400 -0.06308100
v 0.00374600 -0.13648000 -0.06241000
v 0.00187400 -0.13648000 -0.06249400
v 0.04468100 -0.13473100 -0.04535300
v 0.04440300 -0.13473200 -0.04562700
v 0.04412300 -0.13473200 -0.04589900
v 0.04298500 -0.13473400 -0.04697100
v 0.04182100 -0.13473500 -0.04801300
v 0.04063200 -0.13473700 -0.04902600
v 0.03941800 -0.13473900 -0.05000900
v 0.03818100 -0.13474000 -0.05096300
v 0.03692000 -0.13474200 -0.05188500
v 0.03563700 -0.13474300 -0.05277700
v 0.03433200 -0.13474400 -0.05363700
v 0.03300700 -0.13474600 -0.05446400
v 0.03166200 -0.13474700 -0.05525900
v 0.03029800 -0.13474800 -0.05602100
v 0.02891500 -0.13474900 -0.05674900
v 0.02751600 -0.13475000 -0.05744300
v 0.02610000 -0.13475100 -0.05810200
v 0.02466700 -0.13475200 -0.05872700
v 0.02322000 -0.13475300 -0.05931500
v 0.02175900 -0.13475400 -0.05986800
v 0.02028400 -0.13475500 -0.06038400
v 0.01879700 -0.13475600 -0.06086400
v 0.01729900 -0.13475700 -0.06130700
v 0.01579100 -0.13475800 -0.06171400
v 0.01427300 -0.13475800 -0.06208300
v 0.01274600 -0.13475900 -0.06241600
v 0.01121200 -0.13476000 -0.06271100
v 0.00967100 -0.13476000 -0.06296800
v 0.00812400 -0.13476100 -0.06318700
v 0.00657300 -0.13476100 -0.06336800
v 0.00501700 -0.13476100 -0.06351100
v 0.00345700 -0.13476200 -0.06361600
v 0.00189700 -0.13476200 -0.06368100
v 0.00033500 -0.13476200 -0.06370800
v 0.04339900 -0.13488500 -0.04661500
v 0.04409500 -0.13504400 -0.04596100
v 0.04409200 -0.13488400 -0.04595800
v 0.04408600 -0.13480700 -0.04595200
v 0.04443500 -0.13488400 -0.04562500
v 0.04442900 -0.13480700 -0.04561900
v 0.04442500 -0.13476900 -0.04561500
v 0.04459900 -0.13480600 -0.04545200
v 0.04459500 -0.13476900 -0.04544800
v 0.00095500 -0.13507200 -0.06372200
v 0.00191000 -0.13491300 -0.06369900
v 0.00095500 -0.13491300 -0.06372000
v -0.06124300 -0.13468900 -0.01716600
v -0.05983100 -0.13650900 -0.01677200
v -0.06208100 -0.13534400 -0.01379300
v -0.06178100 -0.13596600 -0.01372700
v -0.06124600 -0.13638100 -0.01360900
v -0.06065400 -0.13650900 -0.01347800
v -0.06273900 -0.13534200 -0.01038100
v -0.06243500 -0.13596500 -0.01033100
v -0.06189400 -0.13638000 -0.01024200
v -0.06129500 -0.13650900 -0.01014400
v -0.06320900 -0.13534000 -0.00693800
v -0.06290400 -0.13596400 -0.00690500
v -0.06235900 -0.13638000 -0.00684500
v -0.06175500 -0.13650900 -0.00677900
v -0.06349300 -0.13533900 -0.00347400
v -0.06318600 -0.13596400 -0.00345800
v -0.06263800 -0.13638000 -0.00342800
v -0.06203200 -0.13650900 -0.00339500
v -0.06358700 -0.13467800 -0.00000100
v -0.06212400 -0.13650900 -0.00000100
v -0.06359300 -0.13531000 -0.00000100
v -0.06329500 -0.13594500 -0.00000100
v -0.06274200 -0.13637500 -0.00000100
v -0.06356400 -0.13533900 -0.00173800
v -0.06352900 -0.13499600 -0.00347600
v -0.06360000 -0.13499500 -0.00173900
v -0.06325700 -0.13596400 -0.00173000
v -0.06337800 -0.13566500 -0.00346800
v -0.06344900 -0.13566500 -0.00173500
v -0.06270800 -0.13638000 -0.00171500
v -0.06293200 -0.13620700 -0.00344400
v -0.06300300 -0.13620700 -0.00172300
v -0.06233000 -0.13647900 -0.00341100
v -0.06240000 -0.13647900 -0.00170700
v -0.06042500 -0.13637600 -0.01693700
v -0.06095700 -0.13594900 -0.01708600
v -0.06124500 -0.13531900 -0.01716600
v -0.06094500 -0.13647900 -0.01354200
v -0.06085300 -0.13638100 -0.01527700
v -0.06055400 -0.13647900 -0.01520300
v -0.06153300 -0.13620800 -0.01367200
v -0.06138500 -0.13596700 -0.01541000
v -0.06113800 -0.13620900 -0.01534800
v -0.06196900 -0.13566900 -0.01376800
v -0.06168300 -0.13534500 -0.01548400
v -0.06157100 -0.13567000 -0.01545600
v -0.06211800 -0.13500200 -0.01380100
v -0.06172000 -0.13500300 -0.01549400
v -0.06181300 -0.13468600 -0.01496700
v -0.06230500 -0.13468400 -0.01274800
v -0.06259800 -0.13468300 -0.01121300
v -0.06285200 -0.13468200 -0.00967200
v -0.06306900 -0.13468100 -0.00812500
v -0.06324900 -0.13468000 -0.00657300
v -0.06339000 -0.13467900 -0.00501700
v -0.06349300 -0.13467900 -0.00345800
v -0.06355900 -0.13467800 -0.00189700
v -0.06358600 -0.13467800 -0.00033500
v -0.06361800 -0.13499500 -0.00087000
v -0.06359000 -0.13483200 -0.00173900
v -0.06360800 -0.13483200 -0.00087000
v -0.04476100 -0.13473100 0.04527500
v -0.04372300 -0.13650900 0.04422800
v -0.04195600 -0.13538200 0.04786700
v -0.04174900 -0.13598500 0.04763100
v -0.04139100 -0.13638500 0.04722400
v -0.04099700 -0.13650900 0.04677500
v -0.03901300 -0.13538500 0.05029900
v -0.03881900 -0.13598600 0.05005000
v -0.03848700 -0.13638500 0.04962300
v -0.03812100 -0.13650900 0.04915200
v -0.03592800 -0.13538700 0.05254900
v -0.03575000 -0.13598800 0.05228900
v -0.03544400 -0.13638500 0.05184300
v -0.03510800 -0.13650900 0.05135200
v -0.03271500 -0.13539000 0.05461100
v -0.03255200 -0.13598900 0.05434000
v -0.03227400 -0.13638600 0.05387700
v -0.03196800 -0.13650800 0.05336700
v -0.02938400 -0.13539200 0.05647700
v -0.02923800 -0.13599000 0.05619700
v -0.02898800 -0.13638600 0.05571800
v -0.02871300 -0.13650800 0.05519100
v -0.02594800 -0.13539400 0.05814000
v -0.02581800 -0.13599100 0.05785100
v -0.02559800 -0.13638600 0.05735900
v -0.02535600 -0.13650800 0.05681700
v -0.02241700 -0.13539600 0.05959300
v -0.02230600 -0.13599200 0.05929700
v -0.02211500 -0.13638600 0.05879300
v -0.02190600 -0.13650800 0.05823700
v -0.01880600 -0.13539800 0.06083100
v -0.01871200 -0.13599300 0.06052900
v -0.01855200 -0.13638600 0.06001400
v -0.01837700 -0.13650800 0.05944700
v -0.01512600 -0.13539900 0.06185000
v -0.01505100 -0.13599300 0.06154200
v -0.01492300 -0.13638600 0.06101900
v -0.01478200 -0.13650800 0.06044300
v -0.01139300 -0.13540000 0.06264700
v -0.01133600 -0.13599400 0.06233500
v -0.01123900 -0.13638700 0.06180500
v -0.01113300 -0.13650800 0.06122200
v -0.00761800 -0.13540100 0.06321900
v -0.00758000 -0.13599400 0.06290400
v -0.00751600 -0.13638700 0.06236900
v -0.00744500 -0.13650800 0.06178100
v -0.00381600 -0.13540200 0.06356300
v -0.00379700 -0.13599500 0.06324600
v -0.00376500 -0.13638700 0.06270900
v -0.00372900 -0.13650800 0.06211800
v 0.00000000 -0.13476200 0.06370900
v 0.00000000 -0.13650800 0.06222900
v -0.04415100 -0.13638000 0.04466000
v -0.04453600 -0.13596600 0.04504800
v -0.04475100 -0.13535200 0.04526500
v -0.04119100 -0.13647900 0.04699600
v -0.04278700 -0.13638500 0.04595900
v -0.04258000 -0.13647900 0.04573800
v -0.04158200 -0.13621800 0.04744200
v -0.04315700 -0.13598400 0.04635600
v -0.04298500 -0.13621800 0.04617100
v -0.04187600 -0.13569800 0.04777600
v -0.04337100 -0.13538000 0.04658500
v -0.04328900 -0.13569600 0.04649700
v -0.04198700 -0.13504800 0.04790200
v -0.04340300 -0.13504600 0.04661900
v 0.00000000 -0.13537600 0.06368400
v 0.00000000 -0.13597800 0.06337400
v 0.00000000 -0.13638200 0.06283100
v -0.00190900 -0.13540200 0.06364900
v -0.00381900 -0.13507100 0.06361400
v -0.00191100 -0.13507200 0.06370000
v -0.00190000 -0.13599500 0.06333200
v -0.00380900 -0.13571200 0.06344000
v -0.00190600 -0.13571300 0.06352600
v -0.00188400 -0.13638700 0.06279400
v -0.00378200 -0.13622400 0.06299600
v -0.00189200 -0.13622400 0.06308100
v -0.00374700 -0.13648000 0.06240900
v -0.00187500 -0.13648000 0.06249400
v -0.04298600 -0.13473400 0.04697100
v -0.04182200 -0.13473600 0.04801300
v -0.04063300 -0.13473700 0.04902600
v -0.03941900 -0.13473900 0.05001000
v -0.03818100 -0.13474100 0.05096300
v -0.03692000 -0.13474200 0.05188600
v -0.03563700 -0.13474300 0.05277700
v -0.03433200 -0.13474500 0.05363700
v -0.03300800 -0.13474600 0.05446400
v -0.03166300 -0.13474700 0.05525900
v -0.03029900 -0.13474800 0.05602100
v -0.02891600 -0.13475000 0.05674900
v -0.02751600 -0.13475100 0.05744300
v -0.02610000 -0.13475200 0.05810200
v -0.02466800 -0.13475300 0.05872700
v -0.02322100 -0.13475400 0.05931500
v -0.02176000 -0.13475500 0.05986800
v -0.02028500 -0.13475600 0.06038500
v -0.01879900 -0.13475600 0.06086500
v -0.01730100 -0.13475700 0.06130800
v -0.01579200 -0.13475800 0.06171400
v -0.01427300 -0.13475900 0.06208400
v -0.01274700 -0.13475900 0.06241600
v -0.01121300 -0.13476000 0.06271100
v -0.00967200 -0.13476000 0.06296800
v -0.00812500 -0.13476100 0.06318700
v -0.00657300 -0.13476100 0.06336800
v -0.00501700 -0.13476100 0.06351100
v -0.00345800 -0.13476200 0.06361600
v -0.00189800 -0.13476200 0.06368100
v -0.00033600 -0.13476200 0.06370800
v -0.00095600 -0.13507200 0.06372100
v -0.00191100 -0.13491300 0.06369900
v -0.00095600 -0.13491300 0.06372000
v 0.04476000 -0.13473100 0.04527500
v 0.04372200 -0.13650800 0.04422800
v 0.04741200 -0.13537600 0.04245500
v 0.04717800 -0.13598200 0.04224600
v 0.04677300 -0.13638400 0.04188500
v 0.04632700 -0.13650800 0.04148700
v 0.04990000 -0.13537200 0.03949100
v 0.04965400 -0.13598000 0.03929700
v 0.04922800 -0.13638300 0.03896100
v 0.04875700 -0.13650800 0.03859000
v 0.05220200 -0.13536800 0.03638100
v 0.05194600 -0.13597800 0.03620300
v 0.05149900 -0.13638300 0.03589200
v 0.05100600 -0.13650800 0.03555000
v 0.05431200 -0.13536400 0.03313600
v 0.05404600 -0.13597600 0.03297400
v 0.05358100 -0.13638200 0.03269100
v 0.05306700 -0.13650800 0.03237900
v 0.05622200 -0.13536000 0.02976900
v 0.05594700 -0.13597400 0.02962500
v 0.05546500 -0.13638200 0.02937000
v 0.05493200 -0.13650800 0.02908900
v 0.05792400 -0.13535600 0.02629300
v 0.05764200 -0.13597200 0.02616600
v 0.05714400 -0.13638100 0.02594100
v 0.05659500 -0.13650800 0.02569300
v 0.05941100 -0.13535200 0.02272000
v 0.05912200 -0.13597000 0.02261000
v 0.05861100 -0.13638100 0.02241600
v 0.05804700 -0.13650800 0.02220100
v 0.06067700 -0.13534800 0.01906300
v 0.06038300 -0.13596800 0.01897100
v 0.05986100 -0.13638100 0.01880700
v 0.05928300 -0.13650800 0.01862700
v 0.06171900 -0.13534500 0.01533500
v 0.06142000 -0.13596600 0.01526100
v 0.06088800 -0.13638000 0.01513000
v 0.06030000 -0.13650800 0.01498400
v 0.06253400 -0.13534200 0.01155000
v 0.06223100 -0.13596500 0.01149500
v 0.06169200 -0.13638000 0.01139600
v 0.06109500 -0.13650800 0.01128600
v 0.06311800 -0.13534000 0.00772300
v 0.06281300 -0.13596400 0.00768600
v 0.06226800 -0.13638000 0.00762000
v 0.06166600 -0.13650800 0.00754700
v 0.06347000 -0.13533800 0.00386800
v 0.06316300 -0.13596300 0.00384900
v 0.06261600 -0.13638000 0.00381600
v 0.06200900 -0.13650800 0.00378000
v 0.06358600 -0.13467700 -0.00000100
v 0.06212300 -0.13650800 -0.00000100
v 0.06359200 -0.13530900 -0.00000100
v 0.06329500 -0.13594500 -0.00000100
v 0.06274100 -0.13637500 -0.00000100
v 0.06355700 -0.13533800 0.00193400
v 0.06350600 -0.13499500 0.00387000
v 0.06359400 -0.13499500 0.00193500
v 0.06325100 -0.13596300 0.00192500
v 0.06335500 -0.13566500 0.00386000
v 0.06344300 -0.13566400 0.00193100
v 0.06270200 -0.13637900 0.00190800
v 0.06291000 -0.13620600 0.00383400
v 0.06299700 -0.13620600 0.00191700
v 0.06230800 -0.13647800 0.00379800
v 0.06239400 -0.13647800 0.00189900
v 0.04415000 -0.13638000 0.04466000
v 0.04453500 -0.13596600 0.04504800
v 0.04475000 -0.13535200 0.04526500
v 0.04654700 -0.13647900 0.04168300
v 0.04548000 -0.13638400 0.04328900
v 0.04525900 -0.13647900 0.04308000
v 0.04699000 -0.13621700 0.04207800
v 0.04587300 -0.13598300 0.04366200
v 0.04569000 -0.13621700 0.04348900
v 0.04732300 -0.13569300 0.04237500
v 0.04610100 -0.13537800 0.04387800
v 0.04601400 -0.13569500 0.04379500
v 0.04744600 -0.13504000 0.04248500
v 0.04613400 -0.13504200 0.04391000
v 0.04503700 -0.13473100 0.04499900
v 0.04609300 -0.13472900 0.04391500
v 0.04712200 -0.13472700 0.04280600
v 0.04812400 -0.13472500 0.04167200
v 0.04909900 -0.13472300 0.04051400
v 0.05004600 -0.13472100 0.03933300
v 0.05096400 -0.13471900 0.03813000
v 0.05185300 -0.13471700 0.03690500
v 0.05271300 -0.13471500 0.03566000
v 0.05357000 -0.13471300 0.03435300
v 0.05439400 -0.13471100 0.03302600
v 0.05518600 -0.13470900 0.03167900
v 0.05594500 -0.13470700 0.03031300
v 0.05667000 -0.13470400 0.02892900
v 0.05736000 -0.13470200 0.02752800
v 0.05801600 -0.13470000 0.02611000
v 0.05863800 -0.13469800 0.02467700
v 0.05922300 -0.13469600 0.02322800
v 0.05977300 -0.13469400 0.02176600
v 0.06028600 -0.13469200 0.02029000
v 0.06076300 -0.13469000 0.01880200
v 0.06120300 -0.13468800 0.01730300
v 0.06160700 -0.13468700 0.01579400
v 0.06197400 -0.13468500 0.01427600
v 0.06230300 -0.13468400 0.01274800
v 0.06259600 -0.13468200 0.01121400
v 0.06285100 -0.13468100 0.00967200
v 0.06306800 -0.13468000 0.00812500
v 0.06324800 -0.13467900 0.00657300
v 0.06339000 -0.13467800 0.00501700
v 0.06349300 -0.13467800 0.00345800
v 0.06355800 -0.13467800 0.00189700
v 0.06358500 -0.13467700 0.00033500
v 0.04613000 -0.13488100 0.04390600
v 0.04546100 -0.13504300 0.04460700
v 0.04545800 -0.13488200 0.04460300
v 0.06361600 -0.13499500 0.00096700
v 0.06358400 -0.13483200 0.00193500
v 0.06360600 -0.13483200 0.00096700
v 0.04476000 -0.13473100 0.04527500
v 0.04259500 -0.11750600 0.04309100
v 0.04092100 -0.10020300 0.04140200
v 0.04557900 -0.11751200 0.03984100
v 0.04382600 -0.10020300 0.03829800
v 0.04832600 -0.11751800 0.03636600
v 0.04649400 -0.10020300 0.03498800
v 0.05080700 -0.11752400 0.03270300
v 0.04891200 -0.10020300 0.03149200
v 0.05307200 -0.11753000 0.02875800
v 0.05113300 -0.10020300 0.02771300
v 0.05491700 -0.11753800 0.02491400
v 0.05295600 -0.10020300 0.02401900
v 0.05653100 -0.11754600 0.02081500
v 0.05455800 -0.10020300 0.02008200
v 0.05784600 -0.11755300 0.01660300
v 0.05586600 -0.10020300 0.01603800
v 0.05886100 -0.11755900 0.01231900
v 0.05687800 -0.10020300 0.01190800
v 0.05957400 -0.11756200 0.00799100
v 0.05758900 -0.10020300 0.00771700
v 0.05998100 -0.11756400 0.00362400
v 0.05799600 -0.10020300 0.00348600
v 0.06007600 -0.11756600 -0.00078300
v 0.05809300 -0.10020300 -0.00076500
v 0.05986800 -0.11756400 -0.00517400
v 0.05788400 -0.10020300 -0.00501000
v 0.05935500 -0.11756100 -0.00954000
v 0.05736900 -0.10020300 -0.00923000
v 0.05853700 -0.11755600 -0.01386300
v 0.05654900 -0.10020300 -0.01340100
v 0.05741200 -0.11755000 -0.01812600
v 0.05543100 -0.10020300 -0.01750300
v 0.05598800 -0.11754300 -0.02229200
v 0.05401600 -0.10020300 -0.02151200
v 0.05434600 -0.11753600 -0.02617000
v 0.05238700 -0.10020300 -0.02524400
v 0.05225500 -0.11752800 -0.03025400
v 0.05032400 -0.10020300 -0.02916400
v 0.04995500 -0.11752200 -0.03402800
v 0.04807200 -0.10020300 -0.03277000
v 0.04737800 -0.11751500 -0.03763300
v 0.04556400 -0.10020300 -0.03620100
v 0.04443500 -0.11750900 -0.04115200
v 0.04270400 -0.10020300 -0.03955400
v 0.04147200 -0.11750400 -0.04419800
v 0.03982300 -0.10020300 -0.04246500
v 0.03816600 -0.11750000 -0.04714200
v 0.03662400 -0.10020300 -0.04526500
v 0.03464700 -0.11749600 -0.04983600
v 0.03322800 -0.10020300 -0.04782300
v 0.03093600 -0.11749200 -0.05226300
v 0.02965600 -0.10020300 -0.05012600
v 0.02705500 -0.11748900 -0.05441100
v 0.02592400 -0.10020300 -0.05216300
v 0.02320800 -0.11748700 -0.05619100
v 0.02222800 -0.10020300 -0.05385000
v 0.01887200 -0.11748400 -0.05782100
v 0.01806500 -0.10020300 -0.05538900
v 0.01461100 -0.11748200 -0.05906400
v 0.01397900 -0.10020300 -0.05656200
v 0.01035700 -0.11748100 -0.05997400
v 0.00990600 -0.10020300 -0.05742000
v 0.00586100 -0.11748000 -0.06059000
v 0.00560400 -0.10020300 -0.05800300
v 0.00142700 -0.11747900 -0.06086300
v 0.00136100 -0.10020300 -0.05825800
v -0.00284200 -0.11748000 -0.06081200
v -0.00272900 -0.10020300 -0.05821000
v -0.00748200 -0.11748000 -0.06040800
v -0.00716700 -0.10020300 -0.05782800
v -0.01190300 -0.11748100 -0.05968100
v -0.01139600 -0.10020300 -0.05714200
v -0.01614100 -0.11748300 -0.05865700
v -0.01545800 -0.10020300 -0.05617600
v -0.02036600 -0.11748500 -0.05730200
v -0.01951200 -0.10020300 -0.05489600
v -0.02464700 -0.11748800 -0.05556400
v -0.02362200 -0.10020300 -0.05325000
v -0.02833600 -0.11749000 -0.05374400
v -0.02716500 -0.10020200 -0.05152400
v -0.03228100 -0.11749300 -0.05142900
v -0.03095900 -0.10020200 -0.04932800
v -0.03592600 -0.11749700 -0.04890500
v -0.03447100 -0.10020200 -0.04693200
v -0.03937100 -0.11750100 -0.04612000
v -0.03779800 -0.10020200 -0.04428600
v -0.04476100 -0.13473100 -0.04527500
v -0.04476100 -0.13473100 -0.04527500
v -0.04259600 -0.11750600 -0.04309100
v -0.04092100 -0.10020200 -0.04140200
v -0.04558800 -0.11751100 -0.03983300
v -0.04382500 -0.10020200 -0.03829700
v -0.04833000 -0.11751700 -0.03636500
v -0.04649400 -0.10020200 -0.03498800
v -0.05080500 -0.11752400 -0.03271000
v -0.04891400 -0.10020200 -0.03149400
v -0.05306800 -0.11753100 -0.02876000
v -0.05113500 -0.10020200 -0.02771300
v -0.05491600 -0.11753800 -0.02490700
v -0.05295500 -0.10020200 -0.02402000
v -0.05653300 -0.11754500 -0.02081100
v -0.05455600 -0.10020200 -0.02008200
v -0.05785000 -0.11755200 -0.01661000
v -0.05586600 -0.10020200 -0.01603800
v -0.05886500 -0.11755800 -0.01232900
v -0.05687900 -0.10020200 -0.01190800
v -0.05957300 -0.11756200 -0.00798700
v -0.05758900 -0.10020200 -0.00771800
v -0.05997800 -0.11756500 -0.00361100
v -0.05799500 -0.10020200 -0.00348600
v -0.06008000 -0.11756500 0.00060500
v -0.05809600 -0.10020200 0.00058700
v -0.05987300 -0.11756300 0.00518600
v -0.05788500 -0.10020200 0.00501000
v -0.05935600 -0.11756100 0.00953900
v -0.05736800 -0.10020200 0.00923000
v -0.05853500 -0.11755700 0.01385200
v -0.05654800 -0.10020200 0.01340100
v -0.05741200 -0.11755000 0.01811400
v -0.05543000 -0.10020200 0.01750200
v -0.05599000 -0.11754300 0.02229100
v -0.05401600 -0.10020200 0.02151100
v -0.05427100 -0.11753500 0.02634300
v -0.05231000 -0.10020200 0.02540500
v -0.05225700 -0.11752800 0.03026000
v -0.05032500 -0.10020200 0.02916400
v -0.04995500 -0.11752200 0.03402900
v -0.04807200 -0.10020200 0.03277000
v -0.04737700 -0.11751600 0.03762800
v -0.04556300 -0.10020200 0.03620100
v -0.04443400 -0.11751000 0.04114700
v -0.04270400 -0.10020200 0.03955300
v -0.04147300 -0.11750400 0.04419800
v -0.03982300 -0.10020200 0.04246500
v -0.03816700 -0.11750000 0.04714200
v -0.03662400 -0.10020200 0.04526600
v -0.03464800 -0.11749500 0.04983600
v -0.03322900 -0.10020200 0.04782200
v -0.03093800 -0.11749200 0.05226300
v -0.02965500 -0.10020200 0.05012500
v -0.02705600 -0.11748900 0.05441100
v -0.02592400 -0.10020200 0.05216200
v -0.02302700 -0.11748700 0.05626700
v -0.02205400 -0.10020300 0.05392100
v -0.01887200 -0.11748400 0.05782100
v -0.01806400 -0.10020300 0.05539000
v -0.01461100 -0.11748200 0.05906400
v -0.01397900 -0.10020300 0.05656300
v -0.01035800 -0.11748100 0.05997400
v -0.00990600 -0.10020300 0.05742000
v -0.00592000 -0.11748000 0.06058500
v -0.00566100 -0.10020300 0.05799700
v -0.00142800 -0.11747900 0.06086300
v -0.00136100 -0.10020300 0.05825800
v 0.00284100 -0.11747900 0.06081200
v 0.00272800 -0.10020300 0.05821000
v 0.00748100 -0.11748000 0.06040800
v 0.00716800 -0.10020300 0.05782800
v 0.01190200 -0.11748100 0.05968100
v 0.01139600 -0.10020300 0.05714200
v 0.01614000 -0.11748300 0.05865700
v 0.01545700 -0.10020300 0.05617600
v 0.02036500 -0.11748500 0.05730200
v 0.01951100 -0.10020300 0.05489600
v 0.02464600 -0.11748800 0.05556400
v 0.02362200 -0.10020300 0.05325000
v 0.02833500 -0.11749000 0.05374400
v 0.02716500 -0.10020300 0.05152300
v 0.03228000 -0.11749300 0.05142900
v 0.03096000 -0.10020300 0.04932700
v 0.03592500 -0.11749700 0.04890500
v 0.03447100 -0.10020300 0.04693200
v 0.03937000 -0.11750200 0.04612000
v 0.03779800 -0.10020300 0.04428600
v 0.04476000 -0.13473100 0.04527500
v 0.04259500 -0.11750600 0.04309100
v 0.04092100 -0.10020300 0.04140200
v 0.04710100 -0.10750800 0.03544700
v 0.04519000 -0.10020300 0.03666800
v 0.04442300 -0.10750100 0.03883200
v 0.04698400 -0.11751500 0.03812900
v 0.04579300 -0.10750500 0.03716400
v 0.04952200 -0.10751500 0.03187900
v 0.04773500 -0.10020300 0.03326200
v 0.04960100 -0.11752100 0.03455600
v 0.04834500 -0.10751100 0.03368400
v 0.05173200 -0.10752200 0.02803400
v 0.05005800 -0.10020300 0.02962300
v 0.05197800 -0.11752700 0.03075000
v 0.05066400 -0.10751800 0.02997600
v 0.05353500 -0.10753000 0.02428800
v 0.05207700 -0.10020300 0.02588200
v 0.05402900 -0.11753400 0.02685200
v 0.05266700 -0.10752600 0.02617700
v 0.05511200 -0.10753800 0.02029200
v 0.05379300 -0.10020300 0.02206600
v 0.05576100 -0.11754200 0.02288100
v 0.05436000 -0.10753400 0.02230600
v 0.05639700 -0.10754600 0.01618700
v 0.05524900 -0.10020300 0.01807200
v 0.05722600 -0.11755000 0.01872000
v 0.05579100 -0.10754200 0.01825100
v 0.05738900 -0.10755200 0.01201100
v 0.05640900 -0.10020300 0.01398200
v 0.05839100 -0.11755600 0.01446800
v 0.05692900 -0.10754900 0.01410600
v 0.05808500 -0.10755600 0.00779000
v 0.05727100 -0.10020300 0.00981900
v 0.05925600 -0.11756000 0.01016000
v 0.05777400 -0.10755400 0.00990500
v 0.05848300 -0.10755800 0.00353100
v 0.05783100 -0.10020300 0.00560400
v 0.05981700 -0.11756300 0.00581200
v 0.05832200 -0.10755700 0.00566500
v 0.05857600 -0.10756000 -0.00076700
v 0.05808300 -0.10020300 0.00136100
v 0.06006700 -0.11756500 0.00142400
v 0.05856700 -0.10755900 0.00138500
v 0.05837200 -0.10755800 -0.00504800
v 0.05802700 -0.10020300 -0.00288900
v 0.06001000 -0.11756500 -0.00298200
v 0.05851100 -0.10755900 -0.00291000
v 0.05787000 -0.10755500 -0.00930500
v 0.05766500 -0.10020300 -0.00712500
v 0.05964900 -0.11756300 -0.00736100
v 0.05815800 -0.10755700 -0.00718100
v 0.05707100 -0.10754900 -0.01352000
v 0.05699700 -0.10020300 -0.01132300
v 0.05898400 -0.11755900 -0.01170900
v 0.05750800 -0.10755200 -0.01142000
v 0.05597100 -0.10754300 -0.01767600
v 0.05602700 -0.10020300 -0.01546200
v 0.05801400 -0.11755300 -0.01600100
v 0.05655900 -0.10754600 -0.01560500
v 0.05457900 -0.10753600 -0.02173700
v 0.05476100 -0.10020300 -0.01952100
v 0.05673700 -0.11754700 -0.02022400
v 0.05531100 -0.10754000 -0.01972100
v 0.05297500 -0.10752800 -0.02551700
v 0.05323400 -0.10020300 -0.02339200
v 0.05520100 -0.11754000 -0.02424400
v 0.05381000 -0.10753200 -0.02364000
v 0.05093300 -0.10752000 -0.02949800
v 0.05139200 -0.10020300 -0.02722400
v 0.05334000 -0.11753200 -0.02823000
v 0.05199200 -0.10752400 -0.02752500
v 0.04868700 -0.10751200 -0.03317400
v 0.04923100 -0.10020300 -0.03098700
v 0.05114100 -0.11752500 -0.03216100
v 0.04984500 -0.10751600 -0.03135500
v 0.04617400 -0.10750500 -0.03668500
v 0.04684900 -0.10020300 -0.03450900
v 0.04870000 -0.11751800 -0.03585400
v 0.04746300 -0.10750900 -0.03495200
v 0.04330300 -0.10749800 -0.04011200
v 0.04416700 -0.10020300 -0.03790500
v 0.04594000 -0.11751200 -0.03942300
v 0.04477100 -0.10750200 -0.03842800
v -0.04710500 -0.10750700 -0.03544600
v -0.04519000 -0.10020200 -0.03666700
v -0.04443000 -0.10750000 -0.03882400
v -0.04699100 -0.11751400 -0.03812400
v -0.04579900 -0.10750400 -0.03716000
v -0.04952000 -0.10751400 -0.03188500
v -0.04773600 -0.10020200 -0.03326300
v -0.04960200 -0.11752000 -0.03456000
v -0.04834600 -0.10751000 -0.03368700
v -0.05172900 -0.10752200 -0.02803700
v -0.05006000 -0.10020200 -0.02962500
v -0.05197400 -0.11752700 -0.03075700
v -0.05066100 -0.10751800 -0.02998200
v -0.05353400 -0.10753000 -0.02428200
v -0.05207800 -0.10020200 -0.02588300
v -0.05402600 -0.11753500 -0.02684900
v -0.05266500 -0.10752600 -0.02617400
v -0.05511300 -0.10753700 -0.02029000
v -0.05379200 -0.10020200 -0.02206500
v -0.05576200 -0.11754200 -0.02287300
v -0.05436000 -0.10753300 -0.02229900
v -0.05640000 -0.10754500 -0.01619300
v -0.05524800 -0.10020200 -0.01807200
v -0.05722900 -0.11754800 -0.01872300
v -0.05579300 -0.10754100 -0.01825400
v -0.05739200 -0.10755100 -0.01202000
v -0.05641000 -0.10020200 -0.01398200
v -0.05839600 -0.11755500 -0.01447800
v -0.05693300 -0.10754800 -0.01411500
v -0.05808400 -0.10755600 -0.00778600
v -0.05727200 -0.10020200 -0.00981900
v -0.05925700 -0.11756000 -0.01016300
v -0.05777500 -0.10755300 -0.00990800
v -0.05848000 -0.10755800 -0.00351900
v -0.05783100 -0.10020200 -0.00560500
v -0.05981400 -0.11756400 -0.00580200
v -0.05831900 -0.10755700 -0.00565600
v -0.05857900 -0.10755900 0.00059200
v -0.05808100 -0.10020200 -0.00145000
v -0.06006400 -0.11756500 -0.00150700
v -0.05856400 -0.10755900 -0.00146700
v -0.05837600 -0.10755700 0.00505800
v -0.05803200 -0.10020200 0.00280100
v -0.06001900 -0.11756400 0.00290300
v -0.05852000 -0.10755800 0.00283200
v -0.05787100 -0.10755400 0.00930400
v -0.05766500 -0.10020200 0.00712500
v -0.05965300 -0.11756200 0.00736700
v -0.05816100 -0.10755600 0.00718600
v -0.05706800 -0.10755000 0.01351100
v -0.05699600 -0.10020200 0.01132300
v -0.05898300 -0.11755900 0.01170000
v -0.05750600 -0.10755200 0.01141200
v -0.05597100 -0.10754300 0.01766600
v -0.05602600 -0.10020200 0.01546200
v -0.05801100 -0.11755400 0.01599200
v -0.05655600 -0.10754600 0.01559700
v -0.05458200 -0.10753500 0.02173500
v -0.05475900 -0.10020200 0.01952000
v -0.05673900 -0.11754700 0.02021600
v -0.05531300 -0.10753900 0.01971300
v -0.05290100 -0.10752600 0.02568500
v -0.05319900 -0.10020200 0.02347400
v -0.05516800 -0.11753800 0.02433400
v -0.05377700 -0.10753000 0.02372700
v -0.05093400 -0.10751800 0.02950200
v -0.05135200 -0.10020200 0.02730200
v -0.05330000 -0.11753100 0.02831900
v -0.05195300 -0.10752200 0.02761100
v -0.04868700 -0.10751200 0.03317400
v -0.04923200 -0.10020200 0.03098700
v -0.05114100 -0.11752500 0.03216300
v -0.04984500 -0.10751500 0.03135700
v -0.04617200 -0.10750500 0.03668000
v -0.04684900 -0.10020200 0.03450800
v -0.04869900 -0.11751900 0.03585100
v -0.04746200 -0.10750800 0.03495000
v -0.04330200 -0.10749800 0.04010700
v -0.04416600 -0.10020200 0.03790400
v -0.04593800 -0.11751300 0.03941700
v -0.04476900 -0.10750200 0.03842200
v 0.04503700 -0.13473100 0.04499900
v 0.04609300 -0.13472900 0.04391500
v 0.04712200 -0.13472700 0.04280600
v 0.04812400 -0.13472500 0.04167200
v 0.04909900 -0.13472300 0.04051400
v 0.05004600 -0.13472100 0.03933300
v 0.05096400 -0.13471900 0.03813000
v 0.05185300 -0.13471700 0.03690500
v 0.05271300 -0.13471500 0.03566000
v 0.05357000 -0.13471300 0.03435300
v 0.05439400 -0.13471100 0.03302600
v 0.05518600 -0.13470900 0.03167900
v 0.05594500 -0.13470700 0.03031300
v 0.05667000 -0.13470400 0.02892900
v 0.05736000 -0.13470200 0.02752800
v 0.05801600 -0.13470000 0.02611000
v 0.05863800 -0.13469800 0.02467700
v 0.05922300 -0.13469600 0.02322800
v 0.05977300 -0.13469400 0.02176600
v 0.06028600 -0.13469200 0.02029000
v 0.06076300 -0.13469000 0.01880200
v 0.06120300 -0.13468800 0.01730300
v 0.06160700 -0.13468700 0.01579400
v 0.06197400 -0.13468500 0.01427600
v 0.06230300 -0.13468400 0.01274800
v 0.06259600 -0.13468200 0.01121400
v 0.06285100 -0.13468100 0.00967200
v 0.06306800 -0.13468000 0.00812500
v 0.06324800 -0.13467900 0.00657300
v 0.06339000 -0.13467800 0.00501700
v 0.06349300 -0.13467800 0.00345800
v 0.06355800 -0.13467800 0.00189700
v 0.06358500 -0.13467700 0.00033500
v 0.06358600 -0.13467700 -0.00000100
v 0.04664000 -0.12553700 0.04076000
v 0.04411500 -0.11750900 0.04149700
v 0.04357200 -0.12553600 0.04407700
v 0.04513500 -0.12553600 0.04244900
v 0.04573000 -0.12998700 0.04300300
v 0.04436100 -0.12553600 0.04327000
v 0.04414000 -0.12998800 0.04464900
v 0.04494300 -0.12998700 0.04383400
v 0.04357200 -0.12553600 0.04407700
v 0.04101100 -0.11750400 0.04463500
v 0.04026300 -0.12553400 0.04716400
v 0.04194600 -0.12553500 0.04565100
v 0.04525400 -0.13232200 0.04413500
v 0.04454300 -0.12998700 0.04424300
v 0.04444300 -0.13232300 0.04495600
v 0.04485000 -0.13232200 0.04454700
v 0.04414000 -0.12998800 0.04464900
v 0.04276600 -0.12553500 0.04487100
v 0.04248900 -0.12998800 0.04624000
v 0.04332100 -0.12998800 0.04545200
v 0.04500900 -0.13351700 0.04470400
v 0.04464700 -0.13232300 0.04475200
v 0.04460000 -0.13351800 0.04511400
v 0.04480500 -0.13351800 0.04490900
v 0.04444300 -0.13232300 0.04495600
v 0.04373200 -0.12998800 0.04505300
v 0.04361800 -0.13232400 0.04576300
v 0.04403300 -0.13232300 0.04536100
v 0.04726000 -0.12998600 0.04129600
v 0.04589500 -0.12553700 0.04161200
v 0.04650300 -0.12998600 0.04215700
v 0.04946200 -0.12553900 0.03721700
v 0.04808300 -0.12553800 0.03901500
v 0.04872700 -0.12998500 0.03953300
v 0.04736900 -0.12553800 0.03989400
v 0.04800200 -0.12998600 0.04042200
v 0.05012900 -0.12998400 0.03771700
v 0.04878100 -0.12553800 0.03812300
v 0.04943600 -0.12998500 0.03863200
v 0.05201500 -0.12554000 0.03348000
v 0.05077300 -0.12553900 0.03537100
v 0.05146300 -0.12998300 0.03585100
v 0.05012600 -0.12553900 0.03630000
v 0.05080400 -0.12998400 0.03679000
v 0.05272700 -0.12998200 0.03393900
v 0.05140300 -0.12554000 0.03443100
v 0.05210400 -0.12998300 0.03490100
v 0.05435000 -0.12554200 0.02944900
v 0.05322100 -0.12554100 0.03148500
v 0.05395600 -0.12998100 0.03192100
v 0.05262700 -0.12554100 0.03248800
v 0.05335100 -0.12998200 0.03293600
v 0.05510800 -0.12998000 0.02985900
v 0.05379500 -0.12554100 0.03047200
v 0.05454200 -0.12998100 0.03089500
v 0.05625700 -0.12554400 0.02551800
v 0.05533900 -0.12554300 0.02750000
v 0.05611700 -0.12997900 0.02788600
v 0.05485300 -0.12554200 0.02847900
v 0.05562100 -0.12998000 0.02887700
v 0.05705700 -0.12997800 0.02587800
v 0.05580700 -0.12554300 0.02651300
v 0.05659600 -0.12997900 0.02688600
v 0.05792900 -0.12554700 0.02132600
v 0.05713100 -0.12554500 0.02343900
v 0.05795100 -0.12997800 0.02377100
v 0.05670400 -0.12554500 0.02448300
v 0.05751300 -0.12997800 0.02482900
v 0.05876700 -0.12997700 0.02163100
v 0.05754000 -0.12554600 0.02238600
v 0.05836900 -0.12997800 0.02270500
v 0.05929300 -0.12555000 0.01701800
v 0.05865000 -0.12554800 0.01918400
v 0.05950500 -0.12997700 0.01946300
v 0.05829900 -0.12554800 0.02025800
v 0.05914600 -0.12997700 0.02055000
v 0.06016500 -0.12997600 0.01726900
v 0.05898100 -0.12554900 0.01810400
v 0.05984500 -0.12997700 0.01836900
v 0.06034700 -0.12555100 0.01263200
v 0.05985900 -0.12555100 0.01483300
v 0.06074400 -0.12997600 0.01505400
v 0.05958600 -0.12555000 0.01592800
v 0.06046400 -0.12997600 0.01616400
v 0.06124500 -0.12997500 0.01282100
v 0.06011300 -0.12555100 0.01373500
v 0.06100400 -0.12997500 0.01394000
v 0.06108700 -0.12555200 0.00819300
v 0.06075700 -0.12555200 0.01041800
v 0.06166400 -0.12997400 0.01057400
v 0.06056200 -0.12555200 0.01152700
v 0.06146500 -0.12997500 0.01169900
v 0.06200400 -0.12997400 0.00831400
v 0.06093200 -0.12555200 0.00930700
v 0.06184400 -0.12997400 0.00944500
v 0.06151000 -0.12555300 0.00371200
v 0.06133900 -0.12555200 0.00595700
v 0.06226200 -0.12997300 0.00604300
v 0.06122300 -0.12555200 0.00707600
v 0.06214300 -0.12997400 0.00718000
v 0.06243700 -0.12997300 0.00376400
v 0.06143500 -0.12555200 0.00483600
v 0.06236000 -0.12997300 0.00490400
v 0.06161000 -0.12555300 -0.00080200
v 0.06160000 -0.12555300 0.00145700
v 0.06253000 -0.12997300 0.00147700
v 0.06156600 -0.12555300 0.00258600
v 0.06249400 -0.12997300 0.00262100
v 0.06254100 -0.12997300 -0.00081400
v 0.06161500 -0.12555300 0.00032700
v 0.06254600 -0.12997300 0.00033100
v 0.06139400 -0.12555300 -0.00530400
v 0.06154200 -0.12555300 -0.00305600
v 0.06305200 -0.13229000 0.00033300
v 0.06254100 -0.12997300 0.00090400
v 0.06303600 -0.13229000 0.00148700
v 0.06304700 -0.13229000 0.00091000
v 0.06331500 -0.13347500 0.00033400
v 0.06305000 -0.13229000 0.00062100
v 0.06331000 -0.13347500 0.00091300
v 0.06331300 -0.13347500 0.00062300
v 0.06304700 -0.13229000 -0.00082100
v 0.06254600 -0.12997300 -0.00024200
v 0.06305200 -0.13229000 -0.00024400
v 0.06247100 -0.12997400 -0.00310100
v 0.06158600 -0.12555300 -0.00193000
v 0.06251600 -0.12997400 -0.00195800
v 0.06331600 -0.13347500 -0.00024500
v 0.06305300 -0.13229000 0.00004400
v 0.06331600 -0.13347500 0.00004400
v 0.06356900 -0.13467800 -0.00147900
v 0.06351800 -0.13467800 -0.00295600
v 0.06343200 -0.13467800 -0.00443200
v 0.06331300 -0.13467900 -0.00590600
v 0.06315000 -0.13468000 -0.00746000
v 0.06294900 -0.13468100 -0.00900900
v 0.06271000 -0.13468200 -0.01055300
v 0.06243400 -0.13468300 -0.01209100
v 0.06217500 -0.13468400 -0.01336900
v 0.06189000 -0.13468500 -0.01464100
v 0.06157900 -0.13468700 -0.01590600
v 0.06124200 -0.13468800 -0.01716600
v 0.06231900 -0.12997400 -0.00538300
v 0.06147800 -0.12555300 -0.00418000
v 0.06240500 -0.12997400 -0.00424300
v 0.06086000 -0.12555200 -0.00977900
v 0.06116600 -0.12555300 -0.00754600
v 0.06208500 -0.12997400 -0.00765900
v 0.06129000 -0.12555300 -0.00642600
v 0.06221200 -0.12997400 -0.00652200
v 0.06177100 -0.12997400 -0.00992500
v 0.06102300 -0.12555200 -0.00866400
v 0.06193800 -0.12997400 -0.00879300
v 0.06001000 -0.12555000 -0.01420800
v 0.06047400 -0.12555100 -0.01200200
v 0.06137500 -0.12997500 -0.01217900
v 0.06067700 -0.12555200 -0.01089200
v 0.06158300 -0.12997500 -0.01105300
v 0.06089800 -0.12997500 -0.01441700
v 0.06025200 -0.12555100 -0.01310700
v 0.06114700 -0.12997500 -0.01330000
v 0.05884400 -0.12554800 -0.01857100
v 0.05946700 -0.12554900 -0.01639700
v 0.06034100 -0.12997600 -0.01663600
v 0.05974800 -0.12555000 -0.01530500
v 0.06063000 -0.12997500 -0.01552900
v 0.05970400 -0.12997700 -0.01883800
v 0.05916500 -0.12554900 -0.01748700
v 0.06003300 -0.12997600 -0.01774000
v 0.05736800 -0.12554600 -0.02283400
v 0.05814400 -0.12554700 -0.02071800
v 0.06095700 -0.13468900 -0.01816100
v 0.06049600 -0.13469100 -0.01965400
v 0.05999800 -0.13469300 -0.02113400
v 0.05946400 -0.13469500 -0.02260200
v 0.05889300 -0.13469700 -0.02405700
v 0.05828700 -0.13469900 -0.02549700
v 0.05764600 -0.13470100 -0.02692100
v 0.05696900 -0.13470400 -0.02833000
v 0.05625900 -0.13470600 -0.02972100
v 0.05551500 -0.13470800 -0.03109500
v 0.05473700 -0.13471000 -0.03245000
v 0.05392700 -0.13471200 -0.03378600
v 0.05308400 -0.13471400 -0.03510200
v 0.05221000 -0.13471700 -0.03639600
v 0.05130400 -0.13471900 -0.03766900
v 0.05036700 -0.13472100 -0.03891900
v 0.04939900 -0.13472300 -0.04014600
v 0.04840200 -0.13472500 -0.04134800
v 0.04737500 -0.13472700 -0.04252600
v 0.04631900 -0.13472900 -0.04367700
v 0.04523400 -0.13473000 -0.04480100
v 0.04476000 -0.13473100 -0.04527500
v 0.06050300 -0.13229700 -0.01787700
v 0.06019000 -0.12997600 -0.01718900
v 0.06081600 -0.13229600 -0.01676600
v 0.06066200 -0.13229600 -0.01732200
v 0.06017100 -0.13229800 -0.01898200
v 0.05987100 -0.12997600 -0.01829000
v 0.06034000 -0.13229700 -0.01843100
v 0.05898800 -0.12997700 -0.02101300
v 0.05850300 -0.12554800 -0.01964800
v 0.05935600 -0.12997700 -0.01992900
v 0.05819400 -0.12997800 -0.02315800
v 0.05776500 -0.12554700 -0.02178000
v 0.05860100 -0.12997800 -0.02208900
v 0.05566800 -0.12554400 -0.02680300
v 0.05655300 -0.12554500 -0.02483300
v 0.05735900 -0.12997900 -0.02518500
v 0.05696900 -0.12554600 -0.02383700
v 0.05778500 -0.12997800 -0.02417500
v 0.05645500 -0.12997900 -0.02718100
v 0.05611900 -0.12554400 -0.02582200
v 0.05691600 -0.12997900 -0.02618700
v 0.05350800 -0.12554200 -0.03097900
v 0.05462800 -0.12554300 -0.02891100
v 0.05539200 -0.12998000 -0.02931600
v 0.05515800 -0.12554300 -0.02786200
v 0.05593400 -0.12998000 -0.02825300
v 0.05424900 -0.12998100 -0.03141000
v 0.05407800 -0.12554200 -0.02995000
v 0.05483100 -0.12998100 -0.03036800
v 0.05113800 -0.12554000 -0.03483100
v 0.05235900 -0.12554100 -0.03292600
v 0.05307800 -0.12998200 -0.03337900
v 0.05294200 -0.12554100 -0.03195700
v 0.05367200 -0.12998200 -0.03239900
v 0.05183400 -0.12998300 -0.03530500
v 0.05175700 -0.12554000 -0.03388400
v 0.05246500 -0.12998200 -0.03434700
v 0.04848800 -0.12553800 -0.03850600
v 0.04984700 -0.12553900 -0.03669300
v 0.05052100 -0.12998400 -0.03718600
v 0.05050100 -0.12553900 -0.03576800
v 0.05118600 -0.12998300 -0.03625100
v 0.04913900 -0.12998500 -0.03901700
v 0.04917600 -0.12553800 -0.03760600
v 0.04983800 -0.12998400 -0.03810800
v 0.04546500 -0.12553600 -0.04209400
v 0.04701100 -0.12553700 -0.04033000
v 0.04763700 -0.12998600 -0.04086000
v 0.04775800 -0.12553700 -0.03942500
v 0.04839600 -0.12998500 -0.03994600
v 0.04606600 -0.12998600 -0.04264200
v 0.04624600 -0.12553700 -0.04122000
v 0.04686000 -0.12998600 -0.04175900
v 0.04242000 -0.12553500 -0.04520400
v 0.04298200 -0.11750700 -0.04269900
v 0.04397100 -0.12553600 -0.04367400
v 0.04454600 -0.12998700 -0.04424100
v 0.04472500 -0.12553600 -0.04289100
v 0.04531300 -0.12998700 -0.04344900
v 0.04485400 -0.13232200 -0.04454500
v 0.04493100 -0.12998700 -0.04384700
v 0.04562800 -0.13232200 -0.04374700
v 0.04524200 -0.13232200 -0.04414800
v 0.04297000 -0.12998800 -0.04578800
v 0.04320300 -0.12553500 -0.04444400
v 0.04376500 -0.12998800 -0.04502100
v 0.03903000 -0.12553400 -0.04820400
v 0.03984700 -0.11750200 -0.04570000
v 0.04075300 -0.12553500 -0.04673500
v 0.04406600 -0.13232300 -0.04532900
v 0.04415700 -0.12998800 -0.04463200
v 0.04446100 -0.13232300 -0.04493800
v 0.04468100 -0.13473100 -0.04535300
v 0.04440300 -0.13473200 -0.04562700
v 0.04412300 -0.13473200 -0.04589900
v 0.04298500 -0.13473400 -0.04697100
v 0.04182100 -0.13473500 -0.04801300
v 0.04063200 -0.13473700 -0.04902600
v 0.03941800 -0.13473900 -0.05000900
v 0.03818100 -0.13474000 -0.05096300
v 0.03692000 -0.13474200 -0.05188500
v 0.03563700 -0.13474300 -0.05277700
v 0.03433200 -0.13474400 -0.05363700
v 0.03300700 -0.13474600 -0.05446400
v 0.03166200 -0.13474700 -0.05525900
v 0.03029800 -0.13474800 -0.05602100
v 0.02891500 -0.13474900 -0.05674900
v 0.02751600 -0.13475000 -0.05744300
v 0.02610000 -0.13475100 -0.05810200
v 0.02466700 -0.13475200 -0.05872700
v 0.02322000 -0.13475300 -0.05931500
v 0.02175900 -0.13475400 -0.05986800
v 0.02028400 -0.13475500 -0.06038400
v 0.01879700 -0.13475600 -0.06086400
v 0.01729900 -0.13475700 -0.06130700
v 0.01579100 -0.13475800 -0.06171400
v 0.01427300 -0.13475800 -0.06208300
v 0.01274600 -0.13475900 -0.06241600
v 0.01121200 -0.13476000 -0.06271100
v 0.00967100 -0.13476000 -0.06296800
v 0.00812400 -0.13476100 -0.06318700
v 0.00657300 -0.13476100 -0.06336800
v 0.00501700 -0.13476100 -0.06351100
v 0.00345700 -0.13476200 -0.06361600
v 0.00189700 -0.13476200 -0.06368100
v 0.00033500 -0.13476200 -0.06370800
v 0.00000000 -0.13476200 -0.06370900
v 0.04422100 -0.13351800 -0.04548800
v 0.04426400 -0.13232300 -0.04513400
v 0.04461800 -0.13351800 -0.04509600
v 0.04442000 -0.13351800 -0.04529200
v 0.04326400 -0.13232400 -0.04610000
v 0.04336900 -0.12998800 -0.04540600
v 0.04366700 -0.13232400 -0.04571600
v 0.04127800 -0.12998900 -0.04733400
v 0.04159400 -0.12553500 -0.04597700
v 0.04213100 -0.12998900 -0.04656900
v 0.04449900 -0.13412200 -0.04537300
v 0.04451900 -0.13351800 -0.04519400
v 0.04469800 -0.13412200 -0.04517600
v 0.04459900 -0.13412200 -0.04527500
v 0.04465800 -0.13232300 -0.04474200
v 0.04501200 -0.13351700 -0.04470100
v 0.04481600 -0.13351800 -0.04489900
v 0.04463900 -0.13442600 -0.04531500
v 0.04464800 -0.13412200 -0.04522500
v 0.04473800 -0.13442600 -0.04521700
v 0.04468800 -0.13442600 -0.04526600
v 0.04471700 -0.13351800 -0.04499800
v 0.04489600 -0.13412200 -0.04497900
v 0.04479700 -0.13412200 -0.04507800
v 0.04382000 -0.13351900 -0.04587700
v 0.04386600 -0.13232300 -0.04552300
v 0.04402100 -0.13351900 -0.04568300
v 0.03952800 -0.12999000 -0.04881800
v 0.03989900 -0.12553400 -0.04747700
v 0.04041000 -0.12998900 -0.04808400
v 0.03542400 -0.12553300 -0.05094800
v 0.03643200 -0.11749800 -0.04852100
v 0.03725300 -0.12553300 -0.04960900
v 0.03772500 -0.12999000 -0.05023600
v 0.03814800 -0.12553400 -0.04891500
v 0.03863300 -0.12999000 -0.04953500
v 0.03587100 -0.12999100 -0.05158800
v 0.03634500 -0.12553300 -0.05028700
v 0.03680400 -0.12999100 -0.05092000
v 0.03162500 -0.12553200 -0.05342000
v 0.03281400 -0.11749400 -0.05108400
v 0.03354700 -0.12553300 -0.05221900
v 0.03396800 -0.12999200 -0.05287000
v 0.03449200 -0.12553300 -0.05159200
v 0.03492500 -0.12999100 -0.05223800
v 0.03201900 -0.12999300 -0.05408200
v 0.03259200 -0.12553200 -0.05282800
v 0.03299900 -0.12999200 -0.05348500
v 0.02765300 -0.12553200 -0.05560600
v 0.02901500 -0.11749100 -0.05337300
v 0.02965900 -0.12553200 -0.05454900
v 0.03002700 -0.12999300 -0.05522200
v 0.03064700 -0.12553200 -0.05399300
v 0.03102800 -0.12999300 -0.05466100
v 0.02799500 -0.12999400 -0.05628900
v 0.02866100 -0.12553200 -0.05508700
v 0.02901600 -0.12999400 -0.05576500
v 0.02371800 -0.12553100 -0.05741700
v 0.02514700 -0.11748800 -0.05533400
v 0.02570200 -0.12553200 -0.05654600
v 0.02601800 -0.12999400 -0.05723700
v 0.02668200 -0.12553200 -0.05608500
v 0.02701000 -0.12999400 -0.05677200
v 0.02400800 -0.12999500 -0.05811600
v 0.02471400 -0.12553200 -0.05699000
v 0.02501700 -0.12999500 -0.05768500
v 0.01928300 -0.12553100 -0.05907500
v 0.02105600 -0.11748600 -0.05704700
v 0.02151700 -0.12553100 -0.05828900
v 0.02177800 -0.12999500 -0.05899500
v 0.02262100 -0.12553100 -0.05786400
v 0.02289700 -0.12999500 -0.05856600
v 0.01951600 -0.12999600 -0.05978700
v 0.02040400 -0.12553100 -0.05869300
v 0.02065100 -0.12999600 -0.05940200
v 0.01492700 -0.12553000 -0.06033900
v 0.01675300 -0.11748300 -0.05848200
v 0.01711700 -0.12553000 -0.05974700
v 0.01732200 -0.12999600 -0.06046400
v 0.01820300 -0.12553100 -0.05942100
v 0.01842200 -0.12999600 -0.06013600
v 0.01510600 -0.12999700 -0.06106100
v 0.01602500 -0.12553000 -0.06005300
v 0.01621700 -0.12999600 -0.06077300
v 0.01058100 -0.12553000 -0.06126300
v 0.01249300 -0.11748100 -0.05955700
v 0.01276300 -0.12553000 -0.06084000
v 0.01291500 -0.12999700 -0.06156600
v 0.01384800 -0.12553000 -0.06059900
v 0.01401300 -0.12999700 -0.06132300
v 0.01070700 -0.12999700 -0.06199200
v 0.01167400 -0.12553000 -0.06106100
v 0.01181300 -0.12999700 -0.06178900
v 0.00598900 -0.12553000 -0.06189000
v 0.00811500 -0.11748000 -0.06032500
v 0.00829100 -0.12553000 -0.06162000
v 0.00839000 -0.12999800 -0.06235100
v 0.00943700 -0.12553000 -0.06145200
v 0.00955000 -0.12999800 -0.06218200
v 0.00606100 -0.12999800 -0.06262300
v 0.00714100 -0.12553000 -0.06176600
v 0.00722700 -0.12999800 -0.06249800
v 0.00146000 -0.12553000 -0.06216600
v 0.00364500 -0.11748000 -0.06076800
v 0.00372600 -0.12553000 -0.06207000
v 0.00377100 -0.12999800 -0.06280500
v 0.00485800 -0.12553000 -0.06199100
v 0.00491700 -0.12999800 -0.06272500
v 0.00147800 -0.12999800 -0.06290200
v 0.00259300 -0.12553000 -0.06212900
v 0.00262500 -0.12999800 -0.06286400
v -0.00290300 -0.12553000 -0.06211500
v -0.00070700 -0.11747900 -0.06087600
v -0.00072200 -0.12553000 -0.06217900
v -0.00073100 -0.12999800 -0.06291500
v 0.00036900 -0.12553000 -0.06218300
v 0.00037400 -0.12999800 -0.06291800
v -0.00073500 -0.13234300 -0.06330300
v -0.00017900 -0.12999800 -0.06291900
v 0.00037600 -0.13234300 -0.06330600
v -0.00018000 -0.13234300 -0.06330700
v -0.00293800 -0.12999800 -0.06285000
v -0.00181200 -0.12553000 -0.06215700
v -0.00183400 -0.12999800 -0.06289200
v -0.00764300 -0.12553000 -0.06170500
v -0.00516600 -0.11748000 -0.06065500
v -0.00527700 -0.12553000 -0.06195600
v -0.00018000 -0.13354300 -0.06350600
v 0.00009800 -0.13234300 -0.06330700
v 0.00037700 -0.13354300 -0.06350600
v 0.00009900 -0.13354300 -0.06350600
v 0.00092600 -0.12999800 -0.06291200
v 0.00148700 -0.13234300 -0.06329000
v 0.00093200 -0.13234300 -0.06330100
v -0.00278900 -0.13476200 -0.06364800
v -0.00434900 -0.13476100 -0.06356000
v -0.00590700 -0.13476100 -0.06343400
v -0.00746000 -0.13476100 -0.06326900
v -0.00900900 -0.13476000 -0.06306600
v -0.01055300 -0.13476000 -0.06282500
v -0.01209000 -0.13475900 -0.06254700
v -0.01362000 -0.13475900 -0.06223100
v -0.01514200 -0.13475800 -0.06187700
v -0.01665500 -0.13475700 -0.06148700
v -0.01815700 -0.13475700 -0.06105900
v -0.01964900 -0.13475600 -0.06059500
v -0.02112900 -0.13475500 -0.06009400
v -0.02259600 -0.13475400 -0.05955700
v -0.02404900 -0.13475300 -0.05898300
v -0.02548800 -0.13475200 -0.05837400
v -0.02691100 -0.13475100 -0.05773000
v -0.02831800 -0.13475000 -0.05705000
v -0.02970800 -0.13474900 -0.05633700
v -0.03108000 -0.13474800 -0.05559000
v -0.03243300 -0.13474600 -0.05480900
v -0.03376700 -0.13474500 -0.05399600
v -0.03508000 -0.13474400 -0.05315000
v -0.03637300 -0.13474300 -0.05227200
v -0.03764300 -0.13474100 -0.05136200
v -0.03889100 -0.13474000 -0.05042200
v -0.04011500 -0.13473800 -0.04945200
v -0.04131500 -0.13473700 -0.04845100
v -0.04249000 -0.13473500 -0.04742100
v -0.04363900 -0.13473300 -0.04636200
v -0.04476100 -0.13473100 -0.04527500
v -0.04476100 -0.13473100 -0.04527500
v -0.00534000 -0.12999800 -0.06269000
v -0.00409100 -0.12553000 -0.06204700
v -0.00414000 -0.12999800 -0.06278100
v -0.00773400 -0.12999800 -0.06243700
v -0.00646100 -0.12553000 -0.06184200
v -0.00653800 -0.12999800 -0.06257500
v -0.01215800 -0.12553000 -0.06096600
v -0.00969900 -0.11748000 -0.06008600
v -0.00990800 -0.12553000 -0.06137700
v -0.01002500 -0.12999800 -0.06210700
v -0.00877700 -0.12553000 -0.06155200
v -0.00888100 -0.12999800 -0.06228200
v -0.01230300 -0.12999700 -0.06169200
v -0.01103500 -0.12553000 -0.06118200
v -0.01116600 -0.12999700 -0.06191000
v -0.01649000 -0.12553100 -0.05992600
v -0.01403200 -0.11748200 -0.05920700
v -0.01433400 -0.12553000 -0.06048500
v -0.01450500 -0.12999700 -0.06120800
v -0.01324800 -0.12553000 -0.06073500
v -0.01340600 -0.12999700 -0.06146000
v -0.01668700 -0.12999700 -0.06064500
v -0.01541400 -0.12553000 -0.06021500
v -0.01559900 -0.12999700 -0.06093600
v -0.02081000 -0.12553100 -0.05854800
v -0.01826600 -0.11748400 -0.05801800
v -0.01866200 -0.12553100 -0.05927700
v -0.01888700 -0.12999600 -0.05999100
v -0.01757900 -0.12553100 -0.05961100
v -0.01779000 -0.12999600 -0.06032800
v -0.02106200 -0.12999600 -0.05925700
v -0.01974000 -0.12553100 -0.05892300
v -0.01997800 -0.12999600 -0.05963400
v -0.02518800 -0.12553200 -0.05678000
v -0.02252300 -0.11748600 -0.05647400
v -0.02301600 -0.12553100 -0.05770600
v -0.02329700 -0.12999500 -0.05840700
v -0.02191700 -0.12553100 -0.05813800
v -0.02218300 -0.12999600 -0.05884300
v -0.02549700 -0.12999500 -0.05747300
v -0.02410600 -0.12553200 -0.05725400
v -0.02440100 -0.12999500 -0.05795100
v -0.02896200 -0.12553200 -0.05492800
v -0.02650700 -0.11748900 -0.05468500
v -0.02709100 -0.12553200 -0.05588600
v -0.02742500 -0.12999400 -0.05657100
v -0.02614300 -0.12553200 -0.05634100
v -0.02646400 -0.12999400 -0.05703000
v -0.02932000 -0.12999400 -0.05560400
v -0.02803100 -0.12553200 -0.05541500
v -0.02837700 -0.12999400 -0.05609600
v -0.03300000 -0.12553300 -0.05257200
v -0.03033100 -0.11749100 -0.05262400
v -0.03100300 -0.12553200 -0.05378800
v -0.03138900 -0.12999300 -0.05445400
v -0.02998800 -0.12553200 -0.05436700
v -0.03036000 -0.12999300 -0.05503900
v -0.03341200 -0.12999200 -0.05322700
v -0.03200700 -0.12553200 -0.05318900
v -0.03240600 -0.12999300 -0.05385000
v -0.03673300 -0.12553300 -0.05000100
v -0.03412700 -0.11749500 -0.05020100
v -0.03489000 -0.12553300 -0.05132100
v -0.03532800 -0.12999200 -0.05196400
v -0.03395000 -0.12553300 -0.05195500
v -0.03437600 -0.12999200 -0.05260400
v -0.03719700 -0.12999100 -0.05063200
v -0.03581700 -0.12553300 -0.05066900
v -0.03626900 -0.12999100 -0.05130700
v -0.04026400 -0.12553500 -0.04716400
v -0.03767500 -0.11749900 -0.04754400
v -0.03852500 -0.12553400 -0.04861500
v -0.03901500 -0.12999000 -0.04923300
v -0.03763500 -0.12553400 -0.04931600
v -0.03811300 -0.12999100 -0.04994100
v -0.04078000 -0.12998900 -0.04776900
v -0.03940100 -0.12553400 -0.04789800
v -0.03990400 -0.12999000 -0.04850900
v -0.04357300 -0.12553600 -0.04407700
v -0.04101200 -0.11750400 -0.04463500
v -0.04194700 -0.12553500 -0.04565100
v -0.04249000 -0.12998900 -0.04624000
v -0.04111300 -0.12553500 -0.04641500
v -0.04164200 -0.12998900 -0.04701200
v -0.04414100 -0.12998800 -0.04464900
v -0.04276700 -0.12553500 -0.04487100
v -0.04332200 -0.12998800 -0.04545200
v -0.04664600 -0.12553700 -0.04075400
v -0.04412200 -0.11750900 -0.04149000
v -0.04513900 -0.12553600 -0.04244400
v -0.04573300 -0.12998700 -0.04300000
v -0.04436400 -0.12553600 -0.04326700
v -0.04494400 -0.12998700 -0.04383200
v -0.04525500 -0.13232200 -0.04413400
v -0.04454400 -0.12998800 -0.04424200
v -0.04444400 -0.13232300 -0.04495600
v -0.04485200 -0.13232300 -0.04454600
v -0.04501000 -0.13351800 -0.04470400
v -0.04464800 -0.13232300 -0.04475200
v -0.04460100 -0.13351800 -0.04511400
v -0.04480600 -0.13351800 -0.04490900
v -0.04373300 -0.12998800 -0.04505300
v -0.04361900 -0.13232400 -0.04576300
v -0.04403300 -0.13232400 -0.04536100
v -0.04488600 -0.13412200 -0.04498900
v -0.04470400 -0.13351800 -0.04501200
v -0.04468100 -0.13412300 -0.04519400
v -0.04478400 -0.13412200 -0.04509200
v -0.04423900 -0.13232300 -0.04515900
v -0.04418800 -0.13351900 -0.04552100
v -0.04439500 -0.13351900 -0.04531800
v -0.04482400 -0.13442600 -0.04513200
v -0.04473200 -0.13412300 -0.04514300
v -0.04472100 -0.13442600 -0.04523500
v -0.04477200 -0.13442600 -0.04518400
v -0.04449800 -0.13351800 -0.04521600
v -0.04447400 -0.13412300 -0.04539800
v -0.04457800 -0.13412300 -0.04529700
v -0.04479300 -0.13457900 -0.04520400
v -0.04474700 -0.13442600 -0.04520900
v -0.04474100 -0.13457900 -0.04525500
v -0.04476700 -0.13457900 -0.04523000
v -0.04462900 -0.13412300 -0.04524500
v -0.04461800 -0.13442700 -0.04533700
v -0.04466900 -0.13442700 -0.04528600
v -0.04477700 -0.13465500 -0.04524000
v -0.04475400 -0.13457900 -0.04524200
v -0.04475100 -0.13465500 -0.04526500
v -0.04476400 -0.13465500 -0.04525300
v -0.04469500 -0.13442700 -0.04526000
v -0.04468900 -0.13457900 -0.04530600
v -0.04471500 -0.13457900 -0.04528100
v -0.04476900 -0.13469300 -0.04525800
v -0.04475800 -0.13465500 -0.04525900
v -0.04475600 -0.13469300 -0.04527000
v -0.04476300 -0.13469300 -0.04526400
v -0.04472800 -0.13457900 -0.04526800
v -0.04472500 -0.13465500 -0.04529100
v -0.04473800 -0.13465500 -0.04527800
v -0.04476500 -0.13471200 -0.04526700
v -0.04475900 -0.13469300 -0.04526700
v -0.04475900 -0.13471200 -0.04527300
v -0.04476200 -0.13471200 -0.04527000
v -0.04474500 -0.13465500 -0.04527200
v -0.04474300 -0.13469300 -0.04528300
v -0.04475000 -0.13469300 -0.04527700
v -0.04476300 -0.13472200 -0.04527100
v -0.04476000 -0.13471200 -0.04527100
v -0.04476000 -0.13472200 -0.04527400
v -0.04476000 -0.13472200 -0.04527400
v -0.04476200 -0.13472200 -0.04527300
v -0.04475300 -0.13469300 -0.04527400
v -0.04475200 -0.13471200 -0.04527900
v -0.04475500 -0.13471200 -0.04527600
v -0.04585700 -0.13473000 -0.04416100
v -0.04692400 -0.13472800 -0.04302100
v -0.04796400 -0.13472600 -0.04185500
v -0.04897400 -0.13472400 -0.04066300
v -0.04995500 -0.13472200 -0.03944700
v -0.05090600 -0.13472000 -0.03820700
v -0.05182600 -0.13471800 -0.03694400
v -0.05271500 -0.13471600 -0.03565900
v -0.05357200 -0.13471400 -0.03435300
v -0.05439700 -0.13471200 -0.03302600
v -0.05518800 -0.13470900 -0.03168000
v -0.05594600 -0.13470700 -0.03031400
v -0.05667100 -0.13470500 -0.02892900
v -0.05736100 -0.13470300 -0.02752800
v -0.05801700 -0.13470100 -0.02611000
v -0.05863700 -0.13469900 -0.02467600
v -0.05922300 -0.13469700 -0.02322700
v -0.05977300 -0.13469500 -0.02176500
v -0.06028600 -0.13469300 -0.02029000
v -0.06076400 -0.13469100 -0.01880200
v -0.06124300 -0.13468900 -0.01716600
v -0.04726300 -0.12998600 -0.04129300
v -0.04590000 -0.12553700 -0.04160600
v -0.04650600 -0.12998700 -0.04215300
v -0.04946500 -0.12553900 -0.03721700
v -0.04808800 -0.12553800 -0.03901100
v -0.04873000 -0.12998500 -0.03953100
v -0.04737500 -0.12553700 -0.03988900
v -0.04800500 -0.12998600 -0.04041800
v -0.05013100 -0.12998400 -0.03771600
v -0.04878400 -0.12553800 -0.03812000
v -0.04943900 -0.12998500 -0.03863000
v -0.05201400 -0.12554000 -0.03348500
v -0.05077400 -0.12553900 -0.03537400
v -0.05146400 -0.12998300 -0.03585300
v -0.05012800 -0.12553900 -0.03630100
v -0.05080600 -0.12998400 -0.03679100
v -0.05272700 -0.12998300 -0.03394200
v -0.05140300 -0.12554000 -0.03443500
v -0.05210400 -0.12998300 -0.03490300
v -0.05434800 -0.12554300 -0.02945100
v -0.05321900 -0.12554100 -0.03149000
v -0.05395600 -0.12998200 -0.03192400
v -0.05262600 -0.12554100 -0.03249300
v -0.05335100 -0.12998200 -0.03293900
v -0.05510700 -0.12998100 -0.02986100
v -0.05379300 -0.12554200 -0.03047600
v -0.05454100 -0.12998100 -0.03089800
v -0.05625700 -0.12554500 -0.02551300
v -0.05533700 -0.12554400 -0.02749800
v -0.05611700 -0.12998000 -0.02788500
v -0.05485100 -0.12554300 -0.02847900
v -0.05562100 -0.12998000 -0.02887700
v -0.05705700 -0.12997900 -0.02587500
v -0.05580600 -0.12554400 -0.02651000
v -0.05659600 -0.12998000 -0.02688400
v -0.05793000 -0.12554700 -0.02132300
v -0.05713200 -0.12554600 -0.02343300
v -0.05795100 -0.12997800 -0.02376700
v -0.05670400 -0.12554500 -0.02447700
v -0.05751300 -0.12997900 -0.02482500
v -0.05876800 -0.12997800 -0.02163000
v -0.05754100 -0.12554600 -0.02238100
v -0.05836900 -0.12997800 -0.02270200
v -0.05929600 -0.12554900 -0.01702300
v -0.05865200 -0.12554800 -0.01918600
v -0.05950700 -0.12997700 -0.01946400
v -0.05830100 -0.12554700 -0.02025800
v -0.05914700 -0.12997700 -0.02055000
v -0.06016700 -0.12997600 -0.01727100
v -0.05898400 -0.12554900 -0.01810700
v -0.05984700 -0.12997700 -0.01837000
v -0.06035000 -0.12555100 -0.01263800
v -0.05986300 -0.12555000 -0.01484000
v -0.06074700 -0.12997600 -0.01505800
v -0.05958900 -0.12555000 -0.01593400
v -0.06046700 -0.12997600 -0.01616700
v -0.06181300 -0.13468600 -0.01496700
v -0.06230500 -0.13468400 -0.01274800
v -0.06259800 -0.13468300 -0.01121300
v -0.06285200 -0.13468200 -0.00967200
v -0.06306900 -0.13468100 -0.00812500
v -0.06324900 -0.13468000 -0.00657300
v -0.06339000 -0.13467900 -0.00501700
v -0.06349300 -0.13467900 -0.00345800
v -0.06355900 -0.13467800 -0.00189700
v -0.06358600 -0.13467800 -0.00033500
v -0.06358700 -0.13467800 -0.00000100
v -0.06108700 -0.12555300 -0.00819000
v -0.06075800 -0.12555200 -0.01042000
v -0.06166600 -0.12997500 -0.01057500
v -0.06056400 -0.12555100 -0.01153100
v -0.06124700 -0.12997500 -0.01282500
v -0.06146600 -0.12997500 -0.01170200
v -0.06200400 -0.12997400 -0.00831300
v -0.06093200 -0.12555200 -0.00930600
v -0.06184500 -0.12997500 -0.00944500
v -0.06150800 -0.12555300 -0.00370300
v -0.06133700 -0.12555300 -0.00595000
v -0.06226100 -0.12997400 -0.00603900
v -0.06122200 -0.12555300 -0.00707100
v -0.06214200 -0.12997400 -0.00717700
v -0.06243600 -0.12997400 -0.00375900
v -0.06143300 -0.12555300 -0.00482700
v -0.06235900 -0.12997400 -0.00490000
v -0.06161400 -0.12555400 0.00061700
v -0.06159700 -0.12555400 -0.00154600
v -0.06252800 -0.12997400 -0.00156900
v -0.06156200 -0.12555400 -0.00262500
v -0.06249100 -0.12997400 -0.00266400
v -0.06254400 -0.12997400 0.00062500
v -0.06161400 -0.12555400 -0.00046500
v -0.06254500 -0.12997400 -0.00047300
v -0.06139700 -0.12555300 0.00531200
v -0.06155000 -0.12555300 0.00297000
v -0.06305100 -0.13229000 0.00062900
v -0.06254700 -0.12997400 0.00007600
v -0.06305200 -0.13229000 -0.00047700
v -0.06305300 -0.13229000 0.00007600
v -0.06247800 -0.12997400 0.00301100
v -0.06159300 -0.12555300 0.00179600
v -0.06252300 -0.12997400 0.00181900
v -0.06331700 -0.13347500 0.00007600
v -0.06305300 -0.13229000 -0.00020000
v -0.06331500 -0.13347500 -0.00047900
v -0.06331700 -0.13347500 -0.00020100
v -0.06253900 -0.12997400 -0.00102100
v -0.06303400 -0.13229000 -0.00158100
v -0.06304500 -0.13229000 -0.00102900
v -0.06352700 -0.13467800 0.00278900
v -0.06344000 -0.13467900 0.00434900
v -0.06331400 -0.13467900 0.00590600
v -0.06315100 -0.13468000 0.00746000
v -0.06295000 -0.13468100 0.00900900
v -0.06271100 -0.13468200 0.01055300
v -0.06243400 -0.13468400 0.01209100
v -0.06212100 -0.13468500 0.01362100
v -0.06177000 -0.13468700 0.01514400
v -0.06138200 -0.13468800 0.01665700
v -0.06095700 -0.13469000 0.01816000
v -0.06049600 -0.13469200 0.01965300
v -0.05999800 -0.13469400 0.02113400
v -0.05946400 -0.13469600 0.02260200
v -0.05889400 -0.13469800 0.02405700
v -0.05828800 -0.13470000 0.02549700
v -0.05764700 -0.13470200 0.02692200
v -0.05697100 -0.13470400 0.02833000
v -0.05626000 -0.13470600 0.02972200
v -0.05551600 -0.13470800 0.03109600
v -0.05473900 -0.13471100 0.03245100
v -0.05392800 -0.13471300 0.03378600
v -0.05308600 -0.13471500 0.03510100
v -0.05221100 -0.13471700 0.03639600
v -0.05130500 -0.13471900 0.03766900
v -0.05036700 -0.13472100 0.03891900
v -0.04940000 -0.13472300 0.04014500
v -0.04840200 -0.13472500 0.04134800
v -0.04737500 -0.13472700 0.04252500
v -0.04631900 -0.13472900 0.04367700
v -0.04523400 -0.13473100 0.04480100
v -0.04476100 -0.13473100 0.04527500
v -0.06232100 -0.12997400 0.00538800
v -0.06148500 -0.12555300 0.00414200
v -0.06241100 -0.12997400 0.00420000
v -0.06086100 -0.12555200 0.00977900
v -0.06116900 -0.12555200 0.00755000
v -0.06208700 -0.12997400 0.00766100
v -0.06129300 -0.12555200 0.00643200
v -0.06221500 -0.12997400 0.00652600
v -0.06177100 -0.12997500 0.00992400
v -0.06102500 -0.12555200 0.00866600
v -0.06193900 -0.12997400 0.00879400
v -0.06000800 -0.12555100 0.01420100
v -0.06047400 -0.12555200 0.01199600
v -0.06137500 -0.12997500 0.01217500
v -0.06067700 -0.12555200 0.01088900
v -0.06158300 -0.12997500 0.01105100
v -0.06089800 -0.12997600 0.01441300
v -0.06025100 -0.12555100 0.01310000
v -0.06114600 -0.12997600 0.01329600
v -0.05884400 -0.12554900 0.01856300
v -0.05946500 -0.12555000 0.01639100
v -0.06034100 -0.12997700 0.01663300
v -0.05974600 -0.12555100 0.01529800
v -0.06062900 -0.12997600 0.01552500
v -0.05970400 -0.12997700 0.01883300
v -0.05916400 -0.12555000 0.01748000
v -0.06003200 -0.12997700 0.01773600
v -0.05737000 -0.12554600 0.02283300
v -0.05814500 -0.12554800 0.02071200
v -0.05898900 -0.12997800 0.02100900
v -0.05850400 -0.12554800 0.01964000
v -0.05935600 -0.12997700 0.01992400
v -0.05819500 -0.12997800 0.02315800
v -0.05776700 -0.12554700 0.02177600
v -0.05860200 -0.12997800 0.02208700
v -0.05559000 -0.12554300 0.02697800
v -0.05651700 -0.12554500 0.02492300
v -0.05732300 -0.12997900 0.02527400
v -0.05695300 -0.12554500 0.02388200
v -0.05776900 -0.12997800 0.02422000
v -0.05637400 -0.12997900 0.02735700
v -0.05606300 -0.12554400 0.02595500
v -0.05685800 -0.12997900 0.02632000
v -0.05351000 -0.12554100 0.03098300
v -0.05458700 -0.12554200 0.02899900
v -0.05535000 -0.12998000 0.02940300
v -0.05509800 -0.12554300 0.02799300
v -0.05587100 -0.12998000 0.02838400
v -0.05425100 -0.12998100 0.03141200
v -0.05405700 -0.12554200 0.02999600
v -0.05480900 -0.12998100 0.03041300
v -0.05113800 -0.12554000 0.03483100
v -0.05236000 -0.12554000 0.03292700
v -0.05307900 -0.12998200 0.03338000
v -0.05294400 -0.12554100 0.03196000
v -0.05367400 -0.12998200 0.03240100
v -0.05183500 -0.12998300 0.03530500
v -0.05175800 -0.12554000 0.03388500
v -0.05246600 -0.12998300 0.03434800
v -0.04848800 -0.12553800 0.03850300
v -0.04984700 -0.12553900 0.03669100
v -0.05052100 -0.12998400 0.03718500
v -0.05050100 -0.12553900 0.03576700
v -0.05118600 -0.12998400 0.03625100
v -0.04913900 -0.12998500 0.03901500
v -0.04917600 -0.12553900 0.03760300
v -0.04983800 -0.12998500 0.03810600
v -0.04546500 -0.12553700 0.04209100
v -0.04701000 -0.12553800 0.04032600
v -0.04763700 -0.12998600 0.04085800
v -0.04775700 -0.12553800 0.03942200
v -0.04839600 -0.12998600 0.03994400
v -0.04606600 -0.12998700 0.04264000
v -0.04624600 -0.12553700 0.04121600
v -0.04686000 -0.12998700 0.04175700
v -0.04242100 -0.12553500 0.04520400
v -0.04298200 -0.11750700 0.04269700
v -0.04397100 -0.12553600 0.04367300
v -0.04454600 -0.12998800 0.04424100
v -0.04472500 -0.12553600 0.04288900
v -0.04531300 -0.12998700 0.04344800
v -0.04485400 -0.13232300 0.04454400
v -0.04493100 -0.12998700 0.04384600
v -0.04562800 -0.13232200 0.04374700
v -0.04524300 -0.13232200 0.04414700
v -0.04297100 -0.12998800 0.04578800
v -0.04320400 -0.12553600 0.04444400
v -0.04376600 -0.12998800 0.04502100
v -0.03903100 -0.12553400 0.04820400
v -0.03984800 -0.11750200 0.04570000
v -0.04075400 -0.12553500 0.04673500
v -0.04406600 -0.13232400 0.04532900
v -0.04415800 -0.12998800 0.04463200
v -0.04446200 -0.13232300 0.04493800
v -0.04298600 -0.13473400 0.04697100
v -0.04182200 -0.13473600 0.04801300
v -0.04063300 -0.13473700 0.04902600
v -0.03941900 -0.13473900 0.05001000
v -0.03818100 -0.13474100 0.05096300
v -0.03692000 -0.13474200 0.05188600
v -0.03563700 -0.13474300 0.05277700
v -0.03433200 -0.13474500 0.05363700
v -0.03300800 -0.13474600 0.05446400
v -0.03166300 -0.13474700 0.05525900
v -0.03029900 -0.13474800 0.05602100
v -0.02891600 -0.13475000 0.05674900
v -0.02751600 -0.13475100 0.05744300
v -0.02610000 -0.13475200 0.05810200
v -0.02466800 -0.13475300 0.05872700
v -0.02322100 -0.13475400 0.05931500
v -0.02176000 -0.13475500 0.05986800
v -0.02028500 -0.13475600 0.06038500
v -0.01879900 -0.13475600 0.06086500
v -0.01730100 -0.13475700 0.06130800
v -0.01579200 -0.13475800 0.06171400
v -0.01427300 -0.13475900 0.06208400
v -0.01274700 -0.13475900 0.06241600
v -0.01121300 -0.13476000 0.06271100
v -0.00967200 -0.13476000 0.06296800
v -0.00812500 -0.13476100 0.06318700
v -0.00657300 -0.13476100 0.06336800
v -0.00501700 -0.13476100 0.06351100
v -0.00345800 -0.13476200 0.06361600
v -0.00189800 -0.13476200 0.06368100
v -0.00033600 -0.13476200 0.06370800
v 0.00000000 -0.13476200 0.06370900
v -0.04127800 -0.12998900 0.04733500
v -0.04159500 -0.12553500 0.04597700
v -0.04213200 -0.12998900 0.04657000
v -0.03952900 -0.12999000 0.04881800
v -0.03990000 -0.12553400 0.04747700
v -0.04041100 -0.12999000 0.04808400
v -0.03542500 -0.12553300 0.05094800
v -0.03643300 -0.11749700 0.04852100
v -0.03725300 -0.12553400 0.04960900
v -0.03772600 -0.12999100 0.05023700
v -0.03814900 -0.12553400 0.04891500
v -0.03863400 -0.12999000 0.04953600
v -0.03587100 -0.12999100 0.05158800
v -0.03634500 -0.12553300 0.05028700
v -0.03680500 -0.12999100 0.05092100
v -0.03162600 -0.12553200 0.05341900
v -0.03281500 -0.11749400 0.05108400
v -0.03354800 -0.12553300 0.05221900
v -0.03396800 -0.12999200 0.05287000
v -0.03449300 -0.12553300 0.05159200
v -0.03492600 -0.12999200 0.05223800
v -0.03202000 -0.12999300 0.05408200
v -0.03259300 -0.12553200 0.05282800
v -0.03300000 -0.12999200 0.05348500
v -0.02765400 -0.12553200 0.05560600
v -0.02901700 -0.11749000 0.05337300
v -0.02966100 -0.12553200 0.05454900
v -0.03002800 -0.12999300 0.05522200
v -0.03064900 -0.12553200 0.05399300
v -0.03102900 -0.12999300 0.05466100
v -0.02799600 -0.12999400 0.05628800
v -0.02866200 -0.12553200 0.05508700
v -0.02901700 -0.12999400 0.05576500
v -0.02353300 -0.12553100 0.05749500
v -0.02505800 -0.11748800 0.05537600
v -0.02561100 -0.12553200 0.05658800
v -0.02592500 -0.12999500 0.05728000
v -0.02663700 -0.12553200 0.05610700
v -0.02696500 -0.12999400 0.05679400
v -0.02382000 -0.12999500 0.05819400
v -0.02457600 -0.12553200 0.05705100
v -0.02487700 -0.12999500 0.05774700
v -0.01928300 -0.12553100 0.05907500
v -0.02096400 -0.11748500 0.05708200
v -0.02142300 -0.12553100 0.05832400
v -0.02168300 -0.12999600 0.05903000
v -0.02248100 -0.12553100 0.05791900
v -0.02275600 -0.12999500 0.05862200
v -0.01951600 -0.12999600 0.05978800
v -0.02035700 -0.12553100 0.05871000
v -0.02060300 -0.12999600 0.05941900
v -0.01492800 -0.12553000 0.06033900
v -0.01675400 -0.11748300 0.05848200
v -0.01711800 -0.12553100 0.05974700
v -0.01732400 -0.12999600 0.06046500
v -0.01820400 -0.12553100 0.05942100
v -0.01842300 -0.12999600 0.06013600
v -0.01510600 -0.12999700 0.06106100
v -0.01602600 -0.12553000 0.06005300
v -0.01621800 -0.12999700 0.06077300
v -0.01058200 -0.12553000 0.06126300
v -0.01249300 -0.11748100 0.05955800
v -0.01276300 -0.12553000 0.06084000
v -0.01291500 -0.12999700 0.06156600
v -0.01384800 -0.12553000 0.06060000
v -0.01401300 -0.12999700 0.06132300
v -0.01070800 -0.12999700 0.06199200
v -0.01167500 -0.12553000 0.06106200
v -0.01181400 -0.12999700 0.06178900
v -0.00604900 -0.12553000 0.06188400
v -0.00814500 -0.11748000 0.06032100
v -0.00832200 -0.12553000 0.06161600
v -0.00842100 -0.12999800 0.06234700
v -0.00945400 -0.12553000 0.06145000
v -0.00956600 -0.12999800 0.06218000
v -0.00612200 -0.12999800 0.06261700
v -0.00718700 -0.12553000 0.06176000
v -0.00727300 -0.12999800 0.06249300
v -0.00146000 -0.12553000 0.06216600
v -0.00367600 -0.11748000 0.06076600
v -0.00375700 -0.12553000 0.06206800
v -0.00380200 -0.12999800 0.06280300
v -0.00490400 -0.12553000 0.06198700
v -0.00496300 -0.12999800 0.06272100
v -0.00147900 -0.12999800 0.06290100
v -0.00260900 -0.12553000 0.06212800
v -0.00264100 -0.12999800 0.06286300
v 0.00290300 -0.12553000 0.06211500
v 0.00070600 -0.11747900 0.06087600
v 0.00072100 -0.12553000 0.06218000
v 0.00073000 -0.12999800 0.06291500
v -0.00037000 -0.12553000 0.06218300
v -0.00037400 -0.12999800 0.06291800
v 0.00073400 -0.13234300 0.06330300
v 0.00017700 -0.12999800 0.06291800
v -0.00037700 -0.13234300 0.06330600
v 0.00017900 -0.13234300 0.06330700
v 0.00293800 -0.12999800 0.06285000
v 0.00181200 -0.12553000 0.06215700
v 0.00183400 -0.12999800 0.06289200
v 0.00764200 -0.12553000 0.06170500
v 0.00516500 -0.11748000 0.06065500
v 0.00527600 -0.12553000 0.06195600
v 0.00017900 -0.13354300 0.06350600
v -0.00009900 -0.13234300 0.06330700
v -0.00037800 -0.13354300 0.06350500
v -0.00010000 -0.13354300 0.06350600
v -0.00092700 -0.12999800 0.06291200
v -0.00148800 -0.13234300 0.06329000
v -0.00093300 -0.13234300 0.06330000
v 0.00122700 -0.13476200 0.06369800
v 0.00278800 -0.13476200 0.06364900
v 0.00434900 -0.13476100 0.06356100
v 0.00590500 -0.13476100 0.06343400
v 0.00745900 -0.13476100 0.06327000
v 0.00900800 -0.13476000 0.06306700
v 0.01055200 -0.13476000 0.06282600
v 0.01208900 -0.13475900 0.06254700
v 0.01362000 -0.13475900 0.06223100
v 0.01514100 -0.13475800 0.06187700
v 0.01665400 -0.13475700 0.06148700
v 0.01815700 -0.13475700 0.06105900
v 0.01964900 -0.13475600 0.06059500
v 0.02112800 -0.13475500 0.06009400
v 0.02259500 -0.13475400 0.05955700
v 0.02404800 -0.13475300 0.05898400
v 0.02548700 -0.13475200 0.05837500
v 0.02691000 -0.13475100 0.05773000
v 0.02831800 -0.13475000 0.05705100
v 0.02970700 -0.13474900 0.05633700
v 0.03107900 -0.13474700 0.05559000
v 0.03243200 -0.13474600 0.05480900
v 0.03376600 -0.13474500 0.05399600
v 0.03507900 -0.13474400 0.05315000
v 0.03637200 -0.13474200 0.05227200
v 0.03764300 -0.13474100 0.05136300
v 0.03889100 -0.13473900 0.05042200
v 0.04011500 -0.13473800 0.04945200
v 0.04131400 -0.13473600 0.04845100
v 0.04249000 -0.13473400 0.04742100
v 0.04363800 -0.13473300 0.04636300
v 0.04420200 -0.13473200 0.04582200
v 0.04448200 -0.13473100 0.04555000
v 0.00533900 -0.12999800 0.06269000
v 0.00409000 -0.12553000 0.06204700
v 0.00414000 -0.12999800 0.06278100
v 0.00773300 -0.12999800 0.06243700
v 0.00646000 -0.12553000 0.06184200
v 0.00653700 -0.12999800 0.06257500
v 0.01215700 -0.12553000 0.06096600
v 0.00969900 -0.11748000 0.06008600
v 0.00990700 -0.12553000 0.06137700
v 0.01002400 -0.12999800 0.06210700
v 0.00877600 -0.12553000 0.06155200
v 0.00888000 -0.12999800 0.06228200
v 0.01230200 -0.12999700 0.06169200
v 0.01103400 -0.12553000 0.06118200
v 0.01116500 -0.12999700 0.06191000
v 0.01648900 -0.12553000 0.05992600
v 0.01403100 -0.11748200 0.05920700
v 0.01433300 -0.12553000 0.06048500
v 0.01450400 -0.12999700 0.06120800
v 0.01324700 -0.12553000 0.06073500
v 0.01340500 -0.12999700 0.06146000
v 0.01668600 -0.12999600 0.06064500
v 0.01541300 -0.12553000 0.06021500
v 0.01559700 -0.12999700 0.06093600
v 0.02080900 -0.12553100 0.05854800
v 0.01826600 -0.11748400 0.05801800
v 0.01866200 -0.12553100 0.05927700
v 0.01888700 -0.12999600 0.05999100
v 0.01757800 -0.12553100 0.05961100
v 0.01778900 -0.12999600 0.06032800
v 0.02106100 -0.12999600 0.05925700
v 0.01973900 -0.12553100 0.05892200
v 0.01997700 -0.12999600 0.05963400
v 0.02518700 -0.12553200 0.05678000
v 0.02252200 -0.11748700 0.05647400
v 0.02301500 -0.12553100 0.05770600
v 0.02329500 -0.12999500 0.05840800
v 0.02191600 -0.12553100 0.05813800
v 0.02218200 -0.12999500 0.05884300
v 0.02549600 -0.12999500 0.05747300
v 0.02410500 -0.12553100 0.05725400
v 0.02440000 -0.12999500 0.05795100
v 0.02896100 -0.12553200 0.05492800
v 0.02650600 -0.11748900 0.05468500
v 0.02709000 -0.12553200 0.05588600
v 0.02742400 -0.12999400 0.05657100
v 0.02614200 -0.12553200 0.05634100
v 0.02646400 -0.12999400 0.05703000
v 0.02931900 -0.12999300 0.05560400
v 0.02803000 -0.12553200 0.05541500
v 0.02837600 -0.12999400 0.05609600
v 0.03299900 -0.12553200 0.05257100
v 0.03033000 -0.11749200 0.05262400
v 0.03100200 -0.12553200 0.05378800
v 0.03138800 -0.12999300 0.05445400
v 0.02998700 -0.12553200 0.05436700
v 0.03035900 -0.12999300 0.05503900
v 0.03341100 -0.12999200 0.05322700
v 0.03200600 -0.12553200 0.05318900
v 0.03240500 -0.12999200 0.05385000
v 0.03673200 -0.12553300 0.05000100
v 0.03412600 -0.11749500 0.05020100
v 0.03488900 -0.12553300 0.05132100
v 0.03532700 -0.12999100 0.05196400
v 0.03395000 -0.12553300 0.05195500
v 0.03437500 -0.12999200 0.05260400
v 0.03719600 -0.12999100 0.05063300
v 0.03581600 -0.12553300 0.05066900
v 0.03626800 -0.12999100 0.05130700
v 0.03767400 -0.11749900 0.04754400
v 0.03852400 -0.12553400 0.04861500
v 0.03901400 -0.12999000 0.04923300
v 0.03763400 -0.12553400 0.04931600
v 0.03811200 -0.12999000 0.04994100
v 0.04077900 -0.12998900 0.04776900
v 0.03940000 -0.12553400 0.04789800
v 0.03990400 -0.12999000 0.04850900
v 0.04111200 -0.12553500 0.04641500
v 0.04164100 -0.12998900 0.04701200
v 0.04290700 -0.12998800 0.04584800
v 0.04277800 -0.13232500 0.04655500
v 0.04320000 -0.13232400 0.04616100
v 0.04418800 -0.13351800 0.04552100
v 0.04382600 -0.13232300 0.04556300
v 0.04377100 -0.13351900 0.04592300
v 0.04398000 -0.13351900 0.04572200
v 0.04460000 -0.13351800 0.04511400
v 0.04423800 -0.13232300 0.04515900
v 0.04439400 -0.13351800 0.04531800
v 0.02761000 -0.10747700 0.05237100
v 0.02401500 -0.10747400 0.05414300
v 0.02582800 -0.10747500 0.05328700
v 0.01572700 -0.10746800 0.05715400
v 0.01159700 -0.10746600 0.05815000
v 0.01367100 -0.10746700 0.05769000
v 0.00277100 -0.10746400 0.05925200
v -0.00138900 -0.10746400 0.05930100
v 0.00069100 -0.10746400 0.05931400
v -0.01008800 -0.10746600 0.05843600
v -0.01423200 -0.10746700 0.05755100
v -0.01216800 -0.10746600 0.05803100
v -0.04041300 -0.10749300 0.04307900
v -0.04188600 -0.10749500 0.04161700
v -0.02761100 -0.10747600 -0.05237100
v -0.02401600 -0.10747400 -0.05414300
v -0.02582800 -0.10747500 -0.05328700
v -0.01572800 -0.10746800 -0.05715400
v -0.01159800 -0.10746600 -0.05815000
v -0.01367200 -0.10746700 -0.05768900
v -0.00277100 -0.10746400 -0.05925100
v 0.00138800 -0.10746400 -0.05930100
v -0.00069100 -0.10746400 -0.05931400
v 0.01008700 -0.10746600 -0.05843600
v 0.01423200 -0.10746700 -0.05755100
v 0.01216800 -0.10746600 -0.05803100
v 0.02260900 -0.10747300 -0.05475500
v 0.02635800 -0.10747600 -0.05302200
v 0.02449900 -0.10747400 -0.05392200
v 0.04041200 -0.10749300 -0.04307900
v 0.04188500 -0.10749600 -0.04161900
vn -0.00000000 1.00000000 -0.00000000
vn -0.00000000 1.00000000 -0.00000000
vn -0.00000000 1.00000000 -0.00000000
vn -0.00000000 1.00000000 -0.00000000
vn 0.00010000 1.00000000 -0.00000000
vn -0.00000000 1.00000000 -0.00000000
vn -0.00000000 1.00000000 -0.00000000
vn -0.00000000 1.00000000 -0.00000000
vn -0.00000000 1.00000000 -0.00000000
vn -0.00000000 1.00000000 -0.00000000
vn -0.00000000 1.00000000 -0.00000000
vn -0.00000000 1.00000000 -0.00000000
vn -0.00000000 1.00000000 -0.00000000
vn -0.00000000 1.00000000 -0.00000000
vn -0.00000000 1.00000000 -0.00000000
vn -0.00000000 1.00000000 -0.00000000
vn -0.00000000 1.00000000 -0.00000000
vn -0.00000000 1.00000000 -0.00000000
vn -0.00000000 1.00000000 -0.00000000
vn -0.00000000 1.00000000 -0.00000000
vn -0.00000000 1.00000000 -0.00000000
vn -0.00000000 1.00000000 -0.00000000
vn -0.00000000 1.00000000 -0.00000000
vn -0.00000000 1.00000000 -0.00000000
vn -0.00000000 1.00000000 -0.00000000
vn -0.00000000 1.00000000 -0.00000000
vn -0.00000000 1.00000000 -0.00000000
vn -0.00000000 1.00000000 -0.00000000
vn -0.00000000 1.00000000 -0.00000000
vn -0.00000000 1.00000000 -0.00000000
vn -0.00000000 1.00000000 -0.00000000
vn -0.00000000 1.00000000 -0.00000000
vn -0.00000000 1.00000000 -0.00000000
vn -0.00000000 1.00000000 -0.00000000
vn -0.00000000 1.00000000 -0.00000000
vn -0.00000000 1.00000000 -0.00000000
vn -0.00000000 1.00000000 -0.00000000
vn -0.00000000 1.00000000 -0.00000000
vn -0.00000000 1.00000000 -0.00000000
vn -0.00000000 1.00000000 -0.00000000
vn -0.00000000 1.00000000 -0.00000000
vn -0.00000000 1.00000000 -0.00000000
vn -0.00000000 1.00000000 -0.00000000
vn -0.00000000 1.00000000 -0.00000000
vn -0.00000000 1.00000000 -0.00000000
vn -0.00000000 1.00000000 -0.00000000
vn -0.00000000 1.00000000 -0.00000000
vn -0.00000000 1.00000000 -0.00000000
vn -0.00000000 1.00000000 -0.00000000
vn -0.00000000 1.00000000 -0.00000000
vn -0.00000000 1.00000000 -0.00000000
vn -0.00000000 1.00000000 -0.00000000
vn -0.00000000 1.00000000 -0.00000000
vn -0.00000000 1.00000000 -0.00000000
vn -0.00000000 1.00000000 -0.00000000
vn -0.00000000 1.00000000 -0.00000000
vn -0.00000000 1.00000000 -0.00000000
vn -0.00000000 1.00000000 -0.00000000
vn -0.00000000 1.00000000 -0.00000000
vn -0.00000000 1.00000000 -0.00000000
vn -0.00000000 1.00000000 -0.00000000
vn -0.00000000 1.00000000 -0.00000000
vn -0.00000000 1.00000000 -0.00000000
vn -0.00000000 1.00000000 -0.00000000
vn -0.00000000 1.00000000 -0.00000000
vn -0.00000000 1.00000000 -0.00000000
vn -0.00000000 1.00000000 -0.00000000
vn -0.00000000 1.00000000 -0.00000000
vn 0.00010000 1.00000000 -0.00000000
vn -0.00000000 1.00000000 -0.00000000
vn -0.00000000 1.00000000 -0.00000000
vn -0.00000000 1.00000000 -0.00000000
vn -0.00000000 1.00000000 -0.00000000
vn -0.00000000 1.00000000 -0.00000000
vn -0.00000000 1.00000000 -0.00000000
vn -0.00000000 1.00000000 -0.00000000
vn -0.00000000 1.00000000 -0.00000000
vn -0.00000000 1.00000000 -0.00000000
vn -0.00000000 1.00000000 -0.00000000
vn -0.00000000 1.00000000 -0.00000000
vn -0.00000000 1.00000000 -0.00000000
vn -0.00000000 1.00000000 -0.00000000
vn -0.00000000 1.00000000 -0.00000000
vn -0.00000000 1.00000000 -0.00000000
vn -0.00000000 1.00000000 -0.00000000
vn -0.00000000 1.00000000 -0.00000000
vn -0.00000000 1.00000000 -0.00000000
vn -0.00000000 1.00000000 -0.00000000
vn -0.00000000 1.00000000 -0.00000000
vn -0.00000000 1.00000000 -0.00000000
vn -0.00000000 1.00000000 -0.00000000
vn -0.00000000 1.00000000 -0.00000000
vn -0.00000000 1.00000000 -0.00000000
vn -0.00000000 1.00000000 -0.00000000
vn -0.00000000 1.00000000 -0.00000000
vn -0.00000000 1.00000000 -0.00000000
vn -0.00000000 1.00000000 -0.00000000
vn -0.00000000 1.00000000 -0.00000000
vn -0.00000000 1.00000000 -0.00000000
vn -0.00000000 1.00000000 -0.00000000
vn -0.00000000 1.00000000 -0.00000000
vn -0.00000000 1.00000000 -0.00000000
vn -0.00000000 1.00000000 -0.00000000
vn -0.00000000 1.00000000 -0.00000000
vn -0.00000000 1.00000000 -0.00000000
vn -0.00000000 1.00000000 -0.00000000
vn -0.00000000 1.00000000 -0.00000000
vn -0.00000000 1.00000000 -0.00000000
vn -0.00000000 1.00000000 -0.00000000
vn -0.00000000 1.00000000 -0.00000000
vn -0.00000000 1.00000000 -0.00000000
vn -0.00000000 1.00000000 -0.00000000
vn -0.00000000 1.00000000 -0.00000000
vn -0.00000000 1.00000000 -0.00000000
vn -0.00000000 1.00000000 -0.00000000
vn -0.00000000 1.00000000 -0.00000000
vn -0.00000000 1.00000000 -0.00000000
vn -0.00000000 1.00000000 -0.00000000
vn -0.00000000 1.00000000 -0.00000000
vn -0.00000000 1.00000000 -0.00000000
vn -0.00000000 1.00000000 -0.00000000
vn -0.00000000 1.00000000 -0.00000000
vn -0.00000000 1.00000000 -0.00000000
vn -0.00000000 1.00000000 -0.00000000
vn -0.00000000 1.00000000 -0.00000000
vn -0.00000000 1.00000000 -0.00000000
vn -0.00000000 1.00000000 -0.00000000
vn 0.00010000 1.00000000 -0.00000000
vn 0.00020000 1.00000000 0.00010000
vn 0.00010000 1.00000000 0.00020000
vn 0.00010000 1.00000000 -0.00000000
vn -0.00000000 1.00000000 -0.00000000
vn -0.00000000 1.00000000 -0.00000000
vn -0.00000000 1.00000000 -0.00000000
vn -0.00000000 1.00000000 -0.00000000
vn -0.00000000 1.00000000 -0.00000000
vn -0.00000000 1.00000000 -0.00000000
vn -0.00000000 1.00000000 -0.00000000
vn -0.00000000 1.00000000 -0.00000000
vn -0.00000000 1.00000000 -0.00000000
vn -0.00000000 1.00000000 -0.00000000
vn -0.00000000 1.00000000 -0.00000000
vn -0.00000000 1.00000000 -0.00000000
vn -0.00000000 1.00000000 -0.00000000
vn -0.00000000 1.00000000 -0.00000000
vn -0.00000000 1.00000000 -0.00000000
vn -0.00000000 1.00000000 -0.00000000
vn -0.00000000 1.00000000 -0.00000000
vn -0.00000000 1.00000000 -0.00000000
vn -0.00000000 1.00000000 -0.00000000
vn -0.00000000 1.00000000 -0.00000000
vn -0.00000000 1.00000000 -0.00000000
vn -0.00000000 1.00000000 -0.00000000
vn -0.00000000 1.00000000 -0.00000000
vn -0.00000000 1.00000000 -0.00000000
vn -0.00000000 1.00000000 -0.00000000
vn -0.00000000 1.00000000 -0.00000000
vn -0.00000000 1.00000000 -0.00000000
vn -0.00000000 1.00000000 -0.00000000
vn -0.00000000 1.00000000 -0.00000000
vn -0.00000000 1.00000000 -0.00000000
vn -0.00000000 1.00000000 -0.00000000
vn -0.00000000 1.00000000 -0.00000000
vn -0.00000000 1.00000000 -0.00000000
vn -0.00000000 1.00000000 -0.00000000
vn -0.00000000 1.00000000 -0.00000000
vn -0.00000000 1.00000000 -0.00000000
vn -0.00000000 1.00000000 -0.00000000
vn -0.00000000 1.00000000 -0.00000000
vn -0.00000000 1.00000000 -0.00000000
vn -0.00000000 1.00000000 -0.00000000
vn -0.00000000 1.00000000 -0.00000000
vn -0.00000000 1.00000000 -0.00000000
vn -0.00000000 1.00000000 -0.00000000
vn -0.00000000 1.00000000 -0.00000000
vn -0.00000000 1.00000000 -0.00000000
vn 0.00010000 1.00000000 -0.00000000
vn 0.00010000 1.00000000 -0.00020000
vn 0.00020000 1.00000000 -0.00010000
vn 0.00010000 1.00000000 -0.00000000
vn -0.00000000 1.00000000 -0.00000000
vn -0.00000000 1.00000000 -0.00000000
vn -0.00000000 1.00000000 -0.00000000
vn -0.00000000 1.00000000 -0.00000000
vn -0.00000000 1.00000000 -0.00000000
vn -0.00000000 1.00000000 -0.00000000
vn -0.00000000 1.00000000 -0.00000000
vn -0.00000000 1.00000000 -0.00000000
vn -0.00000000 1.00000000 -0.00000000
vn -0.00000000 1.00000000 -0.00000000
vn -0.00000000 1.00000000 -0.00000000
vn -0.00000000 1.00000000 -0.00000000
vn -0.00000000 1.00000000 -0.00000000
vn -0.00000000 1.00000000 -0.00000000
vn -0.00000000 1.00000000 -0.00000000
vn -0.00000000 1.00000000 -0.00000000
vn -0.00000000 1.00000000 -0.00000000
vn -0.00000000 1.00000000 -0.00000000
vn -0.00000000 1.00000000 -0.00000000
vn -0.00000000 1.00000000 -0.00000000
vn -0.00000000 1.00000000 -0.00000000
vn -0.00000000 1.00000000 -0.00000000
vn -0.00000000 1.00000000 -0.00000000
vn -0.00000000 1.00000000 -0.00000000
vn -0.00000000 1.00000000 -0.00000000
vn -0.00000000 1.00000000 -0.00000000
vn -0.00000000 1.00000000 -0.00000000
vn -0.00000000 1.00000000 -0.00000000
vn -0.00000000 1.00000000 -0.00000000
vn -0.00000000 1.00000000 -0.00000000
vn -0.00000000 1.00000000 -0.00000000
vn -0.00000000 1.00000000 -0.00000000
vn -0.00000000 1.00000000 -0.00000000
vn -0.00000000 1.00000000 -0.00000000
vn -0.00000000 1.00000000 -0.00000000
vn -0.00000000 1.00000000 -0.00000000
vn -0.00000000 1.00000000 -0.00000000
vn -0.00000000 1.00000000 -0.00000000
vn -0.00000000 1.00000000 -0.00000000
vn -0.00000000 1.00000000 -0.00000000
vn -0.00000000 1.00000000 -0.00000000
vn -0.00000000 1.00000000 -0.00000000
vn -0.00000000 1.00000000 -0.00000000
vn -0.00000000 1.00000000 -0.00000000
vn -0.00000000 1.00000000 -0.00000000
vn -0.00000000 1.00000000 -0.00000000
vn -0.00000000 1.00000000 -0.00000000
vn -0.00000000 1.00000000 -0.00000000
vn -0.00000000 1.00000000 -0.00000000
vn -0.00000000 1.00000000 -0.00000000
vn -0.00000000 1.00000000 -0.00000000
vn -0.00000000 1.00000000 -0.00000000
vn -0.00000000 1.00000000 -0.00000000
vn -0.00000000 1.00000000 -0.00000000
vn -0.00000000 1.00000000 -0.00000000
vn -0.00000000 1.00000000 -0.00000000
vn -0.00000000 1.00000000 -0.00000000
vn -0.00000000 1.00000000 -0.00000000
vn -0.00000000 1.00000000 -0.00000000
vn -0.00000000 1.00000000 -0.00000000
vn -0.00000000 1.00000000 -0.00000000
vn -0.00000000 1.00000000 -0.00000000
vn -0.00000000 1.00000000 -0.00000000
vn -0.00000000 -1.00000000 -0.00000000
vn -0.00000000 -1.00000000 -0.00000000
vn -0.00000000 -1.00000000 -0.00000000
vn 0.00010000 -1.00000000 -0.00000000
vn -0.00000000 -1.00000000 -0.00000000
vn -0.00000000 -1.00000000 -0.00000000
vn -0.00000000 -1.00000000 -0.00000000
vn -0.00000000 -1.00000000 -0.00000000
vn 0.00010000 -1.00000000 -0.00000000
vn -0.00000000 -1.00000000 -0.00000000
vn -0.00000000 -1.00000000 -0.00000000
vn -0.00000000 -1.00000000 -0.00000000
vn -0.00000000 -1.00000000 -0.00000000
vn -0.00000000 -1.00000000 -0.00000000
vn -0.00000000 -1.00000000 -0.00000000
vn -0.00000000 -1.00000000 -0.00000000
vn -0.00000000 -1.00000000 -0.00000000
vn -0.00000000 -1.00000000 -0.00000000
vn -0.00000000 -1.00000000 -0.00000000
vn -0.00000000 -1.00000000 -0.00000000
vn -0.00000000 -1.00000000 -0.00000000
vn -0.00000000 -1.00000000 -0.00000000
vn -0.00000000 -1.00000000 -0.00000000
vn -0.00000000 -1.00000000 -0.00000000
vn -0.00000000 -1.00000000 -0.00000000
vn -0.00000000 -1.00000000 -0.00000000
vn 0.00010000 -1.00000000 -0.00000000
vn -0.00000000 -1.00000000 -0.00000000
vn -0.00000000 -1.00000000 -0.00000000
vn -0.00000000 -1.00000000 -0.00000000
vn -0.00000000 -1.00000000 -0.00000000
vn 0.00010000 -1.00000000 -0.00000000
vn -0.00000000 -1.00000000 -0.00000000
vn -0.00000000 -1.00000000 -0.00000000
vn -0.00000000 -1.00000000 -0.00000000
vn -0.00000000 -1.00000000 -0.00000000
vn -0.00000000 -1.00000000 -0.00000000
vn -0.00000000 -1.00000000 -0.00000000
vn -0.00000000 -1.00000000 -0.00000000
vn -0.00000000 -1.00000000 -0.00000000
vn -0.00000000 -1.00000000 -0.00000000
vn 0.00010000 -1.00000000 -0.00010000
vn 0.00010000 -1.00000000 -0.00010000
vn -0.00000000 -1.00000000 -0.00000000
vn -0.00000000 -1.00000000 -0.00000000
vn -0.00000000 -1.00000000 -0.00000000
vn -0.00000000 -1.00000000 -0.00000000
vn -0.00000000 -1.00000000 -0.00000000
vn -0.00000000 -1.00000000 -0.00000000
vn -0.00000000 -1.00000000 -0.00000000
vn -0.00000000 -1.00000000 -0.00000000
vn -0.00000000 -1.00000000 -0.00000000
vn 0.00010000 -1.00000000 -0.00000000
vn -0.00000000 -1.00000000 -0.00000000
vn 0.00010000 -1.00000000 -0.00000000
vn 0.00010000 -1.00000000 -0.00000000
vn 0.00010000 -1.00000000 -0.00000000
vn -0.00000000 -1.00000000 -0.00000000
vn -0.00000000 -1.00000000 -0.00000000
vn -0.00000000 -1.00000000 -0.00000000
vn -0.00000000 -1.00000000 -0.00000000
vn -0.00000000 -1.00000000 -0.00000000
vn -0.00000000 -1.00000000 -0.00000000
vn -0.00000000 -1.00000000 -0.00000000
vn -0.00000000 -1.00000000 -0.00000000
vn -0.00000000 -1.00000000 -0.00000000
vn -0.00000000 -1.00000000 -0.00000000
vn -0.00000000 -1.00000000 -0.00000000
vn -0.00000000 -1.00000000 -0.00000000
vn -0.00000000 -1.00000000 -0.00000000
vn -0.00000000 -1.00000000 -0.00000000
vn -0.00000000 -1.00000000 -0.00000000
vn -0.00000000 -1.00000000 -0.00000000
vn -0.00000000 -1.00000000 -0.00000000
vn -0.00000000 -1.00000000 -0.00000000
vn -0.00000000 -1.00000000 -0.00000000
vn -0.00000000 -1.00000000 -0.00000000
vn -0.00000000 -1.00000000 -0.00000000
vn -0.00000000 -1.00000000 -0.00000000
vn -0.00000000 -1.00000000 -0.00000000
vn -0.00000000 -1.00000000 -0.00000000
vn -0.00000000 -1.00000000 -0.00000000
vn -0.00000000 -1.00000000 -0.00000000
vn -0.00000000 -1.00000000 -0.00000000
vn -0.00000000 -1.00000000 -0.00000000
vn -0.00000000 -1.00000000 -0.00000000
vn -0.00000000 -1.00000000 -0.00000000
vn -0.00000000 -1.00000000 -0.00000000
vn -0.00000000 -1.00000000 -0.00000000
vn -0.00000000 -1.00000000 -0.00000000
vn -0.00000000 -1.00000000 -0.00000000
vn -0.00000000 -1.00000000 -0.00000000
vn -0.00000000 -1.00000000 -0.00000000
vn -0.00000000 -1.00000000 -0.00000000
vn -0.00000000 -1.00000000 -0.00000000
vn -0.00000000 -1.00000000 -0.00000000
vn -0.00000000 -1.00000000 -0.00000000
vn -0.00000000 -1.00000000 -0.00000000
vn -0.00000000 -1.00000000 -0.00000000
vn 0.00010000 -1.00000000 -0.00000000
vn 0.00010000 -1.00000000 -0.00000000
vn 0.00010000 -1.00000000 -0.00000000
vn 0.00010000 -1.00000000 -0.00000000
vn -0.00000000 -1.00000000 -0.00000000
vn -0.00000000 -1.00000000 -0.00000000
vn -0.00000000 -1.00000000 -0.00000000
vn -0.00000000 -1.00000000 -0.00000000
vn -0.00000000 -1.00000000 -0.00000000
vn -0.00000000 -1.00000000 -0.00000000
vn -0.00000000 -1.00000000 -0.00000000
vn -0.00000000 -1.00000000 -0.00000000
vn -0.00000000 -1.00000000 -0.00000000
vn -0.00000000 -1.00000000 -0.00000000
vn -0.00000000 -1.00000000 -0.00000000
vn -0.00000000 -1.00000000 -0.00000000
vn -0.00000000 -1.00000000 -0.00000000
vn -0.00000000 -1.00000000 -0.00000000
vn -0.00000000 -1.00000000 -0.00000000
vn -0.00000000 -1.00000000 -0.00000000
vn -0.00000000 -1.00000000 -0.00000000
vn -0.00000000 -1.00000000 -0.00000000
vn -0.00000000 -1.00000000 -0.00000000
vn -0.00000000 -1.00000000 -0.00000000
vn -0.00000000 -1.00000000 -0.00000000
vn -0.00000000 -1.00000000 -0.00000000
vn -0.00000000 -1.00000000 -0.00000000
vn -0.00000000 -1.00000000 -0.00000000
vn -0.00000000 -1.00000000 -0.00000000
vn -0.00000000 -1.00000000 -0.00000000
vn -0.00000000 -1.00000000 -0.00000000
vn -0.00000000 -1.00000000 -0.00000000
vn -0.00000000 -1.00000000 -0.00000000
vn -0.00000000 -1.00000000 -0.00000000
vn -0.00000000 -1.00000000 -0.00000000
vn -0.00000000 -1.00000000 -0.00000000
vn -0.00000000 -1.00000000 -0.00000000
vn -0.00000000 -1.00000000 -0.00000000
vn -0.00000000 -1.00000000 -0.00000000
vn -0.00000000 -1.00000000 -0.00000000
vn -0.00000000 -1.00000000 -0.00000000
vn -0.00000000 -1.00000000 -0.00000000
vn -0.00000000 -1.00000000 -0.00000000
vn -0.00000000 -1.00000000 -0.00000000
vn -0.00000000 -1.00000000 -0.00000000
vn -0.00000000 -1.00000000 -0.00000000
vn -0.00000000 -1.00000000 -0.00000000
vn -0.00000000 -1.00000000 -0.00000000
vn -0.00000000 -1.00000000 -0.00000000
vn -0.00000000 -1.00000000 -0.00000000
vn -0.00000000 -1.00000000 -0.00000000
vn -0.00000000 -1.00000000 -0.00000000
vn -0.00000000 -1.00000000 -0.00000000
vn -0.00000000 -1.00000000 -0.00000000
vn -0.00000000 -1.00000000 -0.00000000
vn -0.00000000 -1.00000000 -0.00000000
vn -0.00000000 -1.00000000 -0.00000000
vn -0.00000000 -1.00000000 -0.00000000
vn -0.00000000 -1.00000000 -0.00000000
vn -0.00000000 -1.00000000 -0.00000000
vn -0.00000000 -1.00000000 -0.00000000
vn 0.00010000 -1.00000000 0.00010000
vn 0.00010000 -1.00000000 0.00010000
vn -0.00000000 -1.00000000 -0.00000000
vn -0.00000000 -1.00000000 -0.00000000
vn -0.00000000 -1.00000000 -0.00000000
vn -0.00000000 -1.00000000 -0.00000000
vn -0.00000000 -1.00000000 -0.00000000
vn -0.00000000 -1.00000000 -0.00000000
vn -0.00000000 -1.00000000 -0.00000000
vn -0.00000000 -1.00000000 -0.00000000
vn -0.00000000 -1.00000000 -0.00000000
vn -0.00000000 -1.00000000 -0.00000000
vn -0.00000000 -1.00000000 -0.00000000
vn -0.00000000 -1.00000000 -0.00000000
vn -0.00000000 -1.00000000 -0.00000000
vn -0.00000000 -1.00000000 -0.00000000
vn -0.00000000 -1.00000000 -0.00000000
vn -0.00000000 -1.00000000 -0.00000000
vn -0.00000000 -1.00000000 -0.00000000
vn -0.00000000 -1.00000000 -0.00000000
vn -0.00000000 -1.00000000 -0.00000000
vn -0.00000000 -1.00000000 -0.00000000
vn -0.00000000 -1.00000000 -0.00000000
vn -0.00000000 -1.00000000 -0.00000000
vn -0.00000000 -1.00000000 -0.00000000
vn -0.00000000 -1.00000000 -0.00000000
vn -0.00000000 -1.00000000 -0.00000000
vn -0.00000000 -1.00000000 -0.00000000
vn -0.00000000 -1.00000000 -0.00000000
vn -0.00000000 -1.00000000 -0.00000000
vn -0.00000000 -1.00000000 -0.00000000
vn -0.00060000 0.16420000 0.98640000
vn -0.00000000 -1.00000000 0.00010000
vn 0.05810000 -0.26210000 0.96330000
vn 0.04530000 -0.65750000 0.75210000
vn 0.02380000 -0.91890000 0.39380000
vn -0.00000000 -1.00000000 -0.00000000
vn 0.11600000 -0.26170000 0.95810000
vn 0.09060000 -0.65730000 0.74820000
vn 0.04750000 -0.91880000 0.39180000
vn -0.00000000 -1.00000000 -0.00000000
vn 0.17320000 -0.26120000 0.94960000
vn 0.13530000 -0.65700000 0.74160000
vn 0.07090000 -0.91870000 0.38840000
vn -0.00000000 -1.00000000 0.00010000
vn 0.22970000 -0.26050000 0.93780000
vn 0.17950000 -0.65660000 0.73260000
vn 0.09400000 -0.91870000 0.38370000
vn -0.00000000 -1.00000000 -0.00000000
vn 0.28560000 -0.25950000 0.92250000
vn 0.22310000 -0.65620000 0.72090000
vn 0.11690000 -0.91860000 0.37760000
vn -0.00000000 -1.00000000 -0.00000000
vn 0.34070000 -0.25830000 0.90400000
vn 0.26630000 -0.65560000 0.70660000
vn 0.13950000 -0.91850000 0.37010000
vn -0.00000000 -1.00000000 -0.00000000
vn 0.39480000 -0.25710000 0.88210000
vn 0.30870000 -0.65510000 0.68960000
vn 0.16170000 -0.91830000 0.36130000
vn -0.00000000 -1.00000000 -0.00000000
vn 0.44720000 -0.25580000 0.85710000
vn 0.34980000 -0.65440000 0.67040000
vn 0.18330000 -0.91820000 0.35120000
vn -0.00000000 -1.00000000 -0.00000000
vn 0.49780000 -0.25440000 0.82910000
vn 0.38960000 -0.65360000 0.64890000
vn 0.20420000 -0.91800000 0.34000000
vn -0.00000000 -1.00000000 0.00010000
vn 0.54670000 -0.25270000 0.79830000
vn 0.42810000 -0.65280000 0.62500000
vn 0.22440000 -0.91780000 0.32760000
vn -0.00000000 -1.00000000 -0.00000000
vn 0.59390000 -0.25080000 0.76440000
vn 0.46520000 -0.65190000 0.59880000
vn 0.24390000 -0.91760000 0.31390000
vn -0.00000000 -1.00000000 -0.00000000
vn 0.63940000 -0.24880000 0.72750000
vn 0.50110000 -0.65090000 0.57030000
vn 0.26270000 -0.91740000 0.29890000
vn 0.69260000 0.18470000 0.69730000
vn -0.00000000 -1.00000000 -0.00000000
vn -0.00030000 -0.91610000 0.40090000
vn -0.00050000 -0.64640000 0.76300000
vn -0.00060000 -0.24490000 0.96950000
vn 0.01170000 -0.98090000 0.19400000
vn 0.01180000 -0.91890000 0.39440000
vn 0.00560000 -0.98090000 0.19440000
vn 0.03530000 -0.81010000 0.58520000
vn 0.02250000 -0.65750000 0.75310000
vn 0.01750000 -0.81020000 0.58600000
vn 0.05320000 -0.46940000 0.88140000
vn 0.02880000 -0.26240000 0.96450000
vn 0.02630000 -0.46950000 0.88250000
vn 0.06010000 -0.04200000 0.99730000
vn 0.02980000 -0.04220000 0.99870000
vn 0.68600000 -0.22910000 0.69060000
vn 0.54240000 -0.63850000 0.54600000
vn 0.28540000 -0.91430000 0.28730000
vn 0.66140000 -0.24780000 0.70790000
vn 0.65990000 -0.02610000 0.75090000
vn 0.68250000 -0.02480000 0.73050000
vn 0.51850000 -0.65050000 0.55500000
vn 0.58630000 -0.45940000 0.66720000
vn 0.60670000 -0.45860000 0.64930000
vn 0.27180000 -0.91730000 0.29100000
vn 0.39020000 -0.80660000 0.44400000
vn 0.40380000 -0.80630000 0.43220000
vn 0.12940000 -0.98060000 0.14720000
vn 0.13390000 -0.98060000 0.14330000
vn 0.01870000 0.16440000 0.98620000
vn 0.04330000 0.16450000 0.98540000
vn 0.06770000 0.16470000 0.98400000
vn 0.09190000 0.16480000 0.98200000
vn 0.11600000 0.16500000 0.97950000
vn 0.14000000 0.16510000 0.97630000
vn 0.16390000 0.16550000 0.97250000
vn 0.18770000 0.16580000 0.96810000
vn 0.21130000 0.16620000 0.96320000
vn 0.23480000 0.16660000 0.95770000
vn 0.25810000 0.16720000 0.95150000
vn 0.28130000 0.16780000 0.94480000
vn 0.30440000 0.16820000 0.93760000
vn 0.32740000 0.16890000 0.92970000
vn 0.35020000 0.16970000 0.92120000
vn 0.37280000 0.17030000 0.91210000
vn 0.39520000 0.17100000 0.90250000
vn 0.41730000 0.17160000 0.89240000
vn 0.43900000 0.17230000 0.88180000
vn 0.46040000 0.17290000 0.87070000
vn 0.48150000 0.17370000 0.85910000
vn 0.50230000 0.17450000 0.84690000
vn 0.52280000 0.17530000 0.83420000
vn 0.54290000 0.17620000 0.82110000
vn 0.56280000 0.17720000 0.80740000
vn 0.58230000 0.17820000 0.79320000
vn 0.60150000 0.17920000 0.77850000
vn 0.62040000 0.18030000 0.76330000
vn 0.63890000 0.18120000 0.74760000
vn 0.65720000 0.18250000 0.73130000
vn 0.67500000 0.18360000 0.71460000
vn 0.68390000 0.18410000 0.70600000
vn 0.68820000 0.18440000 0.70170000
vn 0.69360000 -0.02420000 0.72000000
vn 0.68040000 0.08200000 0.72830000
vn 0.69140000 0.08260000 0.71770000
vn -0.97540000 0.22030000 -0.00060000
vn -0.00000000 -1.00000000 -0.00000000
vn -0.97360000 -0.22040000 0.05910000
vn -0.76960000 -0.63680000 0.04670000
vn -0.40430000 -0.91430000 0.02450000
vn -0.00000000 -1.00000000 -0.00000000
vn -0.96810000 -0.22120000 0.11790000
vn -0.76500000 -0.63730000 0.09310000
vn -0.40190000 -0.91440000 0.04900000
vn -0.00000000 -1.00000000 -0.00000000
vn -0.95890000 -0.22240000 0.17610000
vn -0.75740000 -0.63800000 0.13910000
vn -0.39770000 -0.91460000 0.07300000
vn -0.00010000 -1.00000000 -0.00000000
vn -0.94620000 -0.22420000 0.23350000
vn -0.74690000 -0.63890000 0.18430000
vn -0.39210000 -0.91480000 0.09680000
vn -0.00000000 -1.00000000 -0.00000000
vn -0.92980000 -0.22650000 0.29020000
vn -0.73340000 -0.64000000 0.22900000
vn -0.38500000 -0.91510000 0.12020000
vn -0.00010000 -1.00000000 -0.00000000
vn -0.90980000 -0.22920000 0.34610000
vn -0.71710000 -0.64130000 0.27290000
vn -0.37640000 -0.91530000 0.14320000
vn -0.00000000 -1.00000000 -0.00000000
vn -0.88630000 -0.23200000 0.40080000
vn -0.69810000 -0.64260000 0.31570000
vn -0.36640000 -0.91560000 0.16570000
vn -0.00000000 -1.00000000 -0.00000000
vn -0.85970000 -0.23480000 0.45360000
vn -0.67670000 -0.64390000 0.35700000
vn -0.35510000 -0.91580000 0.18740000
vn -0.00010000 -1.00000000 -0.00000000
vn -0.83020000 -0.23750000 0.50440000
vn -0.65280000 -0.64540000 0.39670000
vn -0.34250000 -0.91620000 0.20810000
vn -0.00000000 -1.00000000 -0.00000000
vn -0.79760000 -0.24010000 0.55340000
vn -0.62670000 -0.64670000 0.43480000
vn -0.32870000 -0.91650000 0.22810000
vn -0.00000000 -1.00000000 -0.00000000
vn -0.76190000 -0.24260000 0.60050000
vn -0.59820000 -0.64800000 0.47140000
vn -0.31360000 -0.91680000 0.24720000
vn -0.00000000 -1.00000000 -0.00000000
vn -0.72320000 -0.24510000 0.64570000
vn -0.56740000 -0.64930000 0.50650000
vn -0.29740000 -0.91710000 0.26550000
vn -0.00000000 -1.00000000 -0.00000000
vn -0.69120000 0.18470000 0.69870000
vn -0.00000000 -1.00000000 -0.00000000
vn -0.68460000 -0.22910000 0.69200000
vn -0.54130000 -0.63850000 0.54720000
vn -0.28480000 -0.91430000 0.28790000
vn -0.70270000 -0.24610000 0.66760000
vn -0.74580000 -0.02100000 0.66580000
vn -0.72490000 -0.02250000 0.68850000
vn -0.55110000 -0.64980000 0.52350000
vn -0.66360000 -0.45670000 0.59240000
vn -0.64460000 -0.45760000 0.61240000
vn -0.28890000 -0.91720000 0.27440000
vn -0.44190000 -0.80570000 0.39450000
vn -0.42920000 -0.80600000 0.40770000
vn -0.14640000 -0.98060000 0.13070000
vn -0.14220000 -0.98060000 0.13520000
vn -0.41190000 -0.91120000 -0.00020000
vn -0.78120000 -0.62430000 -0.00040000
vn -0.97960000 -0.20100000 -0.00050000
vn -0.19900000 -0.97990000 0.01210000
vn -0.40490000 -0.91430000 0.01220000
vn -0.19930000 -0.97990000 0.00600000
vn -0.60040000 -0.79890000 0.03640000
vn -0.77070000 -0.63670000 0.02320000
vn -0.60130000 -0.79880000 0.01810000
vn -0.89740000 -0.43790000 0.05440000
vn -0.97500000 -0.22050000 0.02920000
vn -0.89870000 -0.43770000 0.02710000
vn -0.99810000 0.00830000 0.06050000
vn -0.99950000 0.00860000 0.03010000
vn -0.97460000 0.21980000 0.04250000
vn -0.97340000 0.21940000 0.06640000
vn -0.97150000 0.21910000 0.09030000
vn -0.96910000 0.21870000 0.11400000
vn -0.96620000 0.21820000 0.13760000
vn -0.96270000 0.21750000 0.16110000
vn -0.95860000 0.21680000 0.18460000
vn -0.95400000 0.21600000 0.20790000
vn -0.94890000 0.21510000 0.23110000
vn -0.94320000 0.21400000 0.25430000
vn -0.93690000 0.21270000 0.27730000
vn -0.93010000 0.21150000 0.30020000
vn -0.92280000 0.21010000 0.32310000
vn -0.91480000 0.20860000 0.34590000
vn -0.90630000 0.20690000 0.36850000
vn -0.89720000 0.20550000 0.39090000
vn -0.88760000 0.20400000 0.41300000
vn -0.87750000 0.20250000 0.43480000
vn -0.86680000 0.20110000 0.45630000
vn -0.85560000 0.19970000 0.47750000
vn -0.84400000 0.19830000 0.49840000
vn -0.83180000 0.19700000 0.51900000
vn -0.81910000 0.19570000 0.53930000
vn -0.80580000 0.19440000 0.55930000
vn -0.79210000 0.19300000 0.57910000
vn -0.77780000 0.19170000 0.59850000
vn -0.76310000 0.19040000 0.61760000
vn -0.74780000 0.18900000 0.63650000
vn -0.73190000 0.18780000 0.65500000
vn -0.71550000 0.18650000 0.67320000
vn -0.69860000 0.18520000 0.69110000
vn 0.00060000 0.16430000 -0.98640000
vn -0.00000000 -1.00000000 -0.00010000
vn -0.05810000 -0.26210000 -0.96330000
vn -0.04530000 -0.65750000 -0.75210000
vn -0.02370000 -0.91890000 -0.39380000
vn -0.00000000 -1.00000000 -0.00000000
vn -0.11600000 -0.26170000 -0.95810000
vn -0.09060000 -0.65730000 -0.74820000
vn -0.04750000 -0.91880000 -0.39180000
vn -0.00000000 -1.00000000 -0.00010000
vn -0.17320000 -0.26120000 -0.94960000
vn -0.13530000 -0.65700000 -0.74170000
vn -0.07090000 -0.91880000 -0.38840000
vn -0.00000000 -1.00000000 -0.00020000
vn -0.22970000 -0.26050000 -0.93780000
vn -0.17950000 -0.65660000 -0.73260000
vn -0.09400000 -0.91870000 -0.38370000
vn -0.00000000 -1.00000000 -0.00010000
vn -0.28550000 -0.25950000 -0.92260000
vn -0.22310000 -0.65620000 -0.72090000
vn -0.11690000 -0.91860000 -0.37760000
vn -0.00000000 -1.00000000 -0.00010000
vn -0.34070000 -0.25830000 -0.90400000
vn -0.26630000 -0.65560000 -0.70660000
vn -0.13950000 -0.91850000 -0.37010000
vn -0.00000000 -1.00000000 -0.00010000
vn -0.39480000 -0.25710000 -0.88210000
vn -0.30870000 -0.65500000 -0.68970000
vn -0.16170000 -0.91830000 -0.36130000
vn -0.00000000 -1.00000000 -0.00010000
vn -0.44720000 -0.25580000 -0.85710000
vn -0.34980000 -0.65430000 -0.67040000
vn -0.18330000 -0.91810000 -0.35130000
vn -0.00000000 -1.00000000 -0.00000000
vn -0.49780000 -0.25430000 -0.82920000
vn -0.38960000 -0.65360000 -0.64890000
vn -0.20420000 -0.91800000 -0.34000000
vn -0.00000000 -1.00000000 -0.00010000
vn -0.54670000 -0.25270000 -0.79830000
vn -0.42800000 -0.65280000 -0.62500000
vn -0.22430000 -0.91780000 -0.32760000
vn -0.00000000 -1.00000000 -0.00000000
vn -0.59390000 -0.25080000 -0.76440000
vn -0.46520000 -0.65190000 -0.59880000
vn -0.24380000 -0.91760000 -0.31380000
vn -0.00000000 -1.00000000 -0.00010000
vn -0.63940000 -0.24880000 -0.72750000
vn -0.50110000 -0.65090000 -0.57030000
vn -0.26270000 -0.91740000 -0.29890000
vn -0.00000000 -1.00000000 -0.00000000
vn -0.69260000 0.18470000 -0.69730000
vn -0.00000000 -0.00000000 -1.00000000
vn -0.69250000 0.18460000 -0.69730000
vn -0.00000000 -1.00000000 -0.00000000
vn -0.68600000 -0.22910000 -0.69060000
vn -0.54240000 -0.63850000 -0.54600000
vn -0.28540000 -0.91430000 -0.28730000
vn -0.66140000 -0.24780000 -0.70790000
vn -0.65990000 -0.02610000 -0.75090000
vn -0.68250000 -0.02480000 -0.73050000
vn -0.51870000 -0.65030000 -0.55500000
vn -0.58630000 -0.45940000 -0.66720000
vn -0.60680000 -0.45860000 -0.64920000
vn -0.27180000 -0.91730000 -0.29100000
vn -0.39020000 -0.80660000 -0.44410000
vn -0.40390000 -0.80630000 -0.43220000
vn -0.12940000 -0.98060000 -0.14720000
vn -0.13380000 -0.98060000 -0.14330000
vn 0.00030000 -0.91610000 -0.40100000
vn 0.00050000 -0.64640000 -0.76300000
vn 0.00060000 -0.24490000 -0.96950000
vn -0.01170000 -0.98090000 -0.19400000
vn -0.01180000 -0.91890000 -0.39430000
vn -0.00570000 -0.98090000 -0.19430000
vn -0.03530000 -0.81010000 -0.58520000
vn -0.02250000 -0.65750000 -0.75310000
vn -0.01750000 -0.81020000 -0.58590000
vn -0.05320000 -0.46940000 -0.88140000
vn -0.02880000 -0.26230000 -0.96450000
vn -0.02620000 -0.46950000 -0.88250000
vn -0.06010000 -0.04200000 -0.99730000
vn -0.02980000 -0.04210000 -0.99870000
vn -0.04320000 0.16450000 -0.98540000
vn -0.06770000 0.16460000 -0.98400000
vn -0.09190000 0.16480000 -0.98200000
vn -0.11600000 0.16500000 -0.97950000
vn -0.14010000 0.16520000 -0.97630000
vn -0.16390000 0.16550000 -0.97250000
vn -0.18770000 0.16580000 -0.96810000
vn -0.21130000 0.16620000 -0.96320000
vn -0.23480000 0.16660000 -0.95770000
vn -0.25810000 0.16720000 -0.95150000
vn -0.28130000 0.16770000 -0.94490000
vn -0.30440000 0.16830000 -0.93750000
vn -0.32730000 0.16900000 -0.92970000
vn -0.35020000 0.16970000 -0.92120000
vn -0.37280000 0.17020000 -0.91210000
vn -0.39520000 0.17100000 -0.90250000
vn -0.41730000 0.17150000 -0.89240000
vn -0.43900000 0.17220000 -0.88180000
vn -0.46040000 0.17290000 -0.87070000
vn -0.48150000 0.17370000 -0.85910000
vn -0.50230000 0.17440000 -0.84690000
vn -0.52280000 0.17540000 -0.83420000
vn -0.54290000 0.17630000 -0.82110000
vn -0.56280000 0.17710000 -0.80740000
vn -0.58230000 0.17820000 -0.79320000
vn -0.60150000 0.17920000 -0.77850000
vn -0.62040000 0.18020000 -0.76330000
vn -0.63890000 0.18140000 -0.74760000
vn -0.65720000 0.18250000 -0.73130000
vn -0.67500000 0.18360000 -0.71460000
vn -0.69260000 0.18470000 -0.69730000
vn -0.69360000 -0.02420000 -0.72000000
vn -0.68040000 0.08190000 -0.72830000
vn -0.69140000 0.08260000 -0.71770000
vn -0.69680000 0.08290000 -0.71240000
vn -0.68750000 0.13410000 -0.71370000
vn -0.69290000 0.13440000 -0.70840000
vn -0.69560000 0.13450000 -0.70570000
vn -0.69030000 0.15960000 -0.70570000
vn -0.69300000 0.15970000 -0.70300000
vn -0.69430000 0.15980000 -0.70170000
vn -0.69150000 0.17220000 -0.70150000
vn -0.69280000 0.17230000 -0.70020000
vn -0.69350000 0.17230000 -0.69950000
vn -0.69210000 0.17850000 -0.69940000
vn -0.69270000 0.17850000 -0.69880000
vn -0.69310000 0.17850000 -0.69840000
vn -0.69230000 0.18160000 -0.69840000
vn -0.69260000 0.18160000 -0.69810000
vn -0.69280000 0.18160000 -0.69790000
vn -0.69250000 0.18320000 -0.69780000
vn -0.69260000 0.18320000 -0.69770000
vn -0.69270000 0.18310000 -0.69760000
vn -0.69250000 0.18400000 -0.69750000
vn -0.69260000 0.18400000 -0.69750000
vn -0.69270000 0.18390000 -0.69740000
vn -0.69260000 0.18430000 -0.69740000
vn -0.69250000 0.18430000 -0.69740000
vn -0.69260000 0.18430000 -0.69740000
vn -0.00000000 -0.00000000 -1.00000000
vn -0.69270000 0.18430000 -0.69730000
vn -0.69260000 0.18430000 -0.69730000
vn -0.00000000 1.00000000 -0.00000000
vn -0.69260000 0.18450000 -0.69730000
vn -0.69250000 0.18450000 -0.69740000
vn -0.69260000 0.18460000 -0.69730000
vn -0.69270000 0.18440000 -0.69730000
vn -0.69260000 0.18450000 -0.69730000
vn -0.69180000 0.18460000 -0.69810000
vn -0.00000000 -1.00000000 -0.00000000
vn -0.72110000 -0.24510000 -0.64800000
vn -0.56580000 -0.64920000 -0.50840000
vn -0.29660000 -0.91710000 -0.26650000
vn -0.00000000 -1.00000000 -0.00000000
vn -0.75770000 -0.24280000 -0.60580000
vn -0.59490000 -0.64800000 -0.47560000
vn -0.31190000 -0.91680000 -0.24940000
vn -0.00000000 -1.00000000 -0.00000000
vn -0.79170000 -0.24040000 -0.56160000
vn -0.62210000 -0.64680000 -0.44120000
vn -0.32630000 -0.91650000 -0.23140000
vn -0.00000000 -1.00000000 -0.00000000
vn -0.82330000 -0.23780000 -0.51540000
vn -0.64730000 -0.64560000 -0.40530000
vn -0.33960000 -0.91620000 -0.21260000
vn -0.00000000 -1.00000000 -0.00000000
vn -0.85220000 -0.23520000 -0.46740000
vn -0.67060000 -0.64430000 -0.36780000
vn -0.35180000 -0.91600000 -0.19300000
vn -0.00000000 -1.00000000 -0.00000000
vn -0.87820000 -0.23260000 -0.41790000
vn -0.69160000 -0.64300000 -0.32910000
vn -0.36290000 -0.91570000 -0.17270000
vn -0.00000000 -1.00000000 -0.00000000
vn -0.90130000 -0.23000000 -0.36700000
vn -0.71030000 -0.64170000 -0.28930000
vn -0.37280000 -0.91540000 -0.15180000
vn -0.00000000 -1.00000000 -0.00000000
vn -0.92140000 -0.22760000 -0.31490000
vn -0.72670000 -0.64050000 -0.24830000
vn -0.38150000 -0.91510000 -0.13040000
vn -0.94120000 0.21310000 -0.26210000
vn -0.00000000 -1.00000000 -0.00000000
vn -0.28500000 -0.91440000 -0.28760000
vn -0.54170000 -0.63850000 -0.54670000
vn -0.68510000 -0.22910000 -0.69150000
vn -0.14610000 -0.98050000 -0.13130000
vn -0.28860000 -0.91720000 -0.27480000
vn -0.14210000 -0.98060000 -0.13530000
vn -0.44060000 -0.80560000 -0.39600000
vn -0.55050000 -0.64980000 -0.52420000
vn -0.42870000 -0.80590000 -0.40830000
vn -0.66170000 -0.45670000 -0.59460000
vn -0.70180000 -0.24630000 -0.66840000
vn -0.64390000 -0.45750000 -0.61320000
vn -0.74370000 -0.02120000 -0.66820000
vn -0.72400000 -0.02260000 -0.68940000
vn -0.94260000 -0.20660000 -0.26250000
vn -0.75030000 -0.62720000 -0.20890000
vn -0.39550000 -0.91180000 -0.11010000
vn -0.93040000 -0.22620000 -0.28830000
vn -0.94630000 -0.00030000 -0.32340000
vn -0.95520000 0.00110000 -0.29600000
vn -0.73410000 -0.63990000 -0.22740000
vn -0.84820000 -0.44340000 -0.28980000
vn -0.85660000 -0.44250000 -0.26550000
vn -0.38540000 -0.91500000 -0.11940000
vn -0.56660000 -0.80090000 -0.19360000
vn -0.57230000 -0.80060000 -0.17740000
vn -0.18780000 -0.98010000 -0.06420000
vn -0.18970000 -0.98010000 -0.05880000
vn -0.70870000 0.18590000 -0.68060000
vn -0.72510000 0.18720000 -0.66270000
vn -0.74100000 0.18840000 -0.64450000
vn -0.75640000 0.18960000 -0.62600000
vn -0.77140000 0.19090000 -0.60700000
vn -0.78580000 0.19220000 -0.58780000
vn -0.79980000 0.19360000 -0.56820000
vn -0.81330000 0.19510000 -0.54820000
vn -0.82620000 0.19650000 -0.52790000
vn -0.83870000 0.19790000 -0.50730000
vn -0.85070000 0.19940000 -0.48630000
vn -0.86220000 0.20090000 -0.46510000
vn -0.87310000 0.20230000 -0.44360000
vn -0.88340000 0.20380000 -0.42200000
vn -0.89320000 0.20520000 -0.40010000
vn -0.90250000 0.20660000 -0.37800000
vn -0.91120000 0.20780000 -0.35570000
vn -0.91940000 0.20920000 -0.33310000
vn -0.92700000 0.21070000 -0.31040000
vn -0.93410000 0.21190000 -0.28740000
vn 0.97540000 0.22040000 0.00020000
vn -0.00000000 -1.00000000 -0.00000000
vn 0.97400000 -0.22020000 -0.05300000
vn 0.76990000 -0.63680000 -0.04190000
vn 0.40440000 -0.91430000 -0.02200000
vn -0.00000000 -1.00000000 -0.00000000
vn 0.96960000 -0.22080000 -0.10580000
vn 0.76620000 -0.63720000 -0.08360000
vn 0.40240000 -0.91440000 -0.04390000
vn 0.00020000 -1.00000000 -0.00000000
vn 0.96210000 -0.22200000 -0.15820000
vn 0.76000000 -0.63780000 -0.12500000
vn 0.39920000 -0.91450000 -0.06560000
vn 0.00010000 -1.00000000 -0.00000000
vn 0.95180000 -0.22360000 -0.21020000
vn 0.75150000 -0.63850000 -0.16590000
vn 0.39470000 -0.91470000 -0.08720000
vn 0.94110000 0.21310000 -0.26250000
vn -0.00000000 -1.00000000 -0.00000000
vn 0.94250000 -0.20660000 -0.26280000
vn 0.75030000 -0.62720000 -0.20920000
vn 0.39550000 -0.91180000 -0.11030000
vn 0.94550000 -0.22440000 -0.23590000
vn 0.97650000 0.00460000 -0.21560000
vn 0.97020000 0.00350000 -0.24220000
vn 0.74640000 -0.63890000 -0.18630000
vn 0.87670000 -0.44040000 -0.19360000
vn 0.87070000 -0.44110000 -0.21750000
vn 0.39190000 -0.91480000 -0.09780000
vn 0.58610000 -0.79980000 -0.12940000
vn 0.58210000 -0.80000000 -0.14530000
vn 0.19430000 -0.98000000 -0.04290000
vn 0.19290000 -0.98000000 -0.04810000
vn 0.41190000 -0.91120000 -0.00000000
vn 0.78120000 -0.62430000 0.00010000
vn 0.97960000 -0.20100000 0.00010000
vn 0.19900000 -0.97990000 -0.01080000
vn 0.40490000 -0.91430000 -0.01100000
vn 0.19930000 -0.97990000 -0.00540000
vn 0.60060000 -0.79890000 -0.03270000
vn 0.77110000 -0.63640000 -0.02110000
vn 0.60130000 -0.79890000 -0.01630000
vn 0.89770000 -0.43780000 -0.04890000
vn 0.97510000 -0.21990000 -0.02670000
vn 0.89880000 -0.43770000 -0.02430000
vn 0.99850000 0.00870000 -0.05430000
vn 0.99960000 0.00880000 -0.02710000
vn 0.97520000 0.22020000 -0.02250000
vn 0.97440000 0.22010000 -0.04510000
vn 0.97320000 0.21980000 -0.06760000
vn 0.97150000 0.21950000 -0.09010000
vn 0.96910000 0.21900000 -0.11380000
vn 0.96620000 0.21830000 -0.13740000
vn 0.96270000 0.21760000 -0.16100000
vn 0.95870000 0.21660000 -0.18450000
vn 0.95490000 0.21590000 -0.20400000
vn 0.95070000 0.21500000 -0.22360000
vn 0.94610000 0.21410000 -0.24300000
vn 0.94150000 0.21320000 -0.26110000
vn -0.00000000 -1.00000000 -0.00000000
vn 0.92150000 -0.22750000 -0.31470000
vn 0.72670000 -0.64050000 -0.24820000
vn 0.38150000 -0.91510000 -0.13030000
vn -0.00000000 -1.00000000 -0.00000000
vn 0.90120000 -0.23000000 -0.36740000
vn 0.71020000 -0.64170000 -0.28950000
vn 0.37270000 -0.91540000 -0.15200000
vn 0.00020000 -1.00000000 -0.00000000
vn 0.87800000 -0.23260000 -0.41830000
vn 0.69140000 -0.64300000 -0.32940000
vn 0.36290000 -0.91570000 -0.17290000
vn 0.00010000 -1.00000000 -0.00000000
vn 0.85210000 -0.23520000 -0.46760000
vn 0.67050000 -0.64430000 -0.36790000
vn 0.35180000 -0.91600000 -0.19310000
vn 0.00020000 -1.00000000 -0.00000000
vn 0.82340000 -0.23780000 -0.51520000
vn 0.64740000 -0.64560000 -0.40510000
vn 0.33970000 -0.91620000 -0.21250000
vn -0.00000000 -1.00000000 -0.00000000
vn 0.79200000 -0.24040000 -0.56120000
vn 0.62230000 -0.64680000 -0.44090000
vn 0.32640000 -0.91650000 -0.23130000
vn -0.00000000 -1.00000000 -0.00000000
vn 0.75790000 -0.24290000 -0.60550000
vn 0.59510000 -0.64800000 -0.47530000
vn 0.31210000 -0.91680000 -0.24930000
vn 0.00010000 -1.00000000 -0.00000000
vn 0.72100000 -0.24530000 -0.64810000
vn 0.56570000 -0.64920000 -0.50840000
vn 0.29660000 -0.91700000 -0.26660000
vn -0.00000000 -1.00000000 -0.00000000
vn 0.69110000 0.18460000 -0.69880000
vn -0.00000000 -1.00000000 -0.00000000
vn 0.39560000 -0.91180000 -0.10970000
vn 0.75060000 -0.62720000 -0.20810000
vn 0.94290000 -0.20660000 -0.26140000
vn 0.18780000 -0.98010000 -0.06410000
vn 0.38540000 -0.91500000 -0.11920000
vn 0.18970000 -0.98010000 -0.05870000
vn 0.56660000 -0.80090000 -0.19360000
vn 0.73410000 -0.64000000 -0.22700000
vn 0.57250000 -0.80060000 -0.17700000
vn 0.84820000 -0.44340000 -0.28970000
vn 0.93060000 -0.22640000 -0.28770000
vn 0.85680000 -0.44250000 -0.26490000
vn 0.94630000 -0.00010000 -0.32320000
vn 0.95540000 0.00130000 -0.29540000
vn 0.68450000 -0.22910000 -0.69210000
vn 0.54120000 -0.63850000 -0.54720000
vn 0.28480000 -0.91430000 -0.28790000
vn 0.70140000 -0.24650000 -0.66880000
vn 0.74360000 -0.02140000 -0.66830000
vn 0.72360000 -0.02270000 -0.68980000
vn 0.55030000 -0.64970000 -0.52450000
vn 0.66160000 -0.45670000 -0.59470000
vn 0.64360000 -0.45760000 -0.61350000
vn 0.28850000 -0.91720000 -0.27500000
vn 0.44060000 -0.80560000 -0.39600000
vn 0.42850000 -0.80590000 -0.40850000
vn 0.14610000 -0.98050000 -0.13130000
vn 0.14210000 -0.98060000 -0.13540000
vn 0.93710000 0.21250000 -0.27680000
vn 0.93020000 0.21130000 -0.30020000
vn 0.92270000 0.21000000 -0.32330000
vn 0.91470000 0.20870000 -0.34620000
vn 0.90610000 0.20730000 -0.36880000
vn 0.89700000 0.20590000 -0.39110000
vn 0.88750000 0.20440000 -0.41310000
vn 0.87740000 0.20290000 -0.43480000
vn 0.86680000 0.20150000 -0.45620000
vn 0.85560000 0.20000000 -0.47740000
vn 0.84400000 0.19850000 -0.49830000
vn 0.83180000 0.19710000 -0.51890000
vn 0.81910000 0.19570000 -0.53920000
vn 0.80590000 0.19430000 -0.55930000
vn 0.79220000 0.19280000 -0.57900000
vn 0.77790000 0.19150000 -0.59850000
vn 0.76310000 0.19000000 -0.61770000
vn 0.74780000 0.18870000 -0.63650000
vn 0.73190000 0.18750000 -0.65510000
vn 0.71550000 0.18620000 -0.67330000
vn 0.69850000 0.18520000 -0.69120000
vn 0.69250000 0.18470000 -0.69740000
vn 0.00010000 -1.00000000 -0.00000000
vn 0.63930000 -0.24880000 -0.72760000
vn 0.50110000 -0.65090000 -0.57030000
vn 0.26270000 -0.91740000 -0.29890000
vn -0.00000000 -1.00000000 -0.00000000
vn 0.59470000 -0.25080000 -0.76380000
vn 0.46590000 -0.65190000 -0.59830000
vn 0.24420000 -0.91760000 -0.31360000
vn -0.00000000 -1.00000000 -0.00000000
vn 0.54680000 -0.25270000 -0.79820000
vn 0.42810000 -0.65280000 -0.62500000
vn 0.22440000 -0.91780000 -0.32750000
vn -0.00000000 -1.00000000 -0.00000000
vn 0.49790000 -0.25430000 -0.82910000
vn 0.38970000 -0.65360000 -0.64880000
vn 0.20420000 -0.91800000 -0.34000000
vn -0.00000000 -1.00000000 -0.00000000
vn 0.44720000 -0.25570000 -0.85710000
vn 0.34980000 -0.65430000 -0.67040000
vn 0.18330000 -0.91820000 -0.35120000
vn -0.00000000 -1.00000000 -0.00000000
vn 0.39470000 -0.25700000 -0.88210000
vn 0.30860000 -0.65500000 -0.68970000
vn 0.16170000 -0.91830000 -0.36130000
vn -0.00000000 -1.00000000 -0.00000000
vn 0.34050000 -0.25830000 -0.90410000
vn 0.26620000 -0.65560000 -0.70660000
vn 0.13940000 -0.91850000 -0.37010000
vn -0.00000000 -1.00000000 -0.00010000
vn 0.28550000 -0.25950000 -0.92260000
vn 0.22310000 -0.65620000 -0.72090000
vn 0.11690000 -0.91860000 -0.37760000
vn -0.00000000 -1.00000000 -0.00000000
vn 0.22980000 -0.26050000 -0.93770000
vn 0.17950000 -0.65660000 -0.73250000
vn 0.09400000 -0.91870000 -0.38370000
vn -0.00000000 -1.00000000 -0.00000000
vn 0.17330000 -0.26120000 -0.94960000
vn 0.13540000 -0.65700000 -0.74160000
vn 0.07090000 -0.91870000 -0.38840000
vn -0.00000000 -1.00000000 -0.00010000
vn 0.11610000 -0.26170000 -0.95810000
vn 0.09070000 -0.65730000 -0.74820000
vn 0.04750000 -0.91880000 -0.39180000
vn -0.00000000 -1.00000000 -0.00010000
vn 0.05810000 -0.26210000 -0.96330000
vn 0.04530000 -0.65750000 -0.75210000
vn 0.02370000 -0.91890000 -0.39380000
vn -0.00000000 -1.00000000 -0.00000000
vn -0.00080000 0.16430000 -0.98640000
vn -0.00000000 -1.00000000 -0.00000000
vn 0.28530000 -0.91440000 -0.28730000
vn 0.54230000 -0.63850000 -0.54610000
vn 0.68590000 -0.22910000 -0.69070000
vn 0.12940000 -0.98060000 -0.14720000
vn 0.27180000 -0.91730000 -0.29100000
vn 0.13390000 -0.98060000 -0.14330000
vn 0.39020000 -0.80660000 -0.44410000
vn 0.51840000 -0.65040000 -0.55510000
vn 0.40380000 -0.80630000 -0.43230000
vn 0.58630000 -0.45940000 -0.66720000
vn 0.66130000 -0.24780000 -0.70800000
vn 0.60660000 -0.45860000 -0.64940000
vn 0.65980000 -0.02610000 -0.75100000
vn 0.68240000 -0.02490000 -0.73060000
vn -0.00080000 -0.24500000 -0.96950000
vn -0.00070000 -0.64640000 -0.76300000
vn -0.00040000 -0.91610000 -0.40100000
vn 0.02870000 -0.26220000 -0.96460000
vn 0.06010000 -0.04200000 -0.99730000
vn 0.02970000 -0.04210000 -0.99870000
vn 0.02240000 -0.65750000 -0.75310000
vn 0.05310000 -0.46940000 -0.88140000
vn 0.02620000 -0.46950000 -0.88260000
vn 0.01170000 -0.91890000 -0.39440000
vn 0.03530000 -0.81010000 -0.58520000
vn 0.01740000 -0.81020000 -0.58590000
vn 0.01170000 -0.98090000 -0.19400000
vn 0.00580000 -0.98090000 -0.19430000
vn 0.69120000 0.18460000 -0.69870000
vn 0.68690000 0.18440000 -0.70300000
vn 0.68250000 0.18400000 -0.70730000
vn 0.66480000 0.18290000 -0.72430000
vn 0.64680000 0.18180000 -0.74070000
vn 0.62840000 0.18060000 -0.75660000
vn 0.60970000 0.17960000 -0.77200000
vn 0.59060000 0.17860000 -0.78690000
vn 0.57130000 0.17760000 -0.80130000
vn 0.55160000 0.17670000 -0.81520000
vn 0.53160000 0.17570000 -0.82860000
vn 0.51120000 0.17490000 -0.84150000
vn 0.49050000 0.17410000 -0.85390000
vn 0.46960000 0.17330000 -0.86570000
vn 0.44820000 0.17260000 -0.87710000
vn 0.42660000 0.17180000 -0.88800000
vn 0.40460000 0.17130000 -0.89830000
vn 0.38230000 0.17060000 -0.90820000
vn 0.35980000 0.16980000 -0.91740000
vn 0.33710000 0.16910000 -0.92620000
vn 0.31420000 0.16860000 -0.93430000
vn 0.29120000 0.16780000 -0.94180000
vn 0.26810000 0.16740000 -0.94870000
vn 0.24490000 0.16680000 -0.95510000
vn 0.22140000 0.16640000 -0.96090000
vn 0.19790000 0.16600000 -0.96610000
vn 0.17420000 0.16560000 -0.97070000
vn 0.15040000 0.16530000 -0.97470000
vn 0.12640000 0.16510000 -0.97810000
vn 0.10230000 0.16490000 -0.98100000
vn 0.07810000 0.16470000 -0.98320000
vn 0.05370000 0.16460000 -0.98490000
vn 0.02920000 0.16450000 -0.98590000
vn 0.00450000 0.16430000 -0.98640000
vn 0.68030000 0.08190000 -0.72840000
vn 0.69350000 -0.02420000 -0.72010000
vn 0.69130000 0.08260000 -0.71790000
vn 0.68740000 0.13410000 -0.71380000
vn 0.69670000 0.08290000 -0.71250000
vn 0.69280000 0.13440000 -0.70850000
vn 0.69020000 0.15960000 -0.70580000
vn 0.69550000 0.13450000 -0.70580000
vn 0.69290000 0.15980000 -0.70320000
vn 0.01450000 -0.04220000 -0.99900000
vn 0.02970000 0.06370000 -0.99750000
vn 0.01450000 0.06360000 -0.99790000
vn -0.94110000 0.21320000 -0.26250000
vn -0.00010000 -1.00000000 -0.00000000
vn -0.95170000 -0.22360000 -0.21020000
vn -0.75150000 -0.63850000 -0.16590000
vn -0.39460000 -0.91470000 -0.08720000
vn -0.00000000 -1.00000000 -0.00000000
vn -0.96210000 -0.22200000 -0.15820000
vn -0.76000000 -0.63780000 -0.12500000
vn -0.39920000 -0.91450000 -0.06560000
vn -0.00000000 -1.00000000 -0.00000000
vn -0.96950000 -0.22090000 -0.10580000
vn -0.76620000 -0.63720000 -0.08360000
vn -0.40240000 -0.91440000 -0.04390000
vn -0.00020000 -1.00000000 -0.00000000
vn -0.97400000 -0.22020000 -0.05300000
vn -0.76990000 -0.63680000 -0.04190000
vn -0.40440000 -0.91430000 -0.02200000
vn -0.00000000 -1.00000000 -0.00000000
vn -0.97540000 0.22030000 0.00010000
vn -0.00000000 -1.00000000 -0.00000000
vn -0.97960000 -0.20100000 0.00010000
vn -0.78110000 -0.62440000 0.00010000
vn -0.41190000 -0.91120000 0.00010000
vn -0.97510000 -0.22000000 -0.02650000
vn -0.99850000 0.00860000 -0.05430000
vn -0.99960000 0.00880000 -0.02710000
vn -0.77080000 -0.63670000 -0.02090000
vn -0.89770000 -0.43780000 -0.04880000
vn -0.89880000 -0.43770000 -0.02440000
vn -0.40490000 -0.91430000 -0.01100000
vn -0.60060000 -0.79890000 -0.03270000
vn -0.60130000 -0.79880000 -0.01630000
vn -0.19900000 -0.97990000 -0.01080000
vn -0.19920000 -0.97990000 -0.00540000
vn -0.39540000 -0.91190000 -0.11030000
vn -0.75020000 -0.62720000 -0.20920000
vn -0.94250000 -0.20660000 -0.26280000
vn -0.19420000 -0.98000000 -0.04290000
vn -0.39190000 -0.91480000 -0.09780000
vn -0.19290000 -0.98000000 -0.04810000
vn -0.58610000 -0.79980000 -0.12940000
vn -0.74630000 -0.63900000 -0.18630000
vn -0.58210000 -0.80000000 -0.14530000
vn -0.87670000 -0.44040000 -0.19360000
vn -0.94550000 -0.22450000 -0.23600000
vn -0.87070000 -0.44110000 -0.21750000
vn -0.97650000 0.00460000 -0.21560000
vn -0.97020000 0.00350000 -0.24220000
vn -0.94950000 0.21480000 -0.22860000
vn -0.95680000 0.21630000 -0.19450000
vn -0.96100000 0.21720000 -0.17110000
vn -0.96470000 0.21800000 -0.14750000
vn -0.96790000 0.21870000 -0.12390000
vn -0.97050000 0.21930000 -0.10030000
vn -0.97260000 0.21970000 -0.07660000
vn -0.97410000 0.22000000 -0.05280000
vn -0.97500000 0.22020000 -0.02890000
vn -0.97540000 0.22030000 -0.00500000
vn -0.99990000 0.00890000 -0.01350000
vn -0.99270000 0.11750000 -0.02690000
vn -0.99300000 0.11760000 -0.01340000
vn -0.69260000 0.18470000 0.69730000
vn -0.00000000 -1.00000000 -0.00000000
vn -0.63930000 -0.24880000 0.72760000
vn -0.50110000 -0.65100000 0.57020000
vn -0.26270000 -0.91740000 0.29890000
vn -0.00000000 -1.00000000 -0.00000000
vn -0.59390000 -0.25080000 0.76440000
vn -0.46520000 -0.65190000 0.59880000
vn -0.24380000 -0.91760000 0.31390000
vn -0.00000000 -1.00000000 -0.00000000
vn -0.54670000 -0.25270000 0.79830000
vn -0.42810000 -0.65280000 0.62500000
vn -0.22430000 -0.91780000 0.32760000
vn -0.00000000 -1.00000000 -0.00000000
vn -0.49780000 -0.25430000 0.82910000
vn -0.38960000 -0.65360000 0.64890000
vn -0.20420000 -0.91800000 0.34000000
vn -0.00000000 -1.00000000 -0.00000000
vn -0.44720000 -0.25580000 0.85710000
vn -0.34980000 -0.65430000 0.67040000
vn -0.18330000 -0.91820000 0.35130000
vn -0.00000000 -1.00000000 -0.00000000
vn -0.39480000 -0.25710000 0.88210000
vn -0.30870000 -0.65500000 0.68970000
vn -0.16170000 -0.91830000 0.36130000
vn -0.00000000 -1.00000000 0.00010000
vn -0.34070000 -0.25830000 0.90400000
vn -0.26630000 -0.65560000 0.70660000
vn -0.13950000 -0.91850000 0.37010000
vn -0.00000000 -1.00000000 0.00010000
vn -0.28550000 -0.25940000 0.92260000
vn -0.22310000 -0.65620000 0.72090000
vn -0.11690000 -0.91860000 0.37760000
vn -0.00000000 -1.00000000 0.00010000
vn -0.22970000 -0.26050000 0.93780000
vn -0.17950000 -0.65660000 0.73260000
vn -0.09400000 -0.91870000 0.38370000
vn -0.00000000 -1.00000000 -0.00000000
vn -0.17320000 -0.26120000 0.94960000
vn -0.13530000 -0.65700000 0.74170000
vn -0.07090000 -0.91880000 0.38840000
vn -0.00000000 -1.00000000 0.00010000
vn -0.11600000 -0.26170000 0.95810000
vn -0.09060000 -0.65730000 0.74820000
vn -0.04750000 -0.91880000 0.39180000
vn -0.00000000 -1.00000000 0.00010000
vn -0.05810000 -0.26210000 0.96330000
vn -0.04530000 -0.65750000 0.75210000
vn -0.02370000 -0.91890000 0.39380000
vn -0.00000000 -1.00000000 -0.00000000
vn 0.00060000 0.16420000 0.98640000
vn -0.00000000 -1.00000000 0.00010000
vn -0.28540000 -0.91430000 0.28730000
vn -0.54240000 -0.63850000 0.54600000
vn -0.68600000 -0.22910000 0.69060000
vn -0.12940000 -0.98060000 0.14720000
vn -0.27180000 -0.91730000 0.29100000
vn -0.13390000 -0.98060000 0.14330000
vn -0.39020000 -0.80660000 0.44400000
vn -0.51850000 -0.65050000 0.55500000
vn -0.40380000 -0.80630000 0.43220000
vn -0.58630000 -0.45940000 0.66720000
vn -0.66140000 -0.24770000 0.70800000
vn -0.60680000 -0.45860000 0.64930000
vn -0.65990000 -0.02610000 0.75090000
vn -0.68250000 -0.02480000 0.73050000
vn 0.00060000 -0.24490000 0.96950000
vn 0.00050000 -0.64640000 0.76300000
vn 0.00030000 -0.91610000 0.40090000
vn -0.02880000 -0.26220000 0.96460000
vn -0.06010000 -0.04200000 0.99730000
vn -0.02980000 -0.04210000 0.99870000
vn -0.02250000 -0.65760000 0.75300000
vn -0.05320000 -0.46940000 0.88140000
vn -0.02620000 -0.46950000 0.88250000
vn -0.01180000 -0.91890000 0.39430000
vn -0.03530000 -0.81010000 0.58520000
vn -0.01750000 -0.81020000 0.58590000
vn -0.01170000 -0.98090000 0.19400000
vn -0.00570000 -0.98090000 0.19430000
vn -0.66490000 0.18290000 0.72420000
vn -0.64680000 0.18190000 0.74070000
vn -0.62840000 0.18070000 0.75660000
vn -0.60960000 0.17970000 0.77210000
vn -0.59060000 0.17850000 0.78700000
vn -0.57120000 0.17760000 0.80140000
vn -0.55150000 0.17660000 0.81530000
vn -0.53150000 0.17560000 0.82860000
vn -0.51110000 0.17490000 0.84150000
vn -0.49050000 0.17400000 0.85390000
vn -0.46950000 0.17330000 0.86570000
vn -0.44820000 0.17260000 0.87710000
vn -0.42660000 0.17190000 0.88790000
vn -0.40470000 0.17110000 0.89830000
vn -0.38250000 0.17060000 0.90810000
vn -0.35990000 0.16980000 0.91740000
vn -0.33720000 0.16910000 0.92610000
vn -0.31430000 0.16850000 0.93420000
vn -0.29120000 0.16790000 0.94180000
vn -0.26810000 0.16740000 0.94870000
vn -0.24480000 0.16680000 0.95510000
vn -0.22130000 0.16640000 0.96090000
vn -0.19780000 0.16590000 0.96610000
vn -0.17410000 0.16560000 0.97070000
vn -0.15030000 0.16530000 0.97470000
vn -0.12640000 0.16510000 0.97810000
vn -0.10230000 0.16480000 0.98100000
vn -0.07810000 0.16470000 0.98330000
vn -0.05370000 0.16460000 0.98490000
vn -0.02930000 0.16440000 0.98600000
vn -0.00470000 0.16440000 0.98640000
vn -0.01460000 -0.04220000 0.99900000
vn -0.02980000 0.06360000 0.99750000
vn -0.01460000 0.06360000 0.99790000
vn 0.69120000 0.18470000 0.69870000
vn -0.00000000 -1.00000000 0.00010000
vn 0.72320000 -0.24510000 0.64560000
vn 0.56740000 -0.64930000 0.50650000
vn 0.29740000 -0.91710000 0.26550000
vn -0.00000000 -1.00000000 -0.00000000
vn 0.76190000 -0.24260000 0.60050000
vn 0.59820000 -0.64800000 0.47140000
vn 0.31360000 -0.91680000 0.24720000
vn -0.00000000 -1.00000000 -0.00000000
vn 0.79760000 -0.24000000 0.55340000
vn 0.62670000 -0.64670000 0.43480000
vn 0.32870000 -0.91650000 0.22810000
vn 0.00010000 -1.00000000 -0.00000000
vn 0.83020000 -0.23750000 0.50440000
vn 0.65280000 -0.64530000 0.39670000
vn 0.34250000 -0.91620000 0.20810000
vn 0.00010000 -1.00000000 -0.00000000
vn 0.85970000 -0.23480000 0.45360000
vn 0.67670000 -0.64390000 0.35700000
vn 0.35510000 -0.91580000 0.18740000
vn -0.00000000 -1.00000000 -0.00000000
vn 0.88630000 -0.23200000 0.40080000
vn 0.69810000 -0.64260000 0.31570000
vn 0.36650000 -0.91560000 0.16570000
vn -0.00000000 -1.00000000 -0.00000000
vn 0.90980000 -0.22920000 0.34610000
vn 0.71710000 -0.64130000 0.27290000
vn 0.37650000 -0.91530000 0.14320000
vn 0.00010000 -1.00000000 -0.00000000
vn 0.92980000 -0.22650000 0.29020000
vn 0.73340000 -0.64010000 0.22900000
vn 0.38500000 -0.91510000 0.12020000
vn 0.00020000 -1.00000000 -0.00000000
vn 0.94610000 -0.22420000 0.23350000
vn 0.74680000 -0.63900000 0.18430000
vn 0.39210000 -0.91480000 0.09680000
vn 0.00010000 -1.00000000 -0.00000000
vn 0.95890000 -0.22240000 0.17610000
vn 0.75740000 -0.63800000 0.13900000
vn 0.39770000 -0.91460000 0.07300000
vn 0.00010000 -1.00000000 -0.00000000
vn 0.96810000 -0.22120000 0.11790000
vn 0.76500000 -0.63730000 0.09320000
vn 0.40190000 -0.91440000 0.04890000
vn 0.00020000 -1.00000000 -0.00000000
vn 0.97360000 -0.22040000 0.05900000
vn 0.76960000 -0.63680000 0.04670000
vn 0.40430000 -0.91430000 0.02450000
vn -0.00000000 -1.00000000 -0.00000000
vn 0.97540000 0.22030000 -0.00060000
vn -0.00000000 -1.00000000 -0.00000000
vn 0.97960000 -0.20100000 -0.00050000
vn 0.78120000 -0.62430000 -0.00030000
vn 0.41190000 -0.91120000 -0.00020000
vn 0.97500000 -0.22030000 0.02940000
vn 0.99810000 0.00830000 0.06050000
vn 0.99950000 0.00860000 0.03010000
vn 0.77080000 -0.63670000 0.02320000
vn 0.89740000 -0.43790000 0.05440000
vn 0.89870000 -0.43770000 0.02690000
vn 0.40490000 -0.91430000 0.01220000
vn 0.60040000 -0.79890000 0.03640000
vn 0.60130000 -0.79880000 0.01810000
vn 0.19900000 -0.97990000 0.01210000
vn 0.19930000 -0.97990000 0.00600000
vn 0.28480000 -0.91430000 0.28790000
vn 0.54130000 -0.63850000 0.54720000
vn 0.68460000 -0.22910000 0.69200000
vn 0.14650000 -0.98050000 0.13080000
vn 0.28890000 -0.91720000 0.27440000
vn 0.14230000 -0.98060000 0.13510000
vn 0.44190000 -0.80570000 0.39450000
vn 0.55110000 -0.64980000 0.52350000
vn 0.42920000 -0.80600000 0.40770000
vn 0.66360000 -0.45670000 0.59250000
vn 0.70270000 -0.24640000 0.66740000
vn 0.64470000 -0.45760000 0.61240000
vn 0.74580000 -0.02110000 0.66580000
vn 0.72490000 -0.02250000 0.68850000
vn 0.69550000 0.18500000 0.69430000
vn 0.71200000 0.18630000 0.67700000
vn 0.72800000 0.18750000 0.65940000
vn 0.74350000 0.18870000 0.64160000
vn 0.75850000 0.19000000 0.62340000
vn 0.77290000 0.19130000 0.60500000
vn 0.78690000 0.19260000 0.58620000
vn 0.80040000 0.19380000 0.56720000
vn 0.81350000 0.19510000 0.54790000
vn 0.82640000 0.19640000 0.52770000
vn 0.83880000 0.19780000 0.50730000
vn 0.85070000 0.19910000 0.48650000
vn 0.86210000 0.20050000 0.46540000
vn 0.87300000 0.20190000 0.44400000
vn 0.88330000 0.20330000 0.42240000
vn 0.89310000 0.20490000 0.40040000
vn 0.90240000 0.20630000 0.37820000
vn 0.91120000 0.20780000 0.35560000
vn 0.91940000 0.20950000 0.33290000
vn 0.92700000 0.21090000 0.31010000
vn 0.93410000 0.21220000 0.28710000
vn 0.94050000 0.21350000 0.26420000
vn 0.94650000 0.21470000 0.24110000
vn 0.95180000 0.21570000 0.21790000
vn 0.95670000 0.21650000 0.19460000
vn 0.96100000 0.21720000 0.17120000
vn 0.96470000 0.21790000 0.14770000
vn 0.96790000 0.21850000 0.12410000
vn 0.97060000 0.21880000 0.10040000
vn 0.97260000 0.21930000 0.07670000
vn 0.97410000 0.21970000 0.05280000
vn 0.97510000 0.22000000 0.02870000
vn 0.97540000 0.22030000 0.00460000
vn 0.72250000 0.08460000 0.68620000
vn 0.71410000 -0.02320000 0.69970000
vn 0.71180000 0.08380000 0.69740000
vn 0.99990000 0.00880000 0.01480000
vn 0.99260000 0.11730000 0.02990000
vn 0.99300000 0.11750000 0.01470000
vn 0.69210000 0.18470000 0.69780000
vn 0.70140000 0.16390000 0.69360000
vn 0.70240000 0.08210000 0.70710000
vn 0.75090000 0.16500000 0.63940000
vn 0.75290000 0.07270000 0.65410000
vn 0.79570000 0.16620000 0.58240000
vn 0.79950000 0.06310000 0.59730000
vn 0.83600000 0.16750000 0.52250000
vn 0.84140000 0.05360000 0.53770000
vn 0.87290000 0.16870000 0.45770000
vn 0.87970000 0.04340000 0.47350000
vn 0.90310000 0.16990000 0.39430000
vn 0.91120000 0.03310000 0.41060000
vn 0.92950000 0.17130000 0.32670000
vn 0.93940000 0.02210000 0.34210000
vn 0.95010000 0.17250000 0.26010000
vn 0.96190000 0.01220000 0.27300000
vn 0.96560000 0.17340000 0.19360000
vn 0.97920000 0.00490000 0.20280000
vn 0.97670000 0.17400000 0.12590000
vn 0.99130000 0.00020000 0.13160000
vn 0.98310000 0.17440000 0.05630000
vn 0.99820000 -0.00270000 0.05940000
vn 0.98460000 0.17460000 -0.01270000
vn 0.99990000 -0.00440000 -0.01320000
vn 0.98130000 0.17440000 -0.08090000
vn 0.99640000 -0.00270000 -0.08530000
vn 0.97350000 0.17390000 -0.14870000
vn 0.98760000 0.00140000 -0.15710000
vn 0.96070000 0.17310000 -0.21700000
vn 0.97360000 0.00820000 -0.22830000
vn 0.94300000 0.17200000 -0.28480000
vn 0.95460000 0.01600000 -0.29760000
vn 0.92020000 0.17080000 -0.35210000
vn 0.92970000 0.02560000 -0.36750000
vn 0.89380000 0.16960000 -0.41520000
vn 0.90140000 0.03560000 -0.43160000
vn 0.86000000 0.16820000 -0.48180000
vn 0.86580000 0.04670000 -0.49820000
vn 0.82280000 0.16700000 -0.54330000
vn 0.82700000 0.05710000 -0.55930000
vn 0.78060000 0.16570000 -0.60260000
vn 0.78340000 0.06730000 -0.61790000
vn 0.73140000 0.16450000 -0.66190000
vn 0.73290000 0.07720000 -0.67590000
vn 0.68320000 0.16360000 -0.71170000
vn 0.68360000 0.08520000 -0.72490000
vn 0.62860000 0.16260000 -0.76060000
vn 0.62780000 0.09330000 -0.77280000
vn 0.57050000 0.16170000 -0.80520000
vn 0.56910000 0.10070000 -0.81610000
vn 0.50950000 0.16090000 -0.84530000
vn 0.50790000 0.10710000 -0.85470000
vn 0.44580000 0.16010000 -0.88070000
vn 0.44400000 0.11250000 -0.88890000
vn 0.38280000 0.15960000 -0.90990000
vn 0.38020000 0.11720000 -0.91740000
vn 0.31160000 0.15910000 -0.93680000
vn 0.30830000 0.12250000 -0.94340000
vn 0.24140000 0.15870000 -0.95740000
vn 0.23890000 0.12650000 -0.96280000
vn 0.17110000 0.15810000 -0.97250000
vn 0.16960000 0.12930000 -0.97700000
vn 0.09710000 0.15800000 -0.98270000
vn 0.09610000 0.13100000 -0.98670000
vn 0.02390000 0.15810000 -0.98710000
vn 0.02290000 0.13200000 -0.99100000
vn -0.04730000 0.15790000 -0.98630000
vn -0.04680000 0.13180000 -0.99020000
vn -0.12380000 0.15810000 -0.97960000
vn -0.12280000 0.13060000 -0.98380000
vn -0.19670000 0.15820000 -0.96760000
vn -0.19480000 0.12840000 -0.97240000
vn -0.26670000 0.15820000 -0.95070000
vn -0.26390000 0.12510000 -0.95640000
vn -0.33620000 0.15930000 -0.92820000
vn -0.33320000 0.12060000 -0.93510000
vn -0.40630000 0.15980000 -0.89970000
vn -0.40460000 0.11560000 -0.90720000
vn -0.46680000 0.16030000 -0.86970000
vn -0.46520000 0.11110000 -0.87820000
vn -0.53160000 0.16120000 -0.83150000
vn -0.53000000 0.10500000 -0.84150000
vn -0.59160000 0.16200000 -0.78980000
vn -0.59040000 0.09810000 -0.80110000
vn -0.64850000 0.16290000 -0.74360000
vn -0.64820000 0.09040000 -0.75610000
vn -0.69220000 0.18470000 -0.69770000
vn -0.00000000 -0.00000000 -1.00000000
vn -0.70160000 0.16390000 -0.69350000
vn -0.70250000 0.08210000 -0.70690000
vn -0.75070000 0.16500000 -0.63970000
vn -0.75290000 0.07320000 -0.65410000
vn -0.79570000 0.16620000 -0.58250000
vn -0.79910000 0.06360000 -0.59780000
vn -0.83630000 0.16730000 -0.52200000
vn -0.84130000 0.05350000 -0.53800000
vn -0.87330000 0.16880000 -0.45700000
vn -0.87990000 0.04250000 -0.47320000
vn -0.90310000 0.17000000 -0.39440000
vn -0.91160000 0.03240000 -0.40990000
vn -0.92900000 0.17120000 -0.32820000
vn -0.93920000 0.02250000 -0.34260000
vn -0.94990000 0.17240000 -0.26080000
vn -0.96180000 0.01330000 -0.27330000
vn -0.96590000 0.17340000 -0.19230000
vn -0.97920000 0.00570000 -0.20270000
vn -0.97680000 0.17410000 -0.12450000
vn -0.99130000 -0.00030000 -0.13130000
vn -0.98300000 0.17450000 -0.05640000
vn -0.99820000 -0.00350000 -0.05930000
vn -0.98460000 0.17460000 0.00780000
vn -0.99990000 -0.00420000 0.00970000
vn -0.98130000 0.17430000 0.08140000
vn -0.99630000 -0.00170000 0.08550000
vn -0.97320000 0.17390000 0.15030000
vn -0.98750000 0.00170000 0.15730000
vn -0.96060000 0.17320000 0.21730000
vn -0.97360000 0.00720000 0.22810000
vn -0.94330000 0.17210000 0.28380000
vn -0.95450000 0.01550000 0.29790000
vn -0.92070000 0.17080000 0.35080000
vn -0.92990000 0.02600000 0.36690000
vn -0.89250000 0.16940000 0.41790000
vn -0.90000000 0.03700000 0.43430000
vn -0.85960000 0.16820000 0.48240000
vn -0.86580000 0.04740000 0.49810000
vn -0.82220000 0.16700000 0.54420000
vn -0.82690000 0.05700000 0.55950000
vn -0.78030000 0.16580000 0.60310000
vn -0.78330000 0.06650000 0.61810000
vn -0.73200000 0.16450000 0.66110000
vn -0.73310000 0.07650000 0.67580000
vn -0.68310000 0.16360000 0.71170000
vn -0.68370000 0.08510000 0.72480000
vn -0.62860000 0.16260000 0.76060000
vn -0.62770000 0.09320000 0.77280000
vn -0.57060000 0.16170000 0.80520000
vn -0.56900000 0.10070000 0.81610000
vn -0.50950000 0.16090000 0.84530000
vn -0.50780000 0.10720000 0.85480000
vn -0.44580000 0.16030000 0.88070000
vn -0.44400000 0.11270000 0.88890000
vn -0.37980000 0.15960000 0.91120000
vn -0.37750000 0.11750000 0.91850000
vn -0.31160000 0.15910000 0.93680000
vn -0.30830000 0.12230000 0.94340000
vn -0.24150000 0.15810000 0.95740000
vn -0.23880000 0.12640000 0.96280000
vn -0.17110000 0.15810000 0.97250000
vn -0.16950000 0.12930000 0.97700000
vn -0.09800000 0.15800000 0.98260000
vn -0.09700000 0.13110000 0.98660000
vn -0.02410000 0.15780000 0.98720000
vn -0.02310000 0.13210000 0.99100000
vn 0.04760000 0.15780000 0.98630000
vn 0.04670000 0.13180000 0.99020000
vn 0.12380000 0.15810000 0.97960000
vn 0.12280000 0.13060000 0.98380000
vn 0.19650000 0.15790000 0.96770000
vn 0.19480000 0.12840000 0.97240000
vn 0.26660000 0.15870000 0.95060000
vn 0.26390000 0.12500000 0.95640000
vn 0.33620000 0.15930000 0.92820000
vn 0.33320000 0.12050000 0.93510000
vn 0.40620000 0.15970000 0.89970000
vn 0.40460000 0.11560000 0.90710000
vn 0.46680000 0.16040000 0.86970000
vn 0.46520000 0.11100000 0.87820000
vn 0.53160000 0.16120000 0.83150000
vn 0.53010000 0.10500000 0.84140000
vn 0.59160000 0.16200000 0.78980000
vn 0.59040000 0.09810000 0.80110000
vn 0.64840000 0.16290000 0.74360000
vn 0.64810000 0.09030000 0.75610000
vn 0.69210000 0.18470000 0.69780000
vn 0.70140000 0.16390000 0.69360000
vn 0.70230000 0.08220000 0.70710000
vn 0.79950000 0.13120000 0.58610000
vn 0.77680000 0.06790000 0.62610000
vn 0.75410000 0.13370000 0.64300000
vn 0.77390000 0.16570000 0.61130000
vn 0.77740000 0.13250000 0.61490000
vn 0.84060000 0.12880000 0.52610000
vn 0.82100000 0.05840000 0.56790000
vn 0.81650000 0.16670000 0.55280000
vn 0.82060000 0.13000000 0.55650000
vn 0.87820000 0.12610000 0.46140000
vn 0.86120000 0.04860000 0.50590000
vn 0.85510000 0.16810000 0.49050000
vn 0.86000000 0.12740000 0.49420000
vn 0.90910000 0.12340000 0.39790000
vn 0.89600000 0.03830000 0.44240000
vn 0.88860000 0.16930000 0.42630000
vn 0.89420000 0.12480000 0.43000000
vn 0.93630000 0.12040000 0.33000000
vn 0.92590000 0.02760000 0.37670000
vn 0.91700000 0.17060000 0.36060000
vn 0.92340000 0.12190000 0.36410000
vn 0.95760000 0.11790000 0.26280000
vn 0.95140000 0.01690000 0.30760000
vn 0.94040000 0.17190000 0.29330000
vn 0.94760000 0.11910000 0.29630000
vn 0.97380000 0.11590000 0.19560000
vn 0.97120000 0.00820000 0.23800000
vn 0.95840000 0.17300000 0.22690000
vn 0.96630000 0.11680000 0.22930000
vn 0.98520000 0.11470000 0.12730000
vn 0.98590000 0.00230000 0.16730000
vn 0.97170000 0.17380000 0.16000000
vn 0.98010000 0.11520000 0.16170000
vn 0.99190000 0.11390000 0.05700000
vn 0.99540000 -0.00140000 0.09560000
vn 0.98050000 0.17420000 0.09140000
vn 0.98910000 0.11430000 0.09240000
vn 0.99350000 0.11350000 -0.01290000
vn 0.99970000 -0.00390000 0.02300000
vn 0.98440000 0.17450000 0.02070000
vn 0.99330000 0.11360000 0.02100000
vn 0.99010000 0.11390000 -0.08190000
vn 0.99880000 -0.00390000 -0.04920000
vn 0.98350000 0.17460000 -0.04650000
vn 0.99240000 0.11360000 -0.04710000
vn 0.98190000 0.11500000 -0.15050000
vn 0.99260000 -0.00100000 -0.12130000
vn 0.97800000 0.17420000 -0.11480000
vn 0.98660000 0.11440000 -0.11630000
vn 0.96860000 0.11680000 -0.21950000
vn 0.98120000 0.00460000 -0.19280000
vn 0.96780000 0.17350000 -0.18260000
vn 0.97590000 0.11590000 -0.18480000
vn 0.95030000 0.11880000 -0.28770000
vn 0.96470000 0.01210000 -0.26290000
vn 0.95250000 0.17250000 -0.25110000
vn 0.96010000 0.11780000 -0.25380000
vn 0.92670000 0.12140000 -0.35560000
vn 0.94270000 0.02060000 -0.33290000
vn 0.93230000 0.17140000 -0.31850000
vn 0.93920000 0.12000000 -0.32170000
vn 0.89950000 0.12400000 -0.41900000
vn 0.91600000 0.03050000 -0.39990000
vn 0.90760000 0.17020000 -0.38390000
vn 0.91360000 0.12270000 -0.38760000
vn 0.86490000 0.12690000 -0.48560000
vn 0.88420000 0.04110000 -0.46530000
vn 0.87750000 0.16890000 -0.44880000
vn 0.88280000 0.12550000 -0.45260000
vn 0.82700000 0.12970000 -0.54710000
vn 0.84700000 0.05190000 -0.52910000
vn 0.84200000 0.16760000 -0.51290000
vn 0.84650000 0.12830000 -0.51670000
vn 0.78420000 0.13230000 -0.60630000
vn 0.80580000 0.06220000 -0.58890000
vn 0.80230000 0.16630000 -0.57330000
vn 0.80620000 0.13100000 -0.57700000
vn 0.73410000 0.13490000 -0.66550000
vn 0.75880000 0.07230000 -0.64730000
vn 0.75680000 0.16510000 -0.63250000
vn 0.75990000 0.13360000 -0.63620000
vn -0.79950000 0.13140000 -0.58620000
vn -0.77650000 0.06850000 -0.62640000
vn -0.75390000 0.13390000 -0.64320000
vn -0.77370000 0.16560000 -0.61150000
vn -0.77720000 0.13260000 -0.61520000
vn -0.84080000 0.12870000 -0.52580000
vn -0.82070000 0.05860000 -0.56830000
vn -0.81660000 0.16680000 -0.55260000
vn -0.82070000 0.13010000 -0.55640000
vn -0.87860000 0.12580000 -0.46070000
vn -0.86120000 0.04810000 -0.50600000
vn -0.85550000 0.16810000 -0.48980000
vn -0.86030000 0.12730000 -0.49360000
vn -0.90910000 0.12320000 -0.39790000
vn -0.89630000 0.03740000 -0.44180000
vn -0.88880000 0.16940000 -0.42590000
vn -0.89440000 0.12450000 -0.42950000
vn -0.93570000 0.12060000 -0.33140000
vn -0.92600000 0.02730000 -0.37650000
vn -0.91660000 0.17060000 -0.36160000
vn -0.92300000 0.12190000 -0.36490000
vn -0.95740000 0.11820000 -0.26350000
vn -0.95120000 0.01770000 -0.30810000
vn -0.94010000 0.17180000 -0.29430000
vn -0.94730000 0.11940000 -0.29730000
vn -0.97400000 0.11620000 -0.19450000
vn -0.97120000 0.00930000 -0.23820000
vn -0.95840000 0.17290000 -0.22700000
vn -0.96620000 0.11710000 -0.22950000
vn -0.98540000 0.11460000 -0.12600000
vn -0.98590000 0.00240000 -0.16710000
vn -0.97200000 0.17370000 -0.15840000
vn -0.98030000 0.11530000 -0.16020000
vn -0.99190000 0.11370000 -0.05710000
vn -0.99540000 -0.00230000 -0.09540000
vn -0.98050000 0.17430000 -0.09070000
vn -0.98920000 0.11410000 -0.09170000
vn -0.99350000 0.11350000 0.00810000
vn -0.99970000 -0.00420000 -0.02480000
vn -0.98440000 0.17460000 -0.02360000
vn -0.99330000 0.11350000 -0.02380000
vn -0.99000000 0.11420000 0.08240000
vn -0.99890000 -0.00310000 0.04770000
vn -0.98360000 0.17450000 0.04480000
vn -0.99250000 0.11380000 0.04540000
vn -0.98170000 0.11510000 0.15200000
vn -0.99260000 -0.00030000 0.12150000
vn -0.97790000 0.17410000 0.11610000
vn -0.98650000 0.11460000 0.11740000
vn -0.96860000 0.11650000 0.21970000
vn -0.98120000 0.00410000 0.19290000
vn -0.96750000 0.17350000 0.18400000
vn -0.97570000 0.11570000 0.18610000
vn -0.95060000 0.11880000 0.28680000
vn -0.96470000 0.01110000 0.26310000
vn -0.95260000 0.17270000 0.25050000
vn -0.96020000 0.11760000 0.25320000
vn -0.92720000 0.12150000 0.35430000
vn -0.94290000 0.02060000 0.33250000
vn -0.93270000 0.17140000 0.31720000
vn -0.93960000 0.12010000 0.32050000
vn -0.89820000 0.12440000 0.42170000
vn -0.91550000 0.03160000 0.40110000
vn -0.90730000 0.17010000 0.38460000
vn -0.91330000 0.12300000 0.38830000
vn -0.86460000 0.12720000 0.48610000
vn -0.88350000 0.04230000 0.46650000
vn -0.87670000 0.16880000 0.45050000
vn -0.88200000 0.12580000 0.45420000
vn -0.82640000 0.12970000 0.54790000
vn -0.84690000 0.05230000 0.52910000
vn -0.84140000 0.16760000 0.51370000
vn -0.84610000 0.12840000 0.51740000
vn -0.78380000 0.13210000 0.60680000
vn -0.80570000 0.06180000 0.58920000
vn -0.80180000 0.16640000 0.57400000
vn -0.80570000 0.13090000 0.57770000
vn -0.73480000 0.13470000 0.66480000
vn -0.75890000 0.07150000 0.64730000
vn -0.75680000 0.16510000 0.63240000
vn -0.76000000 0.13340000 0.63610000
vn 0.69550000 0.18500000 0.69430000
vn 0.71200000 0.18630000 0.67700000
vn 0.72800000 0.18750000 0.65940000
vn 0.74350000 0.18880000 0.64160000
vn 0.75840000 0.19010000 0.62340000
vn 0.77300000 0.19140000 0.60490000
vn 0.78690000 0.19260000 0.58620000
vn 0.80040000 0.19390000 0.56720000
vn 0.81340000 0.19520000 0.54790000
vn 0.82640000 0.19650000 0.52770000
vn 0.83880000 0.19780000 0.50730000
vn 0.85070000 0.19920000 0.48650000
vn 0.86210000 0.20060000 0.46540000
vn 0.87300000 0.20200000 0.44400000
vn 0.88330000 0.20350000 0.42240000
vn 0.89310000 0.20500000 0.40040000
vn 0.90240000 0.20640000 0.37820000
vn 0.91120000 0.20800000 0.35560000
vn 0.91940000 0.20950000 0.33290000
vn 0.92700000 0.21090000 0.31010000
vn 0.93410000 0.21230000 0.28710000
vn 0.94050000 0.21360000 0.26420000
vn 0.94650000 0.21470000 0.24110000
vn 0.95180000 0.21570000 0.21790000
vn 0.95670000 0.21660000 0.19460000
vn 0.96100000 0.21730000 0.17120000
vn 0.96470000 0.21800000 0.14770000
vn 0.96790000 0.21850000 0.12410000
vn 0.97060000 0.21890000 0.10050000
vn 0.97260000 0.21940000 0.07670000
vn 0.97410000 0.21970000 0.05280000
vn 0.97510000 0.22000000 0.02870000
vn 0.97540000 0.22030000 0.00490000
vn 0.97540000 0.22030000 -0.00020000
vn 0.74670000 0.17840000 0.64080000
vn 0.72670000 0.16450000 0.66690000
vn 0.69760000 0.17580000 0.69460000
vn 0.72250000 0.17710000 0.66830000
vn 0.71960000 0.18180000 0.67020000
vn 0.71000000 0.17640000 0.68180000
vn 0.69510000 0.18050000 0.69590000
vn 0.70720000 0.18130000 0.68340000
vn 0.69760000 0.17580000 0.69460000
vn 0.67550000 0.16340000 0.71900000
vn 0.64480000 0.17340000 0.74440000
vn 0.67180000 0.17460000 0.71990000
vn 0.70600000 0.18360000 0.68400000
vn 0.70070000 0.18080000 0.69010000
vn 0.69360000 0.18270000 0.69680000
vn 0.69920000 0.18310000 0.69110000
vn 0.69500000 0.18050000 0.69600000
vn 0.68500000 0.17500000 0.70720000
vn 0.66930000 0.17910000 0.72110000
vn 0.68240000 0.17970000 0.70850000
vn 0.69840000 0.18420000 0.69160000
vn 0.69650000 0.18260000 0.69390000
vn 0.69280000 0.18370000 0.69730000
vn 0.69570000 0.18390000 0.69440000
vn 0.69360000 0.18270000 0.69680000
vn 0.68880000 0.17980000 0.70230000
vn 0.68110000 0.18190000 0.70920000
vn 0.68750000 0.18230000 0.70290000
vn 0.74380000 0.18390000 0.64260000
vn 0.73470000 0.17780000 0.65460000
vn 0.73190000 0.18300000 0.65630000
vn 0.79130000 0.18120000 0.58400000
vn 0.76950000 0.17980000 0.61280000
vn 0.76650000 0.18550000 0.61480000
vn 0.75820000 0.17910000 0.62690000
vn 0.75540000 0.18470000 0.62870000
vn 0.78840000 0.18730000 0.58590000
vn 0.78050000 0.18050000 0.59850000
vn 0.77780000 0.18630000 0.60030000
vn 0.83140000 0.18390000 0.52430000
vn 0.81190000 0.18250000 0.55450000
vn 0.80910000 0.18890000 0.55640000
vn 0.80170000 0.18180000 0.56940000
vn 0.79930000 0.18800000 0.57070000
vn 0.82860000 0.19030000 0.52640000
vn 0.82180000 0.18320000 0.53950000
vn 0.81900000 0.18970000 0.54150000
vn 0.86810000 0.18680000 0.46000000
vn 0.85030000 0.18540000 0.49250000
vn 0.84750000 0.19230000 0.49480000
vn 0.84100000 0.18460000 0.50850000
vn 0.83830000 0.19140000 0.51050000
vn 0.86520000 0.19410000 0.46240000
vn 0.85930000 0.18610000 0.47630000
vn 0.85650000 0.19320000 0.47870000
vn 0.89800000 0.18980000 0.39690000
vn 0.88360000 0.18830000 0.42870000
vn 0.88070000 0.19590000 0.43120000
vn 0.87600000 0.18760000 0.44440000
vn 0.87310000 0.19510000 0.44680000
vn 0.89520000 0.19770000 0.39940000
vn 0.89100000 0.18900000 0.41290000
vn 0.88810000 0.19680000 0.41540000
vn 0.92420000 0.19290000 0.32960000
vn 0.91180000 0.19130000 0.36340000
vn 0.90890000 0.19980000 0.36610000
vn 0.90510000 0.19060000 0.38020000
vn 0.90220000 0.19870000 0.38280000
vn 0.92130000 0.20170000 0.33250000
vn 0.91820000 0.19210000 0.34650000
vn 0.91520000 0.20060000 0.34940000
vn 0.94490000 0.19580000 0.26250000
vn 0.93520000 0.19450000 0.29600000
vn 0.93230000 0.20330000 0.29900000
vn 0.92990000 0.19370000 0.31280000
vn 0.92700000 0.20260000 0.31560000
vn 0.94230000 0.20510000 0.26480000
vn 0.94020000 0.19520000 0.27920000
vn 0.93750000 0.20430000 0.28180000
vn 0.96060000 0.19790000 0.19520000
vn 0.95330000 0.19700000 0.22890000
vn 0.95070000 0.20640000 0.23120000
vn 0.94920000 0.19640000 0.24570000
vn 0.94660000 0.20590000 0.24800000
vn 0.95820000 0.20770000 0.19660000
vn 0.95710000 0.19750000 0.21210000
vn 0.95460000 0.20720000 0.21390000
vn 0.97170000 0.19940000 0.12690000
vn 0.96670000 0.19870000 0.16120000
vn 0.96430000 0.20890000 0.16250000
vn 0.96380000 0.19840000 0.17830000
vn 0.96140000 0.20830000 0.17980000
vn 0.96940000 0.20950000 0.12780000
vn 0.96930000 0.19900000 0.14410000
vn 0.96700000 0.20930000 0.14510000
vn 0.97810000 0.20020000 0.05700000
vn 0.97550000 0.19980000 0.09210000
vn 0.97330000 0.21010000 0.09280000
vn 0.97370000 0.19960000 0.10960000
vn 0.97150000 0.20980000 0.11050000
vn 0.97590000 0.21050000 0.05750000
vn 0.97700000 0.20000000 0.07460000
vn 0.97480000 0.21000000 0.07520000
vn 0.97960000 0.20070000 -0.01270000
vn 0.97950000 0.20050000 0.02130000
vn 0.97720000 0.21100000 0.02190000
vn 0.97900000 0.20030000 0.03900000
vn 0.97670000 0.21070000 0.03940000
vn 0.97740000 0.21110000 -0.01270000
vn 0.97970000 0.20060000 0.00420000
vn 0.97750000 0.21110000 0.00450000
vn 0.97630000 0.20020000 -0.08170000
vn 0.97860000 0.20050000 -0.04700000
vn 0.97650000 0.21540000 0.00480000
vn 0.97740000 0.21100000 0.01320000
vn 0.97620000 0.21570000 0.02210000
vn 0.97630000 0.21580000 0.01340000
vn 0.97600000 0.21790000 0.00470000
vn 0.97640000 0.21590000 0.00910000
vn 0.97580000 0.21800000 0.01360000
vn 0.97590000 0.21820000 0.00920000
vn 0.97630000 0.21590000 -0.01260000
vn 0.97750000 0.21100000 -0.00410000
vn 0.97640000 0.21590000 -0.00400000
vn 0.97640000 0.21090000 -0.04730000
vn 0.97920000 0.20060000 -0.02980000
vn 0.97700000 0.21100000 -0.02990000
vn 0.97590000 0.21810000 -0.00400000
vn 0.97640000 0.21590000 0.00040000
vn 0.97600000 0.21800000 0.00050000
vn 0.97520000 0.22030000 -0.02260000
vn 0.97440000 0.22010000 -0.04510000
vn 0.97320000 0.21990000 -0.06760000
vn 0.97140000 0.21950000 -0.09010000
vn 0.96910000 0.21900000 -0.11380000
vn 0.96610000 0.21840000 -0.13740000
vn 0.96270000 0.21760000 -0.16090000
vn 0.95870000 0.21670000 -0.18440000
vn 0.95480000 0.21590000 -0.20410000
vn 0.95070000 0.21510000 -0.22360000
vn 0.94610000 0.21420000 -0.24290000
vn 0.94120000 0.21330000 -0.26190000
vn 0.97410000 0.21040000 -0.08280000
vn 0.97760000 0.20030000 -0.06430000
vn 0.97540000 0.21060000 -0.06510000
vn 0.96840000 0.19890000 -0.15030000
vn 0.97300000 0.19960000 -0.11600000
vn 0.97070000 0.20990000 -0.11720000
vn 0.97480000 0.20000000 -0.09890000
vn 0.97250000 0.21020000 -0.09990000
vn 0.96610000 0.20900000 -0.15180000
vn 0.97080000 0.19930000 -0.13320000
vn 0.96850000 0.20970000 -0.13450000
vn 0.95560000 0.19700000 -0.21910000
vn 0.96270000 0.19810000 -0.18450000
vn 0.96020000 0.20790000 -0.18640000
vn 0.96570000 0.19850000 -0.16740000
vn 0.96330000 0.20850000 -0.16910000
vn 0.95310000 0.20640000 -0.22130000
vn 0.95930000 0.19760000 -0.20180000
vn 0.95690000 0.20710000 -0.20350000
vn 0.93790000 0.19470000 -0.28700000
vn 0.94740000 0.19580000 -0.25320000
vn 0.94490000 0.20520000 -0.25520000
vn 0.95160000 0.19640000 -0.23620000
vn 0.94910000 0.20580000 -0.23830000
vn 0.93530000 0.20380000 -0.28920000
vn 0.94290000 0.19530000 -0.27000000
vn 0.94030000 0.20460000 -0.27200000
vn 0.91510000 0.19190000 -0.35460000
vn 0.92720000 0.19330000 -0.32100000
vn 0.93710000 0.21250000 -0.27680000
vn 0.93020000 0.21140000 -0.30020000
vn 0.92270000 0.21010000 -0.32330000
vn 0.91470000 0.20870000 -0.34620000
vn 0.90610000 0.20730000 -0.36880000
vn 0.89700000 0.20590000 -0.39110000
vn 0.88750000 0.20440000 -0.41310000
vn 0.87740000 0.20300000 -0.43480000
vn 0.86670000 0.20150000 -0.45620000
vn 0.85560000 0.20000000 -0.47740000
vn 0.84390000 0.19860000 -0.49830000
vn 0.83180000 0.19720000 -0.51890000
vn 0.81910000 0.19580000 -0.53920000
vn 0.80590000 0.19430000 -0.55930000
vn 0.79210000 0.19300000 -0.57900000
vn 0.77790000 0.19150000 -0.59850000
vn 0.76310000 0.19010000 -0.61770000
vn 0.74780000 0.18880000 -0.63650000
vn 0.73190000 0.18750000 -0.65510000
vn 0.71550000 0.18630000 -0.67330000
vn 0.69860000 0.18520000 -0.69120000
vn 0.69180000 0.18470000 -0.69810000
vn 0.93910000 0.20850000 -0.27310000
vn 0.94260000 0.20490000 -0.26370000
vn 0.94360000 0.20950000 -0.25640000
vn 0.94140000 0.20890000 -0.26490000
vn 0.93400000 0.20790000 -0.29040000
vn 0.93790000 0.20420000 -0.28060000
vn 0.93660000 0.20820000 -0.28200000
vn 0.92450000 0.20210000 -0.32330000
vn 0.93270000 0.19400000 -0.30400000
vn 0.93000000 0.20300000 -0.30630000
vn 0.91220000 0.20020000 -0.35740000
vn 0.92130000 0.19260000 -0.33780000
vn 0.91850000 0.20130000 -0.34030000
vn 0.88870000 0.18900000 -0.41770000
vn 0.90250000 0.19050000 -0.38640000
vn 0.89960000 0.19870000 -0.38890000
vn 0.90890000 0.19120000 -0.37050000
vn 0.90610000 0.19950000 -0.37310000
vn 0.88580000 0.19690000 -0.42010000
vn 0.89570000 0.18970000 -0.40210000
vn 0.89290000 0.19760000 -0.40450000
vn 0.85510000 0.18590000 -0.48400000
vn 0.87250000 0.18740000 -0.45120000
vn 0.86960000 0.19490000 -0.45370000
vn 0.88080000 0.18830000 -0.43450000
vn 0.87790000 0.19590000 -0.43690000
vn 0.85240000 0.19310000 -0.48590000
vn 0.86400000 0.18660000 -0.46770000
vn 0.86110000 0.19390000 -0.47000000
vn 0.81800000 0.18270000 -0.54540000
vn 0.83710000 0.18440000 -0.51500000
vn 0.83440000 0.19080000 -0.51710000
vn 0.84630000 0.18510000 -0.49960000
vn 0.84330000 0.19210000 -0.50190000
vn 0.81510000 0.18930000 -0.54750000
vn 0.82770000 0.18370000 -0.53020000
vn 0.82480000 0.19020000 -0.53250000
vn 0.77620000 0.17990000 -0.60430000
vn 0.79770000 0.18140000 -0.57510000
vn 0.79480000 0.18750000 -0.57710000
vn 0.80800000 0.18220000 -0.56030000
vn 0.80500000 0.18840000 -0.56250000
vn 0.77330000 0.18570000 -0.60630000
vn 0.78710000 0.18070000 -0.58980000
vn 0.78420000 0.18660000 -0.59180000
vn 0.72740000 0.17710000 -0.66300000
vn 0.75250000 0.17850000 -0.63390000
vn 0.75000000 0.18370000 -0.63540000
vn 0.76450000 0.17920000 -0.61920000
vn 0.76160000 0.18480000 -0.62110000
vn 0.72470000 0.18220000 -0.66450000
vn 0.74010000 0.17780000 -0.64850000
vn 0.73740000 0.18310000 -0.65010000
vn 0.67940000 0.17490000 -0.71260000
vn 0.70620000 0.16400000 -0.68870000
vn 0.70260000 0.17590000 -0.68950000
vn 0.70020000 0.18070000 -0.69070000
vn 0.71520000 0.17660000 -0.67620000
vn 0.71280000 0.18150000 -0.67750000
vn 0.69890000 0.18310000 -0.69140000
vn 0.70650000 0.18060000 -0.68430000
vn 0.71130000 0.18380000 -0.67850000
vn 0.70520000 0.18340000 -0.68490000
vn 0.67690000 0.17950000 -0.71390000
vn 0.69190000 0.17540000 -0.70040000
vn 0.68930000 0.17980000 -0.70190000
vn 0.62500000 0.17260000 -0.76130000
vn 0.65630000 0.16310000 -0.73660000
vn 0.65260000 0.17370000 -0.73750000
vn 0.68790000 0.18210000 -0.70250000
vn 0.69480000 0.17990000 -0.69630000
vn 0.69340000 0.18240000 -0.69710000
vn 0.69100000 0.18460000 -0.69890000
vn 0.68700000 0.18400000 -0.70290000
vn 0.68250000 0.18410000 -0.70730000
vn 0.66480000 0.18300000 -0.72430000
vn 0.64680000 0.18180000 -0.74070000
vn 0.62840000 0.18070000 -0.75660000
vn 0.60970000 0.17960000 -0.77200000
vn 0.59060000 0.17860000 -0.78690000
vn 0.57130000 0.17760000 -0.80130000
vn 0.55160000 0.17670000 -0.81520000
vn 0.53160000 0.17580000 -0.82860000
vn 0.51120000 0.17490000 -0.84150000
vn 0.49050000 0.17420000 -0.85380000
vn 0.46950000 0.17340000 -0.86570000
vn 0.44820000 0.17270000 -0.87710000
vn 0.42660000 0.17200000 -0.88790000
vn 0.40460000 0.17130000 -0.89830000
vn 0.38230000 0.17060000 -0.90810000
vn 0.35980000 0.16990000 -0.91740000
vn 0.33710000 0.16930000 -0.92610000
vn 0.31420000 0.16860000 -0.93430000
vn 0.29120000 0.16800000 -0.94180000
vn 0.26810000 0.16740000 -0.94870000
vn 0.24480000 0.16690000 -0.95510000
vn 0.22140000 0.16650000 -0.96090000
vn 0.19790000 0.16600000 -0.96610000
vn 0.17420000 0.16570000 -0.97070000
vn 0.15040000 0.16540000 -0.97470000
vn 0.12640000 0.16510000 -0.97810000
vn 0.10240000 0.16490000 -0.98100000
vn 0.07810000 0.16470000 -0.98320000
vn 0.05370000 0.16470000 -0.98490000
vn 0.02910000 0.16450000 -0.98590000
vn 0.00480000 0.16440000 -0.98640000
vn -0.00020000 0.16440000 -0.98640000
vn 0.68710000 0.18340000 -0.70300000
vn 0.69100000 0.18230000 -0.69950000
vn 0.69270000 0.18360000 -0.69750000
vn 0.69020000 0.18350000 -0.69990000
vn 0.67540000 0.18160000 -0.71470000
vn 0.68290000 0.17930000 -0.70810000
vn 0.68180000 0.18200000 -0.70860000
vn 0.64990000 0.17780000 -0.73900000
vn 0.66610000 0.17430000 -0.72520000
vn 0.66360000 0.17880000 -0.72640000
vn 0.69000000 0.18410000 -0.70000000
vn 0.69140000 0.18360000 -0.69880000
vn 0.69250000 0.18420000 -0.69750000
vn 0.69120000 0.18410000 -0.69880000
vn 0.69580000 0.18260000 -0.69470000
vn 0.69840000 0.18410000 -0.69170000
vn 0.69520000 0.18390000 -0.69490000
vn 0.69110000 0.18420000 -0.69890000
vn 0.69180000 0.18410000 -0.69820000
vn 0.69210000 0.18440000 -0.69780000
vn 0.69180000 0.18390000 -0.69820000
vn 0.69380000 0.18370000 -0.69630000
vn 0.69480000 0.18440000 -0.69510000
vn 0.69360000 0.18380000 -0.69660000
vn 0.68100000 0.18300000 -0.70900000
vn 0.68480000 0.18190000 -0.70570000
vn 0.68420000 0.18310000 -0.70600000
vn 0.62260000 0.17670000 -0.76230000
vn 0.63890000 0.17310000 -0.74950000
vn 0.63640000 0.17730000 -0.75070000
vn 0.56740000 0.17050000 -0.80560000
vn 0.59990000 0.16210000 -0.78350000
vn 0.59660000 0.17160000 -0.78400000
vn 0.59410000 0.17520000 -0.78500000
vn 0.61090000 0.17200000 -0.77280000
vn 0.60860000 0.17600000 -0.77370000
vn 0.56530000 0.17410000 -0.80630000
vn 0.58210000 0.17100000 -0.79490000
vn 0.57980000 0.17460000 -0.79580000
vn 0.50680000 0.16870000 -0.84540000
vn 0.54030000 0.16130000 -0.82590000
vn 0.53740000 0.16960000 -0.82610000
vn 0.53550000 0.17300000 -0.82660000
vn 0.55250000 0.16990000 -0.81600000
vn 0.55030000 0.17350000 -0.81670000
vn 0.50480000 0.17190000 -0.84590000
vn 0.52220000 0.16910000 -0.83590000
vn 0.52010000 0.17240000 -0.83650000
vn 0.44340000 0.16710000 -0.88060000
vn 0.47790000 0.16050000 -0.86360000
vn 0.47540000 0.16800000 -0.86360000
vn 0.47370000 0.17090000 -0.86400000
vn 0.49120000 0.16820000 -0.85470000
vn 0.48940000 0.17140000 -0.85510000
vn 0.44170000 0.17000000 -0.88090000
vn 0.45950000 0.16750000 -0.87220000
vn 0.45750000 0.17030000 -0.87270000
vn 0.38060000 0.16580000 -0.90970000
vn 0.41450000 0.15980000 -0.89590000
vn 0.41230000 0.16650000 -0.89570000
vn 0.41060000 0.16910000 -0.89600000
vn 0.42790000 0.16700000 -0.88830000
vn 0.42620000 0.16960000 -0.88860000
vn 0.37900000 0.16820000 -0.91000000
vn 0.39650000 0.16610000 -0.90290000
vn 0.39450000 0.16870000 -0.90330000
vn 0.30950000 0.16410000 -0.93660000
vn 0.34750000 0.15940000 -0.92400000
vn 0.34540000 0.16500000 -0.92390000
vn 0.34380000 0.16740000 -0.92400000
vn 0.36310000 0.16540000 -0.91700000
vn 0.36150000 0.16760000 -0.91720000
vn 0.30800000 0.16650000 -0.93670000
vn 0.32750000 0.16470000 -0.93040000
vn 0.32600000 0.16690000 -0.93050000
vn 0.23980000 0.16310000 -0.95700000
vn 0.27670000 0.15880000 -0.94770000
vn 0.27490000 0.16370000 -0.94740000
vn 0.27360000 0.16570000 -0.94750000
vn 0.29220000 0.16390000 -0.94220000
vn 0.29120000 0.16590000 -0.94220000
vn 0.23910000 0.16510000 -0.95690000
vn 0.25750000 0.16350000 -0.95240000
vn 0.25600000 0.16540000 -0.95240000
vn 0.17010000 0.16230000 -0.97200000
vn 0.20650000 0.15790000 -0.96560000
vn 0.20510000 0.16260000 -0.96510000
vn 0.20420000 0.16450000 -0.96500000
vn 0.22240000 0.16250000 -0.96130000
vn 0.22170000 0.16450000 -0.96110000
vn 0.16930000 0.16410000 -0.97180000
vn 0.18780000 0.16260000 -0.96870000
vn 0.18680000 0.16430000 -0.96860000
vn 0.09650000 0.16200000 -0.98210000
vn 0.13420000 0.15800000 -0.97830000
vn 0.13350000 0.16220000 -0.97770000
vn 0.13290000 0.16380000 -0.97750000
vn 0.15180000 0.16210000 -0.97500000
vn 0.15100000 0.16370000 -0.97490000
vn 0.09600000 0.16350000 -0.98190000
vn 0.11500000 0.16190000 -0.98010000
vn 0.11460000 0.16360000 -0.97980000
vn 0.02370000 0.16150000 -0.98660000
vn 0.06050000 0.15790000 -0.98560000
vn 0.06010000 0.16170000 -0.98500000
vn 0.05980000 0.16330000 -0.98480000
vn 0.07830000 0.16190000 -0.98370000
vn 0.07820000 0.16310000 -0.98350000
vn 0.02330000 0.16310000 -0.98630000
vn 0.04180000 0.16130000 -0.98600000
vn 0.04130000 0.16320000 -0.98570000
vn -0.04690000 0.16160000 -0.98570000
vn -0.01180000 0.15750000 -0.98740000
vn -0.01160000 0.16160000 -0.98680000
vn -0.01150000 0.16310000 -0.98650000
vn 0.00590000 0.16140000 -0.98690000
vn 0.00570000 0.16290000 -0.98660000
vn -0.01140000 0.16370000 -0.98640000
vn -0.00270000 0.16290000 -0.98660000
vn 0.00600000 0.16380000 -0.98650000
vn -0.00300000 0.16360000 -0.98650000
vn -0.04670000 0.16320000 -0.98550000
vn -0.02900000 0.16120000 -0.98650000
vn -0.02890000 0.16330000 -0.98620000
vn -0.12290000 0.16180000 -0.97910000
vn -0.08560000 0.15790000 -0.98370000
vn -0.08510000 0.16200000 -0.98310000
vn -0.00280000 0.16400000 -0.98650000
vn 0.00130000 0.16350000 -0.98650000
vn 0.00560000 0.16410000 -0.98640000
vn 0.00150000 0.16430000 -0.98640000
vn 0.01430000 0.16300000 -0.98650000
vn 0.02320000 0.16380000 -0.98620000
vn 0.01430000 0.16380000 -0.98640000
vn -0.04330000 0.16450000 -0.98540000
vn -0.06770000 0.16470000 -0.98400000
vn -0.09190000 0.16480000 -0.98200000
vn -0.11600000 0.16500000 -0.97940000
vn -0.14000000 0.16520000 -0.97630000
vn -0.16390000 0.16550000 -0.97250000
vn -0.18760000 0.16590000 -0.96810000
vn -0.21130000 0.16620000 -0.96320000
vn -0.23480000 0.16670000 -0.95760000
vn -0.25810000 0.16720000 -0.95150000
vn -0.28130000 0.16780000 -0.94480000
vn -0.30440000 0.16840000 -0.93750000
vn -0.32730000 0.16910000 -0.92970000
vn -0.35020000 0.16960000 -0.92120000
vn -0.37280000 0.17040000 -0.91210000
vn -0.39520000 0.17100000 -0.90250000
vn -0.41730000 0.17160000 -0.89240000
vn -0.43900000 0.17230000 -0.88180000
vn -0.46040000 0.17300000 -0.87070000
vn -0.48150000 0.17370000 -0.85910000
vn -0.50230000 0.17460000 -0.84690000
vn -0.52280000 0.17540000 -0.83420000
vn -0.54290000 0.17620000 -0.82110000
vn -0.56280000 0.17720000 -0.80740000
vn -0.58230000 0.17820000 -0.79320000
vn -0.60150000 0.17920000 -0.77850000
vn -0.62040000 0.18020000 -0.76330000
vn -0.63890000 0.18140000 -0.74760000
vn -0.65710000 0.18250000 -0.73140000
vn -0.67510000 0.18360000 -0.71460000
vn -0.69220000 0.18470000 -0.69770000
vn -0.69220000 0.18470000 -0.69760000
vn -0.08500000 0.16330000 -0.98290000
vn -0.06600000 0.16190000 -0.98460000
vn -0.06550000 0.16330000 -0.98440000
vn -0.12250000 0.16370000 -0.97890000
vn -0.10410000 0.16210000 -0.98130000
vn -0.10360000 0.16350000 -0.98110000
vn -0.19550000 0.16270000 -0.96710000
vn -0.16040000 0.15820000 -0.97430000
vn -0.15930000 0.16180000 -0.97390000
vn -0.15850000 0.16400000 -0.97360000
vn -0.14130000 0.16170000 -0.97670000
vn -0.14070000 0.16350000 -0.97650000
vn -0.19450000 0.16440000 -0.96700000
vn -0.17720000 0.16200000 -0.97070000
vn -0.17660000 0.16420000 -0.97050000
vn -0.26490000 0.16350000 -0.95030000
vn -0.23180000 0.15830000 -0.95980000
vn -0.23010000 0.16260000 -0.95950000
vn -0.22970000 0.16490000 -0.95920000
vn -0.21290000 0.16270000 -0.96340000
vn -0.21190000 0.16440000 -0.96340000
vn -0.26350000 0.16560000 -0.95030000
vn -0.24760000 0.16340000 -0.95500000
vn -0.24640000 0.16530000 -0.95500000
vn -0.33400000 0.16470000 -0.92810000
vn -0.30170000 0.15900000 -0.94010000
vn -0.29970000 0.16420000 -0.93980000
vn -0.29860000 0.16630000 -0.93980000
vn -0.28220000 0.16340000 -0.94530000
vn -0.28090000 0.16590000 -0.94530000
vn -0.33240000 0.16710000 -0.92820000
vn -0.31690000 0.16450000 -0.93410000
vn -0.31530000 0.16670000 -0.93430000
vn -0.40410000 0.16630000 -0.89950000
vn -0.37150000 0.15950000 -0.91460000
vn -0.36930000 0.16560000 -0.91440000
vn -0.36780000 0.16800000 -0.91460000
vn -0.35150000 0.16450000 -0.92160000
vn -0.35030000 0.16750000 -0.92150000
vn -0.40240000 0.16890000 -0.89970000
vn -0.38680000 0.16590000 -0.90710000
vn -0.38520000 0.16840000 -0.90730000
vn -0.46430000 0.16760000 -0.86970000
vn -0.43680000 0.16000000 -0.88520000
vn -0.43440000 0.16690000 -0.88510000
vn -0.43310000 0.16960000 -0.88520000
vn -0.41930000 0.16640000 -0.89250000
vn -0.41790000 0.16900000 -0.89260000
vn -0.46270000 0.17020000 -0.87000000
vn -0.44940000 0.16720000 -0.87760000
vn -0.44780000 0.17020000 -0.87780000
vn -0.52870000 0.16930000 -0.83180000
vn -0.49950000 0.16080000 -0.85130000
vn -0.49690000 0.16830000 -0.85130000
vn -0.49510000 0.17150000 -0.85170000
vn -0.48060000 0.16820000 -0.86060000
vn -0.47890000 0.17100000 -0.86110000
vn -0.52660000 0.17260000 -0.83240000
vn -0.51290000 0.16890000 -0.84170000
vn -0.51050000 0.17200000 -0.84250000
vn -0.58830000 0.17120000 -0.79030000
vn -0.56200000 0.16150000 -0.81120000
vn -0.55890000 0.17030000 -0.81160000
vn -0.55670000 0.17370000 -0.81240000
vn -0.54390000 0.16980000 -0.82180000
vn -0.54170000 0.17320000 -0.82250000
vn -0.58570000 0.17470000 -0.79150000
vn -0.57370000 0.17070000 -0.80110000
vn -0.57120000 0.17430000 -0.80210000
vn -0.64480000 0.17340000 -0.74440000
vn -0.62050000 0.16240000 -0.76720000
vn -0.61690000 0.17230000 -0.76800000
vn -0.61450000 0.17630000 -0.76890000
vn -0.60270000 0.17170000 -0.77930000
vn -0.60040000 0.17560000 -0.78020000
vn -0.64230000 0.17770000 -0.74560000
vn -0.63100000 0.17270000 -0.75630000
vn -0.62830000 0.17690000 -0.75750000
vn -0.69770000 0.17560000 -0.69450000
vn -0.67550000 0.16340000 -0.71900000
vn -0.67180000 0.17470000 -0.71980000
vn -0.66940000 0.17910000 -0.72100000
vn -0.65840000 0.17400000 -0.73230000
vn -0.65590000 0.17840000 -0.73350000
vn -0.69520000 0.18040000 -0.69580000
vn -0.68490000 0.17500000 -0.70730000
vn -0.68240000 0.17980000 -0.70860000
vn -0.74650000 0.17830000 -0.64100000
vn -0.72670000 0.16450000 -0.66700000
vn -0.72260000 0.17690000 -0.66830000
vn -0.71980000 0.18200000 -0.66990000
vn -0.71020000 0.17650000 -0.68150000
vn -0.70750000 0.18130000 -0.68300000
vn -0.70630000 0.18380000 -0.68360000
vn -0.70140000 0.18090000 -0.68950000
vn -0.69380000 0.18250000 -0.69670000
vn -0.70000000 0.18310000 -0.69030000
vn -0.69910000 0.18420000 -0.69090000
vn -0.69680000 0.18280000 -0.69360000
vn -0.69290000 0.18360000 -0.69720000
vn -0.69610000 0.18390000 -0.69400000
vn -0.68880000 0.18020000 -0.70220000
vn -0.68120000 0.18210000 -0.70910000
vn -0.68740000 0.18230000 -0.70300000
vn -0.69570000 0.18440000 -0.69430000
vn -0.69460000 0.18370000 -0.69560000
vn -0.69260000 0.18420000 -0.69740000
vn -0.69430000 0.18430000 -0.69560000
vn -0.69050000 0.18270000 -0.69990000
vn -0.68670000 0.18330000 -0.70350000
vn -0.68980000 0.18350000 -0.70040000
vn -0.69390000 0.18460000 -0.69600000
vn -0.69330000 0.18430000 -0.69670000
vn -0.69240000 0.18450000 -0.69750000
vn -0.69330000 0.18450000 -0.69670000
vn -0.69130000 0.18350000 -0.69880000
vn -0.68940000 0.18400000 -0.70060000
vn -0.69110000 0.18420000 -0.69890000
vn -0.69300000 0.18470000 -0.69680000
vn -0.69280000 0.18450000 -0.69710000
vn -0.69230000 0.18460000 -0.69760000
vn -0.69270000 0.18460000 -0.69720000
vn -0.69180000 0.18410000 -0.69820000
vn -0.69080000 0.18440000 -0.69910000
vn -0.69150000 0.18440000 -0.69840000
vn -0.69260000 0.18470000 -0.69730000
vn -0.69240000 0.18460000 -0.69750000
vn -0.69240000 0.18460000 -0.69750000
vn -0.69240000 0.18480000 -0.69740000
vn -0.69200000 0.18450000 -0.69800000
vn -0.69150000 0.18460000 -0.69840000
vn -0.69180000 0.18460000 -0.69810000
vn -0.69240000 0.18470000 -0.69750000
vn -0.69240000 0.18460000 -0.69750000
vn -0.69210000 0.18470000 -0.69770000
vn -0.69220000 0.18480000 -0.69760000
vn -0.69210000 0.18460000 -0.69780000
vn -0.69180000 0.18470000 -0.69800000
vn -0.69200000 0.18470000 -0.69780000
vn -0.69230000 0.18480000 -0.69760000
vn -0.69230000 0.18490000 -0.69760000
vn -0.69220000 0.18470000 -0.69770000
vn -0.69220000 0.18470000 -0.69770000
vn -0.69220000 0.18460000 -0.69770000
vn -0.69200000 0.18470000 -0.69790000
vn -0.69210000 0.18470000 -0.69780000
vn -0.69220000 0.18500000 -0.69760000
vn -0.69220000 0.18470000 -0.69760000
vn -0.69230000 0.18470000 -0.69760000
vn -0.69220000 0.18470000 -0.69770000
vn -0.69220000 0.18470000 -0.69770000
vn -0.69230000 0.18470000 -0.69750000
vn -0.69210000 0.18470000 -0.69780000
vn -0.69210000 0.18470000 -0.69770000
vn -0.70870000 0.18590000 -0.68060000
vn -0.72510000 0.18720000 -0.66270000
vn -0.74100000 0.18840000 -0.64450000
vn -0.75640000 0.18970000 -0.62600000
vn -0.77140000 0.19100000 -0.60700000
vn -0.78580000 0.19240000 -0.58780000
vn -0.79980000 0.19370000 -0.56820000
vn -0.81330000 0.19510000 -0.54820000
vn -0.82620000 0.19650000 -0.52790000
vn -0.83870000 0.19800000 -0.50730000
vn -0.85070000 0.19940000 -0.48630000
vn -0.86220000 0.20090000 -0.46510000
vn -0.87310000 0.20240000 -0.44360000
vn -0.88340000 0.20380000 -0.42200000
vn -0.89320000 0.20530000 -0.40010000
vn -0.90250000 0.20660000 -0.37800000
vn -0.91120000 0.20800000 -0.35570000
vn -0.91940000 0.20930000 -0.33310000
vn -0.92700000 0.21070000 -0.31030000
vn -0.93410000 0.21200000 -0.28730000
vn -0.94110000 0.21330000 -0.26230000
vn -0.74380000 0.18380000 -0.64270000
vn -0.73470000 0.17750000 -0.65470000
vn -0.73200000 0.18290000 -0.65630000
vn -0.79120000 0.18110000 -0.58410000
vn -0.76940000 0.17960000 -0.61300000
vn -0.76660000 0.18530000 -0.61490000
vn -0.75810000 0.17900000 -0.62710000
vn -0.75570000 0.18440000 -0.62850000
vn -0.78830000 0.18670000 -0.58620000
vn -0.78040000 0.18030000 -0.59870000
vn -0.77760000 0.18620000 -0.60060000
vn -0.83150000 0.18380000 -0.52420000
vn -0.81190000 0.18240000 -0.55450000
vn -0.80900000 0.18880000 -0.55670000
vn -0.80170000 0.18170000 -0.56940000
vn -0.79890000 0.18790000 -0.57140000
vn -0.82860000 0.19070000 -0.52640000
vn -0.82190000 0.18320000 -0.53940000
vn -0.81890000 0.18970000 -0.54170000
vn -0.86830000 0.18710000 -0.45940000
vn -0.85060000 0.18550000 -0.49210000
vn -0.84760000 0.19250000 -0.49460000
vn -0.84120000 0.18470000 -0.50820000
vn -0.83830000 0.19150000 -0.51050000
vn -0.86540000 0.19450000 -0.46180000
vn -0.85960000 0.18630000 -0.47580000
vn -0.85670000 0.19350000 -0.47820000
vn -0.89800000 0.19000000 -0.39690000
vn -0.88370000 0.18860000 -0.42830000
vn -0.88080000 0.19620000 -0.43090000
vn -0.87620000 0.18770000 -0.44390000
vn -0.87330000 0.19530000 -0.44640000
vn -0.89540000 0.19770000 -0.39890000
vn -0.89100000 0.18930000 -0.41260000
vn -0.88820000 0.19710000 -0.41510000
vn -0.92380000 0.19280000 -0.33070000
vn -0.91150000 0.19150000 -0.36400000
vn -0.90860000 0.19960000 -0.36690000
vn -0.90490000 0.19070000 -0.38050000
vn -0.90220000 0.19890000 -0.38280000
vn -0.92110000 0.20150000 -0.33300000
vn -0.91780000 0.19220000 -0.34740000
vn -0.91510000 0.20070000 -0.34980000
vn -0.94480000 0.19550000 -0.26310000
vn -0.93500000 0.19420000 -0.29680000
vn -0.93240000 0.20330000 -0.29900000
vn -0.92960000 0.19350000 -0.31380000
vn -0.92690000 0.20240000 -0.31610000
vn -0.94220000 0.20480000 -0.26530000
vn -0.94010000 0.19490000 -0.27970000
vn -0.93740000 0.20400000 -0.28210000
vn -0.96080000 0.19770000 -0.19440000
vn -0.95330000 0.19670000 -0.22910000
vn -0.95080000 0.20620000 -0.23120000
vn -0.94920000 0.19600000 -0.24620000
vn -0.94670000 0.20540000 -0.24830000
vn -0.94950000 0.21480000 -0.22860000
vn -0.95680000 0.21630000 -0.19450000
vn -0.96100000 0.21720000 -0.17100000
vn -0.96470000 0.21810000 -0.14750000
vn -0.96790000 0.21870000 -0.12390000
vn -0.97050000 0.21930000 -0.10030000
vn -0.97260000 0.21970000 -0.07650000
vn -0.97410000 0.22000000 -0.05280000
vn -0.97500000 0.22030000 -0.02890000
vn -0.97540000 0.22030000 -0.00510000
vn -0.97540000 0.22030000 -0.00010000
vn -0.97180000 0.19950000 -0.12590000
vn -0.96690000 0.19870000 -0.16010000
vn -0.96450000 0.20870000 -0.16170000
vn -0.96400000 0.19820000 -0.17720000
vn -0.95830000 0.20750000 -0.19630000
vn -0.96160000 0.20820000 -0.17900000
vn -0.96940000 0.20970000 -0.12720000
vn -0.96950000 0.19900000 -0.14300000
vn -0.96710000 0.20910000 -0.14460000
vn -0.97800000 0.20050000 -0.05700000
vn -0.97550000 0.20010000 -0.09160000
vn -0.97320000 0.21020000 -0.09290000
vn -0.97380000 0.19980000 -0.10880000
vn -0.97150000 0.21010000 -0.10990000
vn -0.97580000 0.21090000 -0.05750000
vn -0.97690000 0.20020000 -0.07430000
vn -0.97470000 0.21060000 -0.07500000
vn -0.97960000 0.20060000 0.00830000
vn -0.97940000 0.20060000 -0.02380000
vn -0.97720000 0.21110000 -0.02410000
vn -0.97880000 0.20060000 -0.04040000
vn -0.97670000 0.21080000 -0.04070000
vn -0.97740000 0.21110000 0.00880000
vn -0.97970000 0.20060000 -0.00720000
vn -0.97750000 0.21100000 -0.00730000
vn -0.97640000 0.19990000 0.08210000
vn -0.97870000 0.20030000 0.04540000
vn -0.97640000 0.21580000 0.00910000
vn -0.97750000 0.21110000 0.00080000
vn -0.97640000 0.21590000 -0.00720000
vn -0.97640000 0.21590000 0.00080000
vn -0.97650000 0.21050000 0.04580000
vn -0.97940000 0.20050000 0.02630000
vn -0.97720000 0.21070000 0.02690000
vn -0.97590000 0.21810000 0.00100000
vn -0.97640000 0.21580000 -0.00310000
vn -0.97590000 0.21800000 -0.00740000
vn -0.97590000 0.21820000 -0.00310000
vn -0.97730000 0.21110000 -0.01560000
vn -0.97610000 0.21580000 -0.02410000
vn -0.97640000 0.21560000 -0.01560000
vn -0.97460000 0.21980000 0.04250000
vn -0.97330000 0.21950000 0.06640000
vn -0.97150000 0.21910000 0.09030000
vn -0.96910000 0.21870000 0.11400000
vn -0.96620000 0.21820000 0.13760000
vn -0.96260000 0.21760000 0.16110000
vn -0.95860000 0.21690000 0.18460000
vn -0.95400000 0.21610000 0.20790000
vn -0.94880000 0.21520000 0.23110000
vn -0.94310000 0.21410000 0.25430000
vn -0.93690000 0.21290000 0.27730000
vn -0.93010000 0.21150000 0.30020000
vn -0.92270000 0.21020000 0.32310000
vn -0.91480000 0.20870000 0.34590000
vn -0.90630000 0.20710000 0.36850000
vn -0.89720000 0.20560000 0.39090000
vn -0.88760000 0.20410000 0.41300000
vn -0.87750000 0.20260000 0.43480000
vn -0.86680000 0.20120000 0.45630000
vn -0.85560000 0.19980000 0.47750000
vn -0.84400000 0.19840000 0.49840000
vn -0.83170000 0.19710000 0.51900000
vn -0.81900000 0.19570000 0.53930000
vn -0.80580000 0.19440000 0.55930000
vn -0.79210000 0.19310000 0.57910000
vn -0.77780000 0.19180000 0.59850000
vn -0.76310000 0.19050000 0.61760000
vn -0.74770000 0.18920000 0.63650000
vn -0.73190000 0.18780000 0.65500000
vn -0.71550000 0.18650000 0.67320000
vn -0.69850000 0.18520000 0.69120000
vn -0.69190000 0.18470000 0.69800000
vn -0.97420000 0.21010000 0.08270000
vn -0.97770000 0.20010000 0.06370000
vn -0.97550000 0.21040000 0.06440000
vn -0.96830000 0.19890000 0.15140000
vn -0.97290000 0.19950000 0.11690000
vn -0.97060000 0.20970000 0.11780000
vn -0.97480000 0.19970000 0.09950000
vn -0.97250000 0.21000000 0.10040000
vn -0.96590000 0.20880000 0.15280000
vn -0.97070000 0.19920000 0.13420000
vn -0.96840000 0.20930000 0.13520000
vn -0.95550000 0.19730000 0.21920000
vn -0.96240000 0.19820000 0.18550000
vn -0.96010000 0.20810000 0.18690000
vn -0.96550000 0.19860000 0.16850000
vn -0.96320000 0.20860000 0.16980000
vn -0.95300000 0.20690000 0.22150000
vn -0.95920000 0.19770000 0.20230000
vn -0.95670000 0.20760000 0.20400000
vn -0.93810000 0.19490000 0.28640000
vn -0.94740000 0.19610000 0.25280000
vn -0.94480000 0.20560000 0.25510000
vn -0.95160000 0.19670000 0.23600000
vn -0.94910000 0.20630000 0.23800000
vn -0.93540000 0.20400000 0.28880000
vn -0.94290000 0.19540000 0.26960000
vn -0.94030000 0.20490000 0.27180000
vn -0.91550000 0.19180000 0.35360000
vn -0.92750000 0.19340000 0.32000000
vn -0.92460000 0.20220000 0.32280000
vn -0.93300000 0.19400000 0.30320000
vn -0.93020000 0.20310000 0.30570000
vn -0.91250000 0.20010000 0.35680000
vn -0.92170000 0.19260000 0.33680000
vn -0.91880000 0.20130000 0.33970000
vn -0.88750000 0.18870000 0.42040000
vn -0.90210000 0.19020000 0.38730000
vn -0.89940000 0.19800000 0.38980000
vn -0.90900000 0.19100000 0.37050000
vn -0.90610000 0.19930000 0.37310000
vn -0.88460000 0.19640000 0.42300000
vn -0.89500000 0.18950000 0.40390000
vn -0.89210000 0.19730000 0.40660000
vn -0.85490000 0.18570000 0.48450000
vn -0.87180000 0.18720000 0.45270000
vn -0.86890000 0.19460000 0.45510000
vn -0.87980000 0.18790000 0.43660000
vn -0.87700000 0.19550000 0.43890000
vn -0.85200000 0.19280000 0.48670000
vn -0.86350000 0.18640000 0.46870000
vn -0.86060000 0.19370000 0.47100000
vn -0.81760000 0.18290000 0.54590000
vn -0.83680000 0.18420000 0.51560000
vn -0.83410000 0.19070000 0.51760000
vn -0.84600000 0.18500000 0.50010000
vn -0.84320000 0.19190000 0.50220000
vn -0.81490000 0.18940000 0.54780000
vn -0.82740000 0.18360000 0.53080000
vn -0.82450000 0.19020000 0.53290000
vn -0.77590000 0.18020000 0.60460000
vn -0.79730000 0.18150000 0.57560000
vn -0.79460000 0.18780000 0.57740000
vn -0.80760000 0.18210000 0.56090000
vn -0.80490000 0.18850000 0.56260000
vn -0.77310000 0.18600000 0.60640000
vn -0.78680000 0.18090000 0.59020000
vn -0.78400000 0.18680000 0.59200000
vn -0.72780000 0.17740000 0.66240000
vn -0.75250000 0.17880000 0.63380000
vn -0.74990000 0.18400000 0.63540000
vn -0.76440000 0.17950000 0.61930000
vn -0.76170000 0.18510000 0.62100000
vn -0.72490000 0.18230000 0.66420000
vn -0.74030000 0.17810000 0.64820000
vn -0.73750000 0.18340000 0.65000000
vn -0.67950000 0.17490000 0.71260000
vn -0.70780000 0.16410000 0.68710000
vn -0.70360000 0.17610000 0.68840000
vn -0.70090000 0.18080000 0.69000000
vn -0.71590000 0.17680000 0.67550000
vn -0.71310000 0.18170000 0.67710000
vn -0.69960000 0.18300000 0.69070000
vn -0.70690000 0.18100000 0.68380000
vn -0.71150000 0.18390000 0.67810000
vn -0.70550000 0.18300000 0.68470000
vn -0.67740000 0.17910000 0.71340000
vn -0.69190000 0.17540000 0.70040000
vn -0.68940000 0.18020000 0.70160000
vn -0.62500000 0.17260000 0.76130000
vn -0.65630000 0.16310000 0.73670000
vn -0.65270000 0.17380000 0.73740000
vn -0.68790000 0.18230000 0.70250000
vn -0.69530000 0.18000000 0.69590000
vn -0.69400000 0.18260000 0.69640000
vn -0.66470000 0.18300000 0.72430000
vn -0.64680000 0.18180000 0.74070000
vn -0.62840000 0.18080000 0.75660000
vn -0.60960000 0.17970000 0.77200000
vn -0.59060000 0.17860000 0.78700000
vn -0.57120000 0.17760000 0.80140000
vn -0.55150000 0.17670000 0.81530000
vn -0.53150000 0.17580000 0.82860000
vn -0.51110000 0.17490000 0.84150000
vn -0.49050000 0.17410000 0.85390000
vn -0.46950000 0.17330000 0.86570000
vn -0.44830000 0.17260000 0.87710000
vn -0.42660000 0.17200000 0.88790000
vn -0.40470000 0.17130000 0.89830000
vn -0.38250000 0.17050000 0.90810000
vn -0.35990000 0.17010000 0.91740000
vn -0.33710000 0.16930000 0.92610000
vn -0.31440000 0.16850000 0.93420000
vn -0.29120000 0.16800000 0.94180000
vn -0.26810000 0.16750000 0.94870000
vn -0.24480000 0.16690000 0.95510000
vn -0.22130000 0.16650000 0.96090000
vn -0.19780000 0.16600000 0.96610000
vn -0.17410000 0.16570000 0.97070000
vn -0.15030000 0.16540000 0.97470000
vn -0.12640000 0.16500000 0.97820000
vn -0.10220000 0.16490000 0.98100000
vn -0.07810000 0.16480000 0.98320000
vn -0.05370000 0.16460000 0.98490000
vn -0.02930000 0.16440000 0.98600000
vn -0.00470000 0.16430000 0.98640000
vn -0.00010000 0.16430000 0.98640000
vn -0.65010000 0.17810000 0.73870000
vn -0.66610000 0.17440000 0.72520000
vn -0.66350000 0.17880000 0.72650000
vn -0.62260000 0.17670000 0.76240000
vn -0.63900000 0.17310000 0.74950000
vn -0.63640000 0.17730000 0.75070000
vn -0.56740000 0.17050000 0.80560000
vn -0.60000000 0.16210000 0.78340000
vn -0.59660000 0.17150000 0.78400000
vn -0.59420000 0.17530000 0.78500000
vn -0.61090000 0.17200000 0.77280000
vn -0.60870000 0.17600000 0.77370000
vn -0.56520000 0.17410000 0.80640000
vn -0.58210000 0.17100000 0.79490000
vn -0.57960000 0.17470000 0.79600000
vn -0.50680000 0.16860000 0.84540000
vn -0.54040000 0.16130000 0.82580000
vn -0.53740000 0.16960000 0.82610000
vn -0.53520000 0.17280000 0.82690000
vn -0.55250000 0.16980000 0.81600000
vn -0.55040000 0.17350000 0.81670000
vn -0.50480000 0.17180000 0.84600000
vn -0.52220000 0.16900000 0.83590000
vn -0.51990000 0.17230000 0.83670000
vn -0.44340000 0.16720000 0.88060000
vn -0.47790000 0.16060000 0.86360000
vn -0.47550000 0.16780000 0.86360000
vn -0.47350000 0.17080000 0.86410000
vn -0.49120000 0.16820000 0.85470000
vn -0.48930000 0.17130000 0.85510000
vn -0.44190000 0.16990000 0.88080000
vn -0.45950000 0.16740000 0.87230000
vn -0.45770000 0.17030000 0.87270000
vn -0.37760000 0.16570000 0.91100000
vn -0.41300000 0.15990000 0.89660000
vn -0.41080000 0.16640000 0.89640000
vn -0.40920000 0.16900000 0.89660000
vn -0.42720000 0.16680000 0.88860000
vn -0.42560000 0.16950000 0.88890000
vn -0.37620000 0.16820000 0.91120000
vn -0.39430000 0.16590000 0.90390000
vn -0.39260000 0.16860000 0.90410000
vn -0.30970000 0.16450000 0.93650000
vn -0.34600000 0.15930000 0.92460000
vn -0.34380000 0.16500000 0.92440000
vn -0.34210000 0.16740000 0.92460000
vn -0.36070000 0.16510000 0.91790000
vn -0.35920000 0.16780000 0.91800000
vn -0.30820000 0.16660000 0.93660000
vn -0.32670000 0.16460000 0.93070000
vn -0.32490000 0.16690000 0.93090000
vn -0.23990000 0.16320000 0.95700000
vn -0.27670000 0.15880000 0.94770000
vn -0.27490000 0.16360000 0.94750000
vn -0.27340000 0.16580000 0.94750000
vn -0.29220000 0.16350000 0.94230000
vn -0.29100000 0.16610000 0.94220000
vn -0.23890000 0.16510000 0.95690000
vn -0.25740000 0.16350000 0.95240000
vn -0.25620000 0.16540000 0.95240000
vn -0.17010000 0.16240000 0.97190000
vn -0.20650000 0.15800000 0.96560000
vn -0.20520000 0.16260000 0.96510000
vn -0.20410000 0.16460000 0.96500000
vn -0.22260000 0.16300000 0.96120000
vn -0.22130000 0.16490000 0.96120000
vn -0.16940000 0.16410000 0.97180000
vn -0.18770000 0.16240000 0.96870000
vn -0.18680000 0.16430000 0.96860000
vn -0.09750000 0.16200000 0.98200000
vn -0.13480000 0.15800000 0.97820000
vn -0.13400000 0.16220000 0.97760000
vn -0.13340000 0.16380000 0.97740000
vn -0.15210000 0.16180000 0.97500000
vn -0.15120000 0.16370000 0.97490000
vn -0.09700000 0.16350000 0.98180000
vn -0.11570000 0.16200000 0.98000000
vn -0.11520000 0.16360000 0.97980000
vn -0.02400000 0.16120000 0.98660000
vn -0.06100000 0.15790000 0.98560000
vn -0.06060000 0.16170000 0.98500000
vn -0.06020000 0.16330000 0.98470000
vn -0.07900000 0.16140000 0.98370000
vn -0.07870000 0.16310000 0.98350000
vn -0.02340000 0.16310000 0.98630000
vn -0.04200000 0.16120000 0.98600000
vn -0.04180000 0.16320000 0.98570000
vn 0.04690000 0.16170000 0.98570000
vn 0.01170000 0.15750000 0.98740000
vn 0.01180000 0.16120000 0.98690000
vn 0.01130000 0.16310000 0.98650000
vn -0.00630000 0.16130000 0.98690000
vn -0.00570000 0.16290000 0.98660000
vn 0.01120000 0.16370000 0.98640000
vn 0.00260000 0.16280000 0.98670000
vn -0.00550000 0.16370000 0.98650000
vn 0.00260000 0.16370000 0.98650000
vn 0.04650000 0.16320000 0.98550000
vn 0.02930000 0.16120000 0.98650000
vn 0.02870000 0.16310000 0.98620000
vn 0.12300000 0.16200000 0.97910000
vn 0.08560000 0.15790000 0.98370000
vn 0.08510000 0.16190000 0.98310000
vn 0.00250000 0.16400000 0.98650000
vn -0.00170000 0.16350000 0.98650000
vn -0.00540000 0.16400000 0.98640000
vn -0.00170000 0.16390000 0.98650000
vn -0.01460000 0.16290000 0.98650000
vn -0.02330000 0.16380000 0.98620000
vn -0.01430000 0.16360000 0.98640000
vn 0.01880000 0.16440000 0.98620000
vn 0.04340000 0.16450000 0.98540000
vn 0.06760000 0.16460000 0.98400000
vn 0.09190000 0.16490000 0.98200000
vn 0.11600000 0.16500000 0.97940000
vn 0.14000000 0.16530000 0.97630000
vn 0.16410000 0.16540000 0.97250000
vn 0.18770000 0.16590000 0.96810000
vn 0.21130000 0.16630000 0.96320000
vn 0.23480000 0.16670000 0.95760000
vn 0.25810000 0.16720000 0.95150000
vn 0.28130000 0.16780000 0.94480000
vn 0.30440000 0.16840000 0.93750000
vn 0.32740000 0.16900000 0.92970000
vn 0.35020000 0.16970000 0.92120000
vn 0.37290000 0.17030000 0.91210000
vn 0.39520000 0.17100000 0.90250000
vn 0.41730000 0.17170000 0.89240000
vn 0.43900000 0.17220000 0.88180000
vn 0.46040000 0.17300000 0.87070000
vn 0.48150000 0.17380000 0.85900000
vn 0.50230000 0.17450000 0.84690000
vn 0.52280000 0.17540000 0.83420000
vn 0.54290000 0.17620000 0.82110000
vn 0.56280000 0.17720000 0.80740000
vn 0.58230000 0.17820000 0.79320000
vn 0.60150000 0.17930000 0.77850000
vn 0.62040000 0.18030000 0.76330000
vn 0.63890000 0.18140000 0.74760000
vn 0.65720000 0.18250000 0.73130000
vn 0.67500000 0.18360000 0.71460000
vn 0.68380000 0.18420000 0.70600000
vn 0.68830000 0.18450000 0.70160000
vn 0.08510000 0.16340000 0.98290000
vn 0.06600000 0.16170000 0.98460000
vn 0.06560000 0.16330000 0.98440000
vn 0.12240000 0.16370000 0.97890000
vn 0.10410000 0.16190000 0.98130000
vn 0.10360000 0.16350000 0.98110000
vn 0.19550000 0.16270000 0.96710000
vn 0.16040000 0.15810000 0.97430000
vn 0.15930000 0.16180000 0.97390000
vn 0.15890000 0.16400000 0.97360000
vn 0.14130000 0.16200000 0.97660000
vn 0.14060000 0.16390000 0.97640000
vn 0.19450000 0.16440000 0.96700000
vn 0.17750000 0.16250000 0.97060000
vn 0.17670000 0.16420000 0.97050000
vn 0.26490000 0.16360000 0.95030000
vn 0.23190000 0.15850000 0.95980000
vn 0.23030000 0.16300000 0.95940000
vn 0.22910000 0.16500000 0.95930000
vn 0.21290000 0.16270000 0.96340000
vn 0.21190000 0.16440000 0.96340000
vn 0.26330000 0.16560000 0.95040000
vn 0.24760000 0.16330000 0.95500000
vn 0.24650000 0.16530000 0.95490000
vn 0.33390000 0.16460000 0.92810000
vn 0.30170000 0.15890000 0.94010000
vn 0.29970000 0.16430000 0.93980000
vn 0.29820000 0.16630000 0.93990000
vn 0.28230000 0.16390000 0.94520000
vn 0.28090000 0.16600000 0.94530000
vn 0.33240000 0.16710000 0.92820000
vn 0.31690000 0.16430000 0.93410000
vn 0.31530000 0.16670000 0.93420000
vn 0.40410000 0.16630000 0.89950000
vn 0.37150000 0.15950000 0.91460000
vn 0.36940000 0.16550000 0.91440000
vn 0.36800000 0.16800000 0.91450000
vn 0.35180000 0.16510000 0.92140000
vn 0.35040000 0.16740000 0.92150000
vn 0.40250000 0.16890000 0.89970000
vn 0.38670000 0.16560000 0.90720000
vn 0.38520000 0.16840000 0.90730000
vn 0.46430000 0.16770000 0.86970000
vn 0.43680000 0.15990000 0.88520000
vn 0.43440000 0.16690000 0.88510000
vn 0.43310000 0.16960000 0.88520000
vn 0.41930000 0.16660000 0.89240000
vn 0.41790000 0.16900000 0.89270000
vn 0.46280000 0.17020000 0.87000000
vn 0.44940000 0.16730000 0.87750000
vn 0.44760000 0.17000000 0.87790000
vn 0.52870000 0.16940000 0.83170000
vn 0.49950000 0.16080000 0.85130000
vn 0.49680000 0.16830000 0.85140000
vn 0.49510000 0.17150000 0.85180000
vn 0.48070000 0.16790000 0.86070000
vn 0.47880000 0.17100000 0.86110000
vn 0.52660000 0.17260000 0.83240000
vn 0.51280000 0.16880000 0.84170000
vn 0.51060000 0.17200000 0.84240000
vn 0.58830000 0.17120000 0.79030000
vn 0.56200000 0.16150000 0.81120000
vn 0.55890000 0.17020000 0.81160000
vn 0.55680000 0.17370000 0.81230000
vn 0.54390000 0.16980000 0.82180000
vn 0.54180000 0.17310000 0.82250000
vn 0.58560000 0.17480000 0.79160000
vn 0.57370000 0.17070000 0.80110000
vn 0.57110000 0.17440000 0.80220000
vn 0.62050000 0.16240000 0.76720000
vn 0.61690000 0.17230000 0.76800000
vn 0.61450000 0.17630000 0.76900000
vn 0.60270000 0.17170000 0.77930000
vn 0.60030000 0.17560000 0.78020000
vn 0.64210000 0.17740000 0.74580000
vn 0.63100000 0.17290000 0.75630000
vn 0.62830000 0.17700000 0.75760000
vn 0.65840000 0.17410000 0.73230000
vn 0.65620000 0.17810000 0.73330000
vn 0.67600000 0.17940000 0.71480000
vn 0.66780000 0.18120000 0.72190000
vn 0.67470000 0.18150000 0.71540000
vn 0.68700000 0.18320000 0.70320000
vn 0.68440000 0.18230000 0.70600000
vn 0.68030000 0.18270000 0.70980000
vn 0.68380000 0.18310000 0.70630000
vn 0.69280000 0.18370000 0.69740000
vn 0.69100000 0.18240000 0.69950000
vn 0.69060000 0.18350000 0.69960000
vn 0.46760000 0.14370000 0.87220000
vn 0.40700000 0.14500000 0.90180000
vn 0.43760000 0.14420000 0.88750000
vn 0.26670000 0.14730000 0.95240000
vn 0.19690000 0.14820000 0.96920000
vn 0.23200000 0.14770000 0.96140000
vn 0.04740000 0.14910000 0.98770000
vn -0.02400000 0.14920000 0.98850000
vn 0.01200000 0.14900000 0.98880000
vn -0.17130000 0.14840000 0.97400000
vn -0.24150000 0.14770000 0.95910000
vn -0.20660000 0.14780000 0.96720000
vn -0.68540000 0.13700000 0.71520000
vn -0.71030000 0.13590000 0.69060000
vn -0.46760000 0.14370000 -0.87220000
vn -0.40710000 0.14490000 -0.90180000
vn -0.43760000 0.14420000 -0.88750000
vn -0.26680000 0.14730000 -0.95240000
vn -0.19680000 0.14820000 -0.96920000
vn -0.23200000 0.14780000 -0.96140000
vn -0.04730000 0.14910000 -0.98770000
vn 0.02380000 0.14910000 -0.98850000
vn -0.01180000 0.14860000 -0.98880000
vn 0.17130000 0.14840000 -0.97400000
vn 0.24150000 0.14770000 -0.95910000
vn 0.20650000 0.14770000 -0.96720000
vn 0.38330000 0.14520000 -0.91210000
vn 0.44660000 0.14400000 -0.88310000
vn 0.41530000 0.14460000 -0.89810000
vn 0.68550000 0.13700000 -0.71510000
vn 0.70890000 0.13590000 -0.69210000
vt 0.20640800 0.18153000
vt 0.17692100 0.18153000
vt 0.14743400 0.18153000
vt 0.11794700 0.18153000
vt 0.08846100 0.18153000
vt 0.23589500 0.21125200
vt 0.20640800 0.21125200
vt 0.17692100 0.21125200
vt 0.14743400 0.21125200
vt 0.11794700 0.21125200
vt 0.08846100 0.21125200
vt 0.05897400 0.21125200
vt 0.26538200 0.24097400
vt 0.23589500 0.24097400
vt 0.20640800 0.24097400
vt 0.17692100 0.24097400
vt 0.14743400 0.24097400
vt 0.11794700 0.24097400
vt 0.08846100 0.24097400
vt 0.05897400 0.24097400
vt 0.02948700 0.24097400
vt 0.26538200 0.27069600
vt 0.23589500 0.27069600
vt 0.20640800 0.27069600
vt 0.17692100 0.27069600
vt 0.14743400 0.27069600
vt 0.11794700 0.27069600
vt 0.08846100 0.27069600
vt 0.05897400 0.27069600
vt 0.02948700 0.27069600
vt 0.26538200 0.30041800
vt 0.23589500 0.30041800
vt 0.20640800 0.30041800
vt 0.17692100 0.30041800
vt 0.14743400 0.30041800
vt 0.11794700 0.30041800
vt 0.08846100 0.30041800
vt 0.05897400 0.30041800
vt 0.02948700 0.30041800
vt 0.26538200 0.33014000
vt 0.23589500 0.33014000
vt 0.20640800 0.33014000
vt 0.17692100 0.33014000
vt 0.14743400 0.33014000
vt 0.11794700 0.33014000
vt 0.08846100 0.33014000
vt 0.05897400 0.33014000
vt 0.02948700 0.33014000
vt 0.26538200 0.35986200
vt 0.23589500 0.35986200
vt 0.20640800 0.35986200
vt 0.17692100 0.35986200
vt 0.14743400 0.35986200
vt 0.11794700 0.35986200
vt 0.08846100 0.35986200
vt 0.05897400 0.35986200
vt 0.02948700 0.35986200
vt 0.23589500 0.38958400
vt 0.20640800 0.38958400
vt 0.17692100 0.38958400
vt 0.14743400 0.38958400
vt 0.11794700 0.38958400
vt 0.08846100 0.38958400
vt 0.05897400 0.38958400
vt 0.20640800 0.41930600
vt 0.17692100 0.41930600
vt 0.14743400 0.41930600
vt 0.11794700 0.41930600
vt 0.08846100 0.41930600
vt 0.24924000 0.19690600
vt 0.25646700 0.20466500
vt 0.25986100 0.20874100
vt 0.26310400 0.21294000
vt 0.26619200 0.21725600
vt 0.26912100 0.22168200
vt 0.27197100 0.22635400
vt 0.27464500 0.23113100
vt 0.27699400 0.23570800
vt 0.27918100 0.24036500
vt 0.28126400 0.24525000
vt 0.28316600 0.25020900
vt 0.28488500 0.25523600
vt 0.28642000 0.26032100
vt 0.28777200 0.26546100
vt 0.28893800 0.27064600
vt 0.28991700 0.27586900
vt 0.29070700 0.28112400
vt 0.29130800 0.28640600
vt 0.29171800 0.29170300
vt 0.29193700 0.29701500
vt 0.29196200 0.30233000
vt 0.29179700 0.30764100
vt 0.29144200 0.31294400
vt 0.29089600 0.31823100
vt 0.29015900 0.32349400
vt 0.28923400 0.32872800
vt 0.28812000 0.33392400
vt 0.28682000 0.33907600
vt 0.28533900 0.34418000
vt 0.28367100 0.34922300
vt 0.28181800 0.35420100
vt 0.27987300 0.35890300
vt 0.27776400 0.36353400
vt 0.27529100 0.36848300
vt 0.27263300 0.37333400
vt 0.26991300 0.37789300
vt 0.26703000 0.38234900
vt 0.26398800 0.38669600
vt 0.26079100 0.39092900
vt 0.25731400 0.39518800
vt 0.25367600 0.39931000
vt 0.24650800 0.40658800
vt 0.23854900 0.41359000
vt 0.23010100 0.41998500
vt 0.22121300 0.42574200
vt 0.21193100 0.43083500
vt 0.20273600 0.43505300
vt 0.19237700 0.43890300
vt 0.18221200 0.44183600
vt 0.17207900 0.44398000
vt 0.16137700 0.44543600
vt 0.15082200 0.44607600
vt 0.14064700 0.44595500
vt 0.12960300 0.44500100
vt 0.11908300 0.44328400
vt 0.10897800 0.44086800
vt 0.09889300 0.43766900
vt 0.08866700 0.43355300
vt 0.07985400 0.42923700
vt 0.07041300 0.42374700
vt 0.06167600 0.41775800
vt 0.05339900 0.41114100
vt 0.04562900 0.40393200
vt 0.03840500 0.39616800
vt 0.03501000 0.39209400
vt 0.03176500 0.38789600
vt 0.02867500 0.38358200
vt 0.02574500 0.37915900
vt 0.02289400 0.37448500
vt 0.02022000 0.36970700
vt 0.01787400 0.36513000
vt 0.01569100 0.36047200
vt 0.01361000 0.35558600
vt 0.01170700 0.35062700
vt 0.00998600 0.34560100
vt 0.00844800 0.34051500
vt 0.00709500 0.33537700
vt 0.00592900 0.33019200
vt 0.00495100 0.32496800
vt 0.00416100 0.31971300
vt 0.00356200 0.31443300
vt 0.00315200 0.30913300
vt 0.00293900 0.30404400
vt 0.00290100 0.29895100
vt 0.00305900 0.29341500
vt 0.00342600 0.28789300
vt 0.00397400 0.28260500
vt 0.00471100 0.27734200
vt 0.00563800 0.27210900
vt 0.00675100 0.26691300
vt 0.00805000 0.26176000
vt 0.00953400 0.25665900
vt 0.01120200 0.25161500
vt 0.01305200 0.24663600
vt 0.01508500 0.24172900
vt 0.01729600 0.23690100
vt 0.01968000 0.23215700
vt 0.02223400 0.22750300
vt 0.02495500 0.22294400
vt 0.02783900 0.21848700
vt 0.03088200 0.21414100
vt 0.03408100 0.20990900
vt 0.03755800 0.20565000
vt 0.04119500 0.20152800
vt 0.04836100 0.19424700
vt 0.05632000 0.18724500
vt 0.06476600 0.18085300
vt 0.07365700 0.17509500
vt 0.08294000 0.17000200
vt 0.09256800 0.16560400
vt 0.10249300 0.16193100
vt 0.11265800 0.15899900
vt 0.12279100 0.15685600
vt 0.13335100 0.15541500
vt 0.14404800 0.15476100
vt 0.15422300 0.15488200
vt 0.16526700 0.15583500
vt 0.17578700 0.15755300
vt 0.18589000 0.15996800
vt 0.19597600 0.16316700
vt 0.20620200 0.16728300
vt 0.21501600 0.17159900
vt 0.22445700 0.17709000
vt 0.23319300 0.18307900
vt 0.24147100 0.18969400
vt 0.25063800 0.21125200
vt 0.25063800 0.24097400
vt 0.23589500 0.22611300
vt 0.26538200 0.22611300
vt 0.25063800 0.22611300
vt 0.28012500 0.27069600
vt 0.26538200 0.25583500
vt 0.28012500 0.25583500
vt 0.28012500 0.30041800
vt 0.26538200 0.28555700
vt 0.28012500 0.28555700
vt 0.28012500 0.33014000
vt 0.26538200 0.31527900
vt 0.28012500 0.31527900
vt 0.26538200 0.34500100
vt 0.28012500 0.34500100
vt 0.26538200 0.37472300
vt 0.25063800 0.38958400
vt 0.23589500 0.37472300
vt 0.25063800 0.35986200
vt 0.25063800 0.37472300
vt 0.10320400 0.41930600
vt 0.11794700 0.43416700
vt 0.10320400 0.43416700
vt 0.04423000 0.38958400
vt 0.02948700 0.37472300
vt 0.04423000 0.35986200
vt 0.05897400 0.37472300
vt 0.04423000 0.37472300
vt 0.01474300 0.33014000
vt 0.02948700 0.34500100
vt 0.01474300 0.34500100
vt 0.01474300 0.30041800
vt 0.02948700 0.31527900
vt 0.01474300 0.31527900
vt 0.01474300 0.27069600
vt 0.02948700 0.28555700
vt 0.01474300 0.28555700
vt 0.02948700 0.25583500
vt 0.01474300 0.25583500
vt 0.02948700 0.22611300
vt 0.04423000 0.24097400
vt 0.04423000 0.21125200
vt 0.05897400 0.22611300
vt 0.04423000 0.22611300
vt 0.19166500 0.18153000
vt 0.17692100 0.16666900
vt 0.19166500 0.16666900
vt 0.51717400 0.04445300
vt 0.47300600 0.04445300
vt 0.42883800 0.04445300
vt 0.38467000 0.04445300
vt 0.56134200 0.08890600
vt 0.51717400 0.08890600
vt 0.47300600 0.08890600
vt 0.42883800 0.08890600
vt 0.38467000 0.08890600
vt 0.34050100 0.08890600
vt 0.56134200 0.13335900
vt 0.51717400 0.13335900
vt 0.47300600 0.13335900
vt 0.42883800 0.13335900
vt 0.38467000 0.13335900
vt 0.34050100 0.13335900
vt 0.56134200 0.17781300
vt 0.51717400 0.17781300
vt 0.47300600 0.17781300
vt 0.42883800 0.17781300
vt 0.38467000 0.17781300
vt 0.34050100 0.17781300
vt 0.56134200 0.22226600
vt 0.51717400 0.22226600
vt 0.47300600 0.22226600
vt 0.42883800 0.22226600
vt 0.38467000 0.22226600
vt 0.34050100 0.22226600
vt 0.51717400 0.26671900
vt 0.47300600 0.26671900
vt 0.42883800 0.26671900
vt 0.38467000 0.26671900
vt 0.45092200 0.31117200
vt 0.44164300 0.31089400
vt 0.43239700 0.31005200
vt 0.42321900 0.30865300
vt 0.41414000 0.30670600
vt 0.40519300 0.30421600
vt 0.39641100 0.30119100
vt 0.38782800 0.29763900
vt 0.37947200 0.29357400
vt 0.37137300 0.28901400
vt 0.36356000 0.28397500
vt 0.35606100 0.27847600
vt 0.34890500 0.27253400
vt 0.34212200 0.26616500
vt 0.42883800 0.28894600
vt 0.45092200 0.26671900
vt 0.47300600 0.28894600
vt 0.45092200 0.28894600
vt 0.40675400 0.26671900
vt 0.40675400 0.28894600
vt 0.36258600 0.26671900
vt 0.34050100 0.24449200
vt 0.36258600 0.22226600
vt 0.38467000 0.24449200
vt 0.36258600 0.24449200
vt 0.45092200 0.00000000
vt 0.46020100 0.00027800
vt 0.46944600 0.00112000
vt 0.47862500 0.00251900
vt 0.48770400 0.00446600
vt 0.49665100 0.00695600
vt 0.50543200 0.00998100
vt 0.51401600 0.01353300
vt 0.52237200 0.01759800
vt 0.53047000 0.02215800
vt 0.53828300 0.02719700
vt 0.54578200 0.03269600
vt 0.55972200 0.04500700
vt 0.45092200 0.04445300
vt 0.42883800 0.02222700
vt 0.47300600 0.02222700
vt 0.45092200 0.02222700
vt 0.49509000 0.04445300
vt 0.49509000 0.02222700
vt 0.53925800 0.04445300
vt 0.29633300 0.15558800
vt 0.29661600 0.14613500
vt 0.29747100 0.13671700
vt 0.29889100 0.12736900
vt 0.30087000 0.11812300
vt 0.30340100 0.10901500
vt 0.30647700 0.10007900
vt 0.31009100 0.09134900
vt 0.31422700 0.08285600
vt 0.31886800 0.07463100
vt 0.32399600 0.06670400
vt 0.32959300 0.05910400
vt 0.33564100 0.05186200
vt 0.34212200 0.04500700
vt 0.31841700 0.17781300
vt 0.31841700 0.13335900
vt 0.34050100 0.15558600
vt 0.31841700 0.15558600
vt 0.31841700 0.08890600
vt 0.34050100 0.11113300
vt 0.31841700 0.11113300
vt 0.34050100 0.06668000
vt 0.36258600 0.08890600
vt 0.36258600 0.04445300
vt 0.38467000 0.06668000
vt 0.36258600 0.06668000
vt 0.33598500 0.25969100
vt 0.33023000 0.25287100
vt 0.32487600 0.24573000
vt 0.31993800 0.23829100
vt 0.31543600 0.23057900
vt 0.31138200 0.22261800
vt 0.30779100 0.21443700
vt 0.30203800 0.19752000
vt 0.31841700 0.22226600
vt 0.34050100 0.20003900
vt 0.31841700 0.20003900
vt 0.60551000 0.15558800
vt 0.60528100 0.16407400
vt 0.60459300 0.17253600
vt 0.60344900 0.18094700
vt 0.59980600 0.19752000
vt 0.58342600 0.17781300
vt 0.56134200 0.15558600
vt 0.58342600 0.13335900
vt 0.58342600 0.15558600
vt 0.58342600 0.22226600
vt 0.56134200 0.20003900
vt 0.58342600 0.20003900
vt 0.59717600 0.20606300
vt 0.59405600 0.21443800
vt 0.59046100 0.22261800
vt 0.58640500 0.23057600
vt 0.58190200 0.23828800
vt 0.57696800 0.24572900
vt 0.57161700 0.25287200
vt 0.56586300 0.25969300
vt 0.55972200 0.26616500
vt 0.56134200 0.24449200
vt 0.53925800 0.26671900
vt 0.51717400 0.24449200
vt 0.53925800 0.22226600
vt 0.53925800 0.24449200
vt 0.55293700 0.27253300
vt 0.54590100 0.27838200
vt 0.53828300 0.28397500
vt 0.53047000 0.28901500
vt 0.52237200 0.29357600
vt 0.51401600 0.29764000
vt 0.50543200 0.30119100
vt 0.49665000 0.30421500
vt 0.48770300 0.30670500
vt 0.47862400 0.30865400
vt 0.46944600 0.31005300
vt 0.46020100 0.31089500
vt 0.49509000 0.26671900
vt 0.49509000 0.28894600
vt 0.29999200 0.18928300
vt 0.29839500 0.18094700
vt 0.29725100 0.17253600
vt 0.29656300 0.16407400
vt 0.34890500 0.03863900
vt 0.35606100 0.03269600
vt 0.36356000 0.02719700
vt 0.37137300 0.02215800
vt 0.37947200 0.01759800
vt 0.38782800 0.01353300
vt 0.39641200 0.00998100
vt 0.40519300 0.00695600
vt 0.41414000 0.00446600
vt 0.42321900 0.00251900
vt 0.43239800 0.00112000
vt 0.44164300 0.00027800
vt 0.40675400 0.04445300
vt 0.40675400 0.02222700
vt 0.56620200 0.05186100
vt 0.57225000 0.05910400
vt 0.57784700 0.06670400
vt 0.58297600 0.07463200
vt 0.58761700 0.08285700
vt 0.59175300 0.09134900
vt 0.59536700 0.10007900
vt 0.59844300 0.10901500
vt 0.60097400 0.11812300
vt 0.60295200 0.12736900
vt 0.60437300 0.13671800
vt 0.60522700 0.14613600
vt 0.53925800 0.08890600
vt 0.51717400 0.06668000
vt 0.56134200 0.06668000
vt 0.53925800 0.06668000
vt 0.58342600 0.08890600
vt 0.56134200 0.11113300
vt 0.58342600 0.11113300
vt 0.00000000 0.09540600
vt 0.00000000 0.10199400
vt 0.00955100 0.09712000
vt 0.00955100 0.09875300
vt 0.00955100 0.10037300
vt 0.00955100 0.10199400
vt 0.01910100 0.09712000
vt 0.01910100 0.09875300
vt 0.01910100 0.10037300
vt 0.01910100 0.10199400
vt 0.02865200 0.09712000
vt 0.02865200 0.09875300
vt 0.02865200 0.10037300
vt 0.02865200 0.10199400
vt 0.03820300 0.09712000
vt 0.03820300 0.09875300
vt 0.03820300 0.10037300
vt 0.03820300 0.10199400
vt 0.04775400 0.09712000
vt 0.04775400 0.09875300
vt 0.04775400 0.10037300
vt 0.04775400 0.10199400
vt 0.05730400 0.09712000
vt 0.05730400 0.09875300
vt 0.05730400 0.10037300
vt 0.05730400 0.10199400
vt 0.06685600 0.09712000
vt 0.06685600 0.09875300
vt 0.06685600 0.10037300
vt 0.06685600 0.10199400
vt 0.07640700 0.09712000
vt 0.07640700 0.09875300
vt 0.07640700 0.10037300
vt 0.07640700 0.10199400
vt 0.08595800 0.09712000
vt 0.08595800 0.09875300
vt 0.08595800 0.10037300
vt 0.08595800 0.10199400
vt 0.09550900 0.09712000
vt 0.09550900 0.09875300
vt 0.09550900 0.10037300
vt 0.09550900 0.10199400
vt 0.10506000 0.09712000
vt 0.10506000 0.09875300
vt 0.10506000 0.10037300
vt 0.10506000 0.10199400
vt 0.11461200 0.09712000
vt 0.11461200 0.09875300
vt 0.11461200 0.10037300
vt 0.12416300 0.09540600
vt 0.12416300 0.10199400
vt 0.00000000 0.10034700
vt 0.00000000 0.09870000
vt 0.00000000 0.09705300
vt 0.00955100 0.10118400
vt 0.00477500 0.10037300
vt 0.00477500 0.10118400
vt 0.00955100 0.09956300
vt 0.00477500 0.09875300
vt 0.00477500 0.09956300
vt 0.00955100 0.09793600
vt 0.00477500 0.09712000
vt 0.00477500 0.09793600
vt 0.00955100 0.09626300
vt 0.00477500 0.09626300
vt 0.12416300 0.09705300
vt 0.12416300 0.09870000
vt 0.12416300 0.10034700
vt 0.11938700 0.09712000
vt 0.11461200 0.09626300
vt 0.11938700 0.09626300
vt 0.11938700 0.09875300
vt 0.11461200 0.09793600
vt 0.11938700 0.09793600
vt 0.11938700 0.10037300
vt 0.11461200 0.09956300
vt 0.11938700 0.09956300
vt 0.11461200 0.10118400
vt 0.11938700 0.10118400
vt 0.00306900 0.09540600
vt 0.00697500 0.09540600
vt 0.01088200 0.09540600
vt 0.01478700 0.09540600
vt 0.01869300 0.09540600
vt 0.02259900 0.09540600
vt 0.02650500 0.09540600
vt 0.03041200 0.09540600
vt 0.03431800 0.09540600
vt 0.03822400 0.09540600
vt 0.04213000 0.09540600
vt 0.04603600 0.09540600
vt 0.04994300 0.09540600
vt 0.05384900 0.09540600
vt 0.05775400 0.09540600
vt 0.06166000 0.09540600
vt 0.06556700 0.09540600
vt 0.06947400 0.09540600
vt 0.07338100 0.09540600
vt 0.07728800 0.09540600
vt 0.08119300 0.09540600
vt 0.08509900 0.09540600
vt 0.08900500 0.09540600
vt 0.09291100 0.09540600
vt 0.09681700 0.09540600
vt 0.10072400 0.09540600
vt 0.10463100 0.09540600
vt 0.10853700 0.09540600
vt 0.11244300 0.09540600
vt 0.11635000 0.09540600
vt 0.12025600 0.09540600
vt 0.12220900 0.09540600
vt 0.12318500 0.09540600
vt 0.12177500 0.09626300
vt 0.11938700 0.09583500
vt 0.12177500 0.09583500
vt 0.62042400 0.00000000
vt 0.61369900 0.00000000
vt 0.61867100 0.00968200
vt 0.61700600 0.00968200
vt 0.61535300 0.00968200
vt 0.61369900 0.00968200
vt 0.61867100 0.01936400
vt 0.61700600 0.01936400
vt 0.61535300 0.01936400
vt 0.61369900 0.01936400
vt 0.61867100 0.02904400
vt 0.61700600 0.02904400
vt 0.61535300 0.02904400
vt 0.61369900 0.02904400
vt 0.61867100 0.03872500
vt 0.61700600 0.03872500
vt 0.61535300 0.03872500
vt 0.61369900 0.03872500
vt 0.61867100 0.04840500
vt 0.61700600 0.04840500
vt 0.61535300 0.04840500
vt 0.61369900 0.04840500
vt 0.61867100 0.05808600
vt 0.61700600 0.05808600
vt 0.61535300 0.05808600
vt 0.61369900 0.05808600
vt 0.61867100 0.06776600
vt 0.61700600 0.06776600
vt 0.61535300 0.06776600
vt 0.61369900 0.06776600
vt 0.61867100 0.07744600
vt 0.61700600 0.07744600
vt 0.61535300 0.07744600
vt 0.61369900 0.07744600
vt 0.61867100 0.08712500
vt 0.61700600 0.08712500
vt 0.61535300 0.08712500
vt 0.61369900 0.08712500
vt 0.61867100 0.09680300
vt 0.61700600 0.09680300
vt 0.61535300 0.09680300
vt 0.61369900 0.09680300
vt 0.61867100 0.10648200
vt 0.61700600 0.10648200
vt 0.61535300 0.10648200
vt 0.61369900 0.10648200
vt 0.61867100 0.11616000
vt 0.61700600 0.11616000
vt 0.61535300 0.11616000
vt 0.61369900 0.11616000
vt 0.62042400 0.12583900
vt 0.61369900 0.12583900
vt 0.61874300 0.12583900
vt 0.61706200 0.12583900
vt 0.61538100 0.12583900
vt 0.61867100 0.12100000
vt 0.61954800 0.11616000
vt 0.61954800 0.12100000
vt 0.61700600 0.12100000
vt 0.61783900 0.11616000
vt 0.61783900 0.12100000
vt 0.61535300 0.12100000
vt 0.61617900 0.11616000
vt 0.61617900 0.12100000
vt 0.61452600 0.11616000
vt 0.61452600 0.12100000
vt 0.61538100 0.00000000
vt 0.61706200 0.00000000
vt 0.61874300 0.00000000
vt 0.61452600 0.00968200
vt 0.61535300 0.00484100
vt 0.61452600 0.00484100
vt 0.61617900 0.00968200
vt 0.61700600 0.00484100
vt 0.61617900 0.00484100
vt 0.61783900 0.00968200
vt 0.61867100 0.00484100
vt 0.61783900 0.00484100
vt 0.61954800 0.00968200
vt 0.61954800 0.00484100
vt 0.62042400 0.00697900
vt 0.62042400 0.01088500
vt 0.62042400 0.01479200
vt 0.62042400 0.01869900
vt 0.62042400 0.02260600
vt 0.62042400 0.02651200
vt 0.62042400 0.03041900
vt 0.62042400 0.03432500
vt 0.62042400 0.03823100
vt 0.62042400 0.04213700
vt 0.62042400 0.04604400
vt 0.62042400 0.04995100
vt 0.62042400 0.05385700
vt 0.62042400 0.05776400
vt 0.62042400 0.06167100
vt 0.62042400 0.06557800
vt 0.62042400 0.06948300
vt 0.62042400 0.07338900
vt 0.62042400 0.07729600
vt 0.62042400 0.08120300
vt 0.62042400 0.08510800
vt 0.62042400 0.08901300
vt 0.62042400 0.09291800
vt 0.62042400 0.09682400
vt 0.62042400 0.10073000
vt 0.62042400 0.10463600
vt 0.62042400 0.10854200
vt 0.62042400 0.11244700
vt 0.62042400 0.11635300
vt 0.62042400 0.12025900
vt 0.62042400 0.12416500
vt 0.00000000 0.13300700
vt 0.00000000 0.13959500
vt 0.00955100 0.13472100
vt 0.00955100 0.13635400
vt 0.00955100 0.13797400
vt 0.00955100 0.13959500
vt 0.01910100 0.13472100
vt 0.01910100 0.13635400
vt 0.01910100 0.13797400
vt 0.01910100 0.13959500
vt 0.02865200 0.13472100
vt 0.02865200 0.13635400
vt 0.02865200 0.13797400
vt 0.02865200 0.13959500
vt 0.03820300 0.13472100
vt 0.03820300 0.13635400
vt 0.03820300 0.13797400
vt 0.03820300 0.13959500
vt 0.04775400 0.13472100
vt 0.04775400 0.13635400
vt 0.04775400 0.13797400
vt 0.04775400 0.13959500
vt 0.05730400 0.13472100
vt 0.05730400 0.13635400
vt 0.05730400 0.13797400
vt 0.05730400 0.13959500
vt 0.06685600 0.13472100
vt 0.06685600 0.13635400
vt 0.06685600 0.13797400
vt 0.06685600 0.13959500
vt 0.07640700 0.13472100
vt 0.07640700 0.13635400
vt 0.07640700 0.13797400
vt 0.07640700 0.13959500
vt 0.08595800 0.13472100
vt 0.08595800 0.13635400
vt 0.08595800 0.13797400
vt 0.08595800 0.13959500
vt 0.09550900 0.13472100
vt 0.09550900 0.13635400
vt 0.09550900 0.13797400
vt 0.09550900 0.13959500
vt 0.10506000 0.13472100
vt 0.10506000 0.13635400
vt 0.10506000 0.13797400
vt 0.10506000 0.13959500
vt 0.11461200 0.13472100
vt 0.11461200 0.13635400
vt 0.11461200 0.13797400
vt 0.11461200 0.13959500
vt 0.12416300 0.13300700
vt 0.12416300 0.13300700
vt 0.12416300 0.13300700
vt 0.12416300 0.13959500
vt 0.12416300 0.13465400
vt 0.12416300 0.13630100
vt 0.12416300 0.13794800
vt 0.11938700 0.13472100
vt 0.11461200 0.13386400
vt 0.11938700 0.13386400
vt 0.11938700 0.13635400
vt 0.11461200 0.13553700
vt 0.11938700 0.13553700
vt 0.11938700 0.13797400
vt 0.11461200 0.13716400
vt 0.11938700 0.13716400
vt 0.11461200 0.13878500
vt 0.11938700 0.13878500
vt 0.00000000 0.13794800
vt 0.00000000 0.13630100
vt 0.00000000 0.13465400
vt 0.00955100 0.13878500
vt 0.00477500 0.13797400
vt 0.00477500 0.13878500
vt 0.00955100 0.13716400
vt 0.00477500 0.13635400
vt 0.00477500 0.13716400
vt 0.00955100 0.13553700
vt 0.00477500 0.13472100
vt 0.00477500 0.13553700
vt 0.00955100 0.13386400
vt 0.00477500 0.13386400
vt 0.00697300 0.13300700
vt 0.01088100 0.13300700
vt 0.01478800 0.13300700
vt 0.01869300 0.13300700
vt 0.02259900 0.13300700
vt 0.02650500 0.13300700
vt 0.03041200 0.13300700
vt 0.03431800 0.13300700
vt 0.03822400 0.13300700
vt 0.04212900 0.13300700
vt 0.04603500 0.13300700
vt 0.04994100 0.13300700
vt 0.05384800 0.13300700
vt 0.05775400 0.13300700
vt 0.06166000 0.13300700
vt 0.06556700 0.13300700
vt 0.06947400 0.13300700
vt 0.07338100 0.13300700
vt 0.07728800 0.13300700
vt 0.08119300 0.13300700
vt 0.08509900 0.13300700
vt 0.08900400 0.13300700
vt 0.09291000 0.13300700
vt 0.09681700 0.13300700
vt 0.10072400 0.13300700
vt 0.10463100 0.13300700
vt 0.10853700 0.13300700
vt 0.11244200 0.13300700
vt 0.11635000 0.13300700
vt 0.12025600 0.13300700
vt 0.12416200 0.13300700
vt 0.12177500 0.13386400
vt 0.11938700 0.13343600
vt 0.12177500 0.13343600
vt 0.12296900 0.13343600
vt 0.12177500 0.13322200
vt 0.12296900 0.13322200
vt 0.12356600 0.13322200
vt 0.12296900 0.13311400
vt 0.12356600 0.13311400
vt 0.12386400 0.13311400
vt 0.12356600 0.13306100
vt 0.12386400 0.13306100
vt 0.12401300 0.13306100
vt 0.12386400 0.13303400
vt 0.12401300 0.13303400
vt 0.12408800 0.13303400
vt 0.12401300 0.13302100
vt 0.12408800 0.13302100
vt 0.12412500 0.13302100
vt 0.12408800 0.13301400
vt 0.12412500 0.13301400
vt 0.12414400 0.13301400
vt 0.12412500 0.13301100
vt 0.12414400 0.13301100
vt 0.12415300 0.13301100
vt 0.12414400 0.13300900
vt 0.12414400 0.13300900
vt 0.12415300 0.13300900
vt 0.12415300 0.13300900
vt 0.12415800 0.13300900
vt 0.12415800 0.13300900
vt 0.12415300 0.13300800
vt 0.12415300 0.13300800
vt 0.12415800 0.13300800
vt 0.12415800 0.13300800
vt 0.12415800 0.13300800
vt 0.12415800 0.13300800
vt 0.00000000 0.03838100
vt 0.00000000 0.04507800
vt 0.00915300 0.04012600
vt 0.00915300 0.04178400
vt 0.00915300 0.04343100
vt 0.00915300 0.04507800
vt 0.01830700 0.04012600
vt 0.01830700 0.04178400
vt 0.01830700 0.04343100
vt 0.01830700 0.04507800
vt 0.02746100 0.04012600
vt 0.02746100 0.04178400
vt 0.02746100 0.04343100
vt 0.02746100 0.04507800
vt 0.03661500 0.04012600
vt 0.03661500 0.04178400
vt 0.03661500 0.04343100
vt 0.03661500 0.04507800
vt 0.04576900 0.04012600
vt 0.04576900 0.04178400
vt 0.04576900 0.04343100
vt 0.04576900 0.04507800
vt 0.05492300 0.04012600
vt 0.05492300 0.04178400
vt 0.05492300 0.04343100
vt 0.05492300 0.04507800
vt 0.06407800 0.04012600
vt 0.06407800 0.04178400
vt 0.06407800 0.04343100
vt 0.06407800 0.04507800
vt 0.07323300 0.04012600
vt 0.07323300 0.04178400
vt 0.07323300 0.04343100
vt 0.08238800 0.03838100
vt 0.08238800 0.04507800
vt 0.00000000 0.04340400
vt 0.00000000 0.04172900
vt 0.00000000 0.04005500
vt 0.00915300 0.04425500
vt 0.00457700 0.04343100
vt 0.00457700 0.04425500
vt 0.00915300 0.04260800
vt 0.00457700 0.04178400
vt 0.00457700 0.04260800
vt 0.00915300 0.04095500
vt 0.00457700 0.04012600
vt 0.00457700 0.04095500
vt 0.00915300 0.03925300
vt 0.00457700 0.03925300
vt 0.08238800 0.04005500
vt 0.08238800 0.04172900
vt 0.08238800 0.04340400
vt 0.07781100 0.04012600
vt 0.07323300 0.03925300
vt 0.07781100 0.03925300
vt 0.07781100 0.04178400
vt 0.07323300 0.04095500
vt 0.07781100 0.04095500
vt 0.07781100 0.04343100
vt 0.07323300 0.04260800
vt 0.07781100 0.04260800
vt 0.07323300 0.04425500
vt 0.07781100 0.04425500
vt 0.00390600 0.03838100
vt 0.00781000 0.03838100
vt 0.01171700 0.03838100
vt 0.01562300 0.03838100
vt 0.01952900 0.03838100
vt 0.02343600 0.03838100
vt 0.02734200 0.03838100
vt 0.03124900 0.03838100
vt 0.03515400 0.03838100
vt 0.03906000 0.03838100
vt 0.04296600 0.03838100
vt 0.04687200 0.03838100
vt 0.05077800 0.03838100
vt 0.05468500 0.03838100
vt 0.05859100 0.03838100
vt 0.06249800 0.03838100
vt 0.06640400 0.03838100
vt 0.07031000 0.03838100
vt 0.07421700 0.03838100
vt 0.07812400 0.03838100
vt 0.00000000 0.00000000
vt 0.00000000 0.00672500
vt 0.00869000 0.00175300
vt 0.00869000 0.00341800
vt 0.00869000 0.00507100
vt 0.00869000 0.00672500
vt 0.01737900 0.00175300
vt 0.01737900 0.00341800
vt 0.01737900 0.00507100
vt 0.01737900 0.00672500
vt 0.02606900 0.00175300
vt 0.02606900 0.00341800
vt 0.02606900 0.00507100
vt 0.02606900 0.00672500
vt 0.03475800 0.00175300
vt 0.03475800 0.00341800
vt 0.03475800 0.00507100
vt 0.04344700 0.00000000
vt 0.04344700 0.00672500
vt 0.04344700 0.00168100
vt 0.04344700 0.00336200
vt 0.04344700 0.00504300
vt 0.03910200 0.00175300
vt 0.03475800 0.00087600
vt 0.03910200 0.00087600
vt 0.03910200 0.00341800
vt 0.03475800 0.00258500
vt 0.03910200 0.00258500
vt 0.03910200 0.00507100
vt 0.03475800 0.00424500
vt 0.03910200 0.00424500
vt 0.03475800 0.00589800
vt 0.03910200 0.00589800
vt 0.00000000 0.00504300
vt 0.00000000 0.00336200
vt 0.00000000 0.00168100
vt 0.00869000 0.00589800
vt 0.00434500 0.00507100
vt 0.00434500 0.00589800
vt 0.00869000 0.00424500
vt 0.00434500 0.00341800
vt 0.00434500 0.00424500
vt 0.00869000 0.00258500
vt 0.00434500 0.00175300
vt 0.00434500 0.00258500
vt 0.00869000 0.00087600
vt 0.00434500 0.00087600
vt 0.00369600 0.00000000
vt 0.00739300 0.00000000
vt 0.01108900 0.00000000
vt 0.01478700 0.00000000
vt 0.01869300 0.00000000
vt 0.02259900 0.00000000
vt 0.02650500 0.00000000
vt 0.03041200 0.00000000
vt 0.03367100 0.00000000
vt 0.03693000 0.00000000
vt 0.04018900 0.00000000
vt 0.00000000 0.05749300
vt 0.00000000 0.06419100
vt 0.00915500 0.05923800
vt 0.00915500 0.06089700
vt 0.00915500 0.06254400
vt 0.00915500 0.06419100
vt 0.01831000 0.05923800
vt 0.01831000 0.06089700
vt 0.01831000 0.06254400
vt 0.01831000 0.06419100
vt 0.02746500 0.05923800
vt 0.02746500 0.06089700
vt 0.02746500 0.06254400
vt 0.02746500 0.06419100
vt 0.03661900 0.05923800
vt 0.03661900 0.06089700
vt 0.03661900 0.06254400
vt 0.03661900 0.06419100
vt 0.04577300 0.05923800
vt 0.04577300 0.06089700
vt 0.04577300 0.06254400
vt 0.04577300 0.06419100
vt 0.05492700 0.05923800
vt 0.05492700 0.06089700
vt 0.05492700 0.06254400
vt 0.05492700 0.06419100
vt 0.06408100 0.05923800
vt 0.06408100 0.06089700
vt 0.06408100 0.06254400
vt 0.06408100 0.06419100
vt 0.07323500 0.05923800
vt 0.07323500 0.06089700
vt 0.07323500 0.06254400
vt 0.07323500 0.06419100
vt 0.08238900 0.05749300
vt 0.08238900 0.06419100
vt 0.00000000 0.06251600
vt 0.00000000 0.06084200
vt 0.00000000 0.05916800
vt 0.00915500 0.06336700
vt 0.00457700 0.06254400
vt 0.00457700 0.06336700
vt 0.00915500 0.06172000
vt 0.00457700 0.06089700
vt 0.00457700 0.06172000
vt 0.00915500 0.06006800
vt 0.00457700 0.05923800
vt 0.00457700 0.06006800
vt 0.00915500 0.05836600
vt 0.00457700 0.05836600
vt 0.08238900 0.05916800
vt 0.08238900 0.06084200
vt 0.08238900 0.06251600
vt 0.07781200 0.05923800
vt 0.07323500 0.05836600
vt 0.07781200 0.05836600
vt 0.07781200 0.06089700
vt 0.07323500 0.06006800
vt 0.07781200 0.06006800
vt 0.07781200 0.06254400
vt 0.07323500 0.06172000
vt 0.07781200 0.06172000
vt 0.07323500 0.06336700
vt 0.07781200 0.06336700
vt 0.00258800 0.05749300
vt 0.00649500 0.05749300
vt 0.01040100 0.05749300
vt 0.01430800 0.05749300
vt 0.01821400 0.05749300
vt 0.02212100 0.05749300
vt 0.02602800 0.05749300
vt 0.02993400 0.05749300
vt 0.03384100 0.05749300
vt 0.03774700 0.05749300
vt 0.04165400 0.05749300
vt 0.04556000 0.05749300
vt 0.04946600 0.05749300
vt 0.05337200 0.05749300
vt 0.05727900 0.05749300
vt 0.06118500 0.05749300
vt 0.06509100 0.05749300
vt 0.06899700 0.05749300
vt 0.07290300 0.05749300
vt 0.07680900 0.05749300
vt 0.08071300 0.05749300
vt 0.00000000 0.07660600
vt 0.00000000 0.08319400
vt 0.00955100 0.07832000
vt 0.00955100 0.07995200
vt 0.00955100 0.08157300
vt 0.00955100 0.08319400
vt 0.01894600 0.07832000
vt 0.01894600 0.07995200
vt 0.01894600 0.08157300
vt 0.01894600 0.08319400
vt 0.02865400 0.07832000
vt 0.02865400 0.07995200
vt 0.02865400 0.08157300
vt 0.02865400 0.08319400
vt 0.03820500 0.07832000
vt 0.03820500 0.07995200
vt 0.03820500 0.08157300
vt 0.03820500 0.08319400
vt 0.04775600 0.07832000
vt 0.04775600 0.07995200
vt 0.04775600 0.08157300
vt 0.04775600 0.08319400
vt 0.05730700 0.07832000
vt 0.05730700 0.07995200
vt 0.05730700 0.08157300
vt 0.05730700 0.08319400
vt 0.06685800 0.07832000
vt 0.06685800 0.07995200
vt 0.06685800 0.08157300
vt 0.06685800 0.08319400
vt 0.07641000 0.07832000
vt 0.07641000 0.07995200
vt 0.07641000 0.08157300
vt 0.07641000 0.08319400
vt 0.08596000 0.07832000
vt 0.08596000 0.07995200
vt 0.08596000 0.08157300
vt 0.08596000 0.08319400
vt 0.09551100 0.07832000
vt 0.09551100 0.07995200
vt 0.09551100 0.08157300
vt 0.09551100 0.08319400
vt 0.10506200 0.07832000
vt 0.10506200 0.07995200
vt 0.10506200 0.08157300
vt 0.10506200 0.08319400
vt 0.11461200 0.07832000
vt 0.11461200 0.07995200
vt 0.11461200 0.08157300
vt 0.11461200 0.08319400
vt 0.12416300 0.07660600
vt 0.12416300 0.08319400
vt 0.00000000 0.08154700
vt 0.00000000 0.07990000
vt 0.00000000 0.07825300
vt 0.00955100 0.08238300
vt 0.00477600 0.08157300
vt 0.00477600 0.08238300
vt 0.00955100 0.08076200
vt 0.00477600 0.07995200
vt 0.00477600 0.08076200
vt 0.00955100 0.07913600
vt 0.00477600 0.07832000
vt 0.00477600 0.07913600
vt 0.00955100 0.07746300
vt 0.00477600 0.07746300
vt 0.12416300 0.07825300
vt 0.12416300 0.07990000
vt 0.12416300 0.08154700
vt 0.11938700 0.07832000
vt 0.11461200 0.07746300
vt 0.11938700 0.07746300
vt 0.11938700 0.07995200
vt 0.11461200 0.07913600
vt 0.11938700 0.07913600
vt 0.11938700 0.08157300
vt 0.11461200 0.08076200
vt 0.11938700 0.08076200
vt 0.11461200 0.08238300
vt 0.11938700 0.08238300
vt 0.00027700 0.07660600
vt 0.00125500 0.07660600
vt 0.00223100 0.07660600
vt 0.00613800 0.07660600
vt 0.01004300 0.07660600
vt 0.01395000 0.07660600
vt 0.01785600 0.07660600
vt 0.02176300 0.07660600
vt 0.02566900 0.07660600
vt 0.02957500 0.07660600
vt 0.03348200 0.07660600
vt 0.03738800 0.07660600
vt 0.04129500 0.07660600
vt 0.04520100 0.07660600
vt 0.04910800 0.07660600
vt 0.05301300 0.07660600
vt 0.05691900 0.07660600
vt 0.06082600 0.07660600
vt 0.06473300 0.07660600
vt 0.06863900 0.07660600
vt 0.07254500 0.07660600
vt 0.07645200 0.07660600
vt 0.08035800 0.07660600
vt 0.08426400 0.07660600
vt 0.08816900 0.07660600
vt 0.09207600 0.07660600
vt 0.09598300 0.07660600
vt 0.09988900 0.07660600
vt 0.10379400 0.07660600
vt 0.10770000 0.07660600
vt 0.11160700 0.07660600
vt 0.11551400 0.07660600
vt 0.11941900 0.07660600
vt 0.12332500 0.07660600
vt 0.00477600 0.07703400
vt 0.00238800 0.07746300
vt 0.00238800 0.07703400
vt 0.00238800 0.07682000
vt 0.00119400 0.07703400
vt 0.00119400 0.07682000
vt 0.00119400 0.07671300
vt 0.00059700 0.07682000
vt 0.00059700 0.07671300
vt 0.12177500 0.07746300
vt 0.11938700 0.07703400
vt 0.12177500 0.07703400
vt 0.00000000 0.01919000
vt 0.00000000 0.02591500
vt 0.00868900 0.02094300
vt 0.00868900 0.02260800
vt 0.00868900 0.02426200
vt 0.00868900 0.02591500
vt 0.01737800 0.02094300
vt 0.01737800 0.02260800
vt 0.01737800 0.02426200
vt 0.01737800 0.02591500
vt 0.02606800 0.02094300
vt 0.02606800 0.02260800
vt 0.02606800 0.02426200
vt 0.02606800 0.02591500
vt 0.03475800 0.02094300
vt 0.03475800 0.02260800
vt 0.03475800 0.02426200
vt 0.03475800 0.02591500
vt 0.04344700 0.01919000
vt 0.04344700 0.02591500
vt 0.04344700 0.02087200
vt 0.04344700 0.02255300
vt 0.04344700 0.02423400
vt 0.03910200 0.02094300
vt 0.03475800 0.02006700
vt 0.03910200 0.02006700
vt 0.03910200 0.02260800
vt 0.03475800 0.02177600
vt 0.03910200 0.02177600
vt 0.03910200 0.02426200
vt 0.03475800 0.02343500
vt 0.03910200 0.02343500
vt 0.03475800 0.02508800
vt 0.03910200 0.02508800
vt 0.00000000 0.02423400
vt 0.00000000 0.02255300
vt 0.00000000 0.02087200
vt 0.00868900 0.02508800
vt 0.00434400 0.02426200
vt 0.00434400 0.02508800
vt 0.00868900 0.02343500
vt 0.00434400 0.02260800
vt 0.00434400 0.02343500
vt 0.00868900 0.02177600
vt 0.00434400 0.02094300
vt 0.00434400 0.02177600
vt 0.00868900 0.02006700
vt 0.00434400 0.02006700
vt 0.00567900 0.01919000
vt 0.01136100 0.01919000
vt 0.01526800 0.01919000
vt 0.01917300 0.01919000
vt 0.02307900 0.01919000
vt 0.02698500 0.01919000
vt 0.03089200 0.01919000
vt 0.03479900 0.01919000
vt 0.03870500 0.01919000
vt 0.04261100 0.01919000
vt 0.04127500 0.02006700
vt 0.03910200 0.01962900
vt 0.04127500 0.01962900
vt 0.00000000 0.11420700
vt 0.00000000 0.12079500
vt 0.00955100 0.11592100
vt 0.00955100 0.11755300
vt 0.00955100 0.11917400
vt 0.00955100 0.12079500
vt 0.01910300 0.11592100
vt 0.01910300 0.11755300
vt 0.01910300 0.11917400
vt 0.01910300 0.12079500
vt 0.02865400 0.11592100
vt 0.02865400 0.11755300
vt 0.02865400 0.11917400
vt 0.02865400 0.12079500
vt 0.03820500 0.11592100
vt 0.03820500 0.11755300
vt 0.03820500 0.11917400
vt 0.03820500 0.12079500
vt 0.04775600 0.11592100
vt 0.04775600 0.11755300
vt 0.04775600 0.11917400
vt 0.04775600 0.12079500
vt 0.05730700 0.11592100
vt 0.05730700 0.11755300
vt 0.05730700 0.11917400
vt 0.05730700 0.12079500
vt 0.06685800 0.11592100
vt 0.06685800 0.11755300
vt 0.06685800 0.11917400
vt 0.06685800 0.12079500
vt 0.07641000 0.11592100
vt 0.07641000 0.11755300
vt 0.07641000 0.11917400
vt 0.07641000 0.12079500
vt 0.08596000 0.11592100
vt 0.08596000 0.11755300
vt 0.08596000 0.11917400
vt 0.08596000 0.12079500
vt 0.09551100 0.11592100
vt 0.09551100 0.11755300
vt 0.09551100 0.11917400
vt 0.09551100 0.12079500
vt 0.10506200 0.11592100
vt 0.10506200 0.11755300
vt 0.10506200 0.11917400
vt 0.10506200 0.12079500
vt 0.11461200 0.11592100
vt 0.11461200 0.11755300
vt 0.11461200 0.11917400
vt 0.11461200 0.12079500
vt 0.12416300 0.11420700
vt 0.12416300 0.12079500
vt 0.00000000 0.11914800
vt 0.00000000 0.11750100
vt 0.00000000 0.11585400
vt 0.00955100 0.11998400
vt 0.00477600 0.11917400
vt 0.00477600 0.11998400
vt 0.00955100 0.11836400
vt 0.00477600 0.11755300
vt 0.00477600 0.11836400
vt 0.00955100 0.11673700
vt 0.00477600 0.11592100
vt 0.00477600 0.11673700
vt 0.00955100 0.11506400
vt 0.00477600 0.11506400
vt 0.12416300 0.11585400
vt 0.12416300 0.11750100
vt 0.12416300 0.11914800
vt 0.11938700 0.11592100
vt 0.11461200 0.11506400
vt 0.11938700 0.11506400
vt 0.11938700 0.11755300
vt 0.11461200 0.11673700
vt 0.11938700 0.11673700
vt 0.11938700 0.11917400
vt 0.11461200 0.11836400
vt 0.11938700 0.11836400
vt 0.11461200 0.11998400
vt 0.11938700 0.11998400
vt 0.00613900 0.11420700
vt 0.01004400 0.11420700
vt 0.01394900 0.11420700
vt 0.01785700 0.11420700
vt 0.02176400 0.11420700
vt 0.02567100 0.11420700
vt 0.02957800 0.11420700
vt 0.03348400 0.11420700
vt 0.03738900 0.11420700
vt 0.04129400 0.11420700
vt 0.04520000 0.11420700
vt 0.04910700 0.11420700
vt 0.05301400 0.11420700
vt 0.05692000 0.11420700
vt 0.06082600 0.11420700
vt 0.06473300 0.11420700
vt 0.06863900 0.11420700
vt 0.07254500 0.11420700
vt 0.07645100 0.11420700
vt 0.08035700 0.11420700
vt 0.08426500 0.11420700
vt 0.08817200 0.11420700
vt 0.09207700 0.11420700
vt 0.09598200 0.11420700
vt 0.09988800 0.11420700
vt 0.10379400 0.11420700
vt 0.10770100 0.11420700
vt 0.11160700 0.11420700
vt 0.11551300 0.11420700
vt 0.11941900 0.11420700
vt 0.12332500 0.11420700
vt 0.12177500 0.11506400
vt 0.11938700 0.11463500
vt 0.12177500 0.11463500
vt 0.61369900 0.00000000
vt 0.60697500 0.00000000
vt 0.61194700 0.00967800
vt 0.61028100 0.00967800
vt 0.60862800 0.00967800
vt 0.60697500 0.00967800
vt 0.61194700 0.01935700
vt 0.61028100 0.01935700
vt 0.60862800 0.01935700
vt 0.60697500 0.01935700
vt 0.61194700 0.02903600
vt 0.61028100 0.02903600
vt 0.60862800 0.02903600
vt 0.60697500 0.02903600
vt 0.61194700 0.03871500
vt 0.61028100 0.03871500
vt 0.60862800 0.03871500
vt 0.60697500 0.03871500
vt 0.61194700 0.04839400
vt 0.61028100 0.04839400
vt 0.60862800 0.04839400
vt 0.60697500 0.04839400
vt 0.61194700 0.05807400
vt 0.61028100 0.05807400
vt 0.60862800 0.05807400
vt 0.60697500 0.05807400
vt 0.61194700 0.06775300
vt 0.61028100 0.06775300
vt 0.60862800 0.06775300
vt 0.60697500 0.06775300
vt 0.61194700 0.07743400
vt 0.61028100 0.07743400
vt 0.60862800 0.07743400
vt 0.60697500 0.07743400
vt 0.61194700 0.08711500
vt 0.61028100 0.08711500
vt 0.60862800 0.08711500
vt 0.60697500 0.08711500
vt 0.61194700 0.09679600
vt 0.61028100 0.09679600
vt 0.60862800 0.09679600
vt 0.60697500 0.09679600
vt 0.61194700 0.10647700
vt 0.61028100 0.10647700
vt 0.60862800 0.10647700
vt 0.60697500 0.10647700
vt 0.61194700 0.11615800
vt 0.61028100 0.11615800
vt 0.60862800 0.11615800
vt 0.60697500 0.11615800
vt 0.61369900 0.12583900
vt 0.60697500 0.12583900
vt 0.61201800 0.12583900
vt 0.61033700 0.12583900
vt 0.60865600 0.12583900
vt 0.61194700 0.12099800
vt 0.61282300 0.11615800
vt 0.61282300 0.12099800
vt 0.61028100 0.12099800
vt 0.61111400 0.11615800
vt 0.61111400 0.12099800
vt 0.60862800 0.12099800
vt 0.60945500 0.11615800
vt 0.60945500 0.12099800
vt 0.60780100 0.11615800
vt 0.60780100 0.12099800
vt 0.60865600 0.00000000
vt 0.61033700 0.00000000
vt 0.61201800 0.00000000
vt 0.60780100 0.00967800
vt 0.60862800 0.00483900
vt 0.60780100 0.00483900
vt 0.60945500 0.00967800
vt 0.61028100 0.00483900
vt 0.60945500 0.00483900
vt 0.61111400 0.00967800
vt 0.61194700 0.00483900
vt 0.61111400 0.00483900
vt 0.61282300 0.00967800
vt 0.61282300 0.00483900
vt 0.61369900 0.00097600
vt 0.61369900 0.00475900
vt 0.61369900 0.00854300
vt 0.61369900 0.01232600
vt 0.61369900 0.01611000
vt 0.61369900 0.01989300
vt 0.61369900 0.02367700
vt 0.61369900 0.02746100
vt 0.61369900 0.03124500
vt 0.61369900 0.03515100
vt 0.61369900 0.03905700
vt 0.61369900 0.04296300
vt 0.61369900 0.04686900
vt 0.61369900 0.05077500
vt 0.61369900 0.05468000
vt 0.61369900 0.05858600
vt 0.61369900 0.06249200
vt 0.61369900 0.06639900
vt 0.61369900 0.07030500
vt 0.61369900 0.07421200
vt 0.61369900 0.07811900
vt 0.61369900 0.08202600
vt 0.61369900 0.08593200
vt 0.61369900 0.08983800
vt 0.61369900 0.09374400
vt 0.61369900 0.09765100
vt 0.61369900 0.10155700
vt 0.61369900 0.10546400
vt 0.61369900 0.10937200
vt 0.61369900 0.11327800
vt 0.61369900 0.11718500
vt 0.61369900 0.12109200
vt 0.61369900 0.12499900
vt 0.61326100 0.00483900
vt 0.61282300 0.00242000
vt 0.61326100 0.00242000
vt 0.61282300 0.12341900
vt 0.61326100 0.12099800
vt 0.61326100 0.12341900
vt 0.70642900 0.00000000
vt 0.67239500 0.00000000
vt 0.62042400 0.00000000
vt 0.67239500 0.01161100
vt 0.62042400 0.01161100
vt 0.67239500 0.02322200
vt 0.62042400 0.02322200
vt 0.67239500 0.03483300
vt 0.62042400 0.03483300
vt 0.67239500 0.04680600
vt 0.62042400 0.04680600
vt 0.67239500 0.05805500
vt 0.62042400 0.05805500
vt 0.67239500 0.06966600
vt 0.62042400 0.06966600
vt 0.67239500 0.08127600
vt 0.62042400 0.08127600
vt 0.67239500 0.09288800
vt 0.62042400 0.09288800
vt 0.67239500 0.10449800
vt 0.62042400 0.10449800
vt 0.67239500 0.11610900
vt 0.62042400 0.11610900
vt 0.67239500 0.12772000
vt 0.62042400 0.12772000
vt 0.67239500 0.13933000
vt 0.62042400 0.13933000
vt 0.67239500 0.15094100
vt 0.62042400 0.15094100
vt 0.67239500 0.16255200
vt 0.62042400 0.16255200
vt 0.67239500 0.17416400
vt 0.62042400 0.17416400
vt 0.67239500 0.18577500
vt 0.62042400 0.18577500
vt 0.67239500 0.19689900
vt 0.62042400 0.19689900
vt 0.67239500 0.20899600
vt 0.62042400 0.20899600
vt 0.67239500 0.22060700
vt 0.62042400 0.22060700
vt 0.67239500 0.23221800
vt 0.62042400 0.23221800
vt 0.67239500 0.24425100
vt 0.62042400 0.24425100
vt 0.67239500 0.25543900
vt 0.62042400 0.25543900
vt 0.67239500 0.26705100
vt 0.62042400 0.26705100
vt 0.67239500 0.27866200
vt 0.62042400 0.27866200
vt 0.67239500 0.29027200
vt 0.62042400 0.29027200
vt 0.67239500 0.30188200
vt 0.62042400 0.30188200
vt 0.67239500 0.31297800
vt 0.62042400 0.31297800
vt 0.67239500 0.32510500
vt 0.62042400 0.32510500
vt 0.67239500 0.33671500
vt 0.62042400 0.33671500
vt 0.67239500 0.34808300
vt 0.62042400 0.34808300
vt 0.67239500 0.35993800
vt 0.62042400 0.35993800
vt 0.67239500 0.37154800
vt 0.62042400 0.37154800
vt 0.67239500 0.38272000
vt 0.62042400 0.38272000
vt 0.67239500 0.39488900
vt 0.62042400 0.39488900
vt 0.67239500 0.40659100
vt 0.62042400 0.40659100
vt 0.67239500 0.41799200
vt 0.62042400 0.41799200
vt 0.67239500 0.42960300
vt 0.62042400 0.42960300
vt 0.67239500 0.44169600
vt 0.62042400 0.44169600
vt 0.67239500 0.45246100
vt 0.62042400 0.45246100
vt 0.67239500 0.46443600
vt 0.62042400 0.46443600
vt 0.67239500 0.47604600
vt 0.62042400 0.47604600
vt 0.67239500 0.48765700
vt 0.62042400 0.48765700
vt 0.70642900 0.49926800
vt 0.70642900 0.49926800
vt 0.67239500 0.49926800
vt 0.62042400 0.49926800
vt 0.67239500 0.51087900
vt 0.62042400 0.51087900
vt 0.67239500 0.52248900
vt 0.62042400 0.52248900
vt 0.67239500 0.53409900
vt 0.62042400 0.53409900
vt 0.67239500 0.54607400
vt 0.62042400 0.54607400
vt 0.67239500 0.55732200
vt 0.62042400 0.55732200
vt 0.67239500 0.56893300
vt 0.62042400 0.56893300
vt 0.67239500 0.58054300
vt 0.62042400 0.58054300
vt 0.67239500 0.59215500
vt 0.62042400 0.59215500
vt 0.67239500 0.60376600
vt 0.62042400 0.60376600
vt 0.67239500 0.61537700
vt 0.62042400 0.61537700
vt 0.67239500 0.62650300
vt 0.62042400 0.62650300
vt 0.67239500 0.63859800
vt 0.62042400 0.63859800
vt 0.67239500 0.65020900
vt 0.62042400 0.65020900
vt 0.67239500 0.66182000
vt 0.62042400 0.66182000
vt 0.67239500 0.67343100
vt 0.62042400 0.67343100
vt 0.67239500 0.68504200
vt 0.62042400 0.68504200
vt 0.67239500 0.69665200
vt 0.62042400 0.69665200
vt 0.67239500 0.70826300
vt 0.62042400 0.70826300
vt 0.67239500 0.71987500
vt 0.62042400 0.71987500
vt 0.67239500 0.73148600
vt 0.62042400 0.73148600
vt 0.67239500 0.74351900
vt 0.62042400 0.74351900
vt 0.67239500 0.75470600
vt 0.62042400 0.75470600
vt 0.67239500 0.76631900
vt 0.62042400 0.76631900
vt 0.67239500 0.77792700
vt 0.62042400 0.77792700
vt 0.67239500 0.78953900
vt 0.62042400 0.78953900
vt 0.67239500 0.80115000
vt 0.62042400 0.80115000
vt 0.67239500 0.81276200
vt 0.62042400 0.81276200
vt 0.67239500 0.82437300
vt 0.62042400 0.82437300
vt 0.67239500 0.83598300
vt 0.62042400 0.83598300
vt 0.67239500 0.84735100
vt 0.62042400 0.84735100
vt 0.67239500 0.85905200
vt 0.62042400 0.85905200
vt 0.67239500 0.87081600
vt 0.62042400 0.87081600
vt 0.67239500 0.88198700
vt 0.62042400 0.88198700
vt 0.67239500 0.89415700
vt 0.62042400 0.89415700
vt 0.67239500 0.90585900
vt 0.62042400 0.90585900
vt 0.67239500 0.91725800
vt 0.62042400 0.91725800
vt 0.67239500 0.92887000
vt 0.62042400 0.92887000
vt 0.67239500 0.94096300
vt 0.62042400 0.94096300
vt 0.67239500 0.95172900
vt 0.62042400 0.95172900
vt 0.67239500 0.96370300
vt 0.62042400 0.96370300
vt 0.67239500 0.97531400
vt 0.62042400 0.97531400
vt 0.67239500 0.98692500
vt 0.62042400 0.98692500
vt 0.70642900 0.99853500
vt 0.67239500 0.99853500
vt 0.62042400 0.99853500
vt 0.64641000 0.02322200
vt 0.62042400 0.01741700
vt 0.64641000 0.01161100
vt 0.67239500 0.01741700
vt 0.64641000 0.01741700
vt 0.64641000 0.03483300
vt 0.62042400 0.02902800
vt 0.67239500 0.02902800
vt 0.64641000 0.02902800
vt 0.64641000 0.04680600
vt 0.62042400 0.04082000
vt 0.67239500 0.04082000
vt 0.64641000 0.04082000
vt 0.64641000 0.05805500
vt 0.62042400 0.05243100
vt 0.67239500 0.05243100
vt 0.64641000 0.05243100
vt 0.64641000 0.06966600
vt 0.62042400 0.06386000
vt 0.67239500 0.06386000
vt 0.64641000 0.06386000
vt 0.64641000 0.08127600
vt 0.62042400 0.07547100
vt 0.67239500 0.07547100
vt 0.64641000 0.07547100
vt 0.64641000 0.09288800
vt 0.62042400 0.08708200
vt 0.67239500 0.08708200
vt 0.64641000 0.08708200
vt 0.64641000 0.10449800
vt 0.62042400 0.09869300
vt 0.67239500 0.09869300
vt 0.64641000 0.09869300
vt 0.64641000 0.11610900
vt 0.62042400 0.11030400
vt 0.67239500 0.11030400
vt 0.64641000 0.11030400
vt 0.64641000 0.12772000
vt 0.62042400 0.12191500
vt 0.67239500 0.12191500
vt 0.64641000 0.12191500
vt 0.64641000 0.13933000
vt 0.62042400 0.13352500
vt 0.67239500 0.13352500
vt 0.64641000 0.13352500
vt 0.64641000 0.15094100
vt 0.62042400 0.14513600
vt 0.67239500 0.14513600
vt 0.64641000 0.14513600
vt 0.64641000 0.16255200
vt 0.62042400 0.15674700
vt 0.67239500 0.15674700
vt 0.64641000 0.15674700
vt 0.64641000 0.17416400
vt 0.62042400 0.16835800
vt 0.67239500 0.16835800
vt 0.64641000 0.16835800
vt 0.64641000 0.18577500
vt 0.62042400 0.17996900
vt 0.67239500 0.17996900
vt 0.64641000 0.17996900
vt 0.64641000 0.19689900
vt 0.62042400 0.19133700
vt 0.67239500 0.19133700
vt 0.64641000 0.19133700
vt 0.64641000 0.20899600
vt 0.62042400 0.20294700
vt 0.67239500 0.20294700
vt 0.64641000 0.20294700
vt 0.64641000 0.22060700
vt 0.62042400 0.21480100
vt 0.67239500 0.21480100
vt 0.64641000 0.21480100
vt 0.64641000 0.23221800
vt 0.62042400 0.22641200
vt 0.67239500 0.22641200
vt 0.64641000 0.22641200
vt 0.64641000 0.24425100
vt 0.62042400 0.23823400
vt 0.67239500 0.23823400
vt 0.64641000 0.23823400
vt 0.64641000 0.52248900
vt 0.62042400 0.51668400
vt 0.64641000 0.51087900
vt 0.67239500 0.51668400
vt 0.64641000 0.51668400
vt 0.64641000 0.53409900
vt 0.62042400 0.52829400
vt 0.67239500 0.52829400
vt 0.64641000 0.52829400
vt 0.64641000 0.54607400
vt 0.62042400 0.54008700
vt 0.67239500 0.54008700
vt 0.64641000 0.54008700
vt 0.64641000 0.55732200
vt 0.62042400 0.55169800
vt 0.67239500 0.55169800
vt 0.64641000 0.55169800
vt 0.64641000 0.56893300
vt 0.62042400 0.56312800
vt 0.67239500 0.56312800
vt 0.64641000 0.56312800
vt 0.64641000 0.58054300
vt 0.62042400 0.57473800
vt 0.67239500 0.57473800
vt 0.64641000 0.57473800
vt 0.64641000 0.59215500
vt 0.62042400 0.58634900
vt 0.67239500 0.58634900
vt 0.64641000 0.58634900
vt 0.64641000 0.60376600
vt 0.62042400 0.59796000
vt 0.67239500 0.59796000
vt 0.64641000 0.59796000
vt 0.64641000 0.61537700
vt 0.62042400 0.60957100
vt 0.67239500 0.60957100
vt 0.64641000 0.60957100
vt 0.64641000 0.62650300
vt 0.62042400 0.62094000
vt 0.67239500 0.62094000
vt 0.64641000 0.62094000
vt 0.64641000 0.63859800
vt 0.62042400 0.63255100
vt 0.67239500 0.63255100
vt 0.64641000 0.63255100
vt 0.64641000 0.65020900
vt 0.62042400 0.64440400
vt 0.67239500 0.64440400
vt 0.64641000 0.64440400
vt 0.64641000 0.66182000
vt 0.62042400 0.65601500
vt 0.67239500 0.65601500
vt 0.64641000 0.65601500
vt 0.64641000 0.67343100
vt 0.62042400 0.66762600
vt 0.67239500 0.66762600
vt 0.64641000 0.66762600
vt 0.64641000 0.68504200
vt 0.62042400 0.67923600
vt 0.67239500 0.67923600
vt 0.64641000 0.67923600
vt 0.64641000 0.69665200
vt 0.62042400 0.69084700
vt 0.67239500 0.69084700
vt 0.64641000 0.69084700
vt 0.64641000 0.70826300
vt 0.62042400 0.70245700
vt 0.67239500 0.70245700
vt 0.64641000 0.70245700
vt 0.64641000 0.71987500
vt 0.62042400 0.71406900
vt 0.67239500 0.71406900
vt 0.64641000 0.71406900
vt 0.64641000 0.73148600
vt 0.62042400 0.72568000
vt 0.67239500 0.72568000
vt 0.64641000 0.72568000
vt 0.64641000 0.74351900
vt 0.62042400 0.73750200
vt 0.67239500 0.73750200
vt 0.64641000 0.73750200
vt 0.70642900 0.00097500
vt 0.70642900 0.00475400
vt 0.70642900 0.00853200
vt 0.70642900 0.01231100
vt 0.70642900 0.01609000
vt 0.70642900 0.01986800
vt 0.70642900 0.02364700
vt 0.70642900 0.02742500
vt 0.70642900 0.03120400
vt 0.70642900 0.03510500
vt 0.70642900 0.03900500
vt 0.70642900 0.04290600
vt 0.70642900 0.04680600
vt 0.70642900 0.05070700
vt 0.70642900 0.05460700
vt 0.70642900 0.05850800
vt 0.70642900 0.06240800
vt 0.70642900 0.06630900
vt 0.70642900 0.07020900
vt 0.70642900 0.07411000
vt 0.70642900 0.07801000
vt 0.70642900 0.08191100
vt 0.70642900 0.08581100
vt 0.70642900 0.08971200
vt 0.70642900 0.09361300
vt 0.70642900 0.09751300
vt 0.70642900 0.10141400
vt 0.70642900 0.10531400
vt 0.70642900 0.10921500
vt 0.70642900 0.11311500
vt 0.70642900 0.11701600
vt 0.70642900 0.12091600
vt 0.70642900 0.12481700
vt 0.70642900 0.12565500
vt 0.68941200 0.01161100
vt 0.67239500 0.00580600
vt 0.68941200 0.00000000
vt 0.68941200 0.00580600
vt 0.69792100 0.00580600
vt 0.68941200 0.00290300
vt 0.69792100 0.00000000
vt 0.69792100 0.00290300
vt 0.68941200 0.99853500
vt 0.67239500 0.99273000
vt 0.68941200 0.98692500
vt 0.68941200 0.99273000
vt 0.70217500 0.00290300
vt 0.69792100 0.00145100
vt 0.70217500 0.00000000
vt 0.70217500 0.00145100
vt 0.69792100 0.99853500
vt 0.68941200 0.99563200
vt 0.69792100 0.99273000
vt 0.69792100 0.99563200
vt 0.70430200 0.00145100
vt 0.70217500 0.00072600
vt 0.70430200 0.00000000
vt 0.70430200 0.00072600
vt 0.70217500 0.99853500
vt 0.69792100 0.99708400
vt 0.70217500 0.99563200
vt 0.70217500 0.99708400
vt 0.69792100 0.01161100
vt 0.68941200 0.00870900
vt 0.69792100 0.00870900
vt 0.68941200 0.02322200
vt 0.68941200 0.01741700
vt 0.69792100 0.01741700
vt 0.68941200 0.01451400
vt 0.69792100 0.01451400
vt 0.69792100 0.02322200
vt 0.68941200 0.02032000
vt 0.69792100 0.02032000
vt 0.68941200 0.03483300
vt 0.68941200 0.02902800
vt 0.69792100 0.02902800
vt 0.68941200 0.02612500
vt 0.69792100 0.02612500
vt 0.69792100 0.03483300
vt 0.68941200 0.03193000
vt 0.69792100 0.03193000
vt 0.68941200 0.04680600
vt 0.68941200 0.04082000
vt 0.69792100 0.04082000
vt 0.68941200 0.03782600
vt 0.69792100 0.03782600
vt 0.69792100 0.04680600
vt 0.68941200 0.04381300
vt 0.69792100 0.04381300
vt 0.68941200 0.05805500
vt 0.68941200 0.05243100
vt 0.69792100 0.05243100
vt 0.68941200 0.04961800
vt 0.69792100 0.04961800
vt 0.69792100 0.05805500
vt 0.68941200 0.05524300
vt 0.69792100 0.05524300
vt 0.68941200 0.06966600
vt 0.68941200 0.06386000
vt 0.69792100 0.06386000
vt 0.68941200 0.06095800
vt 0.69792100 0.06095800
vt 0.69792100 0.06966600
vt 0.68941200 0.06676300
vt 0.69792100 0.06676300
vt 0.68941200 0.08127600
vt 0.68941200 0.07547100
vt 0.69792100 0.07547100
vt 0.68941200 0.07256800
vt 0.69792100 0.07256800
vt 0.69792100 0.08127600
vt 0.68941200 0.07837300
vt 0.69792100 0.07837300
vt 0.68941200 0.09288800
vt 0.68941200 0.08708200
vt 0.69792100 0.08708200
vt 0.68941200 0.08417900
vt 0.69792100 0.08417900
vt 0.69792100 0.09288800
vt 0.68941200 0.08998500
vt 0.69792100 0.08998500
vt 0.68941200 0.10449800
vt 0.68941200 0.09869300
vt 0.69792100 0.09869300
vt 0.68941200 0.09579100
vt 0.69792100 0.09579100
vt 0.69792100 0.10449800
vt 0.68941200 0.10159600
vt 0.69792100 0.10159600
vt 0.68941200 0.11610900
vt 0.68941200 0.11030400
vt 0.69792100 0.11030400
vt 0.68941200 0.10740100
vt 0.69792100 0.10740100
vt 0.69792100 0.11610900
vt 0.68941200 0.11320700
vt 0.69792100 0.11320700
vt 0.68941200 0.12772000
vt 0.68941200 0.12191500
vt 0.69792100 0.12191500
vt 0.68941200 0.11901200
vt 0.69792100 0.11901200
vt 0.69792100 0.12772000
vt 0.68941200 0.12481800
vt 0.69792100 0.12481800
vt 0.68941200 0.13933000
vt 0.68941200 0.13352500
vt 0.70217500 0.12481800
vt 0.69792100 0.12336600
vt 0.70217500 0.12191500
vt 0.70217500 0.12336600
vt 0.70430200 0.12481800
vt 0.70217500 0.12409200
vt 0.70430200 0.12336600
vt 0.70430200 0.12409200
vt 0.70217500 0.12772000
vt 0.69792100 0.12626900
vt 0.70217500 0.12626900
vt 0.69792100 0.13352500
vt 0.68941200 0.13062300
vt 0.69792100 0.13062300
vt 0.70430200 0.12626900
vt 0.70217500 0.12554300
vt 0.70430200 0.12554300
vt 0.70642900 0.12934600
vt 0.70642900 0.13303700
vt 0.70642900 0.13672800
vt 0.70642900 0.14041900
vt 0.70642900 0.14432000
vt 0.70642900 0.14822000
vt 0.70642900 0.15212100
vt 0.70642900 0.15602100
vt 0.70642900 0.15927600
vt 0.70642900 0.16253000
vt 0.70642900 0.16578400
vt 0.70642900 0.16903900
vt 0.69792100 0.13933000
vt 0.68941200 0.13642800
vt 0.69792100 0.13642800
vt 0.68941200 0.15094100
vt 0.68941200 0.14513600
vt 0.69792100 0.14513600
vt 0.68941200 0.14223300
vt 0.69792100 0.14223300
vt 0.69792100 0.15094100
vt 0.68941200 0.14803800
vt 0.69792100 0.14803800
vt 0.68941200 0.16255200
vt 0.68941200 0.15674700
vt 0.69792100 0.15674700
vt 0.68941200 0.15384400
vt 0.69792100 0.15384400
vt 0.69792100 0.16255200
vt 0.68941200 0.15964900
vt 0.69792100 0.15964900
vt 0.68941200 0.17416400
vt 0.68941200 0.16835800
vt 0.69792100 0.16835800
vt 0.68941200 0.16545500
vt 0.69792100 0.16545500
vt 0.69792100 0.17416400
vt 0.68941200 0.17126100
vt 0.69792100 0.17126100
vt 0.68941200 0.18577500
vt 0.68941200 0.17996900
vt 0.70642900 0.17162300
vt 0.70642900 0.17552400
vt 0.70642900 0.17942400
vt 0.70642900 0.18332500
vt 0.70642900 0.18722500
vt 0.70642900 0.19112600
vt 0.70642900 0.19502600
vt 0.70642900 0.19892700
vt 0.70642900 0.20282800
vt 0.70642900 0.20672800
vt 0.70642900 0.21062900
vt 0.70642900 0.21452900
vt 0.70642900 0.21843000
vt 0.70642900 0.22233000
vt 0.70642900 0.22623100
vt 0.70642900 0.23013100
vt 0.70642900 0.23403200
vt 0.70642900 0.23793200
vt 0.70642900 0.24183300
vt 0.70642900 0.24573300
vt 0.70642900 0.24963400
vt 0.70642900 0.25130700
vt 0.70217500 0.17126100
vt 0.69792100 0.16980900
vt 0.70217500 0.16835800
vt 0.70217500 0.16980900
vt 0.70217500 0.17416400
vt 0.69792100 0.17271200
vt 0.70217500 0.17271200
vt 0.69792100 0.17996900
vt 0.68941200 0.17706600
vt 0.69792100 0.17706600
vt 0.69792100 0.18577500
vt 0.68941200 0.18287200
vt 0.69792100 0.18287200
vt 0.68941200 0.19689900
vt 0.68941200 0.19133700
vt 0.69792100 0.19133700
vt 0.68941200 0.18855600
vt 0.69792100 0.18855600
vt 0.69792100 0.19689900
vt 0.68941200 0.19411800
vt 0.69792100 0.19411800
vt 0.68941200 0.20899600
vt 0.68941200 0.20294700
vt 0.69792100 0.20294700
vt 0.68941200 0.19992300
vt 0.69792100 0.19992300
vt 0.69792100 0.20899600
vt 0.68941200 0.20597200
vt 0.69792100 0.20597200
vt 0.68941200 0.22060700
vt 0.68941200 0.21480100
vt 0.69792100 0.21480100
vt 0.68941200 0.21189900
vt 0.69792100 0.21189900
vt 0.69792100 0.22060700
vt 0.68941200 0.21770400
vt 0.69792100 0.21770400
vt 0.68941200 0.23221800
vt 0.68941200 0.22641200
vt 0.69792100 0.22641200
vt 0.68941200 0.22351000
vt 0.69792100 0.22351000
vt 0.69792100 0.23221800
vt 0.68941200 0.22931500
vt 0.69792100 0.22931500
vt 0.68941200 0.24425100
vt 0.68941200 0.23823400
vt 0.69792100 0.23823400
vt 0.68941200 0.23522600
vt 0.69792100 0.23522600
vt 0.69792100 0.24425100
vt 0.68941200 0.24124300
vt 0.69792100 0.24124300
vt 0.68941200 0.25543900
vt 0.67239500 0.24984500
vt 0.68941200 0.24984500
vt 0.69792100 0.24984500
vt 0.68941200 0.24704800
vt 0.69792100 0.24704800
vt 0.70217500 0.24984500
vt 0.69792100 0.24844700
vt 0.70217500 0.24704800
vt 0.70217500 0.24844700
vt 0.69792100 0.25543900
vt 0.68941200 0.25264200
vt 0.69792100 0.25264200
vt 0.68941200 0.26705100
vt 0.67239500 0.26124500
vt 0.68941200 0.26124500
vt 0.70217500 0.25264200
vt 0.69792100 0.25124400
vt 0.70217500 0.25124400
vt 0.70642900 0.25158400
vt 0.70642900 0.25255900
vt 0.70642900 0.25353400
vt 0.70642900 0.25743500
vt 0.70642900 0.26133500
vt 0.70642900 0.26523600
vt 0.70642900 0.26913600
vt 0.70642900 0.27303700
vt 0.70642900 0.27693700
vt 0.70642900 0.28083800
vt 0.70642900 0.28473800
vt 0.70642900 0.28863900
vt 0.70642900 0.29254000
vt 0.70642900 0.29644000
vt 0.70642900 0.30034100
vt 0.70642900 0.30424100
vt 0.70642900 0.30814200
vt 0.70642900 0.31204200
vt 0.70642900 0.31594300
vt 0.70642900 0.31984300
vt 0.70642900 0.32374400
vt 0.70642900 0.32764400
vt 0.70642900 0.33154500
vt 0.70642900 0.33544500
vt 0.70642900 0.33934600
vt 0.70642900 0.34324600
vt 0.70642900 0.34714700
vt 0.70642900 0.35104700
vt 0.70642900 0.35494800
vt 0.70642900 0.35884900
vt 0.70642900 0.36274900
vt 0.70642900 0.36665000
vt 0.70642900 0.37055000
vt 0.70642900 0.37445100
vt 0.70642900 0.37528700
vt 0.70430200 0.25264200
vt 0.70217500 0.25194300
vt 0.70430200 0.25124400
vt 0.70430200 0.25194300
vt 0.70217500 0.25543900
vt 0.69792100 0.25404100
vt 0.70217500 0.25404100
vt 0.69792100 0.26124500
vt 0.68941200 0.25834200
vt 0.69792100 0.25834200
vt 0.70536500 0.25194300
vt 0.70430200 0.25159300
vt 0.70536500 0.25124400
vt 0.70536500 0.25159300
vt 0.70217500 0.25054400
vt 0.70430200 0.24984500
vt 0.70430200 0.25054400
vt 0.70589700 0.25159300
vt 0.70536500 0.25141800
vt 0.70589700 0.25124400
vt 0.70589700 0.25141800
vt 0.70430200 0.25089400
vt 0.70536500 0.25054400
vt 0.70536500 0.25089400
vt 0.70430200 0.25404100
vt 0.70217500 0.25334100
vt 0.70430200 0.25334100
vt 0.69792100 0.26705100
vt 0.68941200 0.26414800
vt 0.69792100 0.26414800
vt 0.68941200 0.27866200
vt 0.67239500 0.27285600
vt 0.68941200 0.27285600
vt 0.69792100 0.27285600
vt 0.68941200 0.26995400
vt 0.69792100 0.26995400
vt 0.69792100 0.27866200
vt 0.68941200 0.27575900
vt 0.69792100 0.27575900
vt 0.68941200 0.29027200
vt 0.67239500 0.28446700
vt 0.68941200 0.28446700
vt 0.69792100 0.28446700
vt 0.68941200 0.28156400
vt 0.69792100 0.28156400
vt 0.69792100 0.29027200
vt 0.68941200 0.28736900
vt 0.69792100 0.28736900
vt 0.68941200 0.30188200
vt 0.67239500 0.29607700
vt 0.68941200 0.29607700
vt 0.69792100 0.29607700
vt 0.68941200 0.29317400
vt 0.69792100 0.29317400
vt 0.69792100 0.30188200
vt 0.68941200 0.29897900
vt 0.69792100 0.29897900
vt 0.68941200 0.31297800
vt 0.67239500 0.30743000
vt 0.68941200 0.30743000
vt 0.69792100 0.30743000
vt 0.68941200 0.30465600
vt 0.69792100 0.30465600
vt 0.69792100 0.31297800
vt 0.68941200 0.31020400
vt 0.69792100 0.31020400
vt 0.68941200 0.32510500
vt 0.67239500 0.31904100
vt 0.68941200 0.31904100
vt 0.69792100 0.31904100
vt 0.68941200 0.31601000
vt 0.69792100 0.31601000
vt 0.69792100 0.32510500
vt 0.68941200 0.32207300
vt 0.69792100 0.32207300
vt 0.68941200 0.33671500
vt 0.67239500 0.33091000
vt 0.68941200 0.33091000
vt 0.69792100 0.33091000
vt 0.68941200 0.32800700
vt 0.69792100 0.32800700
vt 0.69792100 0.33671500
vt 0.68941200 0.33381300
vt 0.69792100 0.33381300
vt 0.68941200 0.34808300
vt 0.67239500 0.34239900
vt 0.68941200 0.34239900
vt 0.69792100 0.34239900
vt 0.68941200 0.33955700
vt 0.69792100 0.33955700
vt 0.69792100 0.34808300
vt 0.68941200 0.34524100
vt 0.69792100 0.34524100
vt 0.68941200 0.35993800
vt 0.67239500 0.35401100
vt 0.68941200 0.35401100
vt 0.69792100 0.35401100
vt 0.68941200 0.35104700
vt 0.69792100 0.35104700
vt 0.69792100 0.35993800
vt 0.68941200 0.35697400
vt 0.69792100 0.35697400
vt 0.68941200 0.37154800
vt 0.67239500 0.36574300
vt 0.68941200 0.36574300
vt 0.69792100 0.36574300
vt 0.68941200 0.36284100
vt 0.69792100 0.36284100
vt 0.69792100 0.37154800
vt 0.68941200 0.36864500
vt 0.69792100 0.36864500
vt 0.68941200 0.38272000
vt 0.67239500 0.37713400
vt 0.68941200 0.37713400
vt 0.69792100 0.37713400
vt 0.68941200 0.37434100
vt 0.69792100 0.37434100
vt 0.70217500 0.37713400
vt 0.69792100 0.37573700
vt 0.70217500 0.37434100
vt 0.70217500 0.37573700
vt 0.69792100 0.38272000
vt 0.68941200 0.37992700
vt 0.69792100 0.37992700
vt 0.68941200 0.39488900
vt 0.67239500 0.38880500
vt 0.68941200 0.38880500
vt 0.70430200 0.37573700
vt 0.70217500 0.37503900
vt 0.70430200 0.37434100
vt 0.70430200 0.37503900
vt 0.69792100 0.37294400
vt 0.70217500 0.37154800
vt 0.70217500 0.37294400
vt 0.70642900 0.38225200
vt 0.70642900 0.38615200
vt 0.70642900 0.39005300
vt 0.70642900 0.39395300
vt 0.70642900 0.39785400
vt 0.70642900 0.40175400
vt 0.70642900 0.40565500
vt 0.70642900 0.40955500
vt 0.70642900 0.41345600
vt 0.70642900 0.41735600
vt 0.70642900 0.42125700
vt 0.70642900 0.42515800
vt 0.70642900 0.42905800
vt 0.70642900 0.43295900
vt 0.70642900 0.43685900
vt 0.70642900 0.44076000
vt 0.70642900 0.44466000
vt 0.70642900 0.44856100
vt 0.70642900 0.45246100
vt 0.70642900 0.45636200
vt 0.70642900 0.46026200
vt 0.70642900 0.46416300
vt 0.70642900 0.46806300
vt 0.70642900 0.47196400
vt 0.70642900 0.47586400
vt 0.70642900 0.47976500
vt 0.70642900 0.48366500
vt 0.70642900 0.48756600
vt 0.70642900 0.49146700
vt 0.70642900 0.49536700
vt 0.70642900 0.49926800
vt 0.70642900 0.49926800
vt 0.69792100 0.38880500
vt 0.68941200 0.38576200
vt 0.69792100 0.38576200
vt 0.69792100 0.39488900
vt 0.68941200 0.39184700
vt 0.69792100 0.39184700
vt 0.68941200 0.40659100
vt 0.67239500 0.40074000
vt 0.68941200 0.40074000
vt 0.69792100 0.40074000
vt 0.68941200 0.39781500
vt 0.69792100 0.39781500
vt 0.69792100 0.40659100
vt 0.68941200 0.40366600
vt 0.69792100 0.40366600
vt 0.68941200 0.41799200
vt 0.67239500 0.41229100
vt 0.68941200 0.41229100
vt 0.69792100 0.41229100
vt 0.68941200 0.40944100
vt 0.69792100 0.40944100
vt 0.69792100 0.41799200
vt 0.68941200 0.41514100
vt 0.69792100 0.41514100
vt 0.68941200 0.42960300
vt 0.67239500 0.42379700
vt 0.68941200 0.42379700
vt 0.69792100 0.42379700
vt 0.68941200 0.42089400
vt 0.69792100 0.42089400
vt 0.69792100 0.42960300
vt 0.68941200 0.42670000
vt 0.69792100 0.42670000
vt 0.68941200 0.44169600
vt 0.67239500 0.43564900
vt 0.68941200 0.43564900
vt 0.69792100 0.43564900
vt 0.68941200 0.43262600
vt 0.69792100 0.43262600
vt 0.69792100 0.44169600
vt 0.68941200 0.43867300
vt 0.69792100 0.43867300
vt 0.68941200 0.45246100
vt 0.67239500 0.44707900
vt 0.68941200 0.44707900
vt 0.69792100 0.44707900
vt 0.68941200 0.44438700
vt 0.69792100 0.44438700
vt 0.69792100 0.45246100
vt 0.68941200 0.44977000
vt 0.69792100 0.44977000
vt 0.68941200 0.46443600
vt 0.67239500 0.45844800
vt 0.68941200 0.45844800
vt 0.69792100 0.45844800
vt 0.68941200 0.45545500
vt 0.69792100 0.45545500
vt 0.69792100 0.46443600
vt 0.68941200 0.46144200
vt 0.69792100 0.46144200
vt 0.68941200 0.47604600
vt 0.67239500 0.47024100
vt 0.68941200 0.47024100
vt 0.69792100 0.47024100
vt 0.68941200 0.46733800
vt 0.69792100 0.46733800
vt 0.69792100 0.47604600
vt 0.68941200 0.47314400
vt 0.69792100 0.47314400
vt 0.68941200 0.48765700
vt 0.67239500 0.48185200
vt 0.68941200 0.48185200
vt 0.69792100 0.48185200
vt 0.68941200 0.47894900
vt 0.69792100 0.47894900
vt 0.69792100 0.48765700
vt 0.68941200 0.48475500
vt 0.69792100 0.48475500
vt 0.68941200 0.49926800
vt 0.67239500 0.49346300
vt 0.68941200 0.49346300
vt 0.69792100 0.49346300
vt 0.68941200 0.49056000
vt 0.69792100 0.49056000
vt 0.69792100 0.49926800
vt 0.68941200 0.49636500
vt 0.69792100 0.49636500
vt 0.68941200 0.51087900
vt 0.67239500 0.50507300
vt 0.68941200 0.50507300
vt 0.69792100 0.50507300
vt 0.68941200 0.50217100
vt 0.69792100 0.50217100
vt 0.70217500 0.50217100
vt 0.69792100 0.50071900
vt 0.70217500 0.49926800
vt 0.70217500 0.50071900
vt 0.70430200 0.50071900
vt 0.70217500 0.49999300
vt 0.70430200 0.49926800
vt 0.70430200 0.49999300
vt 0.69792100 0.49781600
vt 0.70217500 0.49636500
vt 0.70217500 0.49781600
vt 0.70536500 0.49999300
vt 0.70430200 0.49963000
vt 0.70536500 0.49926800
vt 0.70536500 0.49963000
vt 0.70217500 0.49854200
vt 0.70430200 0.49781600
vt 0.70430200 0.49854200
vt 0.70589700 0.49963000
vt 0.70536500 0.49944900
vt 0.70589700 0.49926800
vt 0.70589700 0.49944900
vt 0.70430200 0.49890500
vt 0.70536500 0.49854200
vt 0.70536500 0.49890500
vt 0.70616300 0.49944900
vt 0.70589700 0.49935800
vt 0.70616300 0.49926800
vt 0.70616300 0.49935800
vt 0.70536500 0.49908600
vt 0.70589700 0.49890500
vt 0.70589700 0.49908600
vt 0.70629600 0.49935800
vt 0.70616300 0.49931300
vt 0.70629600 0.49926800
vt 0.70629600 0.49931300
vt 0.70589700 0.49917700
vt 0.70616300 0.49908600
vt 0.70616300 0.49917700
vt 0.70636200 0.49931300
vt 0.70629600 0.49929000
vt 0.70636200 0.49926800
vt 0.70636200 0.49929000
vt 0.70616300 0.49922200
vt 0.70629600 0.49917700
vt 0.70629600 0.49922200
vt 0.70639600 0.49929000
vt 0.70636200 0.49927900
vt 0.70639600 0.49926800
vt 0.70639600 0.49927900
vt 0.70629600 0.49924500
vt 0.70636200 0.49922200
vt 0.70636200 0.49924500
vt 0.70641200 0.49927900
vt 0.70639600 0.49927300
vt 0.70641200 0.49926800
vt 0.70641200 0.49926800
vt 0.70641200 0.49927300
vt 0.70636200 0.49925600
vt 0.70639600 0.49924500
vt 0.70639600 0.49925600
vt 0.70642900 0.50316800
vt 0.70642900 0.50706900
vt 0.70642900 0.51096900
vt 0.70642900 0.51487000
vt 0.70642900 0.51877000
vt 0.70642900 0.52267100
vt 0.70642900 0.52657100
vt 0.70642900 0.53047200
vt 0.70642900 0.53437200
vt 0.70642900 0.53827300
vt 0.70642900 0.54217400
vt 0.70642900 0.54607400
vt 0.70642900 0.54997500
vt 0.70642900 0.55387500
vt 0.70642900 0.55777600
vt 0.70642900 0.56167600
vt 0.70642900 0.56557700
vt 0.70642900 0.56947700
vt 0.70642900 0.57337800
vt 0.70642900 0.57727800
vt 0.70642900 0.58153500
vt 0.69792100 0.51087900
vt 0.68941200 0.50797600
vt 0.69792100 0.50797600
vt 0.68941200 0.52248900
vt 0.68941200 0.51668400
vt 0.69792100 0.51668400
vt 0.68941200 0.51378200
vt 0.69792100 0.51378200
vt 0.69792100 0.52248900
vt 0.68941200 0.51958700
vt 0.69792100 0.51958700
vt 0.68941200 0.53409900
vt 0.68941200 0.52829400
vt 0.69792100 0.52829400
vt 0.68941200 0.52539200
vt 0.69792100 0.52539200
vt 0.69792100 0.53409900
vt 0.68941200 0.53119700
vt 0.69792100 0.53119700
vt 0.68941200 0.54607400
vt 0.68941200 0.54008700
vt 0.69792100 0.54008700
vt 0.68941200 0.53709300
vt 0.69792100 0.53709300
vt 0.69792100 0.54607400
vt 0.68941200 0.54308000
vt 0.69792100 0.54308000
vt 0.68941200 0.55732200
vt 0.68941200 0.55169800
vt 0.69792100 0.55169800
vt 0.68941200 0.54888600
vt 0.69792100 0.54888600
vt 0.69792100 0.55732200
vt 0.68941200 0.55451000
vt 0.69792100 0.55451000
vt 0.68941200 0.56893300
vt 0.68941200 0.56312800
vt 0.69792100 0.56312800
vt 0.68941200 0.56022500
vt 0.69792100 0.56022500
vt 0.69792100 0.56893300
vt 0.68941200 0.56603000
vt 0.69792100 0.56603000
vt 0.68941200 0.58054300
vt 0.68941200 0.57473800
vt 0.69792100 0.57473800
vt 0.68941200 0.57183600
vt 0.69792100 0.57183600
vt 0.69792100 0.58054300
vt 0.68941200 0.57764100
vt 0.69792100 0.57764100
vt 0.68941200 0.59215500
vt 0.68941200 0.58634900
vt 0.69792100 0.58634900
vt 0.68941200 0.58344600
vt 0.69792100 0.58344600
vt 0.70642900 0.58720800
vt 0.70642900 0.59288000
vt 0.70642900 0.59678100
vt 0.70642900 0.60068100
vt 0.70642900 0.60458200
vt 0.70642900 0.60848200
vt 0.70642900 0.61238300
vt 0.70642900 0.61628300
vt 0.70642900 0.62018400
vt 0.70642900 0.62408400
vt 0.70642900 0.62492000
vt 0.68941200 0.60376600
vt 0.68941200 0.59796000
vt 0.69792100 0.59796000
vt 0.68941200 0.59505800
vt 0.69792100 0.59215500
vt 0.69792100 0.59505800
vt 0.69792100 0.60376600
vt 0.68941200 0.60086300
vt 0.69792100 0.60086300
vt 0.68941200 0.61537700
vt 0.68941200 0.60957100
vt 0.69792100 0.60957100
vt 0.68941200 0.60666900
vt 0.69792100 0.60666900
vt 0.69792100 0.61537700
vt 0.68941200 0.61247400
vt 0.69792100 0.61247400
vt 0.68941200 0.62650300
vt 0.68941200 0.62094000
vt 0.69792100 0.62094000
vt 0.68941200 0.61815800
vt 0.69792100 0.61815800
vt 0.69792100 0.62650300
vt 0.68941200 0.62372100
vt 0.69792100 0.62372100
vt 0.68941200 0.63859800
vt 0.68941200 0.63255100
vt 0.70217500 0.62650300
vt 0.69792100 0.62511200
vt 0.70217500 0.62372100
vt 0.70217500 0.62511200
vt 0.69792100 0.63255100
vt 0.68941200 0.62952700
vt 0.69792100 0.62952700
vt 0.70430200 0.62511200
vt 0.70217500 0.62441700
vt 0.70430200 0.62372100
vt 0.70430200 0.62441700
vt 0.69792100 0.62233000
vt 0.70217500 0.62094000
vt 0.70217500 0.62233000
vt 0.70642900 0.63188600
vt 0.70642900 0.63578600
vt 0.70642900 0.63968700
vt 0.70642900 0.64358700
vt 0.70642900 0.64748800
vt 0.70642900 0.65138800
vt 0.70642900 0.65528900
vt 0.70642900 0.65918900
vt 0.70642900 0.66309000
vt 0.70642900 0.66699000
vt 0.70642900 0.67089100
vt 0.70642900 0.67479100
vt 0.70642900 0.67869200
vt 0.70642900 0.68259200
vt 0.70642900 0.68649300
vt 0.70642900 0.69039300
vt 0.70642900 0.69429400
vt 0.70642900 0.69819500
vt 0.70642900 0.70209500
vt 0.70642900 0.70599600
vt 0.70642900 0.70989600
vt 0.70642900 0.71379700
vt 0.70642900 0.71769700
vt 0.70642900 0.72159800
vt 0.70642900 0.72549800
vt 0.70642900 0.72939900
vt 0.70642900 0.73329900
vt 0.70642900 0.73720000
vt 0.70642900 0.74110000
vt 0.70642900 0.74500100
vt 0.70642900 0.74890100
vt 0.70642900 0.75057300
vt 0.69792100 0.63859800
vt 0.68941200 0.63557400
vt 0.69792100 0.63557400
vt 0.68941200 0.65020900
vt 0.68941200 0.64440400
vt 0.69792100 0.64440400
vt 0.68941200 0.64150100
vt 0.69792100 0.64150100
vt 0.69792100 0.65020900
vt 0.68941200 0.64730600
vt 0.69792100 0.64730600
vt 0.68941200 0.66182000
vt 0.68941200 0.65601500
vt 0.69792100 0.65601500
vt 0.68941200 0.65311200
vt 0.69792100 0.65311200
vt 0.69792100 0.66182000
vt 0.68941200 0.65891800
vt 0.69792100 0.65891800
vt 0.68941200 0.67343100
vt 0.68941200 0.66762600
vt 0.69792100 0.66762600
vt 0.68941200 0.66472300
vt 0.69792100 0.66472300
vt 0.69792100 0.67343100
vt 0.68941200 0.67052800
vt 0.69792100 0.67052800
vt 0.68941200 0.68504200
vt 0.68941200 0.67923600
vt 0.69792100 0.67923600
vt 0.68941200 0.67633400
vt 0.69792100 0.67633400
vt 0.69792100 0.68504200
vt 0.68941200 0.68213900
vt 0.69792100 0.68213900
vt 0.68941200 0.69665200
vt 0.68941200 0.69084700
vt 0.69792100 0.69084700
vt 0.68941200 0.68794400
vt 0.69792100 0.68794400
vt 0.69792100 0.69665200
vt 0.68941200 0.69375000
vt 0.69792100 0.69375000
vt 0.68941200 0.70826300
vt 0.68941200 0.70245700
vt 0.69792100 0.70245700
vt 0.68941200 0.69955500
vt 0.69792100 0.69955500
vt 0.69792100 0.70826300
vt 0.68941200 0.70536000
vt 0.69792100 0.70536000
vt 0.68941200 0.71987500
vt 0.68941200 0.71406900
vt 0.69792100 0.71406900
vt 0.68941200 0.71116600
vt 0.69792100 0.71116600
vt 0.69792100 0.71987500
vt 0.68941200 0.71697200
vt 0.69792100 0.71697200
vt 0.68941200 0.73148600
vt 0.68941200 0.72568000
vt 0.69792100 0.72568000
vt 0.68941200 0.72277800
vt 0.69792100 0.72277800
vt 0.69792100 0.73148600
vt 0.68941200 0.72858300
vt 0.69792100 0.72858300
vt 0.68941200 0.74351900
vt 0.68941200 0.73750200
vt 0.69792100 0.73750200
vt 0.68941200 0.73449400
vt 0.69792100 0.73449400
vt 0.69792100 0.74351900
vt 0.68941200 0.74051000
vt 0.69792100 0.74051000
vt 0.68941200 0.75470600
vt 0.67239500 0.74911200
vt 0.68941200 0.74911200
vt 0.69792100 0.74911200
vt 0.68941200 0.74631500
vt 0.69792100 0.74631500
vt 0.70217500 0.74911200
vt 0.69792100 0.74771400
vt 0.70217500 0.74631500
vt 0.70217500 0.74771400
vt 0.69792100 0.75470600
vt 0.68941200 0.75190900
vt 0.69792100 0.75190900
vt 0.68941200 0.76631900
vt 0.67239500 0.76051200
vt 0.68941200 0.76051200
vt 0.70217500 0.75190900
vt 0.69792100 0.75051100
vt 0.70217500 0.75051100
vt 0.70642900 0.75670200
vt 0.70642900 0.76060300
vt 0.70642900 0.76450400
vt 0.70642900 0.76840400
vt 0.70642900 0.77230500
vt 0.70642900 0.77620500
vt 0.70642900 0.78010600
vt 0.70642900 0.78400600
vt 0.70642900 0.78790700
vt 0.70642900 0.79180700
vt 0.70642900 0.79570800
vt 0.70642900 0.79960800
vt 0.70642900 0.80350900
vt 0.70642900 0.80740900
vt 0.70642900 0.81131000
vt 0.70642900 0.81521000
vt 0.70642900 0.81911100
vt 0.70642900 0.82301100
vt 0.70642900 0.82691200
vt 0.70642900 0.83081300
vt 0.70642900 0.83471300
vt 0.70642900 0.83861400
vt 0.70642900 0.84251400
vt 0.70642900 0.84641500
vt 0.70642900 0.85031500
vt 0.70642900 0.85421600
vt 0.70642900 0.85811600
vt 0.70642900 0.86201700
vt 0.70642900 0.86591700
vt 0.70642900 0.86981800
vt 0.70642900 0.87371800
vt 0.70642900 0.87455500
vt 0.69792100 0.76051200
vt 0.68941200 0.75760900
vt 0.69792100 0.75760900
vt 0.69792100 0.76631900
vt 0.68941200 0.76341500
vt 0.69792100 0.76341500
vt 0.68941200 0.77792700
vt 0.67239500 0.77212300
vt 0.68941200 0.77212300
vt 0.69792100 0.77212300
vt 0.68941200 0.76922100
vt 0.69792100 0.76922100
vt 0.69792100 0.77792700
vt 0.68941200 0.77502500
vt 0.69792100 0.77502500
vt 0.68941200 0.78953900
vt 0.67239500 0.78373300
vt 0.68941200 0.78373300
vt 0.69792100 0.78373300
vt 0.68941200 0.78083000
vt 0.69792100 0.78083000
vt 0.69792100 0.78953900
vt 0.68941200 0.78663600
vt 0.69792100 0.78663600
vt 0.68941200 0.80115000
vt 0.67239500 0.79534500
vt 0.68941200 0.79534500
vt 0.69792100 0.79534500
vt 0.68941200 0.79244200
vt 0.69792100 0.79244200
vt 0.69792100 0.80115000
vt 0.68941200 0.79824800
vt 0.69792100 0.79824800
vt 0.68941200 0.81276200
vt 0.67239500 0.80695600
vt 0.68941200 0.80695600
vt 0.69792100 0.80695600
vt 0.68941200 0.80405300
vt 0.69792100 0.80405300
vt 0.69792100 0.81276200
vt 0.68941200 0.80985900
vt 0.69792100 0.80985900
vt 0.68941200 0.82437300
vt 0.67239500 0.81856700
vt 0.68941200 0.81856700
vt 0.69792100 0.81856700
vt 0.68941200 0.81566500
vt 0.69792100 0.81566500
vt 0.69792100 0.82437300
vt 0.68941200 0.82147000
vt 0.69792100 0.82147000
vt 0.68941200 0.83598300
vt 0.67239500 0.83017800
vt 0.68941200 0.83017800
vt 0.69792100 0.83017800
vt 0.68941200 0.82727600
vt 0.69792100 0.82727600
vt 0.69792100 0.83598300
vt 0.68941200 0.83308100
vt 0.69792100 0.83308100
vt 0.68941200 0.84735100
vt 0.67239500 0.84166700
vt 0.68941200 0.84166700
vt 0.69792100 0.84166700
vt 0.68941200 0.83882500
vt 0.69792100 0.83882500
vt 0.69792100 0.84735100
vt 0.68941200 0.84450900
vt 0.69792100 0.84450900
vt 0.68941200 0.85905200
vt 0.67239500 0.85320200
vt 0.68941200 0.85320200
vt 0.69792100 0.85320200
vt 0.68941200 0.85027600
vt 0.69792100 0.85027600
vt 0.69792100 0.85905200
vt 0.68941200 0.85612700
vt 0.69792100 0.85612700
vt 0.68941200 0.87081600
vt 0.67239500 0.86493400
vt 0.68941200 0.86493400
vt 0.69792100 0.86493400
vt 0.68941200 0.86199300
vt 0.69792100 0.86199300
vt 0.69792100 0.87081600
vt 0.68941200 0.86787500
vt 0.69792100 0.86787500
vt 0.68941200 0.88198700
vt 0.67239500 0.87640200
vt 0.68941200 0.87640200
vt 0.69792100 0.87640200
vt 0.68941200 0.87360900
vt 0.69792100 0.87360900
vt 0.70217500 0.87640200
vt 0.69792100 0.87500500
vt 0.70217500 0.87360900
vt 0.70217500 0.87500500
vt 0.69792100 0.88198700
vt 0.68941200 0.87919500
vt 0.69792100 0.87919500
vt 0.68941200 0.89415700
vt 0.67239500 0.88807200
vt 0.68941200 0.88807200
vt 0.70430200 0.87500500
vt 0.70217500 0.87430700
vt 0.70430200 0.87360900
vt 0.70430200 0.87430700
vt 0.69792100 0.87221200
vt 0.70217500 0.87081600
vt 0.70217500 0.87221200
vt 0.70642900 0.87761900
vt 0.70642900 0.88151900
vt 0.70642900 0.88542000
vt 0.70642900 0.88932000
vt 0.70642900 0.89322100
vt 0.70642900 0.89712100
vt 0.70642900 0.90102200
vt 0.70642900 0.90492200
vt 0.70642900 0.90882300
vt 0.70642900 0.91272400
vt 0.70642900 0.91662400
vt 0.70642900 0.92052500
vt 0.70642900 0.92442500
vt 0.70642900 0.92832600
vt 0.70642900 0.93222600
vt 0.70642900 0.93612700
vt 0.70642900 0.94002700
vt 0.70642900 0.94392800
vt 0.70642900 0.94782800
vt 0.70642900 0.95172900
vt 0.70642900 0.95562900
vt 0.70642900 0.95953000
vt 0.70642900 0.96343000
vt 0.70642900 0.96733100
vt 0.70642900 0.97123100
vt 0.70642900 0.97513200
vt 0.70642900 0.97903300
vt 0.70642900 0.98293300
vt 0.70642900 0.98683400
vt 0.70642900 0.99073400
vt 0.70642900 0.99463500
vt 0.70642900 0.99658500
vt 0.70642900 0.99756000
vt 0.69792100 0.88807200
vt 0.68941200 0.88503000
vt 0.69792100 0.88503000
vt 0.69792100 0.89415700
vt 0.68941200 0.89111500
vt 0.69792100 0.89111500
vt 0.68941200 0.90585900
vt 0.67239500 0.90000800
vt 0.68941200 0.90000800
vt 0.69792100 0.90000800
vt 0.68941200 0.89708200
vt 0.69792100 0.89708200
vt 0.69792100 0.90585900
vt 0.68941200 0.90293300
vt 0.69792100 0.90293300
vt 0.68941200 0.91725800
vt 0.67239500 0.91155900
vt 0.68941200 0.91155900
vt 0.69792100 0.91155900
vt 0.68941200 0.90870900
vt 0.69792100 0.90870900
vt 0.69792100 0.91725800
vt 0.68941200 0.91440900
vt 0.69792100 0.91440900
vt 0.68941200 0.92887000
vt 0.67239500 0.92306400
vt 0.68941200 0.92306400
vt 0.69792100 0.92306400
vt 0.68941200 0.92016100
vt 0.69792100 0.92016100
vt 0.69792100 0.92887000
vt 0.68941200 0.92596700
vt 0.69792100 0.92596700
vt 0.68941200 0.94096300
vt 0.67239500 0.93491700
vt 0.68941200 0.93491700
vt 0.69792100 0.93491700
vt 0.68941200 0.93189300
vt 0.69792100 0.93189300
vt 0.69792100 0.94096300
vt 0.68941200 0.93794000
vt 0.69792100 0.93794000
vt 0.68941200 0.95172900
vt 0.67239500 0.94634600
vt 0.68941200 0.94634600
vt 0.69792100 0.94634600
vt 0.68941200 0.94365500
vt 0.69792100 0.94365500
vt 0.69792100 0.95172900
vt 0.68941200 0.94903700
vt 0.69792100 0.94903700
vt 0.68941200 0.96370300
vt 0.67239500 0.95771600
vt 0.68941200 0.95771600
vt 0.69792100 0.95771600
vt 0.68941200 0.95472200
vt 0.69792100 0.95472200
vt 0.69792100 0.96370300
vt 0.68941200 0.96071000
vt 0.69792100 0.96071000
vt 0.68941200 0.97531400
vt 0.67239500 0.96950900
vt 0.68941200 0.96950900
vt 0.69792100 0.96950900
vt 0.68941200 0.96660600
vt 0.69792100 0.96660600
vt 0.69792100 0.97531400
vt 0.68941200 0.97241100
vt 0.69792100 0.97241100
vt 0.67239500 0.98111900
vt 0.68941200 0.98111900
vt 0.69792100 0.98111900
vt 0.68941200 0.97821700
vt 0.69792100 0.97821700
vt 0.69792100 0.98692500
vt 0.68941200 0.98402200
vt 0.69792100 0.98402200
vt 0.68941200 0.98982700
vt 0.69792100 0.98982700
vt 0.69792100 0.99418100
vt 0.70217500 0.99273000
vt 0.70217500 0.99418100
vt 0.70430200 0.99708400
vt 0.70217500 0.99635800
vt 0.70430200 0.99563200
vt 0.70430200 0.99635800
vt 0.70430200 0.99853500
vt 0.70217500 0.99781000
vt 0.70430200 0.99781000
vt 0.64641000 0.95172900
vt 0.64641000 0.94096300
vt 0.64641000 0.94634600
vt 0.64641000 0.91725800
vt 0.64641000 0.90585900
vt 0.64641000 0.91155900
vt 0.64641000 0.88198700
vt 0.64641000 0.87081600
vt 0.64641000 0.87640200
vt 0.64641000 0.84735100
vt 0.64641000 0.83598300
vt 0.64641000 0.84166700
vt 0.64641000 0.75470600
vt 0.64641000 0.74911200
vt 0.64641000 0.45246100
vt 0.64641000 0.44169600
vt 0.64641000 0.44707900
vt 0.64641000 0.41799200
vt 0.64641000 0.40659100
vt 0.64641000 0.41229100
vt 0.64641000 0.38272000
vt 0.64641000 0.37154800
vt 0.64641000 0.37713400
vt 0.64641000 0.34808300
vt 0.64641000 0.33671500
vt 0.64641000 0.34239900
vt 0.64641000 0.31297800
vt 0.64641000 0.30188200
vt 0.64641000 0.30743000
vt 0.64641000 0.25543900
vt 0.64641000 0.24984500
f 2/2/2 242/242/242 243/243/243
f 243/243/243 241/241/241 2/2/2
f 241/241/241 1/1/1 7/7/7
f 8/8/8 2/2/2 241/241/241
f 7/7/7 8/8/8 241/241/241
f 9/9/9 3/3/3 2/2/2
f 2/2/2 8/8/8 9/9/9
f 10/10/10 4/4/4 3/3/3
f 3/3/3 9/9/9 10/10/10
f 11/11/11 5/5/5 4/4/4
f 4/4/4 10/10/10 11/11/11
f 14/14/14 198/198/198 200/200/200
f 200/200/200 197/197/197 14/14/14
f 198/198/198 6/6/6 196/196/196
f 196/196/196 200/200/200 198/198/198
f 197/197/197 200/200/200 199/199/199
f 199/199/199 13/13/13 197/197/197
f 198/198/198 14/14/14 15/15/15
f 7/7/7 6/6/6 198/198/198
f 15/15/15 7/7/7 198/198/198
f 16/16/16 8/8/8 7/7/7
f 7/7/7 15/15/15 16/16/16
f 17/17/17 9/9/9 8/8/8
f 8/8/8 16/16/16 17/17/17
f 18/18/18 10/10/10 9/9/9
f 9/9/9 17/17/17 18/18/18
f 19/19/19 11/11/11 10/10/10
f 10/10/10 18/18/18 19/19/19
f 239/239/239 12/12/12 11/11/11
f 19/19/19 20/20/20 239/239/239
f 11/11/11 19/19/19 239/239/239
f 21/21/21 236/236/236 240/240/240
f 240/240/240 237/237/237 21/21/21
f 240/240/240 238/238/238 12/12/12
f 12/12/12 239/239/239 240/240/240
f 237/237/237 240/240/240 239/239/239
f 239/239/239 20/20/20 237/237/237
f 22/22/22 202/202/202 203/203/203
f 203/203/203 201/201/201 22/22/22
f 197/197/197 13/13/13 202/202/202
f 202/202/202 22/22/22 23/23/23
f 23/23/23 14/14/14 197/197/197
f 197/197/197 202/202/202 23/23/23
f 24/24/24 15/15/15 14/14/14
f 14/14/14 23/23/23 24/24/24
f 25/25/25 16/16/16 15/15/15
f 15/15/15 24/24/24 25/25/25
f 26/26/26 17/17/17 16/16/16
f 16/16/16 25/25/25 26/26/26
f 27/27/27 18/18/18 17/17/17
f 17/17/17 26/26/26 27/27/27
f 28/28/28 19/19/19 18/18/18
f 18/18/18 27/27/27 28/28/28
f 29/29/29 20/20/20 19/19/19
f 19/19/19 28/28/28 29/29/29
f 234/234/234 21/21/21 237/237/237
f 237/237/237 20/20/20 29/29/29
f 29/29/29 30/30/30 234/234/234
f 234/234/234 237/237/237 29/29/29
f 231/231/231 235/235/235 234/234/234
f 234/234/234 30/30/30 231/231/231
f 31/31/31 205/205/205 206/206/206
f 206/206/206 204/204/204 31/31/31
f 205/205/205 22/22/22 201/201/201
f 201/201/201 206/206/206 205/205/205
f 205/205/205 31/31/31 32/32/32
f 23/23/23 22/22/22 205/205/205
f 32/32/32 23/23/23 205/205/205
f 33/33/33 24/24/24 23/23/23
f 23/23/23 32/32/32 33/33/33
f 34/34/34 25/25/25 24/24/24
f 24/24/24 33/33/33 34/34/34
f 35/35/35 26/26/26 25/25/25
f 25/25/25 34/34/34 35/35/35
f 36/36/36 27/27/27 26/26/26
f 26/26/26 35/35/35 36/36/36
f 37/37/37 28/28/28 27/27/27
f 27/27/27 36/36/36 37/37/37
f 38/38/38 29/29/29 28/28/28
f 28/28/28 37/37/37 38/38/38
f 232/232/232 30/30/30 29/29/29
f 38/38/38 39/39/39 232/232/232
f 29/29/29 38/38/38 232/232/232
f 233/233/233 231/231/231 30/30/30
f 30/30/30 232/232/232 233/233/233
f 228/228/228 233/233/233 232/232/232
f 232/232/232 39/39/39 228/228/228
f 40/40/40 208/208/208 209/209/209
f 209/209/209 207/207/207 40/40/40
f 208/208/208 31/31/31 204/204/204
f 204/204/204 209/209/209 208/208/208
f 208/208/208 40/40/40 41/41/41
f 32/32/32 31/31/31 208/208/208
f 41/41/41 32/32/32 208/208/208
f 42/42/42 33/33/33 32/32/32
f 32/32/32 41/41/41 42/42/42
f 43/43/43 34/34/34 33/33/33
f 33/33/33 42/42/42 43/43/43
f 44/44/44 35/35/35 34/34/34
f 34/34/34 43/43/43 44/44/44
f 45/45/45 36/36/36 35/35/35
f 35/35/35 44/44/44 45/45/45
f 46/46/46 37/37/37 36/36/36
f 36/36/36 45/45/45 46/46/46
f 47/47/47 38/38/38 37/37/37
f 37/37/37 46/46/46 47/47/47
f 229/229/229 39/39/39 38/38/38
f 47/47/47 48/48/48 229/229/229
f 38/38/38 47/47/47 229/229/229
f 230/230/230 228/228/228 39/39/39
f 39/39/39 229/229/229 230/230/230
f 225/225/225 230/230/230 229/229/229
f 229/229/229 48/48/48 225/225/225
f 210/210/210 40/40/40 207/207/207
f 207/207/207 211/211/211 210/210/210
f 210/210/210 49/49/49 215/215/215
f 215/215/215 50/50/50 41/41/41
f 41/41/41 40/40/40 210/210/210
f 210/210/210 215/215/215 41/41/41
f 51/51/51 42/42/42 41/41/41
f 41/41/41 50/50/50 51/51/51
f 52/52/52 43/43/43 42/42/42
f 42/42/42 51/51/51 52/52/52
f 53/53/53 44/44/44 43/43/43
f 43/43/43 52/52/52 53/53/53
f 54/54/54 45/45/45 44/44/44
f 44/44/44 53/53/53 54/54/54
f 55/55/55 46/46/46 45/45/45
f 45/45/45 54/54/54 55/55/55
f 56/56/56 47/47/47 46/46/46
f 46/46/46 55/55/55 56/56/56
f 222/222/222 57/57/57 226/226/226
f 226/226/226 48/48/48 47/47/47
f 47/47/47 56/56/56 222/222/222
f 222/222/222 226/226/226 47/47/47
f 227/227/227 225/225/225 48/48/48
f 48/48/48 226/226/226 227/227/227
f 58/58/58 214/214/214 216/216/216
f 216/216/216 213/213/213 58/58/58
f 214/214/214 50/50/50 215/215/215
f 215/215/215 216/216/216 214/214/214
f 216/216/216 215/215/215 49/49/49
f 49/49/49 212/212/212 216/216/216
f 214/214/214 58/58/58 59/59/59
f 51/51/51 50/50/50 214/214/214
f 59/59/59 51/51/51 214/214/214
f 60/60/60 52/52/52 51/51/51
f 51/51/51 59/59/59 60/60/60
f 61/61/61 53/53/53 52/52/52
f 52/52/52 60/60/60 61/61/61
f 62/62/62 54/54/54 53/53/53
f 53/53/53 61/61/61 62/62/62
f 63/63/63 55/55/55 54/54/54
f 54/54/54 62/62/62 63/63/63
f 223/223/223 56/56/56 55/55/55
f 63/63/63 64/64/64 223/223/223
f 55/55/55 63/63/63 223/223/223
f 221/221/221 57/57/57 222/222/222
f 222/222/222 224/224/224 221/221/221
f 224/224/224 222/222/222 56/56/56
f 56/56/56 223/223/223 224/224/224
f 220/220/220 224/224/224 223/223/223
f 223/223/223 64/64/64 220/220/220
f 66/66/66 60/60/60 59/59/59
f 59/59/59 65/65/65 66/66/66
f 67/67/67 61/61/61 60/60/60
f 60/60/60 66/66/66 67/67/67
f 68/68/68 62/62/62 61/61/61
f 61/61/61 67/67/67 68/68/68
f 217/217/217 69/69/69 63/63/63
f 62/62/62 68/68/68 217/217/217
f 63/63/63 62/62/62 217/217/217
f 219/219/219 217/217/217 68/68/68
f 68/68/68 218/218/218 219/219/219
f 195/195/195 70/70/70 6/6/6
f 195/195/195 6/6/6 194/194/194
f 194/194/194 1/1/1 193/193/193
f 196/196/196 70/70/70 71/71/71
f 73/73/73 200/200/200 196/196/196
f 73/73/73 74/74/74 200/200/200
f 70/70/70 196/196/196 6/6/6
f 73/73/73 196/196/196 72/72/72
f 72/72/72 196/196/196 71/71/71
f 6/6/6 7/7/7 194/194/194
f 243/243/243 189/189/189 190/190/190
f 191/191/191 243/243/243 190/190/190
f 242/242/242 189/189/189 243/243/243
f 242/242/242 187/187/187 188/188/188
f 189/189/189 242/242/242 188/188/188
f 242/242/242 3/3/3 187/187/187
f 192/192/192 193/193/193 1/1/1
f 7/7/7 1/1/1 194/194/194
f 191/191/191 192/192/192 1/1/1
f 1/1/1 241/241/241 191/191/191
f 191/191/191 241/241/241 243/243/243
f 2/2/2 3/3/3 242/242/242
f 74/74/74 75/75/75 199/199/199
f 83/83/83 203/203/203 82/82/82
f 81/81/81 203/203/203 80/80/80
f 81/81/81 82/82/82 203/203/203
f 84/84/84 201/201/201 83/83/83
f 89/89/89 206/206/206 88/88/88
f 206/206/206 87/87/87 88/88/88
f 87/87/87 206/206/206 86/86/86
f 201/201/201 85/85/85 86/86/86
f 84/84/84 85/85/85 201/201/201
f 90/90/90 204/204/204 89/89/89
f 77/77/77 13/13/13 199/199/199
f 13/13/13 77/77/77 78/78/78
f 199/199/199 76/76/76 77/77/77
f 75/75/75 76/76/76 199/199/199
f 74/74/74 199/199/199 200/200/200
f 13/13/13 78/78/78 79/79/79
f 83/83/83 201/201/201 203/203/203
f 86/86/86 206/206/206 201/201/201
f 80/80/80 13/13/13 79/79/79
f 204/204/204 206/206/206 89/89/89
f 13/13/13 80/80/80 202/202/202
f 202/202/202 80/80/80 203/203/203
f 204/204/204 90/90/90 91/91/91
f 3/3/3 184/184/184 185/185/185
f 183/183/183 184/184/184 4/4/4
f 4/4/4 182/182/182 183/183/183
f 185/185/185 186/186/186 3/3/3
f 181/181/181 182/182/182 4/4/4
f 3/3/3 4/4/4 184/184/184
f 5/5/5 181/181/181 4/4/4
f 180/180/180 181/181/181 5/5/5
f 177/177/177 5/5/5 11/11/11
f 179/179/179 180/180/180 5/5/5
f 3/3/3 186/186/186 187/187/187
f 177/177/177 12/12/12 176/176/176
f 178/178/178 5/5/5 177/177/177
f 175/175/175 176/176/176 12/12/12
f 238/238/238 174/174/174 175/175/175
f 178/178/178 179/179/179 5/5/5
f 173/173/173 174/174/174 238/238/238
f 12/12/12 238/238/238 175/175/175
f 238/238/238 240/240/240 171/171/171
f 172/172/172 173/173/173 238/238/238
f 172/172/172 238/238/238 171/171/171
f 236/236/236 170/170/170 171/171/171
f 11/11/11 12/12/12 177/177/177
f 170/170/170 236/236/236 169/169/169
f 21/21/21 167/167/167 236/236/236
f 169/169/169 236/236/236 168/168/168
f 167/167/167 168/168/168 236/236/236
f 240/240/240 236/236/236 171/171/171
f 21/21/21 165/165/165 166/166/166
f 167/167/167 21/21/21 166/166/166
f 21/21/21 164/164/164 165/165/165
f 234/234/234 164/164/164 21/21/21
f 161/161/161 235/235/235 231/231/231
f 235/235/235 164/164/164 234/234/234
f 163/163/163 235/235/235 162/162/162
f 161/161/161 162/162/162 235/235/235
f 161/161/161 231/231/231 160/160/160
f 159/159/159 160/160/160 231/231/231
f 163/163/163 164/164/164 235/235/235
f 157/157/157 158/158/158 233/233/233
f 231/231/231 158/158/158 159/159/159
f 156/156/156 157/157/157 233/233/233
f 156/156/156 233/233/233 155/155/155
f 228/228/228 154/154/154 155/155/155
f 233/233/233 158/158/158 231/231/231
f 228/228/228 155/155/155 233/233/233
f 92/92/92 209/209/209 204/204/204
f 93/93/93 94/94/94 209/209/209
f 92/92/92 93/93/93 209/209/209
f 209/209/209 94/94/94 95/95/95
f 207/207/207 96/96/96 97/97/97
f 97/97/97 98/98/98 207/207/207
f 100/100/100 211/211/211 99/99/99
f 211/211/211 98/98/98 99/99/99
f 95/95/95 96/96/96 207/207/207
f 211/211/211 100/100/100 101/101/101
f 95/95/95 207/207/207 209/209/209
f 98/98/98 211/211/211 207/207/207
f 210/210/210 101/101/101 49/49/49
f 101/101/101 210/210/210 211/211/211
f 103/103/103 49/49/49 102/102/102
f 101/101/101 102/102/102 49/49/49
f 212/212/212 49/49/49 104/104/104
f 105/105/105 212/212/212 104/104/104
f 108/108/108 216/216/216 212/212/212
f 105/105/105 106/106/106 212/212/212
f 106/106/106 107/107/107 212/212/212
f 104/104/104 49/49/49 103/103/103
f 216/216/216 108/108/108 213/213/213
f 112/112/112 58/58/58 213/213/213
f 108/108/108 109/109/109 213/213/213
f 109/109/109 110/110/110 213/213/213
f 213/213/213 111/111/111 112/112/112
f 113/113/113 58/58/58 112/112/112
f 58/58/58 114/114/114 59/59/59
f 114/114/114 58/58/58 113/113/113
f 111/111/111 213/213/213 110/110/110
f 115/115/115 65/65/65 114/114/114
f 59/59/59 114/114/114 65/65/65
f 116/116/116 65/65/65 115/115/115
f 117/117/117 65/65/65 116/116/116
f 121/121/121 67/67/67 66/66/66
f 66/66/66 65/65/65 118/118/118
f 65/65/65 117/117/117 118/118/118
f 66/66/66 119/119/119 120/120/120
f 120/120/120 121/121/121 66/66/66
f 122/122/122 123/123/123 67/67/67
f 122/122/122 67/67/67 121/121/121
f 118/118/118 119/119/119 66/66/66
f 124/124/124 67/67/67 123/123/123
f 212/212/212 107/107/107 108/108/108
f 152/152/152 228/228/228 230/230/230
f 149/149/149 230/230/230 225/225/225
f 57/57/57 143/143/143 226/226/226
f 140/140/140 57/57/57 221/221/221
f 139/139/139 140/140/140 221/221/221
f 137/137/137 221/221/221 224/224/224
f 138/138/138 139/139/139 221/221/221
f 57/57/57 141/141/141 142/142/142
f 141/141/141 57/57/57 140/140/140
f 57/57/57 142/142/142 143/143/143
f 149/149/149 225/225/225 148/148/148
f 150/150/150 230/230/230 149/149/149
f 151/151/151 152/152/152 230/230/230
f 151/151/151 230/230/230 150/150/150
f 228/228/228 152/152/152 153/153/153
f 144/144/144 227/227/227 143/143/143
f 226/226/226 143/143/143 227/227/227
f 145/145/145 227/227/227 144/144/144
f 225/225/225 146/146/146 147/147/147
f 145/145/145 146/146/146 227/227/227
f 225/225/225 147/147/147 148/148/148
f 146/146/146 225/225/225 227/227/227
f 154/154/154 228/228/228 153/153/153
f 219/219/219 128/128/128 217/217/217
f 128/128/128 69/69/69 217/217/217
f 129/129/129 69/69/69 128/128/128
f 131/131/131 63/63/63 69/69/69
f 125/125/125 218/218/218 124/124/124
f 67/67/67 218/218/218 68/68/68
f 126/126/126 218/218/218 125/125/125
f 127/127/127 219/219/219 126/126/126
f 218/218/218 126/126/126 219/219/219
f 128/128/128 219/219/219 127/127/127
f 218/218/218 67/67/67 124/124/124
f 135/135/135 220/220/220 134/134/134
f 64/64/64 133/133/133 220/220/220
f 136/136/136 220/220/220 135/135/135
f 136/136/136 224/224/224 220/220/220
f 221/221/221 137/137/137 138/138/138
f 137/137/137 224/224/224 136/136/136
f 64/64/64 63/63/63 131/131/131
f 131/131/131 132/132/132 64/64/64
f 220/220/220 133/133/133 134/134/134
f 133/133/133 64/64/64 132/132/132
f 131/131/131 69/69/69 130/130/130
f 130/130/130 69/69/69 129/129/129
f 92/92/92 204/204/204 91/91/91
f 245/245/245 318/318/318 319/319/319
f 319/319/319 316/316/316 245/245/245
f 244/244/244 319/319/319 318/318/318
f 246/246/246 314/314/314 317/317/317
f 317/317/317 315/315/315 246/246/246
f 314/314/314 245/245/245 316/316/316
f 316/316/316 317/317/317 314/314/314
f 415/415/415 247/247/247 414/414/414
f 414/414/414 246/246/246 315/315/315
f 315/315/315 415/415/415 414/414/414
f 249/249/249 428/428/428 431/431/431
f 431/431/431 429/429/429 249/249/249
f 429/429/429 431/431/431 320/320/320
f 320/320/320 244/244/244 429/429/429
f 428/428/428 248/248/248 430/430/430
f 430/430/430 431/431/431 428/428/428
f 318/318/318 429/429/429 244/244/244
f 429/429/429 250/250/250 249/249/249
f 250/250/250 318/318/318 245/245/245
f 318/318/318 250/250/250 429/429/429
f 314/314/314 250/250/250 245/245/245
f 251/251/251 314/314/314 246/246/246
f 250/250/250 314/314/314 251/251/251
f 345/345/345 414/414/414 247/247/247
f 414/414/414 251/251/251 246/246/246
f 251/251/251 345/345/345 252/252/252
f 345/345/345 251/251/251 414/414/414
f 253/253/253 343/343/343 346/346/346
f 346/346/346 342/342/342 253/253/253
f 346/346/346 345/345/345 247/247/247
f 247/247/247 344/344/344 346/346/346
f 343/343/343 252/252/252 345/345/345
f 345/345/345 346/346/346 343/343/343
f 254/254/254 365/365/365 434/434/434
f 434/434/434 433/433/433 254/254/254
f 433/433/433 434/434/434 432/432/432
f 432/432/432 248/248/248 433/433/433
f 428/428/428 433/433/433 248/248/248
f 433/433/433 255/255/255 254/254/254
f 255/255/255 428/428/428 249/249/249
f 428/428/428 255/255/255 433/433/433
f 256/256/256 255/255/255 249/249/249
f 249/249/249 250/250/250 256/256/256
f 257/257/257 256/256/256 250/250/250
f 250/250/250 251/251/251 257/257/257
f 258/258/258 257/257/257 251/251/251
f 251/251/251 252/252/252 258/258/258
f 340/340/340 343/343/343 253/253/253
f 343/343/343 258/258/258 252/252/252
f 258/258/258 340/340/340 259/259/259
f 340/340/340 258/258/258 343/343/343
f 341/341/341 340/340/340 253/253/253
f 253/253/253 339/339/339 341/341/341
f 336/336/336 259/259/259 340/340/340
f 340/340/340 341/341/341 336/336/336
f 260/260/260 363/363/363 366/366/366
f 366/366/366 364/364/364 260/260/260
f 364/364/364 366/366/366 365/365/365
f 365/365/365 254/254/254 364/364/364
f 364/364/364 261/261/261 260/260/260
f 255/255/255 364/364/364 254/254/254
f 261/261/261 364/364/364 255/255/255
f 262/262/262 261/261/261 255/255/255
f 255/255/255 256/256/256 262/262/262
f 263/263/263 262/262/262 256/256/256
f 256/256/256 257/257/257 263/263/263
f 264/264/264 263/263/263 257/257/257
f 257/257/257 258/258/258 264/264/264
f 337/337/337 258/258/258 259/259/259
f 264/264/264 337/337/337 265/265/265
f 258/258/258 337/337/337 264/264/264
f 338/338/338 337/337/337 259/259/259
f 259/259/259 336/336/336 338/338/338
f 335/335/335 265/265/265 337/337/337
f 337/337/337 338/338/338 335/335/335
f 266/266/266 367/367/367 369/369/369
f 369/369/369 368/368/368 266/266/266
f 368/368/368 369/369/369 363/363/363
f 363/363/363 260/260/260 368/368/368
f 368/368/368 382/382/382 266/266/266
f 382/382/382 261/261/261 267/267/267
f 261/261/261 368/368/368 260/260/260
f 368/368/368 261/261/261 382/382/382
f 268/268/268 267/267/267 261/261/261
f 261/261/261 262/262/262 268/268/268
f 269/269/269 268/268/268 262/262/262
f 262/262/262 263/263/263 269/269/269
f 270/270/270 269/269/269 263/263/263
f 263/263/263 264/264/264 270/270/270
f 298/298/298 356/356/356 271/271/271
f 356/356/356 264/264/264 265/265/265
f 264/264/264 298/298/298 270/270/270
f 298/298/298 264/264/264 356/356/356
f 357/357/357 356/356/356 265/265/265
f 265/265/265 335/335/335 357/357/357
f 355/355/355 271/271/271 356/356/356
f 356/356/356 357/357/357 355/355/355
f 272/272/272 380/380/380 383/383/383
f 383/383/383 381/381/381 272/272/272
f 381/381/381 383/383/383 382/382/382
f 382/382/382 267/267/267 381/381/381
f 383/383/383 379/379/379 266/266/266
f 266/266/266 382/382/382 383/383/383
f 381/381/381 396/396/396 272/272/272
f 396/396/396 268/268/268 273/273/273
f 268/268/268 381/381/381 267/267/267
f 381/381/381 268/268/268 396/396/396
f 291/291/291 269/269/269 274/274/274
f 268/268/268 291/291/291 273/273/273
f 269/269/269 291/291/291 268/268/268
f 294/294/294 299/299/299 275/275/275
f 299/299/299 269/269/269 270/270/270
f 269/269/269 294/294/294 274/274/274
f 294/294/294 269/269/269 299/299/299
f 297/297/297 300/300/300 298/298/298
f 298/298/298 271/271/271 297/297/297
f 300/300/300 299/299/299 270/270/270
f 270/270/270 298/298/298 300/300/300
f 296/296/296 275/275/275 299/299/299
f 299/299/299 300/300/300 296/296/296
f 292/292/292 397/397/397 396/396/396
f 396/396/396 273/273/273 292/292/292
f 397/397/397 272/272/272 396/396/396
f 290/290/290 293/293/293 291/291/291
f 291/291/291 274/274/274 290/290/290
f 293/293/293 292/292/292 273/273/273
f 273/273/273 291/291/291 293/293/293
f 275/275/275 295/295/295 294/294/294
f 295/295/295 290/290/290 274/274/274
f 274/274/274 294/294/294 295/295/295
f 310/310/310 309/309/309 244/244/244
f 309/309/309 308/308/308 244/244/244
f 244/244/244 311/311/311 310/310/310
f 431/431/431 313/313/313 320/320/320
f 311/311/311 244/244/244 320/320/320
f 313/313/313 312/312/312 320/320/320
f 312/312/312 311/311/311 320/320/320
f 416/416/416 313/313/313 430/430/430
f 319/319/319 244/244/244 308/308/308
f 304/304/304 303/303/303 316/316/316
f 303/303/303 302/302/302 316/316/316
f 316/316/316 305/305/305 304/304/304
f 319/319/319 307/307/307 306/306/306
f 319/319/319 305/305/305 316/316/316
f 316/316/316 302/302/302 317/317/317
f 319/319/319 308/308/308 307/307/307
f 319/319/319 306/306/306 305/305/305
f 301/301/301 317/317/317 302/302/302
f 432/432/432 422/422/422 421/421/421
f 419/419/419 432/432/432 420/420/420
f 421/421/421 420/420/420 432/432/432
f 434/434/434 422/422/422 432/432/432
f 365/365/365 426/426/426 425/425/425
f 424/424/424 423/423/423 434/434/434
f 365/365/365 425/425/425 424/424/424
f 423/423/423 422/422/422 434/434/434
f 427/427/427 426/426/426 365/365/365
f 430/430/430 418/418/418 417/417/417
f 430/430/430 313/313/313 431/431/431
f 419/419/419 418/418/418 430/430/430
f 417/417/417 416/416/416 430/430/430
f 424/424/424 434/434/434 365/365/365
f 432/432/432 419/419/419 248/248/248
f 430/430/430 248/248/248 419/419/419
f 366/366/366 427/427/427 365/365/365
f 366/366/366 358/358/358 427/427/427
f 315/315/315 413/413/413 412/412/412
f 412/412/412 411/411/411 315/315/315
f 317/317/317 301/301/301 413/413/413
f 415/415/415 315/315/315 410/410/410
f 411/411/411 410/410/410 315/315/315
f 408/408/408 415/415/415 409/409/409
f 410/410/410 409/409/409 415/415/415
f 407/407/407 415/415/415 408/408/408
f 317/317/317 413/413/413 315/315/315
f 247/247/247 406/406/406 405/405/405
f 405/405/405 404/404/404 247/247/247
f 407/407/407 406/406/406 247/247/247
f 404/404/404 403/403/403 344/344/344
f 346/346/346 344/344/344 334/334/334
f 403/403/403 402/402/402 344/344/344
f 334/334/334 344/344/344 402/402/402
f 247/247/247 404/404/404 344/344/344
f 247/247/247 415/415/415 407/407/407
f 334/334/334 333/333/333 342/342/342
f 342/342/342 333/333/333 332/332/332
f 332/332/332 331/331/331 342/342/342
f 346/346/346 334/334/334 342/342/342
f 331/331/331 330/330/330 342/342/342
f 253/253/253 342/342/342 330/330/330
f 330/330/330 339/339/339 253/253/253
f 327/327/327 341/341/341 339/339/339
f 329/329/329 339/339/339 330/330/330
f 339/339/339 328/328/328 327/327/327
f 327/327/327 326/326/326 341/341/341
f 325/325/325 341/341/341 326/326/326
f 339/339/339 329/329/329 328/328/328
f 322/322/322 338/338/338 336/336/336
f 324/324/324 323/323/323 336/336/336
f 322/322/322 336/336/336 323/323/323
f 322/322/322 321/321/321 338/338/338
f 325/325/325 324/324/324 336/336/336
f 325/325/325 336/336/336 341/341/341
f 359/359/359 366/366/366 363/363/363
f 359/359/359 363/363/363 360/360/360
f 360/360/360 363/363/363 361/361/361
f 370/370/370 362/362/362 369/369/369
f 372/372/372 371/371/371 367/367/367
f 369/369/369 371/371/371 370/370/370
f 363/363/363 362/362/362 361/361/361
f 372/372/372 367/367/367 373/373/373
f 362/362/362 363/363/363 369/369/369
f 374/374/374 367/367/367 266/266/266
f 367/367/367 371/371/371 369/369/369
f 379/379/379 375/375/375 374/374/374
f 378/378/378 379/379/379 383/383/383
f 375/375/375 379/379/379 376/376/376
f 376/376/376 379/379/379 377/377/377
f 374/374/374 266/266/266 379/379/379
f 374/374/374 373/373/373 367/367/367
f 383/383/383 380/380/380 378/378/378
f 386/386/386 380/380/380 272/272/272
f 380/380/380 384/384/384 378/378/378
f 378/378/378 377/377/377 379/379/379
f 380/380/380 386/386/386 385/385/385
f 387/387/387 272/272/272 388/388/388
f 387/387/387 386/386/386 272/272/272
f 380/380/380 385/385/385 384/384/384
f 389/389/389 388/388/388 272/272/272
f 397/397/397 390/390/390 389/389/389
f 397/397/397 292/292/292 392/392/392
f 292/292/292 293/293/293 395/395/395
f 390/390/390 397/397/397 391/391/391
f 272/272/272 397/397/397 389/389/389
f 392/392/392 292/292/292 393/393/393
f 292/292/292 395/395/395 394/394/394
f 394/394/394 393/393/393 292/292/292
f 391/391/391 397/397/397 392/392/392
f 276/276/276 395/395/395 293/293/293
f 353/353/353 355/355/355 357/357/357
f 355/355/355 350/350/350 271/271/271
f 398/398/398 357/357/357 335/335/335
f 271/271/271 350/350/350 297/297/297
f 347/347/347 297/297/297 348/348/348
f 350/350/350 349/349/349 297/297/297
f 348/348/348 297/297/297 349/349/349
f 289/289/289 300/300/300 297/297/297
f 351/351/351 350/350/350 355/355/355
f 335/335/335 400/400/400 399/399/399
f 400/400/400 335/335/335 401/401/401
f 338/338/338 321/321/321 401/401/401
f 352/352/352 355/355/355 353/353/353
f 335/335/335 399/399/399 398/398/398
f 354/354/354 353/353/353 357/357/357
f 398/398/398 354/354/354 357/357/357
f 355/355/355 352/352/352 351/351/351
f 401/401/401 335/335/335 338/338/338
f 280/280/280 295/295/295 281/281/281
f 295/295/295 282/282/282 281/281/281
f 280/280/280 290/290/290 295/295/295
f 283/283/283 282/282/282 295/295/295
f 290/290/290 278/278/278 277/277/277
f 290/290/290 280/280/280 279/279/279
f 279/279/279 278/278/278 290/290/290
f 293/293/293 290/290/290 277/277/277
f 296/296/296 300/300/300 289/289/289
f 287/287/287 296/296/296 288/288/288
f 297/297/297 347/347/347 289/289/289
f 288/288/288 296/296/296 289/289/289
f 286/286/286 275/275/275 296/296/296
f 275/275/275 285/285/285 284/284/284
f 287/287/287 286/286/286 296/296/296
f 286/286/286 285/285/285 275/275/275
f 284/284/284 283/283/283 275/275/275
f 283/283/283 295/295/295 275/275/275
f 293/293/293 277/277/277 276/276/276
f 359/359/359 358/358/358 366/366/366
f 437/437/437 498/498/498 499/499/499
f 499/499/499 496/496/496 437/437/437
f 438/438/438 495/495/495 497/497/497
f 497/497/497 493/493/493 438/438/438
f 495/495/495 437/437/437 496/496/496
f 496/496/496 497/497/497 495/495/495
f 439/439/439 492/492/492 494/494/494
f 494/494/494 490/490/490 439/439/439
f 492/492/492 438/438/438 493/493/493
f 493/493/493 494/494/494 492/492/492
f 489/489/489 439/439/439 490/490/490
f 490/490/490 491/491/491 489/489/489
f 495/495/495 441/441/441 437/437/437
f 442/442/442 495/495/495 438/438/438
f 441/441/441 495/495/495 442/442/442
f 492/492/492 442/442/442 438/438/438
f 443/443/443 492/492/492 439/439/439
f 442/442/442 492/492/492 443/443/443
f 446/446/446 445/445/445 441/441/441
f 441/441/441 442/442/442 446/446/446
f 447/447/447 446/446/446 442/442/442
f 442/442/442 443/443/443 447/447/447
f 450/450/450 449/449/449 445/445/445
f 445/445/445 446/446/446 450/450/450
f 451/451/451 450/450/450 446/446/446
f 446/446/446 447/447/447 451/451/451
f 454/454/454 453/453/453 449/449/449
f 449/449/449 450/450/450 454/454/454
f 455/455/455 454/454/454 450/450/450
f 450/450/450 451/451/451 455/455/455
f 458/458/458 457/457/457 453/453/453
f 453/453/453 454/454/454 458/458/458
f 459/459/459 458/458/458 454/454/454
f 454/454/454 455/455/455 459/459/459
f 462/462/462 461/461/461 457/457/457
f 457/457/457 458/458/458 462/462/462
f 463/463/463 462/462/462 458/458/458
f 458/458/458 459/459/459 463/463/463
f 466/466/466 465/465/465 461/461/461
f 461/461/461 462/462/462 466/466/466
f 467/467/467 466/466/466 462/462/462
f 462/462/462 463/463/463 467/467/467
f 470/470/470 469/469/469 465/465/465
f 465/465/465 466/466/466 470/470/470
f 471/471/471 470/470/470 466/466/466
f 466/466/466 467/467/467 471/471/471
f 474/474/474 473/473/473 469/469/469
f 469/469/469 470/470/470 474/474/474
f 475/475/475 474/474/474 470/470/470
f 470/470/470 471/471/471 475/475/475
f 478/478/478 477/477/477 473/473/473
f 473/473/473 474/474/474 478/478/478
f 479/479/479 478/478/478 474/474/474
f 474/474/474 475/475/475 479/479/479
f 507/507/507 478/478/478 482/482/482
f 477/477/477 507/507/507 481/481/481
f 478/478/478 507/507/507 477/477/477
f 510/510/510 479/479/479 483/483/483
f 478/478/478 510/510/510 482/482/482
f 479/479/479 510/510/510 478/478/478
f 503/503/503 505/505/505 504/504/504
f 504/504/504 481/481/481 503/503/503
f 547/547/547 549/549/549 548/548/548
f 548/548/548 505/505/505 547/547/547
f 506/506/506 508/508/508 507/507/507
f 507/507/507 482/482/482 506/506/506
f 508/508/508 503/503/503 481/481/481
f 481/481/481 507/507/507 508/508/508
f 509/509/509 511/511/511 510/510/510
f 510/510/510 483/483/483 509/509/509
f 511/511/511 506/506/506 482/482/482
f 482/482/482 510/510/510 511/511/511
f 513/513/513 509/509/509 483/483/483
f 483/483/483 512/512/512 513/513/513
f 499/499/499 514/514/514 435/435/435
f 499/499/499 515/515/515 514/514/514
f 498/498/498 517/517/517 516/516/516
f 441/441/441 518/518/518 517/517/517
f 498/498/498 516/516/516 515/515/515
f 496/496/496 499/499/499 488/488/488
f 435/435/435 488/488/488 499/499/499
f 497/497/497 496/496/496 488/488/488
f 437/437/437 441/441/441 498/498/498
f 517/517/517 498/498/498 441/441/441
f 498/498/498 515/515/515 499/499/499
f 441/441/441 519/519/519 518/518/518
f 445/445/445 520/520/520 519/519/519
f 519/519/519 441/441/441 445/445/445
f 522/522/522 521/521/521 445/445/445
f 523/523/523 522/522/522 449/449/449
f 521/521/521 520/520/520 445/445/445
f 525/525/525 524/524/524 453/453/453
f 526/526/526 525/525/525 453/453/453
f 528/528/528 527/527/527 457/457/457
f 529/529/529 528/528/528 457/457/457
f 527/527/527 526/526/526 453/453/453
f 524/524/524 523/523/523 449/449/449
f 461/461/461 530/530/530 529/529/529
f 529/529/529 457/457/457 461/461/461
f 486/486/486 494/494/494 493/493/493
f 493/493/493 487/487/487 486/486/486
f 488/488/488 487/487/487 497/497/497
f 497/497/497 487/487/487 493/493/493
f 486/486/486 490/490/490 494/494/494
f 491/491/491 490/490/490 486/486/486
f 436/436/436 491/491/491 486/486/486
f 440/440/440 491/491/491 436/436/436
f 444/444/444 489/489/489 440/440/440
f 439/439/439 489/489/489 443/443/443
f 443/443/443 489/489/489 444/444/444
f 491/491/491 440/440/440 489/489/489
f 522/522/522 445/445/445 449/449/449
f 444/444/444 448/448/448 447/447/447
f 447/447/447 443/443/443 444/444/444
f 527/527/527 453/453/453 457/457/457
f 453/453/453 524/524/524 449/449/449
f 451/451/451 447/447/447 448/448/448
f 448/448/448 452/452/452 451/451/451
f 459/459/459 455/455/455 456/456/456
f 456/456/456 460/460/460 459/459/459
f 460/460/460 464/464/464 463/463/463
f 463/463/463 459/459/459 460/460/460
f 455/455/455 451/451/451 452/452/452
f 452/452/452 456/456/456 455/455/455
f 461/461/461 532/532/532 531/531/531
f 465/465/465 533/533/533 532/532/532
f 469/469/469 534/534/534 533/533/533
f 533/533/533 465/465/465 469/469/469
f 535/535/535 534/534/534 469/469/469
f 461/461/461 465/465/465 532/532/532
f 535/535/535 469/469/469 536/536/536
f 536/536/536 473/473/473 537/537/537
f 537/537/537 473/473/473 538/538/538
f 538/538/538 473/473/473 539/539/539
f 539/539/539 477/477/477 540/540/540
f 530/530/530 461/461/461 531/531/531
f 504/504/504 542/542/542 541/541/541
f 504/504/504 543/543/543 542/542/542
f 544/544/544 548/548/548 549/549/549
f 549/549/549 545/545/545 544/544/544
f 549/549/549 546/546/546 545/545/545
f 548/548/548 544/544/544 543/543/543
f 505/505/505 548/548/548 504/504/504
f 543/543/543 504/504/504 548/548/548
f 547/547/547 484/484/484 549/549/549
f 503/503/503 547/547/547 505/505/505
f 484/484/484 547/547/547 500/500/500
f 549/549/549 484/484/484 546/546/546
f 504/504/504 541/541/541 477/477/477
f 477/477/477 541/541/541 540/540/540
f 503/503/503 500/500/500 547/547/547
f 467/467/467 463/463/463 464/464/464
f 464/464/464 468/468/468 467/467/467
f 539/539/539 473/473/473 477/477/477
f 473/473/473 536/536/536 469/469/469
f 471/471/471 467/467/467 468/468/468
f 468/468/468 472/472/472 471/471/471
f 476/476/476 480/480/480 479/479/479
f 479/479/479 475/475/475 476/476/476
f 475/475/475 471/471/471 472/472/472
f 472/472/472 476/476/476 475/475/475
f 508/508/508 500/500/500 503/503/503
f 511/511/511 501/501/501 506/506/506
f 508/508/508 506/506/506 501/501/501
f 502/502/502 501/501/501 511/511/511
f 508/508/508 501/501/501 500/500/500
f 480/480/480 512/512/512 479/479/479
f 512/512/512 483/483/483 479/479/479
f 485/485/485 512/512/512 480/480/480
f 513/513/513 502/502/502 509/509/509
f 512/512/512 485/485/485 513/513/513
f 502/502/502 513/513/513 485/485/485
f 509/509/509 502/502/502 511/511/511
f 481/481/481 504/504/504 477/477/477
f 552/552/552 628/628/628 629/629/629
f 629/629/629 626/626/626 552/552/552
f 553/553/553 625/625/625 627/627/627
f 627/627/627 623/623/623 553/553/553
f 625/625/625 552/552/552 626/626/626
f 626/626/626 627/627/627 625/625/625
f 554/554/554 622/622/622 624/624/624
f 624/624/624 620/620/620 554/554/554
f 622/622/622 553/553/553 623/623/623
f 623/623/623 624/624/624 622/622/622
f 619/619/619 554/554/554 620/620/620
f 620/620/620 621/621/621 619/619/619
f 625/625/625 556/556/556 552/552/552
f 557/557/557 625/625/625 553/553/553
f 556/556/556 625/625/625 557/557/557
f 622/622/622 557/557/557 553/553/553
f 558/558/558 622/622/622 554/554/554
f 557/557/557 622/622/622 558/558/558
f 561/561/561 560/560/560 556/556/556
f 556/556/556 557/557/557 561/561/561
f 562/562/562 561/561/561 557/557/557
f 557/557/557 558/558/558 562/562/562
f 565/565/565 564/564/564 560/560/560
f 560/560/560 561/561/561 565/565/565
f 566/566/566 565/565/565 561/561/561
f 561/561/561 562/562/562 566/566/566
f 569/569/569 568/568/568 564/564/564
f 564/564/564 565/565/565 569/569/569
f 570/570/570 569/569/569 565/565/565
f 565/565/565 566/566/566 570/570/570
f 573/573/573 572/572/572 568/568/568
f 568/568/568 569/569/569 573/573/573
f 574/574/574 573/573/573 569/569/569
f 569/569/569 570/570/570 574/574/574
f 577/577/577 576/576/576 572/572/572
f 572/572/572 573/573/573 577/577/577
f 578/578/578 577/577/577 573/573/573
f 573/573/573 574/574/574 578/578/578
f 581/581/581 580/580/580 576/576/576
f 576/576/576 577/577/577 581/581/581
f 582/582/582 581/581/581 577/577/577
f 577/577/577 578/578/578 582/582/582
f 585/585/585 584/584/584 580/580/580
f 580/580/580 581/581/581 585/585/585
f 586/586/586 585/585/585 581/581/581
f 581/581/581 582/582/582 586/586/586
f 589/589/589 588/588/588 584/584/584
f 584/584/584 585/585/585 589/589/589
f 590/590/590 589/589/589 585/585/585
f 585/585/585 586/586/586 590/590/590
f 593/593/593 592/592/592 588/588/588
f 588/588/588 589/589/589 593/593/593
f 594/594/594 593/593/593 589/589/589
f 589/589/589 590/590/590 594/594/594
f 609/609/609 593/593/593 597/597/597
f 592/592/592 609/609/609 596/596/596
f 593/593/593 609/609/609 592/592/592
f 612/612/612 594/594/594 598/598/598
f 593/593/593 612/612/612 597/597/597
f 594/594/594 612/612/612 593/593/593
f 605/605/605 607/607/607 606/606/606
f 606/606/606 596/596/596 605/605/605
f 608/608/608 610/610/610 609/609/609
f 609/609/609 597/597/597 608/608/608
f 610/610/610 605/605/605 596/596/596
f 596/596/596 609/609/609 610/610/610
f 611/611/611 613/613/613 612/612/612
f 612/612/612 598/598/598 611/611/611
f 613/613/613 608/608/608 597/597/597
f 597/597/597 612/612/612 613/613/613
f 615/615/615 611/611/611 598/598/598
f 598/598/598 614/614/614 615/615/615
f 629/629/629 630/630/630 550/550/550
f 628/628/628 632/632/632 631/631/631
f 556/556/556 633/633/633 632/632/632
f 628/628/628 631/631/631 630/630/630
f 626/626/626 629/629/629 618/618/618
f 550/550/550 618/618/618 629/629/629
f 627/627/627 626/626/626 618/618/618
f 552/552/552 556/556/556 628/628/628
f 632/632/632 628/628/628 556/556/556
f 628/628/628 630/630/630 629/629/629
f 556/556/556 634/634/634 633/633/633
f 560/560/560 635/635/635 634/634/634
f 560/560/560 636/636/636 635/635/635
f 564/564/564 637/637/637 636/636/636
f 636/636/636 560/560/560 564/564/564
f 638/638/638 637/637/637 564/564/564
f 639/639/639 568/568/568 640/640/640
f 564/564/564 639/639/639 638/638/638
f 640/640/640 568/568/568 641/641/641
f 642/642/642 641/641/641 568/568/568
f 643/643/643 642/642/642 572/572/572
f 644/644/644 643/643/643 572/572/572
f 556/556/556 560/560/560 634/634/634
f 616/616/616 624/624/624 623/623/623
f 623/623/623 617/617/617 616/616/616
f 618/618/618 617/617/617 627/627/627
f 627/627/627 617/617/617 623/623/623
f 616/616/616 620/620/620 624/624/624
f 621/621/621 620/620/620 616/616/616
f 551/551/551 621/621/621 616/616/616
f 555/555/555 621/621/621 551/551/551
f 559/559/559 619/619/619 555/555/555
f 554/554/554 619/619/619 558/558/558
f 558/558/558 619/619/619 559/559/559
f 621/621/621 555/555/555 619/619/619
f 559/559/559 563/563/563 562/562/562
f 562/562/562 558/558/558 559/559/559
f 566/566/566 562/562/562 563/563/563
f 563/563/563 567/567/567 566/566/566
f 642/642/642 568/568/568 572/572/572
f 568/568/568 639/639/639 564/564/564
f 570/570/570 566/566/566 567/567/567
f 567/567/567 571/571/571 570/570/570
f 574/574/574 570/570/570 571/571/571
f 571/571/571 575/575/575 574/574/574
f 575/575/575 579/579/579 578/578/578
f 578/578/578 574/574/574 575/575/575
f 576/576/576 645/645/645 644/644/644
f 644/644/644 572/572/572 576/576/576
f 576/576/576 646/646/646 645/645/645
f 576/576/576 647/647/647 646/646/646
f 580/580/580 649/649/649 648/648/648
f 584/584/584 650/650/650 649/649/649
f 580/580/580 648/648/648 647/647/647
f 580/580/580 647/647/647 576/576/576
f 584/584/584 649/649/649 580/580/580
f 588/588/588 652/652/652 651/651/651
f 651/651/651 584/584/584 588/588/588
f 653/653/653 652/652/652 588/588/588
f 650/650/650 584/584/584 651/651/651
f 592/592/592 655/655/655 654/654/654
f 654/654/654 588/588/588 592/592/592
f 606/606/606 657/657/657 656/656/656
f 606/606/606 658/658/658 657/657/657
f 656/656/656 655/655/655 592/592/592
f 607/607/607 659/659/659 658/658/658
f 658/658/658 606/606/606 607/607/607
f 660/660/660 659/659/659 607/607/607
f 607/607/607 602/602/602 600/600/600
f 660/660/660 607/607/607 600/600/600
f 592/592/592 606/606/606 656/656/656
f 654/654/654 653/653/653 588/588/588
f 607/607/607 605/605/605 602/602/602
f 582/582/582 578/578/578 579/579/579
f 579/579/579 583/583/583 582/582/582
f 586/586/586 582/582/582 583/583/583
f 583/583/583 587/587/587 586/586/586
f 606/606/606 592/592/592 596/596/596
f 590/590/590 586/586/586 587/587/587
f 587/587/587 591/591/591 590/590/590
f 594/594/594 590/590/590 591/591/591
f 591/591/591 595/595/595 594/594/594
f 594/594/594 595/595/595 614/614/614
f 610/610/610 602/602/602 605/605/605
f 603/603/603 610/610/610 608/608/608
f 603/603/603 608/608/608 613/613/613
f 613/613/613 604/604/604 603/603/603
f 611/611/611 604/604/604 613/613/613
f 610/610/610 603/603/603 602/602/602
f 594/594/594 614/614/614 598/598/598
f 615/615/615 614/614/614 599/599/599
f 595/595/595 599/599/599 614/614/614
f 611/611/611 615/615/615 604/604/604
f 601/601/601 604/604/604 615/615/615
f 599/599/599 601/601/601 615/615/615
f 663/663/663 741/741/741 742/742/742
f 742/742/742 739/739/739 663/663/663
f 664/664/664 738/738/738 740/740/740
f 740/740/740 736/736/736 664/664/664
f 738/738/738 663/663/663 739/739/739
f 739/739/739 740/740/740 738/738/738
f 665/665/665 735/735/735 737/737/737
f 737/737/737 733/733/733 665/665/665
f 735/735/735 664/664/664 736/736/736
f 736/736/736 737/737/737 735/735/735
f 732/732/732 665/665/665 733/733/733
f 733/733/733 734/734/734 732/732/732
f 738/738/738 667/667/667 663/663/663
f 668/668/668 738/738/738 664/664/664
f 667/667/667 738/738/738 668/668/668
f 735/735/735 668/668/668 664/664/664
f 669/669/669 735/735/735 665/665/665
f 668/668/668 735/735/735 669/669/669
f 672/672/672 671/671/671 667/667/667
f 667/667/667 668/668/668 672/672/672
f 673/673/673 672/672/672 668/668/668
f 668/668/668 669/669/669 673/673/673
f 676/676/676 675/675/675 671/671/671
f 671/671/671 672/672/672 676/676/676
f 677/677/677 676/676/676 672/672/672
f 672/672/672 673/673/673 677/677/677
f 680/680/680 679/679/679 675/675/675
f 675/675/675 676/676/676 680/680/680
f 681/681/681 680/680/680 676/676/676
f 676/676/676 677/677/677 681/681/681
f 684/684/684 683/683/683 679/679/679
f 679/679/679 680/680/680 684/684/684
f 685/685/685 684/684/684 680/680/680
f 680/680/680 681/681/681 685/685/685
f 688/688/688 687/687/687 683/683/683
f 683/683/683 684/684/684 688/688/688
f 689/689/689 688/688/688 684/684/684
f 684/684/684 685/685/685 689/689/689
f 692/692/692 691/691/691 687/687/687
f 687/687/687 688/688/688 692/692/692
f 693/693/693 692/692/692 688/688/688
f 688/688/688 689/689/689 693/693/693
f 696/696/696 695/695/695 691/691/691
f 691/691/691 692/692/692 696/696/696
f 697/697/697 696/696/696 692/692/692
f 692/692/692 693/693/693 697/697/697
f 700/700/700 699/699/699 695/695/695
f 695/695/695 696/696/696 700/700/700
f 701/701/701 700/700/700 696/696/696
f 696/696/696 697/697/697 701/701/701
f 704/704/704 703/703/703 699/699/699
f 699/699/699 700/700/700 704/704/704
f 705/705/705 704/704/704 700/700/700
f 700/700/700 701/701/701 705/705/705
f 722/722/722 704/704/704 708/708/708
f 703/703/703 722/722/722 707/707/707
f 704/704/704 722/722/722 703/703/703
f 725/725/725 705/705/705 709/709/709
f 704/704/704 725/725/725 708/708/708
f 705/705/705 725/725/725 704/704/704
f 718/718/718 720/720/720 719/719/719
f 719/719/719 707/707/707 718/718/718
f 774/774/774 776/776/776 775/775/775
f 775/775/775 720/720/720 774/774/774
f 777/777/777 779/779/779 778/778/778
f 778/778/778 776/776/776 777/777/777
f 780/780/780 782/782/782 781/781/781
f 781/781/781 779/779/779 780/780/780
f 783/783/783 785/785/785 784/784/784
f 784/784/784 782/782/782 783/783/783
f 786/786/786 788/788/788 787/787/787
f 787/787/787 785/785/785 786/786/786
f 789/789/789 791/791/791 790/790/790
f 790/790/790 788/788/788 789/789/789
f 792/792/792 794/794/794 793/793/793
f 793/793/793 791/791/791 792/792/792
f 795/795/795 797/797/797 796/796/796
f 796/796/796 794/794/794 795/795/795
f 798/798/798 801/801/801 800/800/800
f 800/800/800 797/797/797 798/798/798
f 803/803/803 807/807/807 805/805/805
f 805/805/805 801/801/801 803/803/803
f 721/721/721 723/723/723 722/722/722
f 722/722/722 708/708/708 721/721/721
f 723/723/723 718/718/718 707/707/707
f 707/707/707 722/722/722 723/723/723
f 724/724/724 726/726/726 725/725/725
f 725/725/725 709/709/709 724/724/724
f 726/726/726 721/721/721 708/708/708
f 708/708/708 725/725/725 726/726/726
f 728/728/728 724/724/724 709/709/709
f 709/709/709 727/727/727 728/728/728
f 742/742/742 743/743/743 661/661/661
f 741/741/741 744/744/744 743/743/743
f 667/667/667 746/746/746 745/745/745
f 671/671/671 748/748/748 747/747/747
f 667/667/667 747/747/747 746/746/746
f 741/741/741 745/745/745 744/744/744
f 741/741/741 743/743/743 742/742/742
f 740/740/740 739/739/739 731/731/731
f 742/742/742 731/731/731 739/739/739
f 661/661/661 731/731/731 742/742/742
f 663/663/663 667/667/667 741/741/741
f 667/667/667 745/745/745 741/741/741
f 671/671/671 747/747/747 667/667/667
f 671/671/671 750/750/750 749/749/749
f 749/749/749 748/748/748 671/671/671
f 675/675/675 751/751/751 750/750/750
f 679/679/679 753/753/753 752/752/752
f 675/675/675 752/752/752 751/751/751
f 679/679/679 755/755/755 754/754/754
f 756/756/756 755/755/755 683/683/683
f 683/683/683 755/755/755 679/679/679
f 679/679/679 754/754/754 753/753/753
f 758/758/758 757/757/757 687/687/687
f 679/679/679 752/752/752 675/675/675
f 759/759/759 758/758/758 687/687/687
f 756/756/756 683/683/683 757/757/757
f 760/760/760 759/759/759 687/687/687
f 762/762/762 761/761/761 691/691/691
f 761/761/761 760/760/760 691/691/691
f 763/763/763 762/762/762 695/695/695
f 671/671/671 675/675/675 750/750/750
f 729/729/729 737/737/737 736/736/736
f 736/736/736 730/730/730 729/729/729
f 731/731/731 730/730/730 740/740/740
f 740/740/740 730/730/730 736/736/736
f 729/729/729 733/733/733 737/737/737
f 734/734/734 733/733/733 729/729/729
f 666/666/666 732/732/732 734/734/734
f 734/734/734 662/662/662 666/666/666
f 666/666/666 670/670/670 732/732/732
f 729/729/729 662/662/662 734/734/734
f 673/673/673 669/669/669 670/670/670
f 670/670/670 674/674/674 673/673/673
f 674/674/674 678/678/678 677/677/677
f 677/677/677 673/673/673 674/674/674
f 732/732/732 670/670/670 669/669/669
f 732/732/732 669/669/669 665/665/665
f 685/685/685 681/681/681 682/682/682
f 682/682/682 686/686/686 685/685/685
f 681/681/681 677/677/677 678/678/678
f 678/678/678 682/682/682 681/681/681
f 760/760/760 687/687/687 691/691/691
f 695/695/695 762/762/762 691/691/691
f 687/687/687 757/757/757 683/683/683
f 689/689/689 685/685/685 686/686/686
f 686/686/686 690/690/690 689/689/689
f 697/697/697 693/693/693 694/694/694
f 694/694/694 698/698/698 697/697/697
f 698/698/698 702/702/702 701/701/701
f 701/701/701 697/697/697 698/698/698
f 693/693/693 689/689/689 690/690/690
f 690/690/690 694/694/694 693/693/693
f 695/695/695 764/764/764 763/763/763
f 765/765/765 764/764/764 699/699/699
f 766/766/766 765/765/765 699/699/699
f 768/768/768 767/767/767 703/703/703
f 770/770/770 769/769/769 719/719/719
f 769/769/769 768/768/768 703/703/703
f 767/767/767 766/766/766 699/699/699
f 772/772/772 771/771/771 775/775/775
f 785/785/785 787/787/787 784/784/784
f 772/772/772 784/784/784 787/787/787
f 787/787/787 790/790/790 772/772/772
f 719/719/719 771/771/771 770/770/770
f 783/783/783 786/786/786 785/785/785
f 786/786/786 789/789/789 788/788/788
f 790/790/790 787/787/787 788/788/788
f 790/790/790 793/793/793 772/772/772
f 772/772/772 781/781/781 784/784/784
f 802/802/802 806/806/806 799/799/799
f 800/800/800 806/806/806 773/773/773
f 796/796/796 797/797/797 800/800/800
f 796/796/796 800/800/800 773/773/773
f 810/810/810 712/712/712 773/773/773
f 713/713/713 809/809/809 803/803/803
f 803/803/803 715/715/715 711/711/711
f 806/806/806 808/808/808 773/773/773
f 796/796/796 772/772/772 793/793/793
f 804/804/804 801/801/801 798/798/798
f 794/794/794 796/796/796 793/793/793
f 791/791/791 789/789/789 792/792/792
f 790/790/790 791/791/791 793/793/793
f 795/795/795 798/798/798 797/797/797
f 715/715/715 792/792/792 789/789/789
f 795/795/795 794/794/794 792/792/792
f 795/795/795 715/715/715 798/798/798
f 795/795/795 792/792/792 715/715/715
f 798/798/798 715/715/715 803/803/803
f 773/773/773 772/772/772 796/796/796
f 715/715/715 789/789/789 786/786/786
f 699/699/699 703/703/703 767/767/767
f 703/703/703 719/719/719 769/769/769
f 719/719/719 703/703/703 707/707/707
f 719/719/719 720/720/720 775/775/775
f 715/715/715 718/718/718 723/723/723
f 718/718/718 774/774/774 720/720/720
f 771/771/771 719/719/719 775/775/775
f 705/705/705 701/701/701 702/702/702
f 702/702/702 706/706/706 705/705/705
f 706/706/706 710/710/710 727/727/727
f 727/727/727 705/705/705 706/706/706
f 727/727/727 710/710/710 728/728/728
f 705/705/705 727/727/727 709/709/709
f 721/721/721 716/716/716 723/723/723
f 779/779/779 781/781/781 778/778/778
f 778/778/778 772/772/772 775/775/775
f 780/780/780 783/783/783 782/782/782
f 715/715/715 780/780/780 777/777/777
f 780/780/780 779/779/779 777/777/777
f 780/780/780 715/715/715 783/783/783
f 782/782/782 784/784/784 781/781/781
f 774/774/774 777/777/777 776/776/776
f 717/717/717 726/726/726 724/724/724
f 715/715/715 774/774/774 718/718/718
f 724/724/724 728/728/728 717/717/717
f 716/716/716 715/715/715 723/723/723
f 721/721/721 726/726/726 716/716/716
f 728/728/728 714/714/714 717/717/717
f 726/726/726 717/717/717 716/716/716
f 715/715/715 777/777/777 774/774/774
f 710/710/710 714/714/714 728/728/728
f 715/715/715 786/786/786 783/783/783
f 778/778/778 775/775/775 776/776/776
f 778/778/778 781/781/781 772/772/772
f 699/699/699 764/764/764 695/695/695
f 813/813/813 858/858/858 859/859/859
f 859/859/859 856/856/856 813/813/813
f 814/814/814 855/855/855 857/857/857
f 857/857/857 853/853/853 814/814/814
f 855/855/855 813/813/813 856/856/856
f 856/856/856 857/857/857 855/855/855
f 815/815/815 852/852/852 854/854/854
f 854/854/854 850/850/850 815/815/815
f 852/852/852 814/814/814 853/853/853
f 853/853/853 854/854/854 852/852/852
f 849/849/849 815/815/815 850/850/850
f 850/850/850 851/851/851 849/849/849
f 855/855/855 817/817/817 813/813/813
f 818/818/818 855/855/855 814/814/814
f 817/817/817 855/855/855 818/818/818
f 852/852/852 818/818/818 814/814/814
f 819/819/819 852/852/852 815/815/815
f 818/818/818 852/852/852 819/819/819
f 822/822/822 821/821/821 817/817/817
f 817/817/817 818/818/818 822/822/822
f 823/823/823 822/822/822 818/818/818
f 818/818/818 819/819/819 823/823/823
f 826/826/826 825/825/825 821/821/821
f 821/821/821 822/822/822 826/826/826
f 827/827/827 826/826/826 822/822/822
f 822/822/822 823/823/823 827/827/827
f 830/830/830 829/829/829 825/825/825
f 825/825/825 826/826/826 830/830/830
f 831/831/831 830/830/830 826/826/826
f 826/826/826 827/827/827 831/831/831
f 834/834/834 833/833/833 829/829/829
f 829/829/829 830/830/830 834/834/834
f 835/835/835 834/834/834 830/830/830
f 830/830/830 831/831/831 835/835/835
f 838/838/838 837/837/837 833/833/833
f 833/833/833 834/834/834 838/838/838
f 839/839/839 838/838/838 834/834/834
f 834/834/834 835/835/835 839/839/839
f 867/867/867 838/838/838 842/842/842
f 837/837/837 867/867/867 841/841/841
f 838/838/838 867/867/867 837/837/837
f 870/870/870 839/839/839 843/843/843
f 838/838/838 870/870/870 842/842/842
f 839/839/839 870/870/870 838/838/838
f 863/863/863 865/865/865 864/864/864
f 864/864/864 841/841/841 863/863/863
f 866/866/866 868/868/868 867/867/867
f 867/867/867 842/842/842 866/866/866
f 868/868/868 863/863/863 841/841/841
f 841/841/841 867/867/867 868/868/868
f 869/869/869 871/871/871 870/870/870
f 870/870/870 843/843/843 869/869/869
f 871/871/871 866/866/866 842/842/842
f 842/842/842 870/870/870 871/871/871
f 873/873/873 869/869/869 843/843/843
f 843/843/843 872/872/872 873/873/873
f 859/859/859 874/874/874 811/811/811
f 858/858/858 875/875/875 874/874/874
f 874/874/874 859/859/859 858/858/858
f 848/848/848 859/859/859 811/811/811
f 857/857/857 856/856/856 848/848/848
f 856/856/856 859/859/859 848/848/848
f 817/817/817 858/858/858 813/813/813
f 858/858/858 876/876/876 875/875/875
f 858/858/858 817/817/817 877/877/877
f 817/817/817 879/879/879 878/878/878
f 817/817/817 878/878/878 877/877/877
f 817/817/817 821/821/821 879/879/879
f 880/880/880 879/879/879 821/821/821
f 825/825/825 882/882/882 881/881/881
f 881/881/881 821/821/821 825/825/825
f 880/880/880 821/821/821 881/881/881
f 876/876/876 858/858/858 877/877/877
f 853/853/853 857/857/857 847/847/847
f 848/848/848 847/847/847 857/857/857
f 847/847/847 854/854/854 853/853/853
f 846/846/846 854/854/854 847/847/847
f 812/812/812 851/851/851 850/850/850
f 850/850/850 846/846/846 812/812/812
f 854/854/854 846/846/846 850/850/850
f 816/816/816 851/851/851 812/812/812
f 823/823/823 819/819/819 820/820/820
f 820/820/820 824/824/824 823/823/823
f 819/819/819 815/815/815 849/849/849
f 827/827/827 823/823/823 824/824/824
f 824/824/824 828/828/828 827/827/827
f 851/851/851 816/816/816 849/849/849
f 820/820/820 849/849/849 816/816/816
f 819/819/819 849/849/849 820/820/820
f 828/828/828 832/832/832 831/831/831
f 831/831/831 827/827/827 828/828/828
f 825/825/825 883/883/883 882/882/882
f 829/829/829 884/884/884 883/883/883
f 883/883/883 825/825/825 829/829/829
f 829/829/829 886/886/886 885/885/885
f 829/829/829 885/885/885 884/884/884
f 829/829/829 833/833/833 886/886/886
f 887/887/887 886/886/886 833/833/833
f 837/837/837 889/889/889 888/888/888
f 888/888/888 833/833/833 837/837/837
f 887/887/887 833/833/833 888/888/888
f 864/864/864 891/891/891 890/890/890
f 892/892/892 864/864/864 865/865/865
f 865/865/865 893/893/893 892/892/892
f 864/864/864 892/892/892 891/891/891
f 864/864/864 837/837/837 841/841/841
f 890/890/890 837/837/837 864/864/864
f 860/860/860 844/844/844 865/865/865
f 865/865/865 844/844/844 893/893/893
f 865/865/865 863/863/863 860/860/860
f 889/889/889 837/837/837 890/890/890
f 835/835/835 831/831/831 832/832/832
f 832/832/832 836/836/836 835/835/835
f 839/839/839 835/835/835 836/836/836
f 836/836/836 840/840/840 839/839/839
f 840/840/840 872/872/872 839/839/839
f 845/845/845 872/872/872 840/840/840
f 843/843/843 839/839/839 872/872/872
f 868/868/868 860/860/860 863/863/863
f 871/871/871 861/861/861 866/866/866
f 868/868/868 866/866/866 861/861/861
f 868/868/868 861/861/861 860/860/860
f 862/862/862 871/871/871 869/869/869
f 862/862/862 869/869/869 873/873/873
f 873/873/873 845/845/845 862/862/862
f 872/872/872 845/845/845 873/873/873
f 862/862/862 861/861/861 871/871/871
f 896/896/896 939/939/939 940/940/940
f 940/940/940 937/937/937 896/896/896
f 897/897/897 936/936/936 938/938/938
f 938/938/938 934/934/934 897/897/897
f 936/936/936 896/896/896 937/937/937
f 937/937/937 938/938/938 936/936/936
f 898/898/898 933/933/933 935/935/935
f 935/935/935 931/931/931 898/898/898
f 933/933/933 897/897/897 934/934/934
f 934/934/934 935/935/935 933/933/933
f 930/930/930 898/898/898 931/931/931
f 931/931/931 932/932/932 930/930/930
f 936/936/936 900/900/900 896/896/896
f 901/901/901 936/936/936 897/897/897
f 900/900/900 936/936/936 901/901/901
f 933/933/933 901/901/901 897/897/897
f 902/902/902 933/933/933 898/898/898
f 901/901/901 933/933/933 902/902/902
f 905/905/905 904/904/904 900/900/900
f 900/900/900 901/901/901 905/905/905
f 906/906/906 905/905/905 901/901/901
f 901/901/901 902/902/902 906/906/906
f 920/920/920 905/905/905 909/909/909
f 904/904/904 920/920/920 908/908/908
f 905/905/905 920/920/920 904/904/904
f 923/923/923 906/906/906 910/910/910
f 905/905/905 923/923/923 909/909/909
f 906/906/906 923/923/923 905/905/905
f 916/916/916 918/918/918 917/917/917
f 917/917/917 908/908/908 916/916/916
f 919/919/919 921/921/921 920/920/920
f 920/920/920 909/909/909 919/919/919
f 921/921/921 916/916/916 908/908/908
f 908/908/908 920/920/920 921/921/921
f 922/922/922 924/924/924 923/923/923
f 923/923/923 910/910/910 922/922/922
f 924/924/924 919/919/919 909/909/909
f 909/909/909 923/923/923 924/924/924
f 926/926/926 922/922/922 910/910/910
f 910/910/910 925/925/925 926/926/926
f 940/940/940 941/941/941 894/894/894
f 941/941/941 940/940/940 939/939/939
f 939/939/939 942/942/942 941/941/941
f 937/937/937 940/940/940 929/929/929
f 894/894/894 929/929/929 940/940/940
f 938/938/938 937/937/937 929/929/929
f 939/939/939 944/944/944 943/943/943
f 900/900/900 945/945/945 944/944/944
f 896/896/896 900/900/900 939/939/939
f 944/944/944 939/939/939 900/900/900
f 942/942/942 939/939/939 943/943/943
f 934/934/934 938/938/938 928/928/928
f 929/929/929 928/928/928 938/938/938
f 935/935/935 934/934/934 928/928/928
f 895/895/895 932/932/932 931/931/931
f 931/931/931 927/927/927 895/895/895
f 928/928/928 927/927/927 935/935/935
f 935/935/935 927/927/927 931/931/931
f 930/930/930 902/902/902 898/898/898
f 899/899/899 930/930/930 932/932/932
f 930/930/930 899/899/899 903/903/903
f 903/903/903 902/902/902 930/930/930
f 895/895/895 899/899/899 932/932/932
f 903/903/903 907/907/907 906/906/906
f 906/906/906 902/902/902 903/903/903
f 945/945/945 900/900/900 946/946/946
f 904/904/904 947/947/947 946/946/946
f 904/904/904 948/948/948 947/947/947
f 904/904/904 917/917/917 948/948/948
f 949/949/949 948/948/948 917/917/917
f 950/950/950 949/949/949 917/917/917
f 908/908/908 917/917/917 904/904/904
f 918/918/918 951/951/951 950/950/950
f 918/918/918 911/911/911 951/951/951
f 911/911/911 918/918/918 913/913/913
f 913/913/913 918/918/918 916/916/916
f 950/950/950 917/917/917 918/918/918
f 921/921/921 913/913/913 916/916/916
f 907/907/907 925/925/925 910/910/910
f 910/910/910 906/906/906 907/907/907
f 912/912/912 926/926/926 925/925/925
f 925/925/925 907/907/907 912/912/912
f 924/924/924 914/914/914 919/919/919
f 921/921/921 919/919/919 914/914/914
f 915/915/915 914/914/914 924/924/924
f 915/915/915 922/922/922 926/926/926
f 926/926/926 912/912/912 915/915/915
f 915/915/915 924/924/924 922/922/922
f 921/921/921 914/914/914 913/913/913
f 904/904/904 946/946/946 900/900/900
f 954/954/954 1000/1000/1000 1001/1001/1001
f 1001/1001/1001 998/998/998 954/954/954
f 955/955/955 997/997/997 999/999/999
f 999/999/999 995/995/995 955/955/955
f 997/997/997 954/954/954 998/998/998
f 998/998/998 999/999/999 997/997/997
f 956/956/956 994/994/994 996/996/996
f 996/996/996 992/992/992 956/956/956
f 994/994/994 955/955/955 995/995/995
f 995/995/995 996/996/996 994/994/994
f 991/991/991 956/956/956 992/992/992
f 992/992/992 993/993/993 991/991/991
f 997/997/997 958/958/958 954/954/954
f 959/959/959 997/997/997 955/955/955
f 958/958/958 997/997/997 959/959/959
f 994/994/994 959/959/959 955/955/955
f 960/960/960 994/994/994 956/956/956
f 959/959/959 994/994/994 960/960/960
f 963/963/963 962/962/962 958/958/958
f 958/958/958 959/959/959 963/963/963
f 964/964/964 963/963/963 959/959/959
f 959/959/959 960/960/960 964/964/964
f 967/967/967 966/966/966 962/962/962
f 962/962/962 963/963/963 967/967/967
f 968/968/968 967/967/967 963/963/963
f 963/963/963 964/964/964 968/968/968
f 971/971/971 970/970/970 966/966/966
f 966/966/966 967/967/967 971/971/971
f 972/972/972 971/971/971 967/967/967
f 967/967/967 968/968/968 972/972/972
f 975/975/975 974/974/974 970/970/970
f 970/970/970 971/971/971 975/975/975
f 976/976/976 975/975/975 971/971/971
f 971/971/971 972/972/972 976/976/976
f 979/979/979 978/978/978 974/974/974
f 974/974/974 975/975/975 979/979/979
f 980/980/980 979/979/979 975/975/975
f 975/975/975 976/976/976 980/980/980
f 1009/1009/1009 979/979/979 983/983/983
f 978/978/978 1009/1009/1009 982/982/982
f 979/979/979 1009/1009/1009 978/978/978
f 1012/1012/1012 980/980/980 984/984/984
f 979/979/979 1012/1012/1012 983/983/983
f 980/980/980 1012/1012/1012 979/979/979
f 1005/1005/1005 1007/1007/1007 1006/1006/1006
f 1006/1006/1006 982/982/982 1005/1005/1005
f 1008/1008/1008 1010/1010/1010 1009/1009/1009
f 1009/1009/1009 983/983/983 1008/1008/1008
f 1010/1010/1010 1005/1005/1005 982/982/982
f 982/982/982 1009/1009/1009 1010/1010/1010
f 1011/1011/1011 1013/1013/1013 1012/1012/1012
f 1012/1012/1012 984/984/984 1011/1011/1011
f 1013/1013/1013 1008/1008/1008 983/983/983
f 983/983/983 1012/1012/1012 1013/1013/1013
f 1015/1015/1015 1011/1011/1011 984/984/984
f 984/984/984 1014/1014/1014 1015/1015/1015
f 1001/1001/1001 1016/1016/1016 952/952/952
f 1017/1017/1017 1001/1001/1001 1000/1000/1000
f 1000/1000/1000 1018/1018/1018 1017/1017/1017
f 1001/1001/1001 1017/1017/1017 1016/1016/1016
f 998/998/998 1001/1001/1001 990/990/990
f 952/952/952 990/990/990 1001/1001/1001
f 1000/1000/1000 954/954/954 958/958/958
f 999/999/999 998/998/998 990/990/990
f 1019/1019/1019 1018/1018/1018 1000/1000/1000
f 958/958/958 1020/1020/1020 1019/1019/1019
f 962/962/962 1022/1022/1022 1021/1021/1021
f 958/958/958 1021/1021/1021 1020/1020/1020
f 962/962/962 1021/1021/1021 958/958/958
f 962/962/962 1024/1024/1024 1023/1023/1023
f 966/966/966 1024/1024/1024 962/962/962
f 962/962/962 1023/1023/1023 1022/1022/1022
f 1025/1025/1025 1024/1024/1024 966/966/966
f 1000/1000/1000 958/958/958 1019/1019/1019
f 995/995/995 999/999/999 989/989/989
f 990/990/990 989/989/989 999/999/999
f 989/989/989 996/996/996 995/995/995
f 988/988/988 996/996/996 989/989/989
f 953/953/953 993/993/993 992/992/992
f 992/992/992 988/988/988 953/953/953
f 996/996/996 988/988/988 992/992/992
f 957/957/957 993/993/993 953/953/953
f 964/964/964 960/960/960 961/961/961
f 961/961/961 965/965/965 964/964/964
f 960/960/960 956/956/956 991/991/991
f 968/968/968 964/964/964 965/965/965
f 965/965/965 969/969/969 968/968/968
f 993/993/993 957/957/957 991/991/991
f 961/961/961 991/991/991 957/957/957
f 960/960/960 991/991/991 961/961/961
f 969/969/969 973/973/973 972/972/972
f 972/972/972 968/968/968 969/969/969
f 1025/1025/1025 966/966/966 1026/1026/1026
f 970/970/970 1027/1027/1027 1026/1026/1026
f 974/974/974 1029/1029/1029 1028/1028/1028
f 970/970/970 1028/1028/1028 1027/1027/1027
f 974/974/974 1028/1028/1028 970/970/970
f 978/978/978 1031/1031/1031 1030/1030/1030
f 1030/1030/1030 974/974/974 978/978/978
f 1032/1032/1032 1031/1031/1031 978/978/978
f 974/974/974 1030/1030/1030 1029/1029/1029
f 978/978/978 1006/1006/1006 1033/1033/1033
f 1034/1034/1034 1006/1006/1006 1007/1007/1007
f 1007/1007/1007 1035/1035/1035 1034/1034/1034
f 1006/1006/1006 1034/1034/1034 1033/1033/1033
f 1007/1007/1007 1002/1002/1002 986/986/986
f 1036/1036/1036 1007/1007/1007 986/986/986
f 1007/1007/1007 1036/1036/1036 1035/1035/1035
f 982/982/982 1006/1006/1006 978/978/978
f 1032/1032/1032 978/978/978 1033/1033/1033
f 1007/1007/1007 1005/1005/1005 1002/1002/1002
f 976/976/976 972/972/972 973/973/973
f 973/973/973 977/977/977 976/976/976
f 980/980/980 976/976/976 977/977/977
f 977/977/977 981/981/981 980/980/980
f 981/981/981 1014/1014/1014 980/980/980
f 985/985/985 1014/1014/1014 981/981/981
f 984/984/984 980/980/980 1014/1014/1014
f 1010/1010/1010 1002/1002/1002 1005/1005/1005
f 1013/1013/1013 1003/1003/1003 1008/1008/1008
f 1010/1010/1010 1008/1008/1008 1003/1003/1003
f 1004/1004/1004 1003/1003/1003 1013/1013/1013
f 1010/1010/1010 1003/1003/1003 1002/1002/1002
f 985/985/985 1015/1015/1015 1014/1014/1014
f 1004/1004/1004 1011/1011/1011 1015/1015/1015
f 1015/1015/1015 987/987/987 1004/1004/1004
f 985/985/985 987/987/987 1015/1015/1015
f 1004/1004/1004 1013/1013/1013 1011/1011/1011
f 970/970/970 1026/1026/1026 966/966/966
f 1039/1039/1039 1101/1101/1101 1102/1102/1102
f 1102/1102/1102 1099/1099/1099 1039/1039/1039
f 1102/1102/1102 1151/1151/1151 1153/1153/1153
f 1153/1153/1153 1152/1152/1152 1102/1102/1102
f 1153/1153/1153 1154/1154/1154 1156/1156/1156
f 1156/1156/1156 1155/1155/1155 1153/1153/1153
f 1156/1156/1156 1157/1157/1157 1159/1159/1159
f 1159/1159/1159 1158/1158/1158 1156/1156/1156
f 1040/1040/1040 1098/1098/1098 1100/1100/1100
f 1100/1100/1100 1096/1096/1096 1040/1040/1040
f 1098/1098/1098 1039/1039/1039 1099/1099/1099
f 1099/1099/1099 1100/1100/1100 1098/1098/1098
f 1041/1041/1041 1095/1095/1095 1097/1097/1097
f 1097/1097/1097 1093/1093/1093 1041/1041/1041
f 1095/1095/1095 1040/1040/1040 1096/1096/1096
f 1096/1096/1096 1097/1097/1097 1095/1095/1095
f 1092/1092/1092 1041/1041/1041 1093/1093/1093
f 1093/1093/1093 1094/1094/1094 1092/1092/1092
f 1098/1098/1098 1043/1043/1043 1039/1039/1039
f 1044/1044/1044 1098/1098/1098 1040/1040/1040
f 1043/1043/1043 1098/1098/1098 1044/1044/1044
f 1095/1095/1095 1044/1044/1044 1040/1040/1040
f 1045/1045/1045 1095/1095/1095 1041/1041/1041
f 1044/1044/1044 1095/1095/1095 1045/1045/1045
f 1048/1048/1048 1047/1047/1047 1043/1043/1043
f 1043/1043/1043 1044/1044/1044 1048/1048/1048
f 1049/1049/1049 1048/1048/1048 1044/1044/1044
f 1044/1044/1044 1045/1045/1045 1049/1049/1049
f 1052/1052/1052 1051/1051/1051 1047/1047/1047
f 1047/1047/1047 1048/1048/1048 1052/1052/1052
f 1053/1053/1053 1052/1052/1052 1048/1048/1048
f 1048/1048/1048 1049/1049/1049 1053/1053/1053
f 1056/1056/1056 1055/1055/1055 1051/1051/1051
f 1051/1051/1051 1052/1052/1052 1056/1056/1056
f 1057/1057/1057 1056/1056/1056 1052/1052/1052
f 1052/1052/1052 1053/1053/1053 1057/1057/1057
f 1060/1060/1060 1059/1059/1059 1055/1055/1055
f 1055/1055/1055 1056/1056/1056 1060/1060/1060
f 1061/1061/1061 1060/1060/1060 1056/1056/1056
f 1056/1056/1056 1057/1057/1057 1061/1061/1061
f 1064/1064/1064 1063/1063/1063 1059/1059/1059
f 1059/1059/1059 1060/1060/1060 1064/1064/1064
f 1065/1065/1065 1064/1064/1064 1060/1060/1060
f 1060/1060/1060 1061/1061/1061 1065/1065/1065
f 1068/1068/1068 1067/1067/1067 1063/1063/1063
f 1063/1063/1063 1064/1064/1064 1068/1068/1068
f 1069/1069/1069 1068/1068/1068 1064/1064/1064
f 1064/1064/1064 1065/1065/1065 1069/1069/1069
f 1072/1072/1072 1071/1071/1071 1067/1067/1067
f 1067/1067/1067 1068/1068/1068 1072/1072/1072
f 1073/1073/1073 1072/1072/1072 1068/1068/1068
f 1068/1068/1068 1069/1069/1069 1073/1073/1073
f 1076/1076/1076 1075/1075/1075 1071/1071/1071
f 1071/1071/1071 1072/1072/1072 1076/1076/1076
f 1077/1077/1077 1076/1076/1076 1072/1072/1072
f 1072/1072/1072 1073/1073/1073 1077/1077/1077
f 1080/1080/1080 1079/1079/1079 1075/1075/1075
f 1075/1075/1075 1076/1076/1076 1080/1080/1080
f 1081/1081/1081 1080/1080/1080 1076/1076/1076
f 1076/1076/1076 1077/1077/1077 1081/1081/1081
f 1110/1110/1110 1080/1080/1080 1084/1084/1084
f 1079/1079/1079 1110/1110/1110 1083/1083/1083
f 1080/1080/1080 1110/1110/1110 1079/1079/1079
f 1113/1113/1113 1081/1081/1081 1085/1085/1085
f 1080/1080/1080 1113/1113/1113 1084/1084/1084
f 1081/1081/1081 1113/1113/1113 1080/1080/1080
f 1106/1106/1106 1108/1108/1108 1107/1107/1107
f 1107/1107/1107 1083/1083/1083 1106/1106/1106
f 1160/1160/1160 1162/1162/1162 1161/1161/1161
f 1161/1161/1161 1108/1108/1108 1160/1160/1160
f 1109/1109/1109 1111/1111/1111 1110/1110/1110
f 1110/1110/1110 1084/1084/1084 1109/1109/1109
f 1111/1111/1111 1106/1106/1106 1083/1083/1083
f 1083/1083/1083 1110/1110/1110 1111/1111/1111
f 1112/1112/1112 1114/1114/1114 1113/1113/1113
f 1113/1113/1113 1085/1085/1085 1112/1112/1112
f 1114/1114/1114 1109/1109/1109 1084/1084/1084
f 1084/1084/1084 1113/1113/1113 1114/1114/1114
f 1116/1116/1116 1112/1112/1112 1085/1085/1085
f 1085/1085/1085 1115/1115/1115 1116/1116/1116
f 1159/1159/1159 1117/1117/1117 1037/1037/1037
f 1117/1117/1117 1159/1159/1159 1157/1157/1157
f 1157/1157/1157 1118/1118/1118 1117/1117/1117
f 1158/1158/1158 1159/1159/1159 1037/1037/1037
f 1119/1119/1119 1118/1118/1118 1157/1157/1157
f 1154/1154/1154 1119/1119/1119 1157/1157/1157
f 1155/1155/1155 1156/1156/1156 1158/1158/1158
f 1091/1091/1091 1158/1158/1158 1037/1037/1037
f 1151/1151/1151 1154/1154/1154 1153/1153/1153
f 1120/1120/1120 1154/1154/1154 1151/1151/1151
f 1155/1155/1155 1152/1152/1152 1153/1153/1153
f 1154/1154/1154 1157/1157/1157 1156/1156/1156
f 1091/1091/1091 1152/1152/1152 1155/1155/1155
f 1120/1120/1120 1119/1119/1119 1154/1154/1154
f 1155/1155/1155 1158/1158/1158 1091/1091/1091
f 1101/1101/1101 1120/1120/1120 1151/1151/1151
f 1121/1121/1121 1120/1120/1120 1101/1101/1101
f 1123/1123/1123 1122/1122/1122 1043/1043/1043
f 1125/1125/1125 1124/1124/1124 1043/1043/1043
f 1124/1124/1124 1123/1123/1123 1043/1043/1043
f 1121/1121/1121 1101/1101/1101 1122/1122/1122
f 1127/1127/1127 1126/1126/1126 1047/1047/1047
f 1128/1128/1128 1127/1127/1127 1051/1051/1051
f 1130/1130/1130 1129/1129/1129 1055/1055/1055
f 1132/1132/1132 1131/1131/1131 1055/1055/1055
f 1131/1131/1131 1130/1130/1130 1055/1055/1055
f 1129/1129/1129 1128/1128/1128 1051/1051/1051
f 1126/1126/1126 1125/1125/1125 1047/1047/1047
f 1132/1132/1132 1055/1055/1055 1059/1059/1059
f 1090/1090/1090 1100/1100/1100 1099/1099/1099
f 1099/1099/1099 1091/1091/1091 1090/1090/1090
f 1102/1102/1102 1152/1152/1152 1099/1099/1099
f 1099/1099/1099 1152/1152/1152 1091/1091/1091
f 1039/1039/1039 1043/1043/1043 1101/1101/1101
f 1101/1101/1101 1151/1151/1151 1102/1102/1102
f 1096/1096/1096 1100/1100/1100 1090/1090/1090
f 1038/1038/1038 1094/1094/1094 1093/1093/1093
f 1093/1093/1093 1089/1089/1089 1038/1038/1038
f 1096/1096/1096 1090/1090/1090 1097/1097/1097
f 1097/1097/1097 1090/1090/1090 1089/1089/1089
f 1089/1089/1089 1093/1093/1093 1097/1097/1097
f 1042/1042/1042 1094/1094/1094 1038/1038/1038
f 1122/1122/1122 1101/1101/1101 1043/1043/1043
f 1041/1041/1041 1092/1092/1092 1045/1045/1045
f 1051/1051/1051 1127/1127/1127 1047/1047/1047
f 1053/1053/1053 1049/1049/1049 1050/1050/1050
f 1050/1050/1050 1054/1054/1054 1053/1053/1053
f 1043/1043/1043 1047/1047/1047 1125/1125/1125
f 1049/1049/1049 1045/1045/1045 1046/1046/1046
f 1046/1046/1046 1050/1050/1050 1049/1049/1049
f 1042/1042/1042 1046/1046/1046 1092/1092/1092
f 1046/1046/1046 1045/1045/1045 1092/1092/1092
f 1094/1094/1094 1042/1042/1042 1092/1092/1092
f 1057/1057/1057 1053/1053/1053 1054/1054/1054
f 1054/1054/1054 1058/1058/1058 1057/1057/1057
f 1058/1058/1058 1062/1062/1062 1061/1061/1061
f 1061/1061/1061 1057/1057/1057 1058/1058/1058
f 1051/1051/1051 1055/1055/1055 1129/1129/1129
f 1132/1132/1132 1059/1059/1059 1133/1133/1133
f 1063/1063/1063 1135/1135/1135 1134/1134/1134
f 1063/1063/1063 1136/1136/1136 1135/1135/1135
f 1067/1067/1067 1138/1138/1138 1137/1137/1137
f 1067/1067/1067 1139/1139/1139 1138/1138/1138
f 1063/1063/1063 1137/1137/1137 1136/1136/1136
f 1063/1063/1063 1134/1134/1134 1059/1059/1059
f 1067/1067/1067 1137/1137/1137 1063/1063/1063
f 1140/1140/1140 1139/1139/1139 1071/1071/1071
f 1142/1142/1142 1141/1141/1141 1071/1071/1071
f 1141/1141/1141 1140/1140/1140 1071/1071/1071
f 1067/1067/1067 1071/1071/1071 1139/1139/1139
f 1142/1142/1142 1075/1075/1075 1143/1143/1143
f 1133/1133/1133 1059/1059/1059 1134/1134/1134
f 1145/1145/1145 1144/1144/1144 1079/1079/1079
f 1146/1146/1146 1145/1145/1145 1079/1079/1079
f 1107/1107/1107 1148/1148/1148 1147/1147/1147
f 1149/1149/1149 1161/1161/1161 1162/1162/1162
f 1162/1162/1162 1150/1150/1150 1149/1149/1149
f 1161/1161/1161 1149/1149/1149 1148/1148/1148
f 1107/1107/1107 1147/1147/1147 1146/1146/1146
f 1108/1108/1108 1161/1161/1161 1107/1107/1107
f 1148/1148/1148 1107/1107/1107 1161/1161/1161
f 1160/1160/1160 1087/1087/1087 1162/1162/1162
f 1106/1106/1106 1160/1160/1160 1108/1108/1108
f 1087/1087/1087 1160/1160/1160 1103/1103/1103
f 1162/1162/1162 1087/1087/1087 1150/1150/1150
f 1146/1146/1146 1079/1079/1079 1107/1107/1107
f 1075/1075/1075 1144/1144/1144 1143/1143/1143
f 1106/1106/1106 1103/1103/1103 1160/1160/1160
f 1065/1065/1065 1061/1061/1061 1062/1062/1062
f 1062/1062/1062 1066/1066/1066 1065/1065/1065
f 1069/1069/1069 1065/1065/1065 1066/1066/1066
f 1066/1066/1066 1070/1070/1070 1069/1069/1069
f 1142/1142/1142 1071/1071/1071 1075/1075/1075
f 1079/1079/1079 1144/1144/1144 1075/1075/1075
f 1073/1073/1073 1069/1069/1069 1070/1070/1070
f 1070/1070/1070 1074/1074/1074 1073/1073/1073
f 1078/1078/1078 1082/1082/1082 1081/1081/1081
f 1081/1081/1081 1077/1077/1077 1078/1078/1078
f 1077/1077/1077 1073/1073/1073 1074/1074/1074
f 1074/1074/1074 1078/1078/1078 1077/1077/1077
f 1111/1111/1111 1103/1103/1103 1106/1106/1106
f 1114/1114/1114 1104/1104/1104 1109/1109/1109
f 1111/1111/1111 1109/1109/1109 1104/1104/1104
f 1112/1112/1112 1105/1105/1105 1114/1114/1114
f 1104/1104/1104 1114/1114/1114 1105/1105/1105
f 1111/1111/1111 1104/1104/1104 1103/1103/1103
f 1082/1082/1082 1115/1115/1115 1085/1085/1085
f 1085/1085/1085 1081/1081/1081 1082/1082/1082
f 1086/1086/1086 1115/1115/1115 1082/1082/1082
f 1115/1115/1115 1086/1086/1086 1116/1116/1116
f 1116/1116/1116 1105/1105/1105 1112/1112/1112
f 1116/1116/1116 1086/1086/1086 1088/1088/1088
f 1116/1116/1116 1088/1088/1088 1105/1105/1105
f 1083/1083/1083 1107/1107/1107 1079/1079/1079
f 1165/1165/1165 1209/1209/1209 1210/1210/1210
f 1210/1210/1210 1207/1207/1207 1165/1165/1165
f 1166/1166/1166 1206/1206/1206 1208/1208/1208
f 1208/1208/1208 1204/1204/1204 1166/1166/1166
f 1206/1206/1206 1165/1165/1165 1207/1207/1207
f 1207/1207/1207 1208/1208/1208 1206/1206/1206
f 1167/1167/1167 1203/1203/1203 1205/1205/1205
f 1205/1205/1205 1201/1201/1201 1167/1167/1167
f 1203/1203/1203 1166/1166/1166 1204/1204/1204
f 1204/1204/1204 1205/1205/1205 1203/1203/1203
f 1200/1200/1200 1167/1167/1167 1201/1201/1201
f 1201/1201/1201 1202/1202/1202 1200/1200/1200
f 1206/1206/1206 1169/1169/1169 1165/1165/1165
f 1170/1170/1170 1206/1206/1206 1166/1166/1166
f 1169/1169/1169 1206/1206/1206 1170/1170/1170
f 1203/1203/1203 1170/1170/1170 1166/1166/1166
f 1171/1171/1171 1203/1203/1203 1167/1167/1167
f 1170/1170/1170 1203/1203/1203 1171/1171/1171
f 1174/1174/1174 1173/1173/1173 1169/1169/1169
f 1169/1169/1169 1170/1170/1170 1174/1174/1174
f 1175/1175/1175 1174/1174/1174 1170/1170/1170
f 1170/1170/1170 1171/1171/1171 1175/1175/1175
f 1190/1190/1190 1174/1174/1174 1178/1178/1178
f 1173/1173/1173 1190/1190/1190 1177/1177/1177
f 1174/1174/1174 1190/1190/1190 1173/1173/1173
f 1193/1193/1193 1175/1175/1175 1179/1179/1179
f 1174/1174/1174 1193/1193/1193 1178/1178/1178
f 1175/1175/1175 1193/1193/1193 1174/1174/1174
f 1186/1186/1186 1188/1188/1188 1187/1187/1187
f 1187/1187/1187 1177/1177/1177 1186/1186/1186
f 1221/1221/1221 1223/1223/1223 1222/1222/1222
f 1222/1222/1222 1188/1188/1188 1221/1221/1221
f 1189/1189/1189 1191/1191/1191 1190/1190/1190
f 1190/1190/1190 1178/1178/1178 1189/1189/1189
f 1191/1191/1191 1186/1186/1186 1177/1177/1177
f 1177/1177/1177 1190/1190/1190 1191/1191/1191
f 1192/1192/1192 1194/1194/1194 1193/1193/1193
f 1193/1193/1193 1179/1179/1179 1192/1192/1192
f 1194/1194/1194 1189/1189/1189 1178/1178/1178
f 1178/1178/1178 1193/1193/1193 1194/1194/1194
f 1196/1196/1196 1192/1192/1192 1179/1179/1179
f 1179/1179/1179 1195/1195/1195 1196/1196/1196
f 1210/1210/1210 1211/1211/1211 1163/1163/1163
f 1209/1209/1209 1211/1211/1211 1210/1210/1210
f 1199/1199/1199 1210/1210/1210 1163/1163/1163
f 1199/1199/1199 1207/1207/1207 1210/1210/1210
f 1208/1208/1208 1207/1207/1207 1199/1199/1199
f 1209/1209/1209 1212/1212/1212 1211/1211/1211
f 1209/1209/1209 1169/1169/1169 1213/1213/1213
f 1169/1169/1169 1214/1214/1214 1213/1213/1213
f 1165/1165/1165 1169/1169/1169 1209/1209/1209
f 1173/1173/1173 1215/1215/1215 1214/1214/1214
f 1214/1214/1214 1169/1169/1169 1173/1173/1173
f 1216/1216/1216 1215/1215/1215 1173/1173/1173
f 1213/1213/1213 1212/1212/1212 1209/1209/1209
f 1204/1204/1204 1208/1208/1208 1198/1198/1198
f 1199/1199/1199 1198/1198/1198 1208/1208/1208
f 1205/1205/1205 1204/1204/1204 1198/1198/1198
f 1164/1164/1164 1202/1202/1202 1201/1201/1201
f 1201/1201/1201 1197/1197/1197 1164/1164/1164
f 1198/1198/1198 1197/1197/1197 1205/1205/1205
f 1205/1205/1205 1197/1197/1197 1201/1201/1201
f 1200/1200/1200 1171/1171/1171 1167/1167/1167
f 1168/1168/1168 1200/1200/1200 1202/1202/1202
f 1200/1200/1200 1168/1168/1168 1172/1172/1172
f 1172/1172/1172 1171/1171/1171 1200/1200/1200
f 1164/1164/1164 1168/1168/1168 1202/1202/1202
f 1172/1172/1172 1176/1176/1176 1175/1175/1175
f 1175/1175/1175 1171/1171/1171 1172/1172/1172
f 1173/1173/1173 1187/1187/1187 1217/1217/1217
f 1187/1187/1187 1218/1218/1218 1217/1217/1217
f 1187/1187/1187 1222/1222/1222 1218/1218/1218
f 1218/1218/1218 1222/1222/1222 1219/1219/1219
f 1187/1187/1187 1173/1173/1173 1177/1177/1177
f 1223/1223/1223 1219/1219/1219 1222/1222/1222
f 1220/1220/1220 1219/1219/1219 1223/1223/1223
f 1181/1181/1181 1220/1220/1220 1223/1223/1223
f 1186/1186/1186 1221/1221/1221 1188/1188/1188
f 1181/1181/1181 1223/1223/1223 1221/1221/1221
f 1221/1221/1221 1183/1183/1183 1181/1181/1181
f 1187/1187/1187 1188/1188/1188 1222/1222/1222
f 1221/1221/1221 1186/1186/1186 1183/1183/1183
f 1191/1191/1191 1183/1183/1183 1186/1186/1186
f 1176/1176/1176 1180/1180/1180 1195/1195/1195
f 1195/1195/1195 1175/1175/1175 1176/1176/1176
f 1179/1179/1179 1175/1175/1175 1195/1195/1195
f 1195/1195/1195 1180/1180/1180 1196/1196/1196
f 1194/1194/1194 1184/1184/1184 1189/1189/1189
f 1191/1191/1191 1189/1189/1189 1184/1184/1184
f 1185/1185/1185 1184/1184/1184 1194/1194/1194
f 1185/1185/1185 1192/1192/1192 1196/1196/1196
f 1196/1196/1196 1182/1182/1182 1185/1185/1185
f 1185/1185/1185 1194/1194/1194 1192/1192/1192
f 1180/1180/1180 1182/1182/1182 1196/1196/1196
f 1191/1191/1191 1184/1184/1184 1183/1183/1183
f 1173/1173/1173 1217/1217/1217 1216/1216/1216
f 1226/1226/1226 1288/1288/1288 1289/1289/1289
f 1289/1289/1289 1286/1286/1286 1226/1226/1226
f 1227/1227/1227 1285/1285/1285 1287/1287/1287
f 1287/1287/1287 1283/1283/1283 1227/1227/1227
f 1285/1285/1285 1226/1226/1226 1286/1286/1286
f 1286/1286/1286 1287/1287/1287 1285/1285/1285
f 1228/1228/1228 1282/1282/1282 1284/1284/1284
f 1284/1284/1284 1280/1280/1280 1228/1228/1228
f 1282/1282/1282 1227/1227/1227 1283/1283/1283
f 1283/1283/1283 1284/1284/1284 1282/1282/1282
f 1279/1279/1279 1228/1228/1228 1280/1280/1280
f 1280/1280/1280 1281/1281/1281 1279/1279/1279
f 1285/1285/1285 1230/1230/1230 1226/1226/1226
f 1231/1231/1231 1285/1285/1285 1227/1227/1227
f 1230/1230/1230 1285/1285/1285 1231/1231/1231
f 1282/1282/1282 1231/1231/1231 1227/1227/1227
f 1232/1232/1232 1282/1282/1282 1228/1228/1228
f 1231/1231/1231 1282/1282/1282 1232/1232/1232
f 1235/1235/1235 1234/1234/1234 1230/1230/1230
f 1230/1230/1230 1231/1231/1231 1235/1235/1235
f 1236/1236/1236 1235/1235/1235 1231/1231/1231
f 1231/1231/1231 1232/1232/1232 1236/1236/1236
f 1239/1239/1239 1238/1238/1238 1234/1234/1234
f 1234/1234/1234 1235/1235/1235 1239/1239/1239
f 1240/1240/1240 1239/1239/1239 1235/1235/1235
f 1235/1235/1235 1236/1236/1236 1240/1240/1240
f 1243/1243/1243 1242/1242/1242 1238/1238/1238
f 1238/1238/1238 1239/1239/1239 1243/1243/1243
f 1244/1244/1244 1243/1243/1243 1239/1239/1239
f 1239/1239/1239 1240/1240/1240 1244/1244/1244
f 1247/1247/1247 1246/1246/1246 1242/1242/1242
f 1242/1242/1242 1243/1243/1243 1247/1247/1247
f 1248/1248/1248 1247/1247/1247 1243/1243/1243
f 1243/1243/1243 1244/1244/1244 1248/1248/1248
f 1251/1251/1251 1250/1250/1250 1246/1246/1246
f 1246/1246/1246 1247/1247/1247 1251/1251/1251
f 1252/1252/1252 1251/1251/1251 1247/1247/1247
f 1247/1247/1247 1248/1248/1248 1252/1252/1252
f 1255/1255/1255 1254/1254/1254 1250/1250/1250
f 1250/1250/1250 1251/1251/1251 1255/1255/1255
f 1256/1256/1256 1255/1255/1255 1251/1251/1251
f 1251/1251/1251 1252/1252/1252 1256/1256/1256
f 1259/1259/1259 1258/1258/1258 1254/1254/1254
f 1254/1254/1254 1255/1255/1255 1259/1259/1259
f 1260/1260/1260 1259/1259/1259 1255/1255/1255
f 1255/1255/1255 1256/1256/1256 1260/1260/1260
f 1263/1263/1263 1262/1262/1262 1258/1258/1258
f 1258/1258/1258 1259/1259/1259 1263/1263/1263
f 1264/1264/1264 1263/1263/1263 1259/1259/1259
f 1259/1259/1259 1260/1260/1260 1264/1264/1264
f 1267/1267/1267 1266/1266/1266 1262/1262/1262
f 1262/1262/1262 1263/1263/1263 1267/1267/1267
f 1268/1268/1268 1267/1267/1267 1263/1263/1263
f 1263/1263/1263 1264/1264/1264 1268/1268/1268
f 1297/1297/1297 1267/1267/1267 1271/1271/1271
f 1266/1266/1266 1297/1297/1297 1270/1270/1270
f 1267/1267/1267 1297/1297/1297 1266/1266/1266
f 1300/1300/1300 1268/1268/1268 1272/1272/1272
f 1267/1267/1267 1300/1300/1300 1271/1271/1271
f 1268/1268/1268 1300/1300/1300 1267/1267/1267
f 1293/1293/1293 1295/1295/1295 1294/1294/1294
f 1294/1294/1294 1270/1270/1270 1293/1293/1293
f 1335/1335/1335 1337/1337/1337 1336/1336/1336
f 1336/1336/1336 1295/1295/1295 1335/1335/1335
f 1296/1296/1296 1298/1298/1298 1297/1297/1297
f 1297/1297/1297 1271/1271/1271 1296/1296/1296
f 1298/1298/1298 1293/1293/1293 1270/1270/1270
f 1270/1270/1270 1297/1297/1297 1298/1298/1298
f 1299/1299/1299 1301/1301/1301 1300/1300/1300
f 1300/1300/1300 1272/1272/1272 1299/1299/1299
f 1301/1301/1301 1296/1296/1296 1271/1271/1271
f 1271/1271/1271 1300/1300/1300 1301/1301/1301
f 1303/1303/1303 1299/1299/1299 1272/1272/1272
f 1272/1272/1272 1302/1302/1302 1303/1303/1303
f 1289/1289/1289 1304/1304/1304 1224/1224/1224
f 1304/1304/1304 1289/1289/1289 1288/1288/1288
f 1288/1288/1288 1305/1305/1305 1304/1304/1304
f 1230/1230/1230 1307/1307/1307 1306/1306/1306
f 1230/1230/1230 1308/1308/1308 1307/1307/1307
f 1288/1288/1288 1306/1306/1306 1305/1305/1305
f 1286/1286/1286 1289/1289/1289 1278/1278/1278
f 1224/1224/1224 1278/1278/1278 1289/1289/1289
f 1287/1287/1287 1286/1286/1286 1278/1278/1278
f 1226/1226/1226 1230/1230/1230 1288/1288/1288
f 1306/1306/1306 1288/1288/1288 1230/1230/1230
f 1230/1230/1230 1309/1309/1309 1308/1308/1308
f 1234/1234/1234 1310/1310/1310 1309/1309/1309
f 1234/1234/1234 1311/1311/1311 1310/1310/1310
f 1312/1312/1312 1311/1311/1311 1238/1238/1238
f 1313/1313/1313 1312/1312/1312 1238/1238/1238
f 1238/1238/1238 1311/1311/1311 1234/1234/1234
f 1314/1314/1314 1242/1242/1242 1315/1315/1315
f 1242/1242/1242 1314/1314/1314 1313/1313/1313
f 1315/1315/1315 1242/1242/1242 1316/1316/1316
f 1317/1317/1317 1316/1316/1316 1246/1246/1246
f 1318/1318/1318 1317/1317/1317 1246/1246/1246
f 1319/1319/1319 1318/1318/1318 1250/1250/1250
f 1230/1230/1230 1234/1234/1234 1309/1309/1309
f 1276/1276/1276 1284/1284/1284 1283/1283/1283
f 1283/1283/1283 1277/1277/1277 1276/1276/1276
f 1278/1278/1278 1277/1277/1277 1287/1287/1287
f 1287/1287/1287 1277/1277/1277 1283/1283/1283
f 1276/1276/1276 1280/1280/1280 1284/1284/1284
f 1281/1281/1281 1280/1280/1280 1276/1276/1276
f 1281/1281/1281 1225/1225/1225 1229/1229/1229
f 1276/1276/1276 1225/1225/1225 1281/1281/1281
f 1233/1233/1233 1279/1279/1279 1229/1229/1229
f 1228/1228/1228 1279/1279/1279 1232/1232/1232
f 1232/1232/1232 1279/1279/1279 1233/1233/1233
f 1281/1281/1281 1229/1229/1229 1279/1279/1279
f 1233/1233/1233 1237/1237/1237 1236/1236/1236
f 1236/1236/1236 1232/1232/1232 1233/1233/1233
f 1240/1240/1240 1236/1236/1236 1237/1237/1237
f 1237/1237/1237 1241/1241/1241 1240/1240/1240
f 1316/1316/1316 1242/1242/1242 1246/1246/1246
f 1318/1318/1318 1246/1246/1246 1250/1250/1250
f 1242/1242/1242 1313/1313/1313 1238/1238/1238
f 1248/1248/1248 1244/1244/1244 1245/1245/1245
f 1245/1245/1245 1249/1249/1249 1248/1248/1248
f 1249/1249/1249 1253/1253/1253 1252/1252/1252
f 1252/1252/1252 1248/1248/1248 1249/1249/1249
f 1244/1244/1244 1240/1240/1240 1241/1241/1241
f 1241/1241/1241 1245/1245/1245 1244/1244/1244
f 1250/1250/1250 1320/1320/1320 1319/1319/1319
f 1254/1254/1254 1321/1321/1321 1320/1320/1320
f 1320/1320/1320 1250/1250/1250 1254/1254/1254
f 1254/1254/1254 1322/1322/1322 1321/1321/1321
f 1258/1258/1258 1324/1324/1324 1323/1323/1323
f 1258/1258/1258 1325/1325/1325 1324/1324/1324
f 1254/1254/1254 1323/1323/1323 1322/1322/1322
f 1254/1254/1254 1258/1258/1258 1323/1323/1323
f 1326/1326/1326 1325/1325/1325 1258/1258/1258
f 1326/1326/1326 1258/1258/1258 1262/1262/1262
f 1327/1327/1327 1326/1326/1326 1262/1262/1262
f 1328/1328/1328 1327/1327/1327 1262/1262/1262
f 1328/1328/1328 1266/1266/1266 1329/1329/1329
f 1294/1294/1294 1331/1331/1331 1330/1330/1330
f 1294/1294/1294 1332/1332/1332 1331/1331/1331
f 1333/1333/1333 1336/1336/1336 1337/1337/1337
f 1337/1337/1337 1334/1334/1334 1333/1333/1333
f 1337/1337/1337 1274/1274/1274 1334/1334/1334
f 1336/1336/1336 1333/1333/1333 1332/1332/1332
f 1295/1295/1295 1336/1336/1336 1294/1294/1294
f 1332/1332/1332 1294/1294/1294 1336/1336/1336
f 1337/1337/1337 1335/1335/1335 1274/1274/1274
f 1290/1290/1290 1274/1274/1274 1335/1335/1335
f 1293/1293/1293 1335/1335/1335 1295/1295/1295
f 1330/1330/1330 1266/1266/1266 1294/1294/1294
f 1266/1266/1266 1330/1330/1330 1329/1329/1329
f 1293/1293/1293 1290/1290/1290 1335/1335/1335
f 1256/1256/1256 1252/1252/1252 1253/1253/1253
f 1253/1253/1253 1257/1257/1257 1256/1256/1256
f 1260/1260/1260 1256/1256/1256 1257/1257/1257
f 1257/1257/1257 1261/1261/1261 1260/1260/1260
f 1328/1328/1328 1262/1262/1262 1266/1266/1266
f 1264/1264/1264 1260/1260/1260 1261/1261/1261
f 1261/1261/1261 1265/1265/1265 1264/1264/1264
f 1268/1268/1268 1264/1264/1264 1265/1265/1265
f 1265/1265/1265 1269/1269/1269 1268/1268/1268
f 1302/1302/1302 1268/1268/1268 1269/1269/1269
f 1298/1298/1298 1290/1290/1290 1293/1293/1293
f 1301/1301/1301 1291/1291/1291 1296/1296/1296
f 1298/1298/1298 1296/1296/1296 1291/1291/1291
f 1292/1292/1292 1291/1291/1291 1301/1301/1301
f 1298/1298/1298 1291/1291/1291 1290/1290/1290
f 1268/1268/1268 1302/1302/1302 1272/1272/1272
f 1303/1303/1303 1302/1302/1302 1273/1273/1273
f 1269/1269/1269 1273/1273/1273 1302/1302/1302
f 1303/1303/1303 1292/1292/1292 1299/1299/1299
f 1273/1273/1273 1275/1275/1275 1303/1303/1303
f 1292/1292/1292 1303/1303/1303 1275/1275/1275
f 1299/1299/1299 1292/1292/1292 1301/1301/1301
f 1270/1270/1270 1294/1294/1294 1266/1266/1266
f 1340/1340/1340 1416/1416/1416 1417/1417/1417
f 1417/1417/1417 1414/1414/1414 1340/1340/1340
f 1417/1417/1417 1451/1451/1451 1453/1453/1453
f 1453/1453/1453 1452/1452/1452 1417/1417/1417
f 1341/1341/1341 1413/1413/1413 1415/1415/1415
f 1415/1415/1415 1411/1411/1411 1341/1341/1341
f 1413/1413/1413 1340/1340/1340 1414/1414/1414
f 1414/1414/1414 1415/1415/1415 1413/1413/1413
f 1342/1342/1342 1410/1410/1410 1412/1412/1412
f 1412/1412/1412 1408/1408/1408 1342/1342/1342
f 1410/1410/1410 1341/1341/1341 1411/1411/1411
f 1411/1411/1411 1412/1412/1412 1410/1410/1410
f 1407/1407/1407 1342/1342/1342 1408/1408/1408
f 1408/1408/1408 1409/1409/1409 1407/1407/1407
f 1413/1413/1413 1344/1344/1344 1340/1340/1340
f 1345/1345/1345 1413/1413/1413 1341/1341/1341
f 1344/1344/1344 1413/1413/1413 1345/1345/1345
f 1410/1410/1410 1345/1345/1345 1341/1341/1341
f 1346/1346/1346 1410/1410/1410 1342/1342/1342
f 1345/1345/1345 1410/1410/1410 1346/1346/1346
f 1349/1349/1349 1348/1348/1348 1344/1344/1344
f 1344/1344/1344 1345/1345/1345 1349/1349/1349
f 1350/1350/1350 1349/1349/1349 1345/1345/1345
f 1345/1345/1345 1346/1346/1346 1350/1350/1350
f 1353/1353/1353 1352/1352/1352 1348/1348/1348
f 1348/1348/1348 1349/1349/1349 1353/1353/1353
f 1354/1354/1354 1353/1353/1353 1349/1349/1349
f 1349/1349/1349 1350/1350/1350 1354/1354/1354
f 1357/1357/1357 1356/1356/1356 1352/1352/1352
f 1352/1352/1352 1353/1353/1353 1357/1357/1357
f 1358/1358/1358 1357/1357/1357 1353/1353/1353
f 1353/1353/1353 1354/1354/1354 1358/1358/1358
f 1361/1361/1361 1360/1360/1360 1356/1356/1356
f 1356/1356/1356 1357/1357/1357 1361/1361/1361
f 1362/1362/1362 1361/1361/1361 1357/1357/1357
f 1357/1357/1357 1358/1358/1358 1362/1362/1362
f 1365/1365/1365 1364/1364/1364 1360/1360/1360
f 1360/1360/1360 1361/1361/1361 1365/1365/1365
f 1366/1366/1366 1365/1365/1365 1361/1361/1361
f 1361/1361/1361 1362/1362/1362 1366/1366/1366
f 1369/1369/1369 1368/1368/1368 1364/1364/1364
f 1364/1364/1364 1365/1365/1365 1369/1369/1369
f 1370/1370/1370 1369/1369/1369 1365/1365/1365
f 1365/1365/1365 1366/1366/1366 1370/1370/1370
f 1373/1373/1373 1372/1372/1372 1368/1368/1368
f 1368/1368/1368 1369/1369/1369 1373/1373/1373
f 1374/1374/1374 1373/1373/1373 1369/1369/1369
f 1369/1369/1369 1370/1370/1370 1374/1374/1374
f 1377/1377/1377 1376/1376/1376 1372/1372/1372
f 1372/1372/1372 1373/1373/1373 1377/1377/1377
f 1378/1378/1378 1377/1377/1377 1373/1373/1373
f 1373/1373/1373 1374/1374/1374 1378/1378/1378
f 1381/1381/1381 1380/1380/1380 1376/1376/1376
f 1376/1376/1376 1377/1377/1377 1381/1381/1381
f 1382/1382/1382 1381/1381/1381 1377/1377/1377
f 1377/1377/1377 1378/1378/1378 1382/1382/1382
f 1397/1397/1397 1381/1381/1381 1385/1385/1385
f 1380/1380/1380 1397/1397/1397 1384/1384/1384
f 1381/1381/1381 1397/1397/1397 1380/1380/1380
f 1400/1400/1400 1382/1382/1382 1386/1386/1386
f 1381/1381/1381 1400/1400/1400 1385/1385/1385
f 1382/1382/1382 1400/1400/1400 1381/1381/1381
f 1393/1393/1393 1395/1395/1395 1394/1394/1394
f 1394/1394/1394 1384/1384/1384 1393/1393/1393
f 1454/1454/1454 1456/1456/1456 1455/1455/1455
f 1455/1455/1455 1395/1395/1395 1454/1454/1454
f 1396/1396/1396 1398/1398/1398 1397/1397/1397
f 1397/1397/1397 1385/1385/1385 1396/1396/1396
f 1398/1398/1398 1393/1393/1393 1384/1384/1384
f 1384/1384/1384 1397/1397/1397 1398/1398/1398
f 1399/1399/1399 1401/1401/1401 1400/1400/1400
f 1400/1400/1400 1386/1386/1386 1399/1399/1399
f 1401/1401/1401 1396/1396/1396 1385/1385/1385
f 1385/1385/1385 1400/1400/1400 1401/1401/1401
f 1403/1403/1403 1399/1399/1399 1386/1386/1386
f 1386/1386/1386 1402/1402/1402 1403/1403/1403
f 1453/1453/1453 1418/1418/1418 1338/1338/1338
f 1418/1418/1418 1453/1453/1453 1451/1451/1451
f 1451/1451/1451 1419/1419/1419 1418/1418/1418
f 1452/1452/1452 1453/1453/1453 1338/1338/1338
f 1451/1451/1451 1420/1420/1420 1419/1419/1419
f 1416/1416/1416 1420/1420/1420 1451/1451/1451
f 1452/1452/1452 1406/1406/1406 1414/1414/1414
f 1338/1338/1338 1406/1406/1406 1452/1452/1452
f 1417/1417/1417 1452/1452/1452 1414/1414/1414
f 1416/1416/1416 1340/1340/1340 1344/1344/1344
f 1416/1416/1416 1451/1451/1451 1417/1417/1417
f 1415/1415/1415 1414/1414/1414 1406/1406/1406
f 1416/1416/1416 1421/1421/1421 1420/1420/1420
f 1416/1416/1416 1422/1422/1422 1421/1421/1421
f 1422/1422/1422 1416/1416/1416 1344/1344/1344
f 1424/1424/1424 1423/1423/1423 1344/1344/1344
f 1425/1425/1425 1424/1424/1424 1348/1348/1348
f 1423/1423/1423 1422/1422/1422 1344/1344/1344
f 1427/1427/1427 1426/1426/1426 1348/1348/1348
f 1428/1428/1428 1427/1427/1427 1352/1352/1352
f 1430/1430/1430 1429/1429/1429 1356/1356/1356
f 1432/1432/1432 1431/1431/1431 1356/1356/1356
f 1431/1431/1431 1430/1430/1430 1356/1356/1356
f 1429/1429/1429 1428/1428/1428 1352/1352/1352
f 1426/1426/1426 1425/1425/1425 1348/1348/1348
f 1433/1433/1433 1432/1432/1432 1360/1360/1360
f 1404/1404/1404 1412/1412/1412 1411/1411/1411
f 1411/1411/1411 1405/1405/1405 1404/1404/1404
f 1406/1406/1406 1405/1405/1405 1415/1415/1415
f 1415/1415/1415 1405/1405/1405 1411/1411/1411
f 1408/1408/1408 1412/1412/1412 1404/1404/1404
f 1339/1339/1339 1409/1409/1409 1408/1408/1408
f 1408/1408/1408 1404/1404/1404 1339/1339/1339
f 1343/1343/1343 1409/1409/1409 1339/1339/1339
f 1407/1407/1407 1346/1346/1346 1342/1342/1342
f 1409/1409/1409 1343/1343/1343 1407/1407/1407
f 1407/1407/1407 1343/1343/1343 1347/1347/1347
f 1347/1347/1347 1346/1346/1346 1407/1407/1407
f 1427/1427/1427 1348/1348/1348 1352/1352/1352
f 1347/1347/1347 1351/1351/1351 1350/1350/1350
f 1350/1350/1350 1346/1346/1346 1347/1347/1347
f 1432/1432/1432 1356/1356/1356 1360/1360/1360
f 1356/1356/1356 1429/1429/1429 1352/1352/1352
f 1354/1354/1354 1350/1350/1350 1351/1351/1351
f 1351/1351/1351 1355/1355/1355 1354/1354/1354
f 1362/1362/1362 1358/1358/1358 1359/1359/1359
f 1359/1359/1359 1363/1363/1363 1362/1362/1362
f 1363/1363/1363 1367/1367/1367 1366/1366/1366
f 1366/1366/1366 1362/1362/1362 1363/1363/1363
f 1358/1358/1358 1354/1354/1354 1355/1355/1355
f 1355/1355/1355 1359/1359/1359 1358/1358/1358
f 1348/1348/1348 1424/1424/1424 1344/1344/1344
f 1433/1433/1433 1360/1360/1360 1434/1434/1434
f 1364/1364/1364 1435/1435/1435 1434/1434/1434
f 1364/1364/1364 1436/1436/1436 1435/1435/1435
f 1368/1368/1368 1438/1438/1438 1437/1437/1437
f 1368/1368/1368 1439/1439/1439 1438/1438/1438
f 1364/1364/1364 1437/1437/1437 1436/1436/1436
f 1364/1364/1364 1368/1368/1368 1437/1437/1437
f 1372/1372/1372 1440/1440/1440 1439/1439/1439
f 1439/1439/1439 1368/1368/1368 1372/1372/1372
f 1441/1441/1441 1440/1440/1440 1372/1372/1372
f 1443/1443/1443 1442/1442/1442 1376/1376/1376
f 1442/1442/1442 1441/1441/1441 1372/1372/1372
f 1443/1443/1443 1376/1376/1376 1444/1444/1444
f 1446/1446/1446 1445/1445/1445 1380/1380/1380
f 1394/1394/1394 1447/1447/1447 1446/1446/1446
f 1455/1455/1455 1449/1449/1449 1448/1448/1448
f 1449/1449/1449 1455/1455/1455 1456/1456/1456
f 1456/1456/1456 1450/1450/1450 1449/1449/1449
f 1394/1394/1394 1448/1448/1448 1447/1447/1447
f 1395/1395/1395 1455/1455/1455 1394/1394/1394
f 1448/1448/1448 1394/1394/1394 1455/1455/1455
f 1454/1454/1454 1388/1388/1388 1456/1456/1456
f 1393/1393/1393 1454/1454/1454 1395/1395/1395
f 1388/1388/1388 1454/1454/1454 1390/1390/1390
f 1456/1456/1456 1388/1388/1388 1450/1450/1450
f 1446/1446/1446 1380/1380/1380 1394/1394/1394
f 1444/1444/1444 1380/1380/1380 1445/1445/1445
f 1393/1393/1393 1390/1390/1390 1454/1454/1454
f 1370/1370/1370 1366/1366/1366 1367/1367/1367
f 1367/1367/1367 1371/1371/1371 1370/1370/1370
f 1444/1444/1444 1376/1376/1376 1380/1380/1380
f 1376/1376/1376 1442/1442/1442 1372/1372/1372
f 1374/1374/1374 1370/1370/1370 1371/1371/1371
f 1371/1371/1371 1375/1375/1375 1374/1374/1374
f 1382/1382/1382 1378/1378/1378 1379/1379/1379
f 1379/1379/1379 1383/1383/1383 1382/1382/1382
f 1383/1383/1383 1402/1402/1402 1386/1386/1386
f 1386/1386/1386 1382/1382/1382 1383/1383/1383
f 1378/1378/1378 1374/1374/1374 1375/1375/1375
f 1375/1375/1375 1379/1379/1379 1378/1378/1378
f 1398/1398/1398 1390/1390/1390 1393/1393/1393
f 1401/1401/1401 1391/1391/1391 1396/1396/1396
f 1398/1398/1398 1396/1396/1396 1391/1391/1391
f 1392/1392/1392 1391/1391/1391 1401/1401/1401
f 1398/1398/1398 1391/1391/1391 1390/1390/1390
f 1403/1403/1403 1402/1402/1402 1387/1387/1387
f 1383/1383/1383 1387/1387/1387 1402/1402/1402
f 1403/1403/1403 1392/1392/1392 1399/1399/1399
f 1387/1387/1387 1389/1389/1389 1403/1403/1403
f 1392/1392/1392 1403/1403/1403 1389/1389/1389
f 1399/1399/1399 1392/1392/1392 1401/1401/1401
f 1384/1384/1384 1394/1394/1394 1380/1380/1380
f 1364/1364/1364 1434/1434/1434 1360/1360/1360
f 1860/1860/1860 1831/1831/1831 1460/1460/1460
f 1832/1832/1832 1834/1834/1834 1860/1860/1860
f 1460/1460/1460 1832/1832/1832 1860/1860/1860
f 1836/1836/1836 1834/1834/1834 1832/1832/1832
f 1458/1458/1458 1833/1833/1833 1836/1836/1836
f 1832/1832/1832 1458/1458/1458 1836/1836/1836
f 1834/1834/1834 1836/1836/1836 1838/1838/1838
f 1838/1838/1838 1835/1835/1835 1834/1834/1834
f 1844/1844/1844 1838/1838/1838 1836/1836/1836
f 1833/1833/1833 1837/1837/1837 1844/1844/1844
f 1836/1836/1836 1833/1833/1833 1844/1844/1844
f 1838/1838/1838 1844/1844/1844 1846/1846/1846
f 1846/1846/1846 1843/1843/1843 1838/1838/1838
f 1852/1852/1852 1846/1846/1846 1844/1844/1844
f 1837/1837/1837 1845/1845/1845 1852/1852/1852
f 1844/1844/1844 1837/1837/1837 1852/1852/1852
f 1846/1846/1846 1852/1852/1852 1854/1854/1854
f 1854/1854/1854 1851/1851/1851 1846/1846/1846
f 1852/1852/1852 1845/1845/1845 1853/1853/1853
f 1853/1853/1853 1854/1854/1854 1852/1852/1852
f 1831/1831/1831 1860/1860/1860 1861/1861/1861
f 1861/1861/1861 1859/1859/1859 1831/1831/1831
f 1860/1860/1860 1834/1834/1834 1835/1835/1835
f 1835/1835/1835 1861/1861/1861 1860/1860/1860
f 1868/1868/1868 1862/1862/1862 1462/1462/1462
f 1638/1638/1638 1863/1863/1863 1868/1868/1868
f 1462/1462/1462 1638/1638/1638 1868/1868/1868
f 1865/1865/1865 1863/1863/1863 1638/1638/1638
f 1460/1460/1460 1831/1831/1831 1865/1865/1865
f 1638/1638/1638 1460/1460/1460 1865/1865/1865
f 1863/1863/1863 1865/1865/1865 1866/1866/1866
f 1866/1866/1866 1864/1864/1864 1863/1863/1863
f 1865/1865/1865 1831/1831/1831 1859/1859/1859
f 1859/1859/1859 1866/1866/1866 1865/1865/1865
f 1862/1862/1862 1868/1868/1868 1869/1869/1869
f 1869/1869/1869 1867/1867/1867 1862/1862/1862
f 1868/1868/1868 1863/1863/1863 1864/1864/1864
f 1864/1864/1864 1869/1869/1869 1868/1868/1868
f 1639/1639/1639 1637/1637/1637 1460/1460/1460
f 1460/1460/1460 1638/1638/1638 1639/1639/1639
f 1635/1635/1635 1639/1639/1639 1638/1638/1638
f 1638/1638/1638 1462/1462/1462 1635/1635/1635
f 1876/1876/1876 1870/1870/1870 1464/1464/1464
f 1642/1642/1642 1871/1871/1871 1876/1876/1876
f 1464/1464/1464 1642/1642/1642 1876/1876/1876
f 1873/1873/1873 1871/1871/1871 1642/1642/1642
f 1462/1462/1462 1862/1862/1862 1873/1873/1873
f 1642/1642/1642 1462/1462/1462 1873/1873/1873
f 1871/1871/1871 1873/1873/1873 1874/1874/1874
f 1874/1874/1874 1872/1872/1872 1871/1871/1871
f 1873/1873/1873 1862/1862/1862 1867/1867/1867
f 1867/1867/1867 1874/1874/1874 1873/1873/1873
f 1870/1870/1870 1876/1876/1876 1877/1877/1877
f 1877/1877/1877 1875/1875/1875 1870/1870/1870
f 1876/1876/1876 1871/1871/1871 1872/1872/1872
f 1872/1872/1872 1877/1877/1877 1876/1876/1876
f 1643/1643/1643 1635/1635/1635 1462/1462/1462
f 1462/1462/1462 1642/1642/1642 1643/1643/1643
f 1640/1640/1640 1643/1643/1643 1642/1642/1642
f 1642/1642/1642 1464/1464/1464 1640/1640/1640
f 1884/1884/1884 1878/1878/1878 1466/1466/1466
f 1646/1646/1646 1879/1879/1879 1884/1884/1884
f 1466/1466/1466 1646/1646/1646 1884/1884/1884
f 1881/1881/1881 1879/1879/1879 1646/1646/1646
f 1464/1464/1464 1870/1870/1870 1881/1881/1881
f 1646/1646/1646 1464/1464/1464 1881/1881/1881
f 1879/1879/1879 1881/1881/1881 1882/1882/1882
f 1882/1882/1882 1880/1880/1880 1879/1879/1879
f 1881/1881/1881 1870/1870/1870 1875/1875/1875
f 1875/1875/1875 1882/1882/1882 1881/1881/1881
f 1878/1878/1878 1884/1884/1884 1885/1885/1885
f 1885/1885/1885 1883/1883/1883 1878/1878/1878
f 1884/1884/1884 1879/1879/1879 1880/1880/1880
f 1880/1880/1880 1885/1885/1885 1884/1884/1884
f 1647/1647/1647 1640/1640/1640 1464/1464/1464
f 1464/1464/1464 1646/1646/1646 1647/1647/1647
f 1644/1644/1644 1647/1647/1647 1646/1646/1646
f 1646/1646/1646 1466/1466/1466 1644/1644/1644
f 1892/1892/1892 1886/1886/1886 1468/1468/1468
f 1650/1650/1650 1887/1887/1887 1892/1892/1892
f 1468/1468/1468 1650/1650/1650 1892/1892/1892
f 1889/1889/1889 1887/1887/1887 1650/1650/1650
f 1466/1466/1466 1878/1878/1878 1889/1889/1889
f 1650/1650/1650 1466/1466/1466 1889/1889/1889
f 1887/1887/1887 1889/1889/1889 1890/1890/1890
f 1890/1890/1890 1888/1888/1888 1887/1887/1887
f 1889/1889/1889 1878/1878/1878 1883/1883/1883
f 1883/1883/1883 1890/1890/1890 1889/1889/1889
f 1886/1886/1886 1892/1892/1892 1893/1893/1893
f 1893/1893/1893 1891/1891/1891 1886/1886/1886
f 1892/1892/1892 1887/1887/1887 1888/1888/1888
f 1888/1888/1888 1893/1893/1893 1892/1892/1892
f 1651/1651/1651 1644/1644/1644 1466/1466/1466
f 1466/1466/1466 1650/1650/1650 1651/1651/1651
f 1648/1648/1648 1651/1651/1651 1650/1650/1650
f 1650/1650/1650 1468/1468/1468 1648/1648/1648
f 1900/1900/1900 1894/1894/1894 1470/1470/1470
f 1654/1654/1654 1895/1895/1895 1900/1900/1900
f 1470/1470/1470 1654/1654/1654 1900/1900/1900
f 1897/1897/1897 1895/1895/1895 1654/1654/1654
f 1468/1468/1468 1886/1886/1886 1897/1897/1897
f 1654/1654/1654 1468/1468/1468 1897/1897/1897
f 1895/1895/1895 1897/1897/1897 1898/1898/1898
f 1898/1898/1898 1896/1896/1896 1895/1895/1895
f 1897/1897/1897 1886/1886/1886 1891/1891/1891
f 1891/1891/1891 1898/1898/1898 1897/1897/1897
f 1894/1894/1894 1900/1900/1900 1901/1901/1901
f 1901/1901/1901 1899/1899/1899 1894/1894/1894
f 1900/1900/1900 1895/1895/1895 1896/1896/1896
f 1896/1896/1896 1901/1901/1901 1900/1900/1900
f 1655/1655/1655 1648/1648/1648 1468/1468/1468
f 1468/1468/1468 1654/1654/1654 1655/1655/1655
f 1652/1652/1652 1655/1655/1655 1654/1654/1654
f 1654/1654/1654 1470/1470/1470 1652/1652/1652
f 1908/1908/1908 1902/1902/1902 1472/1472/1472
f 1658/1658/1658 1903/1903/1903 1908/1908/1908
f 1472/1472/1472 1658/1658/1658 1908/1908/1908
f 1905/1905/1905 1903/1903/1903 1658/1658/1658
f 1470/1470/1470 1894/1894/1894 1905/1905/1905
f 1658/1658/1658 1470/1470/1470 1905/1905/1905
f 1903/1903/1903 1905/1905/1905 1906/1906/1906
f 1906/1906/1906 1904/1904/1904 1903/1903/1903
f 1905/1905/1905 1894/1894/1894 1899/1899/1899
f 1899/1899/1899 1906/1906/1906 1905/1905/1905
f 1902/1902/1902 1908/1908/1908 1909/1909/1909
f 1909/1909/1909 1907/1907/1907 1902/1902/1902
f 1908/1908/1908 1903/1903/1903 1904/1904/1904
f 1904/1904/1904 1909/1909/1909 1908/1908/1908
f 1659/1659/1659 1652/1652/1652 1470/1470/1470
f 1470/1470/1470 1658/1658/1658 1659/1659/1659
f 1656/1656/1656 1659/1659/1659 1658/1658/1658
f 1658/1658/1658 1472/1472/1472 1656/1656/1656
f 1916/1916/1916 1910/1910/1910 1474/1474/1474
f 1662/1662/1662 1911/1911/1911 1916/1916/1916
f 1474/1474/1474 1662/1662/1662 1916/1916/1916
f 1913/1913/1913 1911/1911/1911 1662/1662/1662
f 1472/1472/1472 1902/1902/1902 1913/1913/1913
f 1662/1662/1662 1472/1472/1472 1913/1913/1913
f 1911/1911/1911 1913/1913/1913 1914/1914/1914
f 1914/1914/1914 1912/1912/1912 1911/1911/1911
f 1913/1913/1913 1902/1902/1902 1907/1907/1907
f 1907/1907/1907 1914/1914/1914 1913/1913/1913
f 1910/1910/1910 1916/1916/1916 1917/1917/1917
f 1917/1917/1917 1915/1915/1915 1910/1910/1910
f 1916/1916/1916 1911/1911/1911 1912/1912/1912
f 1912/1912/1912 1917/1917/1917 1916/1916/1916
f 1663/1663/1663 1656/1656/1656 1472/1472/1472
f 1472/1472/1472 1662/1662/1662 1663/1663/1663
f 1660/1660/1660 1663/1663/1663 1662/1662/1662
f 1662/1662/1662 1474/1474/1474 1660/1660/1660
f 1924/1924/1924 1918/1918/1918 1476/1476/1476
f 1666/1666/1666 1919/1919/1919 1924/1924/1924
f 1476/1476/1476 1666/1666/1666 1924/1924/1924
f 1921/1921/1921 1919/1919/1919 1666/1666/1666
f 1474/1474/1474 1910/1910/1910 1921/1921/1921
f 1666/1666/1666 1474/1474/1474 1921/1921/1921
f 1919/1919/1919 1921/1921/1921 1922/1922/1922
f 1922/1922/1922 1920/1920/1920 1919/1919/1919
f 1921/1921/1921 1910/1910/1910 1915/1915/1915
f 1915/1915/1915 1922/1922/1922 1921/1921/1921
f 1918/1918/1918 1924/1924/1924 1925/1925/1925
f 1925/1925/1925 1923/1923/1923 1918/1918/1918
f 1924/1924/1924 1919/1919/1919 1920/1920/1920
f 1920/1920/1920 1925/1925/1925 1924/1924/1924
f 1667/1667/1667 1660/1660/1660 1474/1474/1474
f 1474/1474/1474 1666/1666/1666 1667/1667/1667
f 1664/1664/1664 1667/1667/1667 1666/1666/1666
f 1666/1666/1666 1476/1476/1476 1664/1664/1664
f 1932/1932/1932 1926/1926/1926 1478/1478/1478
f 1670/1670/1670 1927/1927/1927 1932/1932/1932
f 1478/1478/1478 1670/1670/1670 1932/1932/1932
f 1929/1929/1929 1927/1927/1927 1670/1670/1670
f 1476/1476/1476 1918/1918/1918 1929/1929/1929
f 1670/1670/1670 1476/1476/1476 1929/1929/1929
f 1927/1927/1927 1929/1929/1929 1930/1930/1930
f 1930/1930/1930 1928/1928/1928 1927/1927/1927
f 1929/1929/1929 1918/1918/1918 1923/1923/1923
f 1923/1923/1923 1930/1930/1930 1929/1929/1929
f 1926/1926/1926 1932/1932/1932 1933/1933/1933
f 1933/1933/1933 1931/1931/1931 1926/1926/1926
f 1932/1932/1932 1927/1927/1927 1928/1928/1928
f 1928/1928/1928 1933/1933/1933 1932/1932/1932
f 1671/1671/1671 1664/1664/1664 1476/1476/1476
f 1476/1476/1476 1670/1670/1670 1671/1671/1671
f 1668/1668/1668 1671/1671/1671 1670/1670/1670
f 1670/1670/1670 1478/1478/1478 1668/1668/1668
f 1940/1940/1940 1934/1934/1934 1480/1480/1480
f 1674/1674/1674 1935/1935/1935 1940/1940/1940
f 1480/1480/1480 1674/1674/1674 1940/1940/1940
f 1937/1937/1937 1935/1935/1935 1674/1674/1674
f 1478/1478/1478 1926/1926/1926 1937/1937/1937
f 1674/1674/1674 1478/1478/1478 1937/1937/1937
f 1935/1935/1935 1937/1937/1937 1938/1938/1938
f 1938/1938/1938 1936/1936/1936 1935/1935/1935
f 1937/1937/1937 1926/1926/1926 1931/1931/1931
f 1931/1931/1931 1938/1938/1938 1937/1937/1937
f 1953/1953/1953 1939/1939/1939 1934/1934/1934
f 1940/1940/1940 1941/1941/1941 1953/1953/1953
f 1934/1934/1934 1940/1940/1940 1953/1953/1953
f 1945/1945/1945 1941/1941/1941 1940/1940/1940
f 1935/1935/1935 1936/1936/1936 1945/1945/1945
f 1940/1940/1940 1935/1935/1935 1945/1945/1945
f 1949/1949/1949 1944/1944/1944 1941/1941/1941
f 1945/1945/1945 1947/1947/1947 1949/1949/1949
f 1941/1941/1941 1945/1945/1945 1949/1949/1949
f 1945/1945/1945 1936/1936/1936 1946/1946/1946
f 1946/1946/1946 1947/1947/1947 1945/1945/1945
f 1944/1944/1944 1949/1949/1949 1951/1951/1951
f 1951/1951/1951 1948/1948/1948 1944/1944/1944
f 1949/1949/1949 1947/1947/1947 1950/1950/1950
f 1950/1950/1950 1951/1951/1951 1949/1949/1949
f 1939/1939/1939 1953/1953/1953 1954/1954/1954
f 1954/1954/1954 1952/1952/1952 1939/1939/1939
f 1959/1959/1959 1954/1954/1954 1953/1953/1953
f 1941/1941/1941 1944/1944/1944 1959/1959/1959
f 1953/1953/1953 1941/1941/1941 1959/1959/1959
f 1954/1954/1954 1959/1959/1959 1960/1960/1960
f 1960/1960/1960 1958/1958/1958 1954/1954/1954
f 1959/1959/1959 1944/1944/1944 1948/1948/1948
f 1948/1948/1948 1960/1960/1960 1959/1959/1959
f 1675/1675/1675 1668/1668/1668 1478/1478/1478
f 1478/1478/1478 1674/1674/1674 1675/1675/1675
f 1672/1672/1672 1675/1675/1675 1674/1674/1674
f 1674/1674/1674 1480/1480/1480 1672/1672/1672
f 1974/1974/1974 1942/1942/1942 1482/1482/1482
f 1678/1678/1678 1943/1943/1943 1974/1974/1974
f 1482/1482/1482 1678/1678/1678 1974/1974/1974
f 1956/1956/1956 1943/1943/1943 1678/1678/1678
f 1480/1480/1480 1934/1934/1934 1956/1956/1956
f 1678/1678/1678 1480/1480/1480 1956/1956/1956
f 1943/1943/1943 1956/1956/1956 1957/1957/1957
f 1957/1957/1957 1955/1955/1955 1943/1943/1943
f 1956/1956/1956 1934/1934/1934 1939/1939/1939
f 1939/1939/1939 1957/1957/1957 1956/1956/1956
f 1942/1942/1942 1974/1974/1974 1975/1975/1975
f 1975/1975/1975 1973/1973/1973 1942/1942/1942
f 1974/1974/1974 1943/1943/1943 1955/1955/1955
f 1955/1955/1955 1975/1975/1975 1974/1974/1974
f 1679/1679/1679 1672/1672/1672 1480/1480/1480
f 1480/1480/1480 1678/1678/1678 1679/1679/1679
f 1676/1676/1676 1679/1679/1679 1678/1678/1678
f 1678/1678/1678 1482/1482/1482 1676/1676/1676
f 1982/1982/1982 1976/1976/1976 1484/1484/1484
f 1682/1682/1682 1977/1977/1977 1982/1982/1982
f 1484/1484/1484 1682/1682/1682 1982/1982/1982
f 1979/1979/1979 1977/1977/1977 1682/1682/1682
f 1482/1482/1482 1942/1942/1942 1979/1979/1979
f 1682/1682/1682 1482/1482/1482 1979/1979/1979
f 1977/1977/1977 1979/1979/1979 1980/1980/1980
f 1980/1980/1980 1978/1978/1978 1977/1977/1977
f 1979/1979/1979 1942/1942/1942 1973/1973/1973
f 1973/1973/1973 1980/1980/1980 1979/1979/1979
f 1976/1976/1976 1982/1982/1982 1983/1983/1983
f 1983/1983/1983 1981/1981/1981 1976/1976/1976
f 1982/1982/1982 1977/1977/1977 1978/1978/1978
f 1978/1978/1978 1983/1983/1983 1982/1982/1982
f 1683/1683/1683 1676/1676/1676 1482/1482/1482
f 1482/1482/1482 1682/1682/1682 1683/1683/1683
f 1680/1680/1680 1683/1683/1683 1682/1682/1682
f 1682/1682/1682 1484/1484/1484 1680/1680/1680
f 1990/1990/1990 1984/1984/1984 1486/1486/1486
f 1686/1686/1686 1985/1985/1985 1990/1990/1990
f 1486/1486/1486 1686/1686/1686 1990/1990/1990
f 1987/1987/1987 1985/1985/1985 1686/1686/1686
f 1484/1484/1484 1976/1976/1976 1987/1987/1987
f 1686/1686/1686 1484/1484/1484 1987/1987/1987
f 1985/1985/1985 1987/1987/1987 1988/1988/1988
f 1988/1988/1988 1986/1986/1986 1985/1985/1985
f 1987/1987/1987 1976/1976/1976 1981/1981/1981
f 1981/1981/1981 1988/1988/1988 1987/1987/1987
f 1984/1984/1984 1990/1990/1990 1991/1991/1991
f 1991/1991/1991 1989/1989/1989 1984/1984/1984
f 1990/1990/1990 1985/1985/1985 1986/1986/1986
f 1986/1986/1986 1991/1991/1991 1990/1990/1990
f 1687/1687/1687 1680/1680/1680 1484/1484/1484
f 1484/1484/1484 1686/1686/1686 1687/1687/1687
f 1684/1684/1684 1687/1687/1687 1686/1686/1686
f 1686/1686/1686 1486/1486/1486 1684/1684/1684
f 1998/1998/1998 1992/1992/1992 1488/1488/1488
f 1690/1690/1690 1993/1993/1993 1998/1998/1998
f 1488/1488/1488 1690/1690/1690 1998/1998/1998
f 1995/1995/1995 1993/1993/1993 1690/1690/1690
f 1486/1486/1486 1984/1984/1984 1995/1995/1995
f 1690/1690/1690 1486/1486/1486 1995/1995/1995
f 1993/1993/1993 1995/1995/1995 1996/1996/1996
f 1996/1996/1996 1994/1994/1994 1993/1993/1993
f 1995/1995/1995 1984/1984/1984 1989/1989/1989
f 1989/1989/1989 1996/1996/1996 1995/1995/1995
f 2029/2029/2029 1997/1997/1997 1992/1992/1992
f 1998/1998/1998 1999/1999/1999 2029/2029/2029
f 1992/1992/1992 1998/1998/1998 2029/2029/2029
f 2025/2025/2025 1999/1999/1999 1998/1998/1998
f 1993/1993/1993 1994/1994/1994 2025/2025/2025
f 1998/1998/1998 1993/1993/1993 2025/2025/2025
f 1999/1999/1999 2025/2025/2025 2027/2027/2027
f 2027/2027/2027 2024/2024/2024 1999/1999/1999
f 2025/2025/2025 1994/1994/1994 2026/2026/2026
f 2026/2026/2026 2027/2027/2027 2025/2025/2025
f 1997/1997/1997 2029/2029/2029 2030/2030/2030
f 2030/2030/2030 2028/2028/2028 1997/1997/1997
f 2029/2029/2029 1999/1999/1999 2024/2024/2024
f 2024/2024/2024 2030/2030/2030 2029/2029/2029
f 1691/1691/1691 1684/1684/1684 1486/1486/1486
f 1486/1486/1486 1690/1690/1690 1691/1691/1691
f 1688/1688/1688 1691/1691/1691 1690/1690/1690
f 1690/1690/1690 1488/1488/1488 1688/1688/1688
f 2035/2035/2035 2000/2000/2000 1490/1490/1490
f 1694/1694/1694 2001/2001/2001 2035/2035/2035
f 1490/1490/1490 1694/1694/1694 2035/2035/2035
f 2032/2032/2032 2001/2001/2001 1694/1694/1694
f 1488/1488/1488 1992/1992/1992 2032/2032/2032
f 1694/1694/1694 1488/1488/1488 2032/2032/2032
f 2001/2001/2001 2032/2032/2032 2033/2033/2033
f 2033/2033/2033 2031/2031/2031 2001/2001/2001
f 2032/2032/2032 1992/1992/1992 1997/1997/1997
f 1997/1997/1997 2033/2033/2033 2032/2032/2032
f 2000/2000/2000 2035/2035/2035 2036/2036/2036
f 2036/2036/2036 2034/2034/2034 2000/2000/2000
f 2035/2035/2035 2001/2001/2001 2031/2031/2031
f 2031/2031/2031 2036/2036/2036 2035/2035/2035
f 1695/1695/1695 1688/1688/1688 1488/1488/1488
f 1488/1488/1488 1694/1694/1694 1695/1695/1695
f 1692/1692/1692 1695/1695/1695 1694/1694/1694
f 1694/1694/1694 1490/1490/1490 1692/1692/1692
f 2043/2043/2043 2037/2037/2037 1492/1492/1492
f 1698/1698/1698 2038/2038/2038 2043/2043/2043
f 1492/1492/1492 1698/1698/1698 2043/2043/2043
f 2040/2040/2040 2038/2038/2038 1698/1698/1698
f 1490/1490/1490 2000/2000/2000 2040/2040/2040
f 1698/1698/1698 1490/1490/1490 2040/2040/2040
f 2038/2038/2038 2040/2040/2040 2041/2041/2041
f 2041/2041/2041 2039/2039/2039 2038/2038/2038
f 2040/2040/2040 2000/2000/2000 2034/2034/2034
f 2034/2034/2034 2041/2041/2041 2040/2040/2040
f 2037/2037/2037 2043/2043/2043 2044/2044/2044
f 2044/2044/2044 2042/2042/2042 2037/2037/2037
f 2043/2043/2043 2038/2038/2038 2039/2039/2039
f 2039/2039/2039 2044/2044/2044 2043/2043/2043
f 1699/1699/1699 1692/1692/1692 1490/1490/1490
f 1490/1490/1490 1698/1698/1698 1699/1699/1699
f 1696/1696/1696 1699/1699/1699 1698/1698/1698
f 1698/1698/1698 1492/1492/1492 1696/1696/1696
f 2051/2051/2051 2045/2045/2045 1494/1494/1494
f 1702/1702/1702 2046/2046/2046 2051/2051/2051
f 1494/1494/1494 1702/1702/1702 2051/2051/2051
f 2048/2048/2048 2046/2046/2046 1702/1702/1702
f 1492/1492/1492 2037/2037/2037 2048/2048/2048
f 1702/1702/1702 1492/1492/1492 2048/2048/2048
f 2046/2046/2046 2048/2048/2048 2049/2049/2049
f 2049/2049/2049 2047/2047/2047 2046/2046/2046
f 2048/2048/2048 2037/2037/2037 2042/2042/2042
f 2042/2042/2042 2049/2049/2049 2048/2048/2048
f 2045/2045/2045 2051/2051/2051 2052/2052/2052
f 2052/2052/2052 2050/2050/2050 2045/2045/2045
f 2051/2051/2051 2046/2046/2046 2047/2047/2047
f 2047/2047/2047 2052/2052/2052 2051/2051/2051
f 1703/1703/1703 1696/1696/1696 1492/1492/1492
f 1492/1492/1492 1702/1702/1702 1703/1703/1703
f 1700/1700/1700 1703/1703/1703 1702/1702/1702
f 1702/1702/1702 1494/1494/1494 1700/1700/1700
f 2059/2059/2059 2053/2053/2053 1496/1496/1496
f 1706/1706/1706 2054/2054/2054 2059/2059/2059
f 1496/1496/1496 1706/1706/1706 2059/2059/2059
f 2056/2056/2056 2054/2054/2054 1706/1706/1706
f 1494/1494/1494 2045/2045/2045 2056/2056/2056
f 1706/1706/1706 1494/1494/1494 2056/2056/2056
f 2054/2054/2054 2056/2056/2056 2057/2057/2057
f 2057/2057/2057 2055/2055/2055 2054/2054/2054
f 2056/2056/2056 2045/2045/2045 2050/2050/2050
f 2050/2050/2050 2057/2057/2057 2056/2056/2056
f 2053/2053/2053 2059/2059/2059 2060/2060/2060
f 2060/2060/2060 2058/2058/2058 2053/2053/2053
f 2059/2059/2059 2054/2054/2054 2055/2055/2055
f 2055/2055/2055 2060/2060/2060 2059/2059/2059
f 1707/1707/1707 1700/1700/1700 1494/1494/1494
f 1494/1494/1494 1706/1706/1706 1707/1707/1707
f 1704/1704/1704 1707/1707/1707 1706/1706/1706
f 1706/1706/1706 1496/1496/1496 1704/1704/1704
f 2067/2067/2067 2061/2061/2061 1498/1498/1498
f 1710/1710/1710 2062/2062/2062 2067/2067/2067
f 1498/1498/1498 1710/1710/1710 2067/2067/2067
f 2064/2064/2064 2062/2062/2062 1710/1710/1710
f 1496/1496/1496 2053/2053/2053 2064/2064/2064
f 1710/1710/1710 1496/1496/1496 2064/2064/2064
f 2062/2062/2062 2064/2064/2064 2065/2065/2065
f 2065/2065/2065 2063/2063/2063 2062/2062/2062
f 2064/2064/2064 2053/2053/2053 2058/2058/2058
f 2058/2058/2058 2065/2065/2065 2064/2064/2064
f 2061/2061/2061 2067/2067/2067 2068/2068/2068
f 2068/2068/2068 2066/2066/2066 2061/2061/2061
f 2067/2067/2067 2062/2062/2062 2063/2063/2063
f 2063/2063/2063 2068/2068/2068 2067/2067/2067
f 1711/1711/1711 1704/1704/1704 1496/1496/1496
f 1496/1496/1496 1710/1710/1710 1711/1711/1711
f 1708/1708/1708 1711/1711/1711 1710/1710/1710
f 1710/1710/1710 1498/1498/1498 1708/1708/1708
f 2075/2075/2075 2069/2069/2069 1500/1500/1500
f 1714/1714/1714 2070/2070/2070 2075/2075/2075
f 1500/1500/1500 1714/1714/1714 2075/2075/2075
f 2072/2072/2072 2070/2070/2070 1714/1714/1714
f 1498/1498/1498 2061/2061/2061 2072/2072/2072
f 1714/1714/1714 1498/1498/1498 2072/2072/2072
f 2070/2070/2070 2072/2072/2072 2073/2073/2073
f 2073/2073/2073 2071/2071/2071 2070/2070/2070
f 2072/2072/2072 2061/2061/2061 2066/2066/2066
f 2066/2066/2066 2073/2073/2073 2072/2072/2072
f 2069/2069/2069 2075/2075/2075 2076/2076/2076
f 2076/2076/2076 2074/2074/2074 2069/2069/2069
f 2075/2075/2075 2070/2070/2070 2071/2071/2071
f 2071/2071/2071 2076/2076/2076 2075/2075/2075
f 1715/1715/1715 1708/1708/1708 1498/1498/1498
f 1498/1498/1498 1714/1714/1714 1715/1715/1715
f 1712/1712/1712 1715/1715/1715 1714/1714/1714
f 1714/1714/1714 1500/1500/1500 1712/1712/1712
f 2088/2088/2088 2077/2077/2077 1502/1502/1502
f 2078/2078/2078 2079/2079/2079 2088/2088/2088
f 1502/1502/1502 2078/2078/2078 2088/2088/2088
f 2081/2081/2081 2079/2079/2079 2078/2078/2078
f 1500/1500/1500 2069/2069/2069 2081/2081/2081
f 2078/2078/2078 1500/1500/1500 2081/2081/2081
f 2084/2084/2084 2080/2080/2080 2079/2079/2079
f 2081/2081/2081 2082/2082/2082 2084/2084/2084
f 2079/2079/2079 2081/2081/2081 2084/2084/2084
f 2081/2081/2081 2069/2069/2069 2074/2074/2074
f 2074/2074/2074 2082/2082/2082 2081/2081/2081
f 2080/2080/2080 2084/2084/2084 2086/2086/2086
f 2086/2086/2086 2083/2083/2083 2080/2080/2080
f 2084/2084/2084 2082/2082/2082 2085/2085/2085
f 2085/2085/2085 2086/2086/2086 2084/2084/2084
f 2136/2136/2136 2087/2087/2087 2077/2077/2077
f 2088/2088/2088 2089/2089/2089 2136/2136/2136
f 2077/2077/2077 2088/2088/2088 2136/2136/2136
f 2094/2094/2094 2089/2089/2089 2088/2088/2088
f 2079/2079/2079 2080/2080/2080 2094/2094/2094
f 2088/2088/2088 2079/2079/2079 2094/2094/2094
f 2132/2132/2132 2093/2093/2093 2089/2089/2089
f 2094/2094/2094 2095/2095/2095 2132/2132/2132
f 2089/2089/2089 2094/2094/2094 2132/2132/2132
f 2145/2145/2145 2095/2095/2095 2094/2094/2094
f 2080/2080/2080 2083/2083/2083 2145/2145/2145
f 2094/2094/2094 2080/2080/2080 2145/2145/2145
f 2152/2152/2152 2133/2133/2133 2095/2095/2095
f 2145/2145/2145 2147/2147/2147 2152/2152/2152
f 2095/2095/2095 2145/2145/2145 2152/2152/2152
f 2145/2145/2145 2083/2083/2083 2146/2146/2146
f 2146/2146/2146 2147/2147/2147 2145/2145/2145
f 2133/2133/2133 2152/2152/2152 2154/2154/2154
f 2154/2154/2154 2143/2143/2143 2133/2133/2133
f 2152/2152/2152 2147/2147/2147 2153/2153/2153
f 2153/2153/2153 2154/2154/2154 2152/2152/2152
f 2093/2093/2093 2132/2132/2132 2134/2134/2134
f 2134/2134/2134 2131/2131/2131 2093/2093/2093
f 2142/2142/2142 2134/2134/2134 2132/2132/2132
f 2095/2095/2095 2133/2133/2133 2142/2142/2142
f 2132/2132/2132 2095/2095/2095 2142/2142/2142
f 2134/2134/2134 2142/2142/2142 2144/2144/2144
f 2144/2144/2144 2141/2141/2141 2134/2134/2134
f 2149/2149/2149 2144/2144/2144 2142/2142/2142
f 2133/2133/2133 2143/2143/2143 2149/2149/2149
f 2142/2142/2142 2133/2133/2133 2149/2149/2149
f 2144/2144/2144 2149/2149/2149 2151/2151/2151
f 2151/2151/2151 2148/2148/2148 2144/2144/2144
f 2149/2149/2149 2143/2143/2143 2150/2150/2150
f 2150/2150/2150 2151/2151/2151 2149/2149/2149
f 2087/2087/2087 2136/2136/2136 2137/2137/2137
f 2137/2137/2137 2135/2135/2135 2087/2087/2087
f 2156/2156/2156 2137/2137/2137 2136/2136/2136
f 2089/2089/2089 2093/2093/2093 2156/2156/2156
f 2136/2136/2136 2089/2089/2089 2156/2156/2156
f 2137/2137/2137 2156/2156/2156 2157/2157/2157
f 2157/2157/2157 2155/2155/2155 2137/2137/2137
f 2156/2156/2156 2093/2093/2093 2131/2131/2131
f 2131/2131/2131 2157/2157/2157 2156/2156/2156
f 3000/3000/3000 1712/1712/1712 1500/1500/1500
f 1500/1500/1500 2078/2078/2078 3000/3000/3000
f 2999/2999/2999 3000/3000/3000 2078/2078/2078
f 2078/2078/2078 1502/1502/1502 2999/2999/2999
f 2159/2159/2159 2090/2090/2090 1504/1504/1504
f 2091/2091/2091 2092/2092/2092 2159/2159/2159
f 1504/1504/1504 2091/2091/2091 2159/2159/2159
f 2139/2139/2139 2092/2092/2092 2091/2091/2091
f 1502/1502/1502 2077/2077/2077 2139/2139/2139
f 2091/2091/2091 1502/1502/1502 2139/2139/2139
f 2092/2092/2092 2139/2139/2139 2140/2140/2140
f 2140/2140/2140 2138/2138/2138 2092/2092/2092
f 2139/2139/2139 2077/2077/2077 2087/2087/2087
f 2087/2087/2087 2140/2140/2140 2139/2139/2139
f 2090/2090/2090 2159/2159/2159 2160/2160/2160
f 2160/2160/2160 2158/2158/2158 2090/2090/2090
f 2159/2159/2159 2092/2092/2092 2138/2138/2138
f 2138/2138/2138 2160/2160/2160 2159/2159/2159
f 2168/2168/2168 2161/2161/2161 1506/1506/1506
f 2162/2162/2162 2163/2163/2163 2168/2168/2168
f 1506/1506/1506 2162/2162/2162 2168/2168/2168
f 2165/2165/2165 2163/2163/2163 2162/2162/2162
f 1504/1504/1504 2090/2090/2090 2165/2165/2165
f 2162/2162/2162 1504/1504/1504 2165/2165/2165
f 2163/2163/2163 2165/2165/2165 2166/2166/2166
f 2166/2166/2166 2164/2164/2164 2163/2163/2163
f 2165/2165/2165 2090/2090/2090 2158/2158/2158
f 2158/2158/2158 2166/2166/2166 2165/2165/2165
f 2161/2161/2161 2168/2168/2168 2169/2169/2169
f 2169/2169/2169 2167/2167/2167 2161/2161/2161
f 2168/2168/2168 2163/2163/2163 2164/2164/2164
f 2164/2164/2164 2169/2169/2169 2168/2168/2168
f 2177/2177/2177 2170/2170/2170 1508/1508/1508
f 2171/2171/2171 2172/2172/2172 2177/2177/2177
f 1508/1508/1508 2171/2171/2171 2177/2177/2177
f 2174/2174/2174 2172/2172/2172 2171/2171/2171
f 1506/1506/1506 2161/2161/2161 2174/2174/2174
f 2171/2171/2171 1506/1506/1506 2174/2174/2174
f 2172/2172/2172 2174/2174/2174 2175/2175/2175
f 2175/2175/2175 2173/2173/2173 2172/2172/2172
f 2174/2174/2174 2161/2161/2161 2167/2167/2167
f 2167/2167/2167 2175/2175/2175 2174/2174/2174
f 2170/2170/2170 2177/2177/2177 2178/2178/2178
f 2178/2178/2178 2176/2176/2176 2170/2170/2170
f 2177/2177/2177 2172/2172/2172 2173/2173/2173
f 2173/2173/2173 2178/2178/2178 2177/2177/2177
f 2186/2186/2186 2179/2179/2179 1510/1510/1510
f 2180/2180/2180 2181/2181/2181 2186/2186/2186
f 1510/1510/1510 2180/2180/2180 2186/2186/2186
f 2183/2183/2183 2181/2181/2181 2180/2180/2180
f 1508/1508/1508 2170/2170/2170 2183/2183/2183
f 2180/2180/2180 1508/1508/1508 2183/2183/2183
f 2181/2181/2181 2183/2183/2183 2184/2184/2184
f 2184/2184/2184 2182/2182/2182 2181/2181/2181
f 2183/2183/2183 2170/2170/2170 2176/2176/2176
f 2176/2176/2176 2184/2184/2184 2183/2183/2183
f 2179/2179/2179 2186/2186/2186 2187/2187/2187
f 2187/2187/2187 2185/2185/2185 2179/2179/2179
f 2186/2186/2186 2181/2181/2181 2182/2182/2182
f 2182/2182/2182 2187/2187/2187 2186/2186/2186
f 2195/2195/2195 2188/2188/2188 1512/1512/1512
f 2189/2189/2189 2190/2190/2190 2195/2195/2195
f 1512/1512/1512 2189/2189/2189 2195/2195/2195
f 2192/2192/2192 2190/2190/2190 2189/2189/2189
f 1510/1510/1510 2179/2179/2179 2192/2192/2192
f 2189/2189/2189 1510/1510/1510 2192/2192/2192
f 2190/2190/2190 2192/2192/2192 2193/2193/2193
f 2193/2193/2193 2191/2191/2191 2190/2190/2190
f 2192/2192/2192 2179/2179/2179 2185/2185/2185
f 2185/2185/2185 2193/2193/2193 2192/2192/2192
f 2188/2188/2188 2195/2195/2195 2196/2196/2196
f 2196/2196/2196 2194/2194/2194 2188/2188/2188
f 2195/2195/2195 2190/2190/2190 2191/2191/2191
f 2191/2191/2191 2196/2196/2196 2195/2195/2195
f 2998/2998/2998 2997/2997/2997 1510/1510/1510
f 1510/1510/1510 2189/2189/2189 2998/2998/2998
f 2996/2996/2996 2998/2998/2998 2189/2189/2189
f 2189/2189/2189 1512/1512/1512 2996/2996/2996
f 2204/2204/2204 2197/2197/2197 1514/1514/1514
f 2198/2198/2198 2199/2199/2199 2204/2204/2204
f 1514/1514/1514 2198/2198/2198 2204/2204/2204
f 2201/2201/2201 2199/2199/2199 2198/2198/2198
f 1512/1512/1512 2188/2188/2188 2201/2201/2201
f 2198/2198/2198 1512/1512/1512 2201/2201/2201
f 2199/2199/2199 2201/2201/2201 2202/2202/2202
f 2202/2202/2202 2200/2200/2200 2199/2199/2199
f 2201/2201/2201 2188/2188/2188 2194/2194/2194
f 2194/2194/2194 2202/2202/2202 2201/2201/2201
f 2197/2197/2197 2204/2204/2204 2205/2205/2205
f 2205/2205/2205 2203/2203/2203 2197/2197/2197
f 2204/2204/2204 2199/2199/2199 2200/2200/2200
f 2200/2200/2200 2205/2205/2205 2204/2204/2204
f 2213/2213/2213 2206/2206/2206 1516/1516/1516
f 2207/2207/2207 2208/2208/2208 2213/2213/2213
f 1516/1516/1516 2207/2207/2207 2213/2213/2213
f 2210/2210/2210 2208/2208/2208 2207/2207/2207
f 1514/1514/1514 2197/2197/2197 2210/2210/2210
f 2207/2207/2207 1514/1514/1514 2210/2210/2210
f 2208/2208/2208 2210/2210/2210 2211/2211/2211
f 2211/2211/2211 2209/2209/2209 2208/2208/2208
f 2210/2210/2210 2197/2197/2197 2203/2203/2203
f 2203/2203/2203 2211/2211/2211 2210/2210/2210
f 2206/2206/2206 2213/2213/2213 2214/2214/2214
f 2214/2214/2214 2212/2212/2212 2206/2206/2206
f 2213/2213/2213 2208/2208/2208 2209/2209/2209
f 2209/2209/2209 2214/2214/2214 2213/2213/2213
f 2222/2222/2222 2215/2215/2215 1518/1518/1518
f 2216/2216/2216 2217/2217/2217 2222/2222/2222
f 1518/1518/1518 2216/2216/2216 2222/2222/2222
f 2219/2219/2219 2217/2217/2217 2216/2216/2216
f 1516/1516/1516 2206/2206/2206 2219/2219/2219
f 2216/2216/2216 1516/1516/1516 2219/2219/2219
f 2217/2217/2217 2219/2219/2219 2220/2220/2220
f 2220/2220/2220 2218/2218/2218 2217/2217/2217
f 2219/2219/2219 2206/2206/2206 2212/2212/2212
f 2212/2212/2212 2220/2220/2220 2219/2219/2219
f 2215/2215/2215 2222/2222/2222 2223/2223/2223
f 2223/2223/2223 2221/2221/2221 2215/2215/2215
f 2222/2222/2222 2217/2217/2217 2218/2218/2218
f 2218/2218/2218 2223/2223/2223 2222/2222/2222
f 2995/2995/2995 2994/2994/2994 1516/1516/1516
f 1516/1516/1516 2216/2216/2216 2995/2995/2995
f 2993/2993/2993 2995/2995/2995 2216/2216/2216
f 2216/2216/2216 1518/1518/1518 2993/2993/2993
f 2231/2231/2231 2224/2224/2224 1520/1520/1520
f 2225/2225/2225 2226/2226/2226 2231/2231/2231
f 1520/1520/1520 2225/2225/2225 2231/2231/2231
f 2228/2228/2228 2226/2226/2226 2225/2225/2225
f 1518/1518/1518 2215/2215/2215 2228/2228/2228
f 2225/2225/2225 1518/1518/1518 2228/2228/2228
f 2226/2226/2226 2228/2228/2228 2229/2229/2229
f 2229/2229/2229 2227/2227/2227 2226/2226/2226
f 2228/2228/2228 2215/2215/2215 2221/2221/2221
f 2221/2221/2221 2229/2229/2229 2228/2228/2228
f 2224/2224/2224 2231/2231/2231 2232/2232/2232
f 2232/2232/2232 2230/2230/2230 2224/2224/2224
f 2231/2231/2231 2226/2226/2226 2227/2227/2227
f 2227/2227/2227 2232/2232/2232 2231/2231/2231
f 2240/2240/2240 2233/2233/2233 1522/1522/1522
f 2234/2234/2234 2235/2235/2235 2240/2240/2240
f 1522/1522/1522 2234/2234/2234 2240/2240/2240
f 2237/2237/2237 2235/2235/2235 2234/2234/2234
f 1520/1520/1520 2224/2224/2224 2237/2237/2237
f 2234/2234/2234 1520/1520/1520 2237/2237/2237
f 2235/2235/2235 2237/2237/2237 2238/2238/2238
f 2238/2238/2238 2236/2236/2236 2235/2235/2235
f 2237/2237/2237 2224/2224/2224 2230/2230/2230
f 2230/2230/2230 2238/2238/2238 2237/2237/2237
f 2233/2233/2233 2240/2240/2240 2241/2241/2241
f 2241/2241/2241 2239/2239/2239 2233/2233/2233
f 2240/2240/2240 2235/2235/2235 2236/2236/2236
f 2236/2236/2236 2241/2241/2241 2240/2240/2240
f 2253/2253/2253 2242/2242/2242 1524/1524/1524
f 2243/2243/2243 2244/2244/2244 2253/2253/2253
f 1524/1524/1524 2243/2243/2243 2253/2253/2253
f 2246/2246/2246 2244/2244/2244 2243/2243/2243
f 1522/1522/1522 2233/2233/2233 2246/2246/2246
f 2243/2243/2243 1522/1522/1522 2246/2246/2246
f 2249/2249/2249 2245/2245/2245 2244/2244/2244
f 2246/2246/2246 2247/2247/2247 2249/2249/2249
f 2244/2244/2244 2246/2246/2246 2249/2249/2249
f 2262/2262/2262 2247/2247/2247 2246/2246/2246
f 2233/2233/2233 2239/2239/2239 2262/2262/2262
f 2246/2246/2246 2233/2233/2233 2262/2262/2262
f 2247/2247/2247 2262/2262/2262 2264/2264/2264
f 2264/2264/2264 2250/2250/2250 2247/2247/2247
f 2262/2262/2262 2239/2239/2239 2263/2263/2263
f 2263/2263/2263 2264/2264/2264 2262/2262/2262
f 2245/2245/2245 2249/2249/2249 2251/2251/2251
f 2251/2251/2251 2248/2248/2248 2245/2245/2245
f 2259/2259/2259 2251/2251/2251 2249/2249/2249
f 2247/2247/2247 2250/2250/2250 2259/2259/2259
f 2249/2249/2249 2247/2247/2247 2259/2259/2259
f 2251/2251/2251 2259/2259/2259 2261/2261/2261
f 2261/2261/2261 2258/2258/2258 2251/2251/2251
f 2259/2259/2259 2250/2250/2250 2260/2260/2260
f 2260/2260/2260 2261/2261/2261 2259/2259/2259
f 2242/2242/2242 2253/2253/2253 2254/2254/2254
f 2254/2254/2254 2252/2252/2252 2242/2242/2242
f 2253/2253/2253 2244/2244/2244 2245/2245/2245
f 2245/2245/2245 2254/2254/2254 2253/2253/2253
f 2992/2992/2992 2991/2991/2991 1522/1522/1522
f 1522/1522/1522 2243/2243/2243 2992/2992/2992
f 2990/2990/2990 2992/2992/2992 2243/2243/2243
f 2243/2243/2243 1524/1524/1524 2990/2990/2990
f 2301/2301/2301 2255/2255/2255 1526/1526/1526
f 2256/2256/2256 2257/2257/2257 2301/2301/2301
f 1526/1526/1526 2256/2256/2256 2301/2301/2301
f 2298/2298/2298 2257/2257/2257 2256/2256/2256
f 1524/1524/1524 2242/2242/2242 2298/2298/2298
f 2256/2256/2256 1524/1524/1524 2298/2298/2298
f 2257/2257/2257 2298/2298/2298 2299/2299/2299
f 2299/2299/2299 2297/2297/2297 2257/2257/2257
f 2298/2298/2298 2242/2242/2242 2252/2252/2252
f 2252/2252/2252 2299/2299/2299 2298/2298/2298
f 2255/2255/2255 2301/2301/2301 2302/2302/2302
f 2302/2302/2302 2300/2300/2300 2255/2255/2255
f 2301/2301/2301 2257/2257/2257 2297/2297/2297
f 2297/2297/2297 2302/2302/2302 2301/2301/2301
f 2310/2310/2310 2303/2303/2303 1528/1528/1528
f 2304/2304/2304 2305/2305/2305 2310/2310/2310
f 1528/1528/1528 2304/2304/2304 2310/2310/2310
f 2307/2307/2307 2305/2305/2305 2304/2304/2304
f 1526/1526/1526 2255/2255/2255 2307/2307/2307
f 2304/2304/2304 1526/1526/1526 2307/2307/2307
f 2305/2305/2305 2307/2307/2307 2308/2308/2308
f 2308/2308/2308 2306/2306/2306 2305/2305/2305
f 2307/2307/2307 2255/2255/2255 2300/2300/2300
f 2300/2300/2300 2308/2308/2308 2307/2307/2307
f 2303/2303/2303 2310/2310/2310 2311/2311/2311
f 2311/2311/2311 2309/2309/2309 2303/2303/2303
f 2310/2310/2310 2305/2305/2305 2306/2306/2306
f 2306/2306/2306 2311/2311/2311 2310/2310/2310
f 2319/2319/2319 2312/2312/2312 1530/1530/1530
f 2313/2313/2313 2314/2314/2314 2319/2319/2319
f 1530/1530/1530 2313/2313/2313 2319/2319/2319
f 2316/2316/2316 2314/2314/2314 2313/2313/2313
f 1528/1528/1528 2303/2303/2303 2316/2316/2316
f 2313/2313/2313 1528/1528/1528 2316/2316/2316
f 2314/2314/2314 2316/2316/2316 2317/2317/2317
f 2317/2317/2317 2315/2315/2315 2314/2314/2314
f 2316/2316/2316 2303/2303/2303 2309/2309/2309
f 2309/2309/2309 2317/2317/2317 2316/2316/2316
f 2312/2312/2312 2319/2319/2319 2320/2320/2320
f 2320/2320/2320 2318/2318/2318 2312/2312/2312
f 2319/2319/2319 2314/2314/2314 2315/2315/2315
f 2315/2315/2315 2320/2320/2320 2319/2319/2319
f 2989/2989/2989 2988/2988/2988 1528/1528/1528
f 1528/1528/1528 2313/2313/2313 2989/2989/2989
f 2987/2987/2987 2989/2989/2989 2313/2313/2313
f 2313/2313/2313 1530/1530/1530 2987/2987/2987
f 2328/2328/2328 2321/2321/2321 1532/1532/1532
f 2322/2322/2322 2323/2323/2323 2328/2328/2328
f 1532/1532/1532 2322/2322/2322 2328/2328/2328
f 2325/2325/2325 2323/2323/2323 2322/2322/2322
f 1530/1530/1530 2312/2312/2312 2325/2325/2325
f 2322/2322/2322 1530/1530/1530 2325/2325/2325
f 2323/2323/2323 2325/2325/2325 2326/2326/2326
f 2326/2326/2326 2324/2324/2324 2323/2323/2323
f 2325/2325/2325 2312/2312/2312 2318/2318/2318
f 2318/2318/2318 2326/2326/2326 2325/2325/2325
f 2321/2321/2321 2328/2328/2328 2329/2329/2329
f 2329/2329/2329 2327/2327/2327 2321/2321/2321
f 2328/2328/2328 2323/2323/2323 2324/2324/2324
f 2324/2324/2324 2329/2329/2329 2328/2328/2328
f 2337/2337/2337 2330/2330/2330 1534/1534/1534
f 2331/2331/2331 2332/2332/2332 2337/2337/2337
f 1534/1534/1534 2331/2331/2331 2337/2337/2337
f 2334/2334/2334 2332/2332/2332 2331/2331/2331
f 1532/1532/1532 2321/2321/2321 2334/2334/2334
f 2331/2331/2331 1532/1532/1532 2334/2334/2334
f 2332/2332/2332 2334/2334/2334 2335/2335/2335
f 2335/2335/2335 2333/2333/2333 2332/2332/2332
f 2334/2334/2334 2321/2321/2321 2327/2327/2327
f 2327/2327/2327 2335/2335/2335 2334/2334/2334
f 2330/2330/2330 2337/2337/2337 2338/2338/2338
f 2338/2338/2338 2336/2336/2336 2330/2330/2330
f 2337/2337/2337 2332/2332/2332 2333/2333/2333
f 2333/2333/2333 2338/2338/2338 2337/2337/2337
f 2346/2346/2346 2339/2339/2339 1536/1536/1536
f 2340/2340/2340 2341/2341/2341 2346/2346/2346
f 1536/1536/1536 2340/2340/2340 2346/2346/2346
f 2343/2343/2343 2341/2341/2341 2340/2340/2340
f 1534/1534/1534 2330/2330/2330 2343/2343/2343
f 2340/2340/2340 1534/1534/1534 2343/2343/2343
f 2341/2341/2341 2343/2343/2343 2344/2344/2344
f 2344/2344/2344 2342/2342/2342 2341/2341/2341
f 2343/2343/2343 2330/2330/2330 2336/2336/2336
f 2336/2336/2336 2344/2344/2344 2343/2343/2343
f 2339/2339/2339 2346/2346/2346 2347/2347/2347
f 2347/2347/2347 2345/2345/2345 2339/2339/2339
f 2346/2346/2346 2341/2341/2341 2342/2342/2342
f 2342/2342/2342 2347/2347/2347 2346/2346/2346
f 2986/2986/2986 2985/2985/2985 1534/1534/1534
f 1534/1534/1534 2340/2340/2340 2986/2986/2986
f 2984/2984/2984 2986/2986/2986 2340/2340/2340
f 2340/2340/2340 1536/1536/1536 2984/2984/2984
f 2355/2355/2355 2348/2348/2348 1538/1538/1538
f 2349/2349/2349 2350/2350/2350 2355/2355/2355
f 1538/1538/1538 2349/2349/2349 2355/2355/2355
f 2352/2352/2352 2350/2350/2350 2349/2349/2349
f 1536/1536/1536 2339/2339/2339 2352/2352/2352
f 2349/2349/2349 1536/1536/1536 2352/2352/2352
f 2350/2350/2350 2352/2352/2352 2353/2353/2353
f 2353/2353/2353 2351/2351/2351 2350/2350/2350
f 2352/2352/2352 2339/2339/2339 2345/2345/2345
f 2345/2345/2345 2353/2353/2353 2352/2352/2352
f 2348/2348/2348 2355/2355/2355 2356/2356/2356
f 2356/2356/2356 2354/2354/2354 2348/2348/2348
f 2355/2355/2355 2350/2350/2350 2351/2351/2351
f 2351/2351/2351 2356/2356/2356 2355/2355/2355
f 2364/2364/2364 2357/2357/2357 1540/1540/1540
f 2358/2358/2358 2359/2359/2359 2364/2364/2364
f 1540/1540/1540 2358/2358/2358 2364/2364/2364
f 2361/2361/2361 2359/2359/2359 2358/2358/2358
f 1538/1538/1538 2348/2348/2348 2361/2361/2361
f 2358/2358/2358 1538/1538/1538 2361/2361/2361
f 2359/2359/2359 2361/2361/2361 2362/2362/2362
f 2362/2362/2362 2360/2360/2360 2359/2359/2359
f 2361/2361/2361 2348/2348/2348 2354/2354/2354
f 2354/2354/2354 2362/2362/2362 2361/2361/2361
f 2357/2357/2357 2364/2364/2364 2365/2365/2365
f 2365/2365/2365 2363/2363/2363 2357/2357/2357
f 2364/2364/2364 2359/2359/2359 2360/2360/2360
f 2360/2360/2360 2365/2365/2365 2364/2364/2364
f 2373/2373/2373 2366/2366/2366 1542/1542/1542
f 2367/2367/2367 2368/2368/2368 2373/2373/2373
f 1542/1542/1542 2367/2367/2367 2373/2373/2373
f 2370/2370/2370 2368/2368/2368 2367/2367/2367
f 1540/1540/1540 2357/2357/2357 2370/2370/2370
f 2367/2367/2367 1540/1540/1540 2370/2370/2370
f 2368/2368/2368 2370/2370/2370 2371/2371/2371
f 2371/2371/2371 2369/2369/2369 2368/2368/2368
f 2370/2370/2370 2357/2357/2357 2363/2363/2363
f 2363/2363/2363 2371/2371/2371 2370/2370/2370
f 2366/2366/2366 2373/2373/2373 2374/2374/2374
f 2374/2374/2374 2372/2372/2372 2366/2366/2366
f 2373/2373/2373 2368/2368/2368 2369/2369/2369
f 2369/2369/2369 2374/2374/2374 2373/2373/2373
f 2382/2382/2382 2375/2375/2375 1546/1546/1546
f 2376/2376/2376 2377/2377/2377 2382/2382/2382
f 1546/1546/1546 2376/2376/2376 2382/2382/2382
f 2379/2379/2379 2377/2377/2377 2376/2376/2376
f 1542/1542/1542 2366/2366/2366 2379/2379/2379
f 2376/2376/2376 1542/1542/1542 2379/2379/2379
f 2377/2377/2377 2379/2379/2379 2380/2380/2380
f 2380/2380/2380 2378/2378/2378 2377/2377/2377
f 2379/2379/2379 2366/2366/2366 2372/2372/2372
f 2372/2372/2372 2380/2380/2380 2379/2379/2379
f 2398/2398/2398 2381/2381/2381 2375/2375/2375
f 2382/2382/2382 2383/2383/2383 2398/2398/2398
f 2375/2375/2375 2382/2382/2382 2398/2398/2398
f 2382/2382/2382 2377/2377/2377 2378/2378/2378
f 2378/2378/2378 2383/2383/2383 2382/2382/2382
f 2405/2405/2405 2392/2392/2392 2381/2381/2381
f 2398/2398/2398 2400/2400/2400 2405/2405/2405
f 2381/2381/2381 2398/2398/2398 2405/2405/2405
f 2398/2398/2398 2383/2383/2383 2399/2399/2399
f 2399/2399/2399 2400/2400/2400 2398/2398/2398
f 2412/2412/2412 2396/2396/2396 2392/2392/2392
f 2405/2405/2405 2407/2407/2407 2412/2412/2412
f 2392/2392/2392 2405/2405/2405 2412/2412/2412
f 2405/2405/2405 2400/2400/2400 2406/2406/2406
f 2406/2406/2406 2407/2407/2407 2405/2405/2405
f 2419/2419/2419 2403/2403/2403 2396/2396/2396
f 2412/2412/2412 2414/2414/2414 2419/2419/2419
f 2396/2396/2396 2412/2412/2412 2419/2419/2419
f 2412/2412/2412 2407/2407/2407 2413/2413/2413
f 2413/2413/2413 2414/2414/2414 2412/2412/2412
f 2426/2426/2426 2410/2410/2410 2403/2403/2403
f 2419/2419/2419 2421/2421/2421 2426/2426/2426
f 2403/2403/2403 2419/2419/2419 2426/2426/2426
f 2419/2419/2419 2414/2414/2414 2420/2420/2420
f 2420/2420/2420 2421/2421/2421 2419/2419/2419
f 2433/2433/2433 2417/2417/2417 2410/2410/2410
f 2426/2426/2426 2428/2428/2428 2433/2433/2433
f 2410/2410/2410 2426/2426/2426 2433/2433/2433
f 2426/2426/2426 2421/2421/2421 2427/2427/2427
f 2427/2427/2427 2428/2428/2428 2426/2426/2426
f 2440/2440/2440 2424/2424/2424 2417/2417/2417
f 2433/2433/2433 2435/2435/2435 2440/2440/2440
f 2417/2417/2417 2433/2433/2433 2440/2440/2440
f 2433/2433/2433 2428/2428/2428 2434/2434/2434
f 2434/2434/2434 2435/2435/2435 2433/2433/2433
f 2448/2448/2448 2431/2431/2431 2424/2424/2424
f 2440/2440/2440 2442/2442/2442 2448/2448/2448
f 2424/2424/2424 2440/2440/2440 2448/2448/2448
f 2440/2440/2440 2435/2435/2435 2441/2441/2441
f 2441/2441/2441 2442/2442/2442 2440/2440/2440
f 2431/2431/2431 2448/2448/2448 2450/2450/2450
f 2450/2450/2450 2438/2438/2438 2431/2431/2431
f 2448/2448/2448 2442/2442/2442 2449/2449/2449
f 2449/2449/2449 2450/2450/2450 2448/2448/2448
f 2473/2473/2473 2384/2384/2384 1548/1548/1548
f 2385/2385/2385 2386/2386/2386 2473/2473/2473
f 1548/1548/1548 2385/2385/2385 2473/2473/2473
f 2388/2388/2388 2386/2386/2386 2385/2385/2385
f 1546/1546/1546 2375/2375/2375 2388/2388/2388
f 2385/2385/2385 1546/1546/1546 2388/2388/2388
f 2386/2386/2386 2388/2388/2388 2389/2389/2389
f 2389/2389/2389 2387/2387/2387 2386/2386/2386
f 2391/2391/2391 2389/2389/2389 2388/2388/2388
f 2375/2375/2375 2381/2381/2381 2391/2391/2391
f 2388/2388/2388 2375/2375/2375 2391/2391/2391
f 2389/2389/2389 2391/2391/2391 2393/2393/2393
f 2393/2393/2393 2390/2390/2390 2389/2389/2389
f 2395/2395/2395 2393/2393/2393 2391/2391/2391
f 2381/2381/2381 2392/2392/2392 2395/2395/2395
f 2391/2391/2391 2381/2381/2381 2395/2395/2395
f 2393/2393/2393 2395/2395/2395 2397/2397/2397
f 2397/2397/2397 2394/2394/2394 2393/2393/2393
f 2402/2402/2402 2397/2397/2397 2395/2395/2395
f 2392/2392/2392 2396/2396/2396 2402/2402/2402
f 2395/2395/2395 2392/2392/2392 2402/2402/2402
f 2397/2397/2397 2402/2402/2402 2404/2404/2404
f 2404/2404/2404 2401/2401/2401 2397/2397/2397
f 2409/2409/2409 2404/2404/2404 2402/2402/2402
f 2396/2396/2396 2403/2403/2403 2409/2409/2409
f 2402/2402/2402 2396/2396/2396 2409/2409/2409
f 2404/2404/2404 2409/2409/2409 2411/2411/2411
f 2411/2411/2411 2408/2408/2408 2404/2404/2404
f 2416/2416/2416 2411/2411/2411 2409/2409/2409
f 2403/2403/2403 2410/2410/2410 2416/2416/2416
f 2409/2409/2409 2403/2403/2403 2416/2416/2416
f 2411/2411/2411 2416/2416/2416 2418/2418/2418
f 2418/2418/2418 2415/2415/2415 2411/2411/2411
f 2423/2423/2423 2418/2418/2418 2416/2416/2416
f 2410/2410/2410 2417/2417/2417 2423/2423/2423
f 2416/2416/2416 2410/2410/2410 2423/2423/2423
f 2418/2418/2418 2423/2423/2423 2425/2425/2425
f 2425/2425/2425 2422/2422/2422 2418/2418/2418
f 2430/2430/2430 2425/2425/2425 2423/2423/2423
f 2417/2417/2417 2424/2424/2424 2430/2430/2430
f 2423/2423/2423 2417/2417/2417 2430/2430/2430
f 2425/2425/2425 2430/2430/2430 2432/2432/2432
f 2432/2432/2432 2429/2429/2429 2425/2425/2425
f 2437/2437/2437 2432/2432/2432 2430/2430/2430
f 2424/2424/2424 2431/2431/2431 2437/2437/2437
f 2430/2430/2430 2424/2424/2424 2437/2437/2437
f 2432/2432/2432 2437/2437/2437 2439/2439/2439
f 2439/2439/2439 2436/2436/2436 2432/2432/2432
f 2444/2444/2444 2439/2439/2439 2437/2437/2437
f 2431/2431/2431 2438/2438/2438 2444/2444/2444
f 2437/2437/2437 2431/2431/2431 2444/2444/2444
f 2439/2439/2439 2444/2444/2444 2447/2447/2447
f 2447/2447/2447 2443/2443/2443 2439/2439/2439
f 2444/2444/2444 2438/2438/2438 2446/2446/2446
f 2446/2446/2446 2447/2447/2447 2444/2444/2444
f 2384/2384/2384 2473/2473/2473 2474/2474/2474
f 2474/2474/2474 2472/2472/2472 2384/2384/2384
f 2473/2473/2473 2386/2386/2386 2387/2387/2387
f 2387/2387/2387 2474/2474/2474 2473/2473/2473
f 2481/2481/2481 2475/2475/2475 1550/1550/1550
f 1719/1719/1719 2476/2476/2476 2481/2481/2481
f 1550/1550/1550 1719/1719/1719 2481/2481/2481
f 2478/2478/2478 2476/2476/2476 1719/1719/1719
f 1548/1548/1548 2384/2384/2384 2478/2478/2478
f 1719/1719/1719 1548/1548/1548 2478/2478/2478
f 2476/2476/2476 2478/2478/2478 2479/2479/2479
f 2479/2479/2479 2477/2477/2477 2476/2476/2476
f 2478/2478/2478 2384/2384/2384 2472/2472/2472
f 2472/2472/2472 2479/2479/2479 2478/2478/2478
f 2475/2475/2475 2481/2481/2481 2482/2482/2482
f 2482/2482/2482 2480/2480/2480 2475/2475/2475
f 2481/2481/2481 2476/2476/2476 2477/2477/2477
f 2477/2477/2477 2482/2482/2482 2481/2481/2481
f 1720/1720/1720 1718/1718/1718 1548/1548/1548
f 1548/1548/1548 1719/1719/1719 1720/1720/1720
f 1716/1716/1716 1720/1720/1720 1719/1719/1719
f 1719/1719/1719 1550/1550/1550 1716/1716/1716
f 2489/2489/2489 2483/2483/2483 1552/1552/1552
f 1723/1723/1723 2484/2484/2484 2489/2489/2489
f 1552/1552/1552 1723/1723/1723 2489/2489/2489
f 2486/2486/2486 2484/2484/2484 1723/1723/1723
f 1550/1550/1550 2475/2475/2475 2486/2486/2486
f 1723/1723/1723 1550/1550/1550 2486/2486/2486
f 2484/2484/2484 2486/2486/2486 2487/2487/2487
f 2487/2487/2487 2485/2485/2485 2484/2484/2484
f 2486/2486/2486 2475/2475/2475 2480/2480/2480
f 2480/2480/2480 2487/2487/2487 2486/2486/2486
f 2483/2483/2483 2489/2489/2489 2490/2490/2490
f 2490/2490/2490 2488/2488/2488 2483/2483/2483
f 2489/2489/2489 2484/2484/2484 2485/2485/2485
f 2485/2485/2485 2490/2490/2490 2489/2489/2489
f 1724/1724/1724 1716/1716/1716 1550/1550/1550
f 1550/1550/1550 1723/1723/1723 1724/1724/1724
f 1721/1721/1721 1724/1724/1724 1723/1723/1723
f 1723/1723/1723 1552/1552/1552 1721/1721/1721
f 2497/2497/2497 2491/2491/2491 1554/1554/1554
f 1727/1727/1727 2492/2492/2492 2497/2497/2497
f 1554/1554/1554 1727/1727/1727 2497/2497/2497
f 2494/2494/2494 2492/2492/2492 1727/1727/1727
f 1552/1552/1552 2483/2483/2483 2494/2494/2494
f 1727/1727/1727 1552/1552/1552 2494/2494/2494
f 2492/2492/2492 2494/2494/2494 2495/2495/2495
f 2495/2495/2495 2493/2493/2493 2492/2492/2492
f 2494/2494/2494 2483/2483/2483 2488/2488/2488
f 2488/2488/2488 2495/2495/2495 2494/2494/2494
f 2491/2491/2491 2497/2497/2497 2498/2498/2498
f 2498/2498/2498 2496/2496/2496 2491/2491/2491
f 2497/2497/2497 2492/2492/2492 2493/2493/2493
f 2493/2493/2493 2498/2498/2498 2497/2497/2497
f 1728/1728/1728 1721/1721/1721 1552/1552/1552
f 1552/1552/1552 1727/1727/1727 1728/1728/1728
f 1725/1725/1725 1728/1728/1728 1727/1727/1727
f 1727/1727/1727 1554/1554/1554 1725/1725/1725
f 2505/2505/2505 2499/2499/2499 1556/1556/1556
f 1731/1731/1731 2500/2500/2500 2505/2505/2505
f 1556/1556/1556 1731/1731/1731 2505/2505/2505
f 2502/2502/2502 2500/2500/2500 1731/1731/1731
f 1554/1554/1554 2491/2491/2491 2502/2502/2502
f 1731/1731/1731 1554/1554/1554 2502/2502/2502
f 2500/2500/2500 2502/2502/2502 2503/2503/2503
f 2503/2503/2503 2501/2501/2501 2500/2500/2500
f 2502/2502/2502 2491/2491/2491 2496/2496/2496
f 2496/2496/2496 2503/2503/2503 2502/2502/2502
f 2499/2499/2499 2505/2505/2505 2506/2506/2506
f 2506/2506/2506 2504/2504/2504 2499/2499/2499
f 2505/2505/2505 2500/2500/2500 2501/2501/2501
f 2501/2501/2501 2506/2506/2506 2505/2505/2505
f 1732/1732/1732 1725/1725/1725 1554/1554/1554
f 1554/1554/1554 1731/1731/1731 1732/1732/1732
f 1729/1729/1729 1732/1732/1732 1731/1731/1731
f 1731/1731/1731 1556/1556/1556 1729/1729/1729
f 2513/2513/2513 2507/2507/2507 1558/1558/1558
f 1735/1735/1735 2508/2508/2508 2513/2513/2513
f 1558/1558/1558 1735/1735/1735 2513/2513/2513
f 2510/2510/2510 2508/2508/2508 1735/1735/1735
f 1556/1556/1556 2499/2499/2499 2510/2510/2510
f 1735/1735/1735 1556/1556/1556 2510/2510/2510
f 2508/2508/2508 2510/2510/2510 2511/2511/2511
f 2511/2511/2511 2509/2509/2509 2508/2508/2508
f 2510/2510/2510 2499/2499/2499 2504/2504/2504
f 2504/2504/2504 2511/2511/2511 2510/2510/2510
f 2507/2507/2507 2513/2513/2513 2514/2514/2514
f 2514/2514/2514 2512/2512/2512 2507/2507/2507
f 2513/2513/2513 2508/2508/2508 2509/2509/2509
f 2509/2509/2509 2514/2514/2514 2513/2513/2513
f 1736/1736/1736 1729/1729/1729 1556/1556/1556
f 1556/1556/1556 1735/1735/1735 1736/1736/1736
f 1733/1733/1733 1736/1736/1736 1735/1735/1735
f 1735/1735/1735 1558/1558/1558 1733/1733/1733
f 2521/2521/2521 2515/2515/2515 1560/1560/1560
f 1739/1739/1739 2516/2516/2516 2521/2521/2521
f 1560/1560/1560 1739/1739/1739 2521/2521/2521
f 2518/2518/2518 2516/2516/2516 1739/1739/1739
f 1558/1558/1558 2507/2507/2507 2518/2518/2518
f 1739/1739/1739 1558/1558/1558 2518/2518/2518
f 2516/2516/2516 2518/2518/2518 2519/2519/2519
f 2519/2519/2519 2517/2517/2517 2516/2516/2516
f 2518/2518/2518 2507/2507/2507 2512/2512/2512
f 2512/2512/2512 2519/2519/2519 2518/2518/2518
f 2515/2515/2515 2521/2521/2521 2522/2522/2522
f 2522/2522/2522 2520/2520/2520 2515/2515/2515
f 2521/2521/2521 2516/2516/2516 2517/2517/2517
f 2517/2517/2517 2522/2522/2522 2521/2521/2521
f 1740/1740/1740 1733/1733/1733 1558/1558/1558
f 1558/1558/1558 1739/1739/1739 1740/1740/1740
f 1737/1737/1737 1740/1740/1740 1739/1739/1739
f 1739/1739/1739 1560/1560/1560 1737/1737/1737
f 1562/1562/1562 1743/1743/1743 2524/2524/2524
f 2524/2524/2524 2523/2523/2523 1562/1562/1562
f 2526/2526/2526 2524/2524/2524 1743/1743/1743
f 1560/1560/1560 2515/2515/2515 2526/2526/2526
f 1743/1743/1743 1560/1560/1560 2526/2526/2526
f 2524/2524/2524 2526/2526/2526 2527/2527/2527
f 2527/2527/2527 2525/2525/2525 2524/2524/2524
f 2526/2526/2526 2515/2515/2515 2520/2520/2520
f 2520/2520/2520 2527/2527/2527 2526/2526/2526
f 1744/1744/1744 1737/1737/1737 1560/1560/1560
f 1560/1560/1560 1743/1743/1743 1744/1744/1744
f 1741/1741/1741 1744/1744/1744 1743/1743/1743
f 1743/1743/1743 1562/1562/1562 1741/1741/1741
f 2546/2546/2546 2539/2539/2539 1564/1564/1564
f 1747/1747/1747 2540/2540/2540 2546/2546/2546
f 1564/1564/1564 1747/1747/1747 2546/2546/2546
f 2542/2542/2542 2540/2540/2540 1747/1747/1747
f 1562/1562/1562 2523/2523/2523 2542/2542/2542
f 1747/1747/1747 1562/1562/1562 2542/2542/2542
f 2540/2540/2540 2542/2542/2542 2544/2544/2544
f 2544/2544/2544 2541/2541/2541 2540/2540/2540
f 2542/2542/2542 2523/2523/2523 2543/2543/2543
f 2543/2543/2543 2544/2544/2544 2542/2542/2542
f 2539/2539/2539 2546/2546/2546 2547/2547/2547
f 2547/2547/2547 2545/2545/2545 2539/2539/2539
f 2546/2546/2546 2540/2540/2540 2541/2541/2541
f 2541/2541/2541 2547/2547/2547 2546/2546/2546
f 1748/1748/1748 1741/1741/1741 1562/1562/1562
f 1562/1562/1562 1747/1747/1747 1748/1748/1748
f 1745/1745/1745 1748/1748/1748 1747/1747/1747
f 1747/1747/1747 1564/1564/1564 1745/1745/1745
f 2554/2554/2554 2548/2548/2548 1566/1566/1566
f 1751/1751/1751 2549/2549/2549 2554/2554/2554
f 1566/1566/1566 1751/1751/1751 2554/2554/2554
f 2551/2551/2551 2549/2549/2549 1751/1751/1751
f 1564/1564/1564 2539/2539/2539 2551/2551/2551
f 1751/1751/1751 1564/1564/1564 2551/2551/2551
f 2549/2549/2549 2551/2551/2551 2552/2552/2552
f 2552/2552/2552 2550/2550/2550 2549/2549/2549
f 2551/2551/2551 2539/2539/2539 2545/2545/2545
f 2545/2545/2545 2552/2552/2552 2551/2551/2551
f 2548/2548/2548 2554/2554/2554 2555/2555/2555
f 2555/2555/2555 2553/2553/2553 2548/2548/2548
f 2554/2554/2554 2549/2549/2549 2550/2550/2550
f 2550/2550/2550 2555/2555/2555 2554/2554/2554
f 1752/1752/1752 1745/1745/1745 1564/1564/1564
f 1564/1564/1564 1751/1751/1751 1752/1752/1752
f 1749/1749/1749 1752/1752/1752 1751/1751/1751
f 1751/1751/1751 1566/1566/1566 1749/1749/1749
f 2562/2562/2562 2556/2556/2556 1568/1568/1568
f 1755/1755/1755 2557/2557/2557 2562/2562/2562
f 1568/1568/1568 1755/1755/1755 2562/2562/2562
f 2559/2559/2559 2557/2557/2557 1755/1755/1755
f 1566/1566/1566 2548/2548/2548 2559/2559/2559
f 1755/1755/1755 1566/1566/1566 2559/2559/2559
f 2557/2557/2557 2559/2559/2559 2560/2560/2560
f 2560/2560/2560 2558/2558/2558 2557/2557/2557
f 2559/2559/2559 2548/2548/2548 2553/2553/2553
f 2553/2553/2553 2560/2560/2560 2559/2559/2559
f 2567/2567/2567 2561/2561/2561 2556/2556/2556
f 2562/2562/2562 2563/2563/2563 2567/2567/2567
f 2556/2556/2556 2562/2562/2562 2567/2567/2567
f 2577/2577/2577 2563/2563/2563 2562/2562/2562
f 2557/2557/2557 2558/2558/2558 2577/2577/2577
f 2562/2562/2562 2557/2557/2557 2577/2577/2577
f 2563/2563/2563 2577/2577/2577 2579/2579/2579
f 2579/2579/2579 2568/2568/2568 2563/2563/2563
f 2577/2577/2577 2558/2558/2558 2578/2578/2578
f 2578/2578/2578 2579/2579/2579 2577/2577/2577
f 2561/2561/2561 2567/2567/2567 2569/2569/2569
f 2569/2569/2569 2566/2566/2566 2561/2561/2561
f 2574/2574/2574 2569/2569/2569 2567/2567/2567
f 2563/2563/2563 2568/2568/2568 2574/2574/2574
f 2567/2567/2567 2563/2563/2563 2574/2574/2574
f 2569/2569/2569 2574/2574/2574 2576/2576/2576
f 2576/2576/2576 2573/2573/2573 2569/2569/2569
f 2574/2574/2574 2568/2568/2568 2575/2575/2575
f 2575/2575/2575 2576/2576/2576 2574/2574/2574
f 1756/1756/1756 1749/1749/1749 1566/1566/1566
f 1566/1566/1566 1755/1755/1755 1756/1756/1756
f 1753/1753/1753 1756/1756/1756 1755/1755/1755
f 1755/1755/1755 1568/1568/1568 1753/1753/1753
f 2613/2613/2613 2564/2564/2564 1570/1570/1570
f 1759/1759/1759 2565/2565/2565 2613/2613/2613
f 1570/1570/1570 1759/1759/1759 2613/2613/2613
f 2571/2571/2571 2565/2565/2565 1759/1759/1759
f 1568/1568/1568 2556/2556/2556 2571/2571/2571
f 1759/1759/1759 1568/1568/1568 2571/2571/2571
f 2565/2565/2565 2571/2571/2571 2572/2572/2572
f 2572/2572/2572 2570/2570/2570 2565/2565/2565
f 2571/2571/2571 2556/2556/2556 2561/2561/2561
f 2561/2561/2561 2572/2572/2572 2571/2571/2571
f 2564/2564/2564 2613/2613/2613 2614/2614/2614
f 2614/2614/2614 2612/2612/2612 2564/2564/2564
f 2613/2613/2613 2565/2565/2565 2570/2570/2570
f 2570/2570/2570 2614/2614/2614 2613/2613/2613
f 1760/1760/1760 1753/1753/1753 1568/1568/1568
f 1568/1568/1568 1759/1759/1759 1760/1760/1760
f 1757/1757/1757 1760/1760/1760 1759/1759/1759
f 1759/1759/1759 1570/1570/1570 1757/1757/1757
f 2621/2621/2621 2615/2615/2615 1572/1572/1572
f 1763/1763/1763 2616/2616/2616 2621/2621/2621
f 1572/1572/1572 1763/1763/1763 2621/2621/2621
f 2618/2618/2618 2616/2616/2616 1763/1763/1763
f 1570/1570/1570 2564/2564/2564 2618/2618/2618
f 1763/1763/1763 1570/1570/1570 2618/2618/2618
f 2616/2616/2616 2618/2618/2618 2619/2619/2619
f 2619/2619/2619 2617/2617/2617 2616/2616/2616
f 2618/2618/2618 2564/2564/2564 2612/2612/2612
f 2612/2612/2612 2619/2619/2619 2618/2618/2618
f 2615/2615/2615 2621/2621/2621 2622/2622/2622
f 2622/2622/2622 2620/2620/2620 2615/2615/2615
f 2621/2621/2621 2616/2616/2616 2617/2617/2617
f 2617/2617/2617 2622/2622/2622 2621/2621/2621
f 1764/1764/1764 1757/1757/1757 1570/1570/1570
f 1570/1570/1570 1763/1763/1763 1764/1764/1764
f 1761/1761/1761 1764/1764/1764 1763/1763/1763
f 1763/1763/1763 1572/1572/1572 1761/1761/1761
f 2629/2629/2629 2623/2623/2623 1574/1574/1574
f 1767/1767/1767 2624/2624/2624 2629/2629/2629
f 1574/1574/1574 1767/1767/1767 2629/2629/2629
f 2626/2626/2626 2624/2624/2624 1767/1767/1767
f 1572/1572/1572 2615/2615/2615 2626/2626/2626
f 1767/1767/1767 1572/1572/1572 2626/2626/2626
f 2624/2624/2624 2626/2626/2626 2627/2627/2627
f 2627/2627/2627 2625/2625/2625 2624/2624/2624
f 2626/2626/2626 2615/2615/2615 2620/2620/2620
f 2620/2620/2620 2627/2627/2627 2626/2626/2626
f 2623/2623/2623 2629/2629/2629 2630/2630/2630
f 2630/2630/2630 2628/2628/2628 2623/2623/2623
f 2629/2629/2629 2624/2624/2624 2625/2625/2625
f 2625/2625/2625 2630/2630/2630 2629/2629/2629
f 1768/1768/1768 1761/1761/1761 1572/1572/1572
f 1572/1572/1572 1767/1767/1767 1768/1768/1768
f 1765/1765/1765 1768/1768/1768 1767/1767/1767
f 1767/1767/1767 1574/1574/1574 1765/1765/1765
f 2637/2637/2637 2631/2631/2631 1576/1576/1576
f 1771/1771/1771 2632/2632/2632 2637/2637/2637
f 1576/1576/1576 1771/1771/1771 2637/2637/2637
f 2634/2634/2634 2632/2632/2632 1771/1771/1771
f 1574/1574/1574 2623/2623/2623 2634/2634/2634
f 1771/1771/1771 1574/1574/1574 2634/2634/2634
f 2632/2632/2632 2634/2634/2634 2635/2635/2635
f 2635/2635/2635 2633/2633/2633 2632/2632/2632
f 2634/2634/2634 2623/2623/2623 2628/2628/2628
f 2628/2628/2628 2635/2635/2635 2634/2634/2634
f 2631/2631/2631 2637/2637/2637 2638/2638/2638
f 2638/2638/2638 2636/2636/2636 2631/2631/2631
f 2637/2637/2637 2632/2632/2632 2633/2633/2633
f 2633/2633/2633 2638/2638/2638 2637/2637/2637
f 1772/1772/1772 1765/1765/1765 1574/1574/1574
f 1574/1574/1574 1771/1771/1771 1772/1772/1772
f 1769/1769/1769 1772/1772/1772 1771/1771/1771
f 1771/1771/1771 1576/1576/1576 1769/1769/1769
f 2645/2645/2645 2639/2639/2639 1578/1578/1578
f 1775/1775/1775 2640/2640/2640 2645/2645/2645
f 1578/1578/1578 1775/1775/1775 2645/2645/2645
f 2642/2642/2642 2640/2640/2640 1775/1775/1775
f 1576/1576/1576 2631/2631/2631 2642/2642/2642
f 1775/1775/1775 1576/1576/1576 2642/2642/2642
f 2640/2640/2640 2642/2642/2642 2643/2643/2643
f 2643/2643/2643 2641/2641/2641 2640/2640/2640
f 2642/2642/2642 2631/2631/2631 2636/2636/2636
f 2636/2636/2636 2643/2643/2643 2642/2642/2642
f 2639/2639/2639 2645/2645/2645 2646/2646/2646
f 2646/2646/2646 2644/2644/2644 2639/2639/2639
f 2645/2645/2645 2640/2640/2640 2641/2641/2641
f 2641/2641/2641 2646/2646/2646 2645/2645/2645
f 1776/1776/1776 1769/1769/1769 1576/1576/1576
f 1576/1576/1576 1775/1775/1775 1776/1776/1776
f 1773/1773/1773 1776/1776/1776 1775/1775/1775
f 1775/1775/1775 1578/1578/1578 1773/1773/1773
f 2653/2653/2653 2647/2647/2647 1580/1580/1580
f 1779/1779/1779 2648/2648/2648 2653/2653/2653
f 1580/1580/1580 1779/1779/1779 2653/2653/2653
f 2650/2650/2650 2648/2648/2648 1779/1779/1779
f 1578/1578/1578 2639/2639/2639 2650/2650/2650
f 1779/1779/1779 1578/1578/1578 2650/2650/2650
f 2648/2648/2648 2650/2650/2650 2651/2651/2651
f 2651/2651/2651 2649/2649/2649 2648/2648/2648
f 2650/2650/2650 2639/2639/2639 2644/2644/2644
f 2644/2644/2644 2651/2651/2651 2650/2650/2650
f 2647/2647/2647 2653/2653/2653 2654/2654/2654
f 2654/2654/2654 2652/2652/2652 2647/2647/2647
f 2653/2653/2653 2648/2648/2648 2649/2649/2649
f 2649/2649/2649 2654/2654/2654 2653/2653/2653
f 1780/1780/1780 1773/1773/1773 1578/1578/1578
f 1578/1578/1578 1779/1779/1779 1780/1780/1780
f 1777/1777/1777 1780/1780/1780 1779/1779/1779
f 1779/1779/1779 1580/1580/1580 1777/1777/1777
f 2661/2661/2661 2655/2655/2655 1582/1582/1582
f 1783/1783/1783 2656/2656/2656 2661/2661/2661
f 1582/1582/1582 1783/1783/1783 2661/2661/2661
f 2658/2658/2658 2656/2656/2656 1783/1783/1783
f 1580/1580/1580 2647/2647/2647 2658/2658/2658
f 1783/1783/1783 1580/1580/1580 2658/2658/2658
f 2656/2656/2656 2658/2658/2658 2659/2659/2659
f 2659/2659/2659 2657/2657/2657 2656/2656/2656
f 2658/2658/2658 2647/2647/2647 2652/2652/2652
f 2652/2652/2652 2659/2659/2659 2658/2658/2658
f 2655/2655/2655 2661/2661/2661 2662/2662/2662
f 2662/2662/2662 2660/2660/2660 2655/2655/2655
f 2661/2661/2661 2656/2656/2656 2657/2657/2657
f 2657/2657/2657 2662/2662/2662 2661/2661/2661
f 1784/1784/1784 1777/1777/1777 1580/1580/1580
f 1580/1580/1580 1783/1783/1783 1784/1784/1784
f 1781/1781/1781 1784/1784/1784 1783/1783/1783
f 1783/1783/1783 1582/1582/1582 1781/1781/1781
f 2669/2669/2669 2663/2663/2663 1584/1584/1584
f 1787/1787/1787 2664/2664/2664 2669/2669/2669
f 1584/1584/1584 1787/1787/1787 2669/2669/2669
f 2666/2666/2666 2664/2664/2664 1787/1787/1787
f 1582/1582/1582 2655/2655/2655 2666/2666/2666
f 1787/1787/1787 1582/1582/1582 2666/2666/2666
f 2664/2664/2664 2666/2666/2666 2667/2667/2667
f 2667/2667/2667 2665/2665/2665 2664/2664/2664
f 2666/2666/2666 2655/2655/2655 2660/2660/2660
f 2660/2660/2660 2667/2667/2667 2666/2666/2666
f 2663/2663/2663 2669/2669/2669 2670/2670/2670
f 2670/2670/2670 2668/2668/2668 2663/2663/2663
f 2669/2669/2669 2664/2664/2664 2665/2665/2665
f 2665/2665/2665 2670/2670/2670 2669/2669/2669
f 1788/1788/1788 1781/1781/1781 1582/1582/1582
f 1582/1582/1582 1787/1787/1787 1788/1788/1788
f 1785/1785/1785 1788/1788/1788 1787/1787/1787
f 1787/1787/1787 1584/1584/1584 1785/1785/1785
f 2677/2677/2677 2671/2671/2671 1586/1586/1586
f 1791/1791/1791 2672/2672/2672 2677/2677/2677
f 1586/1586/1586 1791/1791/1791 2677/2677/2677
f 2674/2674/2674 2672/2672/2672 1791/1791/1791
f 1584/1584/1584 2663/2663/2663 2674/2674/2674
f 1791/1791/1791 1584/1584/1584 2674/2674/2674
f 2672/2672/2672 2674/2674/2674 2675/2675/2675
f 2675/2675/2675 2673/2673/2673 2672/2672/2672
f 2674/2674/2674 2663/2663/2663 2668/2668/2668
f 2668/2668/2668 2675/2675/2675 2674/2674/2674
f 2671/2671/2671 2677/2677/2677 2678/2678/2678
f 2678/2678/2678 2676/2676/2676 2671/2671/2671
f 2677/2677/2677 2672/2672/2672 2673/2673/2673
f 2673/2673/2673 2678/2678/2678 2677/2677/2677
f 1792/1792/1792 1785/1785/1785 1584/1584/1584
f 1584/1584/1584 1791/1791/1791 1792/1792/1792
f 1789/1789/1789 1792/1792/1792 1791/1791/1791
f 1791/1791/1791 1586/1586/1586 1789/1789/1789
f 2685/2685/2685 2679/2679/2679 1588/1588/1588
f 1795/1795/1795 2680/2680/2680 2685/2685/2685
f 1588/1588/1588 1795/1795/1795 2685/2685/2685
f 2682/2682/2682 2680/2680/2680 1795/1795/1795
f 1586/1586/1586 2671/2671/2671 2682/2682/2682
f 1795/1795/1795 1586/1586/1586 2682/2682/2682
f 2680/2680/2680 2682/2682/2682 2683/2683/2683
f 2683/2683/2683 2681/2681/2681 2680/2680/2680
f 2682/2682/2682 2671/2671/2671 2676/2676/2676
f 2676/2676/2676 2683/2683/2683 2682/2682/2682
f 2679/2679/2679 2685/2685/2685 2686/2686/2686
f 2686/2686/2686 2684/2684/2684 2679/2679/2679
f 2685/2685/2685 2680/2680/2680 2681/2681/2681
f 2681/2681/2681 2686/2686/2686 2685/2685/2685
f 1796/1796/1796 1789/1789/1789 1586/1586/1586
f 1586/1586/1586 1795/1795/1795 1796/1796/1796
f 1793/1793/1793 1796/1796/1796 1795/1795/1795
f 1795/1795/1795 1588/1588/1588 1793/1793/1793
f 2698/2698/2698 2687/2687/2687 1590/1590/1590
f 2688/2688/2688 2689/2689/2689 2698/2698/2698
f 1590/1590/1590 2688/2688/2688 2698/2698/2698
f 2691/2691/2691 2689/2689/2689 2688/2688/2688
f 1588/1588/1588 2679/2679/2679 2691/2691/2691
f 2688/2688/2688 1588/1588/1588 2691/2691/2691
f 2694/2694/2694 2690/2690/2690 2689/2689/2689
f 2691/2691/2691 2692/2692/2692 2694/2694/2694
f 2689/2689/2689 2691/2691/2691 2694/2694/2694
f 2691/2691/2691 2679/2679/2679 2684/2684/2684
f 2684/2684/2684 2692/2692/2692 2691/2691/2691
f 2690/2690/2690 2694/2694/2694 2696/2696/2696
f 2696/2696/2696 2693/2693/2693 2690/2690/2690
f 2694/2694/2694 2692/2692/2692 2695/2695/2695
f 2695/2695/2695 2696/2696/2696 2694/2694/2694
f 2687/2687/2687 2698/2698/2698 2699/2699/2699
f 2699/2699/2699 2697/2697/2697 2687/2687/2687
f 2704/2704/2704 2699/2699/2699 2698/2698/2698
f 2689/2689/2689 2690/2690/2690 2704/2704/2704
f 2698/2698/2698 2689/2689/2689 2704/2704/2704
f 2699/2699/2699 2704/2704/2704 2705/2705/2705
f 2705/2705/2705 2703/2703/2703 2699/2699/2699
f 2704/2704/2704 2690/2690/2690 2693/2693/2693
f 2693/2693/2693 2705/2705/2705 2704/2704/2704
f 2983/2983/2983 1793/1793/1793 1588/1588/1588
f 1588/1588/1588 2688/2688/2688 2983/2983/2983
f 2982/2982/2982 2983/2983/2983 2688/2688/2688
f 2688/2688/2688 1590/1590/1590 2982/2982/2982
f 2742/2742/2742 2700/2700/2700 1592/1592/1592
f 2701/2701/2701 2702/2702/2702 2742/2742/2742
f 1592/1592/1592 2701/2701/2701 2742/2742/2742
f 2739/2739/2739 2702/2702/2702 2701/2701/2701
f 1590/1590/1590 2687/2687/2687 2739/2739/2739
f 2701/2701/2701 1590/1590/1590 2739/2739/2739
f 2702/2702/2702 2739/2739/2739 2740/2740/2740
f 2740/2740/2740 2738/2738/2738 2702/2702/2702
f 2739/2739/2739 2687/2687/2687 2697/2697/2697
f 2697/2697/2697 2740/2740/2740 2739/2739/2739
f 2700/2700/2700 2742/2742/2742 2743/2743/2743
f 2743/2743/2743 2741/2741/2741 2700/2700/2700
f 2742/2742/2742 2702/2702/2702 2738/2738/2738
f 2738/2738/2738 2743/2743/2743 2742/2742/2742
f 2751/2751/2751 2744/2744/2744 1594/1594/1594
f 2745/2745/2745 2746/2746/2746 2751/2751/2751
f 1594/1594/1594 2745/2745/2745 2751/2751/2751
f 2748/2748/2748 2746/2746/2746 2745/2745/2745
f 1592/1592/1592 2700/2700/2700 2748/2748/2748
f 2745/2745/2745 1592/1592/1592 2748/2748/2748
f 2746/2746/2746 2748/2748/2748 2749/2749/2749
f 2749/2749/2749 2747/2747/2747 2746/2746/2746
f 2748/2748/2748 2700/2700/2700 2741/2741/2741
f 2741/2741/2741 2749/2749/2749 2748/2748/2748
f 2744/2744/2744 2751/2751/2751 2752/2752/2752
f 2752/2752/2752 2750/2750/2750 2744/2744/2744
f 2751/2751/2751 2746/2746/2746 2747/2747/2747
f 2747/2747/2747 2752/2752/2752 2751/2751/2751
f 2760/2760/2760 2753/2753/2753 1596/1596/1596
f 2754/2754/2754 2755/2755/2755 2760/2760/2760
f 1596/1596/1596 2754/2754/2754 2760/2760/2760
f 2757/2757/2757 2755/2755/2755 2754/2754/2754
f 1594/1594/1594 2744/2744/2744 2757/2757/2757
f 2754/2754/2754 1594/1594/1594 2757/2757/2757
f 2755/2755/2755 2757/2757/2757 2758/2758/2758
f 2758/2758/2758 2756/2756/2756 2755/2755/2755
f 2757/2757/2757 2744/2744/2744 2750/2750/2750
f 2750/2750/2750 2758/2758/2758 2757/2757/2757
f 2753/2753/2753 2760/2760/2760 2761/2761/2761
f 2761/2761/2761 2759/2759/2759 2753/2753/2753
f 2760/2760/2760 2755/2755/2755 2756/2756/2756
f 2756/2756/2756 2761/2761/2761 2760/2760/2760
f 2769/2769/2769 2762/2762/2762 1598/1598/1598
f 2763/2763/2763 2764/2764/2764 2769/2769/2769
f 1598/1598/1598 2763/2763/2763 2769/2769/2769
f 2766/2766/2766 2764/2764/2764 2763/2763/2763
f 1596/1596/1596 2753/2753/2753 2766/2766/2766
f 2763/2763/2763 1596/1596/1596 2766/2766/2766
f 2764/2764/2764 2766/2766/2766 2767/2767/2767
f 2767/2767/2767 2765/2765/2765 2764/2764/2764
f 2766/2766/2766 2753/2753/2753 2759/2759/2759
f 2759/2759/2759 2767/2767/2767 2766/2766/2766
f 2762/2762/2762 2769/2769/2769 2770/2770/2770
f 2770/2770/2770 2768/2768/2768 2762/2762/2762
f 2769/2769/2769 2764/2764/2764 2765/2765/2765
f 2765/2765/2765 2770/2770/2770 2769/2769/2769
f 2778/2778/2778 2771/2771/2771 1600/1600/1600
f 2772/2772/2772 2773/2773/2773 2778/2778/2778
f 1600/1600/1600 2772/2772/2772 2778/2778/2778
f 2775/2775/2775 2773/2773/2773 2772/2772/2772
f 1598/1598/1598 2762/2762/2762 2775/2775/2775
f 2772/2772/2772 1598/1598/1598 2775/2775/2775
f 2773/2773/2773 2775/2775/2775 2776/2776/2776
f 2776/2776/2776 2774/2774/2774 2773/2773/2773
f 2775/2775/2775 2762/2762/2762 2768/2768/2768
f 2768/2768/2768 2776/2776/2776 2775/2775/2775
f 2771/2771/2771 2778/2778/2778 2779/2779/2779
f 2779/2779/2779 2777/2777/2777 2771/2771/2771
f 2778/2778/2778 2773/2773/2773 2774/2774/2774
f 2774/2774/2774 2779/2779/2779 2778/2778/2778
f 2787/2787/2787 2780/2780/2780 1602/1602/1602
f 2781/2781/2781 2782/2782/2782 2787/2787/2787
f 1602/1602/1602 2781/2781/2781 2787/2787/2787
f 2784/2784/2784 2782/2782/2782 2781/2781/2781
f 1600/1600/1600 2771/2771/2771 2784/2784/2784
f 2781/2781/2781 1600/1600/1600 2784/2784/2784
f 2782/2782/2782 2784/2784/2784 2785/2785/2785
f 2785/2785/2785 2783/2783/2783 2782/2782/2782
f 2784/2784/2784 2771/2771/2771 2777/2777/2777
f 2777/2777/2777 2785/2785/2785 2784/2784/2784
f 2780/2780/2780 2787/2787/2787 2788/2788/2788
f 2788/2788/2788 2786/2786/2786 2780/2780/2780
f 2787/2787/2787 2782/2782/2782 2783/2783/2783
f 2783/2783/2783 2788/2788/2788 2787/2787/2787
f 2796/2796/2796 2789/2789/2789 1604/1604/1604
f 2790/2790/2790 2791/2791/2791 2796/2796/2796
f 1604/1604/1604 2790/2790/2790 2796/2796/2796
f 2793/2793/2793 2791/2791/2791 2790/2790/2790
f 1602/1602/1602 2780/2780/2780 2793/2793/2793
f 2790/2790/2790 1602/1602/1602 2793/2793/2793
f 2791/2791/2791 2793/2793/2793 2794/2794/2794
f 2794/2794/2794 2792/2792/2792 2791/2791/2791
f 2793/2793/2793 2780/2780/2780 2786/2786/2786
f 2786/2786/2786 2794/2794/2794 2793/2793/2793
f 2789/2789/2789 2796/2796/2796 2797/2797/2797
f 2797/2797/2797 2795/2795/2795 2789/2789/2789
f 2796/2796/2796 2791/2791/2791 2792/2792/2792
f 2792/2792/2792 2797/2797/2797 2796/2796/2796
f 2805/2805/2805 2798/2798/2798 1606/1606/1606
f 2799/2799/2799 2800/2800/2800 2805/2805/2805
f 1606/1606/1606 2799/2799/2799 2805/2805/2805
f 2802/2802/2802 2800/2800/2800 2799/2799/2799
f 1604/1604/1604 2789/2789/2789 2802/2802/2802
f 2799/2799/2799 1604/1604/1604 2802/2802/2802
f 2800/2800/2800 2802/2802/2802 2803/2803/2803
f 2803/2803/2803 2801/2801/2801 2800/2800/2800
f 2802/2802/2802 2789/2789/2789 2795/2795/2795
f 2795/2795/2795 2803/2803/2803 2802/2802/2802
f 2798/2798/2798 2805/2805/2805 2806/2806/2806
f 2806/2806/2806 2804/2804/2804 2798/2798/2798
f 2805/2805/2805 2800/2800/2800 2801/2801/2801
f 2801/2801/2801 2806/2806/2806 2805/2805/2805
f 2981/2981/2981 2980/2980/2980 1604/1604/1604
f 1604/1604/1604 2799/2799/2799 2981/2981/2981
f 2979/2979/2979 2981/2981/2981 2799/2799/2799
f 2799/2799/2799 1606/1606/1606 2979/2979/2979
f 2814/2814/2814 2807/2807/2807 1608/1608/1608
f 2808/2808/2808 2809/2809/2809 2814/2814/2814
f 1608/1608/1608 2808/2808/2808 2814/2814/2814
f 2811/2811/2811 2809/2809/2809 2808/2808/2808
f 1606/1606/1606 2798/2798/2798 2811/2811/2811
f 2808/2808/2808 1606/1606/1606 2811/2811/2811
f 2809/2809/2809 2811/2811/2811 2812/2812/2812
f 2812/2812/2812 2810/2810/2810 2809/2809/2809
f 2811/2811/2811 2798/2798/2798 2804/2804/2804
f 2804/2804/2804 2812/2812/2812 2811/2811/2811
f 2807/2807/2807 2814/2814/2814 2815/2815/2815
f 2815/2815/2815 2813/2813/2813 2807/2807/2807
f 2814/2814/2814 2809/2809/2809 2810/2810/2810
f 2810/2810/2810 2815/2815/2815 2814/2814/2814
f 2823/2823/2823 2816/2816/2816 1610/1610/1610
f 2817/2817/2817 2818/2818/2818 2823/2823/2823
f 1610/1610/1610 2817/2817/2817 2823/2823/2823
f 2820/2820/2820 2818/2818/2818 2817/2817/2817
f 1608/1608/1608 2807/2807/2807 2820/2820/2820
f 2817/2817/2817 1608/1608/1608 2820/2820/2820
f 2818/2818/2818 2820/2820/2820 2821/2821/2821
f 2821/2821/2821 2819/2819/2819 2818/2818/2818
f 2820/2820/2820 2807/2807/2807 2813/2813/2813
f 2813/2813/2813 2821/2821/2821 2820/2820/2820
f 2816/2816/2816 2823/2823/2823 2824/2824/2824
f 2824/2824/2824 2822/2822/2822 2816/2816/2816
f 2823/2823/2823 2818/2818/2818 2819/2819/2819
f 2819/2819/2819 2824/2824/2824 2823/2823/2823
f 2836/2836/2836 2825/2825/2825 1612/1612/1612
f 2826/2826/2826 2827/2827/2827 2836/2836/2836
f 1612/1612/1612 2826/2826/2826 2836/2836/2836
f 2829/2829/2829 2827/2827/2827 2826/2826/2826
f 1610/1610/1610 2816/2816/2816 2829/2829/2829
f 2826/2826/2826 1610/1610/1610 2829/2829/2829
f 2832/2832/2832 2828/2828/2828 2827/2827/2827
f 2829/2829/2829 2830/2830/2830 2832/2832/2832
f 2827/2827/2827 2829/2829/2829 2832/2832/2832
f 2845/2845/2845 2830/2830/2830 2829/2829/2829
f 2816/2816/2816 2822/2822/2822 2845/2845/2845
f 2829/2829/2829 2816/2816/2816 2845/2845/2845
f 2830/2830/2830 2845/2845/2845 2847/2847/2847
f 2847/2847/2847 2833/2833/2833 2830/2830/2830
f 2845/2845/2845 2822/2822/2822 2846/2846/2846
f 2846/2846/2846 2847/2847/2847 2845/2845/2845
f 2828/2828/2828 2832/2832/2832 2834/2834/2834
f 2834/2834/2834 2831/2831/2831 2828/2828/2828
f 2842/2842/2842 2834/2834/2834 2832/2832/2832
f 2830/2830/2830 2833/2833/2833 2842/2842/2842
f 2832/2832/2832 2830/2830/2830 2842/2842/2842
f 2834/2834/2834 2842/2842/2842 2844/2844/2844
f 2844/2844/2844 2841/2841/2841 2834/2834/2834
f 2842/2842/2842 2833/2833/2833 2843/2843/2843
f 2843/2843/2843 2844/2844/2844 2842/2842/2842
f 2825/2825/2825 2836/2836/2836 2837/2837/2837
f 2837/2837/2837 2835/2835/2835 2825/2825/2825
f 2836/2836/2836 2827/2827/2827 2828/2828/2828
f 2828/2828/2828 2837/2837/2837 2836/2836/2836
f 2978/2978/2978 2977/2977/2977 1610/1610/1610
f 1610/1610/1610 2826/2826/2826 2978/2978/2978
f 2976/2976/2976 2978/2978/2978 2826/2826/2826
f 2826/2826/2826 1612/1612/1612 2976/2976/2976
f 2885/2885/2885 2838/2838/2838 1614/1614/1614
f 2839/2839/2839 2840/2840/2840 2885/2885/2885
f 1614/1614/1614 2839/2839/2839 2885/2885/2885
f 2882/2882/2882 2840/2840/2840 2839/2839/2839
f 1612/1612/1612 2825/2825/2825 2882/2882/2882
f 2839/2839/2839 1612/1612/1612 2882/2882/2882
f 2840/2840/2840 2882/2882/2882 2883/2883/2883
f 2883/2883/2883 2881/2881/2881 2840/2840/2840
f 2882/2882/2882 2825/2825/2825 2835/2835/2835
f 2835/2835/2835 2883/2883/2883 2882/2882/2882
f 2838/2838/2838 2885/2885/2885 2886/2886/2886
f 2886/2886/2886 2884/2884/2884 2838/2838/2838
f 2885/2885/2885 2840/2840/2840 2881/2881/2881
f 2881/2881/2881 2886/2886/2886 2885/2885/2885
f 2894/2894/2894 2887/2887/2887 1616/1616/1616
f 2888/2888/2888 2889/2889/2889 2894/2894/2894
f 1616/1616/1616 2888/2888/2888 2894/2894/2894
f 2891/2891/2891 2889/2889/2889 2888/2888/2888
f 1614/1614/1614 2838/2838/2838 2891/2891/2891
f 2888/2888/2888 1614/1614/1614 2891/2891/2891
f 2889/2889/2889 2891/2891/2891 2892/2892/2892
f 2892/2892/2892 2890/2890/2890 2889/2889/2889
f 2891/2891/2891 2838/2838/2838 2884/2884/2884
f 2884/2884/2884 2892/2892/2892 2891/2891/2891
f 2887/2887/2887 2894/2894/2894 2895/2895/2895
f 2895/2895/2895 2893/2893/2893 2887/2887/2887
f 2894/2894/2894 2889/2889/2889 2890/2890/2890
f 2890/2890/2890 2895/2895/2895 2894/2894/2894
f 2903/2903/2903 2896/2896/2896 1618/1618/1618
f 2897/2897/2897 2898/2898/2898 2903/2903/2903
f 1618/1618/1618 2897/2897/2897 2903/2903/2903
f 2900/2900/2900 2898/2898/2898 2897/2897/2897
f 1616/1616/1616 2887/2887/2887 2900/2900/2900
f 2897/2897/2897 1616/1616/1616 2900/2900/2900
f 2898/2898/2898 2900/2900/2900 2901/2901/2901
f 2901/2901/2901 2899/2899/2899 2898/2898/2898
f 2900/2900/2900 2887/2887/2887 2893/2893/2893
f 2893/2893/2893 2901/2901/2901 2900/2900/2900
f 2896/2896/2896 2903/2903/2903 2904/2904/2904
f 2904/2904/2904 2902/2902/2902 2896/2896/2896
f 2903/2903/2903 2898/2898/2898 2899/2899/2899
f 2899/2899/2899 2904/2904/2904 2903/2903/2903
f 2975/2975/2975 2974/2974/2974 1616/1616/1616
f 1616/1616/1616 2897/2897/2897 2975/2975/2975
f 2973/2973/2973 2975/2975/2975 2897/2897/2897
f 2897/2897/2897 1618/1618/1618 2973/2973/2973
f 2912/2912/2912 2905/2905/2905 1620/1620/1620
f 2906/2906/2906 2907/2907/2907 2912/2912/2912
f 1620/1620/1620 2906/2906/2906 2912/2912/2912
f 2909/2909/2909 2907/2907/2907 2906/2906/2906
f 1618/1618/1618 2896/2896/2896 2909/2909/2909
f 2906/2906/2906 1618/1618/1618 2909/2909/2909
f 2907/2907/2907 2909/2909/2909 2910/2910/2910
f 2910/2910/2910 2908/2908/2908 2907/2907/2907
f 2909/2909/2909 2896/2896/2896 2902/2902/2902
f 2902/2902/2902 2910/2910/2910 2909/2909/2909
f 2905/2905/2905 2912/2912/2912 2913/2913/2913
f 2913/2913/2913 2911/2911/2911 2905/2905/2905
f 2912/2912/2912 2907/2907/2907 2908/2908/2908
f 2908/2908/2908 2913/2913/2913 2912/2912/2912
f 2921/2921/2921 2914/2914/2914 1622/1622/1622
f 2915/2915/2915 2916/2916/2916 2921/2921/2921
f 1622/1622/1622 2915/2915/2915 2921/2921/2921
f 2918/2918/2918 2916/2916/2916 2915/2915/2915
f 1620/1620/1620 2905/2905/2905 2918/2918/2918
f 2915/2915/2915 1620/1620/1620 2918/2918/2918
f 2916/2916/2916 2918/2918/2918 2919/2919/2919
f 2919/2919/2919 2917/2917/2917 2916/2916/2916
f 2918/2918/2918 2905/2905/2905 2911/2911/2911
f 2911/2911/2911 2919/2919/2919 2918/2918/2918
f 2914/2914/2914 2921/2921/2921 2922/2922/2922
f 2922/2922/2922 2920/2920/2920 2914/2914/2914
f 2921/2921/2921 2916/2916/2916 2917/2917/2917
f 2917/2917/2917 2922/2922/2922 2921/2921/2921
f 2930/2930/2930 2923/2923/2923 1624/1624/1624
f 2924/2924/2924 2925/2925/2925 2930/2930/2930
f 1624/1624/1624 2924/2924/2924 2930/2930/2930
f 2927/2927/2927 2925/2925/2925 2924/2924/2924
f 1622/1622/1622 2914/2914/2914 2927/2927/2927
f 2924/2924/2924 1622/1622/1622 2927/2927/2927
f 2925/2925/2925 2927/2927/2927 2928/2928/2928
f 2928/2928/2928 2926/2926/2926 2925/2925/2925
f 2927/2927/2927 2914/2914/2914 2920/2920/2920
f 2920/2920/2920 2928/2928/2928 2927/2927/2927
f 2923/2923/2923 2930/2930/2930 2931/2931/2931
f 2931/2931/2931 2929/2929/2929 2923/2923/2923
f 2930/2930/2930 2925/2925/2925 2926/2926/2926
f 2926/2926/2926 2931/2931/2931 2930/2930/2930
f 2972/2972/2972 2971/2971/2971 1622/1622/1622
f 1622/1622/1622 2924/2924/2924 2972/2972/2972
f 2970/2970/2970 2972/2972/2972 2924/2924/2924
f 2924/2924/2924 1624/1624/1624 2970/2970/2970
f 2939/2939/2939 2932/2932/2932 1626/1626/1626
f 2933/2933/2933 2934/2934/2934 2939/2939/2939
f 1626/1626/1626 2933/2933/2933 2939/2939/2939
f 2936/2936/2936 2934/2934/2934 2933/2933/2933
f 1624/1624/1624 2923/2923/2923 2936/2936/2936
f 2933/2933/2933 1624/1624/1624 2936/2936/2936
f 2934/2934/2934 2936/2936/2936 2937/2937/2937
f 2937/2937/2937 2935/2935/2935 2934/2934/2934
f 2936/2936/2936 2923/2923/2923 2929/2929/2929
f 2929/2929/2929 2937/2937/2937 2936/2936/2936
f 2932/2932/2932 2939/2939/2939 2940/2940/2940
f 2940/2940/2940 2938/2938/2938 2932/2932/2932
f 2939/2939/2939 2934/2934/2934 2935/2935/2935
f 2935/2935/2935 2940/2940/2940 2939/2939/2939
f 2948/2948/2948 2941/2941/2941 1628/1628/1628
f 2942/2942/2942 2943/2943/2943 2948/2948/2948
f 1628/1628/1628 2942/2942/2942 2948/2948/2948
f 2945/2945/2945 2943/2943/2943 2942/2942/2942
f 1626/1626/1626 2932/2932/2932 2945/2945/2945
f 2942/2942/2942 1626/1626/1626 2945/2945/2945
f 2943/2943/2943 2945/2945/2945 2946/2946/2946
f 2946/2946/2946 2944/2944/2944 2943/2943/2943
f 2945/2945/2945 2932/2932/2932 2938/2938/2938
f 2938/2938/2938 2946/2946/2946 2945/2945/2945
f 2941/2941/2941 2948/2948/2948 2949/2949/2949
f 2949/2949/2949 2947/2947/2947 2941/2941/2941
f 2948/2948/2948 2943/2943/2943 2944/2944/2944
f 2944/2944/2944 2949/2949/2949 2948/2948/2948
f 2956/2956/2956 1841/1841/1841 1630/1630/1630
f 2950/2950/2950 2951/2951/2951 2956/2956/2956
f 1630/1630/1630 2950/2950/2950 2956/2956/2956
f 2953/2953/2953 2951/2951/2951 2950/2950/2950
f 1628/1628/1628 2941/2941/2941 2953/2953/2953
f 2950/2950/2950 1628/1628/1628 2953/2953/2953
f 2951/2951/2951 2953/2953/2953 2954/2954/2954
f 2954/2954/2954 2952/2952/2952 2951/2951/2951
f 2953/2953/2953 2941/2941/2941 2947/2947/2947
f 2947/2947/2947 2954/2954/2954 2953/2953/2953
f 1841/1841/1841 2956/2956/2956 2957/2957/2957
f 2957/2957/2957 2955/2955/2955 1841/1841/1841
f 2956/2956/2956 2951/2951/2951 2952/2952/2952
f 2952/2952/2952 2957/2957/2957 2956/2956/2956
f 1848/1848/1848 1839/1839/1839 1633/1633/1633
f 1840/1840/1840 1842/1842/1842 1848/1848/1848
f 1633/1633/1633 1840/1840/1840 1848/1848/1848
f 2958/2958/2958 1842/1842/1842 1840/1840/1840
f 1630/1630/1630 1841/1841/1841 2958/2958/2958
f 1840/1840/1840 1630/1630/1630 2958/2958/2958
f 1842/1842/1842 2958/2958/2958 2959/2959/2959
f 2959/2959/2959 1849/1849/1849 1842/1842/1842
f 2958/2958/2958 1841/1841/1841 2955/2955/2955
f 2955/2955/2955 2959/2959/2959 2958/2958/2958
f 1856/1856/1856 1847/1847/1847 1839/1839/1839
f 1848/1848/1848 1850/1850/1850 1856/1856/1856
f 1839/1839/1839 1848/1848/1848 1856/1856/1856
f 2960/2960/2960 1850/1850/1850 1848/1848/1848
f 1842/1842/1842 1849/1849/1849 2960/2960/2960
f 1848/1848/1848 1842/1842/1842 2960/2960/2960
f 1850/1850/1850 2960/2960/2960 2962/2962/2962
f 2962/2962/2962 1857/1857/1857 1850/1850/1850
f 2960/2960/2960 1849/1849/1849 2961/2961/2961
f 2961/2961/2961 2962/2962/2962 2960/2960/2960
f 2968/2968/2968 1855/1855/1855 1847/1847/1847
f 1856/1856/1856 1858/1858/1858 2968/2968/2968
f 1847/1847/1847 1856/1856/1856 2968/2968/2968
f 2964/2964/2964 1858/1858/1858 1856/1856/1856
f 1850/1850/1850 1857/1857/1857 2964/2964/2964
f 1856/1856/1856 1850/1850/1850 2964/2964/2964
f 1858/1858/1858 2964/2964/2964 2966/2966/2966
f 2966/2966/2966 2963/2963/2963 1858/1858/1858
f 2964/2964/2964 1857/1857/1857 2965/2965/2965
f 2965/2965/2965 2966/2966/2966 2964/2964/2964
f 1855/1855/1855 2968/2968/2968 2969/2969/2969
f 2969/2969/2969 2967/2967/2967 1855/1855/1855
f 2968/2968/2968 1858/1858/1858 2963/2963/2963
f 2963/2963/2963 2969/2969/2969 2968/2968/2968
f 1457/1457/1457 1797/1797/1797 1854/1854/1854
f 1854/1854/1854 1853/1853/1853 1457/1457/1457
f 1835/1835/1835 1843/1843/1843 1798/1798/1798
f 1851/1851/1851 1797/1797/1797 1798/1798/1798
f 1799/1799/1799 1800/1800/1800 1859/1859/1859
f 1859/1859/1859 1861/1861/1861 1799/1799/1799
f 1801/1801/1801 1802/1802/1802 1869/1869/1869
f 1869/1869/1869 1864/1864/1864 1801/1801/1801
f 1800/1800/1800 1801/1801/1801 1866/1866/1866
f 1866/1866/1866 1859/1859/1859 1800/1800/1800
f 1798/1798/1798 1799/1799/1799 1861/1861/1861
f 1861/1861/1861 1835/1835/1835 1798/1798/1798
f 1803/1803/1803 1804/1804/1804 1874/1874/1874
f 1874/1874/1874 1867/1867/1867 1803/1803/1803
f 1805/1805/1805 1806/1806/1806 1875/1875/1875
f 1875/1875/1875 1877/1877/1877 1805/1805/1805
f 1804/1804/1804 1805/1805/1805 1877/1877/1877
f 1877/1877/1877 1872/1872/1872 1804/1804/1804
f 1807/1807/1807 1808/1808/1808 1885/1885/1885
f 1885/1885/1885 1880/1880/1880 1807/1807/1807
f 1809/1809/1809 1810/1810/1810 1890/1890/1890
f 1890/1890/1890 1883/1883/1883 1809/1809/1809
f 1808/1808/1808 1809/1809/1809 1883/1883/1883
f 1883/1883/1883 1885/1885/1885 1808/1808/1808
f 1806/1806/1806 1807/1807/1807 1882/1882/1882
f 1882/1882/1882 1875/1875/1875 1806/1806/1806
f 1802/1802/1802 1803/1803/1803 1867/1867/1867
f 1867/1867/1867 1869/1869/1869 1802/1802/1802
f 1810/1810/1810 1811/1811/1811 1893/1893/1893
f 1893/1893/1893 1888/1888/1888 1810/1810/1810
f 1811/1811/1811 1812/1812/1812 1891/1891/1891
f 1891/1891/1891 1893/1893/1893 1811/1811/1811
f 1812/1812/1812 1813/1813/1813 1898/1898/1898
f 1898/1898/1898 1891/1891/1891 1812/1812/1812
f 1851/1851/1851 1854/1854/1854 1797/1797/1797
f 1851/1851/1851 1843/1843/1843 1846/1846/1846
f 1851/1851/1851 1798/1798/1798 1843/1843/1843
f 1813/1813/1813 1814/1814/1814 1901/1901/1901
f 1901/1901/1901 1896/1896/1896 1813/1813/1813
f 1814/1814/1814 1815/1815/1815 1899/1899/1899
f 1899/1899/1899 1901/1901/1901 1814/1814/1814
f 1816/1816/1816 1817/1817/1817 1909/1909/1909
f 1909/1909/1909 1904/1904/1904 1816/1816/1816
f 1815/1815/1815 1816/1816/1816 1906/1906/1906
f 1906/1906/1906 1899/1899/1899 1815/1815/1815
f 1818/1818/1818 1819/1819/1819 1914/1914/1914
f 1914/1914/1914 1907/1907/1907 1818/1818/1818
f 1820/1820/1820 1821/1821/1821 1915/1915/1915
f 1915/1915/1915 1917/1917/1917 1820/1820/1820
f 1819/1819/1819 1820/1820/1820 1917/1917/1917
f 1917/1917/1917 1912/1912/1912 1819/1819/1819
f 1817/1817/1817 1818/1818/1818 1907/1907/1907
f 1907/1907/1907 1909/1909/1909 1817/1817/1817
f 1821/1821/1821 1822/1822/1822 1922/1922/1922
f 1922/1922/1922 1915/1915/1915 1821/1821/1821
f 1823/1823/1823 1824/1824/1824 1923/1923/1923
f 1923/1923/1923 1925/1925/1925 1823/1823/1823
f 1825/1825/1825 1826/1826/1826 1933/1933/1933
f 1933/1933/1933 1928/1928/1928 1825/1825/1825
f 1824/1824/1824 1825/1825/1825 1930/1930/1930
f 1930/1930/1930 1923/1923/1923 1824/1824/1824
f 1827/1827/1827 1828/1828/1828 1938/1938/1938
f 1938/1938/1938 1931/1931/1931 1827/1827/1827
f 1829/1829/1829 1830/1830/1830 1960/1960/1960
f 1960/1960/1960 1948/1948/1948 1829/1829/1829
f 1950/1950/1950 1828/1828/1828 1829/1829/1829
f 1826/1826/1826 1827/1827/1827 1931/1931/1931
f 1931/1931/1931 1933/1933/1933 1826/1826/1826
f 1957/1957/1957 1952/1952/1952 1961/1961/1961
f 1962/1962/1962 1963/1963/1963 1975/1975/1975
f 1975/1975/1975 1955/1955/1955 1962/1962/1962
f 1961/1961/1961 1962/1962/1962 1955/1955/1955
f 1955/1955/1955 1957/1957/1957 1961/1961/1961
f 1964/1964/1964 1965/1965/1965 1978/1978/1978
f 1978/1978/1978 1980/1980/1980 1964/1964/1964
f 1966/1966/1966 1967/1967/1967 1981/1981/1981
f 1981/1981/1981 1983/1983/1983 1966/1966/1966
f 1965/1965/1965 1966/1966/1966 1983/1983/1983
f 1983/1983/1983 1978/1978/1978 1965/1965/1965
f 1963/1963/1963 1964/1964/1964 1973/1973/1973
f 1973/1973/1973 1975/1975/1975 1963/1963/1963
f 1958/1958/1958 1830/1830/1830 1961/1961/1961
f 1951/1951/1951 1950/1950/1950 1829/1829/1829
f 1951/1951/1951 1829/1829/1829 1948/1948/1948
f 1947/1947/1947 1946/1946/1946 1950/1950/1950
f 1952/1952/1952 1954/1954/1954 1958/1958/1958
f 1960/1960/1960 1830/1830/1830 1958/1958/1958
f 1828/1828/1828 1950/1950/1950 1946/1946/1946
f 1968/1968/1968 1969/1969/1969 1991/1991/1991
f 1991/1991/1991 1986/1986/1986 1968/1968/1968
f 1970/1970/1970 1971/1971/1971 1996/1996/1996
f 1996/1996/1996 1989/1989/1989 1970/1970/1970
f 1969/1969/1969 1970/1970/1970 1989/1989/1989
f 1989/1989/1989 1991/1991/1991 1969/1969/1969
f 1972/1972/1972 2002/2002/2002 2024/2024/2024
f 2024/2024/2024 2027/2027/2027 1972/1972/1972
f 2026/2026/2026 1971/1971/1971 1972/1972/1972
f 2002/2002/2002 2003/2003/2003 2028/2028/2028
f 2028/2028/2028 2030/2030/2030 2002/2002/2002
f 2003/2003/2003 2004/2004/2004 2031/2031/2031
f 2031/2031/2031 2033/2033/2033 2003/2003/2003
f 1961/1961/1961 1952/1952/1952 1958/1958/1958
f 1967/1967/1967 1968/1968/1968 1986/1986/1986
f 1986/1986/1986 1988/1988/1988 1967/1967/1967
f 1822/1822/1822 1823/1823/1823 1925/1925/1925
f 1925/1925/1925 1920/1920/1920 1822/1822/1822
f 1946/1946/1946 1938/1938/1938 1828/1828/1828
f 1835/1835/1835 1838/1838/1838 1843/1843/1843
f 1864/1864/1864 1866/1866/1866 1801/1801/1801
f 1872/1872/1872 1874/1874/1874 1804/1804/1804
f 1880/1880/1880 1882/1882/1882 1807/1807/1807
f 1888/1888/1888 1890/1890/1890 1810/1810/1810
f 1896/1896/1896 1898/1898/1898 1813/1813/1813
f 1904/1904/1904 1906/1906/1906 1816/1816/1816
f 1912/1912/1912 1914/1914/1914 1819/1819/1819
f 1920/1920/1920 1922/1922/1922 1822/1822/1822
f 1928/1928/1928 1930/1930/1930 1825/1825/1825
f 1939/1939/1939 1952/1952/1952 1957/1957/1957
f 1972/1972/1972 2027/2027/2027 2026/2026/2026
f 2002/2002/2002 2030/2030/2030 2024/2024/2024
f 1938/1938/1938 1946/1946/1946 1936/1936/1936
f 1973/1973/1973 1964/1964/1964 1980/1980/1980
f 2026/2026/2026 1994/1994/1994 1996/1996/1996
f 2028/2028/2028 2033/2033/2033 1997/1997/1997
f 2003/2003/2003 2033/2033/2033 2028/2028/2028
f 1981/1981/1981 1967/1967/1967 1988/1988/1988
f 1996/1996/1996 1971/1971/1971 2026/2026/2026
f 2004/2004/2004 2005/2005/2005 2036/2036/2036
f 2036/2036/2036 2031/2031/2031 2004/2004/2004
f 2005/2005/2005 2006/2006/2006 2034/2034/2034
f 2034/2034/2034 2036/2036/2036 2005/2005/2005
f 2007/2007/2007 2008/2008/2008 2044/2044/2044
f 2044/2044/2044 2039/2039/2039 2007/2007/2007
f 2006/2006/2006 2007/2007/2007 2039/2039/2039
f 2039/2039/2039 2041/2041/2041 2006/2006/2006
f 2009/2009/2009 2010/2010/2010 2047/2047/2047
f 2047/2047/2047 2049/2049/2049 2009/2009/2009
f 2050/2050/2050 2052/2052/2052 2011/2011/2011
f 2010/2010/2010 2011/2011/2011 2052/2052/2052
f 2052/2052/2052 2047/2047/2047 2010/2010/2010
f 2008/2008/2008 2009/2009/2009 2049/2049/2049
f 2049/2049/2049 2042/2042/2042 2008/2008/2008
f 2012/2012/2012 2013/2013/2013 2055/2055/2055
f 2055/2055/2055 2057/2057/2057 2012/2012/2012
f 2014/2014/2014 2015/2015/2015 2058/2058/2058
f 2058/2058/2058 2060/2060/2060 2014/2014/2014
f 2013/2013/2013 2014/2014/2014 2060/2060/2060
f 2060/2060/2060 2055/2055/2055 2013/2013/2013
f 2017/2017/2017 2018/2018/2018 2066/2066/2066
f 2066/2066/2066 2068/2068/2068 2017/2017/2017
f 2019/2019/2019 2020/2020/2020 2076/2076/2076
f 2076/2076/2076 2071/2071/2071 2019/2019/2019
f 2018/2018/2018 2019/2019/2019 2071/2071/2071
f 2071/2071/2071 2073/2073/2073 2018/2018/2018
f 2015/2015/2015 2016/2016/2016 2063/2063/2063
f 2063/2063/2063 2065/2065/2065 2015/2015/2015
f 2012/2012/2012 2050/2050/2050 2011/2011/2011
f 2021/2021/2021 2022/2022/2022 2086/2086/2086
f 2086/2086/2086 2085/2085/2085 2021/2021/2021
f 2023/2023/2023 2096/2096/2096 2148/2148/2148
f 2148/2148/2148 2151/2151/2151 2023/2023/2023
f 2153/2153/2153 2022/2022/2022 2023/2023/2023
f 2097/2097/2097 2098/2098/2098 2157/2157/2157
f 2157/2157/2157 2131/2131/2131 2097/2097/2097
f 2140/2140/2140 2135/2135/2135 2099/2099/2099
f 2155/2155/2155 2098/2098/2098 2099/2099/2099
f 2141/2141/2141 2096/2096/2096 2097/2097/2097
f 2100/2100/2100 2101/2101/2101 2160/2160/2160
f 2160/2160/2160 2138/2138/2138 2100/2100/2100
f 2102/2102/2102 2103/2103/2103 2164/2164/2164
f 2164/2164/2164 2166/2166/2166 2102/2102/2102
f 2101/2101/2101 2102/2102/2102 2166/2166/2166
f 2166/2166/2166 2158/2158/2158 2101/2101/2101
f 2104/2104/2104 2105/2105/2105 2175/2175/2175
f 2175/2175/2175 2167/2167/2167 2104/2104/2104
f 2106/2106/2106 2107/2107/2107 2178/2178/2178
f 2178/2178/2178 2173/2173/2173 2106/2106/2106
f 2105/2105/2105 2106/2106/2106 2173/2173/2173
f 2173/2173/2173 2175/2175/2175 2105/2105/2105
f 2103/2103/2103 2104/2104/2104 2169/2169/2169
f 2169/2169/2169 2164/2164/2164 2103/2103/2103
f 2099/2099/2099 2100/2100/2100 2138/2138/2138
f 2138/2138/2138 2140/2140/2140 2099/2099/2099
f 2020/2020/2020 2021/2021/2021 2074/2074/2074
f 2074/2074/2074 2076/2076/2076 2020/2020/2020
f 2108/2108/2108 2109/2109/2109 2182/2182/2182
f 2182/2182/2182 2184/2184/2184 2108/2108/2108
f 2110/2110/2110 2111/2111/2111 2193/2193/2193
f 2193/2193/2193 2185/2185/2185 2110/2110/2110
f 2109/2109/2109 2110/2110/2110 2187/2187/2187
f 2187/2187/2187 2182/2182/2182 2109/2109/2109
f 2113/2113/2113 2114/2114/2114 2202/2202/2202
f 2202/2202/2202 2194/2194/2194 2113/2113/2113
f 2115/2115/2115 2116/2116/2116 2205/2205/2205
f 2205/2205/2205 2200/2200/2200 2115/2115/2115
f 2114/2114/2114 2115/2115/2115 2200/2200/2200
f 2200/2200/2200 2202/2202/2202 2114/2114/2114
f 2111/2111/2111 2112/2112/2112 2191/2191/2191
f 2191/2191/2191 2193/2193/2193 2111/2111/2111
f 2117/2117/2117 2118/2118/2118 2209/2209/2209
f 2209/2209/2209 2211/2211/2211 2117/2117/2117
f 2119/2119/2119 2120/2120/2120 2220/2220/2220
f 2220/2220/2220 2212/2212/2212 2119/2119/2119
f 2118/2118/2118 2119/2119/2119 2214/2214/2214
f 2214/2214/2214 2209/2209/2209 2118/2118/2118
f 2121/2121/2121 2122/2122/2122 2223/2223/2223
f 2223/2223/2223 2218/2218/2218 2121/2121/2121
f 2123/2123/2123 2124/2124/2124 2227/2227/2227
f 2227/2227/2227 2229/2229/2229 2123/2123/2123
f 2122/2122/2122 2123/2123/2123 2229/2229/2229
f 2229/2229/2229 2221/2221/2221 2122/2122/2122
f 2120/2120/2120 2121/2121/2121 2218/2218/2218
f 2218/2218/2218 2220/2220/2220 2120/2120/2120
f 2116/2116/2116 2117/2117/2117 2211/2211/2211
f 2211/2211/2211 2203/2203/2203 2116/2116/2116
f 2125/2125/2125 2126/2126/2126 2238/2238/2238
f 2238/2238/2238 2230/2230/2230 2125/2125/2125
f 2127/2127/2127 2128/2128/2128 2241/2241/2241
f 2241/2241/2241 2236/2236/2236 2127/2127/2127
f 2126/2126/2126 2127/2127/2127 2236/2236/2236
f 2236/2236/2236 2238/2238/2238 2126/2126/2126
f 2129/2129/2129 2130/2130/2130 2261/2261/2261
f 2261/2261/2261 2260/2260/2260 2129/2129/2129
f 2254/2254/2254 2248/2248/2248 2265/2265/2265
f 2248/2248/2248 2130/2130/2130 2265/2265/2265
f 2128/2128/2128 2129/2129/2129 2264/2264/2264
f 2264/2264/2264 2263/2263/2263 2128/2128/2128
f 2266/2266/2266 2267/2267/2267 2297/2297/2297
f 2297/2297/2297 2299/2299/2299 2266/2266/2266
f 2268/2268/2268 2269/2269/2269 2308/2308/2308
f 2308/2308/2308 2300/2300/2300 2268/2268/2268
f 2267/2267/2267 2268/2268/2268 2300/2300/2300
f 2300/2300/2300 2302/2302/2302 2267/2267/2267
f 2270/2270/2270 2271/2271/2271 2309/2309/2309
f 2309/2309/2309 2311/2311/2311 2270/2270/2270
f 2272/2272/2272 2273/2273/2273 2315/2315/2315
f 2315/2315/2315 2317/2317/2317 2272/2272/2272
f 2271/2271/2271 2272/2272/2272 2317/2317/2317
f 2317/2317/2317 2309/2309/2309 2271/2271/2271
f 2269/2269/2269 2270/2270/2270 2306/2306/2306
f 2306/2306/2306 2308/2308/2308 2269/2269/2269
f 2265/2265/2265 2266/2266/2266 2299/2299/2299
f 2299/2299/2299 2252/2252/2252 2265/2265/2265
f 2124/2124/2124 2125/2125/2125 2232/2232/2232
f 2232/2232/2232 2227/2227/2227 2124/2124/2124
f 2107/2107/2107 2108/2108/2108 2184/2184/2184
f 2184/2184/2184 2176/2176/2176 2107/2107/2107
f 2154/2154/2154 2153/2153/2153 2023/2023/2023
f 2143/2143/2143 2154/2154/2154 2150/2150/2150
f 2151/2151/2151 2150/2150/2150 2023/2023/2023
f 2022/2022/2022 2153/2153/2153 2146/2146/2146
f 2086/2086/2086 2022/2022/2022 2146/2146/2146
f 2153/2153/2153 2147/2147/2147 2146/2146/2146
f 2016/2016/2016 2017/2017/2017 2068/2068/2068
f 2068/2068/2068 2063/2063/2063 2016/2016/2016
f 2141/2141/2141 2144/2144/2144 2148/2148/2148
f 2131/2131/2131 2134/2134/2134 2141/2141/2141
f 2148/2148/2148 2096/2096/2096 2141/2141/2141
f 2097/2097/2097 2131/2131/2131 2141/2141/2141
f 2155/2155/2155 2157/2157/2157 2098/2098/2098
f 2264/2264/2264 2129/2129/2129 2260/2260/2260
f 2112/2112/2112 2113/2113/2113 2196/2196/2196
f 2196/2196/2196 2191/2191/2191 2112/2112/2112
f 2006/2006/2006 2041/2041/2041 2034/2034/2034
f 2044/2044/2044 2008/2008/2008 2042/2042/2042
f 2146/2146/2146 2083/2083/2083 2086/2086/2086
f 2155/2155/2155 2135/2135/2135 2137/2137/2137
f 2241/2241/2241 2128/2128/2128 2263/2263/2263
f 2260/2260/2260 2250/2250/2250 2264/2264/2264
f 2135/2135/2135 2155/2155/2155 2099/2099/2099
f 2085/2085/2085 2074/2074/2074 2021/2021/2021
f 2150/2150/2150 2154/2154/2154 2023/2023/2023
f 2274/2274/2274 2275/2275/2275 2326/2326/2326
f 2326/2326/2326 2318/2318/2318 2274/2274/2274
f 2276/2276/2276 2277/2277/2277 2327/2327/2327
f 2327/2327/2327 2329/2329/2329 2276/2276/2276
f 2275/2275/2275 2276/2276/2276 2324/2324/2324
f 2324/2324/2324 2326/2326/2326 2275/2275/2275
f 2279/2279/2279 2280/2280/2280 2336/2336/2336
f 2336/2336/2336 2338/2338/2338 2279/2279/2279
f 2281/2281/2281 2282/2282/2282 2342/2342/2342
f 2342/2342/2342 2344/2344/2344 2281/2281/2281
f 2280/2280/2280 2281/2281/2281 2344/2344/2344
f 2344/2344/2344 2336/2336/2336 2280/2280/2280
f 2277/2277/2277 2278/2278/2278 2335/2335/2335
f 2335/2335/2335 2327/2327/2327 2277/2277/2277
f 2283/2283/2283 2284/2284/2284 2353/2353/2353
f 2353/2353/2353 2345/2345/2345 2283/2283/2283
f 2285/2285/2285 2286/2286/2286 2354/2354/2354
f 2354/2354/2354 2356/2356/2356 2285/2285/2285
f 2284/2284/2284 2285/2285/2285 2351/2351/2351
f 2351/2351/2351 2353/2353/2353 2284/2284/2284
f 2287/2287/2287 2288/2288/2288 2360/2360/2360
f 2360/2360/2360 2362/2362/2362 2287/2287/2287
f 2289/2289/2289 2290/2290/2290 2371/2371/2371
f 2371/2371/2371 2363/2363/2363 2289/2289/2289
f 2288/2288/2288 2289/2289/2289 2363/2363/2363
f 2363/2363/2363 2365/2365/2365 2288/2288/2288
f 2286/2286/2286 2287/2287/2287 2362/2362/2362
f 2362/2362/2362 2354/2354/2354 2286/2286/2286
f 2282/2282/2282 2283/2283/2283 2345/2345/2345
f 2345/2345/2345 2347/2347/2347 2282/2282/2282
f 2278/2278/2278 2279/2279/2279 2333/2333/2333
f 2333/2333/2333 2335/2335/2335 2278/2278/2278
f 2292/2292/2292 2293/2293/2293 2380/2380/2380
f 2380/2380/2380 2372/2372/2372 2292/2292/2292
f 2291/2291/2291 2292/2292/2292 2372/2372/2372
f 2372/2372/2372 2374/2374/2374 2291/2291/2291
f 2261/2261/2261 2130/2130/2130 2258/2258/2258
f 2258/2258/2258 2248/2248/2248 2251/2251/2251
f 2130/2130/2130 2248/2248/2248 2258/2258/2258
f 2293/2293/2293 2294/2294/2294 2378/2378/2378
f 2378/2378/2378 2380/2380/2380 2293/2293/2293
f 2290/2290/2290 2291/2291/2291 2369/2369/2369
f 2369/2369/2369 2371/2371/2371 2290/2290/2290
f 2420/2420/2420 2414/2414/2414 2413/2413/2413
f 2420/2420/2420 2413/2413/2413 2294/2294/2294
f 2420/2420/2420 2427/2427/2427 2421/2421/2421
f 2413/2413/2413 2406/2406/2406 2294/2294/2294
f 2400/2400/2400 2399/2399/2399 2406/2406/2406
f 2294/2294/2294 2406/2406/2406 2399/2399/2399
f 2407/2407/2407 2406/2406/2406 2413/2413/2413
f 2294/2294/2294 2399/2399/2399 2378/2378/2378
f 2420/2420/2420 2294/2294/2294 2427/2427/2427
f 2427/2427/2427 2294/2294/2294 2434/2434/2434
f 2273/2273/2273 2274/2274/2274 2318/2318/2318
f 2318/2318/2318 2320/2320/2320 2273/2273/2273
f 1832/1832/1832 1459/1459/1459 1458/1458/1458
f 1832/1832/1832 1460/1460/1460 1637/1637/1637
f 1637/1637/1637 1459/1459/1459 1832/1832/1832
f 1635/1635/1635 1463/1463/1463 1636/1636/1636
f 1636/1636/1636 1639/1639/1639 1635/1635/1635
f 1640/1640/1640 1465/1465/1465 1641/1641/1641
f 1641/1641/1641 1643/1643/1643 1640/1640/1640
f 1643/1643/1643 1641/1641/1641 1463/1463/1463
f 1463/1463/1463 1635/1635/1635 1643/1643/1643
f 1639/1639/1639 1636/1636/1636 1461/1461/1461
f 1461/1461/1461 1637/1637/1637 1639/1639/1639
f 2012/2012/2012 2057/2057/2057 2050/2050/2050
f 1644/1644/1644 1467/1467/1467 1645/1645/1645
f 1645/1645/1645 1647/1647/1647 1644/1644/1644
f 1651/1651/1651 1649/1649/1649 1467/1467/1467
f 1467/1467/1467 1644/1644/1644 1651/1651/1651
f 1647/1647/1647 1645/1645/1645 1465/1465/1465
f 1465/1465/1465 1640/1640/1640 1647/1647/1647
f 1655/1655/1655 1653/1653/1653 1469/1469/1469
f 1469/1469/1469 1648/1648/1648 1655/1655/1655
f 1659/1659/1659 1657/1657/1657 1471/1471/1471
f 1471/1471/1471 1652/1652/1652 1659/1659/1659
f 1652/1652/1652 1471/1471/1471 1653/1653/1653
f 1653/1653/1653 1655/1655/1655 1652/1652/1652
f 1663/1663/1663 1661/1661/1661 1473/1473/1473
f 1473/1473/1473 1656/1656/1656 1663/1663/1663
f 1667/1667/1667 1665/1665/1665 1475/1475/1475
f 1475/1475/1475 1660/1660/1660 1667/1667/1667
f 1660/1660/1660 1475/1475/1475 1661/1661/1661
f 1661/1661/1661 1663/1663/1663 1660/1660/1660
f 1656/1656/1656 1473/1473/1473 1657/1657/1657
f 1657/1657/1657 1659/1659/1659 1656/1656/1656
f 1671/1671/1671 1669/1669/1669 1477/1477/1477
f 1477/1477/1477 1664/1664/1664 1671/1671/1671
f 1675/1675/1675 1673/1673/1673 1479/1479/1479
f 1479/1479/1479 1668/1668/1668 1675/1675/1675
f 1668/1668/1668 1479/1479/1479 1669/1669/1669
f 1669/1669/1669 1671/1671/1671 1668/1668/1668
f 1679/1679/1679 1677/1677/1677 1481/1481/1481
f 1481/1481/1481 1672/1672/1672 1679/1679/1679
f 1683/1683/1683 1681/1681/1681 1483/1483/1483
f 1483/1483/1483 1676/1676/1676 1683/1683/1683
f 1676/1676/1676 1483/1483/1483 1677/1677/1677
f 1677/1677/1677 1679/1679/1679 1676/1676/1676
f 1672/1672/1672 1481/1481/1481 1673/1673/1673
f 1673/1673/1673 1675/1675/1675 1672/1672/1672
f 1664/1664/1664 1477/1477/1477 1665/1665/1665
f 1665/1665/1665 1667/1667/1667 1664/1664/1664
f 1648/1648/1648 1469/1469/1469 1649/1649/1649
f 1649/1649/1649 1651/1651/1651 1648/1648/1648
f 2073/2073/2073 2066/2066/2066 2018/2018/2018
f 2140/2140/2140 2087/2087/2087 2135/2135/2135
f 2101/2101/2101 2158/2158/2158 2160/2160/2160
f 2082/2082/2082 2074/2074/2074 2085/2085/2085
f 2167/2167/2167 2169/2169/2169 2104/2104/2104
f 2091/2091/2091 2999/2999/2999 1502/1502/1502
f 2162/2162/2162 1505/1505/1505 1504/1504/1504
f 1504/1504/1504 1505/1505/1505 2091/2091/2091
f 2176/2176/2176 2178/2178/2178 2107/2107/2107
f 2171/2171/2171 1507/1507/1507 1506/1506/1506
f 1508/1508/1508 1509/1509/1509 2171/2171/2171
f 1506/1506/1506 1507/1507/1507 2162/2162/2162
f 2065/2065/2065 2058/2058/2058 2015/2015/2015
f 2180/2180/2180 1509/1509/1509 1508/1508/1508
f 1461/1461/1461 1459/1459/1459 1637/1637/1637
f 1684/1684/1684 1487/1487/1487 1685/1685/1685
f 1685/1685/1685 1687/1687/1687 1684/1684/1684
f 1687/1687/1687 1685/1685/1685 1485/1485/1485
f 1485/1485/1485 1680/1680/1680 1687/1687/1687
f 1487/1487/1487 1684/1684/1684 1691/1691/1691
f 1691/1691/1691 1689/1689/1689 1487/1487/1487
f 1681/1681/1681 1683/1683/1683 1680/1680/1680
f 1680/1680/1680 1485/1485/1485 1681/1681/1681
f 1688/1688/1688 1489/1489/1489 1689/1689/1689
f 1689/1689/1689 1691/1691/1691 1688/1688/1688
f 1692/1692/1692 1491/1491/1491 1693/1693/1693
f 1693/1693/1693 1695/1695/1695 1692/1692/1692
f 1695/1695/1695 1693/1693/1693 1489/1489/1489
f 1489/1489/1489 1688/1688/1688 1695/1695/1695
f 1696/1696/1696 1493/1493/1493 1697/1697/1697
f 1697/1697/1697 1699/1699/1699 1696/1696/1696
f 1699/1699/1699 1697/1697/1697 1491/1491/1491
f 1491/1491/1491 1692/1692/1692 1699/1699/1699
f 1703/1703/1703 1701/1701/1701 1493/1493/1493
f 1493/1493/1493 1696/1696/1696 1703/1703/1703
f 1700/1700/1700 1495/1495/1495 1701/1701/1701
f 1701/1701/1701 1703/1703/1703 1700/1700/1700
f 1707/1707/1707 1705/1705/1705 1495/1495/1495
f 1495/1495/1495 1700/1700/1700 1707/1707/1707
f 1711/1711/1711 1709/1709/1709 1497/1497/1497
f 1497/1497/1497 1704/1704/1704 1711/1711/1711
f 1704/1704/1704 1497/1497/1497 1705/1705/1705
f 1705/1705/1705 1707/1707/1707 1704/1704/1704
f 1715/1715/1715 1713/1713/1713 1499/1499/1499
f 1499/1499/1499 1708/1708/1708 1715/1715/1715
f 3000/3000/3000 1501/1501/1501 1712/1712/1712
f 1712/1712/1712 1501/1501/1501 1713/1713/1713
f 1713/1713/1713 1715/1715/1715 1712/1712/1712
f 1708/1708/1708 1499/1499/1499 1709/1709/1709
f 1709/1709/1709 1711/1711/1711 1708/1708/1708
f 2999/2999/2999 1503/1503/1503 3000/3000/3000
f 3000/3000/3000 1503/1503/1503 1501/1501/1501
f 2091/2091/2091 1505/1505/1505 2999/2999/2999
f 1507/1507/1507 1505/1505/1505 2162/2162/2162
f 1505/1505/1505 1503/1503/1503 2999/2999/2999
f 1507/1507/1507 2171/2171/2171 1509/1509/1509
f 1509/1509/1509 2180/2180/2180 2997/2997/2997
f 2110/2110/2110 2185/2185/2185 2187/2187/2187
f 2113/2113/2113 2194/2194/2194 2196/2196/2196
f 2116/2116/2116 2203/2203/2203 2205/2205/2205
f 2119/2119/2119 2212/2212/2212 2214/2214/2214
f 2122/2122/2122 2221/2221/2221 2223/2223/2223
f 2125/2125/2125 2230/2230/2230 2232/2232/2232
f 2263/2263/2263 2239/2239/2239 2241/2241/2241
f 2248/2248/2248 2254/2254/2254 2245/2245/2245
f 2267/2267/2267 2302/2302/2302 2297/2297/2297
f 2252/2252/2252 2254/2254/2254 2265/2265/2265
f 2270/2270/2270 2311/2311/2311 2306/2306/2306
f 2273/2273/2273 2320/2320/2320 2315/2315/2315
f 2276/2276/2276 2329/2329/2329 2324/2324/2324
f 2279/2279/2279 2338/2338/2338 2333/2333/2333
f 2282/2282/2282 2347/2347/2347 2342/2342/2342
f 2285/2285/2285 2356/2356/2356 2351/2351/2351
f 2288/2288/2288 2365/2365/2365 2360/2360/2360
f 2291/2291/2291 2374/2374/2374 2369/2369/2369
f 2198/2198/2198 2996/2996/2996 1512/1512/1512
f 1511/1511/1511 2997/2997/2997 2998/2998/2998
f 2207/2207/2207 1515/1515/1515 1514/1514/1514
f 1514/1514/1514 1515/1515/1515 2198/2198/2198
f 2207/2207/2207 1516/1516/1516 2994/2994/2994
f 1510/1510/1510 2997/2997/2997 2180/2180/2180
f 1520/1520/1520 1521/1521/1521 2225/2225/2225
f 2225/2225/2225 2993/2993/2993 1518/1518/1518
f 1522/1522/1522 2991/2991/2991 2234/2234/2234
f 2256/2256/2256 2990/2990/2990 1524/1524/1524
f 2234/2234/2234 1521/1521/1521 1520/1520/1520
f 1526/1526/1526 1527/1527/1527 2256/2256/2256
f 2996/2996/2996 2198/2198/2198 1515/1515/1515
f 2994/2994/2994 1515/1515/1515 2207/2207/2207
f 1519/1519/1519 1517/1517/1517 2995/2995/2995
f 1517/1517/1517 2994/2994/2994 2995/2995/2995
f 1513/1513/1513 1511/1511/1511 2998/2998/2998
f 2998/2998/2998 2996/2996/2996 1513/1513/1513
f 2994/2994/2994 1517/1517/1517 1515/1515/1515
f 1515/1515/1515 1513/1513/1513 2996/2996/2996
f 1519/1519/1519 2995/2995/2995 2993/2993/2993
f 1521/1521/1521 1519/1519/1519 2993/2993/2993
f 1521/1521/1521 2993/2993/2993 2225/2225/2225
f 2992/2992/2992 1523/1523/1523 2991/2991/2991
f 2990/2990/2990 1525/1525/1525 2992/2992/2992
f 2991/2991/2991 1523/1523/1523 1521/1521/1521
f 2990/2990/2990 1527/1527/1527 1525/1525/1525
f 1525/1525/1525 1523/1523/1523 2992/2992/2992
f 1527/1527/1527 2990/2990/2990 2256/2256/2256
f 1521/1521/1521 2234/2234/2234 2991/2991/2991
f 1527/1527/1527 1526/1526/1526 2304/2304/2304
f 2997/2997/2997 1511/1511/1511 1509/1509/1509
f 2988/2988/2988 2304/2304/2304 1528/1528/1528
f 2987/2987/2987 1530/1530/1530 2322/2322/2322
f 1533/1533/1533 1532/1532/1532 2331/2331/2331
f 2985/2985/2985 2331/2331/2331 1534/1534/1534
f 1533/1533/1533 2322/2322/2322 1532/1532/1532
f 2399/2399/2399 2383/2383/2383 2378/2378/2378
f 1539/1539/1539 2349/2349/2349 1538/1538/1538
f 1541/1541/1541 2358/2358/2358 1540/1540/1540
f 1539/1539/1539 1538/1538/1538 2358/2358/2358
f 2984/2984/2984 1536/1536/1536 2349/2349/2349
f 1529/1529/1529 2988/2988/2988 2989/2989/2989
f 2987/2987/2987 2322/2322/2322 1533/1533/1533
f 1533/1533/1533 2331/2331/2331 2985/2985/2985
f 1531/1531/1531 2989/2989/2989 2987/2987/2987
f 2989/2989/2989 1531/1531/1531 1529/1529/1529
f 2985/2985/2985 1535/1535/1535 1533/1533/1533
f 1533/1533/1533 1531/1531/1531 2987/2987/2987
f 1535/1535/1535 2985/2985/2985 2986/2986/2986
f 2988/2988/2988 1529/1529/1529 1527/1527/1527
f 1542/1542/1542 1543/1543/1543 2367/2367/2367
f 2376/2376/2376 1543/1543/1543 1542/1542/1542
f 2986/2986/2986 2984/2984/2984 1537/1537/1537
f 1539/1539/1539 1537/1537/1537 2984/2984/2984
f 1539/1539/1539 2984/2984/2984 2349/2349/2349
f 1539/1539/1539 2358/2358/2358 1541/1541/1541
f 1541/1541/1541 2367/2367/2367 1543/1543/1543
f 1535/1535/1535 2986/2986/2986 1537/1537/1537
f 1541/1541/1541 1540/1540/1540 2367/2367/2367
f 1543/1543/1543 2376/2376/2376 1547/1547/1547
f 2304/2304/2304 2988/2988/2988 1527/1527/1527
f 2450/2450/2450 1544/1544/1544 2446/2446/2446
f 2296/2296/2296 2445/2445/2445 1545/1545/1545
f 2446/2446/2446 2295/2295/2295 2447/2447/2447
f 2443/2443/2443 2447/2447/2447 2295/2295/2295
f 2450/2450/2450 2449/2449/2449 1544/1544/1544
f 2446/2446/2446 2438/2438/2438 2450/2450/2450
f 2436/2436/2436 2443/2443/2443 2295/2295/2295
f 2294/2294/2294 1544/1544/1544 2449/2449/2449
f 2295/2295/2295 2451/2451/2451 2429/2429/2429
f 2451/2451/2451 2452/2452/2452 2474/2474/2474
f 2474/2474/2474 2387/2387/2387 2451/2451/2451
f 2451/2451/2451 2394/2394/2394 2401/2401/2401
f 2453/2453/2453 2454/2454/2454 2479/2479/2479
f 2479/2479/2479 2472/2472/2472 2453/2453/2453
f 2452/2452/2452 2453/2453/2453 2472/2472/2472
f 2472/2472/2472 2474/2474/2474 2452/2452/2452
f 2454/2454/2454 2455/2455/2455 2482/2482/2482
f 2482/2482/2482 2477/2477/2477 2454/2454/2454
f 2455/2455/2455 2456/2456/2456 2480/2480/2480
f 2480/2480/2480 2482/2482/2482 2455/2455/2455
f 2439/2439/2439 2443/2443/2443 2436/2436/2436
f 2442/2442/2442 2441/2441/2441 2449/2449/2449
f 2429/2429/2429 2432/2432/2432 2436/2436/2436
f 2427/2427/2427 2434/2434/2434 2428/2428/2428
f 2441/2441/2441 2435/2435/2435 2434/2434/2434
f 2436/2436/2436 2295/2295/2295 2429/2429/2429
f 2294/2294/2294 2441/2441/2441 2434/2434/2434
f 2429/2429/2429 2422/2422/2422 2425/2425/2425
f 2422/2422/2422 2415/2415/2415 2418/2418/2418
f 2429/2429/2429 2451/2451/2451 2422/2422/2422
f 2415/2415/2415 2408/2408/2408 2411/2411/2411
f 2408/2408/2408 2401/2401/2401 2404/2404/2404
f 2415/2415/2415 2451/2451/2451 2408/2408/2408
f 2422/2422/2422 2451/2451/2451 2415/2415/2415
f 2408/2408/2408 2451/2451/2451 2401/2401/2401
f 2456/2456/2456 2457/2457/2457 2487/2487/2487
f 2487/2487/2487 2480/2480/2480 2456/2456/2456
f 2294/2294/2294 2449/2449/2449 2441/2441/2441
f 2457/2457/2457 2458/2458/2458 2490/2490/2490
f 2490/2490/2490 2485/2485/2485 2457/2457/2457
f 2459/2459/2459 2460/2460/2460 2495/2495/2495
f 2495/2495/2495 2488/2488/2488 2459/2459/2459
f 2458/2458/2458 2459/2459/2459 2488/2488/2488
f 2488/2488/2488 2490/2490/2490 2458/2458/2458
f 2461/2461/2461 2462/2462/2462 2496/2496/2496
f 2496/2496/2496 2498/2498/2498 2461/2461/2461
f 2463/2463/2463 2464/2464/2464 2506/2506/2506
f 2506/2506/2506 2501/2501/2501 2463/2463/2463
f 2462/2462/2462 2463/2463/2463 2503/2503/2503
f 2503/2503/2503 2496/2496/2496 2462/2462/2462
f 2460/2460/2460 2461/2461/2461 2498/2498/2498
f 2498/2498/2498 2493/2493/2493 2460/2460/2460
f 2465/2465/2465 2466/2466/2466 2511/2511/2511
f 2511/2511/2511 2504/2504/2504 2465/2465/2465
f 2467/2467/2467 2468/2468/2468 2512/2512/2512
f 2512/2512/2512 2514/2514/2514 2467/2467/2467
f 2466/2466/2466 2467/2467/2467 2514/2514/2514
f 2514/2514/2514 2509/2509/2509 2466/2466/2466
f 2469/2469/2469 2470/2470/2470 2522/2522/2522
f 2522/2522/2522 2517/2517/2517 2469/2469/2469
f 2471/2471/2471 2528/2528/2528 2525/2525/2525
f 2525/2525/2525 2527/2527/2527 2471/2471/2471
f 2470/2470/2470 2471/2471/2471 2520/2520/2520
f 2520/2520/2520 2522/2522/2522 2470/2470/2470
f 2468/2468/2468 2469/2469/2469 2519/2519/2519
f 2519/2519/2519 2512/2512/2512 2468/2468/2468
f 2464/2464/2464 2465/2465/2465 2504/2504/2504
f 2504/2504/2504 2506/2506/2506 2464/2464/2464
f 2529/2529/2529 2530/2530/2530 2544/2544/2544
f 2544/2544/2544 2543/2543/2543 2529/2529/2529
f 2531/2531/2531 2532/2532/2532 2545/2545/2545
f 2545/2545/2545 2547/2547/2547 2531/2531/2531
f 2530/2530/2530 2531/2531/2531 2547/2547/2547
f 2547/2547/2547 2541/2541/2541 2530/2530/2530
f 2533/2533/2533 2534/2534/2534 2555/2555/2555
f 2555/2555/2555 2550/2550/2550 2533/2533/2533
f 2536/2536/2536 2560/2560/2560 2535/2535/2535
f 2534/2534/2534 2535/2535/2535 2553/2553/2553
f 2553/2553/2553 2555/2555/2555 2534/2534/2534
f 2532/2532/2532 2533/2533/2533 2552/2552/2552
f 2552/2552/2552 2545/2545/2545 2532/2532/2532
f 2537/2537/2537 2538/2538/2538 2573/2573/2573
f 2573/2573/2573 2576/2576/2576 2537/2537/2537
f 2580/2580/2580 2581/2581/2581 2614/2614/2614
f 2614/2614/2614 2570/2570/2570 2580/2580/2580
f 2580/2580/2580 2566/2566/2566 2538/2538/2538
f 2582/2582/2582 2583/2583/2583 2617/2617/2617
f 2617/2617/2617 2619/2619/2619 2582/2582/2582
f 2584/2584/2584 2585/2585/2585 2620/2620/2620
f 2620/2620/2620 2622/2622/2622 2584/2584/2584
f 2583/2583/2583 2584/2584/2584 2622/2622/2622
f 2622/2622/2622 2617/2617/2617 2583/2583/2583
f 2581/2581/2581 2582/2582/2582 2612/2612/2612
f 2612/2612/2612 2614/2614/2614 2581/2581/2581
f 2536/2536/2536 2537/2537/2537 2579/2579/2579
f 2579/2579/2579 2578/2578/2578 2536/2536/2536
f 2528/2528/2528 2529/2529/2529 2543/2543/2543
f 2543/2543/2543 2525/2525/2525 2528/2528/2528
f 2585/2585/2585 2586/2586/2586 2625/2625/2625
f 2625/2625/2625 2627/2627/2627 2585/2585/2585
f 2401/2401/2401 2394/2394/2394 2397/2397/2397
f 2394/2394/2394 2390/2390/2390 2393/2393/2393
f 2394/2394/2394 2451/2451/2451 2390/2390/2390
f 2390/2390/2390 2387/2387/2387 2389/2389/2389
f 2387/2387/2387 2390/2390/2390 2451/2451/2451
f 2479/2479/2479 2454/2454/2454 2477/2477/2477
f 2487/2487/2487 2457/2457/2457 2485/2485/2485
f 2495/2495/2495 2460/2460/2460 2493/2493/2493
f 2503/2503/2503 2463/2463/2463 2501/2501/2501
f 2469/2469/2469 2517/2517/2517 2519/2519/2519
f 2466/2466/2466 2509/2509/2509 2511/2511/2511
f 2543/2543/2543 2523/2523/2523 2524/2524/2524
f 2524/2524/2524 2525/2525/2525 2543/2543/2543
f 2544/2544/2544 2530/2530/2530 2541/2541/2541
f 2552/2552/2552 2533/2533/2533 2550/2550/2550
f 2576/2576/2576 2575/2575/2575 2537/2537/2537
f 2575/2575/2575 2568/2568/2568 2579/2579/2579
f 2573/2573/2573 2566/2566/2566 2569/2569/2569
f 2573/2573/2573 2538/2538/2538 2566/2566/2566
f 2560/2560/2560 2536/2536/2536 2578/2578/2578
f 2527/2527/2527 2520/2520/2520 2471/2471/2471
f 2560/2560/2560 2553/2553/2553 2535/2535/2535
f 2580/2580/2580 2572/2572/2572 2566/2566/2566
f 2572/2572/2572 2561/2561/2561 2566/2566/2566
f 2558/2558/2558 2560/2560/2560 2578/2578/2578
f 2619/2619/2619 2612/2612/2612 2582/2582/2582
f 2627/2627/2627 2620/2620/2620 2585/2585/2585
f 2580/2580/2580 2570/2570/2570 2572/2572/2572
f 2630/2630/2630 2625/2625/2625 2586/2586/2586
f 2586/2586/2586 2587/2587/2587 2630/2630/2630
f 2575/2575/2575 2579/2579/2579 2537/2537/2537
f 2587/2587/2587 2588/2588/2588 2628/2628/2628
f 2628/2628/2628 2630/2630/2630 2587/2587/2587
f 2589/2589/2589 2590/2590/2590 2638/2638/2638
f 2638/2638/2638 2633/2633/2633 2589/2589/2589
f 2588/2588/2588 2589/2589/2589 2633/2633/2633
f 2633/2633/2633 2635/2635/2635 2588/2588/2588
f 2591/2591/2591 2592/2592/2592 2641/2641/2641
f 2641/2641/2641 2643/2643/2643 2591/2591/2591
f 2593/2593/2593 2594/2594/2594 2644/2644/2644
f 2644/2644/2644 2646/2646/2646 2593/2593/2593
f 2592/2592/2592 2593/2593/2593 2646/2646/2646
f 2646/2646/2646 2641/2641/2641 2592/2592/2592
f 2590/2590/2590 2591/2591/2591 2636/2636/2636
f 2636/2636/2636 2638/2638/2638 2590/2590/2590
f 2595/2595/2595 2596/2596/2596 2654/2654/2654
f 2654/2654/2654 2649/2649/2649 2595/2595/2595
f 2597/2597/2597 2598/2598/2598 2657/2657/2657
f 2657/2657/2657 2659/2659/2659 2597/2597/2597
f 2596/2596/2596 2597/2597/2597 2652/2652/2652
f 2652/2652/2652 2654/2654/2654 2596/2596/2596
f 2599/2599/2599 2600/2600/2600 2660/2660/2660
f 2660/2660/2660 2662/2662/2662 2599/2599/2599
f 2600/2600/2600 2601/2601/2601 2665/2665/2665
f 2665/2665/2665 2667/2667/2667 2600/2600/2600
f 2667/2667/2667 2660/2660/2660 2600/2600/2600
f 2598/2598/2598 2599/2599/2599 2662/2662/2662
f 2662/2662/2662 2657/2657/2657 2598/2598/2598
f 2594/2594/2594 2595/2595/2595 2649/2649/2649
f 2649/2649/2649 2651/2651/2651 2594/2594/2594
f 2602/2602/2602 2603/2603/2603 2668/2668/2668
f 2668/2668/2668 2670/2670/2670 2602/2602/2602
f 2605/2605/2605 2606/2606/2606 2676/2676/2676
f 2676/2676/2676 2678/2678/2678 2605/2605/2605
f 2603/2603/2603 2604/2604/2604 2673/2673/2673
f 2673/2673/2673 2675/2675/2675 2603/2603/2603
f 2607/2607/2607 2608/2608/2608 2686/2686/2686
f 2686/2686/2686 2681/2681/2681 2607/2607/2607
f 2609/2609/2609 2610/2610/2610 2696/2696/2696
f 2696/2696/2696 2695/2695/2695 2609/2609/2609
f 2608/2608/2608 2609/2609/2609 2684/2684/2684
f 2684/2684/2684 2686/2686/2686 2608/2608/2608
f 2606/2606/2606 2607/2607/2607 2681/2681/2681
f 2681/2681/2681 2683/2683/2683 2606/2606/2606
f 2703/2703/2703 2611/2611/2611 2706/2706/2706
f 2706/2706/2706 2707/2707/2707 2738/2738/2738
f 2738/2738/2738 2740/2740/2740 2706/2706/2706
f 2697/2697/2697 2703/2703/2703 2706/2706/2706
f 2708/2708/2708 2709/2709/2709 2749/2749/2749
f 2749/2749/2749 2741/2741/2741 2708/2708/2708
f 2710/2710/2710 2711/2711/2711 2752/2752/2752
f 2752/2752/2752 2747/2747/2747 2710/2710/2710
f 2709/2709/2709 2710/2710/2710 2747/2747/2747
f 2747/2747/2747 2749/2749/2749 2709/2709/2709
f 2707/2707/2707 2708/2708/2708 2743/2743/2743
f 2743/2743/2743 2738/2738/2738 2707/2707/2707
f 2610/2610/2610 2611/2611/2611 2705/2705/2705
f 2705/2705/2705 2693/2693/2693 2610/2610/2610
f 2601/2601/2601 2602/2602/2602 2670/2670/2670
f 2670/2670/2670 2665/2665/2665 2601/2601/2601
f 2712/2712/2712 2713/2713/2713 2756/2756/2756
f 2756/2756/2756 2758/2758/2758 2712/2712/2712
f 2714/2714/2714 2715/2715/2715 2767/2767/2767
f 2767/2767/2767 2759/2759/2759 2714/2714/2714
f 2713/2713/2713 2714/2714/2714 2761/2761/2761
f 2761/2761/2761 2756/2756/2756 2713/2713/2713
f 2716/2716/2716 2717/2717/2717 2770/2770/2770
f 2770/2770/2770 2765/2765/2765 2716/2716/2716
f 2718/2718/2718 2719/2719/2719 2774/2774/2774
f 2774/2774/2774 2776/2776/2776 2718/2718/2718
f 2717/2717/2717 2718/2718/2718 2776/2776/2776
f 2776/2776/2776 2768/2768/2768 2717/2717/2717
f 2715/2715/2715 2716/2716/2716 2765/2765/2765
f 2765/2765/2765 2767/2767/2767 2715/2715/2715
f 2721/2721/2721 2722/2722/2722 2783/2783/2783
f 2783/2783/2783 2785/2785/2785 2721/2721/2721
f 2723/2723/2723 2724/2724/2724 2794/2794/2794
f 2794/2794/2794 2786/2786/2786 2723/2723/2723
f 2722/2722/2722 2723/2723/2723 2788/2788/2788
f 2788/2788/2788 2783/2783/2783 2722/2722/2722
f 2725/2725/2725 2726/2726/2726 2797/2797/2797
f 2797/2797/2797 2792/2792/2792 2725/2725/2725
f 2727/2727/2727 2728/2728/2728 2801/2801/2801
f 2801/2801/2801 2803/2803/2803 2727/2727/2727
f 2726/2726/2726 2727/2727/2727 2803/2803/2803
f 2803/2803/2803 2795/2795/2795 2726/2726/2726
f 2724/2724/2724 2725/2725/2725 2792/2792/2792
f 2792/2792/2792 2794/2794/2794 2724/2724/2724
f 2720/2720/2720 2721/2721/2721 2785/2785/2785
f 2785/2785/2785 2777/2777/2777 2720/2720/2720
f 2729/2729/2729 2730/2730/2730 2812/2812/2812
f 2812/2812/2812 2804/2804/2804 2729/2729/2729
f 2731/2731/2731 2732/2732/2732 2813/2813/2813
f 2813/2813/2813 2815/2815/2815 2731/2731/2731
f 2730/2730/2730 2731/2731/2731 2810/2810/2810
f 2810/2810/2810 2812/2812/2812 2730/2730/2730
f 2733/2733/2733 2734/2734/2734 2819/2819/2819
f 2819/2819/2819 2821/2821/2821 2733/2733/2733
f 2735/2735/2735 2736/2736/2736 2847/2847/2847
f 2847/2847/2847 2846/2846/2846 2735/2735/2735
f 2734/2734/2734 2735/2735/2735 2824/2824/2824
f 2824/2824/2824 2819/2819/2819 2734/2734/2734
f 2732/2732/2732 2733/2733/2733 2821/2821/2821
f 2821/2821/2821 2813/2813/2813 2732/2732/2732
f 2841/2841/2841 2737/2737/2737 2848/2848/2848
f 2848/2848/2848 2849/2849/2849 2835/2835/2835
f 2835/2835/2835 2837/2837/2837 2848/2848/2848
f 2837/2837/2837 2831/2831/2831 2848/2848/2848
f 2850/2850/2850 2851/2851/2851 2881/2881/2881
f 2881/2881/2881 2883/2883/2883 2850/2850/2850
f 2852/2852/2852 2853/2853/2853 2892/2892/2892
f 2892/2892/2892 2884/2884/2884 2852/2852/2852
f 2851/2851/2851 2852/2852/2852 2884/2884/2884
f 2884/2884/2884 2886/2886/2886 2851/2851/2851
f 2849/2849/2849 2850/2850/2850 2883/2883/2883
f 2883/2883/2883 2835/2835/2835 2849/2849/2849
f 2736/2736/2736 2737/2737/2737 2844/2844/2844
f 2844/2844/2844 2843/2843/2843 2736/2736/2736
f 2728/2728/2728 2729/2729/2729 2806/2806/2806
f 2806/2806/2806 2801/2801/2801 2728/2728/2728
f 2711/2711/2711 2712/2712/2712 2758/2758/2758
f 2758/2758/2758 2750/2750/2750 2711/2711/2711
f 2628/2628/2628 2588/2588/2588 2635/2635/2635
f 2696/2696/2696 2610/2610/2610 2693/2693/2693
f 2684/2684/2684 2609/2609/2609 2695/2695/2695
f 2719/2719/2719 2720/2720/2720 2779/2779/2779
f 2779/2779/2779 2774/2774/2774 2719/2719/2719
f 2846/2846/2846 2824/2824/2824 2735/2735/2735
f 2705/2705/2705 2611/2611/2611 2703/2703/2703
f 2604/2604/2604 2605/2605/2605 2678/2678/2678
f 2678/2678/2678 2673/2673/2673 2604/2604/2604
f 2844/2844/2844 2737/2737/2737 2841/2841/2841
f 2736/2736/2736 2843/2843/2843 2847/2847/2847
f 2854/2854/2854 2855/2855/2855 2893/2893/2893
f 2893/2893/2893 2895/2895/2895 2854/2854/2854
f 2841/2841/2841 2831/2831/2831 2834/2834/2834
f 2841/2841/2841 2848/2848/2848 2831/2831/2831
f 2855/2855/2855 2856/2856/2856 2901/2901/2901
f 2901/2901/2901 2893/2893/2893 2855/2855/2855
f 2847/2847/2847 2843/2843/2843 2833/2833/2833
f 2853/2853/2853 2854/2854/2854 2890/2890/2890
f 2890/2890/2890 2892/2892/2892 2853/2853/2853
f 2636/2636/2636 2591/2591/2591 2643/2643/2643
f 2652/2652/2652 2597/2597/2597 2659/2659/2659
f 2644/2644/2644 2594/2594/2594 2651/2651/2651
f 2857/2857/2857 2858/2858/2858 2902/2902/2902
f 2902/2902/2902 2904/2904/2904 2857/2857/2857
f 2859/2859/2859 2860/2860/2860 2908/2908/2908
f 2908/2908/2908 2910/2910/2910 2859/2859/2859
f 2858/2858/2858 2859/2859/2859 2910/2910/2910
f 2910/2910/2910 2902/2902/2902 2858/2858/2858
f 2861/2861/2861 2862/2862/2862 2919/2919/2919
f 2919/2919/2919 2911/2911/2911 2861/2861/2861
f 2863/2863/2863 2864/2864/2864 2920/2920/2920
f 2920/2920/2920 2922/2922/2922 2863/2863/2863
f 2862/2862/2862 2863/2863/2863 2917/2917/2917
f 2917/2917/2917 2919/2919/2919 2862/2862/2862
f 2860/2860/2860 2861/2861/2861 2911/2911/2911
f 2911/2911/2911 2913/2913/2913 2860/2860/2860
f 2865/2865/2865 2866/2866/2866 2926/2926/2926
f 2926/2926/2926 2928/2928/2928 2865/2865/2865
f 2867/2867/2867 2868/2868/2868 2937/2937/2937
f 2937/2937/2937 2929/2929/2929 2867/2867/2867
f 2866/2866/2866 2867/2867/2867 2929/2929/2929
f 2929/2929/2929 2931/2931/2931 2866/2866/2866
f 2869/2869/2869 2870/2870/2870 2938/2938/2938
f 2938/2938/2938 2940/2940/2940 2869/2869/2869
f 2871/2871/2871 2872/2872/2872 2944/2944/2944
f 2944/2944/2944 2946/2946/2946 2871/2871/2871
f 2870/2870/2870 2871/2871/2871 2946/2946/2946
f 2946/2946/2946 2938/2938/2938 2870/2870/2870
f 2868/2868/2868 2869/2869/2869 2935/2935/2935
f 2935/2935/2935 2937/2937/2937 2868/2868/2868
f 2864/2864/2864 2865/2865/2865 2928/2928/2928
f 2928/2928/2928 2920/2920/2920 2864/2864/2864
f 2873/2873/2873 2874/2874/2874 2954/2954/2954
f 2954/2954/2954 2947/2947/2947 2873/2873/2873
f 2875/2875/2875 2876/2876/2876 2955/2955/2955
f 2955/2955/2955 2957/2957/2957 2875/2875/2875
f 2874/2874/2874 2875/2875/2875 2952/2952/2952
f 2952/2952/2952 2954/2954/2954 2874/2874/2874
f 2876/2876/2876 2877/2877/2877 2959/2959/2959
f 2959/2959/2959 2955/2955/2955 2876/2876/2876
f 2878/2878/2878 2961/2961/2961 2877/2877/2877
f 2965/2965/2965 2962/2962/2962 2878/2878/2878
f 2961/2961/2961 2878/2878/2878 2962/2962/2962
f 2961/2961/2961 2959/2959/2959 2877/2877/2877
f 2872/2872/2872 2873/2873/2873 2947/2947/2947
f 2947/2947/2947 2949/2949/2949 2872/2872/2872
f 2879/2879/2879 2966/2966/2966 2965/2965/2965
f 2878/2878/2878 2879/2879/2879 2965/2965/2965
f 2879/2879/2879 2880/2880/2880 2963/2963/2963
f 2963/2963/2963 2966/2966/2966 2879/2879/2879
f 2880/2880/2880 1632/1632/1632 2967/2967/2967
f 2967/2967/2967 2969/2969/2969 2880/2880/2880
f 2880/2880/2880 2969/2969/2969 2963/2963/2963
f 2962/2962/2962 2965/2965/2965 1857/1857/1857
f 2856/2856/2856 2857/2857/2857 2899/2899/2899
f 2899/2899/2899 2901/2901/2901 2856/2856/2856
f 2385/2385/2385 1547/1547/1547 1546/1546/1546
f 2385/2385/2385 1548/1548/1548 1718/1718/1718
f 1718/1718/1718 1547/1547/1547 2385/2385/2385
f 1716/1716/1716 1551/1551/1551 1717/1717/1717
f 1717/1717/1717 1720/1720/1720 1716/1716/1716
f 1721/1721/1721 1553/1553/1553 1722/1722/1722
f 1722/1722/1722 1724/1724/1724 1721/1721/1721
f 1724/1724/1724 1722/1722/1722 1551/1551/1551
f 1551/1551/1551 1716/1716/1716 1724/1724/1724
f 1720/1720/1720 1717/1717/1717 1549/1549/1549
f 1549/1549/1549 1718/1718/1718 1720/1720/1720
f 1725/1725/1725 1555/1555/1555 1726/1726/1726
f 1726/1726/1726 1728/1728/1728 1725/1725/1725
f 1732/1732/1732 1730/1730/1730 1555/1555/1555
f 1555/1555/1555 1725/1725/1725 1732/1732/1732
f 1728/1728/1728 1726/1726/1726 1553/1553/1553
f 1553/1553/1553 1721/1721/1721 1728/1728/1728
f 1736/1736/1736 1734/1734/1734 1557/1557/1557
f 1557/1557/1557 1729/1729/1729 1736/1736/1736
f 1740/1740/1740 1738/1738/1738 1559/1559/1559
f 1559/1559/1559 1733/1733/1733 1740/1740/1740
f 1733/1733/1733 1559/1559/1559 1734/1734/1734
f 1734/1734/1734 1736/1736/1736 1733/1733/1733
f 1744/1744/1744 1742/1742/1742 1561/1561/1561
f 1561/1561/1561 1737/1737/1737 1744/1744/1744
f 1748/1748/1748 1746/1746/1746 1563/1563/1563
f 1563/1563/1563 1741/1741/1741 1748/1748/1748
f 1741/1741/1741 1563/1563/1563 1742/1742/1742
f 1742/1742/1742 1744/1744/1744 1741/1741/1741
f 1737/1737/1737 1561/1561/1561 1738/1738/1738
f 1738/1738/1738 1740/1740/1740 1737/1737/1737
f 1752/1752/1752 1750/1750/1750 1565/1565/1565
f 1565/1565/1565 1745/1745/1745 1752/1752/1752
f 1756/1756/1756 1754/1754/1754 1567/1567/1567
f 1567/1567/1567 1749/1749/1749 1756/1756/1756
f 1749/1749/1749 1567/1567/1567 1750/1750/1750
f 1750/1750/1750 1752/1752/1752 1749/1749/1749
f 1760/1760/1760 1758/1758/1758 1569/1569/1569
f 1569/1569/1569 1753/1753/1753 1760/1760/1760
f 1764/1764/1764 1762/1762/1762 1571/1571/1571
f 1571/1571/1571 1757/1757/1757 1764/1764/1764
f 1757/1757/1757 1571/1571/1571 1758/1758/1758
f 1758/1758/1758 1760/1760/1760 1757/1757/1757
f 1753/1753/1753 1569/1569/1569 1754/1754/1754
f 1754/1754/1754 1756/1756/1756 1753/1753/1753
f 1745/1745/1745 1565/1565/1565 1746/1746/1746
f 1746/1746/1746 1748/1748/1748 1745/1745/1745
f 1729/1729/1729 1557/1557/1557 1730/1730/1730
f 1730/1730/1730 1732/1732/1732 1729/1729/1729
f 2603/2603/2603 2675/2675/2675 2668/2668/2668
f 2606/2606/2606 2683/2683/2683 2676/2676/2676
f 2695/2695/2695 2692/2692/2692 2684/2684/2684
f 2703/2703/2703 2697/2697/2697 2699/2699/2699
f 2708/2708/2708 2741/2741/2741 2743/2743/2743
f 2740/2740/2740 2697/2697/2697 2706/2706/2706
f 2711/2711/2711 2750/2750/2750 2752/2752/2752
f 1592/1592/1592 1593/1593/1593 2701/2701/2701
f 2701/2701/2701 2982/2982/2982 1590/1590/1590
f 2714/2714/2714 2759/2759/2759 2761/2761/2761
f 1594/1594/1594 1595/1595/1595 2745/2745/2745
f 2763/2763/2763 1597/1597/1597 1596/1596/1596
f 2754/2754/2754 1595/1595/1595 1594/1594/1594
f 2745/2745/2745 1593/1593/1593 1592/1592/1592
f 1596/1596/1596 1597/1597/1597 2754/2754/2754
f 1549/1549/1549 1547/1547/1547 1718/1718/1718
f 1765/1765/1765 1575/1575/1575 1766/1766/1766
f 1766/1766/1766 1768/1768/1768 1765/1765/1765
f 1768/1768/1768 1766/1766/1766 1573/1573/1573
f 1573/1573/1573 1761/1761/1761 1768/1768/1768
f 1575/1575/1575 1765/1765/1765 1772/1772/1772
f 1772/1772/1772 1770/1770/1770 1575/1575/1575
f 1762/1762/1762 1764/1764/1764 1761/1761/1761
f 1761/1761/1761 1573/1573/1573 1762/1762/1762
f 1769/1769/1769 1577/1577/1577 1770/1770/1770
f 1770/1770/1770 1772/1772/1772 1769/1769/1769
f 1773/1773/1773 1579/1579/1579 1774/1774/1774
f 1774/1774/1774 1776/1776/1776 1773/1773/1773
f 1776/1776/1776 1774/1774/1774 1577/1577/1577
f 1577/1577/1577 1769/1769/1769 1776/1776/1776
f 1777/1777/1777 1581/1581/1581 1778/1778/1778
f 1778/1778/1778 1780/1780/1780 1777/1777/1777
f 1780/1780/1780 1778/1778/1778 1579/1579/1579
f 1579/1579/1579 1773/1773/1773 1780/1780/1780
f 1784/1784/1784 1782/1782/1782 1581/1581/1581
f 1581/1581/1581 1777/1777/1777 1784/1784/1784
f 1781/1781/1781 1583/1583/1583 1782/1782/1782
f 1782/1782/1782 1784/1784/1784 1781/1781/1781
f 1788/1788/1788 1786/1786/1786 1583/1583/1583
f 1583/1583/1583 1781/1781/1781 1788/1788/1788
f 1792/1792/1792 1790/1790/1790 1585/1585/1585
f 1585/1585/1585 1785/1785/1785 1792/1792/1792
f 1785/1785/1785 1585/1585/1585 1786/1786/1786
f 1786/1786/1786 1788/1788/1788 1785/1785/1785
f 1796/1796/1796 1794/1794/1794 1587/1587/1587
f 1587/1587/1587 1789/1789/1789 1796/1796/1796
f 2983/2983/2983 1589/1589/1589 1793/1793/1793
f 1793/1793/1793 1589/1589/1589 1794/1794/1794
f 1794/1794/1794 1796/1796/1796 1793/1793/1793
f 1789/1789/1789 1587/1587/1587 1790/1790/1790
f 1790/1790/1790 1792/1792/1792 1789/1789/1789
f 2982/2982/2982 1591/1591/1591 2983/2983/2983
f 2983/2983/2983 1591/1591/1591 1589/1589/1589
f 2701/2701/2701 1593/1593/1593 2982/2982/2982
f 1595/1595/1595 1593/1593/1593 2745/2745/2745
f 1593/1593/1593 1591/1591/1591 2982/2982/2982
f 1595/1595/1595 2754/2754/2754 1597/1597/1597
f 1546/1546/1546 1547/1547/1547 2376/2376/2376
f 2768/2768/2768 2770/2770/2770 2717/2717/2717
f 2777/2777/2777 2779/2779/2779 2720/2720/2720
f 2786/2786/2786 2788/2788/2788 2723/2723/2723
f 2795/2795/2795 2797/2797/2797 2726/2726/2726
f 2804/2804/2804 2806/2806/2806 2729/2729/2729
f 2731/2731/2731 2815/2815/2815 2810/2810/2810
f 2822/2822/2822 2824/2824/2824 2846/2846/2846
f 2837/2837/2837 2828/2828/2828 2831/2831/2831
f 2895/2895/2895 2890/2890/2890 2854/2854/2854
f 2913/2913/2913 2908/2908/2908 2860/2860/2860
f 2904/2904/2904 2899/2899/2899 2857/2857/2857
f 2931/2931/2931 2926/2926/2926 2866/2866/2866
f 2875/2875/2875 2957/2957/2957 2952/2952/2952
f 2949/2949/2949 2944/2944/2944 2872/2872/2872
f 2940/2940/2940 2935/2935/2935 2869/2869/2869
f 2922/2922/2922 2917/2917/2917 2863/2863/2863
f 2886/2886/2886 2881/2881/2881 2851/2851/2851
f 1599/1599/1599 2763/2763/2763 1598/1598/1598
f 1601/1601/1601 2772/2772/2772 1600/1600/1600
f 1599/1599/1599 1598/1598/1598 2772/2772/2772
f 1603/1603/1603 2781/2781/2781 1602/1602/1602
f 2980/2980/2980 2790/2790/2790 1604/1604/1604
f 1603/1603/1603 1602/1602/1602 2790/2790/2790
f 1601/1601/1601 1600/1600/1600 2781/2781/2781
f 2979/2979/2979 1606/1606/1606 2808/2808/2808
f 1609/1609/1609 1608/1608/1608 2817/2817/2817
f 1609/1609/1609 2808/2808/2808 1608/1608/1608
f 1615/1615/1615 2839/2839/2839 1614/1614/1614
f 2976/2976/2976 1612/1612/1612 2839/2839/2839
f 2977/2977/2977 2817/2817/2817 1610/1610/1610
f 1601/1601/1601 1599/1599/1599 2772/2772/2772
f 1603/1603/1603 2790/2790/2790 2980/2980/2980
f 2981/2981/2981 1605/1605/1605 2980/2980/2980
f 2979/2979/2979 1607/1607/1607 2981/2981/2981
f 1603/1603/1603 1601/1601/1601 2781/2781/2781
f 2981/2981/2981 1607/1607/1607 1605/1605/1605
f 1605/1605/1605 1603/1603/1603 2980/2980/2980
f 1607/1607/1607 2979/2979/2979 1609/1609/1609
f 1611/1611/1611 2977/2977/2977 2978/2978/2978
f 2976/2976/2976 2839/2839/2839 1615/1615/1615
f 1609/1609/1609 2817/2817/2817 2977/2977/2977
f 1613/1613/1613 2978/2978/2978 2976/2976/2976
f 2977/2977/2977 1611/1611/1611 1609/1609/1609
f 2976/2976/2976 1615/1615/1615 1613/1613/1613
f 1613/1613/1613 1611/1611/1611 2978/2978/2978
f 1615/1615/1615 2888/2888/2888 2974/2974/2974
f 2808/2808/2808 1609/1609/1609 2979/2979/2979
f 2888/2888/2888 1615/1615/1615 1614/1614/1614
f 1597/1597/1597 2763/2763/2763 1599/1599/1599
f 1621/1621/1621 2906/2906/2906 1620/1620/1620
f 2973/2973/2973 1618/1618/1618 2906/2906/2906
f 2971/2971/2971 2915/2915/2915 1622/1622/1622
f 2970/2970/2970 1624/1624/1624 2933/2933/2933
f 1621/1621/1621 1620/1620/1620 2915/2915/2915
f 2961/2961/2961 1849/1849/1849 2959/2959/2959
f 1629/1629/1629 2942/2942/2942 1628/1628/1628
f 1631/1631/1631 2950/2950/2950 1630/1630/1630
f 1629/1629/1629 1628/1628/1628 2950/2950/2950
f 1627/1627/1627 1626/1626/1626 2942/2942/2942
f 1627/1627/1627 2933/2933/2933 1626/1626/1626
f 1617/1617/1617 2974/2974/2974 2975/2975/2975
f 2973/2973/2973 2906/2906/2906 1621/1621/1621
f 1621/1621/1621 2915/2915/2915 2971/2971/2971
f 1619/1619/1619 2975/2975/2975 2973/2973/2973
f 2975/2975/2975 1619/1619/1619 1617/1617/1617
f 2971/2971/2971 1623/1623/1623 1621/1621/1621
f 1621/1621/1621 1619/1619/1619 2973/2973/2973
f 1623/1623/1623 2971/2971/2971 2972/2972/2972
f 1615/1615/1615 2974/2974/2974 1617/1617/1617
f 1625/1625/1625 2972/2972/2972 2970/2970/2970
f 2942/2942/2942 1629/1629/1629 1627/1627/1627
f 1633/1633/1633 1634/1634/1634 1840/1840/1840
f 2970/2970/2970 1627/1627/1627 1625/1625/1625
f 1631/1631/1631 1629/1629/1629 2950/2950/2950
f 1634/1634/1634 1631/1631/1631 1630/1630/1630
f 1630/1630/1630 1840/1840/1840 1634/1634/1634
f 1627/1627/1627 2970/2970/2970 2933/2933/2933
f 1623/1623/1623 2972/2972/2972 1625/1625/1625
f 2888/2888/2888 1616/1616/1616 2974/2974/2974

