# https://github.com/mikedh/trimesh
mtllib left_gripper_flange_link.mtl
usemtl metal_black
v -0.00315000 0.02684700 0.01550000
v -0.00315000 0.01837700 0.01776900
v -0.00315000 0.02147700 0.01240000
v -0.00315000 0.02457700 0.00703100
v -0.00315000 0.02767700 0.00166100
v -0.00315000 0.00680800 0.02540800
v -0.00315000 0.01920800 0.00393100
v -0.00315000 0.02230800 -0.00143900
v -0.00315000 0.02540800 -0.00680800
v -0.00315000 -0.00166100 0.02767700
v -0.00315000 0.00143900 0.02230800
v -0.00315000 0.02003900 -0.00990800
v -0.00315000 0.02313900 -0.01527700
v -0.00315000 -0.00703100 0.02457700
v -0.00315000 0.01776900 -0.01837700
v -0.00315000 -0.01776900 0.01837700
v -0.00315000 0.00703100 -0.02457700
v -0.00315000 -0.02313900 0.01527700
v -0.00315000 -0.02003900 0.00990800
v -0.00315000 -0.00143900 -0.02230800
v -0.00315000 0.00166100 -0.02767700
v -0.00315000 -0.02540800 0.00680800
v -0.00315000 -0.02230800 0.00143900
v -0.00315000 -0.00990800 -0.02003900
v -0.00315000 -0.00680800 -0.02540800
v -0.00315000 -0.02767700 -0.00166100
v -0.00315000 -0.02457700 -0.00703100
v -0.00315000 -0.02147700 -0.01240000
v -0.00315000 -0.01837700 -0.01776900
v -0.00315000 -0.01406900 -0.02226800
v -0.00315000 -0.01434800 -0.02130200
v -0.00315000 -0.01414700 -0.02031700
v -0.00315000 -0.01351200 -0.01953900
v -0.00315000 -0.01258700 -0.01914500
v -0.00315000 -0.01158500 -0.01922600
v -0.00315000 -0.01073500 -0.01976300
v -0.00315000 -0.01023300 -0.02063300
v -0.00315000 -0.01019200 -0.02163800
v -0.00315000 -0.01062300 -0.02254600
v -0.00315000 -0.01142700 -0.02315000
v -0.00315000 -0.01241900 -0.02331100
v -0.00315000 -0.01337200 -0.02299300
v -0.00315000 -0.01682700 -0.02045400
v -0.00315000 -0.01569300 -0.01621900
v -0.00315000 -0.01414300 -0.01890400
v -0.00315000 -0.01605200 -0.02179600
v -0.00315000 -0.01548500 -0.01967900
v -0.00315000 -0.01471000 -0.02102100
v -0.00315000 -0.01372700 -0.02582300
v -0.00315000 -0.00949300 -0.02695800
v -0.00315000 -0.00835800 -0.02272300
v -0.00315000 -0.01104300 -0.02427300
v -0.00315000 -0.01280000 -0.01812900
v -0.00315000 -0.00970000 -0.02349800
v -0.00315000 -0.00913300 -0.02138100
v -0.00315000 -0.00412300 -0.02385800
v -0.00315000 -0.00567300 -0.02117300
v -0.00315000 -0.01450200 -0.02448100
v -0.00315000 -0.01238500 -0.02504800
v -0.00315000 -0.01316000 -0.02370600
v -0.00315000 -0.02631900 -0.00105000
v -0.00315000 -0.02659800 -0.00008500
v -0.00315000 -0.02639700 0.00090000
v -0.00315000 -0.02576200 0.00167900
v -0.00315000 -0.02483700 0.00207300
v -0.00315000 -0.02383500 0.00199200
v -0.00315000 -0.02298500 0.00145500
v -0.00315000 -0.02248300 0.00058400
v -0.00315000 -0.02244200 -0.00042000
v -0.00315000 -0.02287300 -0.00132800
v -0.00315000 -0.02367700 -0.00193200
v -0.00315000 -0.02466900 -0.00209300
v -0.00315000 -0.02562200 -0.00177500
v -0.00315000 -0.02612700 -0.00434600
v -0.00315000 -0.02189300 -0.00548100
v -0.00315000 -0.02344300 -0.00279600
v -0.00315000 -0.02690200 -0.00300400
v -0.00315000 -0.02478500 -0.00357100
v -0.00315000 -0.02556000 -0.00222900
v -0.00315000 -0.02922700 0.00102300
v -0.00315000 -0.02385800 0.00412300
v -0.00315000 -0.02809300 0.00525800
v -0.00315000 -0.02654300 0.00257300
v -0.00315000 -0.02726200 -0.00858100
v -0.00315000 -0.02881200 -0.00589600
v -0.00315000 -0.02845200 -0.00031900
v -0.00315000 -0.02788500 0.00179800
v -0.00315000 -0.02711000 0.00045600
v -0.00315000 -0.02308300 0.00278100
v -0.00315000 -0.02520000 0.00334800
v -0.00315000 -0.02272300 0.00835800
v -0.00315000 -0.02117300 0.00567300
v -0.00315000 -0.02210000 -0.00202100
v -0.00315000 -0.01406900 0.02016800
v -0.00315000 -0.01434800 0.02113300
v -0.00315000 -0.01414700 0.02211800
v -0.00315000 -0.01351200 0.02289600
v -0.00315000 -0.01258700 0.02329000
v -0.00315000 -0.01158500 0.02321000
v -0.00315000 -0.01073500 0.02267200
v -0.00315000 -0.01023300 0.02180200
v -0.00315000 -0.01019200 0.02079800
v -0.00315000 -0.01062300 0.01988900
v -0.00315000 -0.01142700 0.01928600
v -0.00315000 -0.01241900 0.01912400
v -0.00315000 -0.01337200 0.01944300
v -0.00315000 -0.01621900 0.01569300
v -0.00315000 -0.01508500 0.01992700
v -0.00315000 -0.01353500 0.01724300
v -0.00315000 -0.01431000 0.01858500
v -0.00315000 -0.00548100 0.02189300
v -0.00315000 -0.00971500 0.02302700
v -0.00315000 -0.00816500 0.02034300
v -0.00315000 -0.01663500 0.02261200
v -0.00315000 -0.01586000 0.02127000
v -0.00315000 -0.01529200 0.02338700
v -0.00315000 -0.00858100 0.02726200
v -0.00315000 -0.01126500 0.02571200
v -0.00315000 -0.01049000 0.02437000
v -0.00315000 -0.01260800 0.02493700
v -0.00315000 -0.01183300 0.02359500
v -0.00315000 -0.00894000 0.02168500
v -0.00315000 0.01043100 0.02016800
v -0.00315000 0.01015200 0.02113300
v -0.00315000 0.01035300 0.02211800
v -0.00315000 0.01098800 0.02289600
v -0.00315000 0.01191300 0.02329000
v -0.00315000 0.01291500 0.02321000
v -0.00315000 0.01376500 0.02267200
v -0.00315000 0.01426700 0.02180200
v -0.00315000 0.01430800 0.02079800
v -0.00315000 0.01387700 0.01988900
v -0.00315000 0.01307300 0.01928600
v -0.00315000 0.01208100 0.01912400
v -0.00315000 0.01112800 0.01944300
v -0.00315000 0.01569300 0.01621900
v -0.00315000 0.01682700 0.02045400
v -0.00315000 0.01414300 0.01890400
v -0.00315000 0.01280000 0.01812900
v -0.00315000 0.00835800 0.02272300
v -0.00315000 0.01372700 0.02582300
v -0.00315000 0.00949300 0.02695800
v -0.00315000 0.01104300 0.02427300
v -0.00315000 0.00970000 0.02349800
v -0.00315000 0.00412300 0.02385800
v -0.00315000 0.00567300 0.02117300
v -0.00315000 0.01450200 0.02448100
v -0.00315000 0.01238500 0.02504800
v -0.00315000 0.01316000 0.02370600
v -0.00315000 0.01548500 0.01967900
v -0.00315000 0.01605200 0.02179600
v -0.00315000 0.01471000 0.02102100
v -0.00315000 0.02268100 -0.00105000
v -0.00315000 0.02240200 -0.00008500
v -0.00315000 0.02260300 0.00090000
v -0.00315000 0.02323800 0.00167900
v -0.00315000 0.02416300 0.00207300
v -0.00315000 0.02516500 0.00199200
v -0.00315000 0.02601500 0.00145500
v -0.00315000 0.02651700 0.00058400
v -0.00315000 0.02655800 -0.00042000
v -0.00315000 0.02612700 -0.00132800
v -0.00315000 0.02532300 -0.00193200
v -0.00315000 0.02433100 -0.00209300
v -0.00315000 0.02337800 -0.00177500
v -0.00315000 0.02075800 0.00124600
v -0.00315000 0.02612700 0.00434600
v -0.00315000 0.02189300 0.00548100
v -0.00315000 0.02344300 0.00279600
v -0.00315000 0.02210000 0.00202100
v -0.00315000 0.01962300 -0.00298900
v -0.00315000 0.02385800 -0.00412300
v -0.00315000 0.02809300 -0.00525800
v -0.00315000 0.02922700 -0.00102300
v -0.00315000 0.02654300 -0.00257300
v -0.00315000 0.02690200 0.00300400
v -0.00315000 0.02478500 0.00357100
v -0.00315000 0.02556000 0.00222900
v -0.00315000 0.02726200 0.00858100
v -0.00315000 0.02881200 0.00589600
v -0.00315000 0.02788500 -0.00179800
v -0.00315000 0.02845200 0.00031900
v -0.00315000 0.02711000 -0.00045600
v -0.00315000 0.02308300 -0.00278100
v -0.00315000 0.02520000 -0.00334800
v -0.00315000 0.02272300 -0.00835800
v -0.00315000 0.02117300 -0.00567300
v -0.00315000 0.01043100 -0.02226800
v -0.00315000 0.01015200 -0.02130200
v -0.00315000 0.01035300 -0.02031700
v -0.00315000 0.01098800 -0.01953900
v -0.00315000 0.01191300 -0.01914500
v -0.00315000 0.01291500 -0.01922600
v -0.00315000 0.01376500 -0.01976300
v -0.00315000 0.01426700 -0.02063300
v -0.00315000 0.01430800 -0.02163800
v -0.00315000 0.01387700 -0.02254600
v -0.00315000 0.01307300 -0.02315000
v -0.00315000 0.01208100 -0.02331100
v -0.00315000 0.01112800 -0.02299300
v -0.00315000 0.00548100 -0.02189300
v -0.00315000 0.00971500 -0.02302700
v -0.00315000 0.00816500 -0.02034300
v -0.00315000 0.00894000 -0.02168500
v -0.00315000 0.00858100 -0.02726200
v -0.00315000 0.01126500 -0.02571200
v -0.00315000 0.01508500 -0.01992700
v -0.00315000 0.01621900 -0.01569300
v -0.00315000 0.01353500 -0.01724300
v -0.00315000 0.01431000 -0.01858500
v -0.00315000 0.01663500 -0.02261200
v -0.00315000 0.01529200 -0.02338700
v -0.00315000 0.01586000 -0.02127000
v -0.00315000 0.01451700 -0.02204500
v -0.00315000 0.01049000 -0.02437000
v -0.00315000 0.01260800 -0.02493700
v -0.00315000 0.02564400 0.01741800
v -0.00315000 0.02430400 0.01924400
v -0.00315000 0.02283400 0.02096600
v -0.00315000 0.02124300 0.02257700
v -0.00315000 0.01953800 0.02406800
v -0.00315000 0.01772900 0.02543000
v -0.00315000 0.01582600 0.02665600
v -0.00315000 0.01383800 0.02774000
v -0.00315000 0.01177600 0.02867600
v -0.00315000 0.00965100 0.02945900
v -0.00315000 0.00747500 0.03008500
v -0.00315000 0.00525900 0.03055100
v -0.00315000 0.00301500 0.03085300
v -0.00315000 0.00075500 0.03099100
v -0.00315000 -0.00150900 0.03096300
v -0.00315000 -0.00376500 0.03077000
v -0.00315000 -0.00600200 0.03041400
v -0.00315000 -0.00820600 0.02989400
v -0.00315000 -0.01036600 0.02921600
v -0.00315000 -0.01247100 0.02838100
v -0.00315000 -0.01450900 0.02739500
v -0.00315000 -0.01647000 0.02626300
v -0.00315000 -0.01834300 0.02499000
v -0.00315000 -0.02011900 0.02358500
v -0.00315000 -0.02178600 0.02205300
v -0.00315000 -0.02333800 0.02040400
v -0.00315000 -0.02476500 0.01864600
v -0.00315000 -0.02606000 0.01678900
v -0.00315000 -0.02721600 0.01484200
v -0.00315000 -0.02822700 0.01281500
v -0.00315000 -0.02908700 0.01072100
v -0.00315000 -0.02979200 0.00856900
v -0.00315000 -0.03033800 0.00637100
v -0.00315000 -0.03072200 0.00414000
v -0.00315000 -0.03094300 0.00188600
v -0.00315000 -0.03099800 -0.00037700
v -0.00315000 -0.03088700 -0.00263900
v -0.00315000 -0.03061200 -0.00488700
v -0.00315000 -0.03017400 -0.00710800
v -0.00315000 -0.02957500 -0.00929200
v -0.00315000 -0.02881800 -0.01142600
v -0.00315000 -0.02790700 -0.01349900
v -0.00315000 -0.02684700 -0.01550000
v -0.00315000 -0.02564400 -0.01741800
v -0.00315000 -0.02430400 -0.01924400
v -0.00315000 -0.02283400 -0.02096600
v -0.00315000 -0.02124300 -0.02257700
v -0.00315000 -0.01953800 -0.02406800
v -0.00315000 -0.01772900 -0.02543000
v -0.00315000 -0.01582600 -0.02665600
v -0.00315000 -0.01383800 -0.02774000
v -0.00315000 -0.01177600 -0.02867600
v -0.00315000 -0.00965100 -0.02945900
v -0.00315000 -0.00747500 -0.03008500
v -0.00315000 -0.00525900 -0.03055100
v -0.00315000 -0.00301500 -0.03085300
v -0.00315000 -0.00075500 -0.03099100
v -0.00315000 0.00150900 -0.03096300
v -0.00315000 0.00376500 -0.03077000
v -0.00315000 0.00600200 -0.03041400
v -0.00315000 0.00820600 -0.02989400
v -0.00315000 0.01036600 -0.02921600
v -0.00315000 0.01247100 -0.02838100
v -0.00315000 0.01450900 -0.02739500
v -0.00315000 0.01647000 -0.02626300
v -0.00315000 0.01834300 -0.02499000
v -0.00315000 0.02011900 -0.02358500
v -0.00315000 0.02178600 -0.02205300
v -0.00315000 0.02333800 -0.02040400
v -0.00315000 0.02476500 -0.01864600
v -0.00315000 0.02606000 -0.01678900
v -0.00315000 0.02721600 -0.01484200
v -0.00315000 0.02822700 -0.01281500
v -0.00315000 0.02908700 -0.01072100
v -0.00315000 0.02979200 -0.00856900
v -0.00315000 0.03033800 -0.00637100
v -0.00315000 0.03072200 -0.00414000
v -0.00315000 0.03094300 -0.00188600
v -0.00315000 0.03099800 0.00037700
v -0.00315000 0.03088700 0.00263900
v -0.00315000 0.03061200 0.00488700
v -0.00315000 0.03017400 0.00710800
v -0.00315000 0.02957500 0.00929200
v -0.00315000 0.02881800 0.01142600
v -0.00315000 0.02790700 0.01349900
v -0.00315000 0.01383500 -0.00125000
v -0.00315000 0.01350200 -0.00010100
v -0.00315000 0.01374100 0.00107200
v -0.00315000 0.01449800 0.00199900
v -0.00315000 0.01559900 0.00246800
v -0.00315000 0.01679200 0.00237100
v -0.00315000 0.01780300 0.00173200
v -0.00315000 0.01840100 0.00069600
v -0.00315000 0.01844900 -0.00050000
v -0.00315000 0.01793700 -0.00158100
v -0.00315000 0.01698000 -0.00230000
v -0.00315000 0.01579900 -0.00249200
v -0.00315000 0.01466400 -0.00211300
v -0.00315000 0.01854700 0.01915100
v -0.00315000 0.01832700 0.01990900
v -0.00315000 0.01848500 0.02068300
v -0.00315000 0.01898500 0.02129500
v -0.00315000 0.01971100 0.02160400
v -0.00315000 0.02049800 0.02154100
v -0.00315000 0.02116600 0.02111900
v -0.00315000 0.02156100 0.02043500
v -0.00315000 0.02159200 0.01964600
v -0.00315000 0.02125400 0.01893200
v -0.00315000 0.02062300 0.01845800
v -0.00315000 0.01984300 0.01833100
v -0.00315000 0.01909400 0.01858100
v -0.00315000 0.01760200 0.01911200
v -0.00315000 0.01992700 0.01508500
v -0.00315000 0.02416200 0.01395000
v -0.00315000 0.02261200 0.01663500
v -0.00315000 0.01915200 0.01642700
v -0.00315000 0.02127000 0.01586000
v -0.00315000 0.02183700 0.01797700
v -0.00315000 0.02049500 0.01720200
v -0.00315000 0.01879300 0.01085000
v -0.00315000 0.01724300 0.01353500
v -0.00315000 -0.02140500 0.01915100
v -0.00315000 -0.02162400 0.01990900
v -0.00315000 -0.02146600 0.02068300
v -0.00315000 -0.02096700 0.02129500
v -0.00315000 -0.02024000 0.02160400
v -0.00315000 -0.01945300 0.02154100
v -0.00315000 -0.01878600 0.02111900
v -0.00315000 -0.01839100 0.02043500
v -0.00315000 -0.01835900 0.01964600
v -0.00315000 -0.01869800 0.01893200
v -0.00315000 -0.01932900 0.01845800
v -0.00315000 -0.02010900 0.01833100
v -0.00315000 -0.02085800 0.01858100
v -0.00315000 -0.02045400 0.01682700
v -0.00315000 -0.01911200 0.01760200
v -0.00315000 -0.02158900 0.01259300
v -0.00315000 -0.01735400 0.01145800
v -0.00315000 -0.01890400 0.01414300
v -0.00315000 -0.01797700 0.02183700
v -0.00315000 -0.01741000 0.02395400
v -0.00315000 -0.01875200 0.02317900
v -0.00315000 -0.01642700 0.01915200
v -0.00315000 -0.01720200 0.02049500
v -0.00315000 -0.02140500 -0.02080100
v -0.00315000 -0.02162400 -0.02004200
v -0.00315000 -0.02146600 -0.01926800
v -0.00315000 -0.02096700 -0.01865700
v -0.00315000 -0.02024000 -0.01834700
v -0.00315000 -0.01945300 -0.01841100
v -0.00315000 -0.01878600 -0.01883300
v -0.00315000 -0.01839100 -0.01951700
v -0.00315000 -0.01835900 -0.02030600
v -0.00315000 -0.01869800 -0.02101900
v -0.00315000 -0.01932900 -0.02149400
v -0.00315000 -0.02010900 -0.02162000
v -0.00315000 -0.02085800 -0.02137000
v -0.00315000 -0.01992700 -0.01508500
v -0.00315000 -0.02416200 -0.01395000
v -0.00315000 -0.02261200 -0.01663500
v -0.00315000 -0.02183700 -0.01797700
v -0.00315000 -0.02395400 -0.01741000
v -0.00315000 -0.02317900 -0.01875200
v -0.00315000 -0.01915200 -0.01642700
v -0.00315000 -0.02127000 -0.01586000
v -0.00315000 -0.02049500 -0.01720200
v -0.00315000 -0.01879300 -0.01085000
v -0.00315000 -0.01724300 -0.01353500
v -0.00315000 -0.01760200 -0.01911200
v -0.00315000 0.01854700 -0.02080100
v -0.00315000 0.01832700 -0.02004200
v -0.00315000 0.01848500 -0.01926800
v -0.00315000 0.01898500 -0.01865700
v -0.00315000 0.01971100 -0.01834700
v -0.00315000 0.02049800 -0.01841100
v -0.00315000 0.02116600 -0.01883300
v -0.00315000 0.02156100 -0.01951700
v -0.00315000 0.02159200 -0.02030600
v -0.00315000 0.02125400 -0.02101900
v -0.00315000 0.02062300 -0.02149400
v -0.00315000 0.01984300 -0.02162000
v -0.00315000 0.01909400 -0.02137000
v -0.00315000 0.01797700 -0.02183700
v -0.00315000 0.01642700 -0.01915200
v -0.00315000 0.01720200 -0.02049500
v -0.00315000 0.02045400 -0.01682700
v -0.00315000 0.01911200 -0.01760200
v -0.00315000 0.02158900 -0.01259300
v -0.00315000 0.01735400 -0.01145800
v -0.00315000 0.01890400 -0.01414300
v -0.00315000 0.01741000 -0.02395400
v -0.00315000 0.01875200 -0.02317900
v -0.00315000 0.01573600 0.00369100
v -0.00315000 0.01489900 0.00353200
v -0.00315000 0.01412100 0.00318700
v -0.00315000 0.01344200 0.00267300
v -0.00315000 0.01289800 0.00201700
v -0.00315000 0.01251900 0.00125500
v -0.00315000 0.01232500 0.00042600
v -0.00315000 0.01232500 -0.00042600
v -0.00315000 0.01251900 -0.00125500
v -0.00315000 0.01289800 -0.00201700
v -0.00315000 0.01344200 -0.00267300
v -0.00315000 0.01412100 -0.00318700
v -0.00315000 0.01489900 -0.00353200
v -0.00315000 0.01573600 -0.00369100
v -0.00315000 0.01850900 0.00833700
v -0.00315000 0.01876400 0.00747100
v -0.00315000 0.01877400 0.00656700
v -0.00315000 0.01853900 0.00569500
v -0.00315000 0.01807600 0.00491900
v -0.00315000 0.01742000 0.00429800
v -0.00315000 0.01662000 0.00387800
v -0.00315000 0.02302700 0.00971500
v -0.00315000 0.02034300 0.00816500
v -0.00315000 0.01956800 0.00950800
v -0.00315000 0.02055000 0.00470600
v -0.00315000 0.02111800 0.00682300
v -0.00315000 0.01977500 0.00604800
v -0.00315000 0.01651200 -0.00384100
v -0.00315000 0.01723100 -0.00417200
v -0.00315000 0.01785000 -0.00466500
v -0.00315000 0.01833400 -0.00529100
v -0.00315000 0.01865500 -0.00601400
v -0.00315000 0.01879500 -0.00679300
v -0.00315000 0.01874500 -0.00758200
v -0.00315000 0.01850900 -0.00833700
v -0.00315000 0.01828100 -0.00376400
v -0.00315000 0.01884800 -0.00164600
v -0.00315000 0.01750600 -0.00242100
v -0.00315000 0.01983100 -0.00644800
v -0.00315000 0.02039800 -0.00433100
v -0.00315000 0.01905600 -0.00510600
v -0.00315000 0.01926400 -0.00856600
v -0.00315000 0.02138100 -0.00913300
v -0.00315000 0.02194800 -0.00701600
v -0.00315000 0.02060600 -0.00779100
v -0.00315000 0.02582300 -0.01372700
v -0.00315000 0.02695800 -0.00949300
v -0.00315000 0.02427300 -0.01104300
v -0.00315000 0.01869600 -0.01068300
v -0.00315000 0.01809800 -0.00919400
v -0.00315000 0.01764800 -0.01003100
v -0.00315000 0.01716000 -0.01084600
v -0.00315000 0.01663300 -0.01163700
v -0.00315000 0.01607100 -0.01240300
v -0.00315000 0.01547300 -0.01314100
v -0.00315000 0.01484100 -0.01385100
v -0.00315000 0.01417600 -0.01453000
v -0.00315000 0.01348100 -0.01517700
v -0.00315000 0.01275600 -0.01579200
v -0.00315000 0.01200300 -0.01637100
v -0.00315000 0.01122400 -0.01691500
v -0.00315000 0.01042000 -0.01742200
v -0.00315000 0.00959300 -0.01789000
v -0.00315000 0.00874600 -0.01831900
v -0.00315000 0.00787900 -0.01870900
v -0.00315000 0.00699500 -0.01905700
v -0.00315000 0.00609600 -0.01936300
v -0.00315000 0.00518300 -0.01962700
v -0.00315000 0.00425900 -0.01984800
v -0.00315000 0.00332500 -0.02002600
v -0.00315000 0.00238500 -0.02015900
v -0.00315000 0.00143900 -0.02024900
v -0.00315000 0.00049000 -0.02029400
v -0.00315000 -0.00046100 -0.02029500
v -0.00315000 -0.00141000 -0.02025100
v -0.00315000 -0.00235600 -0.02016300
v -0.00315000 -0.00329700 -0.02003100
v -0.00315000 -0.00423000 -0.01985400
v -0.00315000 -0.00515500 -0.01963500
v -0.00315000 -0.00606800 -0.01937200
v -0.00315000 -0.00696800 -0.01906700
v -0.00315000 -0.00785200 -0.01872000
v -0.00315000 -0.00872000 -0.01833200
v -0.00315000 -0.00956800 -0.01790400
v -0.00315000 -0.01039500 -0.01743600
v -0.00315000 -0.01120000 -0.01693100
v -0.00315000 -0.01198000 -0.01638800
v -0.00315000 -0.01273300 -0.01581000
v -0.00315000 -0.01345900 -0.01519700
v -0.00315000 -0.01415600 -0.01455000
v -0.00315000 -0.01482100 -0.01387200
v -0.00315000 -0.01545400 -0.01316300
v -0.00315000 -0.01605300 -0.01242600
v -0.00315000 -0.01661700 -0.01166100
v -0.00315000 -0.01714400 -0.01087100
v -0.00315000 -0.01763400 -0.01005600
v -0.00315000 -0.01808500 -0.00922000
v -0.00315000 -0.01849700 -0.00836400
v -0.00315000 -0.01886800 -0.00748900
v -0.00315000 -0.01919800 -0.00659800
v -0.00315000 -0.01948600 -0.00569300
v -0.00315000 -0.01973100 -0.00477500
v -0.00315000 -0.01993200 -0.00384600
v -0.00315000 -0.02009000 -0.00290900
v -0.00315000 -0.02020500 -0.00196600
v -0.00315000 -0.02027400 -0.00101800
v -0.00315000 -0.02030000 -0.00006800
v -0.00315000 -0.02028100 0.00088200
v -0.00315000 -0.02021700 0.00183000
v -0.00315000 -0.02011000 0.00277400
v -0.00315000 -0.01995800 0.00371200
v -0.00315000 -0.01976200 0.00464100
v -0.00315000 -0.01952300 0.00556100
v -0.00315000 -0.01924200 0.00646800
v -0.00315000 -0.01891800 0.00736200
v -0.00315000 -0.01855300 0.00823900
v -0.00315000 -0.01814700 0.00909800
v -0.00315000 -0.01770100 0.00993700
v -0.00315000 -0.01721700 0.01075500
v -0.00315000 -0.01669500 0.01154900
v -0.00315000 -0.01613600 0.01231700
v -0.00315000 -0.01554200 0.01305900
v -0.00315000 -0.01491400 0.01377200
v -0.00315000 -0.01425300 0.01445400
v -0.00315000 -0.01356100 0.01510600
v -0.00315000 -0.01284000 0.01572400
v -0.00315000 -0.01209000 0.01630700
v -0.00315000 -0.01131400 0.01685500
v -0.00315000 -0.01051300 0.01736600
v -0.00315000 -0.00968800 0.01783900
v -0.00315000 -0.00884300 0.01827300
v -0.00315000 -0.00797800 0.01866600
v -0.00315000 -0.00709600 0.01901900
v -0.00315000 -0.00619800 0.01933100
v -0.00315000 -0.00528700 0.01959900
v -0.00315000 -0.00436400 0.01982500
v -0.00315000 -0.00343200 0.02000800
v -0.00315000 -0.00249200 0.02014600
v -0.00315000 -0.00154600 0.02024100
v -0.00315000 -0.00059700 0.02029100
v -0.00315000 0.00035300 0.02029700
v -0.00315000 0.00130200 0.02025800
v -0.00315000 0.00224900 0.02017500
v -0.00315000 0.00319000 0.02004800
v -0.00315000 0.00412500 0.01987700
v -0.00315000 0.00505000 0.01966200
v -0.00315000 0.00596500 0.01940400
v -0.00315000 0.00686600 0.01910400
v -0.00315000 0.00775300 0.01876100
v -0.00315000 0.00862200 0.01837800
v -0.00315000 0.00947300 0.01795400
v -0.00315000 0.01030200 0.01749100
v -0.00315000 0.01111000 0.01699000
v -0.00315000 0.01189200 0.01645200
v -0.00315000 0.01264900 0.01587700
v -0.00315000 0.01337800 0.01526800
v -0.00315000 0.01407800 0.01462500
v -0.00315000 0.01474700 0.01395000
v -0.00315000 0.01538400 0.01324500
v -0.00315000 0.01598700 0.01251100
v -0.00315000 0.01655400 0.01174900
v -0.00315000 0.01708600 0.01096200
v -0.00315000 0.01544400 -0.01435000
v -0.00315000 0.01756200 -0.01491800
v -0.00315000 0.01812900 -0.01280000
v -0.00315000 0.01678700 -0.01357500
v -0.00315000 0.01487700 -0.01646800
v -0.00315000 0.01410200 -0.01512500
v -0.00315000 0.00470600 -0.02055000
v -0.00315000 0.00682300 -0.02111800
v -0.00315000 0.00011100 -0.02499300
v -0.00315000 0.00434600 -0.02612700
v -0.00315000 0.00124600 -0.02075800
v -0.00315000 0.00279600 -0.02344300
v -0.00315000 0.00202100 -0.02210000
v -0.00315000 0.00413800 -0.02266800
v -0.00315000 0.00336300 -0.02132500
v -0.00315000 -0.00221400 -0.02096600
v -0.00315000 -0.00009600 -0.02153300
v -0.00315000 -0.00489800 -0.02251600
v -0.00315000 -0.00278100 -0.02308300
v -0.00315000 -0.00433100 -0.02039800
v -0.00315000 -0.00355600 -0.02174100
v -0.00315000 -0.00525800 -0.02809300
v -0.00315000 -0.00102300 -0.02922700
v -0.00315000 -0.00257300 -0.02654300
v -0.00315000 -0.00644800 -0.01983100
v -0.00315000 -0.00701600 -0.02194800
v -0.00315000 -0.00856600 -0.01926400
v -0.00315000 -0.00779100 -0.02060600
v -0.00315000 -0.01491800 -0.01756200
v -0.00315000 -0.01435000 -0.01544400
v -0.00315000 -0.01357500 -0.01678700
v -0.00315000 -0.01646800 -0.01487700
v -0.00315000 -0.01801800 -0.01219200
v -0.00315000 -0.02302700 -0.00971500
v -0.00315000 -0.02034300 -0.00816500
v -0.00315000 -0.01956800 -0.00950800
v -0.00315000 -0.02111800 -0.00682300
v -0.00315000 -0.02055000 -0.00470600
v -0.00315000 -0.01977500 -0.00604800
v -0.00315000 -0.02266800 -0.00413800
v -0.00315000 -0.02132500 -0.00336300
v -0.00315000 -0.02096600 0.00221400
v -0.00315000 -0.02039800 0.00433100
v -0.00315000 -0.02251600 0.00489800
v -0.00315000 -0.02174100 0.00355600
v -0.00315000 -0.01983100 0.00644800
v -0.00315000 -0.02194800 0.00701600
v -0.00315000 -0.01926400 0.00856600
v -0.00315000 -0.02138100 0.00913300
v -0.00315000 -0.02060600 0.00779100
v -0.00315000 -0.02695800 0.00949300
v -0.00315000 -0.02582300 0.01372700
v -0.00315000 -0.02427300 0.01104300
v -0.00315000 -0.01869600 0.01068300
v -0.00315000 -0.01812900 0.01280000
v -0.00315000 -0.01544400 0.01435000
v -0.00315000 -0.01756200 0.01491800
v -0.00315000 -0.01678700 0.01357500
v -0.00315000 -0.01487700 0.01646800
v -0.00315000 -0.01410200 0.01512500
v -0.00315000 -0.00470600 0.02055000
v -0.00315000 -0.00682300 0.02111800
v -0.00315000 -0.00124600 0.02075800
v -0.00315000 -0.00011100 0.02499300
v -0.00315000 -0.00434600 0.02612700
v -0.00315000 -0.00279600 0.02344300
v -0.00315000 -0.00202100 0.02210000
v -0.00315000 -0.00413800 0.02266800
v -0.00315000 -0.00336300 0.02132500
v -0.00315000 0.00221400 0.02096600
v -0.00315000 0.00009600 0.02153300
v -0.00315000 0.00433100 0.02039800
v -0.00315000 0.00489800 0.02251600
v -0.00315000 0.00278100 0.02308300
v -0.00315000 0.00355600 0.02174100
v -0.00315000 0.00525800 0.02809300
v -0.00315000 0.00102300 0.02922700
v -0.00315000 0.00257300 0.02654300
v -0.00315000 0.01435000 0.01544400
v -0.00315000 0.01491800 0.01756200
v -0.00315000 0.01357500 0.01678700
v -0.00315000 0.01646800 0.01487700
v -0.00315000 0.01512500 0.01410200
v -0.00315000 0.01801800 0.01219200
v -0.00315000 0.01758000 0.01015000
v -0.00315000 0.01791000 0.00955600
v -0.00315000 0.01822000 0.00895200
v -0.00285000 0.01571400 0.00399000
v -0.00045000 0.01571400 0.00399000
v -0.00285000 0.01823500 0.00821400
v -0.00165000 0.01823500 0.00821400
v -0.00285000 0.01651800 0.00416000
v -0.00285000 0.01724500 0.00454200
v -0.00285000 0.01784100 0.00510700
v -0.00285000 0.01826200 0.00581200
v -0.00285000 0.01847600 0.00660500
v -0.00285000 0.01846700 0.00742600
v -0.00165000 0.01571400 0.00399000
v -0.00045000 0.01823500 0.00821400
v -0.00045000 0.01846700 0.00742600
v -0.00045000 0.01847600 0.00660500
v -0.00045000 0.01826200 0.00581200
v -0.00045000 0.01784100 0.00510700
v -0.00045000 0.01724500 0.00454200
v -0.00045000 0.01651800 0.00416000
v -0.00285000 0.01571400 0.00399000
v -0.00285000 0.01571400 -0.00399000
v -0.00045000 0.01571400 -0.00399000
v -0.00045000 0.01571400 0.00399000
v -0.00165000 0.01571400 0.00399000
v -0.00285000 0.01487300 0.00383800
v -0.00285000 0.01408300 0.00351100
v -0.00285000 0.01338000 0.00302300
v -0.00285000 0.01279800 0.00239700
v -0.00285000 0.01236100 0.00166200
v -0.00285000 0.01209100 0.00085000
v -0.00285000 0.01200000 -0.00000000
v -0.00285000 0.01209100 -0.00085000
v -0.00285000 0.01236100 -0.00166200
v -0.00285000 0.01279800 -0.00239700
v -0.00285000 0.01338000 -0.00302300
v -0.00285000 0.01408300 -0.00351100
v -0.00285000 0.01487300 -0.00383800
v -0.00165000 0.01571400 -0.00399000
v -0.00045000 0.01487300 -0.00383800
v -0.00045000 0.01408300 -0.00351100
v -0.00045000 0.01338000 -0.00302300
v -0.00045000 0.01279800 -0.00239700
v -0.00045000 0.01236100 -0.00166200
v -0.00045000 0.01209100 -0.00085000
v -0.00045000 0.01200000 -0.00000000
v -0.00045000 0.01209100 0.00085000
v -0.00045000 0.01236100 0.00166200
v -0.00045000 0.01279800 0.00239700
v -0.00045000 0.01338000 0.00302300
v -0.00045000 0.01408300 0.00351100
v -0.00045000 0.01487300 0.00383800
v -0.00285000 0.01823500 -0.00821400
v -0.00045000 0.01823500 -0.00821400
v -0.00045000 0.01571400 -0.00399000
v -0.00285000 0.01571400 -0.00399000
v -0.00165000 0.01571400 -0.00399000
v -0.00285000 0.01845000 -0.00752800
v -0.00285000 0.01849500 -0.00681000
v -0.00285000 0.01836800 -0.00610200
v -0.00285000 0.01807600 -0.00544500
v -0.00285000 0.01763600 -0.00487600
v -0.00285000 0.01707300 -0.00442800
v -0.00285000 0.01642000 -0.00412700
v -0.00165000 0.01823500 -0.00821400
v -0.00045000 0.01642000 -0.00412700
v -0.00045000 0.01707300 -0.00442800
v -0.00045000 0.01763600 -0.00487600
v -0.00045000 0.01807600 -0.00544500
v -0.00045000 0.01836800 -0.00610200
v -0.00045000 0.01849500 -0.00681000
v -0.00045000 0.01845000 -0.00752800
v -0.00315000 -0.01406900 -0.02226800
v -0.00115000 -0.01406900 -0.02226800
v -0.00315000 -0.01406900 -0.02226800
v -0.00115000 -0.01406900 -0.02226800
v -0.00315000 -0.01337200 -0.02299300
v -0.00315000 -0.01241900 -0.02331100
v -0.00315000 -0.01142700 -0.02315000
v -0.00315000 -0.01062300 -0.02254600
v -0.00315000 -0.01019200 -0.02163800
v -0.00315000 -0.01023300 -0.02063300
v -0.00315000 -0.01073500 -0.01976300
v -0.00315000 -0.01158500 -0.01922600
v -0.00315000 -0.01258700 -0.01914500
v -0.00315000 -0.01351200 -0.01953900
v -0.00315000 -0.01414700 -0.02031700
v -0.00315000 -0.01434800 -0.02130200
v -0.00115000 -0.01432500 -0.02154000
v -0.00115000 -0.01430100 -0.02076800
v -0.00115000 -0.01400100 -0.02005800
v -0.00115000 -0.01346300 -0.01950400
v -0.00115000 -0.01276200 -0.01918100
v -0.00115000 -0.01199200 -0.01913400
v -0.00115000 -0.01125700 -0.01936700
v -0.00115000 -0.01065500 -0.01985100
v -0.00115000 -0.01026900 -0.02052000
v -0.00115000 -0.01015100 -0.02128200
v -0.00115000 -0.01031600 -0.02203600
v -0.00115000 -0.01074200 -0.02268000
v -0.00115000 -0.01137200 -0.02312500
v -0.00115000 -0.01212100 -0.02331400
v -0.00115000 -0.01288700 -0.02321900
v -0.00115000 -0.01356700 -0.02285400
v -0.00315000 -0.02631900 -0.00105000
v -0.00115000 -0.02631900 -0.00105000
v -0.00315000 -0.02631900 -0.00105000
v -0.00115000 -0.02631900 -0.00105000
v -0.00315000 -0.02562200 -0.00177500
v -0.00315000 -0.02466900 -0.00209300
v -0.00315000 -0.02367700 -0.00193200
v -0.00315000 -0.02287300 -0.00132800
v -0.00315000 -0.02244200 -0.00042000
v -0.00315000 -0.02248300 0.00058400
v -0.00315000 -0.02298500 0.00145500
v -0.00315000 -0.02383500 0.00199200
v -0.00315000 -0.02483700 0.00207300
v -0.00315000 -0.02576200 0.00167900
v -0.00315000 -0.02639700 0.00090000
v -0.00315000 -0.02659800 -0.00008500
v -0.00115000 -0.02657500 -0.00032200
v -0.00115000 -0.02655100 0.00044900
v -0.00115000 -0.02625100 0.00116000
v -0.00115000 -0.02571300 0.00171400
v -0.00115000 -0.02501200 0.00203700
v -0.00115000 -0.02424200 0.00208400
v -0.00115000 -0.02350700 0.00185000
v -0.00115000 -0.02290500 0.00136600
v -0.00115000 -0.02251900 0.00069800
v -0.00115000 -0.02240100 -0.00006500
v -0.00115000 -0.02256600 -0.00081900
v -0.00115000 -0.02299200 -0.00146200
v -0.00115000 -0.02362200 -0.00190800
v -0.00115000 -0.02437100 -0.00209600
v -0.00115000 -0.02513700 -0.00200100
v -0.00115000 -0.02581700 -0.00163600
v -0.00315000 -0.01406900 0.02016800
v -0.00115000 -0.01406900 0.02016800
v -0.00315000 -0.01406900 0.02016800
v -0.00115000 -0.01406900 0.02016800
v -0.00315000 -0.01337200 0.01944300
v -0.00315000 -0.01241900 0.01912400
v -0.00315000 -0.01142700 0.01928600
v -0.00315000 -0.01062300 0.01988900
v -0.00315000 -0.01019200 0.02079800
v -0.00315000 -0.01023300 0.02180200
v -0.00315000 -0.01073500 0.02267200
v -0.00315000 -0.01158500 0.02321000
v -0.00315000 -0.01258700 0.02329000
v -0.00315000 -0.01351200 0.02289600
v -0.00315000 -0.01414700 0.02211800
v -0.00315000 -0.01434800 0.02113300
v -0.00115000 -0.01432500 0.02089600
v -0.00115000 -0.01430100 0.02166700
v -0.00115000 -0.01400100 0.02237800
v -0.00115000 -0.01346300 0.02293200
v -0.00115000 -0.01276200 0.02325400
v -0.00115000 -0.01199200 0.02330200
v -0.00115000 -0.01125700 0.02306800
v -0.00115000 -0.01065500 0.02258400
v -0.00115000 -0.01026900 0.02191600
v -0.00115000 -0.01015100 0.02115300
v -0.00115000 -0.01031600 0.02039900
v -0.00115000 -0.01074200 0.01975600
v -0.00115000 -0.01137200 0.01931000
v -0.00115000 -0.01212100 0.01912200
v -0.00115000 -0.01288700 0.01921600
v -0.00115000 -0.01356700 0.01958200
v -0.00315000 0.01043100 0.02016800
v -0.00115000 0.01043100 0.02016800
v -0.00315000 0.01043100 0.02016800
v -0.00115000 0.01043100 0.02016800
v -0.00315000 0.01112800 0.01944300
v -0.00315000 0.01208100 0.01912400
v -0.00315000 0.01307300 0.01928600
v -0.00315000 0.01387700 0.01988900
v -0.00315000 0.01430800 0.02079800
v -0.00315000 0.01426700 0.02180200
v -0.00315000 0.01376500 0.02267200
v -0.00315000 0.01291500 0.02321000
v -0.00315000 0.01191300 0.02329000
v -0.00315000 0.01098800 0.02289600
v -0.00315000 0.01035300 0.02211800
v -0.00315000 0.01015200 0.02113300
v -0.00115000 0.01017500 0.02089600
v -0.00115000 0.01019900 0.02166700
v -0.00115000 0.01049900 0.02237800
v -0.00115000 0.01103700 0.02293200
v -0.00115000 0.01173800 0.02325400
v -0.00115000 0.01250800 0.02330200
v -0.00115000 0.01324300 0.02306800
v -0.00115000 0.01384500 0.02258400
v -0.00115000 0.01423100 0.02191600
v -0.00115000 0.01434900 0.02115300
v -0.00115000 0.01418400 0.02039900
v -0.00115000 0.01375800 0.01975600
v -0.00115000 0.01312800 0.01931000
v -0.00115000 0.01237900 0.01912200
v -0.00115000 0.01161300 0.01921600
v -0.00115000 0.01093300 0.01958200
v -0.00315000 0.02268100 -0.00105000
v -0.00115000 0.02268100 -0.00105000
v -0.00315000 0.02268100 -0.00105000
v -0.00115000 0.02268100 -0.00105000
v -0.00315000 0.02337800 -0.00177500
v -0.00315000 0.02433100 -0.00209300
v -0.00315000 0.02532300 -0.00193200
v -0.00315000 0.02612700 -0.00132800
v -0.00315000 0.02655800 -0.00042000
v -0.00315000 0.02651700 0.00058400
v -0.00315000 0.02601500 0.00145500
v -0.00315000 0.02516500 0.00199200
v -0.00315000 0.02416300 0.00207300
v -0.00315000 0.02323800 0.00167900
v -0.00315000 0.02260300 0.00090000
v -0.00315000 0.02240200 -0.00008500
v -0.00115000 0.02242500 -0.00032200
v -0.00115000 0.02244900 0.00044900
v -0.00115000 0.02274900 0.00116000
v -0.00115000 0.02328700 0.00171400
v -0.00115000 0.02398800 0.00203700
v -0.00115000 0.02475800 0.00208400
v -0.00115000 0.02549300 0.00185000
v -0.00115000 0.02609500 0.00136600
v -0.00115000 0.02648100 0.00069800
v -0.00115000 0.02659900 -0.00006500
v -0.00115000 0.02643400 -0.00081900
v -0.00115000 0.02600800 -0.00146200
v -0.00115000 0.02537800 -0.00190800
v -0.00115000 0.02462900 -0.00209600
v -0.00115000 0.02386300 -0.00200100
v -0.00115000 0.02318300 -0.00163600
v -0.00315000 0.01043100 -0.02226800
v -0.00115000 0.01043100 -0.02226800
v -0.00315000 0.01043100 -0.02226800
v -0.00115000 0.01043100 -0.02226800
v -0.00315000 0.01112800 -0.02299300
v -0.00315000 0.01208100 -0.02331100
v -0.00315000 0.01307300 -0.02315000
v -0.00315000 0.01387700 -0.02254600
v -0.00315000 0.01430800 -0.02163800
v -0.00315000 0.01426700 -0.02063300
v -0.00315000 0.01376500 -0.01976300
v -0.00315000 0.01291500 -0.01922600
v -0.00315000 0.01191300 -0.01914500
v -0.00315000 0.01098800 -0.01953900
v -0.00315000 0.01035300 -0.02031700
v -0.00315000 0.01015200 -0.02130200
v -0.00115000 0.01017500 -0.02154000
v -0.00115000 0.01019900 -0.02076800
v -0.00115000 0.01049900 -0.02005800
v -0.00115000 0.01103700 -0.01950400
v -0.00115000 0.01173800 -0.01918100
v -0.00115000 0.01250800 -0.01913400
v -0.00115000 0.01324300 -0.01936700
v -0.00115000 0.01384500 -0.01985100
v -0.00115000 0.01423100 -0.02052000
v -0.00115000 0.01434900 -0.02128200
v -0.00115000 0.01418400 -0.02203600
v -0.00115000 0.01375800 -0.02268000
v -0.00115000 0.01312800 -0.02312500
v -0.00115000 0.01237900 -0.02331400
v -0.00115000 0.01161300 -0.02321900
v -0.00115000 0.01093300 -0.02285400
v 0.00235000 0.02771300 0.01600000
v -0.00465000 0.02771300 0.01600000
v 0.00235000 -0.02771300 -0.01600000
v 0.00235000 0.02771300 0.01600000
v -0.00465000 0.02771300 0.01600000
v 0.00235000 0.02880700 0.01393400
v 0.00235000 0.02974700 0.01179400
v 0.00235000 0.03052900 0.00959200
v 0.00235000 0.03114700 0.00733800
v 0.00235000 0.03160000 0.00504400
v 0.00235000 0.03188400 0.00272400
v 0.00235000 0.03199800 0.00039000
v 0.00235000 0.03194100 -0.00194700
v 0.00235000 0.03171300 -0.00427300
v 0.00235000 0.03131700 -0.00657700
v 0.00235000 0.03075300 -0.00884500
v 0.00235000 0.03002500 -0.01106700
v 0.00235000 0.02913800 -0.01322900
v 0.00235000 0.02809400 -0.01532000
v 0.00235000 0.02690100 -0.01733000
v 0.00235000 0.02556400 -0.01924800
v 0.00235000 0.02409100 -0.02106200
v 0.00235000 0.02248900 -0.02276500
v 0.00235000 0.02076800 -0.02434600
v 0.00235000 0.01893500 -0.02579700
v 0.00235000 0.01700100 -0.02711000
v 0.00235000 0.01497700 -0.02827900
v 0.00235000 0.01287300 -0.02929700
v 0.00235000 0.01070000 -0.03015800
v 0.00235000 0.00847000 -0.03085900
v 0.00235000 0.00619500 -0.03139500
v 0.00235000 0.00388700 -0.03176300
v 0.00235000 0.00155800 -0.03196200
v 0.00235000 -0.00077900 -0.03199100
v 0.00235000 -0.00311200 -0.03184800
v 0.00235000 -0.00542900 -0.03153600
v 0.00235000 -0.00771600 -0.03105600
v 0.00235000 -0.00996300 -0.03041000
v 0.00235000 -0.01215600 -0.02960100
v 0.00235000 -0.01428400 -0.02863500
v 0.00235000 -0.01633600 -0.02751600
v 0.00235000 -0.01830100 -0.02625000
v 0.00235000 -0.02016900 -0.02484400
v 0.00235000 -0.02192800 -0.02330600
v 0.00235000 -0.02357100 -0.02164300
v 0.00235000 -0.02508800 -0.01986500
v 0.00235000 -0.02647100 -0.01798000
v 0.00235000 -0.02880700 -0.01393400
v 0.00235000 -0.02974700 -0.01179400
v 0.00235000 -0.03052900 -0.00959200
v 0.00235000 -0.03114700 -0.00733800
v 0.00235000 -0.03160000 -0.00504400
v 0.00235000 -0.03188400 -0.00272400
v 0.00235000 -0.03199800 -0.00039000
v 0.00235000 -0.03194100 0.00194700
v 0.00235000 -0.03171300 0.00427300
v 0.00235000 -0.03131700 0.00657700
v 0.00235000 -0.03075300 0.00884500
v 0.00235000 -0.03002500 0.01106700
v 0.00235000 -0.02913800 0.01322900
v 0.00235000 -0.02809400 0.01532000
v 0.00235000 -0.02690100 0.01733000
v 0.00235000 -0.02556400 0.01924800
v 0.00235000 -0.02409100 0.02106200
v 0.00235000 -0.02248900 0.02276500
v 0.00235000 -0.02076800 0.02434600
v 0.00235000 -0.01893500 0.02579700
v 0.00235000 -0.01700100 0.02711000
v 0.00235000 -0.01497700 0.02827900
v 0.00235000 -0.01287300 0.02929700
v 0.00235000 -0.01070000 0.03015800
v 0.00235000 -0.00847000 0.03085900
v 0.00235000 -0.00619500 0.03139500
v 0.00235000 -0.00388700 0.03176300
v 0.00235000 -0.00155800 0.03196200
v 0.00235000 0.00077900 0.03199100
v 0.00235000 0.00311200 0.03184800
v 0.00235000 0.00542900 0.03153600
v 0.00235000 0.00771600 0.03105600
v 0.00235000 0.00996300 0.03041000
v 0.00235000 0.01215600 0.02960100
v 0.00235000 0.01428400 0.02863500
v 0.00235000 0.01633600 0.02751600
v 0.00235000 0.01830100 0.02625000
v 0.00235000 0.02016900 0.02484400
v 0.00235000 0.02192800 0.02330600
v 0.00235000 0.02357100 0.02164300
v 0.00235000 0.02508800 0.01986500
v 0.00235000 0.02647100 0.01798000
v -0.00465000 0.02494600 0.02004300
v -0.00465000 0.02159400 0.02361600
v -0.00465000 0.01773600 0.02663500
v -0.00465000 0.01346200 0.02903100
v -0.00465000 0.00887300 0.03074500
v -0.00465000 0.00407600 0.03173900
v -0.00465000 -0.00081700 0.03199000
v -0.00465000 -0.00569100 0.03149000
v -0.00465000 -0.01043100 0.03025200
v -0.00465000 -0.01492700 0.02830500
v -0.00465000 -0.01907300 0.02569500
v -0.00465000 -0.02277100 0.02248200
v -0.00465000 -0.02593600 0.01874300
v -0.00465000 -0.02849400 0.01456400
v -0.00465000 -0.03038300 0.01004400
v -0.00465000 -0.03156000 0.00528800
v -0.00465000 -0.03199700 0.00040900
v -0.00465000 -0.03168500 -0.00448100
v -0.00465000 -0.03062900 -0.00926500
v -0.00465000 -0.02885600 -0.01383200
v -0.00465000 -0.02640700 -0.01807400
v -0.00465000 -0.02333800 -0.02189400
v -0.00465000 -0.01972300 -0.02520000
v -0.00465000 -0.01564500 -0.02791500
v -0.00465000 -0.01120000 -0.02997600
v -0.00465000 -0.00649300 -0.03133400
v -0.00465000 -0.00163400 -0.03195800
v -0.00465000 0.00326400 -0.03183300
v -0.00465000 0.00808500 -0.03096200
v -0.00465000 0.01271600 -0.02936500
v -0.00465000 0.01705000 -0.02708000
v -0.00465000 0.02098400 -0.02416000
v -0.00465000 0.02442600 -0.02067300
v -0.00465000 0.02729500 -0.01670300
v -0.00465000 0.02952500 -0.01234000
v -0.00465000 0.03106300 -0.00768900
v -0.00465000 0.03187200 -0.00285700
v -0.00465000 0.03193500 0.00204200
v -0.00465000 0.03124900 0.00689300
v -0.00465000 0.02983000 0.01158200
v 0.00285000 0.01867400 0.01805600
v 0.00285000 0.02182400 0.01260000
v 0.00285000 0.02497400 0.00714400
v 0.00285000 0.00691800 0.02581800
v 0.00285000 0.02581800 -0.00691800
v 0.00285000 -0.00168800 0.02812400
v 0.00285000 0.00146200 0.02266800
v 0.00285000 0.02036200 -0.01006800
v 0.00285000 0.02351200 -0.01552400
v 0.00285000 -0.00714400 0.02497400
v 0.00285000 0.01805600 -0.01867400
v 0.00285000 -0.01805600 0.01867400
v 0.00285000 0.00714400 -0.02497400
v 0.00285000 -0.02351200 0.01552400
v 0.00285000 -0.02036200 0.01006800
v 0.00285000 -0.00146200 -0.02266800
v 0.00285000 0.00168800 -0.02812400
v 0.00285000 -0.02581800 0.00691800
v 0.00285000 -0.00691800 -0.02581800
v 0.00285000 -0.02497400 -0.00714400
v 0.00285000 -0.02182400 -0.01260000
v 0.00285000 -0.01867400 -0.01805600
v 0.00285000 -0.02728000 -0.01575000
v 0.00285000 0.00900200 -0.02309300
v 0.00285000 0.00851000 -0.02149800
v 0.00285000 0.00875900 -0.01984800
v 0.00285000 0.00969900 -0.01846900
v 0.00285000 0.01114500 -0.01763400
v 0.00285000 0.01280900 -0.01751000
v 0.00285000 0.01436200 -0.01811900
v 0.00285000 0.01549800 -0.01934300
v 0.00285000 0.01599000 -0.02093700
v 0.00285000 0.01574100 -0.02258800
v 0.00285000 0.01480100 -0.02396700
v 0.00285000 0.01335500 -0.02480100
v 0.00285000 0.01169100 -0.02492600
v 0.00285000 0.01013800 -0.02431600
v 0.00285000 0.00556900 -0.02224600
v 0.00285000 0.01648100 -0.01594600
v 0.00285000 0.01690300 -0.02297700
v 0.00285000 0.02125200 -0.00187500
v 0.00285000 0.02076000 -0.00028000
v 0.00285000 0.02100900 0.00137000
v 0.00285000 0.02194900 0.00274900
v 0.00285000 0.02339500 0.00358300
v 0.00285000 0.02505900 0.00370800
v 0.00285000 0.02661200 0.00309800
v 0.00285000 0.02774800 0.00187500
v 0.00285000 0.02824000 0.00028000
v 0.00285000 0.02799100 -0.00137000
v 0.00285000 0.02705100 -0.00274900
v 0.00285000 0.02560500 -0.00358300
v 0.00285000 0.02394100 -0.00370800
v 0.00285000 0.02238800 -0.00309800
v 0.00285000 0.02224600 0.00556900
v 0.00285000 0.02309000 -0.00849300
v 0.00285000 0.02151500 -0.00576500
v 0.00285000 0.00900200 0.01934300
v 0.00285000 0.00851000 0.02093700
v 0.00285000 0.00875900 0.02258800
v 0.00285000 0.00969900 0.02396700
v 0.00285000 0.01114500 0.02480100
v 0.00285000 0.01280900 0.02492600
v 0.00285000 0.01436200 0.02431600
v 0.00285000 0.01549800 0.02309300
v 0.00285000 0.01599000 0.02149800
v 0.00285000 0.01574100 0.01984800
v 0.00285000 0.01480100 0.01846900
v 0.00285000 0.01335500 0.01763400
v 0.00285000 0.01169100 0.01751000
v 0.00285000 0.01013800 0.01811900
v 0.00285000 0.00419000 0.02424300
v 0.00285000 0.00576500 0.02151500
v 0.00285000 0.01594600 0.01648100
v 0.00285000 -0.01549800 0.01934300
v 0.00285000 -0.01599000 0.02093700
v 0.00285000 -0.01574100 0.02258800
v 0.00285000 -0.01480100 0.02396700
v 0.00285000 -0.01335500 0.02480100
v 0.00285000 -0.01169100 0.02492600
v 0.00285000 -0.01013800 0.02431600
v 0.00285000 -0.00900200 0.02309300
v 0.00285000 -0.00851000 0.02149800
v 0.00285000 -0.00875900 0.01984800
v 0.00285000 -0.00969900 0.01846900
v 0.00285000 -0.01114500 0.01763400
v 0.00285000 -0.01280900 0.01751000
v 0.00285000 -0.01436200 0.01811900
v 0.00285000 -0.01648100 0.01594600
v 0.00285000 -0.01690300 0.02297700
v 0.00285000 -0.00556900 0.02224600
v 0.00285000 -0.02774800 -0.00187500
v 0.00285000 -0.02824000 -0.00028000
v 0.00285000 -0.02799100 0.00137000
v 0.00285000 -0.02705100 0.00274900
v 0.00285000 -0.02560500 0.00358300
v 0.00285000 -0.02394100 0.00370800
v 0.00285000 -0.02238800 0.00309800
v 0.00285000 -0.02125200 0.00187500
v 0.00285000 -0.02076000 0.00028000
v 0.00285000 -0.02100900 -0.00137000
v 0.00285000 -0.02194900 -0.00274900
v 0.00285000 -0.02339500 -0.00358300
v 0.00285000 -0.02505900 -0.00370800
v 0.00285000 -0.02661200 -0.00309800
v 0.00285000 -0.02224600 -0.00556900
v 0.00285000 -0.02309000 0.00849300
v 0.00285000 -0.02151500 0.00576500
v 0.00285000 -0.01549800 -0.02309300
v 0.00285000 -0.01599000 -0.02149800
v 0.00285000 -0.01574100 -0.01984800
v 0.00285000 -0.01480100 -0.01846900
v 0.00285000 -0.01335500 -0.01763400
v 0.00285000 -0.01169100 -0.01751000
v 0.00285000 -0.01013800 -0.01811900
v 0.00285000 -0.00900200 -0.01934300
v 0.00285000 -0.00851000 -0.02093700
v 0.00285000 -0.00875900 -0.02258800
v 0.00285000 -0.00969900 -0.02396700
v 0.00285000 -0.01114500 -0.02480100
v 0.00285000 -0.01280900 -0.02492600
v 0.00285000 -0.01436200 -0.02431600
v 0.00285000 -0.01594600 -0.01648100
v 0.00285000 -0.00419000 -0.02424300
v 0.00285000 -0.00576500 -0.02151500
v 0.00285000 -0.02602700 -0.01774500
v 0.00285000 -0.02462800 -0.01964000
v 0.00285000 -0.02309100 -0.02142500
v 0.00285000 -0.02142500 -0.02309100
v 0.00285000 -0.01964000 -0.02462800
v 0.00285000 -0.01774500 -0.02602700
v 0.00285000 -0.01575000 -0.02728000
v 0.00285000 -0.01366700 -0.02838100
v 0.00285000 -0.01150800 -0.02932300
v 0.00285000 -0.00928500 -0.03010100
v 0.00285000 -0.00700900 -0.03071000
v 0.00285000 -0.00469500 -0.03114800
v 0.00285000 -0.00235400 -0.03141200
v 0.00285000 -0.00000000 -0.03150000
v 0.00285000 0.00235400 -0.03141200
v 0.00285000 0.00469500 -0.03114800
v 0.00285000 0.00700900 -0.03071000
v 0.00285000 0.00928500 -0.03010100
v 0.00285000 0.01150800 -0.02932300
v 0.00285000 0.01366700 -0.02838100
v 0.00285000 0.01575000 -0.02728000
v 0.00285000 0.01774500 -0.02602700
v 0.00285000 0.01964000 -0.02462800
v 0.00285000 0.02142500 -0.02309100
v 0.00285000 0.02309100 -0.02142500
v 0.00285000 0.02462800 -0.01964000
v 0.00285000 0.02602700 -0.01774500
v 0.00285000 0.02728000 -0.01575000
v 0.00285000 0.02838100 -0.01366700
v 0.00285000 0.02932300 -0.01150800
v 0.00285000 0.03010100 -0.00928500
v 0.00285000 0.03071000 -0.00700900
v 0.00285000 0.03114800 -0.00469500
v 0.00285000 0.03141200 -0.00235400
v 0.00285000 0.03150000 -0.00000000
v 0.00285000 0.03141200 0.00235400
v 0.00285000 0.03114800 0.00469500
v 0.00285000 0.03071000 0.00700900
v 0.00285000 0.03010100 0.00928500
v 0.00285000 0.02932300 0.01150800
v 0.00285000 0.02838100 0.01366700
v 0.00285000 0.02728000 0.01575000
v 0.00285000 0.02602700 0.01774500
v 0.00285000 0.02462800 0.01964000
v 0.00285000 0.02309100 0.02142500
v 0.00285000 0.02142500 0.02309100
v 0.00285000 0.01964000 0.02462800
v 0.00285000 0.01774500 0.02602700
v 0.00285000 0.01575000 0.02728000
v 0.00285000 0.01366700 0.02838100
v 0.00285000 0.01150800 0.02932300
v 0.00285000 0.00928500 0.03010100
v 0.00285000 0.00700900 0.03071000
v 0.00285000 0.00469500 0.03114800
v 0.00285000 0.00235400 0.03141200
v 0.00285000 0.00000000 0.03150000
v 0.00285000 -0.00235400 0.03141200
v 0.00285000 -0.00469500 0.03114800
v 0.00285000 -0.00700900 0.03071000
v 0.00285000 -0.00928500 0.03010100
v 0.00285000 -0.01150800 0.02932300
v 0.00285000 -0.01366700 0.02838100
v 0.00285000 -0.01575000 0.02728000
v 0.00285000 -0.01774500 0.02602700
v 0.00285000 -0.01964000 0.02462800
v 0.00285000 -0.02142500 0.02309100
v 0.00285000 -0.02309100 0.02142500
v 0.00285000 -0.02462800 0.01964000
v 0.00285000 -0.02602700 0.01774500
v 0.00285000 -0.02728000 0.01575000
v 0.00285000 -0.02838100 0.01366700
v 0.00285000 -0.02932300 0.01150800
v 0.00285000 -0.03010100 0.00928500
v 0.00285000 -0.03071000 0.00700900
v 0.00285000 -0.03114800 0.00469500
v 0.00285000 -0.03141200 0.00235400
v 0.00285000 -0.03150000 0.00000000
v 0.00285000 -0.03141200 -0.00235400
v 0.00285000 -0.03114800 -0.00469500
v 0.00285000 -0.03071000 -0.00700900
v 0.00285000 -0.03010100 -0.00928500
v 0.00285000 -0.02932300 -0.01150800
v 0.00285000 -0.02838100 -0.01366700
v 0.00285000 -0.01775400 -0.01025000
v 0.00285000 -0.01848600 -0.00886100
v 0.00285000 -0.01911000 -0.00742000
v 0.00285000 -0.01962200 -0.00593500
v 0.00285000 -0.02001900 -0.00441600
v 0.00285000 -0.02029800 -0.00287000
v 0.00285000 -0.02045800 -0.00130800
v 0.00285000 -0.02049800 0.00026200
v 0.00285000 -0.02041800 0.00183000
v 0.00285000 -0.02021800 0.00338800
v 0.00285000 -0.01989900 0.00492600
v 0.00285000 -0.01946400 0.00643400
v 0.00285000 -0.01891400 0.00790500
v 0.00285000 -0.01825400 0.00933000
v 0.00285000 -0.01748600 0.01070000
v 0.00285000 -0.01661600 0.01200700
v 0.00285000 -0.01564800 0.01324400
v 0.00285000 -0.01458800 0.01440300
v 0.00285000 -0.01344300 0.01547700
v 0.00285000 -0.01221800 0.01646100
v 0.00285000 -0.01092200 0.01734800
v 0.00285000 -0.00956200 0.01813300
v 0.00285000 -0.00814600 0.01881200
v 0.00285000 -0.00668200 0.01938000
v 0.00285000 -0.00517900 0.01983500
v 0.00285000 -0.00364600 0.02017300
v 0.00285000 -0.00209100 0.02039300
v 0.00285000 -0.00052400 0.02049300
v 0.00285000 0.00104700 0.02047300
v 0.00285000 0.00261100 0.02033300
v 0.00285000 0.00416000 0.02007400
v 0.00285000 0.00568400 0.01969600
v 0.00285000 0.00717500 0.01920300
v 0.00285000 0.00862400 0.01859800
v 0.00285000 0.01002200 0.01788300
v 0.00285000 0.01136200 0.01706300
v 0.00285000 0.01263500 0.01614300
v 0.00285000 0.01383400 0.01512900
v 0.00285000 0.01495100 0.01402600
v 0.00285000 0.01598100 0.01284000
v 0.00285000 0.01691700 0.01157900
v 0.00285000 0.01775400 0.01025000
v 0.00285000 0.01848600 0.00886100
v 0.00285000 0.01911000 0.00742000
v 0.00285000 0.01962200 0.00593500
v 0.00285000 0.02001900 0.00441600
v 0.00285000 0.02029800 0.00287000
v 0.00285000 0.02045800 0.00130800
v 0.00285000 0.02049800 -0.00026200
v 0.00285000 0.02041800 -0.00183000
v 0.00285000 0.02021800 -0.00338800
v 0.00285000 0.01989900 -0.00492600
v 0.00285000 0.01946400 -0.00643400
v 0.00285000 0.01891400 -0.00790500
v 0.00285000 0.01825400 -0.00933000
v 0.00285000 0.01748600 -0.01070000
v 0.00285000 0.01661600 -0.01200700
v 0.00285000 0.01564800 -0.01324400
v 0.00285000 0.01458800 -0.01440300
v 0.00285000 0.01344300 -0.01547700
v 0.00285000 0.01221800 -0.01646100
v 0.00285000 0.01092200 -0.01734800
v 0.00285000 0.00956200 -0.01813300
v 0.00285000 0.00814600 -0.01881200
v 0.00285000 0.00668200 -0.01938000
v 0.00285000 0.00517900 -0.01983500
v 0.00285000 0.00364600 -0.02017300
v 0.00285000 0.00209100 -0.02039300
v 0.00285000 0.00052400 -0.02049300
v 0.00285000 -0.00104700 -0.02047300
v 0.00285000 -0.00261100 -0.02033300
v 0.00285000 -0.00416000 -0.02007400
v 0.00285000 -0.00568400 -0.01969600
v 0.00285000 -0.00717500 -0.01920300
v 0.00285000 -0.00862400 -0.01859800
v 0.00285000 -0.01002200 -0.01788300
v 0.00285000 -0.01136200 -0.01706300
v 0.00285000 -0.01263500 -0.01614300
v 0.00285000 -0.01383400 -0.01512900
v 0.00285000 -0.01495100 -0.01402600
v 0.00285000 -0.01598100 -0.01284000
v 0.00285000 -0.01691700 -0.01157900
v 0.00285000 -0.02339900 -0.00987200
v 0.00285000 -0.01909600 -0.01102500
v 0.00285000 -0.02067100 -0.00829700
v 0.00285000 -0.02024900 -0.01532800
v 0.00285000 -0.01752100 -0.01375300
v 0.00285000 -0.01763400 0.01164300
v 0.00285000 -0.02193700 0.01279600
v 0.00285000 -0.02078400 0.01709900
v 0.00285000 -0.01920900 0.01437100
v 0.00285000 -0.00126600 0.02109300
v 0.00285000 -0.00011300 0.02539600
v 0.00285000 -0.00441600 0.02654900
v 0.00285000 -0.00284100 0.02382100
v 0.00285000 0.01909600 0.01102500
v 0.00285000 0.02024900 0.01532800
v 0.00285000 0.01752100 0.01375300
v 0.00285000 0.02339900 0.00987200
v 0.00285000 0.02067100 0.00829700
v 0.00285000 0.01763400 -0.01164300
v 0.00285000 0.02078400 -0.01709900
v 0.00285000 0.02193700 -0.01279600
v 0.00285000 0.01920900 -0.01437100
v 0.00285000 0.00011300 -0.02539600
v 0.00285000 0.00441600 -0.02654900
v 0.00285000 0.00126600 -0.02109300
v 0.00285000 0.00284100 -0.02382100
v 0.00285000 0.01854700 0.01915100
v 0.00285000 0.01832700 0.01990900
v 0.00285000 0.01848500 0.02068300
v 0.00285000 0.01898500 0.02129500
v 0.00285000 0.01971100 0.02160400
v 0.00285000 0.02049800 0.02154100
v 0.00285000 0.02116600 0.02111900
v 0.00285000 0.02156100 0.02043500
v 0.00285000 0.02159200 0.01964600
v 0.00285000 0.02125400 0.01893200
v 0.00285000 0.02062300 0.01845800
v 0.00285000 0.01984300 0.01833100
v 0.00285000 0.01909400 0.01858100
v 0.00285000 0.02455200 0.01417500
v 0.00285000 0.02297700 0.01690300
v 0.00285000 0.02218900 0.01826700
v 0.00285000 0.02434100 0.01769000
v 0.00285000 0.02355300 0.01905400
v 0.00285000 0.01946100 0.01669200
v 0.00285000 0.02161300 0.01611500
v 0.00285000 0.02082500 0.01747900
v 0.00285000 -0.02140500 0.01915100
v 0.00285000 -0.02162400 0.01990900
v 0.00285000 -0.02146600 0.02068300
v 0.00285000 -0.02096700 0.02129500
v 0.00285000 -0.02024000 0.02160400
v 0.00285000 -0.01945300 0.02154100
v 0.00285000 -0.01878600 0.02111900
v 0.00285000 -0.01839100 0.02043500
v 0.00285000 -0.01835900 0.01964600
v 0.00285000 -0.01869800 0.01893200
v 0.00285000 -0.01932900 0.01845800
v 0.00285000 -0.02010900 0.01833100
v 0.00285000 -0.02085800 0.01858100
v 0.00285000 -0.02235900 0.01982700
v 0.00285000 -0.02157100 0.01846300
v 0.00285000 -0.01942000 0.01788600
v 0.00285000 -0.01826700 0.02218900
v 0.00285000 -0.01769000 0.02434100
v 0.00285000 -0.01905400 0.02355300
v 0.00285000 -0.01611500 0.02161300
v 0.00285000 -0.01747900 0.02082500
v 0.00285000 -0.02140500 -0.02080100
v 0.00285000 -0.02162400 -0.02004200
v 0.00285000 -0.02146600 -0.01926800
v 0.00285000 -0.02096700 -0.01865700
v 0.00285000 -0.02024000 -0.01834700
v 0.00285000 -0.01945300 -0.01841100
v 0.00285000 -0.01878600 -0.01883300
v 0.00285000 -0.01839100 -0.01951700
v 0.00285000 -0.01835900 -0.02030600
v 0.00285000 -0.01869800 -0.02101900
v 0.00285000 -0.01932900 -0.02149400
v 0.00285000 -0.02010900 -0.02162000
v 0.00285000 -0.02085800 -0.02137000
v 0.00285000 -0.02455200 -0.01417500
v 0.00285000 -0.02297700 -0.01690300
v 0.00285000 -0.02218900 -0.01826700
v 0.00285000 -0.01946100 -0.01669200
v 0.00285000 -0.02161300 -0.01611500
v 0.00285000 -0.02082500 -0.01747900
v 0.00285000 0.01854700 -0.02080100
v 0.00285000 0.01832700 -0.02004200
v 0.00285000 0.01848500 -0.01926800
v 0.00285000 0.01898500 -0.01865700
v 0.00285000 0.01971100 -0.01834700
v 0.00285000 0.02049800 -0.01841100
v 0.00285000 0.02116600 -0.01883300
v 0.00285000 0.02156100 -0.01951700
v 0.00285000 0.02159200 -0.02030600
v 0.00285000 0.02125400 -0.02101900
v 0.00285000 0.02062300 -0.02149400
v 0.00285000 0.01984300 -0.02162000
v 0.00285000 0.01909400 -0.02137000
v 0.00285000 0.01611500 -0.02161300
v 0.00285000 0.01826700 -0.02218900
v 0.00285000 0.01747900 -0.02082500
v 0.00285000 0.02235900 -0.01982700
v 0.00285000 0.02157100 -0.01846300
v 0.00285000 0.01942000 -0.01788600
v -0.00115000 0.01043100 -0.02226800
v -0.00115000 0.01017500 -0.02154000
v -0.00115000 0.01019900 -0.02076800
v -0.00115000 0.01049900 -0.02005800
v -0.00115000 0.01103700 -0.01950400
v -0.00115000 0.01173800 -0.01918100
v -0.00115000 0.01250800 -0.01913400
v -0.00115000 0.01324300 -0.01936700
v -0.00115000 0.01384500 -0.01985100
v -0.00115000 0.01423100 -0.02052000
v -0.00115000 0.01434900 -0.02128200
v -0.00115000 0.01418400 -0.02203600
v -0.00115000 0.01375800 -0.02268000
v -0.00115000 0.01312800 -0.02312500
v -0.00115000 0.01237900 -0.02331400
v -0.00115000 0.01161300 -0.02321900
v -0.00115000 0.01093300 -0.02285400
v -0.00115000 0.00900200 -0.02309300
v -0.00115000 0.00946300 -0.02372700
v -0.00115000 0.01004600 -0.02425100
v -0.00115000 0.01072500 -0.02464300
v -0.00115000 0.01147000 -0.02488600
v -0.00115000 0.01225000 -0.02496800
v -0.00115000 0.01303000 -0.02488600
v -0.00115000 0.01377500 -0.02464300
v -0.00115000 0.01445400 -0.02425100
v -0.00115000 0.01503700 -0.02372700
v -0.00115000 0.01549800 -0.02309300
v -0.00115000 0.01581600 -0.02237600
v -0.00115000 0.01597900 -0.02161000
v -0.00115000 0.01597900 -0.02082600
v -0.00115000 0.01581600 -0.02005900
v -0.00115000 0.01549800 -0.01934300
v -0.00115000 0.01503700 -0.01870800
v -0.00115000 0.01445400 -0.01818400
v -0.00115000 0.01377500 -0.01779200
v -0.00115000 0.01303000 -0.01755000
v -0.00115000 0.01225000 -0.01746800
v -0.00115000 0.01147000 -0.01755000
v -0.00115000 0.01072500 -0.01779200
v -0.00115000 0.01004600 -0.01818400
v -0.00115000 0.00946300 -0.01870800
v -0.00115000 0.00900200 -0.01934300
v -0.00115000 0.00868400 -0.02005900
v -0.00115000 0.00852100 -0.02082600
v -0.00115000 0.00852100 -0.02161000
v -0.00115000 0.00868400 -0.02237600
v -0.00115000 0.01376600 -0.01848700
v -0.00115000 0.01230300 -0.01809400
v -0.00115000 0.01483800 -0.02034200
v -0.00115000 0.01044700 -0.01916600
v -0.00115000 0.01537300 -0.02127000
v -0.00115000 0.01498100 -0.02273400
v -0.00115000 0.01312500 -0.02380500
v -0.00115000 0.00951900 -0.01970100
v -0.00115000 0.00912700 -0.02116500
v -0.00115000 0.01019800 -0.02302100
v -0.00115000 0.01219700 -0.02434100
v -0.00115000 0.01073400 -0.02394900
v -0.00115000 0.00900200 -0.02309300
v 0.00285000 0.00900200 -0.02309300
v -0.00115000 0.01549800 -0.01934300
v 0.00285000 0.01549800 -0.01934300
v -0.00115000 0.00900200 -0.02309300
v 0.00285000 0.00900200 -0.02309300
v -0.00115000 0.00946300 -0.02372700
v -0.00115000 0.01004600 -0.02425100
v -0.00115000 0.01072500 -0.02464300
v -0.00115000 0.01147000 -0.02488600
v -0.00115000 0.01225000 -0.02496800
v -0.00115000 0.01303000 -0.02488600
v -0.00115000 0.01377500 -0.02464300
v -0.00115000 0.01445400 -0.02425100
v -0.00115000 0.01503700 -0.02372700
v -0.00115000 0.01549800 -0.02309300
v -0.00115000 0.01581600 -0.02237600
v -0.00115000 0.01597900 -0.02161000
v -0.00115000 0.01597900 -0.02082600
v -0.00115000 0.01581600 -0.02005900
v -0.00115000 0.01503700 -0.01870800
v -0.00115000 0.01445400 -0.01818400
v -0.00115000 0.01377500 -0.01779200
v -0.00115000 0.01303000 -0.01755000
v -0.00115000 0.01225000 -0.01746800
v -0.00115000 0.01147000 -0.01755000
v -0.00115000 0.01072500 -0.01779200
v -0.00115000 0.01004600 -0.01818400
v -0.00115000 0.00946300 -0.01870800
v -0.00115000 0.00900200 -0.01934300
v -0.00115000 0.00868400 -0.02005900
v -0.00115000 0.00852100 -0.02082600
v -0.00115000 0.00852100 -0.02161000
v -0.00115000 0.00868400 -0.02237600
v 0.00085000 0.00900200 -0.02309300
v 0.00085000 0.00900200 -0.02309300
v 0.00285000 0.00851000 -0.02149800
v 0.00285000 0.00875900 -0.01984800
v 0.00285000 0.00969900 -0.01846900
v 0.00285000 0.01114500 -0.01763400
v 0.00285000 0.01280900 -0.01751000
v 0.00285000 0.01436200 -0.01811900
v 0.00285000 0.01599000 -0.02093700
v 0.00285000 0.01574100 -0.02258800
v 0.00285000 0.01480100 -0.02396700
v 0.00285000 0.01335500 -0.02480100
v 0.00285000 0.01169100 -0.02492600
v 0.00285000 0.01013800 -0.02431600
v -0.00115000 0.02268100 -0.00105000
v -0.00115000 0.02242500 -0.00032200
v -0.00115000 0.02244900 0.00044900
v -0.00115000 0.02274900 0.00116000
v -0.00115000 0.02328700 0.00171400
v -0.00115000 0.02398800 0.00203700
v -0.00115000 0.02475800 0.00208400
v -0.00115000 0.02549300 0.00185000
v -0.00115000 0.02609500 0.00136600
v -0.00115000 0.02648100 0.00069800
v -0.00115000 0.02659900 -0.00006500
v -0.00115000 0.02643400 -0.00081900
v -0.00115000 0.02600800 -0.00146200
v -0.00115000 0.02537800 -0.00190800
v -0.00115000 0.02462900 -0.00209600
v -0.00115000 0.02386300 -0.00200100
v -0.00115000 0.02318300 -0.00163600
v -0.00115000 0.02125200 -0.00187500
v -0.00115000 0.02171300 -0.00250900
v -0.00115000 0.02229600 -0.00303400
v -0.00115000 0.02297500 -0.00342600
v -0.00115000 0.02372000 -0.00366800
v -0.00115000 0.02450000 -0.00375000
v -0.00115000 0.02528000 -0.00366800
v -0.00115000 0.02602500 -0.00342600
v -0.00115000 0.02670400 -0.00303400
v -0.00115000 0.02728700 -0.00250900
v -0.00115000 0.02774800 -0.00187500
v -0.00115000 0.02806600 -0.00115900
v -0.00115000 0.02822900 -0.00039200
v -0.00115000 0.02822900 0.00039200
v -0.00115000 0.02806600 0.00115900
v -0.00115000 0.02774800 0.00187500
v -0.00115000 0.02728700 0.00250900
v -0.00115000 0.02670400 0.00303400
v -0.00115000 0.02602500 0.00342600
v -0.00115000 0.02528000 0.00366800
v -0.00115000 0.02450000 0.00375000
v -0.00115000 0.02372000 0.00366800
v -0.00115000 0.02297500 0.00342600
v -0.00115000 0.02229600 0.00303400
v -0.00115000 0.02171300 0.00250900
v -0.00115000 0.02125200 0.00187500
v -0.00115000 0.02093400 0.00115900
v -0.00115000 0.02077100 0.00039200
v -0.00115000 0.02077100 -0.00039200
v -0.00115000 0.02093400 -0.00115900
v -0.00115000 0.02601600 0.00273100
v -0.00115000 0.02708800 0.00087500
v -0.00115000 0.02455300 0.00312300
v -0.00115000 0.02269700 0.00205200
v -0.00115000 0.02762300 -0.00005300
v -0.00115000 0.02723100 -0.00151600
v -0.00115000 0.02537500 -0.00258800
v -0.00115000 0.02176900 0.00151600
v -0.00115000 0.02137700 0.00005300
v -0.00115000 0.02244800 -0.00180300
v -0.00115000 0.02444700 -0.00312300
v -0.00115000 0.02298400 -0.00273100
v -0.00115000 0.02125200 -0.00187500
v 0.00285000 0.02125200 -0.00187500
v -0.00115000 0.02774800 0.00187500
v 0.00285000 0.02774800 0.00187500
v -0.00115000 0.02125200 -0.00187500
v 0.00285000 0.02125200 -0.00187500
v -0.00115000 0.02171300 -0.00250900
v -0.00115000 0.02229600 -0.00303400
v -0.00115000 0.02297500 -0.00342600
v -0.00115000 0.02372000 -0.00366800
v -0.00115000 0.02450000 -0.00375000
v -0.00115000 0.02528000 -0.00366800
v -0.00115000 0.02602500 -0.00342600
v -0.00115000 0.02670400 -0.00303400
v -0.00115000 0.02728700 -0.00250900
v -0.00115000 0.02774800 -0.00187500
v -0.00115000 0.02806600 -0.00115900
v -0.00115000 0.02822900 -0.00039200
v -0.00115000 0.02822900 0.00039200
v -0.00115000 0.02806600 0.00115900
v -0.00115000 0.02728700 0.00250900
v -0.00115000 0.02670400 0.00303400
v -0.00115000 0.02602500 0.00342600
v -0.00115000 0.02528000 0.00366800
v -0.00115000 0.02450000 0.00375000
v -0.00115000 0.02372000 0.00366800
v -0.00115000 0.02297500 0.00342600
v -0.00115000 0.02229600 0.00303400
v -0.00115000 0.02171300 0.00250900
v -0.00115000 0.02125200 0.00187500
v -0.00115000 0.02093400 0.00115900
v -0.00115000 0.02077100 0.00039200
v -0.00115000 0.02077100 -0.00039200
v -0.00115000 0.02093400 -0.00115900
v 0.00085000 0.02125200 -0.00187500
v 0.00085000 0.02125200 -0.00187500
v 0.00285000 0.02076000 -0.00028000
v 0.00285000 0.02100900 0.00137000
v 0.00285000 0.02194900 0.00274900
v 0.00285000 0.02339500 0.00358300
v 0.00285000 0.02505900 0.00370800
v 0.00285000 0.02661200 0.00309800
v 0.00285000 0.02824000 0.00028000
v 0.00285000 0.02799100 -0.00137000
v 0.00285000 0.02705100 -0.00274900
v 0.00285000 0.02560500 -0.00358300
v 0.00285000 0.02394100 -0.00370800
v 0.00285000 0.02238800 -0.00309800
v -0.00115000 0.01043100 0.02016800
v -0.00115000 0.01017500 0.02089600
v -0.00115000 0.01019900 0.02166700
v -0.00115000 0.01049900 0.02237800
v -0.00115000 0.01103700 0.02293200
v -0.00115000 0.01173800 0.02325400
v -0.00115000 0.01250800 0.02330200
v -0.00115000 0.01324300 0.02306800
v -0.00115000 0.01384500 0.02258400
v -0.00115000 0.01423100 0.02191600
v -0.00115000 0.01434900 0.02115300
v -0.00115000 0.01418400 0.02039900
v -0.00115000 0.01375800 0.01975600
v -0.00115000 0.01312800 0.01931000
v -0.00115000 0.01237900 0.01912200
v -0.00115000 0.01161300 0.01921600
v -0.00115000 0.01093300 0.01958200
v -0.00115000 0.00900200 0.01934300
v -0.00115000 0.00946300 0.01870800
v -0.00115000 0.01004600 0.01818400
v -0.00115000 0.01072500 0.01779200
v -0.00115000 0.01147000 0.01755000
v -0.00115000 0.01225000 0.01746800
v -0.00115000 0.01303000 0.01755000
v -0.00115000 0.01377500 0.01779200
v -0.00115000 0.01445400 0.01818400
v -0.00115000 0.01503700 0.01870800
v -0.00115000 0.01549800 0.01934300
v -0.00115000 0.01581600 0.02005900
v -0.00115000 0.01597900 0.02082600
v -0.00115000 0.01597900 0.02161000
v -0.00115000 0.01581600 0.02237600
v -0.00115000 0.01549800 0.02309300
v -0.00115000 0.01503700 0.02372700
v -0.00115000 0.01445400 0.02425100
v -0.00115000 0.01377500 0.02464300
v -0.00115000 0.01303000 0.02488600
v -0.00115000 0.01225000 0.02496800
v -0.00115000 0.01147000 0.02488600
v -0.00115000 0.01072500 0.02464300
v -0.00115000 0.01004600 0.02425100
v -0.00115000 0.00946300 0.02372700
v -0.00115000 0.00900200 0.02309300
v -0.00115000 0.00868400 0.02237600
v -0.00115000 0.00852100 0.02161000
v -0.00115000 0.00852100 0.02082600
v -0.00115000 0.00868400 0.02005900
v -0.00115000 0.01376600 0.02394900
v -0.00115000 0.01230300 0.02434100
v -0.00115000 0.01483800 0.02209300
v -0.00115000 0.01044700 0.02326900
v -0.00115000 0.01537300 0.02116500
v -0.00115000 0.01498100 0.01970100
v -0.00115000 0.01312500 0.01863000
v -0.00115000 0.00951900 0.02273400
v -0.00115000 0.00912700 0.02127000
v -0.00115000 0.01019800 0.01941400
v -0.00115000 0.01219700 0.01809400
v -0.00115000 0.01073400 0.01848700
v -0.00115000 0.00900200 0.01934300
v 0.00285000 0.00900200 0.01934300
v -0.00115000 0.01549800 0.02309300
v 0.00285000 0.01549800 0.02309300
v -0.00115000 0.00900200 0.01934300
v 0.00285000 0.00900200 0.01934300
v -0.00115000 0.00946300 0.01870800
v -0.00115000 0.01004600 0.01818400
v -0.00115000 0.01072500 0.01779200
v -0.00115000 0.01147000 0.01755000
v -0.00115000 0.01225000 0.01746800
v -0.00115000 0.01303000 0.01755000
v -0.00115000 0.01377500 0.01779200
v -0.00115000 0.01445400 0.01818400
v -0.00115000 0.01503700 0.01870800
v -0.00115000 0.01549800 0.01934300
v -0.00115000 0.01581600 0.02005900
v -0.00115000 0.01597900 0.02082600
v -0.00115000 0.01597900 0.02161000
v -0.00115000 0.01581600 0.02237600
v -0.00115000 0.01503700 0.02372700
v -0.00115000 0.01445400 0.02425100
v -0.00115000 0.01377500 0.02464300
v -0.00115000 0.01303000 0.02488600
v -0.00115000 0.01225000 0.02496800
v -0.00115000 0.01147000 0.02488600
v -0.00115000 0.01072500 0.02464300
v -0.00115000 0.01004600 0.02425100
v -0.00115000 0.00946300 0.02372700
v -0.00115000 0.00900200 0.02309300
v -0.00115000 0.00868400 0.02237600
v -0.00115000 0.00852100 0.02161000
v -0.00115000 0.00852100 0.02082600
v -0.00115000 0.00868400 0.02005900
v 0.00085000 0.00900200 0.01934300
v 0.00085000 0.00900200 0.01934300
v 0.00285000 0.00851000 0.02093700
v 0.00285000 0.00875900 0.02258800
v 0.00285000 0.00969900 0.02396700
v 0.00285000 0.01114500 0.02480100
v 0.00285000 0.01280900 0.02492600
v 0.00285000 0.01436200 0.02431600
v 0.00285000 0.01599000 0.02149800
v 0.00285000 0.01574100 0.01984800
v 0.00285000 0.01480100 0.01846900
v 0.00285000 0.01335500 0.01763400
v 0.00285000 0.01169100 0.01751000
v 0.00285000 0.01013800 0.01811900
v -0.00115000 -0.01406900 0.02016800
v -0.00115000 -0.01432500 0.02089600
v -0.00115000 -0.01430100 0.02166700
v -0.00115000 -0.01400100 0.02237800
v -0.00115000 -0.01346300 0.02293200
v -0.00115000 -0.01276200 0.02325400
v -0.00115000 -0.01199200 0.02330200
v -0.00115000 -0.01125700 0.02306800
v -0.00115000 -0.01065500 0.02258400
v -0.00115000 -0.01026900 0.02191600
v -0.00115000 -0.01015100 0.02115300
v -0.00115000 -0.01031600 0.02039900
v -0.00115000 -0.01074200 0.01975600
v -0.00115000 -0.01137200 0.01931000
v -0.00115000 -0.01212100 0.01912200
v -0.00115000 -0.01288700 0.01921600
v -0.00115000 -0.01356700 0.01958200
v -0.00115000 -0.01549800 0.01934300
v -0.00115000 -0.01503700 0.01870800
v -0.00115000 -0.01445400 0.01818400
v -0.00115000 -0.01377500 0.01779200
v -0.00115000 -0.01303000 0.01755000
v -0.00115000 -0.01225000 0.01746800
v -0.00115000 -0.01147000 0.01755000
v -0.00115000 -0.01072500 0.01779200
v -0.00115000 -0.01004600 0.01818400
v -0.00115000 -0.00946300 0.01870800
v -0.00115000 -0.00900200 0.01934300
v -0.00115000 -0.00868400 0.02005900
v -0.00115000 -0.00852100 0.02082600
v -0.00115000 -0.00852100 0.02161000
v -0.00115000 -0.00868400 0.02237600
v -0.00115000 -0.00900200 0.02309300
v -0.00115000 -0.00946300 0.02372700
v -0.00115000 -0.01004600 0.02425100
v -0.00115000 -0.01072500 0.02464300
v -0.00115000 -0.01147000 0.02488600
v -0.00115000 -0.01225000 0.02496800
v -0.00115000 -0.01303000 0.02488600
v -0.00115000 -0.01377500 0.02464300
v -0.00115000 -0.01445400 0.02425100
v -0.00115000 -0.01503700 0.02372700
v -0.00115000 -0.01549800 0.02309300
v -0.00115000 -0.01581600 0.02237600
v -0.00115000 -0.01597900 0.02161000
v -0.00115000 -0.01597900 0.02082600
v -0.00115000 -0.01581600 0.02005900
v -0.00115000 -0.01073400 0.02394900
v -0.00115000 -0.01219700 0.02434100
v -0.00115000 -0.00966200 0.02209300
v -0.00115000 -0.01405300 0.02326900
v -0.00115000 -0.00912700 0.02116500
v -0.00115000 -0.00951900 0.01970100
v -0.00115000 -0.01137500 0.01863000
v -0.00115000 -0.01498100 0.02273400
v -0.00115000 -0.01537300 0.02127000
v -0.00115000 -0.01430200 0.01941400
v -0.00115000 -0.01230300 0.01809400
v -0.00115000 -0.01376600 0.01848700
v -0.00115000 -0.01549800 0.01934300
v 0.00285000 -0.01549800 0.01934300
v -0.00115000 -0.00900200 0.02309300
v 0.00285000 -0.00900200 0.02309300
v -0.00115000 -0.01549800 0.01934300
v 0.00285000 -0.01549800 0.01934300
v -0.00115000 -0.01503700 0.01870800
v -0.00115000 -0.01445400 0.01818400
v -0.00115000 -0.01377500 0.01779200
v -0.00115000 -0.01303000 0.01755000
v -0.00115000 -0.01225000 0.01746800
v -0.00115000 -0.01147000 0.01755000
v -0.00115000 -0.01072500 0.01779200
v -0.00115000 -0.01004600 0.01818400
v -0.00115000 -0.00946300 0.01870800
v -0.00115000 -0.00900200 0.01934300
v -0.00115000 -0.00868400 0.02005900
v -0.00115000 -0.00852100 0.02082600
v -0.00115000 -0.00852100 0.02161000
v -0.00115000 -0.00868400 0.02237600
v -0.00115000 -0.00946300 0.02372700
v -0.00115000 -0.01004600 0.02425100
v -0.00115000 -0.01072500 0.02464300
v -0.00115000 -0.01147000 0.02488600
v -0.00115000 -0.01225000 0.02496800
v -0.00115000 -0.01303000 0.02488600
v -0.00115000 -0.01377500 0.02464300
v -0.00115000 -0.01445400 0.02425100
v -0.00115000 -0.01503700 0.02372700
v -0.00115000 -0.01549800 0.02309300
v -0.00115000 -0.01581600 0.02237600
v -0.00115000 -0.01597900 0.02161000
v -0.00115000 -0.01597900 0.02082600
v -0.00115000 -0.01581600 0.02005900
v 0.00085000 -0.01549800 0.01934300
v 0.00085000 -0.01549800 0.01934300
v 0.00285000 -0.01599000 0.02093700
v 0.00285000 -0.01574100 0.02258800
v 0.00285000 -0.01480100 0.02396700
v 0.00285000 -0.01335500 0.02480100
v 0.00285000 -0.01169100 0.02492600
v 0.00285000 -0.01013800 0.02431600
v 0.00285000 -0.00851000 0.02149800
v 0.00285000 -0.00875900 0.01984800
v 0.00285000 -0.00969900 0.01846900
v 0.00285000 -0.01114500 0.01763400
v 0.00285000 -0.01280900 0.01751000
v 0.00285000 -0.01436200 0.01811900
v -0.00115000 -0.02631900 -0.00105000
v -0.00115000 -0.02657500 -0.00032200
v -0.00115000 -0.02655100 0.00044900
v -0.00115000 -0.02625100 0.00116000
v -0.00115000 -0.02571300 0.00171400
v -0.00115000 -0.02501200 0.00203700
v -0.00115000 -0.02424200 0.00208400
v -0.00115000 -0.02350700 0.00185000
v -0.00115000 -0.02290500 0.00136600
v -0.00115000 -0.02251900 0.00069800
v -0.00115000 -0.02240100 -0.00006500
v -0.00115000 -0.02256600 -0.00081900
v -0.00115000 -0.02299200 -0.00146200
v -0.00115000 -0.02362200 -0.00190800
v -0.00115000 -0.02437100 -0.00209600
v -0.00115000 -0.02513700 -0.00200100
v -0.00115000 -0.02581700 -0.00163600
v -0.00115000 -0.02774800 -0.00187500
v -0.00115000 -0.02728700 -0.00250900
v -0.00115000 -0.02670400 -0.00303400
v -0.00115000 -0.02602500 -0.00342600
v -0.00115000 -0.02528000 -0.00366800
v -0.00115000 -0.02450000 -0.00375000
v -0.00115000 -0.02372000 -0.00366800
v -0.00115000 -0.02297500 -0.00342600
v -0.00115000 -0.02229600 -0.00303400
v -0.00115000 -0.02171300 -0.00250900
v -0.00115000 -0.02125200 -0.00187500
v -0.00115000 -0.02093400 -0.00115900
v -0.00115000 -0.02077100 -0.00039200
v -0.00115000 -0.02077100 0.00039200
v -0.00115000 -0.02093400 0.00115900
v -0.00115000 -0.02125200 0.00187500
v -0.00115000 -0.02171300 0.00250900
v -0.00115000 -0.02229600 0.00303400
v -0.00115000 -0.02297500 0.00342600
v -0.00115000 -0.02372000 0.00366800
v -0.00115000 -0.02450000 0.00375000
v -0.00115000 -0.02528000 0.00366800
v -0.00115000 -0.02602500 0.00342600
v -0.00115000 -0.02670400 0.00303400
v -0.00115000 -0.02728700 0.00250900
v -0.00115000 -0.02774800 0.00187500
v -0.00115000 -0.02806600 0.00115900
v -0.00115000 -0.02822900 0.00039200
v -0.00115000 -0.02822900 -0.00039200
v -0.00115000 -0.02806600 -0.00115900
v -0.00115000 -0.02298400 0.00273100
v -0.00115000 -0.02444700 0.00312300
v -0.00115000 -0.02191200 0.00087500
v -0.00115000 -0.02630300 0.00205200
v -0.00115000 -0.02137700 -0.00005300
v -0.00115000 -0.02176900 -0.00151600
v -0.00115000 -0.02362500 -0.00258800
v -0.00115000 -0.02723100 0.00151600
v -0.00115000 -0.02762300 0.00005300
v -0.00115000 -0.02655200 -0.00180300
v -0.00115000 -0.02455300 -0.00312300
v -0.00115000 -0.02601600 -0.00273100
v -0.00115000 -0.02774800 -0.00187500
v 0.00285000 -0.02774800 -0.00187500
v -0.00115000 -0.02125200 0.00187500
v 0.00285000 -0.02125200 0.00187500
v -0.00115000 -0.02774800 -0.00187500
v 0.00285000 -0.02774800 -0.00187500
v -0.00115000 -0.02728700 -0.00250900
v -0.00115000 -0.02670400 -0.00303400
v -0.00115000 -0.02602500 -0.00342600
v -0.00115000 -0.02528000 -0.00366800
v -0.00115000 -0.02450000 -0.00375000
v -0.00115000 -0.02372000 -0.00366800
v -0.00115000 -0.02297500 -0.00342600
v -0.00115000 -0.02229600 -0.00303400
v -0.00115000 -0.02171300 -0.00250900
v -0.00115000 -0.02125200 -0.00187500
v -0.00115000 -0.02093400 -0.00115900
v -0.00115000 -0.02077100 -0.00039200
v -0.00115000 -0.02077100 0.00039200
v -0.00115000 -0.02093400 0.00115900
v -0.00115000 -0.02171300 0.00250900
v -0.00115000 -0.02229600 0.00303400
v -0.00115000 -0.02297500 0.00342600
v -0.00115000 -0.02372000 0.00366800
v -0.00115000 -0.02450000 0.00375000
v -0.00115000 -0.02528000 0.00366800
v -0.00115000 -0.02602500 0.00342600
v -0.00115000 -0.02670400 0.00303400
v -0.00115000 -0.02728700 0.00250900
v -0.00115000 -0.02774800 0.00187500
v -0.00115000 -0.02806600 0.00115900
v -0.00115000 -0.02822900 0.00039200
v -0.00115000 -0.02822900 -0.00039200
v -0.00115000 -0.02806600 -0.00115900
v 0.00085000 -0.02774800 -0.00187500
v 0.00085000 -0.02774800 -0.00187500
v 0.00285000 -0.02824000 -0.00028000
v 0.00285000 -0.02799100 0.00137000
v 0.00285000 -0.02705100 0.00274900
v 0.00285000 -0.02560500 0.00358300
v 0.00285000 -0.02394100 0.00370800
v 0.00285000 -0.02238800 0.00309800
v 0.00285000 -0.02076000 0.00028000
v 0.00285000 -0.02100900 -0.00137000
v 0.00285000 -0.02194900 -0.00274900
v 0.00285000 -0.02339500 -0.00358300
v 0.00285000 -0.02505900 -0.00370800
v 0.00285000 -0.02661200 -0.00309800
v -0.00115000 -0.01406900 -0.02226800
v -0.00115000 -0.01432500 -0.02154000
v -0.00115000 -0.01430100 -0.02076800
v -0.00115000 -0.01400100 -0.02005800
v -0.00115000 -0.01346300 -0.01950400
v -0.00115000 -0.01276200 -0.01918100
v -0.00115000 -0.01199200 -0.01913400
v -0.00115000 -0.01125700 -0.01936700
v -0.00115000 -0.01065500 -0.01985100
v -0.00115000 -0.01026900 -0.02052000
v -0.00115000 -0.01015100 -0.02128200
v -0.00115000 -0.01031600 -0.02203600
v -0.00115000 -0.01074200 -0.02268000
v -0.00115000 -0.01137200 -0.02312500
v -0.00115000 -0.01212100 -0.02331400
v -0.00115000 -0.01288700 -0.02321900
v -0.00115000 -0.01356700 -0.02285400
v -0.00115000 -0.01549800 -0.02309300
v -0.00115000 -0.01503700 -0.02372700
v -0.00115000 -0.01445400 -0.02425100
v -0.00115000 -0.01377500 -0.02464300
v -0.00115000 -0.01303000 -0.02488600
v -0.00115000 -0.01225000 -0.02496800
v -0.00115000 -0.01147000 -0.02488600
v -0.00115000 -0.01072500 -0.02464300
v -0.00115000 -0.01004600 -0.02425100
v -0.00115000 -0.00946300 -0.02372700
v -0.00115000 -0.00900200 -0.02309300
v -0.00115000 -0.00868400 -0.02237600
v -0.00115000 -0.00852100 -0.02161000
v -0.00115000 -0.00852100 -0.02082600
v -0.00115000 -0.00868400 -0.02005900
v -0.00115000 -0.00900200 -0.01934300
v -0.00115000 -0.00946300 -0.01870800
v -0.00115000 -0.01004600 -0.01818400
v -0.00115000 -0.01072500 -0.01779200
v -0.00115000 -0.01147000 -0.01755000
v -0.00115000 -0.01225000 -0.01746800
v -0.00115000 -0.01303000 -0.01755000
v -0.00115000 -0.01377500 -0.01779200
v -0.00115000 -0.01445400 -0.01818400
v -0.00115000 -0.01503700 -0.01870800
v -0.00115000 -0.01549800 -0.01934300
v -0.00115000 -0.01581600 -0.02005900
v -0.00115000 -0.01597900 -0.02082600
v -0.00115000 -0.01597900 -0.02161000
v -0.00115000 -0.01581600 -0.02237600
v -0.00115000 -0.01073400 -0.01848700
v -0.00115000 -0.00966200 -0.02034200
v -0.00115000 -0.01219700 -0.01809400
v -0.00115000 -0.01405300 -0.01916600
v -0.00115000 -0.00912700 -0.02127000
v -0.00115000 -0.00951900 -0.02273400
v -0.00115000 -0.01137500 -0.02380500
v -0.00115000 -0.01498100 -0.01970100
v -0.00115000 -0.01537300 -0.02116500
v -0.00115000 -0.01430200 -0.02302100
v -0.00115000 -0.01230300 -0.02434100
v -0.00115000 -0.01376600 -0.02394900
v -0.00115000 -0.01549800 -0.02309300
v 0.00285000 -0.01549800 -0.02309300
v -0.00115000 -0.00900200 -0.01934300
v 0.00285000 -0.00900200 -0.01934300
v -0.00115000 -0.01549800 -0.02309300
v 0.00285000 -0.01549800 -0.02309300
v -0.00115000 -0.01503700 -0.02372700
v -0.00115000 -0.01445400 -0.02425100
v -0.00115000 -0.01377500 -0.02464300
v -0.00115000 -0.01303000 -0.02488600
v -0.00115000 -0.01225000 -0.02496800
v -0.00115000 -0.01147000 -0.02488600
v -0.00115000 -0.01072500 -0.02464300
v -0.00115000 -0.01004600 -0.02425100
v -0.00115000 -0.00946300 -0.02372700
v -0.00115000 -0.00900200 -0.02309300
v -0.00115000 -0.00868400 -0.02237600
v -0.00115000 -0.00852100 -0.02161000
v -0.00115000 -0.00852100 -0.02082600
v -0.00115000 -0.00868400 -0.02005900
v -0.00115000 -0.00946300 -0.01870800
v -0.00115000 -0.01004600 -0.01818400
v -0.00115000 -0.01072500 -0.01779200
v -0.00115000 -0.01147000 -0.01755000
v -0.00115000 -0.01225000 -0.01746800
v -0.00115000 -0.01303000 -0.01755000
v -0.00115000 -0.01377500 -0.01779200
v -0.00115000 -0.01445400 -0.01818400
v -0.00115000 -0.01503700 -0.01870800
v -0.00115000 -0.01549800 -0.01934300
v -0.00115000 -0.01581600 -0.02005900
v -0.00115000 -0.01597900 -0.02082600
v -0.00115000 -0.01597900 -0.02161000
v -0.00115000 -0.01581600 -0.02237600
v 0.00085000 -0.01549800 -0.02309300
v 0.00085000 -0.01549800 -0.02309300
v 0.00285000 -0.01599000 -0.02149800
v 0.00285000 -0.01574100 -0.01984800
v 0.00285000 -0.01480100 -0.01846900
v 0.00285000 -0.01335500 -0.01763400
v 0.00285000 -0.01169100 -0.01751000
v 0.00285000 -0.01013800 -0.01811900
v 0.00285000 -0.00851000 -0.02093700
v 0.00285000 -0.00875900 -0.02258800
v 0.00285000 -0.00969900 -0.02396700
v 0.00285000 -0.01114500 -0.02480100
v 0.00285000 -0.01280900 -0.02492600
v 0.00285000 -0.01436200 -0.02431600
v 0.00235000 -0.01732100 -0.01000000
v 0.00235000 0.01000000 -0.01732100
v 0.00235000 0.01732100 0.01000000
v 0.00235000 -0.01732100 -0.01000000
v -0.00045000 0.01823500 0.00821400
v -0.00165000 0.01823500 0.00821400
v -0.00285000 0.01823500 0.00821400
v -0.00025000 0.01732100 0.01000000
v -0.00025000 0.01790200 0.00891700
v -0.00285000 0.01823500 -0.00821400
v -0.00165000 0.01823500 -0.00821400
v -0.00045000 0.01823500 -0.00821400
v 0.00235000 -0.01805200 -0.00861000
v 0.00235000 -0.01867200 -0.00716700
v 0.00235000 -0.01917600 -0.00568000
v 0.00235000 -0.01956300 -0.00415800
v 0.00235000 -0.01982900 -0.00261100
v 0.00235000 -0.01997300 -0.00104700
v 0.00235000 -0.01999300 0.00052400
v 0.00235000 -0.01989000 0.00209100
v 0.00235000 -0.01966500 0.00364500
v 0.00235000 -0.01931900 0.00517600
v 0.00235000 -0.01885300 0.00667600
v 0.00235000 -0.01827100 0.00813500
v 0.00235000 -0.01757600 0.00954300
v 0.00235000 -0.01677300 0.01089300
v 0.00235000 -0.01586700 0.01217500
v 0.00235000 -0.01486300 0.01338300
v 0.00235000 -0.01376700 0.01450700
v 0.00235000 -0.01258600 0.01554300
v 0.00235000 -0.01132800 0.01648300
v 0.00235000 -0.01000000 0.01732100
v 0.00235000 -0.00861000 0.01805200
v 0.00235000 -0.00716700 0.01867200
v 0.00235000 -0.00568000 0.01917600
v 0.00235000 -0.00415800 0.01956300
v 0.00235000 -0.00261100 0.01982900
v 0.00235000 -0.00104700 0.01997300
v 0.00235000 0.00052400 0.01999300
v 0.00235000 0.00209100 0.01989000
v 0.00235000 0.00364500 0.01966500
v 0.00235000 0.00517600 0.01931900
v 0.00235000 0.00667600 0.01885300
v 0.00235000 0.00813500 0.01827100
v 0.00235000 0.00954300 0.01757600
v 0.00235000 0.01089300 0.01677300
v 0.00235000 0.01217500 0.01586700
v 0.00235000 0.01338300 0.01486300
v 0.00235000 0.01450700 0.01376700
v 0.00235000 0.01554300 0.01258600
v 0.00235000 0.01648300 0.01132800
v 0.00235000 0.01805200 0.00861000
v 0.00235000 0.01867200 0.00716700
v 0.00235000 0.01917600 0.00568000
v 0.00235000 0.01956300 0.00415800
v 0.00235000 0.01982900 0.00261100
v 0.00235000 0.01997300 0.00104700
v 0.00235000 0.01999300 -0.00052400
v 0.00235000 0.01989000 -0.00209100
v 0.00235000 0.01966500 -0.00364500
v 0.00235000 0.01931900 -0.00517600
v 0.00235000 0.01885300 -0.00667600
v 0.00235000 0.01827100 -0.00813500
v 0.00235000 0.01757600 -0.00954300
v 0.00235000 0.01677300 -0.01089300
v 0.00235000 0.01586700 -0.01217500
v 0.00235000 0.01486300 -0.01338300
v 0.00235000 0.01376700 -0.01450700
v 0.00235000 0.01258600 -0.01554300
v 0.00235000 0.01132800 -0.01648300
v 0.00235000 0.00861000 -0.01805200
v 0.00235000 0.00716700 -0.01867200
v 0.00235000 0.00568000 -0.01917600
v 0.00235000 0.00415800 -0.01956300
v 0.00235000 0.00261100 -0.01982900
v 0.00235000 0.00104700 -0.01997300
v 0.00235000 -0.00052400 -0.01999300
v 0.00235000 -0.00209100 -0.01989000
v 0.00235000 -0.00364500 -0.01966500
v 0.00235000 -0.00517600 -0.01931900
v 0.00235000 -0.00667600 -0.01885300
v 0.00235000 -0.00813500 -0.01827100
v 0.00235000 -0.00954300 -0.01757600
v 0.00235000 -0.01089300 -0.01677300
v 0.00235000 -0.01217500 -0.01586700
v 0.00235000 -0.01338300 -0.01486300
v 0.00235000 -0.01450700 -0.01376700
v 0.00235000 -0.01554300 -0.01258600
v 0.00235000 -0.01648300 -0.01132800
v -0.00285000 -0.01732100 -0.01000000
v -0.00285000 -0.01682400 -0.01081500
v -0.00285000 -0.01628900 -0.01160500
v -0.00285000 -0.01571700 -0.01236800
v -0.00285000 -0.01510900 -0.01310400
v -0.00285000 -0.01446700 -0.01381000
v -0.00285000 -0.01379200 -0.01448400
v -0.00285000 -0.01308500 -0.01512500
v -0.00285000 -0.01234900 -0.01573200
v -0.00285000 -0.01158500 -0.01630300
v -0.00285000 -0.01079400 -0.01683700
v -0.00285000 -0.00997900 -0.01733300
v -0.00285000 -0.00914100 -0.01778900
v -0.00285000 -0.00828200 -0.01820500
v -0.00285000 -0.00740400 -0.01857900
v -0.00285000 -0.00651000 -0.01891100
v -0.00285000 -0.00560000 -0.01920000
v -0.00285000 -0.00467800 -0.01944500
v -0.00285000 -0.00374500 -0.01964600
v -0.00285000 -0.00280400 -0.01980200
v -0.00285000 -0.00185600 -0.01991400
v -0.00285000 -0.00090500 -0.01998000
v -0.00285000 0.00004900 -0.02000000
v -0.00285000 0.00100300 -0.01997500
v -0.00285000 0.00195500 -0.01990400
v -0.00285000 0.00290200 -0.01978800
v -0.00285000 0.00384200 -0.01962700
v -0.00285000 0.00477400 -0.01942200
v -0.00285000 0.00569500 -0.01917200
v -0.00285000 0.00660300 -0.01887900
v -0.00285000 0.00749600 -0.01854200
v -0.00285000 0.00837200 -0.01816400
v -0.00285000 0.00922800 -0.01774400
v -0.00285000 0.01006400 -0.01728300
v -0.00285000 0.01087700 -0.01678400
v -0.00285000 0.01166500 -0.01624600
v -0.00285000 0.01242700 -0.01567100
v -0.00285000 0.01316000 -0.01506000
v -0.00285000 0.01386300 -0.01441600
v -0.00285000 0.01453500 -0.01373800
v -0.00285000 0.01517400 -0.01302900
v -0.00285000 0.01577800 -0.01229100
v -0.00285000 0.01634600 -0.01152400
v -0.00285000 0.01687700 -0.01073100
v -0.00285000 0.01737000 -0.00991400
v -0.00285000 0.01782300 -0.00907500
v -0.00025000 -0.01732100 -0.01000000
v -0.00015000 0.01879700 0.00683300
v -0.00037000 0.01853300 0.00751700
v -0.00015000 0.01879700 -0.00683300
v -0.00015000 0.01919200 -0.00562800
v -0.00015000 0.01951000 -0.00440100
v -0.00015000 0.01974900 -0.00315600
v -0.00015000 0.01991000 -0.00189900
v -0.00015000 0.01999000 -0.00063400
v -0.00015000 0.01999000 0.00063400
v -0.00015000 0.01991000 0.00189900
v -0.00015000 0.01974900 0.00315600
v -0.00015000 0.01951000 0.00440100
v -0.00015000 0.01919200 0.00562800
v -0.00036900 0.01853400 -0.00751600
v -0.00285000 0.01795000 0.00882000
v -0.00285000 0.01764500 0.00941500
v -0.00285000 0.01732100 0.01000000
v -0.00155000 0.01790200 0.00891700
v -0.00025000 0.01816800 0.00836200
v -0.00155000 0.01816800 0.00836200
v -0.00155000 0.01732100 0.01000000
v -0.00025000 0.01762000 0.00946300
v -0.00155000 0.01762000 0.00946300
v -0.00025000 0.01658100 0.01118300
v -0.00155000 0.01658100 0.01118300
v -0.00025000 0.01696100 0.01059800
v -0.00155000 0.01696100 0.01059800
v -0.00285000 0.01682500 0.01081300
v -0.00285000 0.01629200 0.01160100
v -0.00285000 0.01572100 0.01236300
v -0.00285000 0.01511500 0.01309700
v -0.00285000 0.01447500 0.01380200
v -0.00285000 0.01380200 0.01447500
v -0.00285000 0.01309700 0.01511500
v -0.00285000 0.01236300 0.01572100
v -0.00285000 0.01160100 0.01629200
v -0.00285000 0.01081300 0.01682500
v -0.00285000 0.01000000 0.01732100
v -0.00285000 0.00916500 0.01777700
v -0.00285000 0.00830800 0.01819300
v -0.00285000 0.00743300 0.01856700
v -0.00285000 0.00654100 0.01890000
v -0.00285000 0.00563500 0.01919000
v -0.00285000 0.00471500 0.01943600
v -0.00285000 0.00378500 0.01963900
v -0.00285000 0.00284600 0.01979600
v -0.00285000 0.00190100 0.01990900
v -0.00285000 0.00095200 0.01997700
v -0.00285000 0.00000000 0.02000000
v -0.00285000 -0.00095200 0.01997700
v -0.00285000 -0.00190100 0.01990900
v -0.00285000 -0.00284600 0.01979600
v -0.00285000 -0.00378500 0.01963900
v -0.00285000 -0.00471500 0.01943600
v -0.00285000 -0.00563500 0.01919000
v -0.00285000 -0.00654100 0.01890000
v -0.00285000 -0.00743300 0.01856700
v -0.00285000 -0.00830800 0.01819300
v -0.00285000 -0.00916500 0.01777700
v -0.00285000 -0.01000000 0.01732100
v -0.00285000 -0.01081300 0.01682500
v -0.00285000 -0.01160100 0.01629200
v -0.00285000 -0.01236300 0.01572100
v -0.00285000 -0.01309700 0.01511500
v -0.00285000 -0.01380200 0.01447500
v -0.00285000 -0.01447500 0.01380200
v -0.00285000 -0.01511500 0.01309700
v -0.00285000 -0.01572100 0.01236300
v -0.00285000 -0.01629200 0.01160100
v -0.00285000 -0.01682500 0.01081300
v -0.00285000 -0.01732100 0.01000000
v -0.00285000 -0.01777700 0.00916500
v -0.00285000 -0.01819300 0.00830800
v -0.00285000 -0.01856700 0.00743300
v -0.00285000 -0.01890000 0.00654100
v -0.00285000 -0.01919000 0.00563500
v -0.00285000 -0.01943600 0.00471500
v -0.00285000 -0.01963900 0.00378500
v -0.00285000 -0.01979600 0.00284600
v -0.00285000 -0.01990900 0.00190100
v -0.00285000 -0.01997700 0.00095200
v -0.00285000 -0.02000000 0.00000000
v -0.00285000 -0.01997700 -0.00095200
v -0.00285000 -0.01990900 -0.00190100
v -0.00285000 -0.01979600 -0.00284600
v -0.00285000 -0.01963900 -0.00378500
v -0.00285000 -0.01943600 -0.00471500
v -0.00285000 -0.01919000 -0.00563500
v -0.00285000 -0.01890000 -0.00654100
v -0.00285000 -0.01856700 -0.00743300
v -0.00285000 -0.01819300 -0.00830800
v -0.00285000 -0.01777700 -0.00916500
v -0.00285000 -0.01732100 -0.01000000
v -0.00025000 -0.01732100 -0.01000000
v -0.00015000 0.01879700 0.00683300
v -0.00015000 0.01879700 -0.00683300
v -0.00015000 0.01919200 -0.00562800
v -0.00015000 0.01951000 -0.00440100
v -0.00015000 0.01974900 -0.00315600
v -0.00015000 0.01991000 -0.00189900
v -0.00015000 0.01999000 -0.00063400
v -0.00015000 0.01999000 0.00063400
v -0.00015000 0.01991000 0.00189900
v -0.00015000 0.01974900 0.00315600
v -0.00015000 0.01951000 0.00440100
v -0.00015000 0.01919200 0.00562800
v -0.00015000 0.01383500 -0.00125000
v -0.00015000 0.01350200 -0.00010100
v -0.00015000 0.01374100 0.00107200
v -0.00015000 0.01449800 0.00199900
v -0.00015000 0.01559900 0.00246800
v -0.00015000 0.01679200 0.00237100
v -0.00015000 0.01780300 0.00173200
v -0.00015000 0.01840100 0.00069600
v -0.00015000 0.01844900 -0.00050000
v -0.00015000 0.01793700 -0.00158100
v -0.00015000 0.01698000 -0.00230000
v -0.00015000 0.01579900 -0.00249200
v -0.00015000 0.01466400 -0.00211300
v -0.00015000 0.01573600 -0.00369100
v -0.00015000 0.01651900 -0.00384300
v -0.00015000 0.01724200 -0.00417900
v -0.00015000 0.01786400 -0.00467900
v -0.00015000 0.01834700 -0.00531400
v -0.00015000 0.01866400 -0.00604600
v -0.00015000 0.01573600 0.00369100
v -0.00015000 0.01489900 0.00353200
v -0.00015000 0.01412100 0.00318700
v -0.00015000 0.01344200 0.00267300
v -0.00015000 0.01289800 0.00201700
v -0.00015000 0.01251900 0.00125500
v -0.00015000 0.01232500 0.00042600
v -0.00015000 0.01232500 -0.00042600
v -0.00015000 0.01251900 -0.00125500
v -0.00015000 0.01289800 -0.00201700
v -0.00015000 0.01344200 -0.00267300
v -0.00015000 0.01412100 -0.00318700
v -0.00015000 0.01489900 -0.00353200
v -0.00015000 0.01866400 0.00604600
v -0.00015000 0.01834700 0.00531400
v -0.00015000 0.01786400 0.00467900
v -0.00015000 0.01724200 0.00417900
v -0.00015000 0.01651900 0.00384300
v -0.00015000 0.01846200 0.00468700
v -0.00015000 0.01492200 0.00264300
v -0.00015000 0.01610200 0.00332500
v -0.00015000 0.01374200 0.00196200
v 0.00285000 0.02728000 0.01575000
v 0.00235000 0.02771300 0.01600000
v 0.00285000 0.01575000 -0.02728000
v 0.00285000 -0.02728000 -0.01575000
v 0.00235000 -0.02771300 -0.01600000
v 0.00285000 -0.01575000 0.02728000
v 0.00285000 0.02728000 0.01575000
v 0.00235000 0.02771300 0.01600000
v 0.00235000 0.02647100 0.01798000
v 0.00235000 0.02508800 0.01986500
v 0.00235000 0.02357100 0.02164300
v 0.00235000 0.02192800 0.02330600
v 0.00235000 0.02016900 0.02484400
v 0.00235000 0.01830100 0.02625000
v 0.00235000 0.01633600 0.02751600
v 0.00235000 0.01428400 0.02863500
v 0.00235000 0.01215600 0.02960100
v 0.00235000 0.00996300 0.03041000
v 0.00235000 0.00771600 0.03105600
v 0.00235000 0.00542900 0.03153600
v 0.00235000 0.00311200 0.03184800
v 0.00235000 0.00077900 0.03199100
v 0.00235000 -0.00155800 0.03196200
v 0.00235000 -0.00388700 0.03176300
v 0.00235000 -0.00619500 0.03139500
v 0.00235000 -0.00847000 0.03085900
v 0.00235000 -0.01070000 0.03015800
v 0.00235000 -0.01287300 0.02929700
v 0.00235000 -0.01497700 0.02827900
v 0.00235000 -0.01700100 0.02711000
v 0.00235000 -0.01893500 0.02579700
v 0.00235000 -0.02076800 0.02434600
v 0.00235000 -0.02248900 0.02276500
v 0.00235000 -0.02409100 0.02106200
v 0.00235000 -0.02556400 0.01924800
v 0.00235000 -0.02690100 0.01733000
v 0.00235000 -0.02809400 0.01532000
v 0.00235000 -0.02913800 0.01322900
v 0.00235000 -0.03002500 0.01106700
v 0.00235000 -0.03075300 0.00884500
v 0.00235000 -0.03131700 0.00657700
v 0.00235000 -0.03171300 0.00427300
v 0.00235000 -0.03194100 0.00194700
v 0.00235000 -0.03199800 -0.00039000
v 0.00235000 -0.03188400 -0.00272400
v 0.00235000 -0.03160000 -0.00504400
v 0.00235000 -0.03114700 -0.00733800
v 0.00235000 -0.03052900 -0.00959200
v 0.00235000 -0.02974700 -0.01179400
v 0.00235000 -0.02880700 -0.01393400
v 0.00235000 -0.02647100 -0.01798000
v 0.00235000 -0.02508800 -0.01986500
v 0.00235000 -0.02357100 -0.02164300
v 0.00235000 -0.02192800 -0.02330600
v 0.00235000 -0.02016900 -0.02484400
v 0.00235000 -0.01830100 -0.02625000
v 0.00235000 -0.01633600 -0.02751600
v 0.00235000 -0.01428400 -0.02863500
v 0.00235000 -0.01215600 -0.02960100
v 0.00235000 -0.00996300 -0.03041000
v 0.00235000 -0.00771600 -0.03105600
v 0.00235000 -0.00542900 -0.03153600
v 0.00235000 -0.00311200 -0.03184800
v 0.00235000 -0.00077900 -0.03199100
v 0.00235000 0.00155800 -0.03196200
v 0.00235000 0.00388700 -0.03176300
v 0.00235000 0.00619500 -0.03139500
v 0.00235000 0.00847000 -0.03085900
v 0.00235000 0.01070000 -0.03015800
v 0.00235000 0.01287300 -0.02929700
v 0.00235000 0.01497700 -0.02827900
v 0.00235000 0.01700100 -0.02711000
v 0.00235000 0.01893500 -0.02579700
v 0.00235000 0.02076800 -0.02434600
v 0.00235000 0.02248900 -0.02276500
v 0.00235000 0.02409100 -0.02106200
v 0.00235000 0.02556400 -0.01924800
v 0.00235000 0.02690100 -0.01733000
v 0.00235000 0.02809400 -0.01532000
v 0.00235000 0.02913800 -0.01322900
v 0.00235000 0.03002500 -0.01106700
v 0.00235000 0.03075300 -0.00884500
v 0.00235000 0.03131700 -0.00657700
v 0.00235000 0.03171300 -0.00427300
v 0.00235000 0.03194100 -0.00194700
v 0.00235000 0.03199800 0.00039000
v 0.00235000 0.03188400 0.00272400
v 0.00235000 0.03160000 0.00504400
v 0.00235000 0.03114700 0.00733800
v 0.00235000 0.03052900 0.00959200
v 0.00235000 0.02974700 0.01179400
v 0.00235000 0.02880700 0.01393400
v 0.00285000 0.02838100 0.01366700
v 0.00285000 0.02932300 0.01150800
v 0.00285000 0.03010100 0.00928500
v 0.00285000 0.03071000 0.00700900
v 0.00285000 0.03114800 0.00469500
v 0.00285000 0.03141200 0.00235400
v 0.00285000 0.03150000 -0.00000000
v 0.00285000 0.03141200 -0.00235400
v 0.00285000 0.03114800 -0.00469500
v 0.00285000 0.03071000 -0.00700900
v 0.00285000 0.03010100 -0.00928500
v 0.00285000 0.02932300 -0.01150800
v 0.00285000 0.02838100 -0.01366700
v 0.00285000 0.02728000 -0.01575000
v 0.00285000 0.02602700 -0.01774500
v 0.00285000 0.02462800 -0.01964000
v 0.00285000 0.02309100 -0.02142500
v 0.00285000 0.02142500 -0.02309100
v 0.00285000 0.01964000 -0.02462800
v 0.00285000 0.01774500 -0.02602700
v 0.00285000 0.01366700 -0.02838100
v 0.00285000 0.01150800 -0.02932300
v 0.00285000 0.00928500 -0.03010100
v 0.00285000 0.00700900 -0.03071000
v 0.00285000 0.00469500 -0.03114800
v 0.00285000 0.00235400 -0.03141200
v 0.00285000 -0.00000000 -0.03150000
v 0.00285000 -0.00235400 -0.03141200
v 0.00285000 -0.00469500 -0.03114800
v 0.00285000 -0.00700900 -0.03071000
v 0.00285000 -0.00928500 -0.03010100
v 0.00285000 -0.01150800 -0.02932300
v 0.00285000 -0.01366700 -0.02838100
v 0.00285000 -0.01575000 -0.02728000
v 0.00285000 -0.01774500 -0.02602700
v 0.00285000 -0.01964000 -0.02462800
v 0.00285000 -0.02142500 -0.02309100
v 0.00285000 -0.02309100 -0.02142500
v 0.00285000 -0.02462800 -0.01964000
v 0.00285000 -0.02602700 -0.01774500
v 0.00285000 -0.02838100 -0.01366700
v 0.00285000 -0.02932300 -0.01150800
v 0.00285000 -0.03010100 -0.00928500
v 0.00285000 -0.03071000 -0.00700900
v 0.00285000 -0.03114800 -0.00469500
v 0.00285000 -0.03141200 -0.00235400
v 0.00285000 -0.03150000 0.00000000
v 0.00285000 -0.03141200 0.00235400
v 0.00285000 -0.03114800 0.00469500
v 0.00285000 -0.03071000 0.00700900
v 0.00285000 -0.03010100 0.00928500
v 0.00285000 -0.02932300 0.01150800
v 0.00285000 -0.02838100 0.01366700
v 0.00285000 -0.02728000 0.01575000
v 0.00285000 -0.02602700 0.01774500
v 0.00285000 -0.02462800 0.01964000
v 0.00285000 -0.02309100 0.02142500
v 0.00285000 -0.02142500 0.02309100
v 0.00285000 -0.01964000 0.02462800
v 0.00285000 -0.01774500 0.02602700
v 0.00285000 -0.01366700 0.02838100
v 0.00285000 -0.01150800 0.02932300
v 0.00285000 -0.00928500 0.03010100
v 0.00285000 -0.00700900 0.03071000
v 0.00285000 -0.00469500 0.03114800
v 0.00285000 -0.00235400 0.03141200
v 0.00285000 0.00000000 0.03150000
v 0.00285000 0.00235400 0.03141200
v 0.00285000 0.00469500 0.03114800
v 0.00285000 0.00700900 0.03071000
v 0.00285000 0.00928500 0.03010100
v 0.00285000 0.01150800 0.02932300
v 0.00285000 0.01366700 0.02838100
v 0.00285000 0.01575000 0.02728000
v 0.00285000 0.01774500 0.02602700
v 0.00285000 0.01964000 0.02462800
v 0.00285000 0.02142500 0.02309100
v 0.00285000 0.02309100 0.02142500
v 0.00285000 0.02462800 0.01964000
v 0.00285000 0.02602700 0.01774500
v 0.00235000 -0.01732100 -0.01000000
v 0.00260000 -0.01753700 -0.01012500
v 0.00285000 -0.01775400 -0.01025000
v 0.00235000 -0.01732100 -0.01000000
v 0.00260000 -0.01753700 -0.01012500
v 0.00285000 -0.01775400 -0.01025000
v 0.00235000 -0.01648300 -0.01132800
v 0.00235000 -0.01554300 -0.01258600
v 0.00235000 -0.01450700 -0.01376700
v 0.00235000 -0.01338300 -0.01486300
v 0.00235000 -0.01217500 -0.01586700
v 0.00235000 -0.01089300 -0.01677300
v 0.00235000 -0.00954300 -0.01757600
v 0.00235000 -0.00813500 -0.01827100
v 0.00235000 -0.00667600 -0.01885300
v 0.00235000 -0.00517600 -0.01931900
v 0.00235000 -0.00364500 -0.01966500
v 0.00235000 -0.00209100 -0.01989000
v 0.00235000 -0.00052400 -0.01999300
v 0.00235000 0.00104700 -0.01997300
v 0.00235000 0.00261100 -0.01982900
v 0.00235000 0.00415800 -0.01956300
v 0.00235000 0.00568000 -0.01917600
v 0.00235000 0.00716700 -0.01867200
v 0.00235000 0.00861000 -0.01805200
v 0.00235000 0.01000000 -0.01732100
v 0.00235000 0.01132800 -0.01648300
v 0.00235000 0.01258600 -0.01554300
v 0.00235000 0.01376700 -0.01450700
v 0.00235000 0.01486300 -0.01338300
v 0.00235000 0.01586700 -0.01217500
v 0.00235000 0.01677300 -0.01089300
v 0.00235000 0.01757600 -0.00954300
v 0.00235000 0.01827100 -0.00813500
v 0.00235000 0.01885300 -0.00667600
v 0.00235000 0.01931900 -0.00517600
v 0.00235000 0.01966500 -0.00364500
v 0.00235000 0.01989000 -0.00209100
v 0.00235000 0.01999300 -0.00052400
v 0.00235000 0.01997300 0.00104700
v 0.00235000 0.01982900 0.00261100
v 0.00235000 0.01956300 0.00415800
v 0.00235000 0.01917600 0.00568000
v 0.00235000 0.01867200 0.00716700
v 0.00235000 0.01805200 0.00861000
v 0.00235000 0.01732100 0.01000000
v 0.00235000 0.01648300 0.01132800
v 0.00235000 0.01554300 0.01258600
v 0.00235000 0.01450700 0.01376700
v 0.00235000 0.01338300 0.01486300
v 0.00235000 0.01217500 0.01586700
v 0.00235000 0.01089300 0.01677300
v 0.00235000 0.00954300 0.01757600
v 0.00235000 0.00813500 0.01827100
v 0.00235000 0.00667600 0.01885300
v 0.00235000 0.00517600 0.01931900
v 0.00235000 0.00364500 0.01966500
v 0.00235000 0.00209100 0.01989000
v 0.00235000 0.00052400 0.01999300
v 0.00235000 -0.00104700 0.01997300
v 0.00235000 -0.00261100 0.01982900
v 0.00235000 -0.00415800 0.01956300
v 0.00235000 -0.00568000 0.01917600
v 0.00235000 -0.00716700 0.01867200
v 0.00235000 -0.00861000 0.01805200
v 0.00235000 -0.01000000 0.01732100
v 0.00235000 -0.01132800 0.01648300
v 0.00235000 -0.01258600 0.01554300
v 0.00235000 -0.01376700 0.01450700
v 0.00235000 -0.01486300 0.01338300
v 0.00235000 -0.01586700 0.01217500
v 0.00235000 -0.01677300 0.01089300
v 0.00235000 -0.01757600 0.00954300
v 0.00235000 -0.01827100 0.00813500
v 0.00235000 -0.01885300 0.00667600
v 0.00235000 -0.01931900 0.00517600
v 0.00235000 -0.01966500 0.00364500
v 0.00235000 -0.01989000 0.00209100
v 0.00235000 -0.01999300 0.00052400
v 0.00235000 -0.01997300 -0.00104700
v 0.00235000 -0.01982900 -0.00261100
v 0.00235000 -0.01956300 -0.00415800
v 0.00235000 -0.01917600 -0.00568000
v 0.00235000 -0.01867200 -0.00716700
v 0.00235000 -0.01805200 -0.00861000
v 0.00285000 -0.01848600 -0.00886100
v 0.00285000 -0.01911000 -0.00742000
v 0.00285000 -0.01962200 -0.00593500
v 0.00285000 -0.02001900 -0.00441600
v 0.00285000 -0.02029800 -0.00287000
v 0.00285000 -0.02045800 -0.00130800
v 0.00285000 -0.02049800 0.00026200
v 0.00285000 -0.02041800 0.00183000
v 0.00285000 -0.02021800 0.00338800
v 0.00285000 -0.01989900 0.00492600
v 0.00285000 -0.01946400 0.00643400
v 0.00285000 -0.01891400 0.00790500
v 0.00285000 -0.01825400 0.00933000
v 0.00285000 -0.01748600 0.01070000
v 0.00285000 -0.01661600 0.01200700
v 0.00285000 -0.01564800 0.01324400
v 0.00285000 -0.01458800 0.01440300
v 0.00285000 -0.01344300 0.01547700
v 0.00285000 -0.01221800 0.01646100
v 0.00285000 -0.01092200 0.01734800
v 0.00285000 -0.00956200 0.01813300
v 0.00285000 -0.00814600 0.01881200
v 0.00285000 -0.00668200 0.01938000
v 0.00285000 -0.00517900 0.01983500
v 0.00285000 -0.00364600 0.02017300
v 0.00285000 -0.00209100 0.02039300
v 0.00285000 -0.00052400 0.02049300
v 0.00285000 0.00104700 0.02047300
v 0.00285000 0.00261100 0.02033300
v 0.00285000 0.00416000 0.02007400
v 0.00285000 0.00568400 0.01969600
v 0.00285000 0.00717500 0.01920300
v 0.00285000 0.00862400 0.01859800
v 0.00285000 0.01002200 0.01788300
v 0.00285000 0.01136200 0.01706300
v 0.00285000 0.01263500 0.01614300
v 0.00285000 0.01383400 0.01512900
v 0.00285000 0.01495100 0.01402600
v 0.00285000 0.01598100 0.01284000
v 0.00285000 0.01691700 0.01157900
v 0.00285000 0.01775400 0.01025000
v 0.00285000 0.01848600 0.00886100
v 0.00285000 0.01911000 0.00742000
v 0.00285000 0.01962200 0.00593500
v 0.00285000 0.02001900 0.00441600
v 0.00285000 0.02029800 0.00287000
v 0.00285000 0.02045800 0.00130800
v 0.00285000 0.02049800 -0.00026200
v 0.00285000 0.02041800 -0.00183000
v 0.00285000 0.02021800 -0.00338800
v 0.00285000 0.01989900 -0.00492600
v 0.00285000 0.01946400 -0.00643400
v 0.00285000 0.01891400 -0.00790500
v 0.00285000 0.01825400 -0.00933000
v 0.00285000 0.01748600 -0.01070000
v 0.00285000 0.01661600 -0.01200700
v 0.00285000 0.01564800 -0.01324400
v 0.00285000 0.01458800 -0.01440300
v 0.00285000 0.01344300 -0.01547700
v 0.00285000 0.01221800 -0.01646100
v 0.00285000 0.01092200 -0.01734800
v 0.00285000 0.00956200 -0.01813300
v 0.00285000 0.00814600 -0.01881200
v 0.00285000 0.00668200 -0.01938000
v 0.00285000 0.00517900 -0.01983500
v 0.00285000 0.00364600 -0.02017300
v 0.00285000 0.00209100 -0.02039300
v 0.00285000 0.00052400 -0.02049300
v 0.00285000 -0.00104700 -0.02047300
v 0.00285000 -0.00261100 -0.02033300
v 0.00285000 -0.00416000 -0.02007400
v 0.00285000 -0.00568400 -0.01969600
v 0.00285000 -0.00717500 -0.01920300
v 0.00285000 -0.00862400 -0.01859800
v 0.00285000 -0.01002200 -0.01788300
v 0.00285000 -0.01136200 -0.01706300
v 0.00285000 -0.01263500 -0.01614300
v 0.00285000 -0.01383400 -0.01512900
v 0.00285000 -0.01495100 -0.01402600
v 0.00285000 -0.01598100 -0.01284000
v 0.00285000 -0.01691700 -0.01157900
v 0.00260000 -0.01496300 -0.01364500
v 0.00260000 -0.01345700 -0.01513200
v 0.00260000 -0.01180400 -0.01645400
v 0.00260000 -0.00820500 -0.01851300
v 0.00260000 -0.01004300 -0.01758400
v 0.00260000 -0.00628300 -0.01925100
v 0.00260000 -0.00429600 -0.01978900
v 0.00260000 -0.00021000 -0.02024900
v 0.00260000 -0.00226500 -0.02012300
v 0.00260000 0.00184700 -0.02016600
v 0.00260000 0.00388500 -0.01987400
v 0.00260000 0.00588300 -0.01937700
v 0.00260000 0.00792100 -0.01863700
v 0.00260000 0.00989100 -0.01767000
v 0.00260000 0.01156700 -0.01662200
v 0.00260000 0.01324900 -0.01531400
v 0.00260000 0.01477500 -0.01384800
v 0.00260000 0.01732300 -0.01048600
v 0.00260000 0.01614000 -0.01223000
v 0.00260000 0.01829800 -0.00867300
v 0.00260000 0.01967300 -0.00479800
v 0.00260000 0.01908500 -0.00677100
v 0.00260000 0.02023700 -0.00072500
v 0.00260000 0.02005900 -0.00277600
v 0.00260000 0.02020600 0.00133400
v 0.00260000 0.01996600 0.00337800
v 0.00260000 0.01952000 0.00538800
v 0.00260000 0.01796500 0.00934500
v 0.00260000 0.01887200 0.00734200
v 0.00260000 0.01694000 0.01109500
v 0.00260000 0.01565500 0.01284400
v 0.00260000 0.01422900 0.01440800
v 0.00260000 0.01264800 0.01581400
v 0.00260000 0.00913600 0.01807200
v 0.00260000 0.01092800 0.01704800
v 0.00260000 0.00725400 0.01890600
v 0.00260000 0.00529700 0.01954500
v 0.00260000 0.00328500 0.01998200
v 0.00260000 -0.00082000 0.02023300
v 0.00260000 0.00123900 0.02021200
v 0.00260000 -0.00489000 0.01965100
v 0.00260000 -0.00287000 0.02004600
v 0.00260000 -0.00686000 0.01905300
v 0.00260000 -0.00887900 0.01820000
v 0.00260000 -0.01061400 0.01724500
v 0.00260000 -0.01243000 0.01598600
v 0.00260000 -0.01547800 0.01305700
v 0.00260000 -0.01403100 0.01460100
v 0.00260000 -0.01783400 0.00959200
v 0.00260000 -0.01675700 0.01137000
v 0.00260000 -0.01871600 0.00773200
v 0.00260000 -0.01989200 0.00379200
v 0.00260000 -0.01940400 0.00579200
v 0.00260000 -0.02017400 0.00175200
v 0.00260000 -0.02024800 -0.00030500
v 0.00260000 -0.02011200 -0.00235900
v 0.00260000 -0.01922100 -0.00637300
v 0.00260000 -0.01976900 -0.00438900
v 0.00260000 -0.01842400 -0.00840300
v -0.00465000 0.02771300 0.01600000
v -0.00465000 0.02983000 0.01158200
v -0.00465000 0.03124900 0.00689300
v -0.00465000 0.03193500 0.00204200
v -0.00465000 0.03187200 -0.00285700
v -0.00465000 0.03106300 -0.00768900
v -0.00465000 0.02952500 -0.01234000
v -0.00465000 0.02729500 -0.01670300
v -0.00465000 0.02442600 -0.02067300
v -0.00465000 0.02098400 -0.02416000
v -0.00465000 0.01705000 -0.02708000
v -0.00465000 0.01271600 -0.02936500
v -0.00465000 0.00808500 -0.03096200
v -0.00465000 0.00326400 -0.03183300
v -0.00465000 -0.00163400 -0.03195800
v -0.00465000 -0.00649300 -0.03133400
v -0.00465000 -0.01120000 -0.02997600
v -0.00465000 -0.01564500 -0.02791500
v -0.00465000 -0.01972300 -0.02520000
v -0.00465000 -0.02333800 -0.02189400
v -0.00465000 -0.02640700 -0.01807400
v -0.00465000 -0.02885600 -0.01383200
v -0.00465000 -0.03062900 -0.00926500
v -0.00465000 -0.03168500 -0.00448100
v -0.00465000 -0.03199700 0.00040900
v -0.00465000 -0.03156000 0.00528800
v -0.00465000 -0.03038300 0.01004400
v -0.00465000 -0.02849400 0.01456400
v -0.00465000 -0.02593600 0.01874300
v -0.00465000 -0.02277100 0.02248200
v -0.00465000 -0.01907300 0.02569500
v -0.00465000 -0.01492700 0.02830500
v -0.00465000 -0.01043100 0.03025200
v -0.00465000 -0.00569100 0.03149000
v -0.00465000 -0.00081700 0.03199000
v -0.00465000 0.00407600 0.03173900
v -0.00465000 0.00887300 0.03074500
v -0.00465000 0.01346200 0.02903100
v -0.00465000 0.01773600 0.02663500
v -0.00465000 0.02159400 0.02361600
v -0.00465000 0.02494600 0.02004300
v -0.00465000 0.02728000 0.01575000
v -0.00465000 0.02646100 0.01709000
v -0.00465000 0.02557600 0.01838800
v -0.00465000 0.02462800 0.01964000
v -0.00465000 0.02361800 0.02084300
v -0.00465000 0.02255000 0.02199400
v -0.00465000 0.02142500 0.02309100
v -0.00465000 0.02024800 0.02413000
v -0.00465000 0.01902000 0.02511000
v -0.00465000 0.01774500 0.02602700
v -0.00465000 0.01642500 0.02687900
v -0.00465000 0.01506500 0.02766400
v -0.00465000 0.01366700 0.02838100
v -0.00465000 0.01223600 0.02902700
v -0.00465000 0.01077400 0.02960000
v -0.00465000 0.00928500 0.03010100
v -0.00465000 0.00777300 0.03052600
v -0.00465000 0.00624200 0.03087500
v -0.00465000 0.00469500 0.03114800
v -0.00465000 0.00313600 0.03134300
v -0.00465000 0.00157000 0.03146100
v -0.00465000 0.00000000 0.03150000
v -0.00465000 -0.00157000 0.03146100
v -0.00465000 -0.00313600 0.03134300
v -0.00465000 -0.00469500 0.03114800
v -0.00465000 -0.00624200 0.03087500
v -0.00465000 -0.00777300 0.03052600
v -0.00465000 -0.00928500 0.03010100
v -0.00465000 -0.01077400 0.02960000
v -0.00465000 -0.01223600 0.02902700
v -0.00465000 -0.01366700 0.02838100
v -0.00465000 -0.01506500 0.02766400
v -0.00465000 -0.01642500 0.02687900
v -0.00465000 -0.01774500 0.02602700
v -0.00465000 -0.01902000 0.02511000
v -0.00465000 -0.02024800 0.02413000
v -0.00465000 -0.02142500 0.02309100
v -0.00465000 -0.02255000 0.02199400
v -0.00465000 -0.02361800 0.02084300
v -0.00465000 -0.02462800 0.01964000
v -0.00465000 -0.02557600 0.01838800
v -0.00465000 -0.02646100 0.01709000
v -0.00465000 -0.02728000 0.01575000
v -0.00465000 -0.02803100 0.01437100
v -0.00465000 -0.02871200 0.01295600
v -0.00465000 -0.02932300 0.01150800
v -0.00465000 -0.02986000 0.01003200
v -0.00465000 -0.03032300 0.00853100
v -0.00465000 -0.03071000 0.00700900
v -0.00465000 -0.03102100 0.00547000
v -0.00465000 -0.03125600 0.00391700
v -0.00465000 -0.03141200 0.00235400
v -0.00465000 -0.03149000 0.00078500
v -0.00465000 -0.03149000 -0.00078500
v -0.00465000 -0.03141200 -0.00235400
v -0.00465000 -0.03125600 -0.00391700
v -0.00465000 -0.03102100 -0.00547000
v -0.00465000 -0.03071000 -0.00700900
v -0.00465000 -0.03032300 -0.00853100
v -0.00465000 -0.02986000 -0.01003200
v -0.00465000 -0.02932300 -0.01150800
v -0.00465000 -0.02871200 -0.01295600
v -0.00465000 -0.02803100 -0.01437100
v -0.00465000 -0.02728000 -0.01575000
v -0.00465000 -0.02646100 -0.01709000
v -0.00465000 -0.02557600 -0.01838800
v -0.00465000 -0.02462800 -0.01964000
v -0.00465000 -0.02361800 -0.02084300
v -0.00465000 -0.02255000 -0.02199400
v -0.00465000 -0.02142500 -0.02309100
v -0.00465000 -0.02024800 -0.02413000
v -0.00465000 -0.01902000 -0.02511000
v -0.00465000 -0.01774500 -0.02602700
v -0.00465000 -0.01642500 -0.02687900
v -0.00465000 -0.01506500 -0.02766400
v -0.00465000 -0.01366700 -0.02838100
v -0.00465000 -0.01223600 -0.02902700
v -0.00465000 -0.01077400 -0.02960000
v -0.00465000 -0.00928500 -0.03010100
v -0.00465000 -0.00777300 -0.03052600
v -0.00465000 -0.00624200 -0.03087500
v -0.00465000 -0.00469500 -0.03114800
v -0.00465000 -0.00313600 -0.03134300
v -0.00465000 -0.00157000 -0.03146100
v -0.00465000 -0.00000000 -0.03150000
v -0.00465000 0.00157000 -0.03146100
v -0.00465000 0.00313600 -0.03134300
v -0.00465000 0.00469500 -0.03114800
v -0.00465000 0.00624200 -0.03087500
v -0.00465000 0.00777300 -0.03052600
v -0.00465000 0.00928500 -0.03010100
v -0.00465000 0.01077400 -0.02960000
v -0.00465000 0.01223600 -0.02902700
v -0.00465000 0.01366700 -0.02838100
v -0.00465000 0.01506500 -0.02766400
v -0.00465000 0.01642500 -0.02687900
v -0.00465000 0.01774500 -0.02602700
v -0.00465000 0.01902000 -0.02511000
v -0.00465000 0.02024800 -0.02413000
v -0.00465000 0.02142500 -0.02309100
v -0.00465000 0.02255000 -0.02199400
v -0.00465000 0.02361800 -0.02084300
v -0.00465000 0.02462800 -0.01964000
v -0.00465000 0.02557600 -0.01838800
v -0.00465000 0.02646100 -0.01709000
v -0.00465000 0.02728000 -0.01575000
v -0.00465000 0.02803100 -0.01437100
v -0.00465000 0.02871200 -0.01295600
v -0.00465000 0.02932300 -0.01150800
v -0.00465000 0.02986000 -0.01003200
v -0.00465000 0.03032300 -0.00853100
v -0.00465000 0.03071000 -0.00700900
v -0.00465000 0.03102100 -0.00547000
v -0.00465000 0.03125600 -0.00391700
v -0.00465000 0.03141200 -0.00235400
v -0.00465000 0.03149000 -0.00078500
v -0.00465000 0.03149000 0.00078500
v -0.00465000 0.03141200 0.00235400
v -0.00465000 0.03125600 0.00391700
v -0.00465000 0.03102100 0.00547000
v -0.00465000 0.03071000 0.00700900
v -0.00465000 0.03032300 0.00853100
v -0.00465000 0.02986000 0.01003200
v -0.00465000 0.02932300 0.01150800
v -0.00465000 0.02871200 0.01295600
v -0.00465000 0.02803100 0.01437100
v -0.00415000 0.02684700 0.01550000
v -0.00315000 0.02684700 0.01550000
v -0.00415000 -0.02684700 -0.01550000
v -0.00315000 -0.02684700 -0.01550000
v -0.00415000 0.01550000 -0.02684700
v -0.00415000 0.02684700 0.01550000
v -0.00315000 0.02684700 0.01550000
v -0.00415000 0.02602700 0.01684000
v -0.00415000 0.02514100 0.01813700
v -0.00415000 0.02419000 0.01938700
v -0.00415000 0.02317700 0.02058700
v -0.00415000 0.02210500 0.02173400
v -0.00415000 0.02097500 0.02282600
v -0.00415000 0.01979200 0.02385900
v -0.00415000 0.01855900 0.02483100
v -0.00415000 0.01727700 0.02573900
v -0.00415000 0.01595100 0.02658100
v -0.00415000 0.01458400 0.02735500
v -0.00415000 0.01318000 0.02805900
v -0.00415000 0.01174200 0.02869000
v -0.00415000 0.01027400 0.02924800
v -0.00415000 0.00877900 0.02973100
v -0.00415000 0.00726200 0.03013700
v -0.00415000 0.00572700 0.03046600
v -0.00415000 0.00417600 0.03071700
v -0.00415000 0.00261500 0.03089000
v -0.00415000 0.00104700 0.03098200
v -0.00415000 -0.00052400 0.03099600
v -0.00415000 -0.00209300 0.03092900
v -0.00415000 -0.00365700 0.03078400
v -0.00415000 -0.00521100 0.03055900
v -0.00415000 -0.00675200 0.03025600
v -0.00415000 -0.00827600 0.02987500
v -0.00415000 -0.00977800 0.02941700
v -0.00415000 -0.01125600 0.02888400
v -0.00415000 -0.01270400 0.02827700
v -0.00415000 -0.01412000 0.02759700
v -0.00415000 -0.01550000 0.02684700
v -0.00415000 -0.01684000 0.02602700
v -0.00415000 -0.01813700 0.02514100
v -0.00415000 -0.01938700 0.02419000
v -0.00415000 -0.02058700 0.02317700
v -0.00415000 -0.02173400 0.02210500
v -0.00415000 -0.02282600 0.02097500
v -0.00415000 -0.02385900 0.01979200
v -0.00415000 -0.02483100 0.01855900
v -0.00415000 -0.02573900 0.01727700
v -0.00415000 -0.02658100 0.01595100
v -0.00415000 -0.02735500 0.01458400
v -0.00415000 -0.02805900 0.01318000
v -0.00415000 -0.02869000 0.01174200
v -0.00415000 -0.02924800 0.01027400
v -0.00415000 -0.02973100 0.00877900
v -0.00415000 -0.03013700 0.00726200
v -0.00415000 -0.03046600 0.00572700
v -0.00415000 -0.03071700 0.00417600
v -0.00415000 -0.03089000 0.00261500
v -0.00415000 -0.03098200 0.00104700
v -0.00415000 -0.03099600 -0.00052400
v -0.00415000 -0.03092900 -0.00209300
v -0.00415000 -0.03078400 -0.00365700
v -0.00415000 -0.03055900 -0.00521100
v -0.00415000 -0.03025600 -0.00675200
v -0.00415000 -0.02987500 -0.00827600
v -0.00415000 -0.02941700 -0.00977800
v -0.00415000 -0.02888400 -0.01125600
v -0.00415000 -0.02827700 -0.01270400
v -0.00415000 -0.02759700 -0.01412000
v -0.00415000 -0.02602700 -0.01684000
v -0.00415000 -0.02514100 -0.01813700
v -0.00415000 -0.02419000 -0.01938700
v -0.00415000 -0.02317700 -0.02058700
v -0.00415000 -0.02210500 -0.02173400
v -0.00415000 -0.02097500 -0.02282600
v -0.00415000 -0.01979200 -0.02385900
v -0.00415000 -0.01855900 -0.02483100
v -0.00415000 -0.01727700 -0.02573900
v -0.00415000 -0.01595100 -0.02658100
v -0.00415000 -0.01458400 -0.02735500
v -0.00415000 -0.01318000 -0.02805900
v -0.00415000 -0.01174200 -0.02869000
v -0.00415000 -0.01027400 -0.02924800
v -0.00415000 -0.00877900 -0.02973100
v -0.00415000 -0.00726200 -0.03013700
v -0.00415000 -0.00572700 -0.03046600
v -0.00415000 -0.00417600 -0.03071700
v -0.00415000 -0.00261500 -0.03089000
v -0.00415000 -0.00104700 -0.03098200
v -0.00415000 0.00052400 -0.03099600
v -0.00415000 0.00209300 -0.03092900
v -0.00415000 0.00365700 -0.03078400
v -0.00415000 0.00521100 -0.03055900
v -0.00415000 0.00675200 -0.03025600
v -0.00415000 0.00827600 -0.02987500
v -0.00415000 0.00977800 -0.02941700
v -0.00415000 0.01125600 -0.02888400
v -0.00415000 0.01270400 -0.02827700
v -0.00415000 0.01412000 -0.02759700
v -0.00415000 0.01684000 -0.02602700
v -0.00415000 0.01813700 -0.02514100
v -0.00415000 0.01938700 -0.02419000
v -0.00415000 0.02058700 -0.02317700
v -0.00415000 0.02173400 -0.02210500
v -0.00415000 0.02282600 -0.02097500
v -0.00415000 0.02385900 -0.01979200
v -0.00415000 0.02483100 -0.01855900
v -0.00415000 0.02573900 -0.01727700
v -0.00415000 0.02658100 -0.01595100
v -0.00415000 0.02735500 -0.01458400
v -0.00415000 0.02805900 -0.01318000
v -0.00415000 0.02869000 -0.01174200
v -0.00415000 0.02924800 -0.01027400
v -0.00415000 0.02973100 -0.00877900
v -0.00415000 0.03013700 -0.00726200
v -0.00415000 0.03046600 -0.00572700
v -0.00415000 0.03071700 -0.00417600
v -0.00415000 0.03089000 -0.00261500
v -0.00415000 0.03098200 -0.00104700
v -0.00415000 0.03099600 0.00052400
v -0.00415000 0.03092900 0.00209300
v -0.00415000 0.03078400 0.00365700
v -0.00415000 0.03055900 0.00521100
v -0.00415000 0.03025600 0.00675200
v -0.00415000 0.02987500 0.00827600
v -0.00415000 0.02941700 0.00977800
v -0.00415000 0.02888400 0.01125600
v -0.00415000 0.02827700 0.01270400
v -0.00415000 0.02759700 0.01412000
v -0.00315000 0.02790700 0.01349900
v -0.00315000 0.02881800 0.01142600
v -0.00315000 0.02957500 0.00929200
v -0.00315000 0.03017400 0.00710800
v -0.00315000 0.03061200 0.00488700
v -0.00315000 0.03088700 0.00263900
v -0.00315000 0.03099800 0.00037700
v -0.00315000 0.03094300 -0.00188600
v -0.00315000 0.03072200 -0.00414000
v -0.00315000 0.03033800 -0.00637100
v -0.00315000 0.02979200 -0.00856900
v -0.00315000 0.02908700 -0.01072100
v -0.00315000 0.02822700 -0.01281500
v -0.00315000 0.02721600 -0.01484200
v -0.00315000 0.02606000 -0.01678900
v -0.00315000 0.02476500 -0.01864600
v -0.00315000 0.02333800 -0.02040400
v -0.00315000 0.02178600 -0.02205300
v -0.00315000 0.02011900 -0.02358500
v -0.00315000 0.01834300 -0.02499000
v -0.00315000 0.01647000 -0.02626300
v -0.00315000 0.01450900 -0.02739500
v -0.00315000 0.01247100 -0.02838100
v -0.00315000 0.01036600 -0.02921600
v -0.00315000 0.00820600 -0.02989400
v -0.00315000 0.00600200 -0.03041400
v -0.00315000 0.00376500 -0.03077000
v -0.00315000 0.00150900 -0.03096300
v -0.00315000 -0.00075500 -0.03099100
v -0.00315000 -0.00301500 -0.03085300
v -0.00315000 -0.00525900 -0.03055100
v -0.00315000 -0.00747500 -0.03008500
v -0.00315000 -0.00965100 -0.02945900
v -0.00315000 -0.01177600 -0.02867600
v -0.00315000 -0.01383800 -0.02774000
v -0.00315000 -0.01582600 -0.02665600
v -0.00315000 -0.01772900 -0.02543000
v -0.00315000 -0.01953800 -0.02406800
v -0.00315000 -0.02124300 -0.02257700
v -0.00315000 -0.02283400 -0.02096600
v -0.00315000 -0.02430400 -0.01924400
v -0.00315000 -0.02564400 -0.01741800
v -0.00315000 -0.02790700 -0.01349900
v -0.00315000 -0.02881800 -0.01142600
v -0.00315000 -0.02957500 -0.00929200
v -0.00315000 -0.03017400 -0.00710800
v -0.00315000 -0.03061200 -0.00488700
v -0.00315000 -0.03088700 -0.00263900
v -0.00315000 -0.03099800 -0.00037700
v -0.00315000 -0.03094300 0.00188600
v -0.00315000 -0.03072200 0.00414000
v -0.00315000 -0.03033800 0.00637100
v -0.00315000 -0.02979200 0.00856900
v -0.00315000 -0.02908700 0.01072100
v -0.00315000 -0.02822700 0.01281500
v -0.00315000 -0.02721600 0.01484200
v -0.00315000 -0.02606000 0.01678900
v -0.00315000 -0.02476500 0.01864600
v -0.00315000 -0.02333800 0.02040400
v -0.00315000 -0.02178600 0.02205300
v -0.00315000 -0.02011900 0.02358500
v -0.00315000 -0.01834300 0.02499000
v -0.00315000 -0.01647000 0.02626300
v -0.00315000 -0.01450900 0.02739500
v -0.00315000 -0.01247100 0.02838100
v -0.00315000 -0.01036600 0.02921600
v -0.00315000 -0.00820600 0.02989400
v -0.00315000 -0.00600200 0.03041400
v -0.00315000 -0.00376500 0.03077000
v -0.00315000 -0.00150900 0.03096300
v -0.00315000 0.00075500 0.03099100
v -0.00315000 0.00301500 0.03085300
v -0.00315000 0.00525900 0.03055100
v -0.00315000 0.00747500 0.03008500
v -0.00315000 0.00965100 0.02945900
v -0.00315000 0.01177600 0.02867600
v -0.00315000 0.01383800 0.02774000
v -0.00315000 0.01582600 0.02665600
v -0.00315000 0.01772900 0.02543000
v -0.00315000 0.01953800 0.02406800
v -0.00315000 0.02124300 0.02257700
v -0.00315000 0.02283400 0.02096600
v -0.00315000 0.02430400 0.01924400
v -0.00315000 0.02564400 0.01741800
v -0.00415000 0.02684700 0.01550000
v -0.00440000 0.02706300 0.01562500
v -0.00465000 0.02728000 0.01575000
v -0.00415000 -0.02684700 -0.01550000
v -0.00465000 -0.02728000 -0.01575000
v -0.00415000 0.02684700 0.01550000
v -0.00440000 0.02706300 0.01562500
v -0.00465000 0.02728000 0.01575000
v -0.00415000 0.02759700 0.01412000
v -0.00415000 0.02827700 0.01270400
v -0.00415000 0.02888400 0.01125600
v -0.00415000 0.02941700 0.00977800
v -0.00415000 0.02987500 0.00827600
v -0.00415000 0.03025600 0.00675200
v -0.00415000 0.03055900 0.00521100
v -0.00415000 0.03078400 0.00365700
v -0.00415000 0.03092900 0.00209300
v -0.00415000 0.03099600 0.00052400
v -0.00415000 0.03098200 -0.00104700
v -0.00415000 0.03089000 -0.00261500
v -0.00415000 0.03071700 -0.00417600
v -0.00415000 0.03046600 -0.00572700
v -0.00415000 0.03013700 -0.00726200
v -0.00415000 0.02973100 -0.00877900
v -0.00415000 0.02924800 -0.01027400
v -0.00415000 0.02869000 -0.01174200
v -0.00415000 0.02805900 -0.01318000
v -0.00415000 0.02735500 -0.01458400
v -0.00415000 0.02658100 -0.01595100
v -0.00415000 0.02573900 -0.01727700
v -0.00415000 0.02483100 -0.01855900
v -0.00415000 0.02385900 -0.01979200
v -0.00415000 0.02282600 -0.02097500
v -0.00415000 0.02173400 -0.02210500
v -0.00415000 0.02058700 -0.02317700
v -0.00415000 0.01938700 -0.02419000
v -0.00415000 0.01813700 -0.02514100
v -0.00415000 0.01684000 -0.02602700
v -0.00415000 0.01550000 -0.02684700
v -0.00415000 0.01412000 -0.02759700
v -0.00415000 0.01270400 -0.02827700
v -0.00415000 0.01125600 -0.02888400
v -0.00415000 0.00977800 -0.02941700
v -0.00415000 0.00827600 -0.02987500
v -0.00415000 0.00675200 -0.03025600
v -0.00415000 0.00521100 -0.03055900
v -0.00415000 0.00365700 -0.03078400
v -0.00415000 0.00209300 -0.03092900
v -0.00415000 0.00052400 -0.03099600
v -0.00415000 -0.00104700 -0.03098200
v -0.00415000 -0.00261500 -0.03089000
v -0.00415000 -0.00417600 -0.03071700
v -0.00415000 -0.00572700 -0.03046600
v -0.00415000 -0.00726200 -0.03013700
v -0.00415000 -0.00877900 -0.02973100
v -0.00415000 -0.01027400 -0.02924800
v -0.00415000 -0.01174200 -0.02869000
v -0.00415000 -0.01318000 -0.02805900
v -0.00415000 -0.01458400 -0.02735500
v -0.00415000 -0.01595100 -0.02658100
v -0.00415000 -0.01727700 -0.02573900
v -0.00415000 -0.01855900 -0.02483100
v -0.00415000 -0.01979200 -0.02385900
v -0.00415000 -0.02097500 -0.02282600
v -0.00415000 -0.02210500 -0.02173400
v -0.00415000 -0.02317700 -0.02058700
v -0.00415000 -0.02419000 -0.01938700
v -0.00415000 -0.02514100 -0.01813700
v -0.00415000 -0.02602700 -0.01684000
v -0.00415000 -0.02759700 -0.01412000
v -0.00415000 -0.02827700 -0.01270400
v -0.00415000 -0.02888400 -0.01125600
v -0.00415000 -0.02941700 -0.00977800
v -0.00415000 -0.02987500 -0.00827600
v -0.00415000 -0.03025600 -0.00675200
v -0.00415000 -0.03055900 -0.00521100
v -0.00415000 -0.03078400 -0.00365700
v -0.00415000 -0.03092900 -0.00209300
v -0.00415000 -0.03099600 -0.00052400
v -0.00415000 -0.03098200 0.00104700
v -0.00415000 -0.03089000 0.00261500
v -0.00415000 -0.03071700 0.00417600
v -0.00415000 -0.03046600 0.00572700
v -0.00415000 -0.03013700 0.00726200
v -0.00415000 -0.02973100 0.00877900
v -0.00415000 -0.02924800 0.01027400
v -0.00415000 -0.02869000 0.01174200
v -0.00415000 -0.02805900 0.01318000
v -0.00415000 -0.02735500 0.01458400
v -0.00415000 -0.02658100 0.01595100
v -0.00415000 -0.02573900 0.01727700
v -0.00415000 -0.02483100 0.01855900
v -0.00415000 -0.02385900 0.01979200
v -0.00415000 -0.02282600 0.02097500
v -0.00415000 -0.02173400 0.02210500
v -0.00415000 -0.02058700 0.02317700
v -0.00415000 -0.01938700 0.02419000
v -0.00415000 -0.01813700 0.02514100
v -0.00415000 -0.01684000 0.02602700
v -0.00415000 -0.01550000 0.02684700
v -0.00415000 -0.01412000 0.02759700
v -0.00415000 -0.01270400 0.02827700
v -0.00415000 -0.01125600 0.02888400
v -0.00415000 -0.00977800 0.02941700
v -0.00415000 -0.00827600 0.02987500
v -0.00415000 -0.00675200 0.03025600
v -0.00415000 -0.00521100 0.03055900
v -0.00415000 -0.00365700 0.03078400
v -0.00415000 -0.00209300 0.03092900
v -0.00415000 -0.00052400 0.03099600
v -0.00415000 0.00104700 0.03098200
v -0.00415000 0.00261500 0.03089000
v -0.00415000 0.00417600 0.03071700
v -0.00415000 0.00572700 0.03046600
v -0.00415000 0.00726200 0.03013700
v -0.00415000 0.00877900 0.02973100
v -0.00415000 0.01027400 0.02924800
v -0.00415000 0.01174200 0.02869000
v -0.00415000 0.01318000 0.02805900
v -0.00415000 0.01458400 0.02735500
v -0.00415000 0.01595100 0.02658100
v -0.00415000 0.01727700 0.02573900
v -0.00415000 0.01855900 0.02483100
v -0.00415000 0.01979200 0.02385900
v -0.00415000 0.02097500 0.02282600
v -0.00415000 0.02210500 0.02173400
v -0.00415000 0.02317700 0.02058700
v -0.00415000 0.02419000 0.01938700
v -0.00415000 0.02514100 0.01813700
v -0.00415000 0.02602700 0.01684000
v -0.00465000 0.02646100 0.01709000
v -0.00465000 0.02557600 0.01838800
v -0.00465000 0.02462800 0.01964000
v -0.00465000 0.02361800 0.02084300
v -0.00465000 0.02255000 0.02199400
v -0.00465000 0.02142500 0.02309100
v -0.00465000 0.02024800 0.02413000
v -0.00465000 0.01902000 0.02511000
v -0.00465000 0.01774500 0.02602700
v -0.00465000 0.01642500 0.02687900
v -0.00465000 0.01506500 0.02766400
v -0.00465000 0.01366700 0.02838100
v -0.00465000 0.01223600 0.02902700
v -0.00465000 0.01077400 0.02960000
v -0.00465000 0.00928500 0.03010100
v -0.00465000 0.00777300 0.03052600
v -0.00465000 0.00624200 0.03087500
v -0.00465000 0.00469500 0.03114800
v -0.00465000 0.00313600 0.03134300
v -0.00465000 0.00157000 0.03146100
v -0.00465000 0.00000000 0.03150000
v -0.00465000 -0.00157000 0.03146100
v -0.00465000 -0.00313600 0.03134300
v -0.00465000 -0.00469500 0.03114800
v -0.00465000 -0.00624200 0.03087500
v -0.00465000 -0.00777300 0.03052600
v -0.00465000 -0.00928500 0.03010100
v -0.00465000 -0.01077400 0.02960000
v -0.00465000 -0.01223600 0.02902700
v -0.00465000 -0.01366700 0.02838100
v -0.00465000 -0.01506500 0.02766400
v -0.00465000 -0.01642500 0.02687900
v -0.00465000 -0.01774500 0.02602700
v -0.00465000 -0.01902000 0.02511000
v -0.00465000 -0.02024800 0.02413000
v -0.00465000 -0.02142500 0.02309100
v -0.00465000 -0.02255000 0.02199400
v -0.00465000 -0.02361800 0.02084300
v -0.00465000 -0.02462800 0.01964000
v -0.00465000 -0.02557600 0.01838800
v -0.00465000 -0.02646100 0.01709000
v -0.00465000 -0.02728000 0.01575000
v -0.00465000 -0.02803100 0.01437100
v -0.00465000 -0.02871200 0.01295600
v -0.00465000 -0.02932300 0.01150800
v -0.00465000 -0.02986000 0.01003200
v -0.00465000 -0.03032300 0.00853100
v -0.00465000 -0.03071000 0.00700900
v -0.00465000 -0.03102100 0.00547000
v -0.00465000 -0.03125600 0.00391700
v -0.00465000 -0.03141200 0.00235400
v -0.00465000 -0.03149000 0.00078500
v -0.00465000 -0.03149000 -0.00078500
v -0.00465000 -0.03141200 -0.00235400
v -0.00465000 -0.03125600 -0.00391700
v -0.00465000 -0.03102100 -0.00547000
v -0.00465000 -0.03071000 -0.00700900
v -0.00465000 -0.03032300 -0.00853100
v -0.00465000 -0.02986000 -0.01003200
v -0.00465000 -0.02932300 -0.01150800
v -0.00465000 -0.02871200 -0.01295600
v -0.00465000 -0.02803100 -0.01437100
v -0.00465000 -0.02646100 -0.01709000
v -0.00465000 -0.02557600 -0.01838800
v -0.00465000 -0.02462800 -0.01964000
v -0.00465000 -0.02361800 -0.02084300
v -0.00465000 -0.02255000 -0.02199400
v -0.00465000 -0.02142500 -0.02309100
v -0.00465000 -0.02024800 -0.02413000
v -0.00465000 -0.01902000 -0.02511000
v -0.00465000 -0.01774500 -0.02602700
v -0.00465000 -0.01642500 -0.02687900
v -0.00465000 -0.01506500 -0.02766400
v -0.00465000 -0.01366700 -0.02838100
v -0.00465000 -0.01223600 -0.02902700
v -0.00465000 -0.01077400 -0.02960000
v -0.00465000 -0.00928500 -0.03010100
v -0.00465000 -0.00777300 -0.03052600
v -0.00465000 -0.00624200 -0.03087500
v -0.00465000 -0.00469500 -0.03114800
v -0.00465000 -0.00313600 -0.03134300
v -0.00465000 -0.00157000 -0.03146100
v -0.00465000 -0.00000000 -0.03150000
v -0.00465000 0.00157000 -0.03146100
v -0.00465000 0.00313600 -0.03134300
v -0.00465000 0.00469500 -0.03114800
v -0.00465000 0.00624200 -0.03087500
v -0.00465000 0.00777300 -0.03052600
v -0.00465000 0.00928500 -0.03010100
v -0.00465000 0.01077400 -0.02960000
v -0.00465000 0.01223600 -0.02902700
v -0.00465000 0.01366700 -0.02838100
v -0.00465000 0.01506500 -0.02766400
v -0.00465000 0.01642500 -0.02687900
v -0.00465000 0.01774500 -0.02602700
v -0.00465000 0.01902000 -0.02511000
v -0.00465000 0.02024800 -0.02413000
v -0.00465000 0.02142500 -0.02309100
v -0.00465000 0.02255000 -0.02199400
v -0.00465000 0.02361800 -0.02084300
v -0.00465000 0.02462800 -0.01964000
v -0.00465000 0.02557600 -0.01838800
v -0.00465000 0.02646100 -0.01709000
v -0.00465000 0.02728000 -0.01575000
v -0.00465000 0.02803100 -0.01437100
v -0.00465000 0.02871200 -0.01295600
v -0.00465000 0.02932300 -0.01150800
v -0.00465000 0.02986000 -0.01003200
v -0.00465000 0.03032300 -0.00853100
v -0.00465000 0.03071000 -0.00700900
v -0.00465000 0.03102100 -0.00547000
v -0.00465000 0.03125600 -0.00391700
v -0.00465000 0.03141200 -0.00235400
v -0.00465000 0.03149000 -0.00078500
v -0.00465000 0.03149000 0.00078500
v -0.00465000 0.03141200 0.00235400
v -0.00465000 0.03125600 0.00391700
v -0.00465000 0.03102100 0.00547000
v -0.00465000 0.03071000 0.00700900
v -0.00465000 0.03032300 0.00853100
v -0.00465000 0.02986000 0.01003200
v -0.00465000 0.02932300 0.01150800
v -0.00465000 0.02871200 0.01295600
v -0.00465000 0.02803100 0.01437100
v -0.00440000 0.02900600 0.01162800
v -0.00440000 0.02972800 0.00963400
v -0.00440000 0.03031300 0.00759700
v -0.00440000 0.03106200 0.00342600
v -0.00440000 0.03075800 0.00552400
v -0.00440000 0.03124100 -0.00075500
v -0.00440000 0.03122200 0.00131200
v -0.00440000 0.03087000 -0.00486100
v -0.00440000 0.03112300 -0.00281400
v -0.00440000 0.02996100 -0.00888100
v -0.00440000 0.03048200 -0.00688600
v -0.00440000 0.02931000 -0.01083800
v -0.00440000 0.02853200 -0.01274800
v -0.00440000 0.02762900 -0.01460200
v -0.00440000 0.02660600 -0.01639200
v -0.00440000 0.02546700 -0.01811100
v -0.00440000 0.02421700 -0.01975100
v -0.00440000 0.02286100 -0.02130600
v -0.00440000 0.02140600 -0.02276700
v -0.00440000 0.01978000 -0.02419300
v -0.00440000 0.01803700 -0.02551900
v -0.00440000 0.01618400 -0.02673300
v -0.00440000 0.01462700 -0.02761500
v -0.00440000 0.01260500 -0.02859500
v -0.00440000 0.01063700 -0.02938400
v -0.00440000 0.00656400 -0.03055300
v -0.00440000 0.00862000 -0.03003700
v -0.00440000 0.00447700 -0.03092800
v -0.00440000 0.00237000 -0.03116000
v -0.00440000 0.00027600 -0.03124900
v -0.00440000 -0.00178600 -0.03119900
v -0.00440000 -0.00383900 -0.03101300
v -0.00440000 -0.00788800 -0.03023800
v -0.00440000 -0.00587600 -0.03069300
v -0.00440000 -0.00986500 -0.02965200
v -0.00440000 -0.01179900 -0.02893700
v -0.00440000 -0.01368200 -0.02809600
v -0.00440000 -0.01550500 -0.02713200
v -0.00440000 -0.01894200 -0.02485500
v -0.00440000 -0.01726100 -0.02605000
v -0.00440000 -0.02054000 -0.02355200
v -0.00440000 -0.02204800 -0.02214600
v -0.00440000 -0.02346100 -0.02064300
v -0.00440000 -0.02484300 -0.01895700
v -0.00440000 -0.02611300 -0.01716600
v -0.00440000 -0.02706300 -0.01562500
v -0.00440000 -0.02813100 -0.01361000
v -0.00440000 -0.02972800 -0.00963400
v -0.00440000 -0.02900600 -0.01162800
v -0.00440000 -0.03031300 -0.00759700
v -0.00440000 -0.03075800 -0.00552400
v -0.00440000 -0.03106200 -0.00342600
v -0.00440000 -0.03122200 -0.00131200
v -0.00440000 -0.03112300 0.00281400
v -0.00440000 -0.03124100 0.00075500
v -0.00440000 -0.03087000 0.00486100
v -0.00440000 -0.03048200 0.00688600
v -0.00440000 -0.02931000 0.01083800
v -0.00440000 -0.02996100 0.00888100
v -0.00440000 -0.02762900 0.01460200
v -0.00440000 -0.02853200 0.01274800
v -0.00440000 -0.02660600 0.01639200
v -0.00440000 -0.02546700 0.01811100
v -0.00440000 -0.02421700 0.01975100
v -0.00440000 -0.02286100 0.02130600
v -0.00440000 -0.02140600 0.02276700
v -0.00440000 -0.01803700 0.02551900
v -0.00440000 -0.01978000 0.02419300
v -0.00440000 -0.01462700 0.02761500
v -0.00440000 -0.01618400 0.02673300
v -0.00440000 -0.01260500 0.02859500
v -0.00440000 -0.01063700 0.02938400
v -0.00440000 -0.00862000 0.03003700
v -0.00440000 -0.00447700 0.03092800
v -0.00440000 -0.00656400 0.03055300
v -0.00440000 -0.00027600 0.03124900
v -0.00440000 -0.00237000 0.03116000
v -0.00440000 0.00178600 0.03119900
v -0.00440000 0.00383900 0.03101300
v -0.00440000 0.00587600 0.03069300
v -0.00440000 0.00788800 0.03023800
v -0.00440000 0.01179900 0.02893700
v -0.00440000 0.00986500 0.02965200
v -0.00440000 0.01368200 0.02809600
v -0.00440000 0.01550500 0.02713200
v -0.00440000 0.01894200 0.02485500
v -0.00440000 0.01726100 0.02605000
v -0.00440000 0.02054000 0.02355200
v -0.00440000 0.02204800 0.02214600
v -0.00440000 0.02346100 0.02064300
v -0.00440000 0.02484300 0.01895700
v -0.00440000 0.02611300 0.01716600
v -0.00315000 0.01383500 -0.00125000
v -0.00015000 0.01383500 -0.00125000
v -0.00315000 0.01383500 -0.00125000
v -0.00015000 0.01383500 -0.00125000
v -0.00015000 0.01350200 -0.00010100
v -0.00015000 0.01374100 0.00107200
v -0.00015000 0.01449800 0.00199900
v -0.00015000 0.01559900 0.00246800
v -0.00015000 0.01679200 0.00237100
v -0.00015000 0.01780300 0.00173200
v -0.00015000 0.01840100 0.00069600
v -0.00015000 0.01844900 -0.00050000
v -0.00015000 0.01793700 -0.00158100
v -0.00015000 0.01698000 -0.00230000
v -0.00015000 0.01579900 -0.00249200
v -0.00015000 0.01466400 -0.00211300
v -0.00315000 0.01466400 -0.00211300
v -0.00315000 0.01579900 -0.00249200
v -0.00315000 0.01698000 -0.00230000
v -0.00315000 0.01793700 -0.00158100
v -0.00315000 0.01844900 -0.00050000
v -0.00315000 0.01840100 0.00069600
v -0.00315000 0.01780300 0.00173200
v -0.00315000 0.01679200 0.00237100
v -0.00315000 0.01559900 0.00246800
v -0.00315000 0.01449800 0.00199900
v -0.00315000 0.01374100 0.00107200
v -0.00315000 0.01350200 -0.00010100
v -0.00315000 0.01854700 0.01915100
v -0.00015000 0.01854700 0.01915100
v 0.00285000 0.01854700 0.01915100
v -0.00315000 0.01854700 0.01915100
v -0.00015000 0.01854700 0.01915100
v 0.00285000 0.01854700 0.01915100
v 0.00285000 0.01832700 0.01990900
v 0.00285000 0.01848500 0.02068300
v 0.00285000 0.01898500 0.02129500
v 0.00285000 0.01971100 0.02160400
v 0.00285000 0.02049800 0.02154100
v 0.00285000 0.02116600 0.02111900
v 0.00285000 0.02156100 0.02043500
v 0.00285000 0.02159200 0.01964600
v 0.00285000 0.02125400 0.01893200
v 0.00285000 0.02062300 0.01845800
v 0.00285000 0.01984300 0.01833100
v 0.00285000 0.01909400 0.01858100
v -0.00315000 0.01909400 0.01858100
v -0.00315000 0.01984300 0.01833100
v -0.00315000 0.02062300 0.01845800
v -0.00315000 0.02125400 0.01893200
v -0.00315000 0.02159200 0.01964600
v -0.00315000 0.02156100 0.02043500
v -0.00315000 0.02116600 0.02111900
v -0.00315000 0.02049800 0.02154100
v -0.00315000 0.01971100 0.02160400
v -0.00315000 0.01898500 0.02129500
v -0.00315000 0.01848500 0.02068300
v -0.00315000 0.01832700 0.01990900
v -0.00015000 0.01956400 0.01837800
v -0.00015000 0.02019900 0.01834100
v -0.00015000 0.02129700 0.01898800
v -0.00015000 0.02080100 0.01854700
v -0.00015000 0.02157400 0.01956400
v -0.00015000 0.02161100 0.02019900
v -0.00015000 0.02140500 0.02080100
v -0.00015000 0.02038700 0.02157400
v -0.00015000 0.02096400 0.02129700
v -0.00015000 0.01975200 0.02161100
v -0.00015000 0.01915100 0.02140500
v -0.00015000 0.01865400 0.02096400
v -0.00015000 0.01834100 0.01975200
v -0.00015000 0.01837800 0.02038700
v -0.00315000 -0.02140500 0.01915100
v -0.00015000 -0.02140500 0.01915100
v 0.00285000 -0.02140500 0.01915100
v -0.00315000 -0.02140500 0.01915100
v -0.00015000 -0.02140500 0.01915100
v 0.00285000 -0.02140500 0.01915100
v 0.00285000 -0.02162400 0.01990900
v 0.00285000 -0.02146600 0.02068300
v 0.00285000 -0.02096700 0.02129500
v 0.00285000 -0.02024000 0.02160400
v 0.00285000 -0.01945300 0.02154100
v 0.00285000 -0.01878600 0.02111900
v 0.00285000 -0.01839100 0.02043500
v 0.00285000 -0.01835900 0.01964600
v 0.00285000 -0.01869800 0.01893200
v 0.00285000 -0.01932900 0.01845800
v 0.00285000 -0.02010900 0.01833100
v 0.00285000 -0.02085800 0.01858100
v -0.00315000 -0.02085800 0.01858100
v -0.00315000 -0.02010900 0.01833100
v -0.00315000 -0.01932900 0.01845800
v -0.00315000 -0.01869800 0.01893200
v -0.00315000 -0.01835900 0.01964600
v -0.00315000 -0.01839100 0.02043500
v -0.00315000 -0.01878600 0.02111900
v -0.00315000 -0.01945300 0.02154100
v -0.00315000 -0.02024000 0.02160400
v -0.00315000 -0.02096700 0.02129500
v -0.00315000 -0.02146600 0.02068300
v -0.00315000 -0.02162400 0.01990900
v -0.00015000 -0.02038700 0.01837800
v -0.00015000 -0.01975200 0.01834100
v -0.00015000 -0.01865400 0.01898800
v -0.00015000 -0.01915100 0.01854700
v -0.00015000 -0.01837800 0.01956400
v -0.00015000 -0.01834100 0.02019900
v -0.00015000 -0.01854700 0.02080100
v -0.00015000 -0.01956400 0.02157400
v -0.00015000 -0.01898800 0.02129700
v -0.00015000 -0.02019900 0.02161100
v -0.00015000 -0.02080100 0.02140500
v -0.00015000 -0.02129700 0.02096400
v -0.00015000 -0.02161100 0.01975200
v -0.00015000 -0.02157400 0.02038700
v -0.00315000 -0.02140500 -0.02080100
v -0.00015000 -0.02140500 -0.02080100
v 0.00285000 -0.02140500 -0.02080100
v -0.00315000 -0.02140500 -0.02080100
v -0.00015000 -0.02140500 -0.02080100
v 0.00285000 -0.02140500 -0.02080100
v 0.00285000 -0.02162400 -0.02004200
v 0.00285000 -0.02146600 -0.01926800
v 0.00285000 -0.02096700 -0.01865700
v 0.00285000 -0.02024000 -0.01834700
v 0.00285000 -0.01945300 -0.01841100
v 0.00285000 -0.01878600 -0.01883300
v 0.00285000 -0.01839100 -0.01951700
v 0.00285000 -0.01835900 -0.02030600
v 0.00285000 -0.01869800 -0.02101900
v 0.00285000 -0.01932900 -0.02149400
v 0.00285000 -0.02010900 -0.02162000
v 0.00285000 -0.02085800 -0.02137000
v -0.00315000 -0.02085800 -0.02137000
v -0.00315000 -0.02010900 -0.02162000
v -0.00315000 -0.01932900 -0.02149400
v -0.00315000 -0.01869800 -0.02101900
v -0.00315000 -0.01835900 -0.02030600
v -0.00315000 -0.01839100 -0.01951700
v -0.00315000 -0.01878600 -0.01883300
v -0.00315000 -0.01945300 -0.01841100
v -0.00315000 -0.02024000 -0.01834700
v -0.00315000 -0.02096700 -0.01865700
v -0.00315000 -0.02146600 -0.01926800
v -0.00315000 -0.02162400 -0.02004200
v -0.00015000 -0.02038700 -0.02157400
v -0.00015000 -0.01975200 -0.02161100
v -0.00015000 -0.01865400 -0.02096400
v -0.00015000 -0.01915100 -0.02140500
v -0.00015000 -0.01837800 -0.02038700
v -0.00015000 -0.01834100 -0.01975200
v -0.00015000 -0.01854700 -0.01915100
v -0.00015000 -0.01956400 -0.01837800
v -0.00015000 -0.01898800 -0.01865400
v -0.00015000 -0.02019900 -0.01834100
v -0.00015000 -0.02080100 -0.01854700
v -0.00015000 -0.02129700 -0.01898800
v -0.00015000 -0.02161100 -0.02019900
v -0.00015000 -0.02157400 -0.01956400
v -0.00315000 0.01854700 -0.02080100
v -0.00015000 0.01854700 -0.02080100
v 0.00285000 0.01854700 -0.02080100
v -0.00315000 0.01854700 -0.02080100
v -0.00015000 0.01854700 -0.02080100
v 0.00285000 0.01854700 -0.02080100
v 0.00285000 0.01832700 -0.02004200
v 0.00285000 0.01848500 -0.01926800
v 0.00285000 0.01898500 -0.01865700
v 0.00285000 0.01971100 -0.01834700
v 0.00285000 0.02049800 -0.01841100
v 0.00285000 0.02116600 -0.01883300
v 0.00285000 0.02156100 -0.01951700
v 0.00285000 0.02159200 -0.02030600
v 0.00285000 0.02125400 -0.02101900
v 0.00285000 0.02062300 -0.02149400
v 0.00285000 0.01984300 -0.02162000
v 0.00285000 0.01909400 -0.02137000
v -0.00315000 0.01909400 -0.02137000
v -0.00315000 0.01984300 -0.02162000
v -0.00315000 0.02062300 -0.02149400
v -0.00315000 0.02125400 -0.02101900
v -0.00315000 0.02159200 -0.02030600
v -0.00315000 0.02156100 -0.01951700
v -0.00315000 0.02116600 -0.01883300
v -0.00315000 0.02049800 -0.01841100
v -0.00315000 0.01971100 -0.01834700
v -0.00315000 0.01898500 -0.01865700
v -0.00315000 0.01848500 -0.01926800
v -0.00315000 0.01832700 -0.02004200
v -0.00015000 0.01956400 -0.02157400
v -0.00015000 0.02019900 -0.02161100
v -0.00015000 0.02129700 -0.02096400
v -0.00015000 0.02080100 -0.02140500
v -0.00015000 0.02157400 -0.02038700
v -0.00015000 0.02161100 -0.01975200
v -0.00015000 0.02140500 -0.01915100
v -0.00015000 0.02038700 -0.01837800
v -0.00015000 0.02096400 -0.01865400
v -0.00015000 0.01975200 -0.01834100
v -0.00015000 0.01915100 -0.01854700
v -0.00015000 0.01865400 -0.01898800
v -0.00015000 0.01834100 -0.02019900
v -0.00015000 0.01837800 -0.01956400
v -0.00315000 0.01573600 0.00369100
v -0.00285000 0.01571400 -0.00399000
v -0.00285000 0.01487300 -0.00383800
v -0.00285000 0.01408300 -0.00351100
v -0.00285000 0.01338000 -0.00302300
v -0.00285000 0.01279800 -0.00239700
v -0.00285000 0.01236100 -0.00166200
v -0.00285000 0.01209100 -0.00085000
v -0.00285000 0.01200000 -0.00000000
v -0.00285000 0.01209100 0.00085000
v -0.00285000 0.01236100 0.00166200
v -0.00285000 0.01279800 0.00239700
v -0.00285000 0.01338000 0.00302300
v -0.00285000 0.01408300 0.00351100
v -0.00285000 0.01487300 0.00383800
v -0.00315000 0.01573600 -0.00369100
v -0.00315000 0.01489900 0.00353200
v -0.00315000 0.01412100 0.00318700
v -0.00315000 0.01344200 0.00267300
v -0.00315000 0.01289800 0.00201700
v -0.00315000 0.01251900 0.00125500
v -0.00315000 0.01232500 0.00042600
v -0.00315000 0.01232500 -0.00042600
v -0.00315000 0.01251900 -0.00125500
v -0.00315000 0.01289800 -0.00201700
v -0.00315000 0.01344200 -0.00267300
v -0.00315000 0.01412100 -0.00318700
v -0.00315000 0.01489900 -0.00353200
v -0.00285000 0.01571400 0.00399000
v -0.00300000 0.01457900 0.00357800
v -0.00300000 0.01273900 0.00204600
v -0.00300000 0.01229700 0.00105300
v -0.00300000 0.01215100 -0.00007200
v -0.00300000 0.01233900 -0.00119000
v -0.00300000 0.01286200 -0.00223000
v -0.00300000 0.01367500 -0.00306900
v -0.00300000 0.01464400 -0.00360300
v -0.00285000 0.01571400 0.00399000
v -0.00315000 0.01573600 0.00369100
v -0.00285000 0.01823500 0.00821400
v -0.00285000 0.01846700 0.00742600
v -0.00285000 0.01847600 0.00660500
v -0.00285000 0.01826200 0.00581200
v -0.00285000 0.01784100 0.00510700
v -0.00285000 0.01724500 0.00454200
v -0.00285000 0.01651800 0.00416000
v -0.00315000 0.01850900 0.00833700
v -0.00315000 0.01662000 0.00387800
v -0.00315000 0.01742000 0.00429800
v -0.00315000 0.01807600 0.00491900
v -0.00315000 0.01853900 0.00569500
v -0.00315000 0.01877400 0.00656700
v -0.00315000 0.01876400 0.00747100
v -0.00315000 0.01573600 -0.00369100
v -0.00285000 0.01823500 -0.00821400
v -0.00285000 0.01571400 -0.00399000
v -0.00285000 0.01642000 -0.00412700
v -0.00285000 0.01707300 -0.00442800
v -0.00285000 0.01763600 -0.00487600
v -0.00285000 0.01807600 -0.00544500
v -0.00285000 0.01836800 -0.00610200
v -0.00285000 0.01849500 -0.00681000
v -0.00285000 0.01845000 -0.00752800
v -0.00315000 0.01850900 -0.00833700
v -0.00315000 0.01874500 -0.00758200
v -0.00315000 0.01879500 -0.00679300
v -0.00315000 0.01865500 -0.00601400
v -0.00315000 0.01833400 -0.00529100
v -0.00315000 0.01785000 -0.00466500
v -0.00315000 0.01723100 -0.00417200
v -0.00315000 0.01651200 -0.00384100
v -0.00285000 0.01823500 -0.00821400
v -0.00285000 0.01782300 -0.00907500
v -0.00285000 0.01737000 -0.00991400
v -0.00285000 0.01687700 -0.01073100
v -0.00285000 0.01634600 -0.01152400
v -0.00285000 0.01577800 -0.01229100
v -0.00285000 0.01517400 -0.01302900
v -0.00285000 0.01453500 -0.01373800
v -0.00285000 0.01386300 -0.01441600
v -0.00285000 0.01316000 -0.01506000
v -0.00285000 0.01242700 -0.01567100
v -0.00285000 0.01166500 -0.01624600
v -0.00285000 0.01087700 -0.01678400
v -0.00285000 0.01006400 -0.01728300
v -0.00285000 0.00922800 -0.01774400
v -0.00285000 0.00837200 -0.01816400
v -0.00285000 0.00749600 -0.01854200
v -0.00285000 0.00660300 -0.01887900
v -0.00285000 0.00569500 -0.01917200
v -0.00285000 0.00477400 -0.01942200
v -0.00285000 0.00384200 -0.01962700
v -0.00285000 0.00290200 -0.01978800
v -0.00285000 0.00195500 -0.01990400
v -0.00285000 0.00100300 -0.01997500
v -0.00285000 0.00004900 -0.02000000
v -0.00285000 -0.00090500 -0.01998000
v -0.00285000 -0.00185600 -0.01991400
v -0.00285000 -0.00280400 -0.01980200
v -0.00285000 -0.00374500 -0.01964600
v -0.00285000 -0.00467800 -0.01944500
v -0.00285000 -0.00560000 -0.01920000
v -0.00285000 -0.00651000 -0.01891100
v -0.00285000 -0.00740400 -0.01857900
v -0.00285000 -0.00828200 -0.01820500
v -0.00285000 -0.00914100 -0.01778900
v -0.00285000 -0.00997900 -0.01733300
v -0.00285000 -0.01079400 -0.01683700
v -0.00285000 -0.01158500 -0.01630300
v -0.00285000 -0.01234900 -0.01573200
v -0.00285000 -0.01308500 -0.01512500
v -0.00285000 -0.01379200 -0.01448400
v -0.00285000 -0.01446700 -0.01381000
v -0.00285000 -0.01510900 -0.01310400
v -0.00285000 -0.01571700 -0.01236800
v -0.00285000 -0.01628900 -0.01160500
v -0.00285000 -0.01682400 -0.01081500
v -0.00315000 0.01850900 -0.00833700
v -0.00315000 0.01758000 0.01015000
v -0.00315000 0.01708600 0.01096200
v -0.00315000 0.01655400 0.01174900
v -0.00315000 0.01598700 0.01251100
v -0.00315000 0.01538400 0.01324500
v -0.00315000 0.01474700 0.01395000
v -0.00315000 0.01407800 0.01462500
v -0.00315000 0.01337800 0.01526800
v -0.00315000 0.01264900 0.01587700
v -0.00315000 0.01189200 0.01645200
v -0.00315000 0.01111000 0.01699000
v -0.00315000 0.01030200 0.01749100
v -0.00315000 0.00947300 0.01795400
v -0.00315000 0.00862200 0.01837800
v -0.00315000 0.00775300 0.01876100
v -0.00315000 0.00686600 0.01910400
v -0.00315000 0.00596500 0.01940400
v -0.00315000 0.00505000 0.01966200
v -0.00315000 0.00412500 0.01987700
v -0.00315000 0.00319000 0.02004800
v -0.00315000 0.00224900 0.02017500
v -0.00315000 0.00130200 0.02025800
v -0.00315000 0.00035300 0.02029700
v -0.00315000 -0.00059700 0.02029100
v -0.00315000 -0.00154600 0.02024100
v -0.00315000 -0.00249200 0.02014600
v -0.00315000 -0.00343200 0.02000800
v -0.00315000 -0.00436400 0.01982500
v -0.00315000 -0.00528700 0.01959900
v -0.00315000 -0.00619800 0.01933100
v -0.00315000 -0.00709600 0.01901900
v -0.00315000 -0.00797800 0.01866600
v -0.00315000 -0.00884300 0.01827300
v -0.00315000 -0.00968800 0.01783900
v -0.00315000 -0.01051300 0.01736600
v -0.00315000 -0.01131400 0.01685500
v -0.00315000 -0.01209000 0.01630700
v -0.00315000 -0.01284000 0.01572400
v -0.00315000 -0.01356100 0.01510600
v -0.00315000 -0.01425300 0.01445400
v -0.00315000 -0.01491400 0.01377200
v -0.00315000 -0.01554200 0.01305900
v -0.00315000 -0.01613600 0.01231700
v -0.00315000 -0.01669500 0.01154900
v -0.00315000 -0.01721700 0.01075500
v -0.00315000 -0.01770100 0.00993700
v -0.00315000 -0.01814700 0.00909800
v -0.00315000 -0.01855300 0.00823900
v -0.00315000 -0.01891800 0.00736200
v -0.00315000 -0.01924200 0.00646800
v -0.00315000 -0.01952300 0.00556100
v -0.00315000 -0.01976200 0.00464100
v -0.00315000 -0.01995800 0.00371200
v -0.00315000 -0.02011000 0.00277400
v -0.00315000 -0.02021700 0.00183000
v -0.00315000 -0.02028100 0.00088200
v -0.00315000 -0.02030000 -0.00006800
v -0.00315000 -0.02027400 -0.00101800
v -0.00315000 -0.02020500 -0.00196600
v -0.00315000 -0.02009000 -0.00290900
v -0.00315000 -0.01993200 -0.00384600
v -0.00315000 -0.01973100 -0.00477500
v -0.00315000 -0.01948600 -0.00569300
v -0.00315000 -0.01919800 -0.00659800
v -0.00315000 -0.01886800 -0.00748900
v -0.00315000 -0.01849700 -0.00836400
v -0.00315000 -0.01808500 -0.00922000
v -0.00315000 -0.01763400 -0.01005600
v -0.00315000 -0.01714400 -0.01087100
v -0.00315000 -0.01661700 -0.01166100
v -0.00315000 -0.01605300 -0.01242600
v -0.00315000 -0.01545400 -0.01316300
v -0.00315000 -0.01482100 -0.01387200
v -0.00315000 -0.01415600 -0.01455000
v -0.00315000 -0.01345900 -0.01519700
v -0.00315000 -0.01273300 -0.01581000
v -0.00315000 -0.01198000 -0.01638800
v -0.00315000 -0.01120000 -0.01693100
v -0.00315000 -0.01039500 -0.01743600
v -0.00315000 -0.00956800 -0.01790400
v -0.00315000 -0.00872000 -0.01833200
v -0.00315000 -0.00785200 -0.01872000
v -0.00315000 -0.00696800 -0.01906700
v -0.00315000 -0.00606800 -0.01937200
v -0.00315000 -0.00515500 -0.01963500
v -0.00315000 -0.00423000 -0.01985400
v -0.00315000 -0.00329700 -0.02003100
v -0.00315000 -0.00235600 -0.02016300
v -0.00315000 -0.00141000 -0.02025100
v -0.00315000 -0.00046100 -0.02029500
v -0.00315000 0.00049000 -0.02029400
v -0.00315000 0.00143900 -0.02024900
v -0.00315000 0.00238500 -0.02015900
v -0.00315000 0.00332500 -0.02002600
v -0.00315000 0.00425900 -0.01984800
v -0.00315000 0.00518300 -0.01962700
v -0.00315000 0.00609600 -0.01936300
v -0.00315000 0.00699500 -0.01905700
v -0.00315000 0.00787900 -0.01870900
v -0.00315000 0.00874600 -0.01831900
v -0.00315000 0.00959300 -0.01789000
v -0.00315000 0.01042000 -0.01742200
v -0.00315000 0.01122400 -0.01691500
v -0.00315000 0.01200300 -0.01637100
v -0.00315000 0.01275600 -0.01579200
v -0.00315000 0.01348100 -0.01517700
v -0.00315000 0.01417600 -0.01453000
v -0.00315000 0.01484100 -0.01385100
v -0.00315000 0.01547300 -0.01314100
v -0.00315000 0.01607100 -0.01240300
v -0.00315000 0.01663300 -0.01163700
v -0.00315000 0.01716000 -0.01084600
v -0.00315000 0.01764800 -0.01003100
v -0.00315000 0.01809800 -0.00919400
v -0.00285000 0.01732100 0.01000000
v -0.00285000 -0.01732100 -0.01000000
v -0.00285000 -0.01777700 -0.00916500
v -0.00285000 -0.01819300 -0.00830800
v -0.00285000 -0.01856700 -0.00743300
v -0.00285000 -0.01890000 -0.00654100
v -0.00285000 -0.01919000 -0.00563500
v -0.00285000 -0.01943600 -0.00471500
v -0.00285000 -0.01963900 -0.00378500
v -0.00285000 -0.01979600 -0.00284600
v -0.00285000 -0.01990900 -0.00190100
v -0.00285000 -0.01997700 -0.00095200
v -0.00285000 -0.02000000 0.00000000
v -0.00285000 -0.01997700 0.00095200
v -0.00285000 -0.01990900 0.00190100
v -0.00285000 -0.01979600 0.00284600
v -0.00285000 -0.01963900 0.00378500
v -0.00285000 -0.01943600 0.00471500
v -0.00285000 -0.01919000 0.00563500
v -0.00285000 -0.01890000 0.00654100
v -0.00285000 -0.01856700 0.00743300
v -0.00285000 -0.01819300 0.00830800
v -0.00285000 -0.01777700 0.00916500
v -0.00285000 -0.01732100 0.01000000
v -0.00285000 -0.01682500 0.01081300
v -0.00285000 -0.01629200 0.01160100
v -0.00285000 -0.01572100 0.01236300
v -0.00285000 -0.01511500 0.01309700
v -0.00285000 -0.01447500 0.01380200
v -0.00285000 -0.01380200 0.01447500
v -0.00285000 -0.01309700 0.01511500
v -0.00285000 -0.01236300 0.01572100
v -0.00285000 -0.01160100 0.01629200
v -0.00285000 -0.01081300 0.01682500
v -0.00285000 -0.01000000 0.01732100
v -0.00285000 -0.00916500 0.01777700
v -0.00285000 -0.00830800 0.01819300
v -0.00285000 -0.00743300 0.01856700
v -0.00285000 -0.00654100 0.01890000
v -0.00285000 -0.00563500 0.01919000
v -0.00285000 -0.00471500 0.01943600
v -0.00285000 -0.00378500 0.01963900
v -0.00285000 -0.00284600 0.01979600
v -0.00285000 -0.00190100 0.01990900
v -0.00285000 -0.00095200 0.01997700
v -0.00285000 0.00000000 0.02000000
v -0.00285000 0.00095200 0.01997700
v -0.00285000 0.00190100 0.01990900
v -0.00285000 0.00284600 0.01979600
v -0.00285000 0.00378500 0.01963900
v -0.00285000 0.00471500 0.01943600
v -0.00285000 0.00563500 0.01919000
v -0.00285000 0.00654100 0.01890000
v -0.00285000 0.00743300 0.01856700
v -0.00285000 0.00830800 0.01819300
v -0.00285000 0.00916500 0.01777700
v -0.00285000 0.01000000 0.01732100
v -0.00285000 0.01081300 0.01682500
v -0.00285000 0.01160100 0.01629200
v -0.00285000 0.01236300 0.01572100
v -0.00285000 0.01309700 0.01511500
v -0.00285000 0.01380200 0.01447500
v -0.00285000 0.01447500 0.01380200
v -0.00285000 0.01511500 0.01309700
v -0.00285000 0.01572100 0.01236300
v -0.00285000 0.01629200 0.01160100
v -0.00285000 0.01682500 0.01081300
v -0.00300000 0.01784000 -0.00936700
v -0.00300000 0.01580500 -0.01249800
v -0.00300000 0.01657400 -0.01145900
v -0.00300000 0.01496100 -0.01349800
v -0.00300000 0.01405300 -0.01444100
v -0.00300000 0.01308500 -0.01532300
v -0.00300000 0.01099000 -0.01688900
v -0.00300000 0.01206300 -0.01614000
v -0.00300000 0.00985900 -0.01757300
v -0.00300000 0.00863400 -0.01820600
v -0.00300000 0.00623500 -0.01916100
v -0.00300000 0.00744100 -0.01872600
v -0.00300000 0.00375300 -0.01979700
v -0.00300000 0.00500400 -0.01951900
v -0.00300000 0.00248600 -0.01999600
v -0.00300000 0.00121000 -0.02011400
v -0.00300000 -0.00004900 -0.02015000
v -0.00300000 -0.00129600 -0.02010800
v -0.00300000 -0.00376900 -0.01979400
v -0.00300000 -0.00253700 -0.01999000
v -0.00300000 -0.00498600 -0.01952300
v -0.00300000 -0.00618400 -0.01917800
v -0.00300000 -0.00735800 -0.01875800
v -0.00300000 -0.00961800 -0.01770600
v -0.00300000 -0.00850400 -0.01826700
v -0.00300000 -0.01173100 -0.01638300
v -0.00300000 -0.01069500 -0.01707800
v -0.00300000 -0.01272100 -0.01562600
v -0.00300000 -0.01366400 -0.01481000
v -0.00300000 -0.01455400 -0.01393600
v -0.00300000 -0.01538800 -0.01300900
v -0.00300000 -0.01620900 -0.01197000
v -0.00300000 -0.01696200 -0.01087700
v -0.00300000 -0.01753300 -0.00993100
v -0.00300000 -0.01817100 -0.00870900
v -0.00300000 -0.01869700 -0.00751300
v -0.00300000 -0.01913700 -0.00630900
v -0.00300000 -0.01978300 -0.00382900
v -0.00300000 -0.01949900 -0.00507900
v -0.00300000 -0.01998600 -0.00256300
v -0.00300000 -0.02010900 -0.00128700
v -0.00300000 -0.02015000 -0.00002600
v -0.00300000 -0.02011300 0.00122100
v -0.00300000 -0.01980800 0.00369500
v -0.00300000 -0.01999900 0.00246300
v -0.00300000 -0.01920100 0.00611200
v -0.00300000 -0.01954200 0.00491300
v -0.00300000 -0.01829900 0.00843600
v -0.00300000 -0.01878600 0.00728800
v -0.00300000 -0.01774200 0.00955200
v -0.00300000 -0.01711700 0.01063100
v -0.00300000 -0.01567400 0.01266300
v -0.00300000 -0.01642700 0.01167000
v -0.00300000 -0.01486000 0.01360800
v -0.00300000 -0.01399000 0.01450200
v -0.00300000 -0.01306600 0.01533900
v -0.00300000 -0.01203100 0.01616400
v -0.00300000 -0.01094000 0.01692100
v -0.00300000 -0.01000300 0.01749200
v -0.00300000 -0.00878300 0.01813500
v -0.00300000 -0.00638200 0.01911300
v -0.00300000 -0.00758400 0.01866800
v -0.00300000 -0.00515300 0.01948000
v -0.00300000 -0.00263900 0.01997600
v -0.00300000 -0.00390400 0.01976800
v -0.00300000 -0.00136400 0.02010400
v -0.00300000 -0.00010000 0.02015000
v -0.00300000 0.00238800 0.02000800
v -0.00300000 0.00114600 0.02011700
v -0.00300000 0.00362100 0.01982200
v -0.00300000 0.00484000 0.01956000
v -0.00300000 0.00604100 0.01922300
v -0.00300000 0.00836800 0.01833000
v -0.00300000 0.00721800 0.01881300
v -0.00300000 0.00948600 0.01777700
v -0.00300000 0.01056700 0.01715700
v -0.00300000 0.01160800 0.01647000
v -0.00300000 0.01355300 0.01491100
v -0.00300000 0.01260500 0.01572100
v -0.00300000 0.01529000 0.01312300
v -0.00300000 0.01444900 0.01404400
v -0.00300000 0.01611800 0.01209200
v -0.00300000 0.01688000 0.01100400
v -0.00315000 0.01758000 0.01015000
v -0.00285000 0.01823500 0.00821400
v -0.00285000 0.01732100 0.01000000
v -0.00285000 0.01764500 0.00941500
v -0.00285000 0.01795000 0.00882000
v -0.00315000 0.01850900 0.00833700
v -0.00315000 0.01822000 0.00895200
v -0.00315000 0.01791000 0.00955600
v -0.00045000 0.01823500 -0.00821400
v -0.00045000 0.01845000 -0.00752800
v -0.00045000 0.01849500 -0.00681000
v -0.00045000 0.01836800 -0.00610200
v -0.00045000 0.01807600 -0.00544500
v -0.00045000 0.01763600 -0.00487600
v -0.00045000 0.01707300 -0.00442800
v -0.00045000 0.01642000 -0.00412700
v -0.00015000 0.01879700 -0.00683300
v -0.00036900 0.01853400 -0.00751600
v -0.00015000 0.01573600 -0.00369100
v -0.00015000 0.01651900 -0.00384300
v -0.00015000 0.01724200 -0.00417900
v -0.00015000 0.01786400 -0.00467900
v -0.00015000 0.01834700 -0.00531400
v -0.00015000 0.01866400 -0.00604600
v -0.00045000 0.01571400 -0.00399000
v -0.00015000 0.01573600 0.00369100
v -0.00045000 0.01571400 0.00399000
v -0.00045000 0.01487300 0.00383800
v -0.00045000 0.01408300 0.00351100
v -0.00045000 0.01338000 0.00302300
v -0.00045000 0.01279800 0.00239700
v -0.00045000 0.01236100 0.00166200
v -0.00045000 0.01209100 0.00085000
v -0.00045000 0.01200000 -0.00000000
v -0.00045000 0.01209100 -0.00085000
v -0.00045000 0.01236100 -0.00166200
v -0.00045000 0.01279800 -0.00239700
v -0.00045000 0.01338000 -0.00302300
v -0.00045000 0.01408300 -0.00351100
v -0.00045000 0.01487300 -0.00383800
v -0.00045000 0.01571400 -0.00399000
v -0.00015000 0.01573600 -0.00369100
v -0.00015000 0.01489900 -0.00353200
v -0.00015000 0.01412100 -0.00318700
v -0.00015000 0.01344200 -0.00267300
v -0.00015000 0.01289800 -0.00201700
v -0.00015000 0.01251900 -0.00125500
v -0.00015000 0.01232500 -0.00042600
v -0.00015000 0.01232500 0.00042600
v -0.00015000 0.01251900 0.00125500
v -0.00015000 0.01289800 0.00201700
v -0.00015000 0.01344200 0.00267300
v -0.00015000 0.01412100 0.00318700
v -0.00015000 0.01489900 0.00353200
v -0.00030000 0.01465800 -0.00360900
v -0.00030000 0.01284800 -0.00221100
v -0.00030000 0.01232400 -0.00114400
v -0.00030000 0.01215000 0.00000400
v -0.00030000 0.01231800 0.00112600
v -0.00030000 0.01280600 0.00214900
v -0.00030000 0.01357000 0.00298700
v -0.00030000 0.01456000 0.00357000
v -0.00045000 0.01823500 0.00821400
v -0.00045000 0.01571400 0.00399000
v -0.00045000 0.01651800 0.00416000
v -0.00045000 0.01724500 0.00454200
v -0.00045000 0.01784100 0.00510700
v -0.00045000 0.01826200 0.00581200
v -0.00045000 0.01847600 0.00660500
v -0.00045000 0.01846700 0.00742600
v -0.00037000 0.01853300 0.00751700
v -0.00015000 0.01879700 0.00683300
v -0.00015000 0.01573600 0.00369100
v -0.00015000 0.01866400 0.00604600
v -0.00015000 0.01834700 0.00531400
v -0.00015000 0.01786400 0.00467900
v -0.00015000 0.01724200 0.00417900
v -0.00015000 0.01651900 0.00384300
v -0.00030000 0.01691700 0.00416900
v -0.00030000 0.01848400 0.00597300
vn -1.00000000 -0.00000000 -0.00000000
vn -1.00000000 -0.00000000 -0.00000000
vn -1.00000000 -0.00000000 -0.00000000
vn -1.00000000 -0.00000000 -0.00000000
vn -1.00000000 -0.00000000 -0.00000000
vn -1.00000000 -0.00000000 -0.00000000
vn -1.00000000 -0.00000000 -0.00000000
vn -1.00000000 -0.00000000 -0.00000000
vn -1.00000000 -0.00000000 -0.00000000
vn -1.00000000 -0.00000000 -0.00000000
vn -1.00000000 -0.00000000 -0.00000000
vn -1.00000000 -0.00000000 -0.00000000
vn -1.00000000 -0.00000000 -0.00000000
vn -1.00000000 -0.00000000 -0.00000000
vn -1.00000000 -0.00000000 -0.00000000
vn -1.00000000 -0.00000000 -0.00000000
vn -1.00000000 -0.00000000 -0.00000000
vn -1.00000000 -0.00000000 -0.00000000
vn -1.00000000 -0.00000000 -0.00000000
vn -1.00000000 -0.00000000 -0.00000000
vn -1.00000000 -0.00000000 -0.00000000
vn -1.00000000 -0.00000000 -0.00000000
vn -1.00000000 -0.00000000 -0.00000000
vn -1.00000000 -0.00000000 -0.00000000
vn -1.00000000 -0.00000000 -0.00000000
vn -1.00000000 -0.00000000 -0.00000000
vn -1.00000000 -0.00000000 -0.00000000
vn -1.00000000 -0.00000000 -0.00000000
vn -1.00000000 -0.00000000 -0.00000000
vn -1.00000000 -0.00000000 -0.00000000
vn -1.00000000 -0.00000000 -0.00000000
vn -1.00000000 -0.00000000 -0.00000000
vn -1.00000000 -0.00000000 -0.00000000
vn -1.00000000 -0.00000000 -0.00000000
vn -1.00000000 -0.00000000 -0.00000000
vn -1.00000000 -0.00000000 -0.00000000
vn -1.00000000 -0.00000000 -0.00000000
vn -1.00000000 -0.00000000 -0.00000000
vn -1.00000000 -0.00000000 -0.00000000
vn -1.00000000 -0.00000000 -0.00000000
vn -1.00000000 -0.00000000 -0.00000000
vn -1.00000000 -0.00000000 -0.00000000
vn -1.00000000 -0.00000000 -0.00000000
vn -1.00000000 -0.00000000 -0.00000000
vn -1.00000000 -0.00000000 -0.00000000
vn -1.00000000 -0.00000000 -0.00000000
vn -1.00000000 -0.00000000 -0.00000000
vn -1.00000000 -0.00000000 -0.00000000
vn -1.00000000 -0.00000000 -0.00000000
vn -1.00000000 -0.00000000 -0.00000000
vn -1.00000000 -0.00000000 -0.00000000
vn -1.00000000 -0.00000000 -0.00000000
vn -1.00000000 -0.00000000 -0.00000000
vn -1.00000000 -0.00000000 -0.00000000
vn -1.00000000 -0.00000000 -0.00000000
vn -1.00000000 -0.00000000 -0.00000000
vn -1.00000000 -0.00000000 -0.00000000
vn -1.00000000 -0.00000000 -0.00000000
vn -1.00000000 -0.00000000 -0.00000000
vn -1.00000000 -0.00000000 -0.00000000
vn -1.00000000 -0.00000000 -0.00000000
vn -1.00000000 -0.00000000 -0.00000000
vn -1.00000000 -0.00000000 -0.00000000
vn -1.00000000 -0.00000000 -0.00000000
vn -1.00000000 -0.00000000 -0.00000000
vn -1.00000000 -0.00000000 -0.00000000
vn -1.00000000 -0.00000000 -0.00000000
vn -1.00000000 -0.00000000 -0.00000000
vn -1.00000000 -0.00000000 -0.00000000
vn -1.00000000 -0.00000000 -0.00000000
vn -1.00000000 -0.00000000 -0.00000000
vn -1.00000000 -0.00000000 -0.00000000
vn -1.00000000 -0.00000000 -0.00000000
vn -1.00000000 -0.00000000 -0.00000000
vn -1.00000000 -0.00000000 -0.00000000
vn -1.00000000 -0.00000000 -0.00000000
vn -1.00000000 -0.00000000 -0.00000000
vn -1.00000000 -0.00000000 -0.00000000
vn -1.00000000 -0.00000000 -0.00000000
vn -1.00000000 -0.00000000 -0.00000000
vn -1.00000000 -0.00000000 -0.00000000
vn -1.00000000 -0.00000000 -0.00000000
vn -1.00000000 -0.00000000 -0.00000000
vn -1.00000000 -0.00000000 -0.00000000
vn -1.00000000 -0.00000000 -0.00000000
vn -1.00000000 -0.00000000 -0.00000000
vn -1.00000000 -0.00000000 -0.00000000
vn -1.00000000 -0.00000000 -0.00000000
vn -1.00000000 -0.00000000 -0.00000000
vn -1.00000000 -0.00000000 -0.00000000
vn -1.00000000 -0.00000000 -0.00000000
vn -1.00000000 -0.00000000 -0.00000000
vn -1.00000000 -0.00000000 -0.00000000
vn -1.00000000 -0.00000000 -0.00000000
vn -1.00000000 -0.00000000 -0.00000000
vn -1.00000000 -0.00000000 -0.00000000
vn -1.00000000 -0.00000000 -0.00000000
vn -1.00000000 -0.00000000 -0.00000000
vn -1.00000000 -0.00000000 -0.00000000
vn -1.00000000 -0.00000000 -0.00000000
vn -1.00000000 -0.00000000 -0.00000000
vn -1.00000000 -0.00000000 -0.00000000
vn -1.00000000 -0.00000000 -0.00000000
vn -1.00000000 -0.00000000 -0.00000000
vn -1.00000000 -0.00000000 -0.00000000
vn -1.00000000 -0.00000000 -0.00000000
vn -1.00000000 -0.00000000 -0.00000000
vn -1.00000000 -0.00000000 -0.00000000
vn -1.00000000 -0.00000000 -0.00000000
vn -1.00000000 -0.00000000 -0.00000000
vn -1.00000000 -0.00000000 -0.00000000
vn -1.00000000 -0.00000000 -0.00000000
vn -1.00000000 -0.00000000 -0.00000000
vn -1.00000000 -0.00000000 -0.00000000
vn -1.00000000 -0.00000000 -0.00000000
vn -1.00000000 -0.00000000 -0.00000000
vn -1.00000000 -0.00000000 -0.00000000
vn -1.00000000 -0.00000000 -0.00000000
vn -1.00000000 -0.00000000 -0.00000000
vn -1.00000000 -0.00000000 -0.00000000
vn -1.00000000 -0.00000000 -0.00000000
vn -1.00000000 -0.00000000 -0.00000000
vn -1.00000000 -0.00000000 -0.00000000
vn -1.00000000 -0.00000000 -0.00000000
vn -1.00000000 -0.00000000 -0.00000000
vn -1.00000000 -0.00000000 -0.00000000
vn -1.00000000 -0.00000000 -0.00000000
vn -1.00000000 -0.00000000 -0.00000000
vn -1.00000000 -0.00000000 -0.00000000
vn -1.00000000 -0.00000000 -0.00000000
vn -1.00000000 -0.00000000 -0.00000000
vn -1.00000000 -0.00000000 -0.00000000
vn -1.00000000 -0.00000000 -0.00000000
vn -1.00000000 -0.00000000 -0.00000000
vn -1.00000000 -0.00000000 -0.00000000
vn -1.00000000 -0.00000000 -0.00000000
vn -1.00000000 -0.00000000 -0.00000000
vn -1.00000000 -0.00000000 -0.00000000
vn -1.00000000 -0.00000000 -0.00000000
vn -1.00000000 -0.00000000 -0.00000000
vn -1.00000000 -0.00000000 -0.00000000
vn -1.00000000 -0.00000000 -0.00000000
vn -1.00000000 -0.00000000 -0.00000000
vn -1.00000000 -0.00000000 -0.00000000
vn -1.00000000 -0.00000000 -0.00000000
vn -1.00000000 -0.00000000 -0.00000000
vn -1.00000000 -0.00000000 -0.00000000
vn -1.00000000 -0.00000000 -0.00000000
vn -1.00000000 -0.00000000 -0.00000000
vn -1.00000000 -0.00000000 -0.00000000
vn -1.00000000 -0.00000000 -0.00000000
vn -1.00000000 -0.00000000 -0.00000000
vn -1.00000000 -0.00000000 -0.00000000
vn -1.00000000 -0.00000000 -0.00000000
vn -1.00000000 -0.00000000 -0.00000000
vn -1.00000000 -0.00000000 -0.00000000
vn -1.00000000 -0.00000000 -0.00000000
vn -1.00000000 -0.00000000 -0.00000000
vn -1.00000000 -0.00000000 -0.00000000
vn -1.00000000 -0.00000000 -0.00000000
vn -1.00000000 -0.00000000 -0.00000000
vn -1.00000000 -0.00000000 -0.00000000
vn -1.00000000 -0.00000000 -0.00000000
vn -1.00000000 -0.00000000 -0.00000000
vn -1.00000000 -0.00000000 -0.00000000
vn -1.00000000 -0.00000000 -0.00000000
vn -1.00000000 -0.00000000 -0.00000000
vn -1.00000000 -0.00000000 -0.00000000
vn -1.00000000 -0.00000000 -0.00000000
vn -1.00000000 -0.00000000 -0.00000000
vn -1.00000000 -0.00000000 -0.00000000
vn -1.00000000 -0.00000000 -0.00000000
vn -1.00000000 -0.00000000 -0.00000000
vn -1.00000000 -0.00000000 -0.00000000
vn -1.00000000 -0.00000000 -0.00000000
vn -1.00000000 -0.00000000 -0.00000000
vn -1.00000000 -0.00000000 -0.00000000
vn -1.00000000 -0.00000000 -0.00000000
vn -1.00000000 -0.00000000 -0.00000000
vn -1.00000000 -0.00000000 -0.00000000
vn -1.00000000 -0.00000000 -0.00000000
vn -1.00000000 -0.00000000 -0.00000000
vn -1.00000000 -0.00000000 -0.00000000
vn -1.00000000 -0.00000000 -0.00000000
vn -1.00000000 -0.00000000 -0.00000000
vn -1.00000000 -0.00000000 -0.00000000
vn -1.00000000 -0.00000000 -0.00000000
vn -1.00000000 -0.00000000 -0.00000000
vn -1.00000000 -0.00000000 -0.00000000
vn -1.00000000 -0.00000000 -0.00000000
vn -1.00000000 -0.00000000 -0.00000000
vn -1.00000000 -0.00000000 -0.00000000
vn -1.00000000 -0.00000000 -0.00000000
vn -1.00000000 -0.00000000 -0.00000000
vn -1.00000000 -0.00000000 -0.00000000
vn -1.00000000 -0.00000000 -0.00000000
vn -1.00000000 -0.00000000 -0.00000000
vn -1.00000000 -0.00000000 -0.00000000
vn -1.00000000 -0.00000000 -0.00000000
vn -1.00000000 -0.00000000 -0.00000000
vn -1.00000000 -0.00000000 -0.00000000
vn -1.00000000 -0.00000000 -0.00000000
vn -1.00000000 -0.00000000 -0.00000000
vn -1.00000000 -0.00000000 -0.00000000
vn -1.00000000 -0.00000000 -0.00000000
vn -1.00000000 -0.00000000 -0.00000000
vn -1.00000000 -0.00000000 -0.00000000
vn -1.00000000 -0.00000000 -0.00000000
vn -1.00000000 -0.00000000 -0.00000000
vn -1.00000000 -0.00000000 -0.00000000
vn -1.00000000 -0.00000000 -0.00000000
vn -1.00000000 -0.00000000 -0.00000000
vn -1.00000000 -0.00000000 -0.00000000
vn -1.00000000 -0.00000000 -0.00000000
vn -1.00000000 -0.00000000 -0.00000000
vn -1.00000000 -0.00000000 -0.00000000
vn -1.00000000 -0.00000000 -0.00000000
vn -1.00000000 -0.00000000 -0.00000000
vn -1.00000000 -0.00000000 -0.00000000
vn -1.00000000 -0.00000000 -0.00000000
vn -1.00000000 -0.00000000 -0.00000000
vn -1.00000000 -0.00000000 -0.00000000
vn -1.00000000 -0.00000000 -0.00000000
vn -1.00000000 -0.00000000 -0.00000000
vn -1.00000000 -0.00000000 -0.00000000
vn -1.00000000 -0.00000000 -0.00000000
vn -1.00000000 -0.00000000 -0.00000000
vn -1.00000000 -0.00000000 -0.00000000
vn -1.00000000 -0.00000000 -0.00000000
vn -1.00000000 -0.00000000 -0.00000000
vn -1.00000000 -0.00000000 -0.00000000
vn -1.00000000 -0.00000000 -0.00000000
vn -1.00000000 -0.00000000 -0.00000000
vn -1.00000000 -0.00000000 -0.00000000
vn -1.00000000 -0.00000000 -0.00000000
vn -1.00000000 -0.00000000 -0.00000000
vn -1.00000000 -0.00000000 -0.00000000
vn -1.00000000 -0.00000000 -0.00000000
vn -1.00000000 -0.00000000 -0.00000000
vn -1.00000000 -0.00000000 -0.00000000
vn -1.00000000 -0.00000000 -0.00000000
vn -1.00000000 -0.00000000 -0.00000000
vn -1.00000000 -0.00000000 -0.00000000
vn -1.00000000 -0.00000000 -0.00000000
vn -1.00000000 -0.00000000 -0.00000000
vn -1.00000000 -0.00000000 -0.00000000
vn -1.00000000 -0.00000000 -0.00000000
vn -1.00000000 -0.00000000 -0.00000000
vn -1.00000000 -0.00000000 -0.00000000
vn -1.00000000 -0.00000000 -0.00000000
vn -1.00000000 -0.00000000 -0.00000000
vn -1.00000000 -0.00000000 -0.00000000
vn -1.00000000 -0.00000000 -0.00000000
vn -1.00000000 -0.00000000 -0.00000000
vn -1.00000000 -0.00000000 -0.00000000
vn -1.00000000 -0.00000000 -0.00000000
vn -1.00000000 -0.00000000 -0.00000000
vn -1.00000000 -0.00000000 -0.00000000
vn -1.00000000 -0.00000000 -0.00000000
vn -1.00000000 -0.00000000 -0.00000000
vn -1.00000000 -0.00000000 -0.00000000
vn -1.00000000 -0.00000000 -0.00000000
vn -1.00000000 -0.00000000 -0.00000000
vn -1.00000000 -0.00000000 -0.00000000
vn -1.00000000 -0.00000000 -0.00000000
vn -1.00000000 -0.00000000 -0.00000000
vn -1.00000000 -0.00000000 -0.00000000
vn -1.00000000 -0.00000000 -0.00000000
vn -1.00000000 -0.00000000 -0.00000000
vn -1.00000000 -0.00000000 -0.00000000
vn -1.00000000 -0.00000000 -0.00000000
vn -1.00000000 -0.00000000 -0.00000000
vn -1.00000000 -0.00000000 -0.00000000
vn -1.00000000 -0.00000000 -0.00000000
vn -1.00000000 -0.00000000 -0.00000000
vn -1.00000000 -0.00000000 -0.00000000
vn -1.00000000 -0.00000000 -0.00000000
vn -1.00000000 -0.00000000 -0.00000000
vn -1.00000000 -0.00000000 -0.00000000
vn -1.00000000 -0.00000000 -0.00000000
vn -1.00000000 -0.00000000 -0.00000000
vn -1.00000000 -0.00000000 -0.00000000
vn -1.00000000 -0.00000000 -0.00000000
vn -1.00000000 -0.00000000 -0.00000000
vn -1.00000000 -0.00000000 -0.00000000
vn -1.00000000 -0.00000000 -0.00000000
vn -1.00000000 -0.00000000 -0.00000000
vn -1.00000000 -0.00000000 -0.00000000
vn -1.00000000 -0.00000000 -0.00000000
vn -1.00000000 -0.00000000 -0.00000000
vn -1.00000000 -0.00000000 -0.00000000
vn -1.00000000 -0.00000000 -0.00000000
vn -1.00000000 -0.00000000 -0.00000000
vn -1.00000000 -0.00000000 -0.00000000
vn -1.00000000 -0.00000000 -0.00000000
vn -1.00000000 -0.00000000 -0.00000000
vn -1.00000000 -0.00000000 -0.00000000
vn -1.00000000 -0.00000000 -0.00000000
vn -1.00000000 -0.00000000 -0.00000000
vn -1.00000000 -0.00000000 -0.00000000
vn -1.00000000 -0.00000000 -0.00000000
vn -1.00000000 -0.00000000 -0.00000000
vn -1.00000000 -0.00000000 -0.00000000
vn -1.00000000 -0.00000000 -0.00000000
vn -1.00000000 -0.00000000 -0.00000000
vn -1.00000000 -0.00000000 -0.00000000
vn -1.00000000 -0.00000000 -0.00000000
vn -1.00000000 -0.00000000 -0.00000000
vn -1.00000000 -0.00000000 -0.00000000
vn -1.00000000 -0.00000000 -0.00000000
vn -1.00000000 -0.00000000 -0.00000000
vn -1.00000000 -0.00000000 -0.00000000
vn -1.00000000 -0.00000000 -0.00000000
vn -1.00000000 -0.00000000 -0.00000000
vn -1.00000000 -0.00000000 -0.00000000
vn -1.00000000 -0.00000000 -0.00000000
vn -1.00000000 -0.00000000 -0.00000000
vn -1.00000000 -0.00000000 -0.00000000
vn -1.00000000 -0.00000000 -0.00000000
vn -1.00000000 -0.00000000 -0.00000000
vn -1.00000000 -0.00000000 -0.00000000
vn -1.00000000 -0.00000000 -0.00000000
vn -1.00000000 -0.00000000 -0.00000000
vn -1.00000000 -0.00000000 -0.00000000
vn -1.00000000 -0.00000000 -0.00000000
vn -1.00000000 -0.00000000 -0.00000000
vn -1.00000000 -0.00000000 -0.00000000
vn -1.00000000 -0.00000000 -0.00000000
vn -1.00000000 -0.00000000 -0.00000000
vn -1.00000000 -0.00000000 -0.00000000
vn -1.00000000 -0.00000000 -0.00000000
vn -1.00000000 -0.00000000 -0.00000000
vn -1.00000000 -0.00000000 -0.00000000
vn -1.00000000 -0.00000000 -0.00000000
vn -1.00000000 -0.00000000 -0.00000000
vn -1.00000000 -0.00000000 -0.00000000
vn -1.00000000 -0.00000000 -0.00000000
vn -1.00000000 -0.00000000 -0.00000000
vn -1.00000000 -0.00000000 -0.00000000
vn -1.00000000 -0.00000000 -0.00000000
vn -1.00000000 -0.00000000 -0.00000000
vn -1.00000000 -0.00000000 -0.00000000
vn -1.00000000 -0.00000000 -0.00000000
vn -1.00000000 -0.00000000 -0.00000000
vn -1.00000000 -0.00000000 -0.00000000
vn -1.00000000 -0.00000000 -0.00000000
vn -1.00000000 -0.00000000 -0.00000000
vn -1.00000000 -0.00000000 -0.00000000
vn -1.00000000 -0.00000000 -0.00000000
vn -1.00000000 -0.00000000 -0.00000000
vn -1.00000000 -0.00000000 -0.00000000
vn -1.00000000 -0.00000000 -0.00000000
vn -1.00000000 -0.00000000 -0.00000000
vn -1.00000000 -0.00000000 -0.00000000
vn -1.00000000 -0.00000000 -0.00000000
vn -1.00000000 -0.00000000 -0.00000000
vn -1.00000000 -0.00000000 -0.00000000
vn -1.00000000 -0.00000000 -0.00000000
vn -1.00000000 -0.00000000 -0.00000000
vn -1.00000000 -0.00000000 -0.00000000
vn -1.00000000 -0.00000000 -0.00000000
vn -1.00000000 -0.00000000 -0.00000000
vn -1.00000000 -0.00000000 -0.00000000
vn -1.00000000 -0.00000000 -0.00000000
vn -1.00000000 -0.00000000 -0.00000000
vn -1.00000000 -0.00000000 -0.00000000
vn -1.00000000 -0.00000000 -0.00000000
vn -1.00000000 -0.00000000 -0.00000000
vn -1.00000000 -0.00000000 -0.00000000
vn -1.00000000 -0.00000000 -0.00000000
vn -1.00000000 -0.00000000 -0.00000000
vn -1.00000000 -0.00000000 -0.00000000
vn -1.00000000 -0.00000000 -0.00000000
vn -1.00000000 -0.00000000 -0.00000000
vn -1.00000000 -0.00000000 -0.00000000
vn -1.00000000 -0.00000000 -0.00000000
vn -1.00000000 -0.00000000 -0.00000000
vn -1.00000000 -0.00000000 -0.00000000
vn -1.00000000 -0.00000000 -0.00000000
vn -1.00000000 -0.00000000 -0.00000000
vn -1.00000000 -0.00000000 -0.00000000
vn -1.00000000 -0.00000000 -0.00000000
vn -1.00000000 -0.00000000 -0.00000000
vn -1.00000000 -0.00000000 -0.00000000
vn -1.00000000 -0.00000000 -0.00000000
vn -1.00000000 -0.00000000 -0.00000000
vn -1.00000000 -0.00000000 -0.00000000
vn -1.00000000 -0.00000000 -0.00000000
vn -1.00000000 -0.00000000 -0.00000000
vn -1.00000000 -0.00000000 -0.00000000
vn -1.00000000 -0.00000000 -0.00000000
vn -1.00000000 -0.00000000 -0.00000000
vn -1.00000000 -0.00000000 -0.00000000
vn -1.00000000 -0.00000000 -0.00000000
vn -1.00000000 -0.00000000 -0.00000000
vn -1.00000000 -0.00000000 -0.00000000
vn -1.00000000 -0.00000000 -0.00000000
vn -1.00000000 -0.00000000 -0.00000000
vn -1.00000000 -0.00000000 -0.00000000
vn -1.00000000 -0.00000000 -0.00000000
vn -1.00000000 -0.00000000 -0.00000000
vn -1.00000000 -0.00000000 -0.00000000
vn -1.00000000 -0.00000000 -0.00000000
vn -1.00000000 -0.00000000 -0.00000000
vn -1.00000000 -0.00000000 -0.00000000
vn -1.00000000 -0.00000000 -0.00000000
vn -1.00000000 -0.00000000 -0.00000000
vn -1.00000000 -0.00000000 -0.00000000
vn -1.00000000 -0.00000000 -0.00000000
vn -1.00000000 -0.00000000 -0.00000000
vn -1.00000000 -0.00000000 -0.00000000
vn -1.00000000 -0.00000000 -0.00000000
vn -1.00000000 -0.00000000 -0.00000000
vn -1.00000000 -0.00000000 -0.00000000
vn -1.00000000 -0.00000000 -0.00000000
vn -1.00000000 -0.00000000 -0.00000000
vn -1.00000000 -0.00000000 -0.00000000
vn -1.00000000 -0.00000000 -0.00000000
vn -1.00000000 -0.00000000 -0.00000000
vn -1.00000000 -0.00000000 -0.00000000
vn -1.00000000 -0.00000000 -0.00000000
vn -1.00000000 -0.00000000 -0.00000000
vn -1.00000000 -0.00000000 -0.00000000
vn -1.00000000 -0.00000000 -0.00000000
vn -1.00000000 -0.00000000 -0.00000000
vn -1.00000000 -0.00000000 -0.00000000
vn -1.00000000 -0.00000000 -0.00000000
vn -1.00000000 -0.00000000 -0.00000000
vn -1.00000000 -0.00000000 -0.00000000
vn -1.00000000 -0.00000000 -0.00000000
vn -1.00000000 -0.00000000 -0.00000000
vn -1.00000000 -0.00000000 -0.00000000
vn -1.00000000 -0.00000000 -0.00000000
vn -1.00000000 -0.00000000 -0.00000000
vn -1.00000000 -0.00000000 -0.00000000
vn -1.00000000 -0.00000000 -0.00000000
vn -1.00000000 -0.00000000 -0.00000000
vn -1.00000000 -0.00000000 -0.00000000
vn -1.00000000 -0.00000000 -0.00000000
vn -1.00000000 -0.00000000 -0.00000000
vn -1.00000000 -0.00000000 -0.00000000
vn -1.00000000 -0.00000000 -0.00000000
vn -1.00000000 -0.00000000 -0.00000000
vn -1.00000000 -0.00000000 -0.00000000
vn -1.00000000 -0.00000000 -0.00000000
vn -1.00000000 -0.00000000 -0.00000000
vn -1.00000000 -0.00000000 -0.00000000
vn -1.00000000 -0.00000000 -0.00000000
vn -1.00000000 -0.00000000 -0.00000000
vn -1.00000000 -0.00000000 -0.00000000
vn -1.00000000 -0.00000000 -0.00000000
vn -1.00000000 -0.00000000 -0.00000000
vn -1.00000000 -0.00000000 -0.00000000
vn -1.00000000 -0.00000000 -0.00000000
vn -1.00000000 -0.00000000 -0.00000000
vn -1.00000000 -0.00000000 -0.00000000
vn -1.00000000 -0.00000000 -0.00000000
vn -1.00000000 -0.00000000 -0.00000000
vn -1.00000000 -0.00000000 -0.00000000
vn -1.00000000 -0.00000000 -0.00000000
vn -1.00000000 -0.00000000 -0.00000000
vn -1.00000000 -0.00000000 -0.00000000
vn -1.00000000 -0.00000000 -0.00000000
vn -1.00000000 -0.00000000 -0.00000000
vn -1.00000000 -0.00000000 -0.00000000
vn -1.00000000 -0.00000000 -0.00000000
vn -1.00000000 -0.00000000 -0.00000000
vn -1.00000000 -0.00000000 -0.00000000
vn -1.00000000 -0.00000000 -0.00000000
vn -1.00000000 -0.00000000 -0.00000000
vn -1.00000000 -0.00000000 -0.00000000
vn -1.00000000 -0.00000000 -0.00000000
vn -1.00000000 -0.00000000 -0.00000000
vn -1.00000000 -0.00000000 -0.00000000
vn -1.00000000 -0.00000000 -0.00000000
vn -1.00000000 -0.00000000 -0.00000000
vn -1.00000000 -0.00000000 -0.00000000
vn -1.00000000 -0.00000000 -0.00000000
vn -1.00000000 -0.00000000 -0.00000000
vn -1.00000000 -0.00000000 -0.00000000
vn -1.00000000 -0.00000000 -0.00000000
vn -1.00000000 -0.00000000 -0.00000000
vn -1.00000000 -0.00000000 -0.00000000
vn -1.00000000 -0.00000000 -0.00000000
vn -1.00000000 -0.00000000 -0.00000000
vn -1.00000000 -0.00000000 -0.00000000
vn -1.00000000 -0.00000000 -0.00000000
vn -1.00000000 -0.00000000 -0.00000000
vn -1.00000000 -0.00000000 -0.00000000
vn -1.00000000 -0.00000000 -0.00000000
vn -1.00000000 -0.00000000 -0.00000000
vn -1.00000000 -0.00000000 -0.00000000
vn -1.00000000 -0.00000000 -0.00000000
vn -1.00000000 -0.00000000 -0.00000000
vn -1.00000000 -0.00000000 -0.00000000
vn -1.00000000 -0.00000000 -0.00000000
vn -1.00000000 -0.00000000 -0.00000000
vn -1.00000000 -0.00000000 -0.00000000
vn -1.00000000 -0.00000000 -0.00000000
vn -1.00000000 -0.00000000 -0.00000000
vn -1.00000000 -0.00000000 -0.00000000
vn -1.00000000 -0.00000000 -0.00000000
vn -1.00000000 -0.00000000 -0.00000000
vn -1.00000000 -0.00000000 -0.00000000
vn -1.00000000 -0.00000000 -0.00000000
vn -1.00000000 -0.00000000 -0.00000000
vn -1.00000000 -0.00000000 -0.00000000
vn -1.00000000 -0.00000000 -0.00000000
vn -1.00000000 -0.00000000 -0.00000000
vn -1.00000000 -0.00000000 -0.00000000
vn -1.00000000 -0.00000000 -0.00000000
vn -1.00000000 -0.00000000 -0.00000000
vn -1.00000000 -0.00000000 -0.00000000
vn -1.00000000 -0.00000000 -0.00000000
vn -1.00000000 -0.00000000 -0.00000000
vn -1.00000000 -0.00000000 -0.00000000
vn -1.00000000 -0.00000000 -0.00000000
vn -1.00000000 -0.00000000 -0.00000000
vn -1.00000000 -0.00000000 -0.00000000
vn -1.00000000 -0.00000000 -0.00000000
vn -1.00000000 -0.00000000 -0.00000000
vn -1.00000000 -0.00000000 -0.00000000
vn -1.00000000 -0.00000000 -0.00000000
vn -1.00000000 -0.00000000 -0.00000000
vn -1.00000000 -0.00000000 -0.00000000
vn -1.00000000 -0.00000000 -0.00000000
vn -1.00000000 -0.00000000 -0.00000000
vn -1.00000000 -0.00000000 -0.00000000
vn -1.00000000 -0.00000000 -0.00000000
vn -1.00000000 -0.00000000 -0.00000000
vn -1.00000000 -0.00000000 -0.00000000
vn -1.00000000 -0.00000000 -0.00000000
vn -1.00000000 -0.00000000 -0.00000000
vn -1.00000000 -0.00000000 -0.00000000
vn -1.00000000 -0.00000000 -0.00000000
vn -1.00000000 -0.00000000 -0.00000000
vn -1.00000000 -0.00000000 -0.00000000
vn -1.00000000 -0.00000000 -0.00000000
vn -1.00000000 -0.00000000 -0.00000000
vn -1.00000000 -0.00000000 -0.00000000
vn -1.00000000 -0.00000000 -0.00000000
vn -1.00000000 -0.00000000 -0.00000000
vn -1.00000000 -0.00000000 -0.00000000
vn -1.00000000 -0.00000000 -0.00000000
vn -1.00000000 -0.00000000 -0.00000000
vn -1.00000000 -0.00000000 -0.00000000
vn -1.00000000 -0.00000000 -0.00000000
vn -1.00000000 -0.00000000 -0.00000000
vn -1.00000000 -0.00000000 -0.00000000
vn -1.00000000 -0.00000000 -0.00000000
vn -1.00000000 -0.00000000 -0.00000000
vn -1.00000000 -0.00000000 -0.00000000
vn -1.00000000 -0.00000000 -0.00000000
vn -1.00000000 -0.00000000 -0.00000000
vn -1.00000000 -0.00000000 -0.00000000
vn -1.00000000 -0.00000000 -0.00000000
vn -1.00000000 -0.00000000 -0.00000000
vn -1.00000000 -0.00000000 -0.00000000
vn -1.00000000 -0.00000000 -0.00000000
vn -1.00000000 -0.00000000 -0.00000000
vn -1.00000000 -0.00000000 -0.00000000
vn -1.00000000 -0.00000000 -0.00000000
vn -1.00000000 -0.00000000 -0.00000000
vn -1.00000000 -0.00000000 -0.00000000
vn -1.00000000 -0.00000000 -0.00000000
vn -1.00000000 -0.00000000 -0.00000000
vn -1.00000000 -0.00000000 -0.00000000
vn -1.00000000 -0.00000000 -0.00000000
vn -1.00000000 -0.00000000 -0.00000000
vn -1.00000000 -0.00000000 -0.00000000
vn -1.00000000 -0.00000000 -0.00000000
vn -1.00000000 -0.00000000 -0.00000000
vn -1.00000000 -0.00000000 -0.00000000
vn -1.00000000 -0.00000000 -0.00000000
vn -1.00000000 -0.00000000 -0.00000000
vn -1.00000000 -0.00000000 -0.00000000
vn -1.00000000 -0.00000000 -0.00000000
vn -1.00000000 -0.00000000 -0.00000000
vn -1.00000000 -0.00000000 -0.00000000
vn -1.00000000 -0.00000000 -0.00000000
vn -1.00000000 -0.00000000 -0.00000000
vn -1.00000000 -0.00000000 -0.00000000
vn -1.00000000 -0.00000000 -0.00000000
vn -1.00000000 -0.00000000 -0.00000000
vn -1.00000000 -0.00000000 -0.00000000
vn -1.00000000 -0.00000000 -0.00000000
vn -1.00000000 -0.00000000 -0.00000000
vn -1.00000000 -0.00000000 -0.00000000
vn -1.00000000 -0.00000000 -0.00000000
vn -1.00000000 -0.00000000 -0.00000000
vn -1.00000000 -0.00000000 -0.00000000
vn -1.00000000 -0.00000000 -0.00000000
vn -1.00000000 -0.00000000 -0.00000000
vn -1.00000000 -0.00000000 -0.00000000
vn -1.00000000 -0.00000000 -0.00000000
vn -1.00000000 -0.00000000 -0.00000000
vn -1.00000000 -0.00000000 -0.00000000
vn -1.00000000 -0.00000000 -0.00000000
vn -1.00000000 -0.00000000 -0.00000000
vn -1.00000000 -0.00000000 -0.00000000
vn -1.00000000 -0.00000000 -0.00000000
vn -1.00000000 -0.00000000 -0.00000000
vn -1.00000000 -0.00000000 -0.00000000
vn -1.00000000 -0.00000000 -0.00000000
vn -1.00000000 -0.00000000 -0.00000000
vn -1.00000000 -0.00000000 -0.00000000
vn -1.00000000 -0.00000000 -0.00000000
vn -1.00000000 -0.00000000 -0.00000000
vn -1.00000000 -0.00000000 -0.00000000
vn -1.00000000 -0.00000000 -0.00000000
vn -1.00000000 -0.00000000 -0.00000000
vn -1.00000000 -0.00000000 -0.00000000
vn -1.00000000 -0.00000000 -0.00000000
vn -1.00000000 -0.00000000 -0.00000000
vn -1.00000000 -0.00000000 -0.00000000
vn -1.00000000 -0.00000000 -0.00000000
vn -1.00000000 -0.00000000 -0.00000000
vn -1.00000000 -0.00000000 -0.00000000
vn -1.00000000 -0.00000000 -0.00000000
vn -1.00000000 -0.00000000 -0.00000000
vn -1.00000000 -0.00000000 -0.00000000
vn -1.00000000 -0.00000000 -0.00000000
vn -1.00000000 -0.00000000 -0.00000000
vn -1.00000000 -0.00000000 -0.00000000
vn -1.00000000 -0.00000000 -0.00000000
vn -1.00000000 -0.00000000 -0.00000000
vn -1.00000000 -0.00000000 -0.00000000
vn -1.00000000 -0.00000000 -0.00000000
vn -1.00000000 -0.00000000 -0.00000000
vn -1.00000000 -0.00000000 -0.00000000
vn -1.00000000 -0.00000000 -0.00000000
vn -1.00000000 -0.00000000 -0.00000000
vn -1.00000000 -0.00000000 -0.00000000
vn -1.00000000 -0.00000000 -0.00000000
vn -1.00000000 -0.00000000 -0.00000000
vn -1.00000000 -0.00000000 -0.00000000
vn -1.00000000 -0.00000000 -0.00000000
vn -1.00000000 -0.00000000 -0.00000000
vn -1.00000000 -0.00000000 -0.00000000
vn -1.00000000 -0.00000000 -0.00000000
vn -1.00000000 -0.00000000 -0.00000000
vn -1.00000000 -0.00000000 -0.00000000
vn -1.00000000 -0.00000000 -0.00000000
vn -1.00000000 -0.00000000 -0.00000000
vn -1.00000000 -0.00000000 -0.00000000
vn -1.00000000 -0.00000000 -0.00000000
vn -1.00000000 -0.00000000 -0.00000000
vn -1.00000000 -0.00000000 -0.00000000
vn -1.00000000 -0.00000000 -0.00000000
vn -1.00000000 -0.00000000 -0.00000000
vn -1.00000000 -0.00000000 -0.00000000
vn -1.00000000 -0.00000000 -0.00000000
vn -1.00000000 -0.00000000 -0.00000000
vn -1.00000000 -0.00000000 -0.00000000
vn -1.00000000 -0.00000000 -0.00000000
vn -1.00000000 -0.00000000 -0.00000000
vn -1.00000000 -0.00000000 -0.00000000
vn -0.00000000 -0.07150000 0.99740000
vn -0.00000000 -0.07150000 0.99740000
vn -0.00000000 -0.91180000 -0.41070000
vn -0.00000000 -0.91180000 -0.41070000
vn -0.00000000 -0.33930000 0.94070000
vn -0.00000000 -0.58170000 0.81340000
vn -0.00000000 -0.78050000 0.62520000
vn -0.00000000 -0.92080000 0.39010000
vn -0.00000000 -0.99210000 0.12570000
vn -0.00000000 -0.98900000 -0.14800000
vn -0.00000000 -0.07150000 0.99740000
vn -0.00000000 -0.91180000 -0.41070000
vn -0.00000000 -0.98900000 -0.14800000
vn -0.00000000 -0.99210000 0.12570000
vn -0.00000000 -0.92080000 0.39010000
vn -0.00000000 -0.78050000 0.62520000
vn -0.00000000 -0.58170000 0.81340000
vn -0.00000000 -0.33930000 0.94070000
vn -0.00000000 -0.07150000 0.99740000
vn -0.00000000 -0.07150000 -0.99740000
vn -0.00000000 -0.07150000 -0.99740000
vn -0.00000000 -0.07150000 0.99740000
vn -0.00000000 -0.07150000 0.99740000
vn -0.00000000 -0.28180000 0.95950000
vn -0.00000000 -0.47930000 0.87760000
vn -0.00000000 -0.65490000 0.75570000
vn -0.00000000 -0.80060000 0.59920000
vn -0.00000000 -0.90960000 0.41540000
vn -0.00000000 -0.97710000 0.21260000
vn -0.00000000 -1.00000000 -0.00000000
vn -0.00000000 -0.97710000 -0.21260000
vn -0.00000000 -0.90960000 -0.41540000
vn -0.00000000 -0.80060000 -0.59920000
vn -0.00000000 -0.65490000 -0.75570000
vn -0.00000000 -0.47930000 -0.87760000
vn -0.00000000 -0.28180000 -0.95950000
vn -0.00000000 -0.07150000 -0.99740000
vn -0.00000000 -0.28180000 -0.95950000
vn -0.00000000 -0.47930000 -0.87760000
vn -0.00000000 -0.65490000 -0.75570000
vn -0.00000000 -0.80060000 -0.59920000
vn -0.00000000 -0.90960000 -0.41540000
vn -0.00000000 -0.97710000 -0.21260000
vn -0.00000000 -1.00000000 -0.00000000
vn -0.00000000 -0.97710000 0.21260000
vn -0.00000000 -0.90960000 0.41540000
vn -0.00000000 -0.80060000 0.59920000
vn -0.00000000 -0.65490000 0.75570000
vn -0.00000000 -0.47930000 0.87760000
vn -0.00000000 -0.28180000 0.95950000
vn -0.00000000 -0.91180000 0.41070000
vn -0.00000000 -0.91180000 0.41070000
vn -0.00000000 -0.07150000 -0.99740000
vn -0.00000000 -0.07150000 -0.99740000
vn -0.00000000 -0.07150000 -0.99740000
vn -0.00000000 -0.98330000 0.18190000
vn -0.00000000 -0.99840000 -0.05740000
vn -0.00000000 -0.95600000 -0.29330000
vn -0.00000000 -0.85870000 -0.51240000
vn -0.00000000 -0.71210000 -0.70210000
vn -0.00000000 -0.52450000 -0.85140000
vn -0.00000000 -0.30680000 -0.95180000
vn -0.00000000 -0.91180000 0.41070000
vn -0.00000000 -0.30680000 -0.95180000
vn -0.00000000 -0.52450000 -0.85140000
vn -0.00000000 -0.71210000 -0.70210000
vn -0.00000000 -0.85870000 -0.51240000
vn -0.00000000 -0.95600000 -0.29330000
vn -0.00000000 -0.99840000 -0.05740000
vn -0.00000000 -0.98330000 0.18190000
vn -0.00000000 0.86600000 0.50010000
vn -0.00000000 0.86600000 0.50000000
vn -0.00000000 0.86610000 0.49990000
vn -0.00000000 0.86600000 0.50000000
vn -0.00000000 0.53450000 0.84520000
vn -0.00000000 0.08050000 0.99680000
vn -0.00000000 -0.39200000 0.92000000
vn -0.00000000 -0.77460000 0.63240000
vn -0.00000000 -0.97980000 0.20000000
vn -0.00000000 -0.96050000 -0.27820000
vn -0.00000000 -0.72120000 -0.69270000
vn -0.00000000 -0.31670000 -0.94850000
vn -0.00000000 0.16040000 -0.98700000
vn -0.00000000 0.60070000 -0.79940000
vn -0.00000000 0.90340000 -0.42870000
vn -0.00000000 0.99920000 0.04030000
vn -0.00000000 0.98820000 0.15340000
vn -0.00000000 0.97680000 -0.21390000
vn -0.00000000 0.83360000 -0.55230000
vn -0.00000000 0.57780000 -0.81620000
vn -0.00000000 0.24390000 -0.96980000
vn -0.00000000 -0.12290000 -0.99240000
vn -0.00000000 -0.47310000 -0.88100000
vn -0.00000000 -0.75940000 -0.65060000
vn -0.00000000 -0.94320000 -0.33240000
vn -0.00000000 -0.99950000 0.03080000
vn -0.00000000 -0.92090000 0.38980000
vn -0.00000000 -0.71790000 0.69610000
vn -0.00000000 -0.41800000 0.90850000
vn -0.00000000 -0.06160000 0.99810000
vn -0.00000000 0.30310000 0.95290000
vn -0.00000000 0.62690000 0.77910000
vn -0.00000000 0.86600000 0.50010000
vn -0.00000000 0.86600000 0.50000000
vn -0.00000000 0.86610000 0.49990000
vn -0.00000000 0.86600000 0.50000000
vn -0.00000000 0.53450000 0.84520000
vn -0.00000000 0.08050000 0.99680000
vn -0.00000000 -0.39200000 0.92000000
vn -0.00000000 -0.77460000 0.63240000
vn -0.00000000 -0.97980000 0.20000000
vn -0.00000000 -0.96050000 -0.27820000
vn -0.00000000 -0.72120000 -0.69270000
vn -0.00000000 -0.31670000 -0.94850000
vn -0.00000000 0.16040000 -0.98710000
vn -0.00000000 0.60070000 -0.79940000
vn -0.00000000 0.90340000 -0.42870000
vn -0.00000000 0.99920000 0.04030000
vn -0.00000000 0.98820000 0.15340000
vn -0.00000000 0.97680000 -0.21390000
vn -0.00000000 0.83360000 -0.55230000
vn -0.00000000 0.57780000 -0.81620000
vn -0.00000000 0.24390000 -0.96980000
vn -0.00000000 -0.12290000 -0.99240000
vn -0.00000000 -0.47310000 -0.88100000
vn -0.00000000 -0.75940000 -0.65060000
vn -0.00000000 -0.94320000 -0.33240000
vn -0.00000000 -0.99950000 0.03080000
vn -0.00000000 -0.92090000 0.38980000
vn -0.00000000 -0.71790000 0.69610000
vn -0.00000000 -0.41800000 0.90850000
vn -0.00000000 -0.06160000 0.99810000
vn -0.00000000 0.30310000 0.95290000
vn -0.00000000 0.62690000 0.77910000
vn -0.00000000 0.86600000 0.50010000
vn -0.00000000 0.86600000 0.50000000
vn -0.00000000 0.86610000 0.49990000
vn -0.00000000 0.86600000 0.50000000
vn -0.00000000 0.53450000 0.84520000
vn -0.00000000 0.08050000 0.99680000
vn -0.00000000 -0.39200000 0.92000000
vn -0.00000000 -0.77460000 0.63250000
vn -0.00000000 -0.97980000 0.20000000
vn -0.00000000 -0.96050000 -0.27820000
vn -0.00000000 -0.72120000 -0.69270000
vn -0.00000000 -0.31670000 -0.94850000
vn -0.00000000 0.16040000 -0.98700000
vn -0.00000000 0.60070000 -0.79940000
vn -0.00000000 0.90350000 -0.42870000
vn -0.00000000 0.99920000 0.04030000
vn -0.00000000 0.98820000 0.15340000
vn -0.00000000 0.97680000 -0.21390000
vn -0.00000000 0.83360000 -0.55230000
vn -0.00000000 0.57780000 -0.81620000
vn -0.00000000 0.24390000 -0.96980000
vn -0.00000000 -0.12290000 -0.99240000
vn -0.00000000 -0.47310000 -0.88100000
vn -0.00000000 -0.75940000 -0.65060000
vn -0.00000000 -0.94320000 -0.33240000
vn -0.00000000 -0.99950000 0.03080000
vn -0.00000000 -0.92090000 0.38980000
vn -0.00000000 -0.71790000 0.69610000
vn -0.00000000 -0.41800000 0.90850000
vn -0.00000000 -0.06160000 0.99810000
vn -0.00000000 0.30310000 0.95290000
vn -0.00000000 0.62690000 0.77910000
vn -0.00000000 0.86600000 0.50010000
vn -0.00000000 0.86600000 0.50000000
vn -0.00000000 0.86610000 0.49990000
vn -0.00000000 0.86600000 0.50000000
vn -0.00000000 0.53450000 0.84520000
vn -0.00000000 0.08050000 0.99680000
vn -0.00000000 -0.39200000 0.92000000
vn -0.00000000 -0.77460000 0.63240000
vn -0.00000000 -0.97980000 0.20000000
vn -0.00000000 -0.96050000 -0.27820000
vn -0.00000000 -0.72120000 -0.69270000
vn -0.00000000 -0.31670000 -0.94850000
vn -0.00000000 0.16040000 -0.98700000
vn -0.00000000 0.60070000 -0.79940000
vn -0.00000000 0.90350000 -0.42870000
vn -0.00000000 0.99920000 0.04030000
vn -0.00000000 0.98820000 0.15340000
vn -0.00000000 0.97680000 -0.21390000
vn -0.00000000 0.83360000 -0.55230000
vn -0.00000000 0.57780000 -0.81620000
vn -0.00000000 0.24390000 -0.96980000
vn -0.00000000 -0.12290000 -0.99240000
vn -0.00000000 -0.47310000 -0.88100000
vn -0.00000000 -0.75940000 -0.65060000
vn -0.00000000 -0.94320000 -0.33240000
vn -0.00000000 -0.99950000 0.03080000
vn -0.00000000 -0.92090000 0.38980000
vn -0.00000000 -0.71790000 0.69610000
vn -0.00000000 -0.41800000 0.90850000
vn -0.00000000 -0.06160000 0.99810000
vn -0.00000000 0.30310000 0.95290000
vn -0.00000000 0.62690000 0.77910000
vn -0.00000000 0.86600000 0.50010000
vn -0.00000000 0.86600000 0.50000000
vn -0.00000000 0.86610000 0.49990000
vn -0.00000000 0.86600000 0.50000000
vn -0.00000000 0.53450000 0.84520000
vn -0.00000000 0.08050000 0.99680000
vn -0.00000000 -0.39200000 0.92000000
vn -0.00000000 -0.77460000 0.63240000
vn -0.00000000 -0.97980000 0.20000000
vn -0.00000000 -0.96050000 -0.27820000
vn -0.00000000 -0.72120000 -0.69270000
vn -0.00000000 -0.31670000 -0.94850000
vn -0.00000000 0.16040000 -0.98700000
vn -0.00000000 0.60070000 -0.79940000
vn -0.00000000 0.90350000 -0.42870000
vn -0.00000000 0.99920000 0.04030000
vn -0.00000000 0.98820000 0.15340000
vn -0.00000000 0.97680000 -0.21390000
vn -0.00000000 0.83360000 -0.55240000
vn -0.00000000 0.57780000 -0.81620000
vn -0.00000000 0.24390000 -0.96980000
vn -0.00000000 -0.12290000 -0.99240000
vn -0.00000000 -0.47310000 -0.88100000
vn -0.00000000 -0.75940000 -0.65060000
vn -0.00000000 -0.94320000 -0.33240000
vn -0.00000000 -0.99950000 0.03080000
vn -0.00000000 -0.92090000 0.38980000
vn -0.00000000 -0.71790000 0.69610000
vn -0.00000000 -0.41800000 0.90850000
vn -0.00000000 -0.06160000 0.99810000
vn -0.00000000 0.30310000 0.95290000
vn -0.00000000 0.62690000 0.77910000
vn -0.00000000 0.86600000 0.50010000
vn -0.00000000 0.86600000 0.50000000
vn -0.00000000 0.86610000 0.49990000
vn -0.00000000 0.86600000 0.50000000
vn -0.00000000 0.53450000 0.84520000
vn -0.00000000 0.08050000 0.99680000
vn -0.00000000 -0.39200000 0.92000000
vn -0.00000000 -0.77460000 0.63240000
vn -0.00000000 -0.97980000 0.20000000
vn -0.00000000 -0.96050000 -0.27820000
vn -0.00000000 -0.72120000 -0.69270000
vn -0.00000000 -0.31670000 -0.94850000
vn -0.00000000 0.16040000 -0.98710000
vn -0.00000000 0.60070000 -0.79940000
vn -0.00000000 0.90340000 -0.42870000
vn -0.00000000 0.99920000 0.04030000
vn -0.00000000 0.98820000 0.15340000
vn -0.00000000 0.97680000 -0.21390000
vn -0.00000000 0.83360000 -0.55230000
vn -0.00000000 0.57780000 -0.81620000
vn -0.00000000 0.24390000 -0.96980000
vn -0.00000000 -0.12290000 -0.99240000
vn -0.00000000 -0.47310000 -0.88100000
vn -0.00000000 -0.75940000 -0.65060000
vn -0.00000000 -0.94320000 -0.33240000
vn -0.00000000 -0.99950000 0.03080000
vn -0.00000000 -0.92090000 0.38980000
vn -0.00000000 -0.71790000 0.69610000
vn -0.00000000 -0.41800000 0.90850000
vn -0.00000000 -0.06160000 0.99810000
vn -0.00000000 0.30310000 0.95290000
vn -0.00000000 0.62690000 0.77910000
vn -0.00000000 0.86600000 0.50000000
vn -0.00000000 0.86600000 0.50000000
vn -0.00000000 -0.86600000 -0.50000000
vn -0.00000000 0.86600000 0.50000000
vn -0.00000000 0.86600000 0.50000000
vn -0.00000000 0.90020000 0.43550000
vn -0.00000000 0.92960000 0.36870000
vn -0.00000000 0.95400000 0.29970000
vn -0.00000000 0.97330000 0.22940000
vn -0.00000000 0.98750000 0.15760000
vn -0.00000000 0.99640000 0.08510000
vn -0.00000000 0.99990000 0.01220000
vn -0.00000000 0.99810000 -0.06080000
vn -0.00000000 0.99100000 -0.13360000
vn -0.00000000 0.97860000 -0.20550000
vn -0.00000000 0.96100000 -0.27640000
vn -0.00000000 0.93830000 -0.34580000
vn -0.00000000 0.91060000 -0.41340000
vn -0.00000000 0.87800000 -0.47880000
vn -0.00000000 0.84070000 -0.54160000
vn -0.00000000 0.79890000 -0.60150000
vn -0.00000000 0.75280000 -0.65820000
vn -0.00000000 0.70280000 -0.71140000
vn -0.00000000 0.64900000 -0.76080000
vn -0.00000000 0.59170000 -0.80610000
vn -0.00000000 0.53140000 -0.84710000
vn -0.00000000 0.46800000 -0.88370000
vn -0.00000000 0.40240000 -0.91550000
vn -0.00000000 0.33440000 -0.94240000
vn -0.00000000 0.26470000 -0.96430000
vn -0.00000000 0.19360000 -0.98110000
vn -0.00000000 0.12150000 -0.99260000
vn -0.00000000 0.04870000 -0.99880000
vn -0.00000000 -0.02440000 -0.99970000
vn -0.00000000 -0.09730000 -0.99530000
vn -0.00000000 -0.16960000 -0.98550000
vn -0.00000000 -0.24110000 -0.97050000
vn -0.00000000 -0.31130000 -0.95030000
vn -0.00000000 -0.37990000 -0.92500000
vn -0.00000000 -0.44640000 -0.89480000
vn -0.00000000 -0.51050000 -0.85990000
vn -0.00000000 -0.57190000 -0.82030000
vn -0.00000000 -0.63030000 -0.77640000
vn -0.00000000 -0.68530000 -0.72830000
vn -0.00000000 -0.73660000 -0.67630000
vn -0.00000000 -0.78400000 -0.62080000
vn -0.00000000 -0.82720000 -0.56200000
vn -0.00000000 -0.90020000 -0.43550000
vn -0.00000000 -0.92960000 -0.36860000
vn -0.00000000 -0.95400000 -0.29970000
vn -0.00000000 -0.97340000 -0.22930000
vn -0.00000000 -0.98750000 -0.15760000
vn -0.00000000 -0.99640000 -0.08510000
vn -0.00000000 -0.99990000 -0.01220000
vn -0.00000000 -0.99810000 0.06090000
vn -0.00000000 -0.99100000 0.13350000
vn -0.00000000 -0.97870000 0.20550000
vn -0.00000000 -0.96100000 0.27640000
vn -0.00000000 -0.93830000 0.34580000
vn -0.00000000 -0.91060000 0.41340000
vn -0.00000000 -0.87790000 0.47880000
vn -0.00000000 -0.84070000 0.54160000
vn -0.00000000 -0.79890000 0.60150000
vn -0.00000000 -0.75280000 0.65820000
vn -0.00000000 -0.70280000 0.71140000
vn -0.00000000 -0.64900000 0.76080000
vn -0.00000000 -0.59170000 0.80620000
vn -0.00000000 -0.53130000 0.84720000
vn -0.00000000 -0.46820000 0.88360000
vn -0.00000000 -0.40230000 0.91550000
vn -0.00000000 -0.33430000 0.94250000
vn -0.00000000 -0.26470000 0.96430000
vn -0.00000000 -0.19360000 0.98110000
vn -0.00000000 -0.12150000 0.99260000
vn -0.00000000 -0.04870000 0.99880000
vn -0.00000000 0.02440000 0.99970000
vn -0.00000000 0.09730000 0.99530000
vn -0.00000000 0.16970000 0.98550000
vn -0.00000000 0.24110000 0.97050000
vn -0.00000000 0.31130000 0.95030000
vn -0.00000000 0.37990000 0.92500000
vn -0.00000000 0.44640000 0.89480000
vn -0.00000000 0.51050000 0.85990000
vn -0.00000000 0.57190000 0.82030000
vn -0.00000000 0.63020000 0.77640000
vn -0.00000000 0.68530000 0.72830000
vn -0.00000000 0.73660000 0.67630000
vn -0.00000000 0.78400000 0.62080000
vn -0.00000000 0.82720000 0.56190000
vn -0.00000000 0.77960000 0.62630000
vn -0.00000000 0.67480000 0.73800000
vn -0.00000000 0.55420000 0.83240000
vn -0.00000000 0.42070000 0.90720000
vn -0.00000000 0.27730000 0.96080000
vn -0.00000000 0.12740000 0.99190000
vn -0.00000000 -0.02550000 0.99970000
vn -0.00000000 -0.17780000 0.98410000
vn -0.00000000 -0.32600000 0.94540000
vn -0.00000000 -0.46650000 0.88450000
vn -0.00000000 -0.59600000 0.80300000
vn -0.00000000 -0.71160000 0.70260000
vn -0.00000000 -0.81050000 0.58570000
vn -0.00000000 -0.89040000 0.45510000
vn -0.00000000 -0.94950000 0.31390000
vn -0.00000000 -0.98630000 0.16530000
vn -0.00000000 -0.99990000 0.01280000
vn -0.00000000 -0.99010000 -0.14000000
vn -0.00000000 -0.95720000 -0.28950000
vn -0.00000000 -0.90180000 -0.43220000
vn -0.00000000 -0.82520000 -0.56480000
vn -0.00000000 -0.72930000 -0.68420000
vn -0.00000000 -0.61630000 -0.78750000
vn -0.00000000 -0.48890000 -0.87230000
vn -0.00000000 -0.35000000 -0.93670000
vn -0.00000000 -0.20290000 -0.97920000
vn -0.00000000 -0.05110000 -0.99870000
vn -0.00000000 0.10200000 -0.99480000
vn -0.00000000 0.25260000 -0.96760000
vn -0.00000000 0.39740000 -0.91770000
vn -0.00000000 0.53280000 -0.84620000
vn -0.00000000 0.65570000 -0.75500000
vn -0.00000000 0.76330000 -0.64600000
vn -0.00000000 0.85300000 -0.52200000
vn -0.00000000 0.92270000 -0.38560000
vn -0.00000000 0.97070000 -0.24030000
vn -0.00000000 0.99600000 -0.08930000
vn -0.00000000 0.99800000 0.06380000
vn -0.00000000 0.97650000 0.21540000
vn -0.00000000 0.93220000 0.36190000
vn 1.00000000 -0.00000000 -0.00000000
vn 1.00000000 -0.00000000 -0.00000000
vn 1.00000000 -0.00000000 -0.00000000
vn 1.00000000 -0.00000000 -0.00000000
vn 1.00000000 -0.00000000 -0.00000000
vn 1.00000000 -0.00000000 -0.00000000
vn 1.00000000 -0.00000000 -0.00000000
vn 1.00000000 -0.00000000 -0.00000000
vn 1.00000000 -0.00000000 -0.00000000
vn 1.00000000 -0.00000000 -0.00000000
vn 1.00000000 -0.00000000 -0.00000000
vn 1.00000000 -0.00000000 -0.00000000
vn 1.00000000 -0.00000000 -0.00000000
vn 1.00000000 -0.00000000 -0.00000000
vn 1.00000000 -0.00000000 -0.00000000
vn 1.00000000 -0.00000000 -0.00000000
vn 1.00000000 -0.00000000 -0.00000000
vn 1.00000000 -0.00000000 -0.00000000
vn 1.00000000 -0.00000000 -0.00000000
vn 1.00000000 -0.00000000 -0.00000000
vn 1.00000000 -0.00000000 -0.00000000
vn 1.00000000 -0.00000000 -0.00000000
vn 1.00000000 -0.00000000 -0.00000000
vn 1.00000000 -0.00000000 -0.00000000
vn 1.00000000 -0.00000000 -0.00000000
vn 1.00000000 -0.00000000 -0.00000000
vn 1.00000000 -0.00000000 -0.00000000
vn 1.00000000 -0.00000000 -0.00000000
vn 1.00000000 -0.00000000 -0.00000000
vn 1.00000000 -0.00000000 -0.00000000
vn 1.00000000 -0.00000000 -0.00000000
vn 1.00000000 -0.00000000 -0.00000000
vn 1.00000000 -0.00000000 -0.00000000
vn 1.00000000 -0.00000000 -0.00000000
vn 1.00000000 -0.00000000 -0.00000000
vn 1.00000000 -0.00000000 -0.00000000
vn 1.00000000 -0.00000000 -0.00000000
vn 1.00000000 -0.00000000 -0.00000000
vn 1.00000000 -0.00000000 -0.00000000
vn 1.00000000 -0.00000000 -0.00000000
vn 1.00000000 -0.00000000 -0.00000000
vn 1.00000000 -0.00000000 -0.00000000
vn 1.00000000 -0.00000000 -0.00000000
vn 1.00000000 -0.00000000 -0.00000000
vn 1.00000000 -0.00000000 -0.00000000
vn 1.00000000 -0.00000000 -0.00000000
vn 1.00000000 -0.00000000 -0.00000000
vn 1.00000000 -0.00000000 -0.00000000
vn 1.00000000 -0.00000000 -0.00000000
vn 1.00000000 -0.00000000 -0.00000000
vn 1.00000000 -0.00000000 -0.00000000
vn 1.00000000 -0.00000000 -0.00000000
vn 1.00000000 -0.00000000 -0.00000000
vn 1.00000000 -0.00000000 -0.00000000
vn 1.00000000 -0.00000000 -0.00000000
vn 1.00000000 -0.00000000 -0.00000000
vn 1.00000000 -0.00000000 -0.00000000
vn 1.00000000 -0.00000000 -0.00000000
vn 1.00000000 -0.00000000 -0.00000000
vn 1.00000000 -0.00000000 -0.00000000
vn 1.00000000 -0.00000000 -0.00000000
vn 1.00000000 -0.00000000 -0.00000000
vn 1.00000000 -0.00000000 -0.00000000
vn 1.00000000 -0.00000000 -0.00000000
vn 1.00000000 -0.00000000 -0.00000000
vn 1.00000000 -0.00000000 -0.00000000
vn 1.00000000 -0.00000000 -0.00000000
vn 1.00000000 -0.00000000 -0.00000000
vn 1.00000000 -0.00000000 -0.00000000
vn 1.00000000 -0.00000000 -0.00000000
vn 1.00000000 -0.00000000 -0.00000000
vn 1.00000000 -0.00000000 -0.00000000
vn 1.00000000 -0.00000000 -0.00000000
vn 1.00000000 -0.00000000 -0.00000000
vn 1.00000000 -0.00000000 -0.00000000
vn 1.00000000 -0.00000000 -0.00000000
vn 1.00000000 -0.00000000 -0.00000000
vn 1.00000000 -0.00000000 -0.00000000
vn 1.00000000 -0.00000000 -0.00000000
vn 1.00000000 -0.00000000 -0.00000000
vn 1.00000000 -0.00000000 -0.00000000
vn 1.00000000 -0.00000000 -0.00000000
vn 1.00000000 -0.00000000 -0.00000000
vn 1.00000000 -0.00000000 -0.00000000
vn 1.00000000 -0.00000000 -0.00000000
vn 1.00000000 -0.00000000 -0.00000000
vn 1.00000000 -0.00000000 -0.00000000
vn 1.00000000 -0.00000000 -0.00000000
vn 1.00000000 -0.00000000 -0.00000000
vn 1.00000000 -0.00000000 -0.00000000
vn 1.00000000 -0.00000000 -0.00000000
vn 1.00000000 -0.00000000 -0.00000000
vn 1.00000000 -0.00000000 -0.00000000
vn 1.00000000 -0.00000000 -0.00000000
vn 1.00000000 -0.00000000 -0.00000000
vn 1.00000000 -0.00000000 -0.00000000
vn 1.00000000 -0.00000000 -0.00000000
vn 1.00000000 -0.00000000 -0.00000000
vn 1.00000000 -0.00000000 -0.00000000
vn 1.00000000 -0.00000000 -0.00000000
vn 1.00000000 -0.00000000 -0.00000000
vn 1.00000000 -0.00000000 -0.00000000
vn 1.00000000 -0.00000000 -0.00000000
vn 1.00000000 -0.00000000 -0.00000000
vn 1.00000000 -0.00000000 -0.00000000
vn 1.00000000 -0.00000000 -0.00000000
vn 1.00000000 -0.00000000 -0.00000000
vn 1.00000000 -0.00000000 -0.00000000
vn 1.00000000 -0.00000000 -0.00000000
vn 1.00000000 -0.00000000 -0.00000000
vn 1.00000000 -0.00000000 -0.00000000
vn 1.00000000 -0.00000000 -0.00000000
vn 1.00000000 -0.00000000 -0.00000000
vn 1.00000000 -0.00000000 -0.00000000
vn 1.00000000 -0.00000000 -0.00000000
vn 1.00000000 -0.00000000 -0.00000000
vn 1.00000000 -0.00000000 -0.00000000
vn 1.00000000 -0.00000000 -0.00000000
vn 1.00000000 -0.00000000 -0.00000000
vn 1.00000000 -0.00000000 -0.00000000
vn 1.00000000 -0.00000000 -0.00000000
vn 1.00000000 -0.00000000 -0.00000000
vn 1.00000000 -0.00000000 -0.00000000
vn 1.00000000 -0.00000000 -0.00000000
vn 1.00000000 -0.00000000 -0.00000000
vn 1.00000000 -0.00000000 -0.00000000
vn 1.00000000 -0.00000000 -0.00000000
vn 1.00000000 -0.00000000 -0.00000000
vn 1.00000000 -0.00000000 -0.00000000
vn 1.00000000 -0.00000000 -0.00000000
vn 1.00000000 -0.00000000 -0.00000000
vn 1.00000000 -0.00000000 -0.00000000
vn 1.00000000 -0.00000000 -0.00000000
vn 1.00000000 -0.00000000 -0.00000000
vn 1.00000000 -0.00000000 -0.00000000
vn 1.00000000 -0.00000000 -0.00000000
vn 1.00000000 -0.00000000 -0.00000000
vn 1.00000000 -0.00000000 -0.00000000
vn 1.00000000 -0.00000000 -0.00000000
vn 1.00000000 -0.00000000 -0.00000000
vn 1.00000000 -0.00000000 -0.00000000
vn 1.00000000 -0.00000000 -0.00000000
vn 1.00000000 -0.00000000 -0.00000000
vn 1.00000000 -0.00000000 -0.00000000
vn 1.00000000 -0.00000000 -0.00000000
vn 1.00000000 -0.00000000 -0.00000000
vn 1.00000000 -0.00000000 -0.00000000
vn 1.00000000 -0.00000000 -0.00000000
vn 1.00000000 -0.00000000 -0.00000000
vn 1.00000000 -0.00000000 -0.00000000
vn 1.00000000 -0.00000000 -0.00000000
vn 1.00000000 -0.00000000 -0.00000000
vn 1.00000000 -0.00000000 -0.00000000
vn 1.00000000 -0.00000000 -0.00000000
vn 1.00000000 -0.00000000 -0.00000000
vn 1.00000000 -0.00000000 -0.00000000
vn 1.00000000 -0.00000000 -0.00000000
vn 1.00000000 -0.00000000 -0.00000000
vn 1.00000000 -0.00000000 -0.00000000
vn 1.00000000 -0.00000000 -0.00000000
vn 1.00000000 -0.00000000 -0.00000000
vn 1.00000000 -0.00000000 -0.00000000
vn 1.00000000 -0.00000000 -0.00000000
vn 1.00000000 -0.00000000 -0.00000000
vn 1.00000000 -0.00000000 -0.00000000
vn 1.00000000 -0.00000000 -0.00000000
vn 1.00000000 -0.00000000 -0.00000000
vn 1.00000000 -0.00000000 -0.00000000
vn 1.00000000 -0.00000000 -0.00000000
vn 1.00000000 -0.00000000 -0.00000000
vn 1.00000000 -0.00000000 -0.00000000
vn 1.00000000 -0.00000000 -0.00000000
vn 1.00000000 -0.00000000 -0.00000000
vn 1.00000000 -0.00000000 -0.00000000
vn 1.00000000 -0.00000000 -0.00000000
vn 1.00000000 -0.00000000 -0.00000000
vn 1.00000000 -0.00000000 -0.00000000
vn 1.00000000 -0.00000000 -0.00000000
vn 1.00000000 -0.00000000 -0.00000000
vn 1.00000000 -0.00000000 -0.00000000
vn 1.00000000 -0.00000000 -0.00000000
vn 1.00000000 -0.00000000 -0.00000000
vn 1.00000000 -0.00000000 -0.00000000
vn 1.00000000 -0.00000000 -0.00000000
vn 1.00000000 -0.00000000 -0.00000000
vn 1.00000000 -0.00000000 -0.00000000
vn 1.00000000 -0.00000000 -0.00000000
vn 1.00000000 -0.00000000 -0.00000000
vn 1.00000000 -0.00000000 -0.00000000
vn 1.00000000 -0.00000000 -0.00000000
vn 1.00000000 -0.00000000 -0.00000000
vn 1.00000000 -0.00000000 -0.00000000
vn 1.00000000 -0.00000000 -0.00000000
vn 1.00000000 -0.00000000 -0.00000000
vn 1.00000000 -0.00000000 -0.00000000
vn 1.00000000 -0.00000000 -0.00000000
vn 1.00000000 -0.00000000 -0.00000000
vn 1.00000000 -0.00000000 -0.00000000
vn 1.00000000 -0.00000000 -0.00000000
vn 1.00000000 -0.00000000 -0.00000000
vn 1.00000000 -0.00000000 -0.00000000
vn 1.00000000 -0.00000000 -0.00000000
vn 1.00000000 -0.00000000 -0.00000000
vn 1.00000000 -0.00000000 -0.00000000
vn 1.00000000 -0.00000000 -0.00000000
vn 1.00000000 -0.00000000 -0.00000000
vn 1.00000000 -0.00000000 -0.00000000
vn 1.00000000 -0.00000000 -0.00000000
vn 1.00000000 -0.00000000 -0.00000000
vn 1.00000000 -0.00000000 -0.00000000
vn 1.00000000 -0.00000000 -0.00000000
vn 1.00000000 -0.00000000 -0.00000000
vn 1.00000000 -0.00000000 -0.00000000
vn 1.00000000 -0.00000000 -0.00000000
vn 1.00000000 -0.00000000 -0.00000000
vn 1.00000000 -0.00000000 -0.00000000
vn 1.00000000 -0.00000000 -0.00000000
vn 1.00000000 -0.00000000 -0.00000000
vn 1.00000000 -0.00000000 -0.00000000
vn 1.00000000 -0.00000000 -0.00000000
vn 1.00000000 -0.00000000 -0.00000000
vn 1.00000000 -0.00000000 -0.00000000
vn 1.00000000 -0.00000000 -0.00000000
vn 1.00000000 -0.00000000 -0.00000000
vn 1.00000000 -0.00000000 -0.00000000
vn 1.00000000 -0.00000000 -0.00000000
vn 1.00000000 -0.00000000 -0.00000000
vn 1.00000000 -0.00000000 -0.00000000
vn 1.00000000 -0.00000000 -0.00000000
vn 1.00000000 -0.00000000 -0.00000000
vn 1.00000000 -0.00000000 -0.00000000
vn 1.00000000 -0.00000000 -0.00000000
vn 1.00000000 -0.00000000 -0.00000000
vn 1.00000000 -0.00000000 -0.00000000
vn 1.00000000 -0.00000000 -0.00000000
vn 1.00000000 -0.00000000 -0.00000000
vn 1.00000000 -0.00000000 -0.00000000
vn 1.00000000 -0.00000000 -0.00000000
vn 1.00000000 -0.00000000 -0.00000000
vn 1.00000000 -0.00000000 -0.00000000
vn 1.00000000 -0.00000000 -0.00000000
vn 1.00000000 -0.00000000 -0.00000000
vn 1.00000000 -0.00000000 -0.00000000
vn 1.00000000 -0.00000000 -0.00000000
vn 1.00000000 -0.00000000 -0.00000000
vn 1.00000000 -0.00000000 -0.00000000
vn 1.00000000 -0.00000000 -0.00000000
vn 1.00000000 -0.00000000 -0.00000000
vn 1.00000000 -0.00000000 -0.00000000
vn 1.00000000 -0.00000000 -0.00000000
vn 1.00000000 -0.00000000 -0.00000000
vn 1.00000000 -0.00000000 -0.00000000
vn 1.00000000 -0.00000000 -0.00000000
vn 1.00000000 -0.00000000 -0.00000000
vn 1.00000000 -0.00000000 -0.00000000
vn 1.00000000 -0.00000000 -0.00000000
vn 1.00000000 -0.00000000 -0.00000000
vn 1.00000000 -0.00000000 -0.00000000
vn 1.00000000 -0.00000000 -0.00000000
vn 1.00000000 -0.00000000 -0.00000000
vn 1.00000000 -0.00000000 -0.00000000
vn 1.00000000 -0.00000000 -0.00000000
vn 1.00000000 -0.00000000 -0.00000000
vn 1.00000000 -0.00000000 -0.00000000
vn 1.00000000 -0.00000000 -0.00000000
vn 1.00000000 -0.00000000 -0.00000000
vn 1.00000000 -0.00000000 -0.00000000
vn 1.00000000 -0.00000000 -0.00000000
vn 1.00000000 -0.00000000 -0.00000000
vn 1.00000000 -0.00000000 -0.00000000
vn 1.00000000 -0.00000000 -0.00000000
vn 1.00000000 -0.00000000 -0.00000000
vn 1.00000000 -0.00000000 -0.00000000
vn 1.00000000 -0.00000000 -0.00000000
vn 1.00000000 -0.00000000 -0.00000000
vn 1.00000000 -0.00000000 -0.00000000
vn 1.00000000 -0.00000000 -0.00000000
vn 1.00000000 -0.00000000 -0.00000000
vn 1.00000000 -0.00000000 -0.00000000
vn 1.00000000 -0.00000000 -0.00000000
vn 1.00000000 -0.00000000 -0.00000000
vn 1.00000000 -0.00000000 -0.00000000
vn 1.00000000 -0.00000000 -0.00000000
vn 1.00000000 -0.00000000 -0.00000000
vn 1.00000000 -0.00000000 -0.00000000
vn 1.00000000 -0.00000000 -0.00000000
vn 1.00000000 -0.00000000 -0.00000000
vn 1.00000000 -0.00000000 -0.00000000
vn 1.00000000 -0.00000000 -0.00000000
vn 1.00000000 -0.00000000 -0.00000000
vn 1.00000000 -0.00000000 -0.00000000
vn 1.00000000 -0.00000000 -0.00000000
vn 1.00000000 -0.00000000 -0.00000000
vn 1.00000000 -0.00000000 -0.00000000
vn 1.00000000 -0.00000000 -0.00000000
vn 1.00000000 -0.00000000 -0.00000000
vn 1.00000000 -0.00000000 -0.00000000
vn 1.00000000 -0.00000000 -0.00000000
vn 1.00000000 -0.00000000 -0.00000000
vn 1.00000000 -0.00000000 -0.00000000
vn 1.00000000 -0.00000000 -0.00000000
vn 1.00000000 -0.00000000 -0.00000000
vn 1.00000000 -0.00000000 -0.00000000
vn 1.00000000 -0.00000000 -0.00000000
vn 1.00000000 -0.00000000 -0.00000000
vn 1.00000000 -0.00000000 -0.00000000
vn 1.00000000 -0.00000000 -0.00000000
vn 1.00000000 -0.00000000 -0.00000000
vn 1.00000000 -0.00000000 -0.00000000
vn 1.00000000 -0.00000000 -0.00000000
vn 1.00000000 -0.00000000 -0.00000000
vn 1.00000000 -0.00000000 -0.00000000
vn 1.00000000 -0.00000000 -0.00000000
vn 1.00000000 -0.00000000 -0.00000000
vn 1.00000000 -0.00000000 -0.00000000
vn 1.00000000 -0.00000000 -0.00000000
vn 1.00000000 -0.00000000 -0.00000000
vn 1.00000000 -0.00000000 -0.00000000
vn 1.00000000 -0.00000000 -0.00000000
vn 1.00000000 -0.00000000 -0.00000000
vn 1.00000000 -0.00000000 -0.00000000
vn 1.00000000 -0.00000000 -0.00000000
vn 1.00000000 -0.00000000 -0.00000000
vn 1.00000000 -0.00000000 -0.00000000
vn 1.00000000 -0.00000000 -0.00000000
vn 1.00000000 -0.00000000 -0.00000000
vn 1.00000000 -0.00000000 -0.00000000
vn 1.00000000 -0.00000000 -0.00000000
vn 1.00000000 -0.00000000 -0.00000000
vn 1.00000000 -0.00000000 -0.00000000
vn 1.00000000 -0.00000000 -0.00000000
vn 1.00000000 -0.00000000 -0.00000000
vn 1.00000000 -0.00000000 -0.00000000
vn 1.00000000 -0.00000000 -0.00000000
vn 1.00000000 -0.00000000 -0.00000000
vn 1.00000000 -0.00000000 -0.00000000
vn 1.00000000 -0.00000000 -0.00000000
vn 1.00000000 -0.00000000 -0.00000000
vn 1.00000000 -0.00000000 -0.00000000
vn 1.00000000 -0.00000000 -0.00000000
vn 1.00000000 -0.00000000 -0.00000000
vn 1.00000000 -0.00000000 -0.00000000
vn 1.00000000 -0.00000000 -0.00000000
vn 1.00000000 -0.00000000 -0.00000000
vn 1.00000000 -0.00000000 -0.00000000
vn 1.00000000 -0.00000000 -0.00000000
vn 1.00000000 -0.00000000 -0.00000000
vn 1.00000000 -0.00000000 -0.00000000
vn 1.00000000 -0.00000000 -0.00000000
vn 1.00000000 -0.00000000 -0.00000000
vn 1.00000000 -0.00000000 -0.00000000
vn 1.00000000 -0.00000000 -0.00000000
vn 1.00000000 -0.00000000 -0.00000000
vn 1.00000000 -0.00000000 -0.00000000
vn 1.00000000 -0.00000000 -0.00000000
vn 1.00000000 -0.00000000 -0.00000000
vn 1.00000000 -0.00000000 -0.00000000
vn 1.00000000 -0.00000000 -0.00000000
vn 1.00000000 -0.00000000 -0.00000000
vn 1.00000000 -0.00000000 -0.00000000
vn 1.00000000 -0.00000000 -0.00000000
vn 1.00000000 -0.00000000 -0.00000000
vn 1.00000000 -0.00000000 -0.00000000
vn 1.00000000 -0.00000000 -0.00000000
vn 1.00000000 -0.00000000 -0.00000000
vn 1.00000000 -0.00000000 -0.00000000
vn 1.00000000 -0.00000000 -0.00000000
vn 1.00000000 -0.00000000 -0.00000000
vn 1.00000000 -0.00000000 -0.00000000
vn 1.00000000 -0.00000000 -0.00000000
vn 1.00000000 -0.00000000 -0.00000000
vn 1.00000000 -0.00000000 -0.00000000
vn 1.00000000 -0.00000000 -0.00000000
vn 1.00000000 -0.00000000 -0.00000000
vn 1.00000000 -0.00000000 -0.00000000
vn 1.00000000 -0.00000000 -0.00000000
vn 1.00000000 -0.00000000 -0.00000000
vn 1.00000000 -0.00000000 -0.00000000
vn 1.00000000 -0.00000000 -0.00000000
vn 1.00000000 -0.00000000 -0.00000000
vn 1.00000000 -0.00000000 -0.00000000
vn 1.00000000 -0.00000000 -0.00000000
vn 1.00000000 -0.00000000 -0.00000000
vn 1.00000000 -0.00000000 -0.00000000
vn 1.00000000 -0.00000000 -0.00000000
vn 1.00000000 -0.00000000 -0.00000000
vn 1.00000000 -0.00000000 -0.00000000
vn 1.00000000 -0.00000000 -0.00000000
vn 1.00000000 -0.00000000 -0.00000000
vn 1.00000000 -0.00000000 -0.00000000
vn 1.00000000 -0.00000000 -0.00000000
vn 1.00000000 -0.00000000 -0.00000000
vn 1.00000000 -0.00000000 -0.00000000
vn 1.00000000 -0.00000000 -0.00000000
vn 1.00000000 -0.00000000 -0.00000000
vn 1.00000000 -0.00000000 -0.00000000
vn 1.00000000 -0.00000000 -0.00000000
vn 1.00000000 -0.00000000 -0.00000000
vn 1.00000000 -0.00000000 -0.00000000
vn 1.00000000 -0.00000000 -0.00000000
vn 1.00000000 -0.00000000 -0.00000000
vn 1.00000000 -0.00000000 -0.00000000
vn 1.00000000 -0.00000000 -0.00000000
vn 1.00000000 -0.00000000 -0.00000000
vn 1.00000000 -0.00000000 -0.00000000
vn 1.00000000 -0.00000000 -0.00000000
vn 1.00000000 -0.00000000 -0.00000000
vn 1.00000000 -0.00000000 -0.00000000
vn 1.00000000 -0.00000000 -0.00000000
vn 1.00000000 -0.00000000 -0.00000000
vn 1.00000000 -0.00000000 -0.00000000
vn 1.00000000 -0.00000000 -0.00000000
vn 1.00000000 -0.00000000 -0.00000000
vn 1.00000000 -0.00000000 -0.00000000
vn 1.00000000 -0.00000000 -0.00000000
vn 1.00000000 -0.00000000 -0.00000000
vn 1.00000000 -0.00000000 -0.00000000
vn 1.00000000 -0.00000000 -0.00000000
vn 1.00000000 -0.00000000 -0.00000000
vn 1.00000000 -0.00000000 -0.00000000
vn 1.00000000 -0.00000000 -0.00000000
vn 1.00000000 -0.00000000 -0.00000000
vn 1.00000000 -0.00000000 -0.00000000
vn 1.00000000 -0.00000000 -0.00000000
vn 1.00000000 -0.00000000 -0.00000000
vn 1.00000000 -0.00000000 -0.00000000
vn 1.00000000 -0.00000000 -0.00000000
vn 1.00000000 -0.00000000 -0.00000000
vn 1.00000000 -0.00000000 -0.00000000
vn 1.00000000 -0.00000000 -0.00000000
vn 1.00000000 -0.00000000 -0.00000000
vn 1.00000000 -0.00000000 -0.00000000
vn 1.00000000 -0.00000000 -0.00000000
vn 1.00000000 -0.00000000 -0.00000000
vn 1.00000000 -0.00000000 -0.00000000
vn 1.00000000 -0.00000000 -0.00000000
vn 1.00000000 -0.00000000 -0.00000000
vn 1.00000000 -0.00000000 -0.00000000
vn 1.00000000 -0.00000000 -0.00000000
vn 1.00000000 -0.00000000 -0.00000000
vn 1.00000000 -0.00000000 -0.00000000
vn 1.00000000 -0.00000000 -0.00000000
vn 1.00000000 -0.00000000 -0.00000000
vn 1.00000000 -0.00000000 -0.00000000
vn 1.00000000 -0.00000000 -0.00000000
vn 1.00000000 -0.00000000 -0.00000000
vn 1.00000000 -0.00000000 -0.00000000
vn 1.00000000 -0.00000000 -0.00000000
vn 1.00000000 -0.00000000 -0.00000000
vn 1.00000000 -0.00000000 -0.00000000
vn 1.00000000 -0.00000000 -0.00000000
vn 1.00000000 -0.00000000 -0.00000000
vn 1.00000000 -0.00000000 -0.00000000
vn 1.00000000 -0.00000000 -0.00000000
vn 1.00000000 -0.00000000 -0.00000000
vn -0.00000000 0.86600000 0.50000000
vn -0.00000000 0.86600000 0.50000000
vn -0.00000000 -0.86600000 -0.50000000
vn -0.00000000 -0.86600000 -0.50000000
vn -0.00000000 0.86600000 0.50000000
vn -0.00000000 0.86600000 0.50000000
vn -0.00000000 0.74310000 0.66910000
vn -0.00000000 0.58780000 0.80900000
vn -0.00000000 0.40670000 0.91360000
vn -0.00000000 0.20790000 0.97810000
vn -0.00000000 -0.00000000 1.00000000
vn -0.00000000 -0.20790000 0.97810000
vn -0.00000000 -0.40670000 0.91350000
vn -0.00000000 -0.58780000 0.80900000
vn -0.00000000 -0.74310000 0.66910000
vn -0.00000000 -0.86600000 0.50000000
vn -0.00000000 -0.95110000 0.30900000
vn -0.00000000 -0.99450000 0.10450000
vn -0.00000000 -0.99450000 -0.10460000
vn -0.00000000 -0.95110000 -0.30900000
vn -0.00000000 -0.74310000 -0.66910000
vn -0.00000000 -0.58770000 -0.80900000
vn -0.00000000 -0.40670000 -0.91360000
vn -0.00000000 -0.20790000 -0.97810000
vn -0.00000000 -0.00000000 -1.00000000
vn -0.00000000 0.20790000 -0.97810000
vn -0.00000000 0.40680000 -0.91350000
vn -0.00000000 0.58780000 -0.80900000
vn -0.00000000 0.74310000 -0.66910000
vn -0.00000000 0.86600000 -0.50000000
vn -0.00000000 0.95110000 -0.30900000
vn -0.00000000 0.99450000 -0.10450000
vn -0.00000000 0.99450000 0.10460000
vn -0.00000000 0.95110000 0.30900000
vn -0.00000000 0.86600000 0.50000000
vn -0.00000000 0.86600000 0.50000000
vn -0.00000000 0.99720000 0.07470000
vn -0.00000000 0.93090000 -0.36530000
vn -0.00000000 0.68020000 -0.73310000
vn -0.00000000 0.29480000 -0.95560000
vn -0.00000000 -0.14900000 -0.98880000
vn -0.00000000 -0.56330000 -0.82620000
vn -0.00000000 -0.99720000 -0.07470000
vn -0.00000000 -0.93090000 0.36530000
vn -0.00000000 -0.68020000 0.73310000
vn -0.00000000 -0.29480000 0.95560000
vn -0.00000000 0.14900000 0.98880000
vn -0.00000000 0.56330000 0.82620000
vn 1.00000000 -0.00000000 -0.00000000
vn 1.00000000 -0.00000000 -0.00000000
vn 1.00000000 -0.00000000 -0.00000000
vn 1.00000000 -0.00000000 -0.00000000
vn 1.00000000 -0.00000000 -0.00000000
vn 1.00000000 -0.00000000 -0.00000000
vn 1.00000000 -0.00000000 -0.00000000
vn 1.00000000 -0.00000000 -0.00000000
vn 1.00000000 -0.00000000 -0.00000000
vn 1.00000000 -0.00000000 -0.00000000
vn 1.00000000 -0.00000000 -0.00000000
vn 1.00000000 -0.00000000 -0.00000000
vn 1.00000000 -0.00000000 -0.00000000
vn 1.00000000 -0.00000000 -0.00000000
vn 1.00000000 -0.00000000 -0.00000000
vn 1.00000000 -0.00000000 -0.00000000
vn 1.00000000 -0.00000000 -0.00000000
vn 1.00000000 -0.00000000 -0.00000000
vn 1.00000000 -0.00000000 -0.00000000
vn 1.00000000 -0.00000000 -0.00000000
vn 1.00000000 -0.00000000 -0.00000000
vn 1.00000000 -0.00000000 -0.00000000
vn 1.00000000 -0.00000000 -0.00000000
vn 1.00000000 -0.00000000 -0.00000000
vn 1.00000000 -0.00000000 -0.00000000
vn 1.00000000 -0.00000000 -0.00000000
vn 1.00000000 -0.00000000 -0.00000000
vn 1.00000000 -0.00000000 -0.00000000
vn 1.00000000 -0.00000000 -0.00000000
vn 1.00000000 -0.00000000 -0.00000000
vn 1.00000000 -0.00000000 -0.00000000
vn 1.00000000 -0.00000000 -0.00000000
vn 1.00000000 -0.00000000 -0.00000000
vn 1.00000000 -0.00000000 -0.00000000
vn 1.00000000 -0.00000000 -0.00000000
vn 1.00000000 -0.00000000 -0.00000000
vn 1.00000000 -0.00000000 -0.00000000
vn 1.00000000 -0.00000000 -0.00000000
vn 1.00000000 -0.00000000 -0.00000000
vn 1.00000000 -0.00000000 -0.00000000
vn 1.00000000 -0.00000000 -0.00000000
vn 1.00000000 -0.00000000 -0.00000000
vn 1.00000000 -0.00000000 -0.00000000
vn 1.00000000 -0.00000000 -0.00000000
vn 1.00000000 -0.00000000 -0.00000000
vn 1.00000000 -0.00000000 -0.00000000
vn 1.00000000 -0.00000000 -0.00000000
vn 1.00000000 -0.00000000 -0.00000000
vn 1.00000000 -0.00000000 -0.00000000
vn 1.00000000 -0.00000000 -0.00000000
vn 1.00000000 -0.00000000 -0.00000000
vn 1.00000000 -0.00000000 -0.00000000
vn 1.00000000 -0.00000000 -0.00000000
vn 1.00000000 -0.00000000 -0.00000000
vn 1.00000000 -0.00000000 -0.00000000
vn 1.00000000 -0.00000000 -0.00000000
vn 1.00000000 -0.00000000 -0.00000000
vn 1.00000000 -0.00000000 -0.00000000
vn 1.00000000 -0.00000000 -0.00000000
vn -0.00000000 0.86600000 0.50000000
vn -0.00000000 0.86600000 0.50000000
vn -0.00000000 -0.86600000 -0.50000000
vn -0.00000000 -0.86600000 -0.50000000
vn -0.00000000 0.86600000 0.50000000
vn -0.00000000 0.86600000 0.50000000
vn -0.00000000 0.74310000 0.66910000
vn -0.00000000 0.58780000 0.80900000
vn -0.00000000 0.40670000 0.91360000
vn -0.00000000 0.20790000 0.97810000
vn -0.00000000 -0.00000000 1.00000000
vn -0.00000000 -0.20790000 0.97810000
vn -0.00000000 -0.40670000 0.91350000
vn -0.00000000 -0.58780000 0.80900000
vn -0.00000000 -0.74310000 0.66910000
vn -0.00000000 -0.86600000 0.50000000
vn -0.00000000 -0.95110000 0.30900000
vn -0.00000000 -0.99450000 0.10450000
vn -0.00000000 -0.99450000 -0.10460000
vn -0.00000000 -0.95110000 -0.30900000
vn -0.00000000 -0.74310000 -0.66910000
vn -0.00000000 -0.58780000 -0.80900000
vn -0.00000000 -0.40670000 -0.91360000
vn -0.00000000 -0.20790000 -0.97810000
vn -0.00000000 -0.00000000 -1.00000000
vn -0.00000000 0.20790000 -0.97810000
vn -0.00000000 0.40670000 -0.91350000
vn -0.00000000 0.58780000 -0.80900000
vn -0.00000000 0.74310000 -0.66910000
vn -0.00000000 0.86600000 -0.50000000
vn -0.00000000 0.95110000 -0.30900000
vn -0.00000000 0.99450000 -0.10450000
vn -0.00000000 0.99450000 0.10460000
vn -0.00000000 0.95110000 0.30900000
vn -0.00000000 0.86600000 0.50000000
vn -0.00000000 0.86600000 0.50000000
vn -0.00000000 0.99720000 0.07470000
vn -0.00000000 0.93090000 -0.36530000
vn -0.00000000 0.68020000 -0.73310000
vn -0.00000000 0.29480000 -0.95560000
vn -0.00000000 -0.14900000 -0.98880000
vn -0.00000000 -0.56330000 -0.82620000
vn -0.00000000 -0.99720000 -0.07470000
vn -0.00000000 -0.93090000 0.36530000
vn -0.00000000 -0.68020000 0.73310000
vn -0.00000000 -0.29480000 0.95560000
vn -0.00000000 0.14900000 0.98880000
vn -0.00000000 0.56330000 0.82620000
vn 1.00000000 -0.00000000 -0.00000000
vn 1.00000000 -0.00000000 -0.00000000
vn 1.00000000 -0.00000000 -0.00000000
vn 1.00000000 -0.00000000 -0.00000000
vn 1.00000000 -0.00000000 -0.00000000
vn 1.00000000 -0.00000000 -0.00000000
vn 1.00000000 -0.00000000 -0.00000000
vn 1.00000000 -0.00000000 -0.00000000
vn 1.00000000 -0.00000000 -0.00000000
vn 1.00000000 -0.00000000 -0.00000000
vn 1.00000000 -0.00000000 -0.00000000
vn 1.00000000 -0.00000000 -0.00000000
vn 1.00000000 -0.00000000 -0.00000000
vn 1.00000000 -0.00000000 -0.00000000
vn 1.00000000 -0.00000000 -0.00000000
vn 1.00000000 -0.00000000 -0.00000000
vn 1.00000000 -0.00000000 -0.00000000
vn 1.00000000 -0.00000000 -0.00000000
vn 1.00000000 -0.00000000 -0.00000000
vn 1.00000000 -0.00000000 -0.00000000
vn 1.00000000 -0.00000000 -0.00000000
vn 1.00000000 -0.00000000 -0.00000000
vn 1.00000000 -0.00000000 -0.00000000
vn 1.00000000 -0.00000000 -0.00000000
vn 1.00000000 -0.00000000 -0.00000000
vn 1.00000000 -0.00000000 -0.00000000
vn 1.00000000 -0.00000000 -0.00000000
vn 1.00000000 -0.00000000 -0.00000000
vn 1.00000000 -0.00000000 -0.00000000
vn 1.00000000 -0.00000000 -0.00000000
vn 1.00000000 -0.00000000 -0.00000000
vn 1.00000000 -0.00000000 -0.00000000
vn 1.00000000 -0.00000000 -0.00000000
vn 1.00000000 -0.00000000 -0.00000000
vn 1.00000000 -0.00000000 -0.00000000
vn 1.00000000 -0.00000000 -0.00000000
vn 1.00000000 -0.00000000 -0.00000000
vn 1.00000000 -0.00000000 -0.00000000
vn 1.00000000 -0.00000000 -0.00000000
vn 1.00000000 -0.00000000 -0.00000000
vn 1.00000000 -0.00000000 -0.00000000
vn 1.00000000 -0.00000000 -0.00000000
vn 1.00000000 -0.00000000 -0.00000000
vn 1.00000000 -0.00000000 -0.00000000
vn 1.00000000 -0.00000000 -0.00000000
vn 1.00000000 -0.00000000 -0.00000000
vn 1.00000000 -0.00000000 -0.00000000
vn 1.00000000 -0.00000000 -0.00000000
vn 1.00000000 -0.00000000 -0.00000000
vn 1.00000000 -0.00000000 -0.00000000
vn 1.00000000 -0.00000000 -0.00000000
vn 1.00000000 -0.00000000 -0.00000000
vn 1.00000000 -0.00000000 -0.00000000
vn 1.00000000 -0.00000000 -0.00000000
vn 1.00000000 -0.00000000 -0.00000000
vn 1.00000000 -0.00000000 -0.00000000
vn 1.00000000 -0.00000000 -0.00000000
vn 1.00000000 -0.00000000 -0.00000000
vn 1.00000000 -0.00000000 -0.00000000
vn -0.00000000 0.86600000 0.50000000
vn -0.00000000 0.86600000 0.50000000
vn -0.00000000 -0.86600000 -0.50000000
vn -0.00000000 -0.86600000 -0.50000000
vn -0.00000000 0.86600000 0.50000000
vn -0.00000000 0.86600000 0.50000000
vn -0.00000000 0.74310000 0.66910000
vn -0.00000000 0.58770000 0.80900000
vn -0.00000000 0.40670000 0.91360000
vn -0.00000000 0.20790000 0.97810000
vn -0.00000000 -0.00000000 1.00000000
vn -0.00000000 -0.20790000 0.97810000
vn -0.00000000 -0.40670000 0.91350000
vn -0.00000000 -0.58780000 0.80900000
vn -0.00000000 -0.74310000 0.66910000
vn -0.00000000 -0.86600000 0.50000000
vn -0.00000000 -0.95110000 0.30900000
vn -0.00000000 -0.99450000 0.10450000
vn -0.00000000 -0.99450000 -0.10460000
vn -0.00000000 -0.95110000 -0.30900000
vn -0.00000000 -0.74310000 -0.66910000
vn -0.00000000 -0.58780000 -0.80900000
vn -0.00000000 -0.40670000 -0.91360000
vn -0.00000000 -0.20790000 -0.97810000
vn -0.00000000 -0.00000000 -1.00000000
vn -0.00000000 0.20790000 -0.97810000
vn -0.00000000 0.40670000 -0.91350000
vn -0.00000000 0.58780000 -0.80900000
vn -0.00000000 0.74310000 -0.66910000
vn -0.00000000 0.86600000 -0.50000000
vn -0.00000000 0.95110000 -0.30900000
vn -0.00000000 0.99450000 -0.10450000
vn -0.00000000 0.99450000 0.10460000
vn -0.00000000 0.95110000 0.30900000
vn -0.00000000 0.86600000 0.50000000
vn -0.00000000 0.86600000 0.50000000
vn -0.00000000 0.99720000 0.07470000
vn -0.00000000 0.93090000 -0.36530000
vn -0.00000000 0.68020000 -0.73310000
vn -0.00000000 0.29480000 -0.95560000
vn -0.00000000 -0.14900000 -0.98880000
vn -0.00000000 -0.56330000 -0.82620000
vn -0.00000000 -0.99720000 -0.07470000
vn -0.00000000 -0.93090000 0.36530000
vn -0.00000000 -0.68020000 0.73310000
vn -0.00000000 -0.29480000 0.95560000
vn -0.00000000 0.14900000 0.98880000
vn -0.00000000 0.56330000 0.82620000
vn 1.00000000 -0.00000000 -0.00000000
vn 1.00000000 -0.00000000 -0.00000000
vn 1.00000000 -0.00000000 -0.00000000
vn 1.00000000 -0.00000000 -0.00000000
vn 1.00000000 -0.00000000 -0.00000000
vn 1.00000000 -0.00000000 -0.00000000
vn 1.00000000 -0.00000000 -0.00000000
vn 1.00000000 -0.00000000 -0.00000000
vn 1.00000000 -0.00000000 -0.00000000
vn 1.00000000 -0.00000000 -0.00000000
vn 1.00000000 -0.00000000 -0.00000000
vn 1.00000000 -0.00000000 -0.00000000
vn 1.00000000 -0.00000000 -0.00000000
vn 1.00000000 -0.00000000 -0.00000000
vn 1.00000000 -0.00000000 -0.00000000
vn 1.00000000 -0.00000000 -0.00000000
vn 1.00000000 -0.00000000 -0.00000000
vn 1.00000000 -0.00000000 -0.00000000
vn 1.00000000 -0.00000000 -0.00000000
vn 1.00000000 -0.00000000 -0.00000000
vn 1.00000000 -0.00000000 -0.00000000
vn 1.00000000 -0.00000000 -0.00000000
vn 1.00000000 -0.00000000 -0.00000000
vn 1.00000000 -0.00000000 -0.00000000
vn 1.00000000 -0.00000000 -0.00000000
vn 1.00000000 -0.00000000 -0.00000000
vn 1.00000000 -0.00000000 -0.00000000
vn 1.00000000 -0.00000000 -0.00000000
vn 1.00000000 -0.00000000 -0.00000000
vn 1.00000000 -0.00000000 -0.00000000
vn 1.00000000 -0.00000000 -0.00000000
vn 1.00000000 -0.00000000 -0.00000000
vn 1.00000000 -0.00000000 -0.00000000
vn 1.00000000 -0.00000000 -0.00000000
vn 1.00000000 -0.00000000 -0.00000000
vn 1.00000000 -0.00000000 -0.00000000
vn 1.00000000 -0.00000000 -0.00000000
vn 1.00000000 -0.00000000 -0.00000000
vn 1.00000000 -0.00000000 -0.00000000
vn 1.00000000 -0.00000000 -0.00000000
vn 1.00000000 -0.00000000 -0.00000000
vn 1.00000000 -0.00000000 -0.00000000
vn 1.00000000 -0.00000000 -0.00000000
vn 1.00000000 -0.00000000 -0.00000000
vn 1.00000000 -0.00000000 -0.00000000
vn 1.00000000 -0.00000000 -0.00000000
vn 1.00000000 -0.00000000 -0.00000000
vn 1.00000000 -0.00000000 -0.00000000
vn 1.00000000 -0.00000000 -0.00000000
vn 1.00000000 -0.00000000 -0.00000000
vn 1.00000000 -0.00000000 -0.00000000
vn 1.00000000 -0.00000000 -0.00000000
vn 1.00000000 -0.00000000 -0.00000000
vn 1.00000000 -0.00000000 -0.00000000
vn 1.00000000 -0.00000000 -0.00000000
vn 1.00000000 -0.00000000 -0.00000000
vn 1.00000000 -0.00000000 -0.00000000
vn 1.00000000 -0.00000000 -0.00000000
vn 1.00000000 -0.00000000 -0.00000000
vn -0.00000000 0.86600000 0.50000000
vn -0.00000000 0.86600000 0.50000000
vn -0.00000000 -0.86600000 -0.50000000
vn -0.00000000 -0.86600000 -0.50000000
vn -0.00000000 0.86600000 0.50000000
vn -0.00000000 0.86600000 0.50000000
vn -0.00000000 0.74310000 0.66910000
vn -0.00000000 0.58770000 0.80900000
vn -0.00000000 0.40670000 0.91360000
vn -0.00000000 0.20790000 0.97810000
vn -0.00000000 -0.00000000 1.00000000
vn -0.00000000 -0.20790000 0.97810000
vn -0.00000000 -0.40680000 0.91350000
vn -0.00000000 -0.58780000 0.80900000
vn -0.00000000 -0.74310000 0.66910000
vn -0.00000000 -0.86600000 0.50000000
vn -0.00000000 -0.95110000 0.30900000
vn -0.00000000 -0.99450000 0.10450000
vn -0.00000000 -0.99450000 -0.10460000
vn -0.00000000 -0.95110000 -0.30900000
vn -0.00000000 -0.74310000 -0.66910000
vn -0.00000000 -0.58780000 -0.80900000
vn -0.00000000 -0.40670000 -0.91360000
vn -0.00000000 -0.20790000 -0.97810000
vn -0.00000000 -0.00000000 -1.00000000
vn -0.00000000 0.20790000 -0.97810000
vn -0.00000000 0.40670000 -0.91350000
vn -0.00000000 0.58780000 -0.80900000
vn -0.00000000 0.74310000 -0.66910000
vn -0.00000000 0.86600000 -0.50000000
vn -0.00000000 0.95110000 -0.30900000
vn -0.00000000 0.99450000 -0.10450000
vn -0.00000000 0.99450000 0.10460000
vn -0.00000000 0.95110000 0.30900000
vn -0.00000000 0.86600000 0.50000000
vn -0.00000000 0.86600000 0.50000000
vn -0.00000000 0.99720000 0.07470000
vn -0.00000000 0.93090000 -0.36530000
vn -0.00000000 0.68020000 -0.73310000
vn -0.00000000 0.29480000 -0.95560000
vn -0.00000000 -0.14900000 -0.98880000
vn -0.00000000 -0.56330000 -0.82620000
vn -0.00000000 -0.99720000 -0.07470000
vn -0.00000000 -0.93090000 0.36530000
vn -0.00000000 -0.68020000 0.73310000
vn -0.00000000 -0.29480000 0.95560000
vn -0.00000000 0.14900000 0.98880000
vn -0.00000000 0.56330000 0.82620000
vn 1.00000000 -0.00000000 -0.00000000
vn 1.00000000 -0.00000000 -0.00000000
vn 1.00000000 -0.00000000 -0.00000000
vn 1.00000000 -0.00000000 -0.00000000
vn 1.00000000 -0.00000000 -0.00000000
vn 1.00000000 -0.00000000 -0.00000000
vn 1.00000000 -0.00000000 -0.00000000
vn 1.00000000 -0.00000000 -0.00000000
vn 1.00000000 -0.00000000 -0.00000000
vn 1.00000000 -0.00000000 -0.00000000
vn 1.00000000 -0.00000000 -0.00000000
vn 1.00000000 -0.00000000 -0.00000000
vn 1.00000000 -0.00000000 -0.00000000
vn 1.00000000 -0.00000000 -0.00000000
vn 1.00000000 -0.00000000 -0.00000000
vn 1.00000000 -0.00000000 -0.00000000
vn 1.00000000 -0.00000000 -0.00000000
vn 1.00000000 -0.00000000 -0.00000000
vn 1.00000000 -0.00000000 -0.00000000
vn 1.00000000 -0.00000000 -0.00000000
vn 1.00000000 -0.00000000 -0.00000000
vn 1.00000000 -0.00000000 -0.00000000
vn 1.00000000 -0.00000000 -0.00000000
vn 1.00000000 -0.00000000 -0.00000000
vn 1.00000000 -0.00000000 -0.00000000
vn 1.00000000 -0.00000000 -0.00000000
vn 1.00000000 -0.00000000 -0.00000000
vn 1.00000000 -0.00000000 -0.00000000
vn 1.00000000 -0.00000000 -0.00000000
vn 1.00000000 -0.00000000 -0.00000000
vn 1.00000000 -0.00000000 -0.00000000
vn 1.00000000 -0.00000000 -0.00000000
vn 1.00000000 -0.00000000 -0.00000000
vn 1.00000000 -0.00000000 -0.00000000
vn 1.00000000 -0.00000000 -0.00000000
vn 1.00000000 -0.00000000 -0.00000000
vn 1.00000000 -0.00000000 -0.00000000
vn 1.00000000 -0.00000000 -0.00000000
vn 1.00000000 -0.00000000 -0.00000000
vn 1.00000000 -0.00000000 -0.00000000
vn 1.00000000 -0.00000000 -0.00000000
vn 1.00000000 -0.00000000 -0.00000000
vn 1.00000000 -0.00000000 -0.00000000
vn 1.00000000 -0.00000000 -0.00000000
vn 1.00000000 -0.00000000 -0.00000000
vn 1.00000000 -0.00000000 -0.00000000
vn 1.00000000 -0.00000000 -0.00000000
vn 1.00000000 -0.00000000 -0.00000000
vn 1.00000000 -0.00000000 -0.00000000
vn 1.00000000 -0.00000000 -0.00000000
vn 1.00000000 -0.00000000 -0.00000000
vn 1.00000000 -0.00000000 -0.00000000
vn 1.00000000 -0.00000000 -0.00000000
vn 1.00000000 -0.00000000 -0.00000000
vn 1.00000000 -0.00000000 -0.00000000
vn 1.00000000 -0.00000000 -0.00000000
vn 1.00000000 -0.00000000 -0.00000000
vn 1.00000000 -0.00000000 -0.00000000
vn 1.00000000 -0.00000000 -0.00000000
vn -0.00000000 0.86600000 0.50000000
vn -0.00000000 0.86600000 0.50000000
vn -0.00000000 -0.86600000 -0.50000000
vn -0.00000000 -0.86600000 -0.50000000
vn -0.00000000 0.86600000 0.50000000
vn -0.00000000 0.86600000 0.50000000
vn -0.00000000 0.74310000 0.66910000
vn -0.00000000 0.58780000 0.80900000
vn -0.00000000 0.40670000 0.91360000
vn -0.00000000 0.20790000 0.97810000
vn -0.00000000 -0.00000000 1.00000000
vn -0.00000000 -0.20790000 0.97810000
vn -0.00000000 -0.40670000 0.91350000
vn -0.00000000 -0.58780000 0.80900000
vn -0.00000000 -0.74310000 0.66910000
vn -0.00000000 -0.86600000 0.50000000
vn -0.00000000 -0.95110000 0.30900000
vn -0.00000000 -0.99450000 0.10450000
vn -0.00000000 -0.99450000 -0.10460000
vn -0.00000000 -0.95110000 -0.30900000
vn -0.00000000 -0.74310000 -0.66910000
vn -0.00000000 -0.58780000 -0.80900000
vn -0.00000000 -0.40670000 -0.91360000
vn -0.00000000 -0.20790000 -0.97810000
vn -0.00000000 -0.00000000 -1.00000000
vn -0.00000000 0.20790000 -0.97810000
vn -0.00000000 0.40670000 -0.91350000
vn -0.00000000 0.58780000 -0.80900000
vn -0.00000000 0.74310000 -0.66910000
vn -0.00000000 0.86600000 -0.50000000
vn -0.00000000 0.95110000 -0.30900000
vn -0.00000000 0.99450000 -0.10450000
vn -0.00000000 0.99450000 0.10460000
vn -0.00000000 0.95110000 0.30900000
vn -0.00000000 0.86600000 0.50000000
vn -0.00000000 0.86600000 0.50000000
vn -0.00000000 0.99720000 0.07470000
vn -0.00000000 0.93090000 -0.36530000
vn -0.00000000 0.68020000 -0.73310000
vn -0.00000000 0.29480000 -0.95560000
vn -0.00000000 -0.14900000 -0.98880000
vn -0.00000000 -0.56330000 -0.82620000
vn -0.00000000 -0.99720000 -0.07470000
vn -0.00000000 -0.93090000 0.36530000
vn -0.00000000 -0.68020000 0.73310000
vn -0.00000000 -0.29480000 0.95560000
vn -0.00000000 0.14900000 0.98880000
vn -0.00000000 0.56330000 0.82620000
vn 1.00000000 -0.00000000 -0.00000000
vn 1.00000000 -0.00000000 -0.00000000
vn 1.00000000 -0.00000000 -0.00000000
vn 1.00000000 -0.00000000 -0.00000000
vn 1.00000000 -0.00000000 -0.00000000
vn 1.00000000 -0.00000000 -0.00000000
vn 1.00000000 -0.00000000 -0.00000000
vn 1.00000000 -0.00000000 -0.00000000
vn 1.00000000 -0.00000000 -0.00000000
vn 1.00000000 -0.00000000 -0.00000000
vn 1.00000000 -0.00000000 -0.00000000
vn 1.00000000 -0.00000000 -0.00000000
vn 1.00000000 -0.00000000 -0.00000000
vn 1.00000000 -0.00000000 -0.00000000
vn 1.00000000 -0.00000000 -0.00000000
vn 1.00000000 -0.00000000 -0.00000000
vn 1.00000000 -0.00000000 -0.00000000
vn 1.00000000 -0.00000000 -0.00000000
vn 1.00000000 -0.00000000 -0.00000000
vn 1.00000000 -0.00000000 -0.00000000
vn 1.00000000 -0.00000000 -0.00000000
vn 1.00000000 -0.00000000 -0.00000000
vn 1.00000000 -0.00000000 -0.00000000
vn 1.00000000 -0.00000000 -0.00000000
vn 1.00000000 -0.00000000 -0.00000000
vn 1.00000000 -0.00000000 -0.00000000
vn 1.00000000 -0.00000000 -0.00000000
vn 1.00000000 -0.00000000 -0.00000000
vn 1.00000000 -0.00000000 -0.00000000
vn 1.00000000 -0.00000000 -0.00000000
vn 1.00000000 -0.00000000 -0.00000000
vn 1.00000000 -0.00000000 -0.00000000
vn 1.00000000 -0.00000000 -0.00000000
vn 1.00000000 -0.00000000 -0.00000000
vn 1.00000000 -0.00000000 -0.00000000
vn 1.00000000 -0.00000000 -0.00000000
vn 1.00000000 -0.00000000 -0.00000000
vn 1.00000000 -0.00000000 -0.00000000
vn 1.00000000 -0.00000000 -0.00000000
vn 1.00000000 -0.00000000 -0.00000000
vn 1.00000000 -0.00000000 -0.00000000
vn 1.00000000 -0.00000000 -0.00000000
vn 1.00000000 -0.00000000 -0.00000000
vn 1.00000000 -0.00000000 -0.00000000
vn 1.00000000 -0.00000000 -0.00000000
vn 1.00000000 -0.00000000 -0.00000000
vn 1.00000000 -0.00000000 -0.00000000
vn 1.00000000 -0.00000000 -0.00000000
vn 1.00000000 -0.00000000 -0.00000000
vn 1.00000000 -0.00000000 -0.00000000
vn 1.00000000 -0.00000000 -0.00000000
vn 1.00000000 -0.00000000 -0.00000000
vn 1.00000000 -0.00000000 -0.00000000
vn 1.00000000 -0.00000000 -0.00000000
vn 1.00000000 -0.00000000 -0.00000000
vn 1.00000000 -0.00000000 -0.00000000
vn 1.00000000 -0.00000000 -0.00000000
vn 1.00000000 -0.00000000 -0.00000000
vn 1.00000000 -0.00000000 -0.00000000
vn -0.00000000 0.86600000 0.50000000
vn -0.00000000 0.86600000 0.50000000
vn -0.00000000 -0.86600000 -0.50000000
vn -0.00000000 -0.86600000 -0.50000000
vn -0.00000000 0.86600000 0.50000000
vn -0.00000000 0.86600000 0.50000000
vn -0.00000000 0.74310000 0.66910000
vn -0.00000000 0.58780000 0.80900000
vn -0.00000000 0.40670000 0.91360000
vn -0.00000000 0.20790000 0.97810000
vn -0.00000000 -0.00000000 1.00000000
vn -0.00000000 -0.20790000 0.97810000
vn -0.00000000 -0.40670000 0.91350000
vn -0.00000000 -0.58780000 0.80900000
vn -0.00000000 -0.74310000 0.66910000
vn -0.00000000 -0.86600000 0.50000000
vn -0.00000000 -0.95110000 0.30900000
vn -0.00000000 -0.99450000 0.10450000
vn -0.00000000 -0.99450000 -0.10460000
vn -0.00000000 -0.95110000 -0.30900000
vn -0.00000000 -0.74310000 -0.66910000
vn -0.00000000 -0.58770000 -0.80900000
vn -0.00000000 -0.40670000 -0.91360000
vn -0.00000000 -0.20790000 -0.97810000
vn -0.00000000 -0.00000000 -1.00000000
vn -0.00000000 0.20790000 -0.97810000
vn -0.00000000 0.40670000 -0.91350000
vn -0.00000000 0.58780000 -0.80900000
vn -0.00000000 0.74310000 -0.66910000
vn -0.00000000 0.86600000 -0.50000000
vn -0.00000000 0.95110000 -0.30900000
vn -0.00000000 0.99450000 -0.10450000
vn -0.00000000 0.99450000 0.10460000
vn -0.00000000 0.95110000 0.30900000
vn -0.00000000 0.86600000 0.50000000
vn -0.00000000 0.86600000 0.50000000
vn -0.00000000 0.99720000 0.07470000
vn -0.00000000 0.93090000 -0.36530000
vn -0.00000000 0.68020000 -0.73310000
vn -0.00000000 0.29480000 -0.95560000
vn -0.00000000 -0.14900000 -0.98880000
vn -0.00000000 -0.56330000 -0.82620000
vn -0.00000000 -0.99720000 -0.07470000
vn -0.00000000 -0.93090000 0.36530000
vn -0.00000000 -0.68020000 0.73310000
vn -0.00000000 -0.29480000 0.95560000
vn -0.00000000 0.14900000 0.98880000
vn -0.00000000 0.56330000 0.82620000
vn -0.00000000 0.86600000 0.50000000
vn -0.00000000 -0.50000000 0.86600000
vn -0.00000000 -0.86600000 -0.50000000
vn -0.00000000 0.86600000 0.50000000
vn -0.00000000 -0.91180000 -0.41070000
vn -0.00000000 -0.91180000 -0.41070000
vn -0.00000000 -0.91180000 -0.41070000
vn -0.00000000 -0.86600000 -0.50000000
vn -0.00000000 -0.89510000 -0.44590000
vn -0.00000000 -0.91180000 0.41070000
vn -0.00000000 -0.91180000 0.41070000
vn -0.00000000 -0.91180000 0.41070000
vn -0.00000000 0.90260000 0.43050000
vn -0.00000000 0.93360000 0.35840000
vn -0.00000000 0.95880000 0.28400000
vn -0.00000000 0.97820000 0.20790000
vn -0.00000000 0.99150000 0.13050000
vn -0.00000000 0.99860000 0.05230000
vn -0.00000000 0.99970000 -0.02620000
vn -0.00000000 0.99450000 -0.10450000
vn -0.00000000 0.98330000 -0.18220000
vn -0.00010000 0.96590000 -0.25880000
vn -0.00000000 0.94260000 -0.33380000
vn -0.00000000 0.91350000 -0.40670000
vn -0.00000000 0.87880000 -0.47720000
vn -0.00000000 0.83870000 -0.54460000
vn -0.00000000 0.79340000 -0.60880000
vn -0.00010000 0.74320000 -0.66910000
vn -0.00000000 0.68840000 -0.72540000
vn -0.00000000 0.62930000 -0.77710000
vn -0.00000000 0.56640000 -0.82410000
vn -0.00000000 0.50000000 -0.86600000
vn -0.00000000 0.43050000 -0.90260000
vn -0.00000000 0.35840000 -0.93360000
vn -0.00000000 0.28400000 -0.95880000
vn -0.00000000 0.20790000 -0.97820000
vn -0.00000000 0.13050000 -0.99140000
vn -0.00000000 0.05230000 -0.99860000
vn -0.00000000 -0.02620000 -0.99970000
vn -0.00000000 -0.10450000 -0.99450000
vn -0.00000000 -0.18220000 -0.98330000
vn -0.00000000 -0.25880000 -0.96590000
vn -0.00000000 -0.33380000 -0.94260000
vn -0.00000000 -0.40670000 -0.91350000
vn -0.00000000 -0.47720000 -0.87880000
vn -0.00000000 -0.54460000 -0.83870000
vn -0.00000000 -0.60880000 -0.79340000
vn -0.00010000 -0.66910000 -0.74320000
vn -0.00000000 -0.72540000 -0.68840000
vn -0.00000000 -0.77710000 -0.62930000
vn -0.00000000 -0.82410000 -0.56640000
vn -0.00000000 -0.90260000 -0.43050000
vn -0.00000000 -0.93360000 -0.35840000
vn -0.00000000 -0.95880000 -0.28400000
vn -0.00000000 -0.97810000 -0.20790000
vn -0.00000000 -0.99140000 -0.13050000
vn -0.00000000 -0.99860000 -0.05230000
vn -0.00000000 -0.99970000 0.02620000
vn -0.00000000 -0.99450000 0.10450000
vn -0.00000000 -0.98330000 0.18220000
vn -0.00000000 -0.96590000 0.25880000
vn -0.00000000 -0.94260000 0.33380000
vn -0.00000000 -0.91350000 0.40670000
vn -0.00000000 -0.87880000 0.47720000
vn -0.00010000 -0.83870000 0.54460000
vn -0.00000000 -0.79330000 0.60880000
vn -0.00000000 -0.74310000 0.66910000
vn -0.00000000 -0.68840000 0.72540000
vn -0.00010000 -0.62930000 0.77710000
vn -0.00000000 -0.56640000 0.82410000
vn -0.00000000 -0.43050000 0.90260000
vn -0.00000000 -0.35840000 0.93360000
vn -0.00000000 -0.28400000 0.95880000
vn -0.00000000 -0.20790000 0.97810000
vn -0.00010000 -0.13050000 0.99140000
vn -0.00000000 -0.05230000 0.99860000
vn -0.00000000 0.02620000 0.99970000
vn -0.00000000 0.10450000 0.99450000
vn -0.00010000 0.18220000 0.98330000
vn -0.00000000 0.25880000 0.96590000
vn -0.00000000 0.33380000 0.94260000
vn -0.00000000 0.40670000 0.91350000
vn -0.00000000 0.47720000 0.87880000
vn -0.00000000 0.54460000 0.83870000
vn -0.00000000 0.60880000 0.79340000
vn -0.00010000 0.66910000 0.74320000
vn -0.00000000 0.72540000 0.68840000
vn -0.00010000 0.77710000 0.62930000
vn -0.00000000 0.82410000 0.56640000
vn -0.00000000 0.86600000 0.50000000
vn -0.00010000 0.84140000 0.54040000
vn -0.00020000 0.81430000 0.58040000
vn -0.00000000 0.78590000 0.61840000
vn -0.00010000 0.75550000 0.65510000
vn -0.00000000 0.72320000 0.69060000
vn 0.00010000 0.68990000 0.72390000
vn -0.00010000 0.65430000 0.75620000
vn -0.00000000 0.61740000 0.78660000
vn 0.00030000 0.57920000 0.81520000
vn -0.00000000 0.53980000 0.84180000
vn -0.00000000 0.49900000 0.86660000
vn -0.00000000 0.45710000 0.88940000
vn -0.00000000 0.41410000 0.91020000
vn 0.00030000 0.37020000 0.92890000
vn -0.00000000 0.32550000 0.94560000
vn -0.00000000 0.28000000 0.96000000
vn -0.00000000 0.23390000 0.97230000
vn -0.00010000 0.18760000 0.98230000
vn -0.00020000 0.14010000 0.99010000
vn -0.00000000 0.09280000 0.99570000
vn -0.00000000 0.04520000 0.99900000
vn -0.00000000 -0.00260000 1.00000000
vn -0.00000000 -0.05000000 0.99870000
vn -0.00000000 -0.09770000 0.99520000
vn -0.00000000 -0.14510000 0.98940000
vn -0.00000000 -0.19210000 0.98140000
vn 0.00020000 -0.23900000 0.97100000
vn -0.00000000 -0.28480000 0.95860000
vn 0.00020000 -0.32980000 0.94400000
vn -0.00000000 -0.37480000 0.92710000
vn -0.00000000 -0.41860000 0.90820000
vn -0.00010000 -0.46130000 0.88720000
vn -0.00000000 -0.50340000 0.86410000
vn -0.00000000 -0.54370000 0.83930000
vn 0.00010000 -0.58330000 0.81230000
vn -0.00000000 -0.62130000 0.78350000
vn -0.00000000 -0.65800000 0.75300000
vn -0.00000000 -0.69320000 0.72070000
vn -0.00000000 -0.72670000 0.68700000
vn -0.00000000 -0.75870000 0.65150000
vn -0.00000000 -0.78890000 0.61450000
vn 0.00030000 -0.81730000 0.57620000
vn -0.00000000 -0.84390000 0.53660000
vn -0.00000000 -0.86840000 0.49580000
vn -0.00000000 -0.89130000 0.45340000
vn -0.00000000 0.86600000 0.50000000
vn -0.00000000 -0.93980000 -0.34160000
vn -0.00000000 -0.92670000 -0.37590000
vn -0.00000000 -0.93980000 0.34160000
vn -0.00000000 -0.95960000 0.28150000
vn -0.00000000 -0.97550000 0.22010000
vn -0.00000000 -0.98750000 0.15790000
vn -0.00000000 -0.99550000 0.09500000
vn -0.00000000 -0.99950000 0.03170000
vn -0.00000000 -0.99950000 -0.03170000
vn 0.00010000 -0.99550000 -0.09490000
vn -0.00000000 -0.98750000 -0.15780000
vn -0.00000000 -0.97550000 -0.22010000
vn 0.00010000 -0.95960000 -0.28140000
vn -0.00000000 -0.92670000 0.37580000
vn -0.00000000 -0.89750000 -0.44090000
vn -0.00000000 -0.88230000 -0.47070000
vn -0.00000000 -0.86600000 -0.50000000
vn -0.00000000 -0.89510000 -0.44580000
vn -0.00000000 -0.90840000 -0.41810000
vn -0.00000000 -0.90840000 -0.41810000
vn -0.00000000 -0.86600000 -0.50000000
vn -0.00000000 -0.88100000 -0.47320000
vn -0.00000000 -0.88090000 -0.47330000
vn -0.00000000 -0.82910000 -0.55910000
vn -0.00000000 -0.82910000 -0.55910000
vn -0.00000000 -0.84810000 -0.52990000
vn 0.00010000 -0.84810000 -0.52990000
vn -0.00000000 -0.84120000 -0.54070000
vn -0.00000000 -0.81460000 -0.58010000
vn -0.00000000 -0.78610000 -0.61820000
vn -0.00010000 -0.75580000 -0.65480000
vn -0.00000000 -0.72360000 -0.69020000
vn 0.00010000 -0.69040000 -0.72350000
vn -0.00000000 -0.65490000 -0.75570000
vn -0.00000000 -0.61810000 -0.78610000
vn -0.00020000 -0.58010000 -0.81450000
vn -0.00000000 -0.54070000 -0.84120000
vn -0.00000000 -0.50000000 -0.86600000
vn 0.00010000 -0.45810000 -0.88890000
vn -0.00000000 -0.41540000 -0.90960000
vn 0.00030000 -0.37160000 -0.92840000
vn -0.00000000 -0.32710000 -0.94500000
vn -0.00000000 -0.28170000 -0.95950000
vn -0.00000000 -0.23580000 -0.97180000
vn -0.00000000 -0.18930000 -0.98190000
vn -0.00020000 -0.14230000 -0.98980000
vn -0.00000000 -0.09500000 -0.99550000
vn -0.00000000 -0.04760000 -0.99890000
vn -0.00000000 -0.00010000 -1.00000000
vn -0.00000000 0.04760000 -0.99890000
vn -0.00000000 0.09510000 -0.99550000
vn -0.00000000 0.14230000 -0.98980000
vn -0.00000000 0.18930000 -0.98190000
vn 0.00010000 0.23620000 -0.97170000
vn -0.00000000 0.28160000 -0.95950000
vn -0.00000000 0.32710000 -0.94500000
vn -0.00000000 0.37170000 -0.92840000
vn 0.00010000 0.41550000 -0.90960000
vn -0.00010000 0.45810000 -0.88890000
vn -0.00000000 0.50000000 -0.86600000
vn 0.00020000 0.54040000 -0.84140000
vn 0.00010000 0.58000000 -0.81460000
vn -0.00000000 0.61820000 -0.78600000
vn 0.00020000 0.65500000 -0.75560000
vn -0.00000000 0.69020000 -0.72360000
vn 0.00010000 0.72350000 -0.69040000
vn -0.00020000 0.75570000 -0.65490000
vn -0.00000000 0.78600000 -0.61820000
vn 0.00030000 0.81470000 -0.57990000
vn -0.00000000 0.84140000 -0.54040000
vn -0.00000000 0.86610000 -0.49990000
vn -0.00000000 0.88890000 -0.45820000
vn -0.00000000 0.90960000 -0.41540000
vn 0.00030000 0.92840000 -0.37160000
vn -0.00000000 0.94500000 -0.32710000
vn -0.00000000 0.95950000 -0.28170000
vn -0.00000000 0.97180000 -0.23580000
vn -0.00000000 0.98190000 -0.18930000
vn -0.00030000 0.98980000 -0.14230000
vn -0.00000000 0.99550000 -0.09500000
vn -0.00000000 0.99890000 -0.04750000
vn -0.00000000 1.00000000 -0.00010000
vn -0.00000000 0.99890000 0.04760000
vn -0.00000000 0.99550000 0.09500000
vn -0.00000000 0.98980000 0.14230000
vn -0.00020000 0.98190000 0.18930000
vn 0.00010000 0.97170000 0.23620000
vn -0.00000000 0.95950000 0.28160000
vn -0.00010000 0.94500000 0.32720000
vn -0.00000000 0.92840000 0.37170000
vn -0.00000000 0.90960000 0.41540000
vn -0.00000000 0.88880000 0.45830000
vn -0.00000000 0.86600000 0.50000000
vn -0.00000000 0.86600000 0.50000000
vn 1.00000000 -0.00000000 -0.00000000
vn 1.00000000 -0.00000000 -0.00000000
vn 1.00000000 -0.00000000 -0.00000000
vn 1.00000000 -0.00000000 -0.00000000
vn 1.00000000 -0.00000000 -0.00000000
vn 1.00000000 -0.00000000 -0.00000000
vn 1.00000000 -0.00000000 -0.00000000
vn 1.00000000 -0.00000000 -0.00000000
vn 1.00000000 -0.00000000 -0.00000000
vn 1.00000000 -0.00000000 -0.00000000
vn 1.00000000 -0.00000000 -0.00000000
vn 1.00000000 -0.00000000 -0.00000000
vn 1.00000000 -0.00000000 -0.00000000
vn 1.00000000 -0.00000000 -0.00000000
vn 1.00000000 -0.00000000 -0.00000000
vn 1.00000000 -0.00000000 -0.00000000
vn 1.00000000 -0.00000000 -0.00000000
vn 1.00000000 -0.00000000 -0.00000000
vn 1.00000000 -0.00000000 -0.00000000
vn 1.00000000 -0.00000000 -0.00000000
vn 1.00000000 -0.00000000 -0.00000000
vn 1.00000000 -0.00000000 -0.00000000
vn 1.00000000 -0.00000000 -0.00000000
vn 1.00000000 -0.00000000 -0.00000000
vn 1.00000000 -0.00000000 -0.00000000
vn 1.00000000 -0.00000000 -0.00000000
vn 1.00000000 -0.00000000 -0.00000000
vn 1.00000000 -0.00000000 -0.00000000
vn 1.00000000 -0.00000000 -0.00000000
vn 1.00000000 -0.00000000 -0.00000000
vn 1.00000000 -0.00000000 -0.00000000
vn 1.00000000 -0.00000000 -0.00000000
vn 1.00000000 -0.00000000 -0.00000000
vn 1.00000000 -0.00000000 -0.00000000
vn 1.00000000 -0.00000000 -0.00000000
vn 1.00000000 -0.00000000 -0.00000000
vn 1.00000000 -0.00000000 -0.00000000
vn 1.00000000 -0.00000000 -0.00000000
vn 1.00000000 -0.00000000 -0.00000000
vn 1.00000000 -0.00000000 -0.00000000
vn 1.00000000 -0.00000000 -0.00000000
vn 1.00000000 -0.00000000 -0.00000000
vn 1.00000000 -0.00000000 -0.00000000
vn 1.00000000 -0.00000000 -0.00000000
vn 1.00000000 -0.00000000 -0.00000000
vn 1.00000000 -0.00000000 -0.00000000
vn 1.00000000 -0.00000000 -0.00000000
vn 1.00000000 -0.00000000 -0.00000000
vn 1.00000000 -0.00000000 -0.00000000
vn 1.00000000 -0.00000000 -0.00000000
vn 1.00000000 -0.00000000 -0.00000000
vn 1.00000000 -0.00000000 -0.00000000
vn 1.00000000 -0.00000000 -0.00000000
vn 0.70710000 0.61240000 0.35360000
vn 0.70710000 0.61240000 0.35350000
vn 0.70710000 0.35360000 -0.61240000
vn 0.70710000 -0.61230000 -0.35350000
vn 0.70710000 -0.61230000 -0.35350000
vn 0.70710000 -0.35360000 0.61240000
vn 0.70710000 0.61240000 0.35360000
vn 0.70710000 0.61240000 0.35360000
vn 0.70710000 0.58490000 0.39730000
vn 0.70710000 0.55440000 0.43890000
vn 0.70710000 0.52090000 0.47820000
vn 0.70710000 0.48450000 0.51500000
vn 0.70710000 0.44570000 0.54900000
vn 0.70710000 0.40440000 0.58010000
vn 0.70710000 0.36100000 0.60800000
vn 0.70710000 0.31570000 0.63270000
vn 0.70710000 0.26860000 0.65410000
vn 0.70710000 0.22020000 0.67200000
vn 0.70710000 0.17050000 0.68620000
vn 0.70710000 0.11990000 0.69690000
vn 0.70710000 0.06880000 0.70380000
vn 0.70710000 0.01720000 0.70690000
vn 0.70710000 -0.03440000 0.70630000
vn 0.70710000 -0.08590000 0.70190000
vn 0.70710000 -0.13690000 0.69370000
vn 0.70710000 -0.18720000 0.68190000
vn 0.70710000 -0.23640000 0.66640000
vn 0.70710000 -0.28440000 0.64740000
vn 0.70710000 -0.33100000 0.62490000
vn 0.70710000 -0.37570000 0.59910000
vn 0.70710000 -0.41840000 0.57000000
vn 0.70710000 -0.45890000 0.53800000
vn 0.70710000 -0.49700000 0.50300000
vn 0.70710000 -0.53240000 0.46540000
vn 0.70710000 -0.56490000 0.42530000
vn 0.70710000 -0.59440000 0.38290000
vn 0.70710000 -0.62080000 0.33850000
vn 0.70710000 -0.64390000 0.29230000
vn 0.70710000 -0.66350000 0.24460000
vn 0.70710000 -0.67960000 0.19540000
vn 0.70710000 -0.69200000 0.14530000
vn 0.70710000 -0.70080000 0.09440000
vn 0.70710000 -0.70580000 0.04300000
vn 0.70710000 -0.70710000 -0.00860000
vn 0.70710000 -0.70450000 -0.06020000
vn 0.70710000 -0.69830000 -0.11150000
vn 0.70710000 -0.68830000 -0.16210000
vn 0.70710000 -0.67460000 -0.21200000
vn 0.70710000 -0.65730000 -0.26060000
vn 0.70710000 -0.63660000 -0.30790000
vn 0.70710000 -0.58490000 -0.39730000
vn 0.70710000 -0.55440000 -0.43890000
vn 0.70710000 -0.52090000 -0.47820000
vn 0.70710000 -0.48450000 -0.51500000
vn 0.70710000 -0.44570000 -0.54900000
vn 0.70710000 -0.40440000 -0.58010000
vn 0.70710000 -0.36100000 -0.60800000
vn 0.70710000 -0.31570000 -0.63270000
vn 0.70710000 -0.26860000 -0.65410000
vn 0.70710000 -0.22020000 -0.67200000
vn 0.70710000 -0.17050000 -0.68620000
vn 0.70710000 -0.11990000 -0.69690000
vn 0.70710000 -0.06880000 -0.70380000
vn 0.70710000 -0.01720000 -0.70690000
vn 0.70710000 0.03440000 -0.70630000
vn 0.70710000 0.08590000 -0.70190000
vn 0.70710000 0.13690000 -0.69370000
vn 0.70710000 0.18720000 -0.68190000
vn 0.70710000 0.23640000 -0.66640000
vn 0.70710000 0.28440000 -0.64740000
vn 0.70710000 0.33100000 -0.62490000
vn 0.70710000 0.37570000 -0.59910000
vn 0.70710000 0.41840000 -0.57000000
vn 0.70710000 0.45890000 -0.53800000
vn 0.70710000 0.49700000 -0.50300000
vn 0.70710000 0.53240000 -0.46540000
vn 0.70710000 0.56490000 -0.42530000
vn 0.70710000 0.59440000 -0.38290000
vn 0.70710000 0.62080000 -0.33850000
vn 0.70710000 0.64390000 -0.29230000
vn 0.70710000 0.66350000 -0.24460000
vn 0.70710000 0.67960000 -0.19540000
vn 0.70710000 0.69200000 -0.14530000
vn 0.70710000 0.70080000 -0.09440000
vn 0.70710000 0.70580000 -0.04300000
vn 0.70710000 0.70710000 0.00860000
vn 0.70710000 0.70450000 0.06020000
vn 0.70710000 0.69830000 0.11150000
vn 0.70710000 0.68830000 0.16210000
vn 0.70710000 0.67460000 0.21200000
vn 0.70710000 0.65730000 0.26060000
vn 0.70710000 0.63660000 0.30790000
vn 0.70710000 0.63710000 0.30680000
vn 0.70710000 0.65820000 0.25840000
vn 0.70710000 0.67570000 0.20840000
vn 0.70710000 0.68940000 0.15740000
vn 0.70710000 0.69920000 0.10540000
vn 0.70710000 0.70510000 0.05280000
vn 0.70710000 0.70710000 -0.00000000
vn 0.70710000 0.70510000 -0.05280000
vn 0.70710000 0.69920000 -0.10540000
vn 0.70710000 0.68940000 -0.15740000
vn 0.70710000 0.67570000 -0.20840000
vn 0.70710000 0.65820000 -0.25830000
vn 0.70710000 0.63710000 -0.30680000
vn 0.70710000 0.61240000 -0.35360000
vn 0.70710000 0.58420000 -0.39830000
vn 0.70710000 0.55280000 -0.44090000
vn 0.70710000 0.51830000 -0.48100000
vn 0.70710000 0.48100000 -0.51830000
vn 0.70710000 0.44080000 -0.55290000
vn 0.70710000 0.39830000 -0.58420000
vn 0.70710000 0.30680000 -0.63710000
vn 0.70710000 0.25830000 -0.65820000
vn 0.70710000 0.20840000 -0.67570000
vn 0.70710000 0.15730000 -0.68940000
vn 0.70710000 0.10540000 -0.69920000
vn 0.70710000 0.05290000 -0.70510000
vn 0.70710000 -0.00000000 -0.70710000
vn 0.70710000 -0.05280000 -0.70510000
vn 0.70710000 -0.10540000 -0.69920000
vn 0.70710000 -0.15730000 -0.68940000
vn 0.70710000 -0.20840000 -0.67570000
vn 0.70710000 -0.25830000 -0.65820000
vn 0.70710000 -0.30680000 -0.63710000
vn 0.70710000 -0.35350000 -0.61240000
vn 0.70710000 -0.39830000 -0.58420000
vn 0.70710000 -0.44080000 -0.55290000
vn 0.70710000 -0.48090000 -0.51840000
vn 0.70710000 -0.51830000 -0.48100000
vn 0.70710000 -0.55290000 -0.44080000
vn 0.70710000 -0.58420000 -0.39830000
vn 0.70710000 -0.63710000 -0.30680000
vn 0.70710000 -0.65820000 -0.25840000
vn 0.70710000 -0.67570000 -0.20840000
vn 0.70710000 -0.68940000 -0.15740000
vn 0.70710000 -0.69920000 -0.10540000
vn 0.70710000 -0.70510000 -0.05280000
vn 0.70710000 -0.70710000 -0.00000000
vn 0.70710000 -0.70510000 0.05280000
vn 0.70710000 -0.69920000 0.10540000
vn 0.70710000 -0.68940000 0.15740000
vn 0.70710000 -0.67570000 0.20840000
vn 0.70710000 -0.65820000 0.25830000
vn 0.70710000 -0.63710000 0.30680000
vn 0.70710000 -0.61240000 0.35360000
vn 0.70710000 -0.58420000 0.39830000
vn 0.70710000 -0.55280000 0.44090000
vn 0.70710000 -0.51830000 0.48100000
vn 0.70710000 -0.48100000 0.51830000
vn 0.70710000 -0.44080000 0.55290000
vn 0.70710000 -0.39830000 0.58420000
vn 0.70710000 -0.30680000 0.63710000
vn 0.70710000 -0.25830000 0.65820000
vn 0.70710000 -0.20840000 0.67570000
vn 0.70710000 -0.15730000 0.68940000
vn 0.70710000 -0.10540000 0.69920000
vn 0.70710000 -0.05290000 0.70510000
vn 0.70710000 -0.00000000 0.70710000
vn 0.70710000 0.05280000 0.70510000
vn 0.70710000 0.10540000 0.69920000
vn 0.70710000 0.15730000 0.68940000
vn 0.70710000 0.20840000 0.67570000
vn 0.70710000 0.25830000 0.65820000
vn 0.70710000 0.30680000 0.63710000
vn 0.70710000 0.35350000 0.61240000
vn 0.70710000 0.39830000 0.58420000
vn 0.70710000 0.44080000 0.55290000
vn 0.70710000 0.48090000 0.51840000
vn 0.70710000 0.51830000 0.48100000
vn 0.70710000 0.55290000 0.44080000
vn 0.70710000 0.58420000 0.39830000
vn 0.70710000 0.61240000 0.35360000
vn 0.70710000 0.61240000 0.35360000
vn 0.70710000 0.61240000 0.35360000
vn 0.70710000 0.61240000 0.35360000
vn 0.70710000 0.61240000 0.35350000
vn 0.70710000 0.61240000 0.35350000
vn 0.70710000 0.58270000 0.40050000
vn 0.70710000 0.54960000 0.44500000
vn 0.70710000 0.51290000 0.48680000
vn 0.70710000 0.47310000 0.52550000
vn 0.70710000 0.43050000 0.56100000
vn 0.70710000 0.38510000 0.59300000
vn 0.70710000 0.33740000 0.62140000
vn 0.70710000 0.28760000 0.64600000
vn 0.70710000 0.23600000 0.66650000
vn 0.70710000 0.18300000 0.68300000
vn 0.70710000 0.12890000 0.69530000
vn 0.70710000 0.07390000 0.70320000
vn 0.70710000 0.01850000 0.70690000
vn 0.70710000 -0.03700000 0.70610000
vn 0.70710000 -0.09230000 0.70110000
vn 0.70710000 -0.14700000 0.69170000
vn 0.70710000 -0.20080000 0.67800000
vn 0.70710000 -0.25340000 0.66020000
vn 0.70710000 -0.30440000 0.63820000
vn 0.70710000 -0.35360000 0.61240000
vn 0.70710000 -0.40050000 0.58280000
vn 0.70710000 -0.44500000 0.54950000
vn 0.70710000 -0.48670000 0.51290000
vn 0.70710000 -0.52550000 0.47310000
vn 0.70710000 -0.56100000 0.43050000
vn 0.70710000 -0.59300000 0.38510000
vn 0.70710000 -0.62140000 0.33740000
vn 0.70710000 -0.64600000 0.28760000
vn 0.70710000 -0.66660000 0.23600000
vn 0.70710000 -0.68300000 0.18300000
vn 0.70710000 -0.69530000 0.12890000
vn 0.70710000 -0.70320000 0.07390000
vn 0.70710000 -0.70690000 0.01850000
vn 0.70710000 -0.70610000 -0.03700000
vn 0.70710000 -0.70110000 -0.09230000
vn 0.70710000 -0.69170000 -0.14700000
vn 0.70710000 -0.67800000 -0.20080000
vn 0.70710000 -0.66020000 -0.25340000
vn 0.70710000 -0.63820000 -0.30440000
vn 0.70710000 -0.61240000 -0.35350000
vn 0.70710000 -0.58270000 -0.40050000
vn 0.70710000 -0.54950000 -0.44500000
vn 0.70710000 -0.51290000 -0.48670000
vn 0.70710000 -0.47320000 -0.52550000
vn 0.70710000 -0.43050000 -0.56100000
vn 0.70710000 -0.38510000 -0.59300000
vn 0.70710000 -0.33740000 -0.62140000
vn 0.70710000 -0.28760000 -0.64600000
vn 0.70710000 -0.23600000 -0.66660000
vn 0.70710000 -0.18300000 -0.68300000
vn 0.70710000 -0.12880000 -0.69530000
vn 0.70710000 -0.07390000 -0.70320000
vn 0.70710000 -0.01850000 -0.70690000
vn 0.70710000 0.03700000 -0.70610000
vn 0.70710000 0.09230000 -0.70110000
vn 0.70710000 0.14700000 -0.69170000
vn 0.70710000 0.20080000 -0.67800000
vn 0.70710000 0.25340000 -0.66010000
vn 0.70710000 0.30440000 -0.63820000
vn 0.70710000 0.35360000 -0.61240000
vn 0.70710000 0.40050000 -0.58270000
vn 0.70710000 0.44500000 -0.54950000
vn 0.70710000 0.48670000 -0.51290000
vn 0.70710000 0.52550000 -0.47310000
vn 0.70710000 0.56100000 -0.43050000
vn 0.70710000 0.59300000 -0.38510000
vn 0.70710000 0.62140000 -0.33740000
vn 0.70710000 0.64600000 -0.28760000
vn 0.70710000 0.66660000 -0.23600000
vn 0.70710000 0.68300000 -0.18300000
vn 0.70710000 0.69530000 -0.12890000
vn 0.70710000 0.70320000 -0.07390000
vn 0.70710000 0.70690000 -0.01850000
vn 0.70710000 0.70610000 0.03700000
vn 0.70710000 0.70110000 0.09230000
vn 0.70710000 0.69170000 0.14700000
vn 0.70710000 0.67800000 0.20080000
vn 0.70710000 0.66010000 0.25340000
vn 0.70710000 0.63820000 0.30440000
vn 0.70710000 0.63760000 0.30560000
vn 0.70710000 0.65920000 0.25590000
vn 0.70710000 0.67680000 0.20470000
vn 0.70710000 0.69050000 0.15230000
vn 0.70710000 0.70010000 0.09900000
vn 0.70710000 0.70570000 0.04510000
vn 0.70710000 0.70710000 -0.00900000
vn 0.70710000 0.70430000 -0.06310000
vn 0.70710000 0.69740000 -0.11680000
vn 0.70710000 0.68640000 -0.16990000
vn 0.70710000 0.67140000 -0.22190000
vn 0.70710000 0.65240000 -0.27270000
vn 0.70710000 0.62960000 -0.32180000
vn 0.70710000 0.60310000 -0.36910000
vn 0.70710000 0.57310000 -0.41420000
vn 0.70710000 0.53970000 -0.45680000
vn 0.70710000 0.50320000 -0.49680000
vn 0.70710000 0.46370000 -0.53390000
vn 0.70710000 0.42150000 -0.56780000
vn 0.70710000 0.37670000 -0.59840000
vn 0.70710000 0.32980000 -0.62550000
vn 0.70710000 0.28100000 -0.64890000
vn 0.70710000 0.23050000 -0.66850000
vn 0.70710000 0.17860000 -0.68420000
vn 0.70710000 0.12580000 -0.69580000
vn 0.70710000 0.07210000 -0.70340000
vn 0.70710000 0.01810000 -0.70690000
vn 0.70710000 -0.03610000 -0.70620000
vn 0.70710000 -0.09000000 -0.70130000
vn 0.70710000 -0.14350000 -0.69240000
vn 0.70710000 -0.19610000 -0.67940000
vn 0.70710000 -0.24750000 -0.66240000
vn 0.70710000 -0.29750000 -0.64150000
vn 0.70710000 -0.34570000 -0.61680000
vn 0.70710000 -0.39190000 -0.58860000
vn 0.70710000 -0.43580000 -0.55680000
vn 0.70710000 -0.47720000 -0.52180000
vn 0.70710000 -0.51570000 -0.48380000
vn 0.70710000 -0.55120000 -0.44290000
vn 0.70710000 -0.58350000 -0.39940000
vn 0.70710000 -0.61240000 -0.35350000
vn 0.70710000 -0.63760000 -0.30560000
vn 0.70710000 -0.65920000 -0.25590000
vn 0.70710000 -0.67680000 -0.20470000
vn 0.70710000 -0.69050000 -0.15230000
vn 0.70710000 -0.70010000 -0.09900000
vn 0.70710000 -0.70560000 -0.04510000
vn 0.70710000 -0.70710000 0.00900000
vn 0.70710000 -0.70430000 0.06310000
vn 0.70710000 -0.69740000 0.11690000
vn 0.70710000 -0.68640000 0.16990000
vn 0.70710000 -0.67140000 0.22190000
vn 0.70710000 -0.65240000 0.27270000
vn 0.70710000 -0.62960000 0.32180000
vn 0.70710000 -0.60310000 0.36910000
vn 0.70710000 -0.57310000 0.41420000
vn 0.70710000 -0.53970000 0.45680000
vn 0.70710000 -0.50320000 0.49680000
vn 0.70710000 -0.46370000 0.53380000
vn 0.70710000 -0.42150000 0.56780000
vn 0.70710000 -0.37680000 0.59840000
vn 0.70710000 -0.32980000 0.62550000
vn 0.70710000 -0.28100000 0.64890000
vn 0.70710000 -0.23050000 0.66850000
vn 0.70710000 -0.17860000 0.68420000
vn 0.70710000 -0.12580000 0.69580000
vn 0.70710000 -0.07210000 0.70340000
vn 0.70710000 -0.01810000 0.70690000
vn 0.70710000 0.03610000 0.70620000
vn 0.70710000 0.09010000 0.70140000
vn 0.70710000 0.14350000 0.69240000
vn 0.70710000 0.19600000 0.67940000
vn 0.70710000 0.24750000 0.66240000
vn 0.70710000 0.29750000 0.64150000
vn 0.70710000 0.34570000 0.61680000
vn 0.70710000 0.39190000 0.58860000
vn 0.70710000 0.43580000 0.55690000
vn 0.70710000 0.47720000 0.52190000
vn 0.70710000 0.51570000 0.48380000
vn 0.70710000 0.55120000 0.44290000
vn 0.70710000 0.58350000 0.39940000
vn 0.70710000 0.52250000 0.47650000
vn 0.70710000 0.46990000 0.52840000
vn 0.70710000 0.41220000 0.57450000
vn 0.70710000 0.28650000 0.64650000
vn 0.70710000 0.35070000 0.61400000
vn 0.70710000 0.21940000 0.67220000
vn 0.70710000 0.15000000 0.69100000
vn 0.70710000 0.00730000 0.70710000
vn 0.70710000 0.07910000 0.70270000
vn 0.70710000 -0.06450000 0.70420000
vn 0.70710000 -0.13570000 0.69400000
vn 0.70710000 -0.20540000 0.67660000
vn 0.70710000 -0.27660000 0.65080000
vn 0.70710000 -0.34540000 0.61700000
vn 0.70710000 -0.40390000 0.58040000
vn 0.70710000 -0.46260000 0.53480000
vn 0.70710000 -0.51590000 0.48360000
vn 0.70710000 -0.60490000 0.36620000
vn 0.70710000 -0.56360000 0.42710000
vn 0.70710000 -0.63900000 0.30290000
vn 0.70710000 -0.68700000 0.16750000
vn 0.70710000 -0.66640000 0.23640000
vn 0.70710000 -0.70670000 0.02530000
vn 0.70710000 -0.70040000 0.09690000
vn 0.70710000 -0.70560000 -0.04660000
vn 0.70710000 -0.69720000 -0.11800000
vn 0.70710000 -0.68160000 -0.18810000
vn 0.70710000 -0.62730000 -0.32630000
vn 0.70710000 -0.65900000 -0.25640000
vn 0.70710000 -0.59150000 -0.38740000
vn 0.70710000 -0.54670000 -0.44850000
vn 0.70710000 -0.49690000 -0.50310000
vn 0.70710000 -0.44160000 -0.55220000
vn 0.70710000 -0.31900000 -0.63110000
vn 0.70710000 -0.38160000 -0.59530000
vn 0.70710000 -0.25330000 -0.66020000
vn 0.70710000 -0.18490000 -0.68250000
vn 0.70710000 -0.11470000 -0.69780000
vn 0.70710000 0.02860000 -0.70660000
vn 0.70710000 -0.04330000 -0.70580000
vn 0.70710000 0.17080000 -0.68620000
vn 0.70710000 0.10020000 -0.70000000
vn 0.70710000 0.23950000 -0.66530000
vn 0.70710000 0.31000000 -0.63550000
vn 0.70710000 0.37060000 -0.60220000
vn 0.70710000 0.43410000 -0.55820000
vn 0.70710000 0.54050000 -0.45590000
vn 0.70710000 0.49000000 -0.50990000
vn 0.70710000 0.62270000 -0.33500000
vn 0.70710000 0.58510000 -0.39700000
vn 0.70710000 0.65350000 -0.27000000
vn 0.70710000 0.69460000 -0.13240000
vn 0.70710000 0.67760000 -0.20220000
vn 0.70710000 0.70450000 -0.06120000
vn 0.70710000 0.70700000 0.01060000
vn 0.70710000 0.70230000 0.08240000
vn 0.70710000 0.67120000 0.22260000
vn 0.70710000 0.69030000 0.15330000
vn 0.70710000 0.64340000 0.29340000
vn -1.00000000 -0.00000000 -0.00000000
vn -1.00000000 -0.00000000 -0.00000000
vn -1.00000000 -0.00000000 -0.00000000
vn -1.00000000 -0.00000000 -0.00000000
vn -1.00000000 -0.00000000 -0.00000000
vn -1.00000000 -0.00000000 -0.00000000
vn -1.00000000 -0.00000000 -0.00000000
vn -1.00000000 -0.00000000 -0.00000000
vn -1.00000000 -0.00000000 -0.00000000
vn -1.00000000 -0.00000000 -0.00000000
vn -1.00000000 -0.00000000 -0.00000000
vn -1.00000000 -0.00000000 -0.00000000
vn -1.00000000 -0.00000000 -0.00000000
vn -1.00000000 -0.00000000 -0.00000000
vn -1.00000000 -0.00000000 -0.00000000
vn -1.00000000 -0.00000000 -0.00000000
vn -1.00000000 -0.00000000 -0.00000000
vn -1.00000000 -0.00000000 -0.00000000
vn -1.00000000 -0.00000000 -0.00000000
vn -1.00000000 -0.00000000 -0.00000000
vn -1.00000000 -0.00000000 -0.00000000
vn -1.00000000 -0.00000000 -0.00000000
vn -1.00000000 -0.00000000 -0.00000000
vn -1.00000000 -0.00000000 -0.00000000
vn -1.00000000 -0.00000000 -0.00000000
vn -1.00000000 -0.00000000 -0.00000000
vn -1.00000000 -0.00000000 -0.00000000
vn -1.00000000 -0.00000000 -0.00000000
vn -1.00000000 -0.00000000 -0.00000000
vn -1.00000000 -0.00000000 -0.00000000
vn -1.00000000 -0.00000000 -0.00000000
vn -1.00000000 -0.00000000 -0.00000000
vn -1.00000000 -0.00000000 -0.00000000
vn -1.00000000 -0.00000000 -0.00000000
vn -1.00000000 -0.00000000 -0.00000000
vn -1.00000000 -0.00000000 -0.00000000
vn -1.00000000 -0.00000000 -0.00000000
vn -1.00000000 -0.00000000 -0.00000000
vn -1.00000000 -0.00000000 -0.00000000
vn -1.00000000 -0.00000000 -0.00000000
vn -1.00000000 -0.00000000 -0.00000000
vn -1.00000000 -0.00000000 -0.00000000
vn -1.00000000 -0.00000000 -0.00000000
vn -1.00000000 -0.00000000 -0.00000000
vn -1.00000000 -0.00000000 -0.00000000
vn -1.00000000 -0.00000000 -0.00000000
vn -1.00000000 -0.00000000 -0.00000000
vn -1.00000000 -0.00000000 -0.00000000
vn -1.00000000 -0.00000000 -0.00000000
vn -1.00000000 -0.00000000 -0.00000000
vn -1.00000000 -0.00000000 -0.00000000
vn -1.00000000 -0.00000000 -0.00000000
vn -1.00000000 -0.00000000 -0.00000000
vn -1.00000000 -0.00000000 -0.00000000
vn -1.00000000 -0.00000000 -0.00000000
vn -1.00000000 -0.00000000 -0.00000000
vn -1.00000000 -0.00000000 -0.00000000
vn -1.00000000 -0.00000000 -0.00000000
vn -1.00000000 -0.00000000 -0.00000000
vn -1.00000000 -0.00000000 -0.00000000
vn -1.00000000 -0.00000000 -0.00000000
vn -1.00000000 -0.00000000 -0.00000000
vn -1.00000000 -0.00000000 -0.00000000
vn -1.00000000 -0.00000000 -0.00000000
vn -1.00000000 -0.00000000 -0.00000000
vn -1.00000000 -0.00000000 -0.00000000
vn -1.00000000 -0.00000000 -0.00000000
vn -1.00000000 -0.00000000 -0.00000000
vn -1.00000000 -0.00000000 -0.00000000
vn -1.00000000 -0.00000000 -0.00000000
vn -1.00000000 -0.00000000 -0.00000000
vn -1.00000000 -0.00000000 -0.00000000
vn -1.00000000 -0.00000000 -0.00000000
vn -1.00000000 -0.00000000 -0.00000000
vn -1.00000000 -0.00000000 -0.00000000
vn -1.00000000 -0.00000000 -0.00000000
vn -1.00000000 -0.00000000 -0.00000000
vn -1.00000000 -0.00000000 -0.00000000
vn -1.00000000 -0.00000000 -0.00000000
vn -1.00000000 -0.00000000 -0.00000000
vn -1.00000000 -0.00000000 -0.00000000
vn -1.00000000 -0.00000000 -0.00000000
vn -1.00000000 -0.00000000 -0.00000000
vn -1.00000000 -0.00000000 -0.00000000
vn -1.00000000 -0.00000000 -0.00000000
vn -1.00000000 -0.00000000 -0.00000000
vn -1.00000000 -0.00000000 -0.00000000
vn -1.00000000 -0.00000000 -0.00000000
vn -1.00000000 -0.00000000 -0.00000000
vn -1.00000000 -0.00000000 -0.00000000
vn -1.00000000 -0.00000000 -0.00000000
vn -1.00000000 -0.00000000 -0.00000000
vn -1.00000000 -0.00000000 -0.00000000
vn -1.00000000 -0.00000000 -0.00000000
vn -1.00000000 -0.00000000 -0.00000000
vn -1.00000000 -0.00000000 -0.00000000
vn -1.00000000 -0.00000000 -0.00000000
vn -1.00000000 -0.00000000 -0.00000000
vn -1.00000000 -0.00000000 -0.00000000
vn -1.00000000 -0.00000000 -0.00000000
vn -1.00000000 -0.00000000 -0.00000000
vn -1.00000000 -0.00000000 -0.00000000
vn -1.00000000 -0.00000000 -0.00000000
vn -1.00000000 -0.00000000 -0.00000000
vn -1.00000000 -0.00000000 -0.00000000
vn -1.00000000 -0.00000000 -0.00000000
vn -1.00000000 -0.00000000 -0.00000000
vn -1.00000000 -0.00000000 -0.00000000
vn -1.00000000 -0.00000000 -0.00000000
vn -1.00000000 -0.00000000 -0.00000000
vn -1.00000000 -0.00000000 -0.00000000
vn -1.00000000 -0.00000000 -0.00000000
vn -1.00000000 -0.00000000 -0.00000000
vn -1.00000000 -0.00000000 -0.00000000
vn -1.00000000 -0.00000000 -0.00000000
vn -1.00000000 -0.00000000 -0.00000000
vn -1.00000000 -0.00000000 -0.00000000
vn -1.00000000 -0.00000000 -0.00000000
vn -1.00000000 -0.00000000 -0.00000000
vn -1.00000000 -0.00000000 -0.00000000
vn -1.00000000 -0.00000000 -0.00000000
vn -1.00000000 -0.00000000 -0.00000000
vn -1.00000000 -0.00000000 -0.00000000
vn -1.00000000 -0.00000000 -0.00000000
vn -1.00000000 -0.00000000 -0.00000000
vn -1.00000000 -0.00000000 -0.00000000
vn -1.00000000 -0.00000000 -0.00000000
vn -1.00000000 -0.00000000 -0.00000000
vn -1.00000000 -0.00000000 -0.00000000
vn -1.00000000 -0.00000000 -0.00000000
vn -1.00000000 -0.00000000 -0.00000000
vn -1.00000000 -0.00000000 -0.00000000
vn -1.00000000 -0.00000000 -0.00000000
vn -1.00000000 -0.00000000 -0.00000000
vn -1.00000000 -0.00000000 -0.00000000
vn -1.00000000 -0.00000000 -0.00000000
vn -1.00000000 -0.00000000 -0.00000000
vn -1.00000000 -0.00000000 -0.00000000
vn -1.00000000 -0.00000000 -0.00000000
vn -1.00000000 -0.00000000 -0.00000000
vn -1.00000000 -0.00000000 -0.00000000
vn -1.00000000 -0.00000000 -0.00000000
vn -1.00000000 -0.00000000 -0.00000000
vn -1.00000000 -0.00000000 -0.00000000
vn -1.00000000 -0.00000000 -0.00000000
vn -1.00000000 -0.00000000 -0.00000000
vn -1.00000000 -0.00000000 -0.00000000
vn -1.00000000 -0.00000000 -0.00000000
vn -1.00000000 -0.00000000 -0.00000000
vn -1.00000000 -0.00000000 -0.00000000
vn -1.00000000 -0.00000000 -0.00000000
vn -1.00000000 -0.00000000 -0.00000000
vn -1.00000000 -0.00000000 -0.00000000
vn -1.00000000 -0.00000000 -0.00000000
vn -1.00000000 -0.00000000 -0.00000000
vn -1.00000000 -0.00000000 -0.00000000
vn -1.00000000 -0.00000000 -0.00000000
vn -1.00000000 -0.00000000 -0.00000000
vn -1.00000000 -0.00000000 -0.00000000
vn -1.00000000 -0.00000000 -0.00000000
vn -1.00000000 -0.00000000 -0.00000000
vn -1.00000000 -0.00000000 -0.00000000
vn -1.00000000 -0.00000000 -0.00000000
vn -1.00000000 -0.00000000 -0.00000000
vn -1.00000000 -0.00000000 -0.00000000
vn -1.00000000 -0.00000000 -0.00000000
vn -1.00000000 -0.00000000 -0.00000000
vn -0.00000000 -0.86600000 -0.50000000
vn -0.00000000 -0.86600000 -0.50000000
vn -0.00000000 0.86600000 0.50000000
vn -0.00000000 0.86600000 0.50000000
vn -0.00000000 -0.50000000 0.86600000
vn -0.00000000 -0.86600000 -0.50000000
vn -0.00000000 -0.86600000 -0.50000000
vn -0.00000000 -0.83960000 -0.54320000
vn -0.00000000 -0.81100000 -0.58500000
vn -0.00000000 -0.78030000 -0.62540000
vn -0.00000000 -0.74770000 -0.66410000
vn -0.00000000 -0.71310000 -0.70110000
vn -0.00000000 -0.67660000 -0.73630000
vn -0.00000000 -0.63850000 -0.76960000
vn -0.00000000 -0.59870000 -0.80100000
vn -0.00000000 -0.55730000 -0.83030000
vn -0.00000000 -0.51450000 -0.85750000
vn -0.00000000 -0.47050000 -0.88240000
vn -0.00000000 -0.42510000 -0.90510000
vn -0.00000000 -0.37880000 -0.92550000
vn -0.00000000 -0.33140000 -0.94350000
vn -0.00000000 -0.28320000 -0.95910000
vn -0.00000000 -0.23430000 -0.97220000
vn -0.00000000 -0.18470000 -0.98280000
vn -0.00000000 -0.13470000 -0.99090000
vn -0.00000000 -0.08430000 -0.99640000
vn -0.00000000 -0.03380000 -0.99940000
vn -0.00000000 0.01690000 -0.99990000
vn -0.00000000 0.06750000 -0.99770000
vn -0.00000000 0.11800000 -0.99300000
vn -0.00000000 0.16810000 -0.98580000
vn -0.00000000 0.21780000 -0.97600000
vn -0.00000000 0.26700000 -0.96370000
vn -0.00000000 0.31540000 -0.94890000
vn -0.00000000 0.36310000 -0.93180000
vn -0.00000000 0.40980000 -0.91220000
vn -0.00000000 0.45550000 -0.89020000
vn -0.00000000 0.50000000 -0.86600000
vn -0.00000000 0.54320000 -0.83960000
vn -0.00000000 0.58510000 -0.81100000
vn -0.00000000 0.62540000 -0.78030000
vn -0.00000000 0.66410000 -0.74770000
vn -0.00000000 0.70110000 -0.71310000
vn -0.00000000 0.73630000 -0.67660000
vn -0.00000000 0.76970000 -0.63850000
vn -0.00000000 0.80100000 -0.59870000
vn -0.00000000 0.83030000 -0.55730000
vn -0.00000000 0.85750000 -0.51460000
vn -0.00000000 0.88240000 -0.47050000
vn -0.00000000 0.90510000 -0.42520000
vn -0.00000000 0.92550000 -0.37880000
vn -0.00000000 0.94350000 -0.33140000
vn -0.00000000 0.95910000 -0.28320000
vn -0.00000000 0.97220000 -0.23430000
vn -0.00000000 0.98280000 -0.18470000
vn -0.00000000 0.99090000 -0.13470000
vn -0.00000000 0.99640000 -0.08430000
vn -0.00000000 0.99940000 -0.03380000
vn -0.00000000 0.99990000 0.01690000
vn -0.00000000 0.99770000 0.06750000
vn -0.00000000 0.99300000 0.11800000
vn -0.00000000 0.98580000 0.16810000
vn -0.00000000 0.97600000 0.21780000
vn -0.00000000 0.96370000 0.26700000
vn -0.00000000 0.94890000 0.31550000
vn -0.00000000 0.93180000 0.36310000
vn -0.00000000 0.91220000 0.40980000
vn -0.00000000 0.89020000 0.45550000
vn -0.00000000 0.83960000 0.54320000
vn -0.00000000 0.81100000 0.58500000
vn -0.00000000 0.78030000 0.62540000
vn -0.00000000 0.74770000 0.66410000
vn -0.00000000 0.71310000 0.70110000
vn -0.00000000 0.67660000 0.73630000
vn -0.00000000 0.63850000 0.76960000
vn -0.00000000 0.59870000 0.80100000
vn -0.00000000 0.55730000 0.83030000
vn -0.00000000 0.51450000 0.85750000
vn -0.00000000 0.47050000 0.88240000
vn -0.00000000 0.42510000 0.90510000
vn -0.00000000 0.37880000 0.92550000
vn -0.00000000 0.33140000 0.94350000
vn -0.00000000 0.28320000 0.95910000
vn -0.00000000 0.23430000 0.97220000
vn -0.00000000 0.18470000 0.98280000
vn -0.00000000 0.13470000 0.99090000
vn -0.00000000 0.08430000 0.99640000
vn -0.00000000 0.03380000 0.99940000
vn -0.00000000 -0.01690000 0.99990000
vn -0.00000000 -0.06750000 0.99770000
vn -0.00000000 -0.11800000 0.99300000
vn -0.00000000 -0.16810000 0.98580000
vn -0.00000000 -0.21780000 0.97600000
vn -0.00000000 -0.26700000 0.96370000
vn -0.00000000 -0.31540000 0.94890000
vn -0.00000000 -0.36310000 0.93180000
vn -0.00000000 -0.40980000 0.91220000
vn -0.00000000 -0.45550000 0.89020000
vn -0.00000000 -0.54320000 0.83960000
vn -0.00000000 -0.58510000 0.81100000
vn -0.00000000 -0.62540000 0.78030000
vn -0.00000000 -0.66410000 0.74770000
vn -0.00000000 -0.70110000 0.71310000
vn -0.00000000 -0.73630000 0.67660000
vn -0.00000000 -0.76970000 0.63850000
vn -0.00000000 -0.80100000 0.59870000
vn -0.00000000 -0.83030000 0.55730000
vn -0.00000000 -0.85750000 0.51460000
vn -0.00000000 -0.88240000 0.47050000
vn -0.00000000 -0.90510000 0.42520000
vn -0.00000000 -0.92550000 0.37880000
vn -0.00000000 -0.94350000 0.33140000
vn -0.00000000 -0.95910000 0.28320000
vn -0.00000000 -0.97220000 0.23430000
vn -0.00000000 -0.98280000 0.18470000
vn -0.00000000 -0.99090000 0.13470000
vn -0.00000000 -0.99640000 0.08430000
vn -0.00000000 -0.99940000 0.03380000
vn -0.00000000 -0.99990000 -0.01690000
vn -0.00000000 -0.99770000 -0.06750000
vn -0.00000000 -0.99300000 -0.11800000
vn -0.00000000 -0.98580000 -0.16810000
vn -0.00000000 -0.97600000 -0.21780000
vn -0.00000000 -0.96370000 -0.26700000
vn -0.00000000 -0.94890000 -0.31550000
vn -0.00000000 -0.93180000 -0.36310000
vn -0.00000000 -0.91220000 -0.40980000
vn -0.00000000 -0.89020000 -0.45550000
vn -0.00000000 -0.90020000 -0.43540000
vn -0.00000000 -0.92960000 -0.36860000
vn -0.00000000 -0.95400000 -0.29970000
vn -0.00000000 -0.97340000 -0.22930000
vn -0.00000000 -0.98750000 -0.15760000
vn -0.00000000 -0.99640000 -0.08510000
vn -0.00000000 -0.99990000 -0.01220000
vn -0.00000000 -0.99810000 0.06090000
vn -0.00000000 -0.99100000 0.13350000
vn -0.00000000 -0.97860000 0.20550000
vn -0.00000000 -0.96100000 0.27640000
vn -0.00000000 -0.93830000 0.34580000
vn -0.00000000 -0.91050000 0.41340000
vn -0.00000000 -0.87790000 0.47880000
vn -0.00000000 -0.84070000 0.54160000
vn -0.00000000 -0.79890000 0.60150000
vn -0.00000000 -0.75280000 0.65820000
vn -0.00000000 -0.70280000 0.71140000
vn -0.00000000 -0.64900000 0.76080000
vn -0.00000000 -0.59170000 0.80610000
vn -0.00000000 -0.53130000 0.84720000
vn -0.00000000 -0.46800000 0.88370000
vn -0.00000000 -0.40230000 0.91550000
vn -0.00000000 -0.33440000 0.94240000
vn -0.00000000 -0.26470000 0.96430000
vn -0.00000000 -0.19360000 0.98110000
vn -0.00000000 -0.12150000 0.99260000
vn -0.00000000 -0.04870000 0.99880000
vn -0.00000000 0.02440000 0.99970000
vn -0.00000000 0.09730000 0.99530000
vn -0.00000000 0.16970000 0.98550000
vn -0.00000000 0.24110000 0.97050000
vn -0.00000000 0.31130000 0.95030000
vn -0.00000000 0.37990000 0.92500000
vn -0.00000000 0.44640000 0.89480000
vn -0.00000000 0.51050000 0.85990000
vn -0.00000000 0.57190000 0.82030000
vn -0.00000000 0.63030000 0.77640000
vn -0.00000000 0.68530000 0.72830000
vn -0.00000000 0.73660000 0.67630000
vn -0.00000000 0.78400000 0.62080000
vn -0.00000000 0.82720000 0.56190000
vn -0.00000000 0.90020000 0.43550000
vn -0.00000000 0.92960000 0.36860000
vn -0.00000000 0.95400000 0.29970000
vn -0.00000000 0.97340000 0.22930000
vn -0.00000000 0.98750000 0.15760000
vn -0.00000000 0.99640000 0.08510000
vn -0.00000000 0.99990000 0.01220000
vn -0.00000000 0.99810000 -0.06090000
vn -0.00000000 0.99100000 -0.13350000
vn -0.00000000 0.97860000 -0.20550000
vn -0.00000000 0.96100000 -0.27640000
vn -0.00000000 0.93830000 -0.34580000
vn -0.00000000 0.91050000 -0.41340000
vn -0.00000000 0.87790000 -0.47880000
vn -0.00000000 0.84070000 -0.54160000
vn -0.00000000 0.79890000 -0.60150000
vn -0.00000000 0.75280000 -0.65820000
vn -0.00000000 0.70280000 -0.71140000
vn -0.00000000 0.64900000 -0.76080000
vn -0.00000000 0.59170000 -0.80610000
vn -0.00000000 0.53130000 -0.84720000
vn -0.00000000 0.46800000 -0.88370000
vn -0.00000000 0.40230000 -0.91550000
vn -0.00000000 0.33440000 -0.94240000
vn -0.00000000 0.26470000 -0.96430000
vn -0.00000000 0.19360000 -0.98110000
vn -0.00000000 0.12150000 -0.99260000
vn -0.00000000 0.04870000 -0.99880000
vn -0.00000000 -0.02440000 -0.99970000
vn -0.00000000 -0.09730000 -0.99530000
vn -0.00000000 -0.16970000 -0.98550000
vn -0.00000000 -0.24110000 -0.97050000
vn -0.00000000 -0.31130000 -0.95030000
vn -0.00000000 -0.37990000 -0.92500000
vn -0.00000000 -0.44640000 -0.89480000
vn -0.00000000 -0.51050000 -0.85990000
vn -0.00000000 -0.57190000 -0.82030000
vn -0.00000000 -0.63030000 -0.77640000
vn -0.00000000 -0.68530000 -0.72830000
vn -0.00000000 -0.73660000 -0.67630000
vn -0.00000000 -0.78400000 -0.62080000
vn -0.00000000 -0.82720000 -0.56190000
vn -0.70710000 -0.61240000 -0.35360000
vn -0.70710000 -0.61240000 -0.35360000
vn -0.70710000 -0.61240000 -0.35360000
vn -0.70710000 0.61240000 0.35360000
vn -0.70710000 0.61240000 0.35360000
vn -0.70710000 -0.61240000 -0.35360000
vn -0.70710000 -0.61240000 -0.35360000
vn -0.70710000 -0.61240000 -0.35360000
vn -0.70710000 -0.62950000 -0.32210000
vn -0.70710000 -0.64500000 -0.28980000
vn -0.70710000 -0.65890000 -0.25670000
vn -0.70710000 -0.67100000 -0.22300000
vn -0.70710000 -0.68150000 -0.18880000
vn -0.70710000 -0.69010000 -0.15400000
vn -0.70710000 -0.69700000 -0.11890000
vn -0.70710000 -0.70220000 -0.08340000
vn -0.70710000 -0.70550000 -0.04770000
vn -0.70710000 -0.70700000 -0.01190000
vn -0.70710000 -0.70670000 0.02390000
vn -0.70710000 -0.70460000 0.05960000
vn -0.70710000 -0.70070000 0.09520000
vn -0.70710000 -0.69490000 0.13060000
vn -0.70710000 -0.68740000 0.16570000
vn -0.70710000 -0.67820000 0.20030000
vn -0.70710000 -0.66710000 0.23430000
vn -0.70710000 -0.65440000 0.26780000
vn -0.70710000 -0.64000000 0.30060000
vn -0.70710000 -0.62400000 0.33270000
vn -0.70710000 -0.60630000 0.36380000
vn -0.70710000 -0.58710000 0.39410000
vn -0.70710000 -0.56640000 0.42330000
vn -0.70710000 -0.54420000 0.45150000
vn -0.70710000 -0.52070000 0.47840000
vn -0.70710000 -0.49580000 0.50420000
vn -0.70710000 -0.46960000 0.52870000
vn -0.70710000 -0.44220000 0.55180000
vn -0.70710000 -0.41370000 0.57350000
vn -0.70710000 -0.38410000 0.59370000
vn -0.70710000 -0.35350000 0.61240000
vn -0.70710000 -0.32210000 0.62950000
vn -0.70710000 -0.28980000 0.64500000
vn -0.70710000 -0.25680000 0.65890000
vn -0.70710000 -0.22300000 0.67100000
vn -0.70710000 -0.18880000 0.68150000
vn -0.70710000 -0.15400000 0.69010000
vn -0.70710000 -0.11890000 0.69710000
vn -0.70710000 -0.08340000 0.70220000
vn -0.70710000 -0.04770000 0.70550000
vn -0.70710000 -0.01200000 0.70700000
vn -0.70710000 0.02390000 0.70670000
vn -0.70710000 0.05970000 0.70460000
vn -0.70710000 0.09520000 0.70070000
vn -0.70710000 0.13060000 0.69500000
vn -0.70710000 0.16570000 0.68740000
vn -0.70710000 0.20030000 0.67820000
vn -0.70710000 0.23440000 0.66710000
vn -0.70710000 0.26780000 0.65440000
vn -0.70710000 0.30060000 0.64000000
vn -0.70710000 0.33270000 0.62400000
vn -0.70710000 0.36390000 0.60630000
vn -0.70710000 0.39410000 0.58710000
vn -0.70710000 0.42330000 0.56640000
vn -0.70710000 0.45150000 0.54420000
vn -0.70710000 0.47850000 0.52070000
vn -0.70710000 0.50420000 0.49580000
vn -0.70710000 0.52870000 0.46960000
vn -0.70710000 0.55180000 0.44220000
vn -0.70710000 0.57350000 0.41370000
vn -0.70710000 0.59370000 0.38410000
vn -0.70710000 0.62950000 0.32210000
vn -0.70710000 0.64500000 0.28980000
vn -0.70710000 0.65890000 0.25670000
vn -0.70710000 0.67100000 0.22300000
vn -0.70710000 0.68150000 0.18880000
vn -0.70710000 0.69010000 0.15400000
vn -0.70710000 0.69700000 0.11890000
vn -0.70710000 0.70220000 0.08340000
vn -0.70710000 0.70550000 0.04770000
vn -0.70710000 0.70700000 0.01190000
vn -0.70710000 0.70670000 -0.02390000
vn -0.70710000 0.70460000 -0.05960000
vn -0.70710000 0.70070000 -0.09520000
vn -0.70710000 0.69490000 -0.13060000
vn -0.70710000 0.68740000 -0.16570000
vn -0.70710000 0.67820000 -0.20030000
vn -0.70710000 0.66710000 -0.23430000
vn -0.70710000 0.65440000 -0.26780000
vn -0.70710000 0.64000000 -0.30060000
vn -0.70710000 0.62400000 -0.33270000
vn -0.70710000 0.60630000 -0.36380000
vn -0.70710000 0.58710000 -0.39410000
vn -0.70710000 0.56640000 -0.42330000
vn -0.70710000 0.54420000 -0.45150000
vn -0.70710000 0.52070000 -0.47840000
vn -0.70710000 0.49580000 -0.50420000
vn -0.70710000 0.46960000 -0.52870000
vn -0.70710000 0.44220000 -0.55180000
vn -0.70710000 0.41370000 -0.57350000
vn -0.70710000 0.38410000 -0.59370000
vn -0.70710000 0.35350000 -0.61240000
vn -0.70710000 0.32210000 -0.62950000
vn -0.70710000 0.28980000 -0.64500000
vn -0.70710000 0.25680000 -0.65890000
vn -0.70710000 0.22300000 -0.67100000
vn -0.70710000 0.18880000 -0.68150000
vn -0.70710000 0.15400000 -0.69010000
vn -0.70710000 0.11890000 -0.69710000
vn -0.70710000 0.08340000 -0.70220000
vn -0.70710000 0.04770000 -0.70550000
vn -0.70710000 0.01200000 -0.70700000
vn -0.70710000 -0.02390000 -0.70670000
vn -0.70710000 -0.05970000 -0.70460000
vn -0.70710000 -0.09520000 -0.70070000
vn -0.70710000 -0.13060000 -0.69500000
vn -0.70710000 -0.16570000 -0.68740000
vn -0.70710000 -0.20030000 -0.67820000
vn -0.70710000 -0.23440000 -0.66710000
vn -0.70710000 -0.26780000 -0.65440000
vn -0.70710000 -0.30060000 -0.64000000
vn -0.70710000 -0.33270000 -0.62400000
vn -0.70710000 -0.36390000 -0.60630000
vn -0.70710000 -0.39410000 -0.58710000
vn -0.70710000 -0.42330000 -0.56640000
vn -0.70710000 -0.45150000 -0.54420000
vn -0.70710000 -0.47850000 -0.52070000
vn -0.70710000 -0.50420000 -0.49580000
vn -0.70710000 -0.52870000 -0.46960000
vn -0.70710000 -0.55180000 -0.44220000
vn -0.70710000 -0.57350000 -0.41370000
vn -0.70710000 -0.59370000 -0.38410000
vn -0.70710000 -0.59400000 -0.38360000
vn -0.70710000 -0.57410000 -0.41280000
vn -0.70710000 -0.55280000 -0.44090000
vn -0.70710000 -0.53020000 -0.46790000
vn -0.70710000 -0.50620000 -0.49370000
vn -0.70710000 -0.48100000 -0.51840000
vn -0.70710000 -0.45450000 -0.54170000
vn -0.70710000 -0.42700000 -0.56370000
vn -0.70710000 -0.39830000 -0.58420000
vn -0.70710000 -0.36870000 -0.60330000
vn -0.70710000 -0.33820000 -0.62100000
vn -0.70710000 -0.30680000 -0.63710000
vn -0.70710000 -0.27470000 -0.65160000
vn -0.70710000 -0.24180000 -0.66450000
vn -0.70710000 -0.20840000 -0.67570000
vn -0.70710000 -0.17450000 -0.68520000
vn -0.70710000 -0.14010000 -0.69310000
vn -0.70710000 -0.10540000 -0.69920000
vn -0.70710000 -0.07040000 -0.70360000
vn -0.70710000 -0.03520000 -0.70620000
vn -0.70710000 -0.00000000 -0.70710000
vn -0.70710000 0.03520000 -0.70620000
vn -0.70710000 0.07040000 -0.70360000
vn -0.70710000 0.10540000 -0.69920000
vn -0.70710000 0.14010000 -0.69310000
vn -0.70710000 0.17450000 -0.68520000
vn -0.70710000 0.20840000 -0.67570000
vn -0.70710000 0.24180000 -0.66450000
vn -0.70710000 0.27460000 -0.65160000
vn -0.70710000 0.30680000 -0.63710000
vn -0.70710000 0.33820000 -0.62100000
vn -0.70710000 0.36870000 -0.60330000
vn -0.70710000 0.39830000 -0.58420000
vn -0.70710000 0.42700000 -0.56370000
vn -0.70710000 0.45450000 -0.54170000
vn -0.70710000 0.48100000 -0.51830000
vn -0.70710000 0.50620000 -0.49370000
vn -0.70710000 0.53020000 -0.46790000
vn -0.70710000 0.55280000 -0.44090000
vn -0.70710000 0.57410000 -0.41280000
vn -0.70710000 0.59400000 -0.38360000
vn -0.70710000 0.61240000 -0.35360000
vn -0.70710000 0.62920000 -0.32260000
vn -0.70710000 0.64450000 -0.29080000
vn -0.70710000 0.65820000 -0.25830000
vn -0.70710000 0.67030000 -0.22520000
vn -0.70710000 0.68070000 -0.19150000
vn -0.70710000 0.68940000 -0.15730000
vn -0.70710000 0.69640000 -0.12280000
vn -0.70710000 0.70160000 -0.08790000
vn -0.70710000 0.70510000 -0.05280000
vn -0.70710000 0.70690000 -0.01760000
vn -0.70710000 0.70690000 0.01760000
vn -0.70710000 0.70510000 0.05280000
vn -0.70710000 0.70160000 0.08790000
vn -0.70710000 0.69640000 0.12280000
vn -0.70710000 0.68940000 0.15730000
vn -0.70710000 0.68070000 0.19150000
vn -0.70710000 0.67030000 0.22520000
vn -0.70710000 0.65820000 0.25830000
vn -0.70710000 0.64450000 0.29080000
vn -0.70710000 0.62920000 0.32260000
vn -0.70710000 0.59400000 0.38360000
vn -0.70710000 0.57410000 0.41280000
vn -0.70710000 0.55290000 0.44090000
vn -0.70710000 0.53020000 0.46790000
vn -0.70710000 0.50620000 0.49370000
vn -0.70710000 0.48100000 0.51840000
vn -0.70710000 0.45450000 0.54170000
vn -0.70710000 0.42700000 0.56370000
vn -0.70710000 0.39830000 0.58420000
vn -0.70710000 0.36870000 0.60330000
vn -0.70710000 0.33820000 0.62100000
vn -0.70710000 0.30680000 0.63710000
vn -0.70710000 0.27470000 0.65160000
vn -0.70710000 0.24180000 0.66450000
vn -0.70710000 0.20840000 0.67570000
vn -0.70710000 0.17450000 0.68520000
vn -0.70710000 0.14010000 0.69310000
vn -0.70710000 0.10540000 0.69920000
vn -0.70710000 0.07040000 0.70360000
vn -0.70710000 0.03520000 0.70620000
vn -0.70710000 -0.00000000 0.70710000
vn -0.70710000 -0.03520000 0.70620000
vn -0.70710000 -0.07040000 0.70360000
vn -0.70710000 -0.10540000 0.69920000
vn -0.70710000 -0.14010000 0.69310000
vn -0.70710000 -0.17450000 0.68520000
vn -0.70710000 -0.20840000 0.67570000
vn -0.70710000 -0.24180000 0.66450000
vn -0.70710000 -0.27460000 0.65160000
vn -0.70710000 -0.30680000 0.63710000
vn -0.70710000 -0.33820000 0.62100000
vn -0.70710000 -0.36870000 0.60330000
vn -0.70710000 -0.39830000 0.58420000
vn -0.70710000 -0.42700000 0.56370000
vn -0.70710000 -0.45450000 0.54170000
vn -0.70710000 -0.48100000 0.51830000
vn -0.70710000 -0.50620000 0.49370000
vn -0.70710000 -0.53020000 0.46790000
vn -0.70710000 -0.55280000 0.44090000
vn -0.70710000 -0.57410000 0.41280000
vn -0.70710000 -0.59400000 0.38360000
vn -0.70710000 -0.61240000 0.35360000
vn -0.70710000 -0.62920000 0.32260000
vn -0.70710000 -0.64450000 0.29080000
vn -0.70710000 -0.65820000 0.25830000
vn -0.70710000 -0.67030000 0.22520000
vn -0.70710000 -0.68070000 0.19150000
vn -0.70710000 -0.68940000 0.15730000
vn -0.70710000 -0.69640000 0.12280000
vn -0.70710000 -0.70160000 0.08790000
vn -0.70710000 -0.70510000 0.05280000
vn -0.70710000 -0.70690000 0.01760000
vn -0.70710000 -0.70690000 -0.01760000
vn -0.70710000 -0.70510000 -0.05280000
vn -0.70710000 -0.70160000 -0.08790000
vn -0.70710000 -0.69640000 -0.12280000
vn -0.70710000 -0.68940000 -0.15730000
vn -0.70710000 -0.68070000 -0.19150000
vn -0.70710000 -0.67030000 -0.22520000
vn -0.70710000 -0.65820000 -0.25830000
vn -0.70710000 -0.64450000 -0.29080000
vn -0.70710000 -0.62920000 -0.32260000
vn -0.70710000 -0.65630000 -0.26310000
vn -0.70710000 -0.67270000 -0.21800000
vn -0.70710000 -0.68590000 -0.17190000
vn -0.70710000 -0.70280000 -0.07750000
vn -0.70710000 -0.69600000 -0.12500000
vn -0.70710000 -0.70690000 0.01710000
vn -0.70710000 -0.70650000 -0.02970000
vn -0.70710000 -0.69850000 0.10990000
vn -0.70710000 -0.70420000 0.06370000
vn -0.70710000 -0.67790000 0.20100000
vn -0.70710000 -0.68970000 0.15580000
vn -0.70710000 -0.66330000 0.24530000
vn -0.70710000 -0.64560000 0.28840000
vn -0.70710000 -0.62520000 0.33040000
vn -0.70710000 -0.60200000 0.37090000
vn -0.70710000 -0.57620000 0.40980000
vn -0.70710000 -0.54800000 0.44690000
vn -0.70710000 -0.51730000 0.48210000
vn -0.70710000 -0.48440000 0.51520000
vn -0.70710000 -0.44760000 0.54740000
vn -0.70710000 -0.40810000 0.57740000
vn -0.70710000 -0.36620000 0.60490000
vn -0.70710000 -0.33100000 0.62490000
vn -0.70710000 -0.28520000 0.64700000
vn -0.70710000 -0.24070000 0.66490000
vn -0.70710000 -0.14850000 0.69130000
vn -0.70710000 -0.19510000 0.67970000
vn -0.70710000 -0.10130000 0.69980000
vn -0.70710000 -0.05360000 0.70510000
vn -0.70710000 -0.00630000 0.70710000
vn -0.70710000 0.04040000 0.70590000
vn -0.70710000 0.08690000 0.70170000
vn -0.70710000 0.17850000 0.68420000
vn -0.70710000 0.13290000 0.69450000
vn -0.70710000 0.22320000 0.67100000
vn -0.70710000 0.26700000 0.65480000
vn -0.70710000 0.30960000 0.63570000
vn -0.70710000 0.35090000 0.61390000
vn -0.70710000 0.42860000 0.56240000
vn -0.70710000 0.39060000 0.58950000
vn -0.70710000 0.46480000 0.53290000
vn -0.70710000 0.49890000 0.50110000
vn -0.70710000 0.53080000 0.46710000
vn -0.70710000 0.56220000 0.42890000
vn -0.70710000 0.59090000 0.38840000
vn -0.70710000 0.61240000 0.35350000
vn -0.70710000 0.63660000 0.30800000
vn -0.70710000 0.67270000 0.21800000
vn -0.70710000 0.65630000 0.26310000
vn -0.70710000 0.68590000 0.17190000
vn -0.70710000 0.69600000 0.12500000
vn -0.70710000 0.70280000 0.07750000
vn -0.70710000 0.70650000 0.02970000
vn -0.70710000 0.70420000 -0.06370000
vn -0.70710000 0.70690000 -0.01710000
vn -0.70710000 0.69850000 -0.10990000
vn -0.70710000 0.68970000 -0.15580000
vn -0.70700000 0.66330000 -0.24530000
vn -0.70710000 0.67790000 -0.20100000
vn -0.70710000 0.62520000 -0.33040000
vn -0.70710000 0.64560000 -0.28840000
vn -0.70710000 0.60200000 -0.37090000
vn -0.70710000 0.57620000 -0.40980000
vn -0.70710000 0.54800000 -0.44690000
vn -0.70710000 0.51730000 -0.48210000
vn -0.70710000 0.48440000 -0.51520000
vn -0.70710000 0.40810000 -0.57740000
vn -0.70710000 0.44760000 -0.54740000
vn -0.70710000 0.33100000 -0.62490000
vn -0.70710000 0.36620000 -0.60490000
vn -0.70710000 0.28520000 -0.64700000
vn -0.70710000 0.24070000 -0.66490000
vn -0.70710000 0.19510000 -0.67970000
vn -0.70710000 0.10130000 -0.69980000
vn -0.70710000 0.14850000 -0.69130000
vn -0.70710000 0.00620000 -0.70710000
vn -0.70710000 0.05360000 -0.70510000
vn -0.70710000 -0.04040000 -0.70590000
vn -0.70710000 -0.08690000 -0.70170000
vn -0.70710000 -0.13300000 -0.69450000
vn -0.70710000 -0.17850000 -0.68420000
vn -0.70710000 -0.26700000 -0.65480000
vn -0.70710000 -0.22320000 -0.67100000
vn -0.70710000 -0.30960000 -0.63570000
vn -0.70700000 -0.35090000 -0.61400000
vn -0.70710000 -0.42860000 -0.56240000
vn -0.70710000 -0.39060000 -0.58950000
vn -0.70710000 -0.46480000 -0.53290000
vn -0.70710000 -0.49890000 -0.50110000
vn -0.70710000 -0.53080000 -0.46710000
vn -0.70710000 -0.56220000 -0.42890000
vn -0.70710000 -0.59090000 -0.38840000
vn -0.00000000 0.86600000 0.50000000
vn -0.00000000 0.86600000 0.50000000
vn -0.00000000 0.86610000 0.50000000
vn -0.00000000 0.86610000 0.50000000
vn -0.00000000 0.99920000 0.04030000
vn -0.00000000 0.90350000 -0.42870000
vn -0.00000000 0.60070000 -0.79940000
vn -0.00000000 0.16040000 -0.98710000
vn -0.00000000 -0.31670000 -0.94850000
vn -0.00000000 -0.72120000 -0.69270000
vn -0.00000000 -0.96050000 -0.27820000
vn -0.00000000 -0.97980000 0.20000000
vn -0.00000000 -0.77460000 0.63240000
vn -0.00000000 -0.39200000 0.92000000
vn -0.00000000 0.08050000 0.99680000
vn -0.00000000 0.53450000 0.84520000
vn -0.00000000 0.53450000 0.84520000
vn -0.00000000 0.08050000 0.99680000
vn -0.00000000 -0.39200000 0.92000000
vn -0.00000000 -0.77460000 0.63240000
vn -0.00000000 -0.97980000 0.20000000
vn -0.00000000 -0.96050000 -0.27820000
vn -0.00000000 -0.72120000 -0.69270000
vn -0.00000000 -0.31670000 -0.94850000
vn -0.00000000 0.16040000 -0.98710000
vn -0.00000000 0.60070000 -0.79940000
vn -0.00000000 0.90350000 -0.42870000
vn -0.00000000 0.99920000 0.04030000
vn -0.00000000 0.86600000 0.50000000
vn -0.00000000 0.86600000 0.50000000
vn -0.00000000 0.86600000 0.50000000
vn -0.00000000 0.86600000 0.50000000
vn -0.00000000 0.86600000 0.50000000
vn -0.00000000 0.86600000 0.50000000
vn -0.00000000 0.99920000 0.04030000
vn -0.00000000 0.90340000 -0.42870000
vn -0.00000000 0.60070000 -0.79940000
vn -0.00000000 0.16040000 -0.98710000
vn -0.00000000 -0.31670000 -0.94850000
vn -0.00000000 -0.72120000 -0.69270000
vn -0.00000000 -0.96050000 -0.27820000
vn -0.00000000 -0.97980000 0.20000000
vn -0.00000000 -0.77460000 0.63240000
vn -0.00000000 -0.39200000 0.92000000
vn -0.00000000 0.08050000 0.99680000
vn -0.00000000 0.53440000 0.84520000
vn -0.00000000 0.53450000 0.84520000
vn -0.00000000 0.08050000 0.99680000
vn -0.00000000 -0.39200000 0.92000000
vn -0.00000000 -0.77460000 0.63240000
vn -0.00000000 -0.97980000 0.20000000
vn -0.00000000 -0.96050000 -0.27820000
vn -0.00000000 -0.72120000 -0.69270000
vn -0.00000000 -0.31670000 -0.94850000
vn -0.00000000 0.16040000 -0.98710000
vn -0.00000000 0.60070000 -0.79940000
vn -0.00000000 0.90340000 -0.42870000
vn -0.00000000 0.99920000 0.04030000
vn -0.00000000 0.24930000 0.96840000
vn -0.00000000 -0.13590000 0.99070000
vn -0.00000000 -0.80090000 0.59870000
vn -0.00000000 -0.50000000 0.86600000
vn -0.00000000 -0.96840000 0.24920000
vn -0.00000000 -0.99080000 -0.13540000
vn -0.00000000 -0.86600000 -0.50000000
vn -0.00000000 -0.24930000 -0.96840000
vn -0.00000000 -0.59870000 -0.80100000
vn -0.00000000 0.13540000 -0.99080000
vn -0.00000000 0.50000000 -0.86600000
vn -0.00000000 0.80100000 -0.59870000
vn -0.00000000 0.99080000 0.13540000
vn -0.00000000 0.96840000 -0.24930000
vn -0.00000000 0.86600000 0.50000000
vn -0.00000000 0.86600000 0.50000000
vn -0.00000000 0.86600000 0.50000000
vn -0.00000000 0.86600000 0.50000000
vn -0.00000000 0.86600000 0.50000000
vn -0.00000000 0.86600000 0.50000000
vn -0.00000000 0.99920000 0.04030000
vn -0.00000000 0.90340000 -0.42870000
vn -0.00000000 0.60070000 -0.79940000
vn -0.00000000 0.16040000 -0.98710000
vn -0.00000000 -0.31670000 -0.94850000
vn -0.00000000 -0.72120000 -0.69270000
vn -0.00000000 -0.96050000 -0.27820000
vn -0.00000000 -0.97980000 0.20000000
vn -0.00000000 -0.77460000 0.63240000
vn -0.00000000 -0.39200000 0.92000000
vn -0.00000000 0.08050000 0.99680000
vn -0.00000000 0.53440000 0.84520000
vn -0.00000000 0.53450000 0.84520000
vn -0.00000000 0.08050000 0.99680000
vn -0.00000000 -0.39200000 0.92000000
vn -0.00000000 -0.77460000 0.63240000
vn -0.00000000 -0.97980000 0.20000000
vn -0.00000000 -0.96050000 -0.27820000
vn -0.00000000 -0.72120000 -0.69270000
vn -0.00000000 -0.31670000 -0.94850000
vn -0.00000000 0.16040000 -0.98710000
vn -0.00000000 0.60070000 -0.79940000
vn -0.00000000 0.90340000 -0.42870000
vn -0.00000000 0.99920000 0.04030000
vn -0.00000000 0.24930000 0.96840000
vn -0.00000000 -0.13550000 0.99080000
vn -0.00000000 -0.80090000 0.59870000
vn -0.00000000 -0.50000000 0.86600000
vn -0.00000000 -0.96840000 0.24930000
vn -0.00000000 -0.99080000 -0.13540000
vn -0.00000000 -0.86600000 -0.50000000
vn -0.00000000 -0.24930000 -0.96840000
vn -0.00000000 -0.59870000 -0.80100000
vn -0.00000000 0.13540000 -0.99080000
vn -0.00000000 0.50000000 -0.86600000
vn -0.00000000 0.80100000 -0.59870000
vn -0.00000000 0.99080000 0.13540000
vn -0.00000000 0.96840000 -0.24930000
vn -0.00000000 0.86600000 0.50000000
vn -0.00000000 0.86600000 0.50000000
vn -0.00000000 0.86600000 0.50000000
vn -0.00000000 0.86600000 0.50000000
vn -0.00000000 0.86600000 0.50000000
vn -0.00000000 0.86600000 0.50000000
vn -0.00000000 0.99920000 0.04030000
vn -0.00000000 0.90350000 -0.42870000
vn -0.00000000 0.60070000 -0.79940000
vn -0.00000000 0.16040000 -0.98710000
vn -0.00000000 -0.31670000 -0.94850000
vn -0.00000000 -0.72120000 -0.69270000
vn -0.00000000 -0.96050000 -0.27820000
vn -0.00000000 -0.97980000 0.20000000
vn -0.00000000 -0.77460000 0.63240000
vn -0.00000000 -0.39200000 0.92000000
vn -0.00000000 0.08050000 0.99680000
vn -0.00000000 0.53440000 0.84520000
vn -0.00000000 0.53450000 0.84520000
vn -0.00000000 0.08050000 0.99680000
vn -0.00000000 -0.39200000 0.92000000
vn -0.00000000 -0.77460000 0.63240000
vn -0.00000000 -0.97980000 0.20000000
vn -0.00000000 -0.96050000 -0.27820000
vn -0.00000000 -0.72120000 -0.69270000
vn -0.00000000 -0.31670000 -0.94850000
vn -0.00000000 0.16040000 -0.98710000
vn -0.00000000 0.60070000 -0.79940000
vn -0.00000000 0.90350000 -0.42870000
vn -0.00000000 0.99920000 0.04030000
vn -0.00000000 0.24930000 0.96840000
vn -0.00000000 -0.13590000 0.99070000
vn -0.00000000 -0.80090000 0.59870000
vn -0.00000000 -0.50000000 0.86600000
vn -0.00000000 -0.96840000 0.24930000
vn -0.00000000 -0.99080000 -0.13540000
vn -0.00000000 -0.86600000 -0.50000000
vn -0.00000000 -0.24930000 -0.96840000
vn -0.00000000 -0.59870000 -0.80100000
vn -0.00000000 0.13540000 -0.99080000
vn -0.00000000 0.50000000 -0.86600000
vn -0.00000000 0.80100000 -0.59870000
vn -0.00000000 0.99080000 0.13540000
vn -0.00000000 0.96840000 -0.24930000
vn -0.00000000 0.86600000 0.50000000
vn -0.00000000 0.86600000 0.50000000
vn -0.00000000 0.86600000 0.50000000
vn -0.00000000 0.86600000 0.50000000
vn -0.00000000 0.86600000 0.50000000
vn -0.00000000 0.86600000 0.50000000
vn -0.00000000 0.99920000 0.04030000
vn -0.00000000 0.90340000 -0.42870000
vn -0.00000000 0.60070000 -0.79940000
vn -0.00000000 0.16040000 -0.98710000
vn -0.00000000 -0.31670000 -0.94850000
vn -0.00000000 -0.72120000 -0.69270000
vn -0.00000000 -0.96050000 -0.27820000
vn -0.00000000 -0.97980000 0.20000000
vn -0.00000000 -0.77460000 0.63240000
vn -0.00000000 -0.39200000 0.92000000
vn -0.00000000 0.08050000 0.99680000
vn -0.00000000 0.53450000 0.84520000
vn -0.00000000 0.53450000 0.84520000
vn -0.00000000 0.08050000 0.99680000
vn -0.00000000 -0.39200000 0.92000000
vn -0.00000000 -0.77460000 0.63240000
vn -0.00000000 -0.97980000 0.20000000
vn -0.00000000 -0.96050000 -0.27820000
vn -0.00000000 -0.72120000 -0.69270000
vn -0.00000000 -0.31670000 -0.94850000
vn -0.00000000 0.16040000 -0.98710000
vn -0.00000000 0.60070000 -0.79940000
vn -0.00000000 0.90350000 -0.42870000
vn -0.00000000 0.99920000 0.04030000
vn -0.00000000 0.24930000 0.96840000
vn -0.00000000 -0.13590000 0.99070000
vn -0.00000000 -0.80090000 0.59870000
vn -0.00000000 -0.50000000 0.86600000
vn -0.00000000 -0.96840000 0.24920000
vn -0.00000000 -0.99080000 -0.13540000
vn -0.00000000 -0.86600000 -0.50000000
vn -0.00000000 -0.24930000 -0.96840000
vn -0.00000000 -0.59870000 -0.80100000
vn -0.00000000 0.13540000 -0.99080000
vn -0.00000000 0.50000000 -0.86600000
vn -0.00000000 0.80090000 -0.59870000
vn -0.00000000 0.99080000 0.13540000
vn -0.00000000 0.96840000 -0.24930000
vn -0.70710000 -0.05050000 0.70530000
vn -0.70710000 -0.05050000 -0.70530000
vn -0.70710000 -0.19930000 -0.67840000
vn -0.70710000 -0.33890000 -0.62060000
vn -0.70710000 -0.46310000 -0.53440000
vn -0.70710000 -0.56610000 -0.42370000
vn -0.70710000 -0.64320000 -0.29370000
vn -0.70710000 -0.69090000 -0.15030000
vn -0.70710000 -0.70710000 -0.00000000
vn -0.70710000 -0.69090000 0.15030000
vn -0.70710000 -0.64320000 0.29370000
vn -0.70710000 -0.56610000 0.42370000
vn -0.70710000 -0.46300000 0.53440000
vn -0.70720000 -0.33890000 0.62050000
vn -0.70710000 -0.19920000 0.67840000
vn -0.70710000 -0.05050000 -0.70530000
vn -0.70710000 -0.21040000 0.67510000
vn -0.70710000 -0.35920000 0.60910000
vn -0.70710000 -0.48890000 0.51080000
vn -0.70710000 -0.59280000 0.38550000
vn -0.70710000 -0.66520000 0.23980000
vn -0.70710000 -0.70240000 0.08140000
vn -0.70710000 -0.70240000 -0.08140000
vn -0.70710000 -0.66520000 -0.23980000
vn -0.70710000 -0.59280000 -0.38550000
vn -0.70710000 -0.48890000 -0.51080000
vn -0.70710000 -0.35920000 -0.60910000
vn -0.70710000 -0.21040000 -0.67510000
vn -0.70710000 -0.05050000 0.70530000
vn -0.70710000 -0.26110000 0.65710000
vn -0.70710000 -0.59900000 0.37580000
vn -0.70710000 -0.68010000 0.19330000
vn -0.70710000 -0.70700000 -0.01320000
vn -0.70710000 -0.67250000 -0.21860000
vn -0.70710000 -0.57640000 -0.40960000
vn -0.70710000 -0.42700000 -0.56370000
vn -0.70710000 -0.24900000 -0.66180000
vn -0.70710000 -0.05060000 0.70530000
vn -0.70710000 -0.05060000 0.70530000
vn -0.70710000 -0.64470000 -0.29040000
vn -0.70710000 -0.69930000 -0.10470000
vn -0.70710000 -0.70150000 0.08890000
vn -0.70710000 -0.65110000 0.27580000
vn -0.70710000 -0.55190000 0.44210000
vn -0.70710000 -0.41130000 0.57520000
vn -0.70710000 -0.23990000 0.66520000
vn -0.70710000 -0.64470000 -0.29040000
vn -0.70710000 -0.23990000 0.66520000
vn -0.70710000 -0.41130000 0.57520000
vn -0.70710000 -0.55190000 0.44210000
vn -0.70710000 -0.65110000 0.27580000
vn -0.70710000 -0.70150000 0.08890000
vn -0.70710000 -0.69930000 -0.10470000
vn -0.70710000 -0.05050000 -0.70530000
vn -0.70710000 -0.64470000 0.29040000
vn -0.70710000 -0.05050000 -0.70530000
vn -0.70710000 -0.21690000 -0.67300000
vn -0.70710000 -0.37090000 -0.60200000
vn -0.70710000 -0.50350000 -0.49650000
vn -0.70710000 -0.60720000 -0.36240000
vn -0.70710000 -0.67600000 -0.20740000
vn -0.70710000 -0.70590000 -0.04060000
vn -0.70710000 -0.69530000 0.12860000
vn -0.70710000 -0.64470000 0.29040000
vn -0.70710000 -0.69530000 0.12860000
vn -0.70710000 -0.70590000 -0.04060000
vn -0.70710000 -0.67600000 -0.20740000
vn -0.70710000 -0.60720000 -0.36240000
vn -0.70710000 -0.50350000 -0.49650000
vn -0.70710000 -0.37090000 -0.60200000
vn -0.70710000 -0.21690000 -0.67300000
vn -0.70710000 -0.64470000 0.29040000
vn -0.70710000 -0.63010000 0.32080000
vn -0.70710000 -0.61410000 0.35050000
vn -0.70710000 -0.59670000 0.37940000
vn -0.70710000 -0.57790000 0.40750000
vn -0.70710000 -0.55780000 0.43450000
vn -0.70710000 -0.53650000 0.46070000
vn -0.70710000 -0.51390000 0.48570000
vn -0.70710000 -0.49010000 0.50970000
vn -0.70710000 -0.46530000 0.53250000
vn -0.70710000 -0.43940000 0.55410000
vn -0.70710000 -0.41240000 0.57440000
vn -0.70710000 -0.38460000 0.59340000
vn -0.70710000 -0.35580000 0.61110000
vn -0.70710000 -0.32630000 0.62730000
vn -0.70710000 -0.29600000 0.64220000
vn -0.70710000 -0.26500000 0.65560000
vn -0.70710000 -0.23350000 0.66750000
vn -0.70710000 -0.20140000 0.67780000
vn -0.70710000 -0.16880000 0.68670000
vn -0.70710000 -0.13580000 0.69390000
vn -0.70710000 -0.10260000 0.69960000
vn -0.70710000 -0.06910000 0.70370000
vn -0.70710000 -0.03550000 0.70620000
vn -0.70710000 -0.00170000 0.70710000
vn -0.70710000 0.03200000 0.70640000
vn -0.70710000 0.06560000 0.70410000
vn -0.70710000 0.09910000 0.70010000
vn -0.70710000 0.13240000 0.69460000
vn -0.70710000 0.16540000 0.68750000
vn -0.70710000 0.19800000 0.67880000
vn -0.70710000 0.23010000 0.66860000
vn -0.70710000 0.26180000 0.65690000
vn -0.70710000 0.29280000 0.64360000
vn -0.70710000 0.32320000 0.62900000
vn -0.70710000 0.35280000 0.61280000
vn -0.70710000 0.38160000 0.59530000
vn -0.70710000 0.40960000 0.57640000
vn -0.70710000 0.43660000 0.55620000
vn -0.70710000 0.46260000 0.53480000
vn -0.70710000 0.48760000 0.51210000
vn -0.70710000 0.51150000 0.48830000
vn -0.70710000 0.53420000 0.46330000
vn -0.70710000 0.55570000 0.43730000
vn -0.70710000 0.57590000 0.41030000
vn -0.70710000 0.59480000 0.38240000
vn -0.70710000 -0.64470000 0.29040000
vn -0.70710000 -0.61240000 -0.35350000
vn -0.70710000 -0.59520000 -0.38180000
vn -0.70710000 -0.57660000 -0.40920000
vn -0.70710000 -0.55690000 -0.43580000
vn -0.70710000 -0.53590000 -0.46140000
vn -0.70710000 -0.51370000 -0.48590000
vn -0.70710000 -0.49040000 -0.50940000
vn -0.70710000 -0.46600000 -0.53180000
vn -0.70710000 -0.44060000 -0.55300000
vn -0.70710000 -0.41420000 -0.57310000
vn -0.70710000 -0.38700000 -0.59180000
vn -0.70710000 -0.35880000 -0.60930000
vn -0.70710000 -0.33000000 -0.62540000
vn -0.70710000 -0.30030000 -0.64020000
vn -0.70710000 -0.27010000 -0.65350000
vn -0.70710000 -0.23920000 -0.66540000
vn -0.70710000 -0.20780000 -0.67590000
vn -0.70710000 -0.17590000 -0.68490000
vn -0.70710000 -0.14370000 -0.69230000
vn -0.70710000 -0.11110000 -0.69830000
vn -0.70710000 -0.07830000 -0.70280000
vn -0.70710000 -0.04540000 -0.70560000
vn -0.70710000 -0.01230000 -0.70700000
vn -0.70710000 0.02080000 -0.70680000
vn -0.70710000 0.05390000 -0.70510000
vn -0.70710000 0.08680000 -0.70170000
vn -0.70710000 0.11950000 -0.69690000
vn -0.70710000 0.15200000 -0.69060000
vn -0.70710000 0.18420000 -0.68270000
vn -0.70710000 0.21590000 -0.67330000
vn -0.70710000 0.24720000 -0.66250000
vn -0.70710000 0.27790000 -0.65020000
vn -0.70710000 0.30800000 -0.63650000
vn -0.70710000 0.33750000 -0.62140000
vn -0.70710000 0.36620000 -0.60490000
vn -0.70710000 0.39410000 -0.58710000
vn -0.70710000 0.42110000 -0.56800000
vn -0.70710000 0.44730000 -0.54770000
vn -0.70710000 0.47240000 -0.52620000
vn -0.70710000 0.49650000 -0.50350000
vn -0.70710000 0.51950000 -0.47970000
vn -0.70710000 0.54140000 -0.45490000
vn -0.70710000 0.56210000 -0.42900000
vn -0.70710000 0.58150000 -0.40230000
vn -0.70710000 0.59970000 -0.37460000
vn -0.70710000 0.61660000 -0.34610000
vn -0.70710000 0.63210000 -0.31690000
vn -0.70710000 0.64620000 -0.28700000
vn -0.70710000 0.65890000 -0.25640000
vn -0.70710000 0.67030000 -0.22530000
vn -0.70710000 0.68010000 -0.19370000
vn -0.70710000 0.68840000 -0.16170000
vn -0.70710000 0.69520000 -0.12930000
vn -0.70710000 0.70050000 -0.09660000
vn -0.70710000 0.70420000 -0.06370000
vn -0.70710000 0.70640000 -0.03070000
vn -0.70710000 0.70710000 0.00240000
vn -0.70710000 0.70620000 0.03550000
vn -0.70710000 0.70380000 0.06850000
vn -0.70710000 0.69980000 0.10130000
vn -0.70710000 0.69430000 0.13400000
vn -0.70710000 0.68730000 0.16630000
vn -0.70710000 0.67870000 0.19830000
vn -0.70710000 0.66870000 0.22980000
vn -0.70710000 0.65720000 0.26090000
vn -0.70710000 0.64430000 0.29130000
vn -0.70710000 0.63000000 0.32120000
vn -0.70710000 0.61420000 0.35030000
vn -0.70710000 0.59720000 0.37870000
vn -0.70710000 0.57880000 0.40620000
vn -0.70710000 0.55920000 0.43280000
vn -0.70710000 0.53830000 0.45850000
vn -0.70710000 0.51630000 0.48320000
vn -0.70710000 0.49310000 0.50680000
vn -0.70710000 0.46880000 0.52930000
vn -0.70710000 0.44350000 0.55070000
vn -0.70710000 0.41730000 0.57090000
vn -0.70710000 0.39010000 0.58980000
vn -0.70710000 0.36210000 0.60740000
vn -0.70710000 0.33330000 0.62360000
vn -0.70710000 0.30370000 0.63860000
vn -0.70710000 0.27350000 0.65210000
vn -0.70710000 0.24270000 0.66410000
vn -0.70710000 0.21140000 0.67480000
vn -0.70710000 0.17960000 0.68390000
vn -0.70710000 0.14730000 0.69160000
vn -0.70710000 0.11480000 0.69770000
vn -0.70710000 0.08210000 0.70230000
vn -0.70710000 0.04910000 0.70540000
vn -0.70710000 0.01600000 0.70690000
vn -0.70710000 -0.01700000 0.70690000
vn -0.70710000 -0.05010000 0.70530000
vn -0.70710000 -0.08310000 0.70220000
vn -0.70710000 -0.11580000 0.69760000
vn -0.70710000 -0.14830000 0.69140000
vn -0.70710000 -0.18050000 0.68370000
vn -0.70710000 -0.21230000 0.67450000
vn -0.70710000 -0.24360000 0.66380000
vn -0.70710000 -0.27440000 0.65170000
vn -0.70710000 -0.30460000 0.63810000
vn -0.70710000 -0.33420000 0.62320000
vn -0.70710000 -0.36300000 0.60680000
vn -0.70710000 -0.39100000 0.58920000
vn -0.70710000 -0.41810000 0.57030000
vn -0.70710000 -0.44430000 0.55010000
vn -0.70710000 -0.46960000 0.52870000
vn -0.70710000 -0.49380000 0.50610000
vn -0.70710000 -0.51700000 0.48250000
vn -0.70710000 -0.53890000 0.45770000
vn -0.70710000 -0.55980000 0.43200000
vn -0.70710000 -0.57940000 0.40540000
vn -0.70710000 -0.59770000 0.37780000
vn -0.70710000 -0.61470000 0.34940000
vn -0.70710000 -0.63040000 0.32020000
vn -0.70710000 -0.61240000 -0.35360000
vn -0.70710000 0.61240000 0.35360000
vn -0.70710000 0.62850000 0.32400000
vn -0.70710000 0.64320000 0.29370000
vn -0.70710000 0.65650000 0.26280000
vn -0.70710000 0.66820000 0.23130000
vn -0.70710000 0.67850000 0.19920000
vn -0.70710000 0.68720000 0.16670000
vn -0.70710000 0.69440000 0.13380000
vn -0.70710000 0.69990000 0.10060000
vn -0.70710000 0.70390000 0.06720000
vn -0.70710000 0.70630000 0.03360000
vn -0.70710000 0.70710000 -0.00000000
vn -0.70710000 0.70630000 -0.03370000
vn -0.70710000 0.70390000 -0.06720000
vn -0.70710000 0.69990000 -0.10060000
vn -0.70710000 0.69430000 -0.13380000
vn -0.70710000 0.68720000 -0.16670000
vn -0.70710000 0.67850000 -0.19920000
vn -0.70710000 0.66820000 -0.23130000
vn -0.70710000 0.65650000 -0.26280000
vn -0.70710000 0.64320000 -0.29370000
vn -0.70710000 0.62850000 -0.32400000
vn -0.70710000 0.61240000 -0.35360000
vn -0.70710000 0.59490000 -0.38230000
vn -0.70710000 0.57600000 -0.41020000
vn -0.70710000 0.55580000 -0.43710000
vn -0.70710000 0.53440000 -0.46310000
vn -0.70710000 0.51180000 -0.48790000
vn -0.70710000 0.48800000 -0.51180000
vn -0.70710000 0.46300000 -0.53440000
vn -0.70710000 0.43710000 -0.55580000
vn -0.70710000 0.41020000 -0.57600000
vn -0.70710000 0.38230000 -0.59490000
vn -0.70710000 0.35360000 -0.61240000
vn -0.70710000 0.32400000 -0.62850000
vn -0.70710000 0.29370000 -0.64320000
vn -0.70710000 0.26280000 -0.65650000
vn -0.70710000 0.23130000 -0.66820000
vn -0.70710000 0.19920000 -0.67850000
vn -0.70710000 0.16670000 -0.68720000
vn -0.70710000 0.13380000 -0.69430000
vn -0.70710000 0.10060000 -0.69990000
vn -0.70710000 0.06720000 -0.70390000
vn -0.70710000 0.03360000 -0.70630000
vn -0.70710000 -0.00000000 -0.70710000
vn -0.70710000 -0.03360000 -0.70630000
vn -0.70710000 -0.06720000 -0.70390000
vn -0.70710000 -0.10060000 -0.69990000
vn -0.70710000 -0.13380000 -0.69430000
vn -0.70710000 -0.16670000 -0.68720000
vn -0.70710000 -0.19920000 -0.67850000
vn -0.70710000 -0.23130000 -0.66820000
vn -0.70710000 -0.26280000 -0.65650000
vn -0.70710000 -0.29370000 -0.64320000
vn -0.70710000 -0.32400000 -0.62850000
vn -0.70710000 -0.35360000 -0.61240000
vn -0.70710000 -0.38230000 -0.59490000
vn -0.70710000 -0.41020000 -0.57600000
vn -0.70710000 -0.43710000 -0.55580000
vn -0.70710000 -0.46310000 -0.53440000
vn -0.70710000 -0.48800000 -0.51180000
vn -0.70710000 -0.51180000 -0.48800000
vn -0.70710000 -0.53440000 -0.46310000
vn -0.70710000 -0.55580000 -0.43710000
vn -0.70710000 -0.57600000 -0.41020000
vn -0.70710000 -0.59480000 -0.38230000
vn -0.70710000 -0.62610000 0.32870000
vn -0.70710000 -0.55460000 0.43860000
vn -0.70710000 -0.58160000 0.40210000
vn -0.70710000 -0.52500000 0.47370000
vn -0.70710000 -0.49310000 0.50680000
vn -0.70710000 -0.45920000 0.53770000
vn -0.70710000 -0.38560000 0.59270000
vn -0.70710000 -0.42330000 0.56640000
vn -0.70710000 -0.34600000 0.61670000
vn -0.70710000 -0.30300000 0.63890000
vn -0.70710000 -0.21880000 0.67240000
vn -0.70710000 -0.26110000 0.65710000
vn -0.70710000 -0.13170000 0.69470000
vn -0.70710000 -0.17560000 0.68490000
vn -0.70710000 -0.08730000 0.70170000
vn -0.70710000 -0.04250000 0.70580000
vn -0.70710000 0.00170000 0.70710000
vn -0.70710000 0.04550000 0.70570000
vn -0.70710000 0.13220000 0.69460000
vn -0.70710000 0.08900000 0.70150000
vn -0.70710000 0.17500000 0.68510000
vn -0.70710000 0.21700000 0.67300000
vn -0.70710000 0.25820000 0.65830000
vn -0.70710000 0.33750000 0.62130000
vn -0.70740000 0.29850000 0.64070000
vn -0.70710000 0.41170000 0.57490000
vn -0.70710000 0.37530000 0.59930000
vn -0.70710000 0.44640000 0.54840000
vn -0.70710000 0.47950000 0.51970000
vn -0.70710000 0.51070000 0.48910000
vn -0.70710000 0.54000000 0.45650000
vn -0.70710000 0.56880000 0.42010000
vn -0.70710000 0.59520000 0.38170000
vn -0.70710000 0.61520000 0.34850000
vn -0.70710000 0.63770000 0.30560000
vn -0.70710000 0.65610000 0.26360000
vn -0.70710000 0.67150000 0.22140000
vn -0.70710000 0.69420000 0.13440000
vn -0.70710000 0.68430000 0.17830000
vn -0.70710000 0.70140000 0.08990000
vn -0.70710000 0.70560000 0.04520000
vn -0.70730000 0.70690000 0.00060000
vn -0.70710000 0.70580000 -0.04280000
vn -0.70710000 0.69510000 -0.12970000
vn -0.70710000 0.70180000 -0.08640000
vn -0.70710000 0.67380000 -0.21450000
vn -0.70710000 0.68580000 -0.17240000
vn -0.70710000 0.64210000 -0.29610000
vn -0.70710000 0.65920000 -0.25580000
vn -0.70700000 0.62270000 -0.33520000
vn -0.70710000 0.60070000 -0.37310000
vn -0.70710000 0.55000000 -0.44440000
vn -0.70710000 0.57650000 -0.40950000
vn -0.70710000 0.52150000 -0.47750000
vn -0.70710000 0.49090000 -0.50890000
vn -0.70710000 0.45850000 -0.53830000
vn -0.70710000 0.42220000 -0.56720000
vn -0.70710000 0.38390000 -0.59380000
vn -0.70710000 0.35100000 -0.61380000
vn -0.70710000 0.30820000 -0.63640000
vn -0.70720000 0.22390000 -0.67060000
vn -0.70710000 0.26620000 -0.65510000
vn -0.70710000 0.18080000 -0.68360000
vn -0.70710000 0.09260000 -0.70100000
vn -0.70710000 0.13700000 -0.69370000
vn -0.70710000 0.04780000 -0.70550000
vn -0.70710000 0.00350000 -0.70710000
vn -0.70710000 -0.08380000 -0.70210000
vn -0.70710000 -0.04020000 -0.70600000
vn -0.70710000 -0.12710000 -0.69560000
vn -0.70710000 -0.16990000 -0.68640000
vn -0.70710000 -0.21200000 -0.67460000
vn -0.70710000 -0.29360000 -0.64330000
vn -0.70710000 -0.25330000 -0.66020000
vn -0.70710000 -0.33290000 -0.62380000
vn -0.70710000 -0.37090000 -0.60210000
vn -0.70710000 -0.40730000 -0.57800000
vn -0.70700000 -0.47580000 -0.52330000
vn -0.70710000 -0.44230000 -0.55170000
vn -0.70710000 -0.53660000 -0.46050000
vn -0.70710000 -0.50710000 -0.49280000
vn -0.70710000 -0.56560000 -0.42430000
vn -0.70710000 -0.59240000 -0.38610000
vn -0.70700000 -0.61250000 -0.35360000
vn -0.70700000 -0.64480000 -0.29050000
vn -0.70710000 -0.61240000 -0.35360000
vn -0.70710000 -0.62390000 -0.33290000
vn -0.70710000 -0.63460000 -0.31180000
vn -0.70710000 -0.64470000 -0.29040000
vn -0.70710000 -0.63460000 -0.31180000
vn -0.70710000 -0.62390000 -0.33290000
vn 0.70710000 -0.64470000 0.29040000
vn 0.70710000 -0.69530000 0.12860000
vn 0.70710000 -0.70590000 -0.04060000
vn 0.70700000 -0.67610000 -0.20750000
vn 0.70710000 -0.60720000 -0.36240000
vn 0.70710000 -0.50350000 -0.49640000
vn 0.70710000 -0.37090000 -0.60200000
vn 0.70710000 -0.21690000 -0.67300000
vn 0.70710000 -0.70640000 -0.03200000
vn 0.70710000 -0.69640000 0.12250000
vn 0.70710000 -0.05050000 -0.70530000
vn 0.70700000 -0.21840000 -0.67270000
vn 0.70710000 -0.37330000 -0.60050000
vn 0.70710000 -0.50650000 -0.49340000
vn 0.70710000 -0.61010000 -0.35740000
vn 0.70710000 -0.67810000 -0.20060000
vn 0.70710000 -0.05050000 -0.70530000
vn 0.70710000 -0.05050000 0.70530000
vn 0.70710000 -0.05050000 0.70530000
vn 0.70710000 -0.19930000 0.67840000
vn 0.70710000 -0.33890000 0.62060000
vn 0.70710000 -0.46310000 0.53440000
vn 0.70710000 -0.56610000 0.42370000
vn 0.70710000 -0.64320000 0.29370000
vn 0.70710000 -0.69090000 0.15030000
vn 0.70710000 -0.70710000 -0.00000000
vn 0.70710000 -0.69090000 -0.15030000
vn 0.70710000 -0.64320000 -0.29370000
vn 0.70710000 -0.56610000 -0.42370000
vn 0.70710000 -0.46300000 -0.53440000
vn 0.70710000 -0.33890000 -0.62060000
vn 0.70710000 -0.19930000 -0.67840000
vn 0.70710000 -0.05050000 -0.70530000
vn 0.70710000 -0.05050000 -0.70530000
vn 0.70710000 -0.21040000 -0.67510000
vn 0.70710000 -0.35920000 -0.60900000
vn 0.70710000 -0.48890000 -0.51080000
vn 0.70710000 -0.59280000 -0.38550000
vn 0.70710000 -0.66520000 -0.23980000
vn 0.70710000 -0.70240000 -0.08140000
vn 0.70710000 -0.70240000 0.08140000
vn 0.70710000 -0.66520000 0.23980000
vn 0.70710000 -0.59280000 0.38550000
vn 0.70710000 -0.48890000 0.51080000
vn 0.70710000 -0.35920000 0.60910000
vn 0.70710000 -0.21040000 0.67510000
vn 0.70710000 -0.24650000 -0.66270000
vn 0.70710000 -0.57890000 -0.40610000
vn 0.70710000 -0.67520000 -0.21010000
vn 0.70710000 -0.70710000 0.00070000
vn 0.70710000 -0.67620000 0.20670000
vn 0.70710000 -0.58670000 0.39470000
vn 0.70710000 -0.44620000 0.54850000
vn 0.70710000 -0.26450000 0.65570000
vn 0.70710000 -0.64470000 -0.29040000
vn 0.70710000 -0.05060000 0.70530000
vn 0.70710000 -0.23990000 0.66520000
vn 0.70710000 -0.41130000 0.57520000
vn 0.70710000 -0.55190000 0.44210000
vn 0.70710000 -0.65110000 0.27580000
vn 0.70710000 -0.70150000 0.08890000
vn 0.70710000 -0.69930000 -0.10470000
vn 0.70710000 -0.69630000 -0.12290000
vn 0.70710000 -0.70640000 0.03200000
vn 0.70710000 -0.05050000 0.70530000
vn 0.70710000 -0.67810000 0.20060000
vn 0.70710000 -0.61010000 0.35740000
vn 0.70710000 -0.50650000 0.49340000
vn 0.70710000 -0.37330000 0.60050000
vn 0.70710000 -0.21830000 0.67260000
vn 0.70710000 -0.31800000 0.63160000
vn 0.70710000 -0.66980000 0.22660000
vt 0.21868400 0.00000000
vt 0.24527500 0.02673700
vt 0.21868400 0.02673700
vt 0.19209400 0.02673700
vt 0.16550300 0.02673700
vt 0.29845600 0.05347400
vt 0.19209400 0.05347400
vt 0.16550300 0.05347400
vt 0.13891300 0.05347400
vt 0.32504600 0.08021100
vt 0.29845600 0.08021100
vt 0.13891300 0.08021100
vt 0.11232200 0.08021100
vt 0.32504600 0.10694800
vt 0.11232200 0.10694800
vt 0.32504600 0.16042300
vt 0.11232200 0.16042300
vt 0.32504600 0.18716000
vt 0.29845600 0.18716000
vt 0.13891300 0.18716000
vt 0.11232200 0.18716000
vt 0.29845600 0.21389700
vt 0.27186500 0.21389700
vt 0.16550300 0.21389700
vt 0.13891300 0.21389700
vt 0.27186500 0.24063400
vt 0.24527500 0.24063400
vt 0.21868400 0.24063400
vt 0.19209400 0.24063400
vt 0.16614600 0.23424100
vt 0.17033200 0.23320400
vt 0.17355900 0.23033000
vt 0.17508700 0.22627700
vt 0.17456800 0.22197400
vt 0.17211900 0.21840600
vt 0.16830200 0.21639200
vt 0.16399100 0.21639200
vt 0.16017400 0.21840600
vt 0.15772500 0.22197400
vt 0.15720600 0.22627700
vt 0.15873400 0.23033000
vt 0.16196100 0.23320400
vt 0.17879800 0.24063400
vt 0.19209400 0.22726500
vt 0.17879800 0.22726500
vt 0.17215100 0.24063400
vt 0.17879800 0.23395000
vt 0.17215100 0.23395000
vt 0.15220800 0.24063400
vt 0.13891300 0.22726500
vt 0.15220800 0.21389700
vt 0.15220800 0.22726500
vt 0.17879800 0.22058100
vt 0.15220800 0.22058100
vt 0.15885500 0.21389700
vt 0.13891300 0.20052800
vt 0.15220800 0.20052800
vt 0.15885500 0.24063400
vt 0.15220800 0.23395000
vt 0.15885500 0.23395000
vt 0.27122200 0.23424100
vt 0.27540700 0.23320400
vt 0.27863400 0.23033000
vt 0.28016300 0.22627700
vt 0.27964300 0.22197400
vt 0.27719400 0.21840600
vt 0.27337700 0.21639200
vt 0.26906600 0.21639200
vt 0.26524900 0.21840600
vt 0.26280100 0.22197400
vt 0.26228100 0.22627700
vt 0.26381000 0.23033000
vt 0.26703600 0.23320400
vt 0.25857000 0.24063400
vt 0.24527500 0.22726500
vt 0.25857000 0.22726500
vt 0.26521700 0.24063400
vt 0.25857000 0.23395000
vt 0.26521700 0.23395000
vt 0.28516000 0.24063400
vt 0.28516000 0.21389700
vt 0.29845600 0.22726500
vt 0.28516000 0.22726500
vt 0.24527500 0.25400200
vt 0.25857000 0.25400200
vt 0.27851300 0.24063400
vt 0.28516000 0.23395000
vt 0.27851300 0.23395000
vt 0.27851300 0.21389700
vt 0.28516000 0.22058100
vt 0.29845600 0.20052800
vt 0.28516000 0.20052800
vt 0.25857000 0.22058100
vt 0.32375900 0.14274200
vt 0.32794500 0.14170400
vt 0.33117200 0.13883000
vt 0.33270000 0.13477700
vt 0.33218100 0.13047400
vt 0.32973200 0.12690700
vt 0.32591500 0.12489300
vt 0.32160400 0.12489300
vt 0.31778700 0.12690700
vt 0.31533800 0.13047400
vt 0.31481900 0.13477700
vt 0.31634700 0.13883000
vt 0.31957400 0.14170400
vt 0.31175100 0.16042300
vt 0.32504600 0.14705400
vt 0.31175100 0.14705400
vt 0.31839800 0.14705400
vt 0.31175100 0.10694800
vt 0.32504600 0.12031700
vt 0.31175100 0.12031700
vt 0.33834100 0.14705400
vt 0.33169400 0.14705400
vt 0.33834100 0.14037000
vt 0.33834100 0.10694800
vt 0.33834100 0.12031700
vt 0.33169400 0.12031700
vt 0.33834100 0.12700100
vt 0.33169400 0.12700100
vt 0.31839800 0.12031700
vt 0.27122200 0.05124200
vt 0.27540700 0.05020500
vt 0.27863400 0.04733000
vt 0.28016300 0.04327700
vt 0.27964300 0.03897500
vt 0.27719400 0.03540700
vt 0.27337700 0.03339300
vt 0.26906600 0.03339300
vt 0.26524900 0.03540700
vt 0.26280100 0.03897500
vt 0.26228100 0.04327700
vt 0.26381000 0.04733000
vt 0.26703600 0.05020500
vt 0.24527500 0.04010600
vt 0.25857000 0.02673700
vt 0.25857000 0.04010600
vt 0.25857000 0.04679000
vt 0.28516000 0.05347400
vt 0.28516000 0.02673700
vt 0.29845600 0.04010600
vt 0.28516000 0.04010600
vt 0.28516000 0.04679000
vt 0.29845600 0.06684300
vt 0.28516000 0.06684300
vt 0.27851300 0.02673700
vt 0.28516000 0.03342100
vt 0.27851300 0.03342100
vt 0.25857000 0.03342100
vt 0.26521700 0.02673700
vt 0.26521700 0.03342100
vt 0.16614600 0.05124200
vt 0.17033200 0.05020500
vt 0.17355900 0.04733000
vt 0.17508700 0.04327700
vt 0.17456800 0.03897500
vt 0.17211900 0.03540700
vt 0.16830200 0.03339300
vt 0.16399100 0.03339300
vt 0.16017400 0.03540700
vt 0.15772500 0.03897500
vt 0.15720600 0.04327700
vt 0.15873400 0.04733000
vt 0.16196100 0.05020500
vt 0.17879800 0.05347400
vt 0.17879800 0.02673700
vt 0.19209400 0.04010600
vt 0.17879800 0.04010600
vt 0.17879800 0.04679000
vt 0.16550300 0.06684300
vt 0.15220800 0.05347400
vt 0.13891300 0.04010600
vt 0.15220800 0.02673700
vt 0.15220800 0.04010600
vt 0.17215100 0.02673700
vt 0.17879800 0.03342100
vt 0.17215100 0.03342100
vt 0.19209400 0.01336900
vt 0.17879800 0.01336900
vt 0.15220800 0.03342100
vt 0.15885500 0.02673700
vt 0.15885500 0.03342100
vt 0.15885500 0.05347400
vt 0.15220800 0.04679000
vt 0.13891300 0.06684300
vt 0.15220800 0.06684300
vt 0.11360900 0.14274200
vt 0.11779400 0.14170400
vt 0.12102100 0.13883000
vt 0.12254900 0.13477700
vt 0.12203000 0.13047400
vt 0.11958100 0.12690700
vt 0.11576400 0.12489300
vt 0.11145300 0.12489300
vt 0.10763600 0.12690700
vt 0.10518700 0.13047400
vt 0.10466800 0.13477700
vt 0.10619600 0.13883000
vt 0.10942300 0.14170400
vt 0.12561700 0.16042300
vt 0.11232200 0.14705400
vt 0.12561700 0.14705400
vt 0.11897000 0.14705400
vt 0.09902700 0.16042300
vt 0.09902700 0.14705400
vt 0.11232200 0.12031700
vt 0.12561700 0.10694800
vt 0.12561700 0.12031700
vt 0.11897000 0.12031700
vt 0.09902700 0.12031700
vt 0.09902700 0.12700100
vt 0.10567400 0.12031700
vt 0.10567400 0.12700100
vt 0.10567400 0.14705400
vt 0.09902700 0.14037000
vt 0.22838900 0.00035700
vt 0.23804200 0.00142500
vt 0.24759200 0.00319800
vt 0.25698800 0.00566800
vt 0.26617900 0.00882100
vt 0.27511700 0.01264000
vt 0.28375300 0.01710500
vt 0.29204300 0.02219200
vt 0.29994100 0.02787400
vt 0.30740600 0.03412000
vt 0.31439700 0.04089800
vt 0.32087800 0.04817000
vt 0.32681300 0.05589900
vt 0.33217100 0.06404300
vt 0.33692400 0.07255900
vt 0.34104600 0.08140000
vt 0.34451600 0.09052100
vt 0.34731300 0.09987200
vt 0.34942500 0.10940300
vt 0.35083900 0.11906400
vt 0.35154800 0.12880300
vt 0.35154800 0.13856800
vt 0.35083900 0.14830700
vt 0.34942500 0.15796800
vt 0.34731300 0.16749900
vt 0.34451600 0.17685000
vt 0.34104600 0.18597000
vt 0.33692400 0.19481200
vt 0.33217100 0.20332800
vt 0.32681300 0.21147200
vt 0.32087800 0.21920000
vt 0.31439700 0.22647300
vt 0.30740600 0.23325100
vt 0.29994100 0.23949700
vt 0.29204300 0.24517900
vt 0.28375300 0.25026600
vt 0.27511700 0.25473100
vt 0.26617900 0.25855000
vt 0.25698800 0.26170300
vt 0.24759200 0.26417300
vt 0.23804200 0.26594600
vt 0.22838900 0.26701400
vt 0.21868400 0.26737100
vt 0.20897900 0.26701400
vt 0.19932600 0.26594600
vt 0.18977600 0.26417300
vt 0.18038100 0.26170300
vt 0.17118900 0.25855000
vt 0.16225100 0.25473100
vt 0.15361500 0.25026600
vt 0.14532500 0.24517900
vt 0.13742700 0.23949700
vt 0.12996200 0.23325100
vt 0.12297100 0.22647300
vt 0.11649000 0.21920000
vt 0.11055500 0.21147200
vt 0.10519700 0.20332800
vt 0.10044400 0.19481200
vt 0.09632200 0.18597000
vt 0.09285200 0.17685000
vt 0.09005500 0.16749900
vt 0.08794300 0.15796800
vt 0.08652900 0.14830700
vt 0.08582000 0.13856800
vt 0.08582000 0.12880300
vt 0.08652900 0.11906400
vt 0.08794300 0.10940300
vt 0.09005500 0.09987200
vt 0.09285200 0.09052100
vt 0.09632200 0.08140000
vt 0.10044400 0.07255900
vt 0.10519700 0.06404300
vt 0.11055500 0.05589900
vt 0.11649000 0.04817000
vt 0.12297100 0.04089800
vt 0.12996200 0.03412000
vt 0.13742700 0.02787400
vt 0.14532500 0.02219200
vt 0.15361500 0.01710500
vt 0.16225100 0.01264000
vt 0.17118900 0.00882100
vt 0.18038100 0.00566800
vt 0.18977600 0.00319800
vt 0.19932600 0.00142500
vt 0.20897900 0.00035700
vt 0.18437400 0.08471200
vt 0.18935600 0.08347700
vt 0.19319800 0.08005500
vt 0.19501800 0.07523000
vt 0.19439900 0.07010800
vt 0.19148400 0.06586100
vt 0.18694000 0.06346300
vt 0.18180800 0.06346300
vt 0.17726400 0.06586100
vt 0.17434800 0.07010800
vt 0.17373000 0.07523000
vt 0.17555000 0.08005500
vt 0.17939100 0.08347700
vt 0.25004200 0.02312600
vt 0.25333100 0.02231100
vt 0.25586600 0.02005200
vt 0.25706700 0.01686800
vt 0.25665900 0.01348700
vt 0.25473500 0.01068400
vt 0.25173600 0.00910200
vt 0.24834900 0.00910200
vt 0.24535000 0.01068400
vt 0.24342600 0.01348700
vt 0.24301700 0.01686800
vt 0.24421800 0.02005200
vt 0.24675400 0.02231100
vt 0.25192200 0.02673700
vt 0.23197900 0.02673700
vt 0.21868400 0.01336900
vt 0.23197900 0.01336900
vt 0.23862700 0.02673700
vt 0.23197900 0.02005300
vt 0.23862700 0.01336900
vt 0.23862700 0.02005300
vt 0.21868400 0.04010600
vt 0.23197900 0.04010600
vt 0.33571400 0.17233200
vt 0.33900300 0.17151700
vt 0.34153800 0.16925900
vt 0.34273900 0.16607400
vt 0.34233100 0.16269300
vt 0.34040700 0.15989000
vt 0.33740800 0.15830800
vt 0.33402100 0.15830800
vt 0.33102100 0.15989000
vt 0.32909700 0.16269300
vt 0.32868900 0.16607400
vt 0.32989000 0.16925900
vt 0.33242500 0.17151700
vt 0.32504600 0.17379100
vt 0.32504600 0.16710700
vt 0.31175100 0.18716000
vt 0.29845600 0.17379100
vt 0.31175100 0.17379100
vt 0.33834100 0.15373800
vt 0.34498900 0.14705400
vt 0.34498900 0.15373800
vt 0.32504600 0.15373800
vt 0.33169400 0.15373800
vt 0.18732600 0.25847600
vt 0.19061500 0.25766100
vt 0.19315000 0.25540300
vt 0.19435100 0.25221800
vt 0.19394300 0.24883700
vt 0.19201900 0.24603500
vt 0.18901900 0.24445200
vt 0.18563200 0.24445200
vt 0.18263300 0.24603500
vt 0.18070900 0.24883700
vt 0.18030100 0.25221800
vt 0.18150200 0.25540300
vt 0.18403700 0.25766100
vt 0.20538900 0.24063400
vt 0.21868400 0.25400200
vt 0.20538900 0.25400200
vt 0.19874100 0.25400200
vt 0.20538900 0.26068700
vt 0.19874100 0.26068700
vt 0.19874100 0.24063400
vt 0.20538900 0.24731800
vt 0.19874100 0.24731800
vt 0.21868400 0.22726500
vt 0.20538900 0.22726500
vt 0.18544600 0.24063400
vt 0.10165400 0.10927000
vt 0.10494300 0.10845500
vt 0.10747800 0.10619700
vt 0.10867900 0.10301200
vt 0.10827100 0.09963100
vt 0.10634700 0.09682800
vt 0.10334800 0.09524600
vt 0.09996100 0.09524600
vt 0.09696100 0.09682800
vt 0.09503700 0.09963100
vt 0.09462900 0.10301200
vt 0.09583000 0.10619700
vt 0.09836500 0.10845500
vt 0.09902700 0.11363300
vt 0.11232200 0.11363300
vt 0.10567400 0.11363300
vt 0.11232200 0.09358000
vt 0.11232200 0.10026400
vt 0.12561700 0.08021100
vt 0.13891300 0.09358000
vt 0.12561700 0.09358000
vt 0.09237900 0.12031700
vt 0.09237900 0.11363300
vt 0.19864800 0.06696000
vt 0.19985500 0.07042600
vt 0.20024200 0.07407800
vt 0.19978800 0.07772200
vt 0.19851800 0.08116500
vt 0.19649800 0.08422400
vt 0.19383700 0.08673900
vt 0.19067400 0.08857500
vt 0.18717700 0.08963600
vt 0.18353200 0.08986400
vt 0.17993200 0.08924900
vt 0.17656600 0.08782200
vt 0.17361500 0.08565900
vt 0.17123300 0.08287500
vt 0.20996100 0.04658400
vt 0.20619500 0.04750100
vt 0.20281800 0.04941100
vt 0.20008200 0.05217000
vt 0.19819300 0.05557200
vt 0.19729300 0.05936200
vt 0.19744800 0.06325500
vt 0.20538900 0.02673700
vt 0.20538900 0.04010600
vt 0.21203600 0.04010600
vt 0.19209400 0.04679000
vt 0.19874100 0.04010600
vt 0.19874100 0.04679000
vt 0.16900800 0.08030000
vt 0.16623700 0.07833100
vt 0.16308000 0.07708100
vt 0.15971700 0.07662300
vt 0.15634300 0.07698300
vt 0.15315100 0.07814100
vt 0.15032500 0.08002800
vt 0.14802700 0.08253800
vt 0.16550300 0.07352700
vt 0.17215100 0.06684300
vt 0.17215100 0.07352700
vt 0.15220800 0.07352700
vt 0.15885500 0.06684300
vt 0.15885500 0.07352700
vt 0.14556000 0.08021100
vt 0.13891300 0.07352700
vt 0.14556000 0.06684300
vt 0.14556000 0.07352700
vt 0.11232200 0.06684300
vt 0.12561700 0.05347400
vt 0.12561700 0.06684300
vt 0.13891300 0.08689600
vt 0.14572400 0.08591900
vt 0.14358100 0.08940400
vt 0.14160300 0.09298600
vt 0.13979300 0.09665800
vt 0.13815600 0.10041000
vt 0.13669600 0.10423500
vt 0.13541500 0.10812500
vt 0.13431700 0.11207100
vt 0.13340400 0.11606400
vt 0.13267700 0.12009600
vt 0.13213900 0.12415800
vt 0.13179000 0.12824000
vt 0.13163200 0.13233500
vt 0.13166400 0.13643200
vt 0.13188800 0.14052300
vt 0.13230100 0.14460000
vt 0.13290300 0.14865200
vt 0.13369400 0.15267200
vt 0.13467100 0.15665000
vt 0.13583100 0.16057800
vt 0.13717300 0.16444700
vt 0.13869400 0.16824800
vt 0.14039000 0.17197400
vt 0.14225800 0.17561600
vt 0.14429300 0.17916600
vt 0.14649100 0.18261600
vt 0.14884700 0.18595900
vt 0.15135600 0.18918800
vt 0.15401300 0.19229500
vt 0.15681100 0.19527300
vt 0.15974500 0.19811700
vt 0.16280800 0.20082000
vt 0.16599300 0.20337500
vt 0.16929400 0.20577800
vt 0.17270300 0.20802300
vt 0.17621300 0.21010500
vt 0.17981600 0.21202000
vt 0.18350400 0.21376300
vt 0.18726900 0.21533000
vt 0.19110300 0.21671900
vt 0.19499700 0.21792600
vt 0.19894300 0.21894800
vt 0.20293300 0.21978300
vt 0.20695600 0.22043000
vt 0.21100600 0.22088700
vt 0.21507300 0.22115300
vt 0.21914700 0.22122700
vt 0.22322000 0.22110900
vt 0.22728400 0.22080000
vt 0.23132800 0.22030000
vt 0.23534500 0.21961000
vt 0.23932500 0.21873200
vt 0.24326100 0.21766800
vt 0.24714200 0.21641900
vt 0.25096100 0.21499000
vt 0.25470900 0.21338200
vt 0.25837900 0.21160000
vt 0.26196100 0.20964700
vt 0.26544800 0.20752700
vt 0.26883400 0.20524600
vt 0.27210900 0.20280800
vt 0.27526700 0.20021900
vt 0.27830100 0.19748300
vt 0.28120500 0.19460900
vt 0.28397100 0.19160000
vt 0.28659500 0.18846500
vt 0.28907000 0.18521000
vt 0.29139100 0.18184100
vt 0.29355200 0.17836800
vt 0.29554900 0.17479600
vt 0.29737800 0.17113500
vt 0.29903500 0.16739100
vt 0.30051500 0.16357300
vt 0.30181700 0.15969000
vt 0.30293600 0.15575000
vt 0.30387000 0.15176200
vt 0.30461800 0.14773400
vt 0.30517800 0.14367600
vt 0.30554800 0.13959500
vt 0.30572800 0.13550200
vt 0.30571700 0.13140400
vt 0.30551500 0.12731200
vt 0.30512400 0.12323300
vt 0.30454300 0.11917700
vt 0.30377300 0.11515400
vt 0.30281800 0.11117000
vt 0.30167800 0.10723600
vt 0.30035600 0.10336100
vt 0.29885500 0.09955100
vt 0.29717900 0.09581600
vt 0.29533100 0.09216400
vt 0.29331500 0.08860400
vt 0.29113500 0.08514200
vt 0.28879700 0.08178600
vt 0.28630500 0.07854400
vt 0.28366400 0.07542300
vt 0.28088200 0.07242900
vt 0.27796300 0.06957000
vt 0.27491400 0.06685100
vt 0.27174300 0.06427800
vt 0.26845400 0.06185800
vt 0.26505700 0.05959500
vt 0.26155900 0.05749400
vt 0.25796600 0.05556000
vt 0.25428700 0.05379800
vt 0.25053100 0.05221000
vt 0.24670400 0.05080100
vt 0.24281600 0.04957300
vt 0.23887600 0.04853000
vt 0.23489100 0.04767300
vt 0.23087000 0.04700500
vt 0.22682300 0.04652600
vt 0.22275800 0.04623900
vt 0.13226500 0.10694800
vt 0.12561700 0.10026400
vt 0.13226500 0.09358000
vt 0.13226500 0.10026400
vt 0.12561700 0.11363300
vt 0.13226500 0.11363300
vt 0.13226500 0.16042300
vt 0.12561700 0.15373800
vt 0.12561700 0.18716000
vt 0.11232200 0.17379100
vt 0.13891300 0.17379100
vt 0.12561700 0.17379100
vt 0.13226500 0.17379100
vt 0.12561700 0.16710700
vt 0.13226500 0.16710700
vt 0.14556000 0.18716000
vt 0.13891300 0.18047500
vt 0.14556000 0.20052800
vt 0.13891300 0.19384400
vt 0.15220800 0.19384400
vt 0.14556000 0.19384400
vt 0.12561700 0.21389700
vt 0.11232200 0.20052800
vt 0.12561700 0.20052800
vt 0.15885500 0.20052800
vt 0.15220800 0.20721200
vt 0.16550300 0.20721200
vt 0.15885500 0.20721200
vt 0.18544600 0.22726500
vt 0.19209400 0.22058100
vt 0.18544600 0.22058100
vt 0.19874100 0.22726500
vt 0.21203600 0.22726500
vt 0.23197900 0.24063400
vt 0.23197900 0.22726500
vt 0.22533200 0.22726500
vt 0.23862700 0.22726500
vt 0.24527500 0.22058100
vt 0.23862700 0.22058100
vt 0.25192200 0.22726500
vt 0.25192200 0.22058100
vt 0.27186500 0.20721200
vt 0.27851300 0.20052800
vt 0.28516000 0.20721200
vt 0.27851300 0.20721200
vt 0.28516000 0.19384400
vt 0.29180800 0.20052800
vt 0.29180800 0.18716000
vt 0.29845600 0.19384400
vt 0.29180800 0.19384400
vt 0.31175100 0.21389700
vt 0.32504600 0.20052800
vt 0.31175100 0.20052800
vt 0.29845600 0.18047500
vt 0.30510300 0.17379100
vt 0.30510300 0.16042300
vt 0.31175100 0.16710700
vt 0.30510300 0.16710700
vt 0.31175100 0.15373800
vt 0.30510300 0.15373800
vt 0.30510300 0.10694800
vt 0.31175100 0.11363300
vt 0.29845600 0.09358000
vt 0.31175100 0.08021100
vt 0.32504600 0.09358000
vt 0.31175100 0.09358000
vt 0.30510300 0.09358000
vt 0.31175100 0.10026400
vt 0.30510300 0.10026400
vt 0.29180800 0.08021100
vt 0.29845600 0.08689600
vt 0.28516000 0.07352700
vt 0.29180800 0.06684300
vt 0.29845600 0.07352700
vt 0.29180800 0.07352700
vt 0.31175100 0.05347400
vt 0.32504600 0.06684300
vt 0.31175100 0.06684300
vt 0.24527500 0.04679000
vt 0.25192200 0.04010600
vt 0.25192200 0.04679000
vt 0.23862700 0.04010600
vt 0.23862700 0.04679000
vt 0.22533200 0.04010600
vt 0.21868400 0.04614300
vt 0.21577200 0.04619200
vt 0.21286300 0.04633900
vt 0.73252300 0.14646100
vt 0.72363800 0.14646100
vt 0.73252300 0.17125200
vt 0.72808000 0.17125200
vt 0.73252300 0.15000300
vt 0.73252300 0.15354400
vt 0.73252300 0.15708600
vt 0.73252300 0.16062700
vt 0.73252300 0.16416900
vt 0.73252300 0.16771000
vt 0.72808000 0.14646100
vt 0.72363800 0.17125200
vt 0.72363800 0.16771000
vt 0.72363800 0.16416900
vt 0.72363800 0.16062700
vt 0.72363800 0.15708600
vt 0.72363800 0.15354400
vt 0.72363800 0.15000300
vt 0.72034300 0.14646100
vt 0.72034300 0.19810200
vt 0.71145800 0.19810200
vt 0.71145800 0.14646100
vt 0.71590100 0.14646100
vt 0.72034300 0.15015000
vt 0.72034300 0.15383800
vt 0.72034300 0.15752700
vt 0.72034300 0.16121600
vt 0.72034300 0.16490400
vt 0.72034300 0.16859300
vt 0.72034300 0.17228100
vt 0.72034300 0.17597000
vt 0.72034300 0.17965900
vt 0.72034300 0.18334700
vt 0.72034300 0.18703600
vt 0.72034300 0.19072400
vt 0.72034300 0.19441300
vt 0.71590100 0.19810200
vt 0.71145800 0.19441300
vt 0.71145800 0.19072400
vt 0.71145800 0.18703600
vt 0.71145800 0.18334700
vt 0.71145800 0.17965900
vt 0.71145800 0.17597000
vt 0.71145800 0.17228100
vt 0.71145800 0.16859300
vt 0.71145800 0.16490400
vt 0.71145800 0.16121600
vt 0.71145800 0.15752700
vt 0.71145800 0.15383800
vt 0.71145800 0.15015000
vt 0.71145800 0.10161200
vt 0.71145800 0.11049700
vt 0.73656600 0.11049700
vt 0.73656600 0.10161200
vt 0.73656600 0.10605400
vt 0.71459700 0.10161200
vt 0.71773500 0.10161200
vt 0.72087400 0.10161200
vt 0.72401200 0.10161200
vt 0.72715100 0.10161200
vt 0.73028900 0.10161200
vt 0.73342800 0.10161200
vt 0.71145800 0.10605400
vt 0.73342800 0.11049700
vt 0.73028900 0.11049700
vt 0.72715100 0.11049700
vt 0.72401200 0.11049700
vt 0.72087400 0.11049700
vt 0.71773500 0.11049700
vt 0.71459700 0.11049700
vt 0.75282200 0.14646100
vt 0.74566200 0.14646100
vt 0.75282200 0.20336400
vt 0.74566200 0.20336400
vt 0.75282200 0.15083800
vt 0.75282200 0.15521500
vt 0.75282200 0.15959200
vt 0.75282200 0.16397000
vt 0.75282200 0.16834700
vt 0.75282200 0.17272400
vt 0.75282200 0.17710100
vt 0.75282200 0.18147800
vt 0.75282200 0.18585500
vt 0.75282200 0.19023200
vt 0.75282200 0.19460900
vt 0.75282200 0.19898700
vt 0.74566200 0.20001600
vt 0.74566200 0.19666900
vt 0.74566200 0.19332200
vt 0.74566200 0.18997500
vt 0.74566200 0.18662800
vt 0.74566200 0.18328000
vt 0.74566200 0.17993300
vt 0.74566200 0.17658600
vt 0.74566200 0.17323900
vt 0.74566200 0.16989200
vt 0.74566200 0.16654400
vt 0.74566200 0.16319700
vt 0.74566200 0.15985000
vt 0.74566200 0.15650300
vt 0.74566200 0.15315600
vt 0.74566200 0.14980800
vt 0.67782700 0.10161200
vt 0.67066700 0.10161200
vt 0.67782700 0.15851400
vt 0.67066700 0.15851400
vt 0.67782700 0.10598900
vt 0.67782700 0.11036600
vt 0.67782700 0.11474300
vt 0.67782700 0.11912000
vt 0.67782700 0.12349700
vt 0.67782700 0.12787500
vt 0.67782700 0.13225200
vt 0.67782700 0.13662900
vt 0.67782700 0.14100600
vt 0.67782700 0.14538300
vt 0.67782700 0.14976000
vt 0.67782700 0.15413700
vt 0.67066700 0.15516700
vt 0.67066700 0.15182000
vt 0.67066700 0.14847300
vt 0.67066700 0.14512600
vt 0.67066700 0.14177800
vt 0.67066700 0.13843100
vt 0.67066700 0.13508400
vt 0.67066700 0.13173700
vt 0.67066700 0.12838900
vt 0.67066700 0.12504200
vt 0.67066700 0.12169500
vt 0.67066700 0.11834800
vt 0.67066700 0.11500100
vt 0.67066700 0.11165300
vt 0.67066700 0.10830600
vt 0.67066700 0.10495900
vt 0.66920300 0.10161200
vt 0.66204200 0.10161200
vt 0.66920300 0.15851400
vt 0.66204200 0.15851400
vt 0.66920300 0.10598900
vt 0.66920300 0.11036600
vt 0.66920300 0.11474300
vt 0.66920300 0.11912000
vt 0.66920300 0.12349700
vt 0.66920300 0.12787500
vt 0.66920300 0.13225200
vt 0.66920300 0.13662900
vt 0.66920300 0.14100600
vt 0.66920300 0.14538300
vt 0.66920300 0.14976000
vt 0.66920300 0.15413700
vt 0.66204200 0.15516700
vt 0.66204200 0.15182000
vt 0.66204200 0.14847300
vt 0.66204200 0.14512600
vt 0.66204200 0.14177800
vt 0.66204200 0.13843100
vt 0.66204200 0.13508400
vt 0.66204200 0.13173700
vt 0.66204200 0.12838900
vt 0.66204200 0.12504200
vt 0.66204200 0.12169500
vt 0.66204200 0.11834800
vt 0.66204200 0.11500100
vt 0.66204200 0.11165300
vt 0.66204200 0.10830600
vt 0.66204200 0.10495900
vt 0.74419700 0.14646100
vt 0.73703700 0.14646100
vt 0.74419700 0.20336400
vt 0.73703700 0.20336400
vt 0.74419700 0.15083800
vt 0.74419700 0.15521500
vt 0.74419700 0.15959200
vt 0.74419700 0.16397000
vt 0.74419700 0.16834700
vt 0.74419700 0.17272400
vt 0.74419700 0.17710100
vt 0.74419700 0.18147800
vt 0.74419700 0.18585500
vt 0.74419700 0.19023200
vt 0.74419700 0.19460900
vt 0.74419700 0.19898700
vt 0.73703700 0.20001600
vt 0.73703700 0.19666900
vt 0.73703700 0.19332200
vt 0.73703700 0.18997500
vt 0.73703700 0.18662800
vt 0.73703700 0.18328000
vt 0.73703700 0.17993300
vt 0.73703700 0.17658600
vt 0.73703700 0.17323900
vt 0.73703700 0.16989200
vt 0.73703700 0.16654400
vt 0.73703700 0.16319700
vt 0.73703700 0.15985000
vt 0.73703700 0.15650300
vt 0.73703700 0.15315600
vt 0.73703700 0.14980800
vt 0.72547800 0.00000000
vt 0.71739000 0.00000000
vt 0.72547800 0.05690300
vt 0.71739000 0.05690300
vt 0.72547800 0.00437700
vt 0.72547800 0.00875400
vt 0.72547800 0.01313100
vt 0.72547800 0.01750800
vt 0.72547800 0.02188600
vt 0.72547800 0.02626300
vt 0.72547800 0.03064000
vt 0.72547800 0.03501700
vt 0.72547800 0.03939400
vt 0.72547800 0.04377100
vt 0.72547800 0.04814800
vt 0.72547800 0.05252500
vt 0.71739000 0.05355500
vt 0.71739000 0.05020800
vt 0.71739000 0.04686100
vt 0.71739000 0.04351400
vt 0.71739000 0.04016700
vt 0.71739000 0.03681900
vt 0.71739000 0.03347200
vt 0.71739000 0.03012500
vt 0.71739000 0.02677800
vt 0.71739000 0.02343000
vt 0.71739000 0.02008300
vt 0.71739000 0.01673600
vt 0.71739000 0.01338900
vt 0.71739000 0.01004200
vt 0.71739000 0.00669400
vt 0.71739000 0.00334700
vt 0.71145800 0.11196200
vt 0.71145800 0.11912200
vt 0.76836100 0.11196200
vt 0.76836100 0.11912200
vt 0.71583500 0.11196200
vt 0.72021300 0.11196200
vt 0.72459000 0.11196200
vt 0.72896700 0.11196200
vt 0.73334400 0.11196200
vt 0.73772100 0.11196200
vt 0.74209800 0.11196200
vt 0.74647500 0.11196200
vt 0.75085200 0.11196200
vt 0.75522900 0.11196200
vt 0.75960700 0.11196200
vt 0.76398400 0.11196200
vt 0.76501400 0.11912200
vt 0.76166600 0.11912200
vt 0.75831900 0.11912200
vt 0.75497200 0.11912200
vt 0.75162500 0.11912200
vt 0.74827800 0.11912200
vt 0.74493000 0.11912200
vt 0.74158300 0.11912200
vt 0.73823600 0.11912200
vt 0.73488900 0.11912200
vt 0.73154200 0.11912200
vt 0.72819400 0.11912200
vt 0.72484700 0.11912200
vt 0.72150000 0.11912200
vt 0.71815300 0.11912200
vt 0.71480500 0.11912200
vt 0.65752800 0.10161200
vt 0.62880600 0.10161200
vt 0.65752800 0.53515500
vt 0.65752800 0.96869900
vt 0.62880600 0.96869900
vt 0.65752800 0.11169400
vt 0.65752800 0.12177700
vt 0.65752800 0.13185900
vt 0.65752800 0.14194100
vt 0.65752800 0.15202400
vt 0.65752800 0.16210600
vt 0.65752800 0.17218900
vt 0.65752800 0.18227100
vt 0.65752800 0.19235300
vt 0.65752800 0.20243600
vt 0.65752800 0.21251800
vt 0.65752800 0.22260100
vt 0.65752800 0.23268300
vt 0.65752800 0.24276600
vt 0.65752800 0.25284800
vt 0.65752800 0.26293000
vt 0.65752800 0.27301300
vt 0.65752800 0.28309500
vt 0.65752800 0.29317800
vt 0.65752800 0.30326000
vt 0.65752800 0.31334200
vt 0.65752800 0.32342500
vt 0.65752800 0.33350700
vt 0.65752800 0.34359000
vt 0.65752800 0.35367200
vt 0.65752800 0.36375400
vt 0.65752800 0.37383700
vt 0.65752800 0.38391900
vt 0.65752800 0.39400200
vt 0.65752800 0.40408400
vt 0.65752800 0.41416600
vt 0.65752800 0.42424900
vt 0.65752800 0.43433100
vt 0.65752800 0.44441400
vt 0.65752800 0.45449600
vt 0.65752800 0.46457800
vt 0.65752800 0.47466100
vt 0.65752800 0.48474300
vt 0.65752800 0.49482600
vt 0.65752800 0.50490800
vt 0.65752800 0.51499100
vt 0.65752800 0.52507300
vt 0.65752800 0.54523800
vt 0.65752800 0.55532000
vt 0.65752800 0.56540300
vt 0.65752800 0.57548500
vt 0.65752800 0.58556700
vt 0.65752800 0.59565000
vt 0.65752800 0.60573200
vt 0.65752800 0.61581500
vt 0.65752800 0.62589700
vt 0.65752800 0.63597900
vt 0.65752800 0.64606200
vt 0.65752800 0.65614400
vt 0.65752800 0.66622700
vt 0.65752800 0.67630900
vt 0.65752800 0.68639100
vt 0.65752800 0.69647400
vt 0.65752800 0.70655600
vt 0.65752800 0.71663900
vt 0.65752800 0.72672100
vt 0.65752800 0.73680400
vt 0.65752800 0.74688600
vt 0.65752800 0.75696800
vt 0.65752800 0.76705100
vt 0.65752800 0.77713300
vt 0.65752800 0.78721600
vt 0.65752800 0.79729800
vt 0.65752800 0.80738000
vt 0.65752800 0.81746300
vt 0.65752800 0.82754500
vt 0.65752800 0.83762800
vt 0.65752800 0.84771000
vt 0.65752800 0.85779200
vt 0.65752800 0.86787500
vt 0.65752800 0.87795700
vt 0.65752800 0.88804000
vt 0.65752800 0.89812200
vt 0.65752800 0.90820400
vt 0.65752800 0.91828700
vt 0.65752800 0.92836900
vt 0.65752800 0.93845200
vt 0.65752800 0.94853400
vt 0.65752800 0.95861600
vt 0.62880600 0.94755000
vt 0.62880600 0.92640200
vt 0.62880600 0.90525400
vt 0.62880600 0.88410500
vt 0.62880600 0.86295700
vt 0.62880600 0.84180800
vt 0.62880600 0.82066000
vt 0.62880600 0.79951100
vt 0.62880600 0.77836300
vt 0.62880600 0.75721400
vt 0.62880600 0.73606600
vt 0.62880600 0.71491700
vt 0.62880600 0.69376900
vt 0.62880600 0.67262000
vt 0.62880600 0.65147200
vt 0.62880600 0.63032300
vt 0.62880600 0.60917500
vt 0.62880600 0.58802700
vt 0.62880600 0.56687800
vt 0.62880600 0.54573000
vt 0.62880600 0.52458100
vt 0.62880600 0.50343300
vt 0.62880600 0.48228400
vt 0.62880600 0.46113600
vt 0.62880600 0.43998700
vt 0.62880600 0.41883900
vt 0.62880600 0.39769000
vt 0.62880600 0.37654200
vt 0.62880600 0.35539300
vt 0.62880600 0.33424500
vt 0.62880600 0.31309600
vt 0.62880600 0.29194800
vt 0.62880600 0.27080000
vt 0.62880600 0.24965100
vt 0.62880600 0.22850300
vt 0.62880600 0.20735400
vt 0.62880600 0.18620600
vt 0.62880600 0.16505700
vt 0.62880600 0.14390900
vt 0.62880600 0.12276000
vt 0.51602300 0.02716800
vt 0.48885400 0.02716800
vt 0.46168600 0.02716800
vt 0.57035900 0.05433700
vt 0.40734900 0.05433700
vt 0.59752800 0.08150500
vt 0.57035900 0.08150500
vt 0.40734900 0.08150500
vt 0.38018100 0.08150500
vt 0.59752800 0.10867300
vt 0.38018100 0.10867300
vt 0.59752800 0.16301000
vt 0.38018100 0.16301000
vt 0.59752800 0.19017800
vt 0.57035900 0.19017800
vt 0.40734900 0.19017800
vt 0.38018100 0.19017800
vt 0.57035900 0.21734700
vt 0.40734900 0.21734700
vt 0.51602300 0.24451500
vt 0.48885400 0.24451500
vt 0.46168600 0.24451500
vt 0.48885400 0.27168300
vt 0.38320000 0.15201300
vt 0.39021600 0.15041200
vt 0.39584300 0.14592500
vt 0.39896600 0.13944000
vt 0.39896600 0.13224300
vt 0.39584300 0.12575900
vt 0.39021600 0.12127200
vt 0.38320000 0.11967000
vt 0.37618300 0.12127200
vt 0.37055600 0.12575900
vt 0.36743400 0.13224300
vt 0.36743400 0.13944000
vt 0.37055600 0.14592500
vt 0.37618300 0.15041200
vt 0.39376500 0.16301000
vt 0.39376500 0.10867300
vt 0.36659700 0.12225800
vt 0.43602700 0.06051400
vt 0.44304400 0.05891200
vt 0.44867100 0.05442500
vt 0.45179300 0.04794100
vt 0.45179300 0.04074400
vt 0.44867100 0.03425900
vt 0.44304400 0.02977200
vt 0.43602700 0.02817000
vt 0.42901100 0.02977200
vt 0.42338400 0.03425900
vt 0.42026100 0.04074400
vt 0.42026100 0.04794100
vt 0.42338400 0.05442500
vt 0.42901100 0.05891200
vt 0.46168600 0.04075300
vt 0.40734900 0.06792100
vt 0.42093400 0.06792100
vt 0.54168200 0.06051400
vt 0.54869800 0.05891200
vt 0.55432500 0.05442500
vt 0.55744800 0.04794100
vt 0.55744800 0.04074400
vt 0.55432500 0.03425900
vt 0.54869800 0.02977200
vt 0.54168200 0.02817000
vt 0.53466500 0.02977200
vt 0.52903800 0.03425900
vt 0.52591600 0.04074400
vt 0.52591600 0.04794100
vt 0.52903800 0.05442500
vt 0.53466500 0.05891200
vt 0.57035900 0.06792100
vt 0.55677500 0.06792100
vt 0.51602300 0.04075300
vt 0.59450900 0.15201300
vt 0.60152600 0.15041200
vt 0.60715300 0.14592500
vt 0.61027500 0.13944000
vt 0.61027500 0.13224300
vt 0.60715300 0.12575900
vt 0.60152600 0.12127200
vt 0.59450900 0.11967000
vt 0.58749300 0.12127200
vt 0.58186600 0.12575900
vt 0.57874300 0.13224300
vt 0.57874300 0.13944000
vt 0.58186600 0.14592500
vt 0.58749300 0.15041200
vt 0.58394400 0.16301000
vt 0.61111200 0.14942600
vt 0.58394400 0.10867300
vt 0.54168200 0.24351300
vt 0.54869800 0.24191100
vt 0.55432500 0.23742400
vt 0.55744800 0.23094000
vt 0.55744800 0.22374300
vt 0.55432500 0.21725800
vt 0.54869800 0.21277100
vt 0.54168200 0.21117000
vt 0.53466500 0.21277100
vt 0.52903800 0.21725800
vt 0.52591600 0.22374300
vt 0.52591600 0.23094000
vt 0.52903800 0.23742400
vt 0.53466500 0.24191100
vt 0.51602300 0.23093100
vt 0.57035900 0.20376300
vt 0.55677500 0.20376300
vt 0.43602700 0.24351300
vt 0.44304400 0.24191100
vt 0.44867100 0.23742400
vt 0.45179300 0.23094000
vt 0.45179300 0.22374300
vt 0.44867100 0.21725800
vt 0.44304400 0.21277100
vt 0.43602700 0.21117000
vt 0.42901100 0.21277100
vt 0.42338400 0.21725800
vt 0.42026100 0.22374300
vt 0.42026100 0.23094000
vt 0.42338400 0.23742400
vt 0.42901100 0.24191100
vt 0.46168600 0.23093100
vt 0.40734900 0.20376300
vt 0.42093400 0.20376300
vt 0.47870300 0.27130400
vt 0.46860800 0.27016600
vt 0.45862700 0.26827800
vt 0.44881400 0.26564800
vt 0.43922600 0.26229300
vt 0.42991500 0.25823100
vt 0.42093400 0.25348400
vt 0.41233200 0.24807900
vt 0.40415900 0.24204700
vt 0.39645900 0.23542100
vt 0.38927500 0.22823700
vt 0.38264900 0.22053800
vt 0.37661700 0.21236400
vt 0.37121200 0.20376300
vt 0.36646500 0.19478100
vt 0.36240300 0.18547000
vt 0.35904800 0.17588200
vt 0.35641900 0.16606900
vt 0.35453000 0.15608800
vt 0.35339300 0.14599300
vt 0.35301300 0.13584200
vt 0.35339300 0.12569000
vt 0.35453000 0.11559600
vt 0.35641900 0.10561400
vt 0.35904800 0.09580200
vt 0.36240300 0.08621300
vt 0.36646500 0.07690200
vt 0.37121200 0.06792100
vt 0.37661700 0.05931900
vt 0.38264900 0.05114600
vt 0.38927500 0.04344600
vt 0.39645900 0.03626300
vt 0.40415900 0.02963600
vt 0.41233200 0.02360400
vt 0.42093400 0.01819900
vt 0.42991500 0.01345300
vt 0.43922600 0.00939000
vt 0.44881400 0.00603500
vt 0.45862700 0.00340600
vt 0.46860800 0.00151700
vt 0.47870300 0.00038000
vt 0.48885400 0.00000000
vt 0.49900600 0.00038000
vt 0.50910100 0.00151700
vt 0.51908200 0.00340600
vt 0.52889400 0.00603500
vt 0.53848300 0.00939000
vt 0.54779400 0.01345300
vt 0.55677500 0.01819900
vt 0.56537700 0.02360400
vt 0.57355000 0.02963600
vt 0.58125000 0.03626300
vt 0.58843300 0.04344600
vt 0.59506000 0.05114600
vt 0.60109200 0.05931900
vt 0.60649700 0.06792100
vt 0.61124400 0.07690200
vt 0.61530600 0.08621300
vt 0.61866100 0.09580200
vt 0.62129000 0.10561400
vt 0.62317900 0.11559600
vt 0.62431600 0.12569000
vt 0.62469600 0.13584200
vt 0.62431600 0.14599300
vt 0.62317900 0.15608800
vt 0.62129000 0.16606900
vt 0.61866100 0.17588200
vt 0.61530600 0.18547000
vt 0.61124400 0.19478100
vt 0.60649700 0.20376300
vt 0.60109200 0.21236400
vt 0.59506000 0.22053800
vt 0.58843300 0.22823700
vt 0.58125000 0.23542100
vt 0.57355000 0.24204700
vt 0.56537700 0.24807900
vt 0.55677500 0.25348400
vt 0.54779400 0.25823100
vt 0.53848300 0.26229300
vt 0.52889400 0.26564800
vt 0.51908200 0.26827800
vt 0.50910100 0.27016600
vt 0.49900600 0.27130400
vt 0.48885400 0.22424700
vt 0.49562200 0.22398700
vt 0.50234900 0.22321100
vt 0.50899800 0.22192100
vt 0.51552800 0.22012700
vt 0.52190200 0.21783700
vt 0.52808100 0.21506700
vt 0.53403100 0.21183200
vt 0.53971500 0.20815100
vt 0.54510100 0.20404500
vt 0.55015700 0.19953900
vt 0.55485300 0.19466000
vt 0.55916200 0.18943500
vt 0.56305800 0.18389600
vt 0.56651900 0.17807400
vt 0.56952400 0.17200500
vt 0.57205600 0.16572400
vt 0.57409900 0.15926700
vt 0.57564200 0.15267300
vt 0.57667600 0.14598000
vt 0.57719500 0.13922800
vt 0.57719500 0.13245600
vt 0.57667600 0.12570300
vt 0.57564200 0.11901000
vt 0.57409900 0.11241600
vt 0.57205600 0.10595900
vt 0.56952400 0.09967800
vt 0.56651900 0.09360900
vt 0.56305800 0.08778800
vt 0.55916200 0.08224800
vt 0.55485300 0.07702400
vt 0.55015700 0.07214400
vt 0.54510100 0.06763800
vt 0.53971500 0.06353300
vt 0.53403100 0.05985200
vt 0.52808100 0.05661600
vt 0.52190200 0.05384600
vt 0.51552800 0.05155700
vt 0.50899800 0.04976200
vt 0.50234900 0.04847300
vt 0.49562200 0.04769600
vt 0.48885400 0.04743700
vt 0.48208700 0.04769600
vt 0.47536000 0.04847300
vt 0.46871100 0.04976200
vt 0.46218100 0.05155700
vt 0.45580700 0.05384600
vt 0.44962700 0.05661600
vt 0.44367800 0.05985200
vt 0.43799300 0.06353300
vt 0.43260800 0.06763800
vt 0.42755200 0.07214400
vt 0.42285500 0.07702400
vt 0.41854700 0.08224800
vt 0.41465000 0.08778800
vt 0.41119000 0.09360900
vt 0.40818500 0.09967800
vt 0.40565300 0.10595900
vt 0.40361000 0.11241600
vt 0.40206700 0.11901000
vt 0.40103300 0.12570300
vt 0.40051400 0.13245600
vt 0.40051400 0.13922800
vt 0.40103300 0.14598000
vt 0.40206700 0.15267300
vt 0.40361000 0.15926700
vt 0.40565300 0.16572400
vt 0.40818500 0.17200500
vt 0.41119000 0.17807400
vt 0.41465000 0.18389600
vt 0.41854700 0.18943500
vt 0.42285500 0.19466000
vt 0.42755200 0.19953900
vt 0.43260800 0.20404500
vt 0.43799300 0.20815100
vt 0.44367800 0.21183200
vt 0.44962700 0.21506700
vt 0.45580700 0.21783700
vt 0.46218100 0.22012700
vt 0.46871100 0.22192100
vt 0.47536000 0.22321100
vt 0.48208700 0.22398700
vt 0.50243900 0.24451500
vt 0.48885400 0.23093100
vt 0.50243900 0.23093100
vt 0.47527000 0.24451500
vt 0.47527000 0.23093100
vt 0.57035900 0.17659400
vt 0.58394400 0.19017800
vt 0.59752800 0.17659400
vt 0.58394400 0.17659400
vt 0.57035900 0.09508900
vt 0.58394400 0.08150500
vt 0.59752800 0.09508900
vt 0.58394400 0.09508900
vt 0.48885400 0.04075300
vt 0.50243900 0.02716800
vt 0.50243900 0.04075300
vt 0.47527000 0.02716800
vt 0.47527000 0.04075300
vt 0.40734900 0.09508900
vt 0.38018100 0.09508900
vt 0.39376500 0.08150500
vt 0.39376500 0.09508900
vt 0.39376500 0.19017800
vt 0.38018100 0.17659400
vt 0.40734900 0.17659400
vt 0.39376500 0.17659400
vt 0.52038500 0.02528200
vt 0.52369200 0.02446700
vt 0.52624100 0.02220900
vt 0.52744900 0.01902400
vt 0.52703900 0.01564300
vt 0.52510400 0.01284100
vt 0.52208800 0.01125800
vt 0.51868300 0.01125800
vt 0.51566700 0.01284100
vt 0.51373200 0.01564300
vt 0.51332200 0.01902400
vt 0.51452900 0.02220900
vt 0.51707900 0.02446700
vt 0.48885400 0.01358400
vt 0.50243900 0.01358400
vt 0.50923100 0.01358400
vt 0.50243900 0.00679200
vt 0.50923100 0.00679200
vt 0.50923100 0.02716800
vt 0.50243900 0.02037600
vt 0.50923100 0.02037600
vt 0.60653000 0.17448800
vt 0.60983600 0.17367300
vt 0.61238600 0.17141500
vt 0.61359300 0.16823000
vt 0.61318300 0.16484900
vt 0.61124800 0.16204700
vt 0.60823200 0.16046400
vt 0.60482700 0.16046400
vt 0.60181100 0.16204700
vt 0.59987600 0.16484900
vt 0.59946600 0.16823000
vt 0.60067400 0.17141500
vt 0.60322300 0.17367300
vt 0.61111200 0.17659400
vt 0.60432000 0.17659400
vt 0.59752800 0.16980200
vt 0.61111200 0.15621800
vt 0.61790400 0.14942600
vt 0.61790400 0.15621800
vt 0.60432000 0.14942600
vt 0.60432000 0.15621800
vt 0.45732300 0.26063200
vt 0.46063000 0.25981700
vt 0.46317900 0.25755900
vt 0.46438700 0.25437500
vt 0.46397700 0.25099400
vt 0.46204200 0.24819100
vt 0.45902600 0.24660800
vt 0.45562100 0.24660800
vt 0.45260500 0.24819100
vt 0.45067000 0.25099400
vt 0.45026000 0.25437500
vt 0.45146800 0.25755900
vt 0.45401700 0.25981700
vt 0.48885400 0.25809900
vt 0.47527000 0.25809900
vt 0.46847800 0.25809900
vt 0.46847800 0.24451500
vt 0.47527000 0.25130700
vt 0.46847800 0.25130700
vt 0.37117900 0.11142600
vt 0.37448600 0.11061100
vt 0.37703500 0.10835300
vt 0.37824300 0.10516800
vt 0.37783200 0.10178800
vt 0.37589800 0.09898500
vt 0.37288200 0.09740200
vt 0.36947600 0.09740200
vt 0.36646100 0.09898500
vt 0.36452600 0.10178800
vt 0.36411600 0.10516800
vt 0.36532300 0.10835300
vt 0.36787300 0.11061100
vt 0.37338900 0.12225800
vt 0.36659700 0.11546500
vt 0.37338900 0.11546500
vt 0.36659700 0.09508900
vt 0.37338900 0.09508900
vt 0.38018100 0.10188100
vt 0.02522800 0.15041100
vt 0.02461600 0.14714000
vt 0.02286400 0.14431000
vt 0.02020800 0.14230500
vt 0.01700700 0.14139400
vt 0.01369300 0.14170100
vt 0.01071400 0.14318400
vt 0.00847200 0.14564400
vt 0.00727000 0.14874700
vt 0.00727000 0.15207500
vt 0.00847200 0.15517900
vt 0.01071400 0.15763800
vt 0.01369300 0.15912200
vt 0.01700700 0.15942900
vt 0.02020800 0.15851800
vt 0.02286400 0.15651200
vt 0.02461600 0.15368300
vt 0.03234300 0.15041100
vt 0.03199000 0.15377400
vt 0.03094500 0.15698900
vt 0.02925500 0.15991700
vt 0.02699300 0.16242900
vt 0.02425700 0.16441600
vt 0.02116900 0.16579100
vt 0.01786200 0.16649400
vt 0.01448100 0.16649400
vt 0.01117400 0.16579100
vt 0.00808600 0.16441600
vt 0.00535100 0.16242900
vt 0.00308900 0.15991700
vt 0.00139800 0.15698900
vt 0.00035300 0.15377400
vt 0.00000000 0.15041100
vt 0.00035300 0.14704900
vt 0.00139800 0.14383400
vt 0.00308900 0.14090600
vt 0.00535100 0.13839300
vt 0.00808600 0.13640600
vt 0.01117400 0.13503100
vt 0.01448100 0.13432800
vt 0.01786200 0.13432800
vt 0.02116900 0.13503100
vt 0.02425700 0.13640600
vt 0.02699300 0.13839300
vt 0.02925500 0.14090600
vt 0.03094500 0.14383400
vt 0.03199000 0.14704900
vt 0.00462000 0.14348100
vt 0.00924100 0.13886000
vt 0.00462000 0.15272200
vt 0.01848200 0.13886000
vt 0.00462000 0.15734200
vt 0.00924100 0.16196300
vt 0.01848200 0.16196300
vt 0.02310200 0.13886000
vt 0.02772300 0.14348100
vt 0.02772300 0.15272200
vt 0.02310200 0.16196300
vt 0.02772300 0.15734200
vt 0.66516200 0.00000000
vt 0.64791200 0.00000000
vt 0.66516200 0.05007300
vt 0.64791200 0.05007300
vt 0.66516200 0.10014700
vt 0.64791200 0.10014700
vt 0.66516200 0.00333800
vt 0.66516200 0.00667600
vt 0.66516200 0.01001500
vt 0.66516200 0.01335300
vt 0.66516200 0.01669100
vt 0.66516200 0.02002900
vt 0.66516200 0.02336800
vt 0.66516200 0.02670600
vt 0.66516200 0.03004400
vt 0.66516200 0.03338200
vt 0.66516200 0.03672100
vt 0.66516200 0.04005900
vt 0.66516200 0.04339700
vt 0.66516200 0.04673500
vt 0.66516200 0.05341200
vt 0.66516200 0.05675000
vt 0.66516200 0.06008800
vt 0.66516200 0.06342600
vt 0.66516200 0.06676500
vt 0.66516200 0.07010300
vt 0.66516200 0.07344100
vt 0.66516200 0.07677900
vt 0.66516200 0.08011800
vt 0.66516200 0.08345600
vt 0.66516200 0.08679400
vt 0.66516200 0.09013200
vt 0.66516200 0.09347000
vt 0.66516200 0.09680900
vt 0.65653700 0.00000000
vt 0.65653700 0.10014700
vt 0.64791200 0.09299400
vt 0.64791200 0.08584000
vt 0.64791200 0.07868700
vt 0.64791200 0.07153400
vt 0.64791200 0.06438000
vt 0.64791200 0.05722700
vt 0.64791200 0.04292000
vt 0.64791200 0.03576700
vt 0.64791200 0.02861300
vt 0.64791200 0.02146000
vt 0.64791200 0.01430700
vt 0.64791200 0.00715300
vt 0.02522800 0.58324700
vt 0.02461600 0.57997600
vt 0.02286400 0.57714600
vt 0.02020800 0.57514000
vt 0.01700700 0.57423000
vt 0.01369300 0.57453700
vt 0.01071400 0.57602000
vt 0.00847200 0.57848000
vt 0.00727000 0.58158300
vt 0.00727000 0.58491100
vt 0.00847200 0.58801500
vt 0.01071400 0.59047400
vt 0.01369300 0.59195800
vt 0.01700700 0.59226500
vt 0.02020800 0.59135400
vt 0.02286400 0.58934800
vt 0.02461600 0.58651900
vt 0.03234300 0.58324700
vt 0.03199000 0.58660900
vt 0.03094500 0.58982500
vt 0.02925500 0.59275300
vt 0.02699300 0.59526500
vt 0.02425700 0.59725200
vt 0.02116900 0.59862700
vt 0.01786200 0.59933000
vt 0.01448100 0.59933000
vt 0.01117400 0.59862700
vt 0.00808600 0.59725200
vt 0.00535100 0.59526500
vt 0.00308900 0.59275300
vt 0.00139800 0.58982500
vt 0.00035300 0.58660900
vt 0.00000000 0.58324700
vt 0.00035300 0.57988500
vt 0.00139800 0.57667000
vt 0.00308900 0.57374200
vt 0.00535100 0.57122900
vt 0.00808600 0.56924200
vt 0.01117400 0.56786700
vt 0.01448100 0.56716400
vt 0.01786200 0.56716400
vt 0.02116900 0.56786700
vt 0.02425700 0.56924200
vt 0.02699300 0.57122900
vt 0.02925500 0.57374200
vt 0.03094500 0.57667000
vt 0.03199000 0.57988500
vt 0.00462000 0.57631600
vt 0.00462000 0.58555700
vt 0.00924100 0.57169600
vt 0.01848200 0.57169600
vt 0.00462000 0.59017800
vt 0.00924100 0.59479800
vt 0.01848200 0.59479800
vt 0.02310200 0.57169600
vt 0.02772300 0.57631600
vt 0.02772300 0.58555700
vt 0.02310200 0.59479800
vt 0.02772300 0.59017800
vt 0.64605600 0.00000000
vt 0.62880600 0.00000000
vt 0.64605600 0.05007300
vt 0.62880600 0.05007300
vt 0.64605600 0.10014700
vt 0.62880600 0.10014700
vt 0.64605600 0.00333800
vt 0.64605600 0.00667600
vt 0.64605600 0.01001500
vt 0.64605600 0.01335300
vt 0.64605600 0.01669100
vt 0.64605600 0.02002900
vt 0.64605600 0.02336800
vt 0.64605600 0.02670600
vt 0.64605600 0.03004400
vt 0.64605600 0.03338200
vt 0.64605600 0.03672100
vt 0.64605600 0.04005900
vt 0.64605600 0.04339700
vt 0.64605600 0.04673500
vt 0.64605600 0.05341200
vt 0.64605600 0.05675000
vt 0.64605600 0.06008800
vt 0.64605600 0.06342600
vt 0.64605600 0.06676500
vt 0.64605600 0.07010300
vt 0.64605600 0.07344100
vt 0.64605600 0.07677900
vt 0.64605600 0.08011800
vt 0.64605600 0.08345600
vt 0.64605600 0.08679400
vt 0.64605600 0.09013200
vt 0.64605600 0.09347000
vt 0.64605600 0.09680900
vt 0.63743100 0.00000000
vt 0.63743100 0.10014700
vt 0.62880600 0.09299400
vt 0.62880600 0.08584000
vt 0.62880600 0.07868700
vt 0.62880600 0.07153400
vt 0.62880600 0.06438000
vt 0.62880600 0.05722700
vt 0.62880600 0.04292000
vt 0.62880600 0.03576700
vt 0.62880600 0.02861300
vt 0.62880600 0.02146000
vt 0.62880600 0.01430700
vt 0.62880600 0.00715300
vt 0.01608300 0.02522800
vt 0.01935400 0.02461600
vt 0.02218400 0.02286400
vt 0.02419000 0.02020800
vt 0.02510100 0.01700700
vt 0.02479300 0.01369300
vt 0.02331000 0.01071400
vt 0.02085000 0.00847200
vt 0.01774700 0.00727000
vt 0.01441900 0.00727000
vt 0.01131600 0.00847200
vt 0.00885600 0.01071400
vt 0.00737300 0.01369300
vt 0.00706600 0.01700700
vt 0.00797600 0.02020800
vt 0.00998200 0.02286400
vt 0.01281200 0.02461600
vt 0.01608300 0.03234300
vt 0.01272100 0.03199000
vt 0.00950500 0.03094500
vt 0.00657800 0.02925500
vt 0.00406500 0.02699300
vt 0.00207800 0.02425700
vt 0.00070300 0.02116900
vt 0.00000000 0.01786200
vt 0.00000000 0.01448100
vt 0.00070300 0.01117400
vt 0.00207800 0.00808600
vt 0.00406500 0.00535100
vt 0.00657800 0.00308900
vt 0.00950500 0.00139800
vt 0.01272100 0.00035300
vt 0.01608300 0.00000000
vt 0.01944500 0.00035300
vt 0.02266100 0.00139800
vt 0.02558800 0.00308900
vt 0.02810100 0.00535100
vt 0.03008800 0.00808600
vt 0.03146300 0.01117400
vt 0.03216600 0.01448100
vt 0.03216600 0.01786200
vt 0.03146300 0.02116900
vt 0.03008800 0.02425700
vt 0.02810100 0.02699300
vt 0.02558800 0.02925500
vt 0.02266100 0.03094500
vt 0.01944500 0.03199000
vt 0.02301400 0.00462000
vt 0.02763400 0.00924100
vt 0.01377300 0.00462000
vt 0.02763400 0.01848200
vt 0.00915200 0.00462000
vt 0.00453200 0.00924100
vt 0.00453200 0.01848200
vt 0.02763400 0.02310200
vt 0.02301400 0.02772300
vt 0.01377300 0.02772300
vt 0.00453200 0.02310200
vt 0.00915200 0.02772300
vt 0.70337400 0.00000000
vt 0.68612500 0.00000000
vt 0.70337400 0.05007300
vt 0.68612500 0.05007300
vt 0.70337400 0.10014700
vt 0.68612500 0.10014700
vt 0.70337400 0.00333800
vt 0.70337400 0.00667600
vt 0.70337400 0.01001500
vt 0.70337400 0.01335300
vt 0.70337400 0.01669100
vt 0.70337400 0.02002900
vt 0.70337400 0.02336800
vt 0.70337400 0.02670600
vt 0.70337400 0.03004400
vt 0.70337400 0.03338200
vt 0.70337400 0.03672100
vt 0.70337400 0.04005900
vt 0.70337400 0.04339700
vt 0.70337400 0.04673500
vt 0.70337400 0.05341200
vt 0.70337400 0.05675000
vt 0.70337400 0.06008800
vt 0.70337400 0.06342600
vt 0.70337400 0.06676500
vt 0.70337400 0.07010300
vt 0.70337400 0.07344100
vt 0.70337400 0.07677900
vt 0.70337400 0.08011800
vt 0.70337400 0.08345600
vt 0.70337400 0.08679400
vt 0.70337400 0.09013200
vt 0.70337400 0.09347000
vt 0.70337400 0.09680900
vt 0.69474900 0.00000000
vt 0.69474900 0.10014700
vt 0.68612500 0.09299400
vt 0.68612500 0.08584000
vt 0.68612500 0.07868700
vt 0.68612500 0.07153400
vt 0.68612500 0.06438000
vt 0.68612500 0.05722700
vt 0.68612500 0.04292000
vt 0.68612500 0.03576700
vt 0.68612500 0.02861300
vt 0.68612500 0.02146000
vt 0.68612500 0.01430700
vt 0.68612500 0.00715300
vt 0.05899300 0.02522800
vt 0.06226500 0.02461600
vt 0.06509400 0.02286400
vt 0.06710000 0.02020800
vt 0.06801100 0.01700700
vt 0.06770400 0.01369300
vt 0.06622000 0.01071400
vt 0.06376100 0.00847200
vt 0.06065700 0.00727000
vt 0.05732900 0.00727000
vt 0.05422600 0.00847200
vt 0.05176600 0.01071400
vt 0.05028300 0.01369300
vt 0.04997600 0.01700700
vt 0.05088600 0.02020800
vt 0.05289200 0.02286400
vt 0.05572200 0.02461600
vt 0.05899300 0.03234300
vt 0.05563100 0.03199000
vt 0.05241600 0.03094500
vt 0.04948800 0.02925500
vt 0.04697500 0.02699300
vt 0.04498800 0.02425700
vt 0.04361300 0.02116900
vt 0.04291000 0.01786200
vt 0.04291000 0.01448100
vt 0.04361300 0.01117400
vt 0.04498800 0.00808600
vt 0.04697500 0.00535100
vt 0.04948800 0.00308900
vt 0.05241600 0.00139800
vt 0.05563100 0.00035300
vt 0.05899300 0.00000000
vt 0.06235500 0.00035300
vt 0.06557100 0.00139800
vt 0.06849900 0.00308900
vt 0.07101100 0.00535100
vt 0.07299800 0.00808600
vt 0.07437300 0.01117400
vt 0.07507600 0.01448100
vt 0.07507600 0.01786200
vt 0.07437300 0.02116900
vt 0.07299800 0.02425700
vt 0.07101100 0.02699300
vt 0.06849900 0.02925500
vt 0.06557100 0.03094500
vt 0.06235500 0.03199000
vt 0.06592400 0.00462000
vt 0.07054400 0.00924100
vt 0.05668300 0.00462000
vt 0.07054400 0.01848200
vt 0.05206200 0.00462000
vt 0.04744200 0.00924100
vt 0.04744200 0.01848200
vt 0.07054400 0.02310200
vt 0.06592400 0.02772300
vt 0.05668300 0.02772300
vt 0.04744200 0.02310200
vt 0.05206200 0.02772300
vt 0.79195800 0.00000000
vt 0.77470800 0.00000000
vt 0.79195800 0.05007300
vt 0.77470800 0.05007300
vt 0.79195800 0.10014700
vt 0.77470800 0.10014700
vt 0.79195800 0.00333800
vt 0.79195800 0.00667600
vt 0.79195800 0.01001500
vt 0.79195800 0.01335300
vt 0.79195800 0.01669100
vt 0.79195800 0.02002900
vt 0.79195800 0.02336800
vt 0.79195800 0.02670600
vt 0.79195800 0.03004400
vt 0.79195800 0.03338200
vt 0.79195800 0.03672100
vt 0.79195800 0.04005900
vt 0.79195800 0.04339700
vt 0.79195800 0.04673500
vt 0.79195800 0.05341200
vt 0.79195800 0.05675000
vt 0.79195800 0.06008800
vt 0.79195800 0.06342600
vt 0.79195800 0.06676500
vt 0.79195800 0.07010300
vt 0.79195800 0.07344100
vt 0.79195800 0.07677900
vt 0.79195800 0.08011800
vt 0.79195800 0.08345600
vt 0.79195800 0.08679400
vt 0.79195800 0.09013200
vt 0.79195800 0.09347000
vt 0.79195800 0.09680900
vt 0.78333300 0.00000000
vt 0.78333300 0.10014700
vt 0.77470800 0.09299400
vt 0.77470800 0.08584000
vt 0.77470800 0.07868700
vt 0.77470800 0.07153400
vt 0.77470800 0.06438000
vt 0.77470800 0.05722700
vt 0.77470800 0.04292000
vt 0.77470800 0.03576700
vt 0.77470800 0.02861300
vt 0.77470800 0.02146000
vt 0.77470800 0.01430700
vt 0.77470800 0.00715300
vt 0.76963700 0.17168900
vt 0.77276000 0.17107700
vt 0.77546000 0.16932500
vt 0.77737500 0.16666900
vt 0.77824400 0.16346800
vt 0.77795100 0.16015400
vt 0.77653500 0.15717500
vt 0.77418800 0.15493300
vt 0.77122600 0.15373100
vt 0.76804900 0.15373100
vt 0.76508700 0.15493300
vt 0.76273900 0.15717500
vt 0.76132400 0.16015400
vt 0.76103000 0.16346800
vt 0.76190000 0.16666900
vt 0.76381400 0.16932500
vt 0.76651500 0.17107700
vt 0.76963700 0.17880400
vt 0.76642800 0.17845100
vt 0.76335900 0.17740600
vt 0.76056500 0.17571600
vt 0.75816700 0.17345400
vt 0.75627000 0.17071900
vt 0.75495800 0.16763000
vt 0.75428700 0.16432300
vt 0.75428700 0.16094200
vt 0.75495800 0.15763500
vt 0.75627000 0.15454700
vt 0.75816700 0.15181200
vt 0.76056500 0.14955000
vt 0.76335900 0.14785900
vt 0.76642800 0.14681400
vt 0.76963700 0.14646100
vt 0.77284600 0.14681400
vt 0.77591500 0.14785900
vt 0.77871000 0.14955000
vt 0.78110800 0.15181200
vt 0.78300500 0.15454700
vt 0.78431700 0.15763500
vt 0.78498800 0.16094200
vt 0.78498800 0.16432300
vt 0.78431700 0.16763000
vt 0.78300500 0.17071900
vt 0.78110800 0.17345400
vt 0.77871000 0.17571600
vt 0.77591500 0.17740600
vt 0.77284600 0.17845100
vt 0.77625200 0.15108200
vt 0.78066200 0.15570200
vt 0.76743200 0.15108200
vt 0.78066200 0.16494300
vt 0.76302200 0.15108200
vt 0.75861200 0.15570200
vt 0.75861200 0.16494300
vt 0.78066200 0.16956300
vt 0.77625200 0.17418400
vt 0.76743200 0.17418400
vt 0.75861200 0.16956300
vt 0.76302200 0.17418400
vt 0.68426800 0.00000000
vt 0.66701800 0.00000000
vt 0.68426800 0.05007300
vt 0.66701800 0.05007300
vt 0.68426800 0.10014700
vt 0.66701800 0.10014700
vt 0.68426800 0.00333800
vt 0.68426800 0.00667600
vt 0.68426800 0.01001500
vt 0.68426800 0.01335300
vt 0.68426800 0.01669100
vt 0.68426800 0.02002900
vt 0.68426800 0.02336800
vt 0.68426800 0.02670600
vt 0.68426800 0.03004400
vt 0.68426800 0.03338200
vt 0.68426800 0.03672100
vt 0.68426800 0.04005900
vt 0.68426800 0.04339700
vt 0.68426800 0.04673500
vt 0.68426800 0.05341200
vt 0.68426800 0.05675000
vt 0.68426800 0.06008800
vt 0.68426800 0.06342600
vt 0.68426800 0.06676500
vt 0.68426800 0.07010300
vt 0.68426800 0.07344100
vt 0.68426800 0.07677900
vt 0.68426800 0.08011800
vt 0.68426800 0.08345600
vt 0.68426800 0.08679400
vt 0.68426800 0.09013200
vt 0.68426800 0.09347000
vt 0.68426800 0.09680900
vt 0.67564300 0.00000000
vt 0.67564300 0.10014700
vt 0.66701800 0.09299400
vt 0.66701800 0.08584000
vt 0.66701800 0.07868700
vt 0.66701800 0.07153400
vt 0.66701800 0.06438000
vt 0.66701800 0.05722700
vt 0.66701800 0.04292000
vt 0.66701800 0.03576700
vt 0.66701800 0.02861300
vt 0.66701800 0.02146000
vt 0.66701800 0.01430700
vt 0.66701800 0.00715300
vt 0.69464300 0.12684000
vt 0.69776500 0.12622800
vt 0.70046600 0.12447600
vt 0.70238000 0.12182000
vt 0.70325000 0.11861900
vt 0.70295700 0.11530500
vt 0.70154100 0.11232600
vt 0.69919300 0.11008400
vt 0.69623100 0.10888100
vt 0.69305500 0.10888100
vt 0.69009300 0.11008400
vt 0.68774500 0.11232600
vt 0.68632900 0.11530500
vt 0.68603600 0.11861900
vt 0.68690500 0.12182000
vt 0.68882000 0.12447600
vt 0.69152000 0.12622800
vt 0.69464300 0.13395500
vt 0.69143400 0.13360200
vt 0.68836500 0.13255700
vt 0.68557000 0.13086700
vt 0.68317200 0.12860400
vt 0.68127600 0.12586900
vt 0.67996300 0.12278100
vt 0.67929200 0.11947400
vt 0.67929200 0.11609300
vt 0.67996300 0.11278600
vt 0.68127600 0.10969800
vt 0.68317200 0.10696200
vt 0.68557000 0.10470000
vt 0.68836500 0.10301000
vt 0.69143400 0.10196500
vt 0.69464300 0.10161200
vt 0.69785200 0.10196500
vt 0.70092100 0.10301000
vt 0.70371500 0.10470000
vt 0.70611300 0.10696200
vt 0.70801000 0.10969800
vt 0.70932300 0.11278600
vt 0.70999300 0.11609300
vt 0.70999300 0.11947400
vt 0.70932300 0.12278100
vt 0.70801000 0.12586900
vt 0.70611300 0.12860400
vt 0.70371500 0.13086700
vt 0.70092100 0.13255700
vt 0.69785200 0.13360200
vt 0.70125800 0.10623200
vt 0.69243800 0.10623200
vt 0.70566800 0.11085300
vt 0.70566800 0.12009400
vt 0.68802800 0.10623200
vt 0.68361800 0.11085300
vt 0.68361800 0.12009400
vt 0.70566800 0.12471400
vt 0.70125800 0.12933500
vt 0.69243800 0.12933500
vt 0.68361800 0.12471400
vt 0.68802800 0.12933500
vt 0.77285200 0.00000000
vt 0.75560200 0.00000000
vt 0.77285200 0.05007300
vt 0.75560200 0.05007300
vt 0.77285200 0.10014700
vt 0.75560200 0.10014700
vt 0.77285200 0.00333800
vt 0.77285200 0.00667600
vt 0.77285200 0.01001500
vt 0.77285200 0.01335300
vt 0.77285200 0.01669100
vt 0.77285200 0.02002900
vt 0.77285200 0.02336800
vt 0.77285200 0.02670600
vt 0.77285200 0.03004400
vt 0.77285200 0.03338200
vt 0.77285200 0.03672100
vt 0.77285200 0.04005900
vt 0.77285200 0.04339700
vt 0.77285200 0.04673500
vt 0.77285200 0.05341200
vt 0.77285200 0.05675000
vt 0.77285200 0.06008800
vt 0.77285200 0.06342600
vt 0.77285200 0.06676500
vt 0.77285200 0.07010300
vt 0.77285200 0.07344100
vt 0.77285200 0.07677900
vt 0.77285200 0.08011800
vt 0.77285200 0.08345600
vt 0.77285200 0.08679400
vt 0.77285200 0.09013200
vt 0.77285200 0.09347000
vt 0.77285200 0.09680900
vt 0.76422700 0.00000000
vt 0.76422700 0.10014700
vt 0.75560200 0.09299400
vt 0.75560200 0.08584000
vt 0.75560200 0.07868700
vt 0.75560200 0.07153400
vt 0.75560200 0.06438000
vt 0.75560200 0.05722700
vt 0.75560200 0.04292000
vt 0.75560200 0.03576700
vt 0.75560200 0.02861300
vt 0.75560200 0.02146000
vt 0.75560200 0.01430700
vt 0.75560200 0.00715300
vt 0.05814400 0.13432800
vt 0.05814400 0.26981100
vt 0.05814400 0.40529300
vt 0.05814400 0.67625800
vt 0.07021800 0.39663700
vt 0.07539300 0.39663700
vt 0.08056800 0.39663700
vt 0.06935600 0.40529300
vt 0.06935600 0.39999000
vt 0.08056800 0.32362800
vt 0.07539300 0.32362800
vt 0.07021800 0.32362800
vt 0.05814400 0.66948400
vt 0.05814400 0.66271000
vt 0.05814400 0.65593500
vt 0.05814400 0.64916100
vt 0.05814400 0.64238700
vt 0.05814400 0.63561300
vt 0.05814400 0.62883900
vt 0.05814400 0.62206500
vt 0.05814400 0.61529100
vt 0.05814400 0.60851700
vt 0.05814400 0.60174300
vt 0.05814400 0.59496800
vt 0.05814400 0.58819400
vt 0.05814400 0.58142000
vt 0.05814400 0.57464600
vt 0.05814400 0.56787200
vt 0.05814400 0.56109800
vt 0.05814400 0.55432400
vt 0.05814400 0.54755000
vt 0.05814400 0.54077500
vt 0.05814400 0.53400100
vt 0.05814400 0.52722700
vt 0.05814400 0.52045300
vt 0.05814400 0.51367900
vt 0.05814400 0.50690500
vt 0.05814400 0.50013100
vt 0.05814400 0.49335700
vt 0.05814400 0.48658200
vt 0.05814400 0.47980800
vt 0.05814400 0.47303400
vt 0.05814400 0.46626000
vt 0.05814400 0.45948600
vt 0.05814400 0.45271200
vt 0.05814400 0.44593800
vt 0.05814400 0.43916400
vt 0.05814400 0.43239000
vt 0.05814400 0.42561500
vt 0.05814400 0.41884100
vt 0.05814400 0.41206700
vt 0.05814400 0.39851900
vt 0.05814400 0.39174500
vt 0.05814400 0.38497100
vt 0.05814400 0.37819700
vt 0.05814400 0.37142200
vt 0.05814400 0.36464800
vt 0.05814400 0.35787400
vt 0.05814400 0.35110000
vt 0.05814400 0.34432600
vt 0.05814400 0.33755200
vt 0.05814400 0.33077800
vt 0.05814400 0.32400400
vt 0.05814400 0.31723000
vt 0.05814400 0.31045500
vt 0.05814400 0.30368100
vt 0.05814400 0.29690700
vt 0.05814400 0.29013300
vt 0.05814400 0.28335900
vt 0.05814400 0.27658500
vt 0.05814400 0.26303700
vt 0.05814400 0.25626200
vt 0.05814400 0.24948800
vt 0.05814400 0.24271400
vt 0.05814400 0.23594000
vt 0.05814400 0.22916600
vt 0.05814400 0.22239200
vt 0.05814400 0.21561800
vt 0.05814400 0.20884400
vt 0.05814400 0.20207000
vt 0.05814400 0.19529500
vt 0.05814400 0.18852100
vt 0.05814400 0.18174700
vt 0.05814400 0.17497300
vt 0.05814400 0.16819900
vt 0.05814400 0.16142500
vt 0.05814400 0.15465100
vt 0.05814400 0.14787700
vt 0.05814400 0.14110200
vt 0.08056800 0.13432800
vt 0.08056800 0.13844400
vt 0.08056800 0.14255900
vt 0.08056800 0.14667400
vt 0.08056800 0.15078900
vt 0.08056800 0.15490400
vt 0.08056800 0.15902000
vt 0.08056800 0.16313500
vt 0.08056800 0.16725000
vt 0.08056800 0.17136500
vt 0.08056800 0.17548000
vt 0.08056800 0.17959600
vt 0.08056800 0.18371100
vt 0.08056800 0.18782600
vt 0.08056800 0.19194100
vt 0.08056800 0.19605600
vt 0.08056800 0.20017200
vt 0.08056800 0.20428700
vt 0.08056800 0.20840200
vt 0.08056800 0.21251700
vt 0.08056800 0.21663200
vt 0.08056800 0.22074800
vt 0.08056800 0.22486300
vt 0.08056800 0.22897800
vt 0.08056800 0.23309300
vt 0.08056800 0.23720900
vt 0.08056800 0.24132400
vt 0.08056800 0.24543900
vt 0.08056800 0.24955400
vt 0.08056800 0.25366900
vt 0.08056800 0.25778500
vt 0.08056800 0.26190000
vt 0.08056800 0.26601500
vt 0.08056800 0.27013000
vt 0.08056800 0.27424500
vt 0.08056800 0.27836100
vt 0.08056800 0.28247600
vt 0.08056800 0.28659100
vt 0.08056800 0.29070600
vt 0.08056800 0.29482100
vt 0.08056800 0.29893700
vt 0.08056800 0.30305200
vt 0.08056800 0.30716700
vt 0.08056800 0.31128200
vt 0.08056800 0.31539700
vt 0.08056800 0.31951300
vt 0.06935600 0.13432800
vt 0.06892500 0.39020500
vt 0.06987200 0.39336800
vt 0.06892500 0.33006000
vt 0.06892500 0.33552800
vt 0.06892500 0.34099500
vt 0.06892500 0.34646300
vt 0.06892500 0.35193100
vt 0.06892500 0.35739800
vt 0.06892500 0.36286600
vt 0.06892500 0.36833400
vt 0.06892500 0.37380100
vt 0.06892500 0.37926900
vt 0.06892500 0.38473700
vt 0.06987000 0.32690400
vt 0.08056800 0.39952200
vt 0.08056800 0.40240800
vt 0.08056800 0.40529300
vt 0.07496200 0.39999000
vt 0.06935600 0.39733800
vt 0.07496200 0.39733800
vt 0.07496200 0.40529300
vt 0.06935600 0.40264100
vt 0.07496200 0.40264100
vt 0.06935600 0.41130900
vt 0.07496200 0.41130900
vt 0.06935600 0.40830100
vt 0.07496200 0.40830100
vt 0.08056800 0.40939900
vt 0.08056800 0.41350400
vt 0.08056800 0.41761000
vt 0.08056800 0.42171500
vt 0.08056800 0.42582100
vt 0.08056800 0.42992600
vt 0.08056800 0.43403200
vt 0.08056800 0.43813700
vt 0.08056800 0.44224300
vt 0.08056800 0.44634800
vt 0.08056800 0.45045400
vt 0.08056800 0.45455900
vt 0.08056800 0.45866500
vt 0.08056800 0.46277000
vt 0.08056800 0.46687600
vt 0.08056800 0.47098100
vt 0.08056800 0.47508700
vt 0.08056800 0.47919300
vt 0.08056800 0.48329800
vt 0.08056800 0.48740400
vt 0.08056800 0.49150900
vt 0.08056800 0.49561500
vt 0.08056800 0.49972000
vt 0.08056800 0.50382600
vt 0.08056800 0.50793100
vt 0.08056800 0.51203700
vt 0.08056800 0.51614200
vt 0.08056800 0.52024800
vt 0.08056800 0.52435300
vt 0.08056800 0.52845900
vt 0.08056800 0.53256400
vt 0.08056800 0.53667000
vt 0.08056800 0.54077500
vt 0.08056800 0.54488100
vt 0.08056800 0.54898600
vt 0.08056800 0.55309200
vt 0.08056800 0.55719800
vt 0.08056800 0.56130300
vt 0.08056800 0.56540900
vt 0.08056800 0.56951400
vt 0.08056800 0.57362000
vt 0.08056800 0.57772500
vt 0.08056800 0.58183100
vt 0.08056800 0.58593600
vt 0.08056800 0.59004200
vt 0.08056800 0.59414700
vt 0.08056800 0.59825300
vt 0.08056800 0.60235800
vt 0.08056800 0.60646400
vt 0.08056800 0.61056900
vt 0.08056800 0.61467500
vt 0.08056800 0.61878000
vt 0.08056800 0.62288600
vt 0.08056800 0.62699200
vt 0.08056800 0.63109700
vt 0.08056800 0.63520300
vt 0.08056800 0.63930800
vt 0.08056800 0.64341400
vt 0.08056800 0.64751900
vt 0.08056800 0.65162500
vt 0.08056800 0.65573000
vt 0.08056800 0.65983600
vt 0.08056800 0.66394100
vt 0.08056800 0.66804700
vt 0.08056800 0.67215200
vt 0.08056800 0.67625800
vt 0.06935600 0.67625800
vt 0.00000000 0.05166500
vt 0.02841600 0.10270100
vt 0.02448800 0.09905500
vt 0.02079100 0.09515800
vt 0.01734000 0.09102500
vt 0.01414800 0.08667500
vt 0.01122800 0.08212300
vt 0.00859200 0.07738900
vt 0.00625100 0.07249100
vt 0.00421300 0.06744900
vt 0.00248800 0.06228400
vt 0.00108200 0.05701500
vt 0.03467700 0.07115300
vt 0.03348600 0.06614300
vt 0.03018600 0.06228000
vt 0.02553400 0.06045000
vt 0.02059400 0.06107200
vt 0.01649800 0.06400400
vt 0.01418600 0.06857300
vt 0.01418600 0.07373300
vt 0.01649800 0.07830200
vt 0.02059400 0.08123300
vt 0.02553400 0.08185500
vt 0.03018600 0.08002600
vt 0.03348600 0.07616300
vt 0.03290600 0.08436600
vt 0.03040400 0.08662500
vt 0.02849700 0.08944000
vt 0.02729800 0.09264800
vt 0.02687600 0.09606000
vt 0.02725600 0.09947800
vt 0.01755800 0.05680000
vt 0.02090100 0.05558700
vt 0.02442200 0.05519800
vt 0.02793600 0.05565400
vt 0.03125700 0.05693100
vt 0.03420700 0.05896100
vt 0.03663200 0.06163800
vt 0.03840300 0.06481800
vt 0.03942600 0.06833400
vt 0.03964600 0.07199900
vt 0.03905300 0.07561900
vt 0.03767700 0.07900300
vt 0.03559100 0.08197100
vt 0.00211200 0.05431800
vt 0.00477600 0.05636800
vt 0.00783700 0.05769500
vt 0.01111600 0.05822200
vt 0.01442000 0.05791800
vt 0.00566700 0.05895600
vt 0.02266700 0.05895600
vt 0.01700000 0.05895600
vt 0.02833400 0.05895600
vt 0.66204200 0.10161200
vt 0.65899300 0.10161200
vt 0.66204200 0.31838400
vt 0.66204200 0.53515500
vt 0.65899300 0.53515500
vt 0.66204200 0.75192700
vt 0.66204200 0.96869900
vt 0.65899300 0.96869900
vt 0.65899300 0.95861600
vt 0.65899300 0.94853400
vt 0.65899300 0.93845200
vt 0.65899300 0.92836900
vt 0.65899300 0.91828700
vt 0.65899300 0.90820400
vt 0.65899300 0.89812200
vt 0.65899300 0.88804000
vt 0.65899300 0.87795700
vt 0.65899300 0.86787500
vt 0.65899300 0.85779200
vt 0.65899300 0.84771000
vt 0.65899300 0.83762800
vt 0.65899300 0.82754500
vt 0.65899300 0.81746300
vt 0.65899300 0.80738000
vt 0.65899300 0.79729800
vt 0.65899300 0.78721600
vt 0.65899300 0.77713300
vt 0.65899300 0.76705100
vt 0.65899300 0.75696800
vt 0.65899300 0.74688600
vt 0.65899300 0.73680400
vt 0.65899300 0.72672100
vt 0.65899300 0.71663900
vt 0.65899300 0.70655600
vt 0.65899300 0.69647400
vt 0.65899300 0.68639100
vt 0.65899300 0.67630900
vt 0.65899300 0.66622700
vt 0.65899300 0.65614400
vt 0.65899300 0.64606200
vt 0.65899300 0.63597900
vt 0.65899300 0.62589700
vt 0.65899300 0.61581500
vt 0.65899300 0.60573200
vt 0.65899300 0.59565000
vt 0.65899300 0.58556700
vt 0.65899300 0.57548500
vt 0.65899300 0.56540300
vt 0.65899300 0.55532000
vt 0.65899300 0.54523800
vt 0.65899300 0.52507300
vt 0.65899300 0.51499100
vt 0.65899300 0.50490800
vt 0.65899300 0.49482600
vt 0.65899300 0.48474300
vt 0.65899300 0.47466100
vt 0.65899300 0.46457800
vt 0.65899300 0.45449600
vt 0.65899300 0.44441400
vt 0.65899300 0.43433100
vt 0.65899300 0.42424900
vt 0.65899300 0.41416600
vt 0.65899300 0.40408400
vt 0.65899300 0.39400200
vt 0.65899300 0.38391900
vt 0.65899300 0.37383700
vt 0.65899300 0.36375400
vt 0.65899300 0.35367200
vt 0.65899300 0.34359000
vt 0.65899300 0.33350700
vt 0.65899300 0.32342500
vt 0.65899300 0.31334200
vt 0.65899300 0.30326000
vt 0.65899300 0.29317800
vt 0.65899300 0.28309500
vt 0.65899300 0.27301300
vt 0.65899300 0.26293000
vt 0.65899300 0.25284800
vt 0.65899300 0.24276600
vt 0.65899300 0.23268300
vt 0.65899300 0.22260100
vt 0.65899300 0.21251800
vt 0.65899300 0.20243600
vt 0.65899300 0.19235300
vt 0.65899300 0.18227100
vt 0.65899300 0.17218900
vt 0.65899300 0.16210600
vt 0.65899300 0.15202400
vt 0.65899300 0.14194100
vt 0.65899300 0.13185900
vt 0.65899300 0.12177700
vt 0.65899300 0.11169400
vt 0.66204200 0.11193400
vt 0.66204200 0.12225700
vt 0.66204200 0.13257900
vt 0.66204200 0.14290200
vt 0.66204200 0.15322400
vt 0.66204200 0.16354700
vt 0.66204200 0.17386900
vt 0.66204200 0.18419200
vt 0.66204200 0.19451400
vt 0.66204200 0.20483600
vt 0.66204200 0.21515900
vt 0.66204200 0.22548100
vt 0.66204200 0.23580400
vt 0.66204200 0.24612600
vt 0.66204200 0.25644900
vt 0.66204200 0.26677100
vt 0.66204200 0.27709400
vt 0.66204200 0.28741600
vt 0.66204200 0.29773900
vt 0.66204200 0.30806100
vt 0.66204200 0.32870600
vt 0.66204200 0.33902800
vt 0.66204200 0.34935100
vt 0.66204200 0.35967300
vt 0.66204200 0.36999600
vt 0.66204200 0.38031800
vt 0.66204200 0.39064100
vt 0.66204200 0.40096300
vt 0.66204200 0.41128600
vt 0.66204200 0.42160800
vt 0.66204200 0.43193100
vt 0.66204200 0.44225300
vt 0.66204200 0.45257600
vt 0.66204200 0.46289800
vt 0.66204200 0.47322100
vt 0.66204200 0.48354300
vt 0.66204200 0.49386500
vt 0.66204200 0.50418800
vt 0.66204200 0.51451000
vt 0.66204200 0.52483300
vt 0.66204200 0.54547800
vt 0.66204200 0.55580000
vt 0.66204200 0.56612300
vt 0.66204200 0.57644500
vt 0.66204200 0.58676800
vt 0.66204200 0.59709000
vt 0.66204200 0.60741300
vt 0.66204200 0.61773500
vt 0.66204200 0.62805800
vt 0.66204200 0.63838000
vt 0.66204200 0.64870200
vt 0.66204200 0.65902500
vt 0.66204200 0.66934700
vt 0.66204200 0.67967000
vt 0.66204200 0.68999200
vt 0.66204200 0.70031500
vt 0.66204200 0.71063700
vt 0.66204200 0.72096000
vt 0.66204200 0.73128200
vt 0.66204200 0.74160500
vt 0.66204200 0.76225000
vt 0.66204200 0.77257200
vt 0.66204200 0.78289400
vt 0.66204200 0.79321700
vt 0.66204200 0.80353900
vt 0.66204200 0.81386200
vt 0.66204200 0.82418400
vt 0.66204200 0.83450700
vt 0.66204200 0.84482900
vt 0.66204200 0.85515200
vt 0.66204200 0.86547400
vt 0.66204200 0.87579700
vt 0.66204200 0.88611900
vt 0.66204200 0.89644200
vt 0.66204200 0.90676400
vt 0.66204200 0.91708700
vt 0.66204200 0.92740900
vt 0.66204200 0.93773200
vt 0.66204200 0.94805400
vt 0.66204200 0.95837600
vt 0.73703700 0.14646100
vt 0.73551200 0.14646100
vt 0.73398800 0.14646100
vt 0.73703700 0.70193900
vt 0.73551200 0.70193900
vt 0.73398800 0.70193900
vt 0.73703700 0.15340500
vt 0.73703700 0.16034800
vt 0.73703700 0.16729200
vt 0.73703700 0.17423500
vt 0.73703700 0.18117800
vt 0.73703700 0.18812200
vt 0.73703700 0.19506500
vt 0.73703700 0.20200900
vt 0.73703700 0.20895200
vt 0.73703700 0.21589600
vt 0.73703700 0.22283900
vt 0.73703700 0.22978300
vt 0.73703700 0.23672600
vt 0.73703700 0.24367000
vt 0.73703700 0.25061300
vt 0.73703700 0.25755700
vt 0.73703700 0.26450000
vt 0.73703700 0.27144400
vt 0.73703700 0.27838700
vt 0.73703700 0.28533100
vt 0.73703700 0.29227400
vt 0.73703700 0.29921700
vt 0.73703700 0.30616100
vt 0.73703700 0.31310400
vt 0.73703700 0.32004800
vt 0.73703700 0.32699100
vt 0.73703700 0.33393500
vt 0.73703700 0.34087800
vt 0.73703700 0.34782200
vt 0.73703700 0.35476500
vt 0.73703700 0.36170900
vt 0.73703700 0.36865200
vt 0.73703700 0.37559600
vt 0.73703700 0.38253900
vt 0.73703700 0.38948300
vt 0.73703700 0.39642600
vt 0.73703700 0.40337000
vt 0.73703700 0.41031300
vt 0.73703700 0.41725600
vt 0.73703700 0.42420000
vt 0.73703700 0.43114300
vt 0.73703700 0.43808700
vt 0.73703700 0.44503000
vt 0.73703700 0.45197400
vt 0.73703700 0.45891700
vt 0.73703700 0.46586100
vt 0.73703700 0.47280400
vt 0.73703700 0.47974800
vt 0.73703700 0.48669100
vt 0.73703700 0.49363500
vt 0.73703700 0.50057800
vt 0.73703700 0.50752200
vt 0.73703700 0.51446500
vt 0.73703700 0.52140900
vt 0.73703700 0.52835200
vt 0.73703700 0.53529500
vt 0.73703700 0.54223900
vt 0.73703700 0.54918200
vt 0.73703700 0.55612600
vt 0.73703700 0.56306900
vt 0.73703700 0.57001300
vt 0.73703700 0.57695600
vt 0.73703700 0.58390000
vt 0.73703700 0.59084300
vt 0.73703700 0.59778700
vt 0.73703700 0.60473000
vt 0.73703700 0.61167400
vt 0.73703700 0.61861700
vt 0.73703700 0.62556100
vt 0.73703700 0.63250400
vt 0.73703700 0.63944800
vt 0.73703700 0.64639100
vt 0.73703700 0.65333400
vt 0.73703700 0.66027800
vt 0.73703700 0.66722100
vt 0.73703700 0.67416500
vt 0.73703700 0.68110800
vt 0.73703700 0.68805200
vt 0.73703700 0.69499500
vt 0.73398800 0.69516500
vt 0.73398800 0.68839100
vt 0.73398800 0.68161600
vt 0.73398800 0.67484200
vt 0.73398800 0.66806800
vt 0.73398800 0.66129400
vt 0.73398800 0.65452000
vt 0.73398800 0.64774600
vt 0.73398800 0.64097200
vt 0.73398800 0.63419800
vt 0.73398800 0.62742400
vt 0.73398800 0.62064900
vt 0.73398800 0.61387500
vt 0.73398800 0.60710100
vt 0.73398800 0.60032700
vt 0.73398800 0.59355300
vt 0.73398800 0.58677900
vt 0.73398800 0.58000500
vt 0.73398800 0.57323100
vt 0.73398800 0.56645600
vt 0.73398800 0.55968200
vt 0.73398800 0.55290800
vt 0.73398800 0.54613400
vt 0.73398800 0.53936000
vt 0.73398800 0.53258600
vt 0.73398800 0.52581200
vt 0.73398800 0.51903800
vt 0.73398800 0.51226300
vt 0.73398800 0.50548900
vt 0.73398800 0.49871500
vt 0.73398800 0.49194100
vt 0.73398800 0.48516700
vt 0.73398800 0.47839300
vt 0.73398800 0.47161900
vt 0.73398800 0.46484500
vt 0.73398800 0.45807100
vt 0.73398800 0.45129600
vt 0.73398800 0.44452200
vt 0.73398800 0.43774800
vt 0.73398800 0.43097400
vt 0.73398800 0.42420000
vt 0.73398800 0.41742600
vt 0.73398800 0.41065200
vt 0.73398800 0.40387800
vt 0.73398800 0.39710300
vt 0.73398800 0.39032900
vt 0.73398800 0.38355500
vt 0.73398800 0.37678100
vt 0.73398800 0.37000700
vt 0.73398800 0.36323300
vt 0.73398800 0.35645900
vt 0.73398800 0.34968500
vt 0.73398800 0.34291100
vt 0.73398800 0.33613600
vt 0.73398800 0.32936200
vt 0.73398800 0.32258800
vt 0.73398800 0.31581400
vt 0.73398800 0.30904000
vt 0.73398800 0.30226600
vt 0.73398800 0.29549200
vt 0.73398800 0.28871800
vt 0.73398800 0.28194300
vt 0.73398800 0.27516900
vt 0.73398800 0.26839500
vt 0.73398800 0.26162100
vt 0.73398800 0.25484700
vt 0.73398800 0.24807300
vt 0.73398800 0.24129900
vt 0.73398800 0.23452500
vt 0.73398800 0.22775100
vt 0.73398800 0.22097600
vt 0.73398800 0.21420200
vt 0.73398800 0.20742800
vt 0.73398800 0.20065400
vt 0.73398800 0.19388000
vt 0.73398800 0.18710600
vt 0.73398800 0.18033200
vt 0.73398800 0.17355800
vt 0.73398800 0.16678300
vt 0.73398800 0.16000900
vt 0.73398800 0.15323500
vt 0.73551200 0.16553500
vt 0.73551200 0.17478000
vt 0.73551200 0.18402400
vt 0.73551200 0.20215700
vt 0.73551200 0.19316600
vt 0.73551200 0.21114900
vt 0.73551200 0.22014100
vt 0.73551200 0.23812400
vt 0.73551200 0.22913200
vt 0.73551200 0.24711600
vt 0.73551200 0.25610800
vt 0.73551200 0.26509900
vt 0.73551200 0.27456900
vt 0.73551200 0.28415600
vt 0.73551200 0.29278800
vt 0.73551200 0.30209400
vt 0.73551200 0.31133800
vt 0.73551200 0.32978700
vt 0.73551200 0.32058200
vt 0.73551200 0.33877900
vt 0.73551200 0.35676200
vt 0.73551200 0.34777100
vt 0.73551200 0.37474600
vt 0.73551200 0.36575400
vt 0.73551200 0.38373700
vt 0.73551200 0.39272900
vt 0.73551200 0.40172100
vt 0.73551200 0.42031400
vt 0.73551200 0.41071200
vt 0.73551200 0.42917200
vt 0.73551200 0.43865200
vt 0.73551200 0.44789600
vt 0.73551200 0.45714100
vt 0.73551200 0.47540000
vt 0.73551200 0.46638500
vt 0.73551200 0.48439200
vt 0.73551200 0.49338400
vt 0.73551200 0.50237500
vt 0.73551200 0.52035900
vt 0.73551200 0.51136700
vt 0.73551200 0.53834200
vt 0.73551200 0.52935000
vt 0.73551200 0.54733400
vt 0.73551200 0.55690600
vt 0.73551200 0.56555500
vt 0.73551200 0.57521000
vt 0.73551200 0.59369900
vt 0.73551200 0.58445500
vt 0.73551200 0.61202200
vt 0.73551200 0.60294300
vt 0.73551200 0.62101300
vt 0.73551200 0.63899700
vt 0.73551200 0.63000500
vt 0.73551200 0.64798900
vt 0.73551200 0.65698000
vt 0.73551200 0.66597200
vt 0.73551200 0.68395500
vt 0.73551200 0.67496400
vt 0.73551200 0.69348000
vt 0.49017700 0.77202100
vt 0.46922400 0.77040400
vt 0.44876100 0.76559000
vt 0.42927000 0.75769200
vt 0.41120600 0.74689600
vt 0.39499300 0.73345400
vt 0.38101100 0.71768100
vt 0.36958800 0.69994700
vt 0.36099100 0.68066900
vt 0.35542300 0.66029700
vt 0.35301300 0.63930900
vt 0.35381800 0.61819700
vt 0.35781900 0.59745600
vt 0.36492200 0.57757200
vt 0.37496200 0.55901200
vt 0.38770100 0.54220900
vt 0.40284300 0.52755900
vt 0.42003200 0.51540400
vt 0.43886500 0.50603000
vt 0.45890100 0.49965500
vt 0.47966900 0.49643000
vt 0.50068400 0.49643000
vt 0.52145300 0.49965500
vt 0.54148900 0.50603000
vt 0.56032200 0.51540400
vt 0.57751100 0.52755900
vt 0.59265300 0.54220900
vt 0.60539200 0.55901200
vt 0.61543200 0.57757200
vt 0.62253500 0.59745600
vt 0.62653600 0.61819700
vt 0.62734100 0.63930900
vt 0.62493100 0.66029700
vt 0.61936300 0.68066900
vt 0.61076600 0.69994700
vt 0.59934300 0.71768100
vt 0.58536100 0.73345400
vt 0.56914800 0.74689600
vt 0.55108400 0.75769200
vt 0.53159300 0.76559000
vt 0.51113000 0.77040400
vt 0.49017700 0.76986500
vt 0.49691200 0.76969600
vt 0.50363100 0.76919000
vt 0.51031600 0.76834700
vt 0.51695100 0.76717100
vt 0.52351900 0.76566400
vt 0.53000400 0.76383000
vt 0.53639100 0.76167200
vt 0.54266200 0.75919800
vt 0.54880300 0.75641200
vt 0.55479900 0.75332200
vt 0.56063300 0.74993600
vt 0.56629300 0.74626100
vt 0.57176300 0.74230700
vt 0.57703100 0.73808400
vt 0.58208200 0.73360200
vt 0.58690500 0.72887300
vt 0.59148800 0.72390800
vt 0.59581800 0.71871900
vt 0.59988600 0.71332000
vt 0.60368100 0.70772300
vt 0.60719400 0.70194400
vt 0.61041700 0.69599500
vt 0.61334000 0.68989300
vt 0.61595700 0.68365200
vt 0.61826100 0.67728700
vt 0.62024700 0.67081400
vt 0.62190900 0.66425100
vt 0.62324400 0.65761200
vt 0.62424900 0.65091400
vt 0.62491900 0.64417400
vt 0.62525500 0.63741000
vt 0.62525500 0.63063600
vt 0.62491900 0.62387200
vt 0.62424900 0.61713200
vt 0.62324400 0.61043400
vt 0.62190900 0.60379500
vt 0.62024700 0.59723200
vt 0.61826100 0.59075900
vt 0.61595700 0.58439400
vt 0.61334000 0.57815300
vt 0.61041700 0.57205100
vt 0.60719400 0.56610200
vt 0.60368100 0.56032300
vt 0.59988600 0.55472600
vt 0.59581800 0.54932700
vt 0.59148800 0.54413800
vt 0.58690500 0.53917300
vt 0.58208200 0.53444400
vt 0.57703100 0.52996200
vt 0.57176300 0.52573900
vt 0.56629300 0.52178500
vt 0.56063300 0.51811100
vt 0.55479900 0.51472400
vt 0.54880300 0.51163400
vt 0.54266200 0.50884800
vt 0.53639100 0.50637400
vt 0.53000400 0.50421600
vt 0.52351900 0.50238200
vt 0.51695100 0.50087500
vt 0.51031600 0.49969900
vt 0.50363100 0.49885600
vt 0.49691200 0.49835000
vt 0.49017700 0.49818100
vt 0.48344200 0.49835000
vt 0.47672300 0.49885600
vt 0.47003800 0.49969900
vt 0.46340300 0.50087500
vt 0.45683500 0.50238200
vt 0.45035000 0.50421600
vt 0.44396300 0.50637400
vt 0.43769200 0.50884800
vt 0.43155100 0.51163400
vt 0.42555500 0.51472400
vt 0.41972100 0.51811100
vt 0.41406100 0.52178500
vt 0.40859100 0.52573900
vt 0.40332300 0.52996200
vt 0.39827200 0.53444400
vt 0.39344900 0.53917300
vt 0.38886600 0.54413800
vt 0.38453600 0.54932700
vt 0.38046800 0.55472600
vt 0.37667300 0.56032300
vt 0.37315900 0.56610200
vt 0.36993700 0.57205100
vt 0.36701400 0.57815300
vt 0.36439700 0.58439400
vt 0.36209300 0.59075900
vt 0.36010700 0.59723200
vt 0.35844500 0.60379500
vt 0.35711000 0.61043400
vt 0.35610500 0.61713200
vt 0.35543500 0.62387200
vt 0.35509900 0.63063600
vt 0.35509900 0.63741000
vt 0.35543500 0.64417400
vt 0.35610500 0.65091400
vt 0.35711000 0.65761200
vt 0.35844500 0.66425100
vt 0.36010700 0.67081400
vt 0.36209300 0.67728700
vt 0.36439700 0.68365200
vt 0.36701400 0.68989300
vt 0.36993700 0.69599500
vt 0.37315900 0.70194400
vt 0.37667300 0.70772300
vt 0.38046800 0.71332000
vt 0.38453600 0.71871900
vt 0.38886600 0.72390800
vt 0.39344900 0.72887300
vt 0.39827200 0.73360200
vt 0.40332300 0.73808400
vt 0.40859100 0.74230700
vt 0.41406100 0.74626100
vt 0.41972100 0.74993600
vt 0.42555500 0.75332200
vt 0.43155100 0.75641200
vt 0.43769200 0.75919800
vt 0.44396300 0.76167200
vt 0.45035000 0.76383000
vt 0.45683500 0.76566400
vt 0.46340300 0.76717100
vt 0.47003800 0.76834700
vt 0.47672300 0.76919000
vt 0.48344200 0.76969600
vt 0.79076500 0.14646100
vt 0.78645300 0.14646100
vt 0.79076500 0.56645600
vt 0.78645300 0.56645600
vt 0.79076500 0.77645400
vt 0.79076500 0.98645200
vt 0.78645300 0.98645200
vt 0.79076500 0.15323500
vt 0.79076500 0.16000900
vt 0.79076500 0.16678300
vt 0.79076500 0.17355800
vt 0.79076500 0.18033200
vt 0.79076500 0.18710600
vt 0.79076500 0.19388000
vt 0.79076500 0.20065400
vt 0.79076500 0.20742800
vt 0.79076500 0.21420200
vt 0.79076500 0.22097600
vt 0.79076500 0.22775100
vt 0.79076500 0.23452500
vt 0.79076500 0.24129900
vt 0.79076500 0.24807300
vt 0.79076500 0.25484700
vt 0.79076500 0.26162100
vt 0.79076500 0.26839500
vt 0.79076500 0.27516900
vt 0.79076500 0.28194300
vt 0.79076500 0.28871800
vt 0.79076500 0.29549200
vt 0.79076500 0.30226600
vt 0.79076500 0.30904000
vt 0.79076500 0.31581400
vt 0.79076500 0.32258800
vt 0.79076500 0.32936200
vt 0.79076500 0.33613600
vt 0.79076500 0.34291100
vt 0.79076500 0.34968500
vt 0.79076500 0.35645900
vt 0.79076500 0.36323300
vt 0.79076500 0.37000700
vt 0.79076500 0.37678100
vt 0.79076500 0.38355500
vt 0.79076500 0.39032900
vt 0.79076500 0.39710300
vt 0.79076500 0.40387800
vt 0.79076500 0.41065200
vt 0.79076500 0.41742600
vt 0.79076500 0.42420000
vt 0.79076500 0.43097400
vt 0.79076500 0.43774800
vt 0.79076500 0.44452200
vt 0.79076500 0.45129600
vt 0.79076500 0.45807100
vt 0.79076500 0.46484500
vt 0.79076500 0.47161900
vt 0.79076500 0.47839300
vt 0.79076500 0.48516700
vt 0.79076500 0.49194100
vt 0.79076500 0.49871500
vt 0.79076500 0.50548900
vt 0.79076500 0.51226300
vt 0.79076500 0.51903800
vt 0.79076500 0.52581200
vt 0.79076500 0.53258600
vt 0.79076500 0.53936000
vt 0.79076500 0.54613400
vt 0.79076500 0.55290800
vt 0.79076500 0.55968200
vt 0.79076500 0.57323100
vt 0.79076500 0.58000500
vt 0.79076500 0.58677900
vt 0.79076500 0.59355300
vt 0.79076500 0.60032700
vt 0.79076500 0.60710100
vt 0.79076500 0.61387500
vt 0.79076500 0.62064900
vt 0.79076500 0.62742300
vt 0.79076500 0.63419800
vt 0.79076500 0.64097200
vt 0.79076500 0.64774600
vt 0.79076500 0.65452000
vt 0.79076500 0.66129400
vt 0.79076500 0.66806800
vt 0.79076500 0.67484200
vt 0.79076500 0.68161600
vt 0.79076500 0.68839100
vt 0.79076500 0.69516500
vt 0.79076500 0.70193900
vt 0.79076500 0.70871300
vt 0.79076500 0.71548700
vt 0.79076500 0.72226100
vt 0.79076500 0.72903500
vt 0.79076500 0.73580900
vt 0.79076500 0.74258400
vt 0.79076500 0.74935800
vt 0.79076500 0.75613200
vt 0.79076500 0.76290600
vt 0.79076500 0.76968000
vt 0.79076500 0.78322800
vt 0.79076500 0.79000200
vt 0.79076500 0.79677600
vt 0.79076500 0.80355100
vt 0.79076500 0.81032500
vt 0.79076500 0.81709900
vt 0.79076500 0.82387300
vt 0.79076500 0.83064700
vt 0.79076500 0.83742100
vt 0.79076500 0.84419500
vt 0.79076500 0.85096900
vt 0.79076500 0.85774400
vt 0.79076500 0.86451800
vt 0.79076500 0.87129200
vt 0.79076500 0.87806600
vt 0.79076500 0.88484000
vt 0.79076500 0.89161400
vt 0.79076500 0.89838800
vt 0.79076500 0.90516200
vt 0.79076500 0.91193600
vt 0.79076500 0.91871100
vt 0.79076500 0.92548500
vt 0.79076500 0.93225900
vt 0.79076500 0.93903300
vt 0.79076500 0.94580700
vt 0.79076500 0.95258100
vt 0.79076500 0.95935500
vt 0.79076500 0.96612900
vt 0.79076500 0.97290400
vt 0.79076500 0.97967800
vt 0.78645300 0.97668400
vt 0.78645300 0.96691700
vt 0.78645300 0.95715000
vt 0.78645300 0.94738200
vt 0.78645300 0.93761500
vt 0.78645300 0.92784800
vt 0.78645300 0.91808000
vt 0.78645300 0.90831300
vt 0.78645300 0.89854600
vt 0.78645300 0.88877800
vt 0.78645300 0.87901100
vt 0.78645300 0.86924400
vt 0.78645300 0.85947600
vt 0.78645300 0.84970900
vt 0.78645300 0.83994200
vt 0.78645300 0.83017400
vt 0.78645300 0.82040700
vt 0.78645300 0.81064000
vt 0.78645300 0.80087200
vt 0.78645300 0.79110500
vt 0.78645300 0.78133800
vt 0.78645300 0.77157000
vt 0.78645300 0.76180300
vt 0.78645300 0.75203600
vt 0.78645300 0.74226800
vt 0.78645300 0.73250100
vt 0.78645300 0.72273400
vt 0.78645300 0.71296600
vt 0.78645300 0.70319900
vt 0.78645300 0.69343200
vt 0.78645300 0.68366400
vt 0.78645300 0.67389700
vt 0.78645300 0.66413000
vt 0.78645300 0.65436200
vt 0.78645300 0.64459500
vt 0.78645300 0.63482800
vt 0.78645300 0.62506000
vt 0.78645300 0.61529300
vt 0.78645300 0.60552600
vt 0.78645300 0.59575800
vt 0.78645300 0.58599100
vt 0.78645300 0.57622400
vt 0.78645300 0.55668900
vt 0.78645300 0.54692200
vt 0.78645300 0.53715400
vt 0.78645300 0.52738700
vt 0.78645300 0.51762000
vt 0.78645300 0.50785200
vt 0.78645300 0.49808500
vt 0.78645300 0.48831800
vt 0.78645300 0.47855000
vt 0.78645300 0.46878300
vt 0.78645300 0.45901600
vt 0.78645300 0.44924800
vt 0.78645300 0.43948100
vt 0.78645300 0.42971400
vt 0.78645300 0.41994600
vt 0.78645300 0.41017900
vt 0.78645300 0.40041200
vt 0.78645300 0.39064400
vt 0.78645300 0.38087700
vt 0.78645300 0.37111000
vt 0.78645300 0.36134200
vt 0.78645300 0.35157500
vt 0.78645300 0.34180800
vt 0.78645300 0.33204000
vt 0.78645300 0.32227300
vt 0.78645300 0.31250600
vt 0.78645300 0.30273800
vt 0.78645300 0.29297100
vt 0.78645300 0.28320400
vt 0.78645300 0.27343600
vt 0.78645300 0.26366900
vt 0.78645300 0.25390200
vt 0.78645300 0.24413400
vt 0.78645300 0.23436700
vt 0.78645300 0.22460000
vt 0.78645300 0.21483200
vt 0.78645300 0.20506500
vt 0.78645300 0.19529800
vt 0.78645300 0.18553000
vt 0.78645300 0.17576300
vt 0.78645300 0.16599600
vt 0.78645300 0.15622800
vt 0.79381500 0.14646100
vt 0.79229000 0.14646100
vt 0.79076500 0.14646100
vt 0.79381500 0.57249800
vt 0.79076500 0.57249800
vt 0.79381500 0.99853500
vt 0.79229000 0.99853500
vt 0.79076500 0.99853500
vt 0.79381500 0.15333300
vt 0.79381500 0.16020400
vt 0.79381500 0.16707600
vt 0.79381500 0.17394700
vt 0.79381500 0.18081900
vt 0.79381500 0.18769000
vt 0.79381500 0.19456200
vt 0.79381500 0.20143400
vt 0.79381500 0.20830500
vt 0.79381500 0.21517700
vt 0.79381500 0.22204800
vt 0.79381500 0.22892000
vt 0.79381500 0.23579100
vt 0.79381500 0.24266300
vt 0.79381500 0.24953500
vt 0.79381500 0.25640600
vt 0.79381500 0.26327800
vt 0.79381500 0.27014900
vt 0.79381500 0.27702100
vt 0.79381500 0.28389200
vt 0.79381500 0.29076400
vt 0.79381500 0.29763600
vt 0.79381500 0.30450700
vt 0.79381500 0.31137900
vt 0.79381500 0.31825000
vt 0.79381500 0.32512200
vt 0.79381500 0.33199300
vt 0.79381500 0.33886500
vt 0.79381500 0.34573600
vt 0.79381500 0.35260800
vt 0.79381500 0.35948000
vt 0.79381500 0.36635100
vt 0.79381500 0.37322300
vt 0.79381500 0.38009400
vt 0.79381500 0.38696600
vt 0.79381500 0.39383700
vt 0.79381500 0.40070900
vt 0.79381500 0.40758100
vt 0.79381500 0.41445200
vt 0.79381500 0.42132400
vt 0.79381500 0.42819500
vt 0.79381500 0.43506700
vt 0.79381500 0.44193800
vt 0.79381500 0.44881000
vt 0.79381500 0.45568200
vt 0.79381500 0.46255300
vt 0.79381500 0.46942500
vt 0.79381500 0.47629600
vt 0.79381500 0.48316800
vt 0.79381500 0.49003900
vt 0.79381500 0.49691100
vt 0.79381500 0.50378200
vt 0.79381500 0.51065400
vt 0.79381500 0.51752600
vt 0.79381500 0.52439700
vt 0.79381500 0.53126900
vt 0.79381500 0.53814000
vt 0.79381500 0.54501200
vt 0.79381500 0.55188300
vt 0.79381500 0.55875500
vt 0.79381500 0.56562700
vt 0.79381500 0.57937000
vt 0.79381500 0.58624100
vt 0.79381500 0.59311300
vt 0.79381500 0.59998400
vt 0.79381500 0.60685600
vt 0.79381500 0.61372800
vt 0.79381500 0.62059900
vt 0.79381500 0.62747100
vt 0.79381500 0.63434200
vt 0.79381500 0.64121400
vt 0.79381500 0.64808500
vt 0.79381500 0.65495700
vt 0.79381500 0.66182800
vt 0.79381500 0.66870000
vt 0.79381500 0.67557200
vt 0.79381500 0.68244300
vt 0.79381500 0.68931500
vt 0.79381500 0.69618600
vt 0.79381500 0.70305800
vt 0.79381500 0.70992900
vt 0.79381500 0.71680100
vt 0.79381500 0.72367300
vt 0.79381500 0.73054400
vt 0.79381500 0.73741600
vt 0.79381500 0.74428700
vt 0.79381500 0.75115900
vt 0.79381500 0.75803000
vt 0.79381500 0.76490200
vt 0.79381500 0.77177400
vt 0.79381500 0.77864500
vt 0.79381500 0.78551700
vt 0.79381500 0.79238800
vt 0.79381500 0.79926000
vt 0.79381500 0.80613100
vt 0.79381500 0.81300300
vt 0.79381500 0.81987400
vt 0.79381500 0.82674600
vt 0.79381500 0.83361800
vt 0.79381500 0.84048900
vt 0.79381500 0.84736100
vt 0.79381500 0.85423200
vt 0.79381500 0.86110400
vt 0.79381500 0.86797500
vt 0.79381500 0.87484700
vt 0.79381500 0.88171900
vt 0.79381500 0.88859000
vt 0.79381500 0.89546200
vt 0.79381500 0.90233300
vt 0.79381500 0.90920500
vt 0.79381500 0.91607600
vt 0.79381500 0.92294800
vt 0.79381500 0.92982000
vt 0.79381500 0.93669100
vt 0.79381500 0.94356300
vt 0.79381500 0.95043400
vt 0.79381500 0.95730600
vt 0.79381500 0.96417700
vt 0.79381500 0.97104900
vt 0.79381500 0.97792000
vt 0.79381500 0.98479200
vt 0.79381500 0.99166400
vt 0.79076500 0.99177300
vt 0.79076500 0.98501000
vt 0.79076500 0.97824800
vt 0.79076500 0.97148500
vt 0.79076500 0.96472300
vt 0.79076500 0.95796000
vt 0.79076500 0.95119800
vt 0.79076500 0.94443500
vt 0.79076500 0.93767300
vt 0.79076500 0.93091000
vt 0.79076500 0.92414800
vt 0.79076500 0.91738500
vt 0.79076500 0.91062300
vt 0.79076500 0.90386000
vt 0.79076500 0.89709800
vt 0.79076500 0.89033500
vt 0.79076500 0.88357300
vt 0.79076500 0.87681000
vt 0.79076500 0.87004800
vt 0.79076500 0.86328500
vt 0.79076500 0.85652300
vt 0.79076500 0.84976000
vt 0.79076500 0.84299800
vt 0.79076500 0.83623500
vt 0.79076500 0.82947300
vt 0.79076500 0.82271000
vt 0.79076500 0.81594800
vt 0.79076500 0.80918500
vt 0.79076500 0.80242300
vt 0.79076500 0.79566000
vt 0.79076500 0.78889800
vt 0.79076500 0.78213500
vt 0.79076500 0.77537300
vt 0.79076500 0.76861000
vt 0.79076500 0.76184800
vt 0.79076500 0.75508500
vt 0.79076500 0.74832300
vt 0.79076500 0.74156000
vt 0.79076500 0.73479800
vt 0.79076500 0.72803500
vt 0.79076500 0.72127300
vt 0.79076500 0.71451100
vt 0.79076500 0.70774800
vt 0.79076500 0.70098500
vt 0.79076500 0.69422300
vt 0.79076500 0.68746100
vt 0.79076500 0.68069800
vt 0.79076500 0.67393600
vt 0.79076500 0.66717300
vt 0.79076500 0.66041100
vt 0.79076500 0.65364800
vt 0.79076500 0.64688600
vt 0.79076500 0.64012300
vt 0.79076500 0.63336100
vt 0.79076500 0.62659800
vt 0.79076500 0.61983600
vt 0.79076500 0.61307300
vt 0.79076500 0.60631100
vt 0.79076500 0.59954800
vt 0.79076500 0.59278600
vt 0.79076500 0.58602300
vt 0.79076500 0.57926100
vt 0.79076500 0.56573600
vt 0.79076500 0.55897300
vt 0.79076500 0.55221100
vt 0.79076500 0.54544800
vt 0.79076500 0.53868600
vt 0.79076500 0.53192300
vt 0.79076500 0.52516100
vt 0.79076500 0.51839800
vt 0.79076500 0.51163600
vt 0.79076500 0.50487300
vt 0.79076500 0.49811100
vt 0.79076500 0.49134800
vt 0.79076500 0.48458600
vt 0.79076500 0.47782300
vt 0.79076500 0.47106100
vt 0.79076500 0.46429800
vt 0.79076500 0.45753600
vt 0.79076500 0.45077300
vt 0.79076500 0.44401100
vt 0.79076500 0.43724800
vt 0.79076500 0.43048600
vt 0.79076500 0.42372300
vt 0.79076500 0.41696100
vt 0.79076500 0.41019800
vt 0.79076500 0.40343600
vt 0.79076500 0.39667300
vt 0.79076500 0.38991100
vt 0.79076500 0.38314800
vt 0.79076500 0.37638600
vt 0.79076500 0.36962300
vt 0.79076500 0.36286100
vt 0.79076500 0.35609800
vt 0.79076500 0.34933600
vt 0.79076500 0.34257300
vt 0.79076500 0.33581100
vt 0.79076500 0.32904800
vt 0.79076500 0.32228600
vt 0.79076500 0.31552300
vt 0.79076500 0.30876100
vt 0.79076500 0.30199800
vt 0.79076500 0.29523600
vt 0.79076500 0.28847300
vt 0.79076500 0.28171100
vt 0.79076500 0.27494800
vt 0.79076500 0.26818600
vt 0.79076500 0.26142300
vt 0.79076500 0.25466100
vt 0.79076500 0.24789800
vt 0.79076500 0.24113600
vt 0.79076500 0.23437300
vt 0.79076500 0.22761100
vt 0.79076500 0.22084900
vt 0.79076500 0.21408600
vt 0.79076500 0.20732400
vt 0.79076500 0.20056100
vt 0.79076500 0.19379900
vt 0.79076500 0.18703600
vt 0.79076500 0.18027400
vt 0.79076500 0.17351100
vt 0.79076500 0.16674900
vt 0.79076500 0.15998600
vt 0.79076500 0.15322400
vt 0.79229000 0.16576400
vt 0.79229000 0.17496600
vt 0.79229000 0.18416800
vt 0.79229000 0.20257200
vt 0.79229000 0.19337000
vt 0.79229000 0.22074500
vt 0.79229000 0.21177400
vt 0.79229000 0.23864600
vt 0.79229000 0.22969500
vt 0.79229000 0.25654700
vt 0.79229000 0.24759600
vt 0.79229000 0.26549800
vt 0.79229000 0.27444800
vt 0.79229000 0.28339900
vt 0.79229000 0.29235000
vt 0.79229000 0.30130000
vt 0.79229000 0.31025100
vt 0.79229000 0.31920200
vt 0.79229000 0.32815200
vt 0.79229000 0.33754000
vt 0.79229000 0.34704500
vt 0.79229000 0.35666000
vt 0.79229000 0.36442800
vt 0.79229000 0.37418100
vt 0.79229000 0.38338300
vt 0.79229000 0.40178700
vt 0.79229000 0.39258500
vt 0.79229000 0.41098900
vt 0.79229000 0.42019200
vt 0.79229000 0.42928800
vt 0.79229000 0.43823800
vt 0.79229000 0.44718900
vt 0.79229000 0.46509000
vt 0.79229000 0.45614000
vt 0.79229000 0.47404100
vt 0.79229000 0.48299200
vt 0.79229000 0.49194200
vt 0.79229000 0.50089300
vt 0.79229000 0.51879400
vt 0.79229000 0.50984400
vt 0.79229000 0.52774500
vt 0.79229000 0.53669600
vt 0.79229000 0.54564600
vt 0.79229000 0.55511200
vt 0.79229000 0.56464200
vt 0.79229000 0.57249800
vt 0.79229000 0.58239600
vt 0.79229000 0.60100300
vt 0.79229000 0.59180100
vt 0.79229000 0.61020500
vt 0.79229000 0.61940700
vt 0.79229000 0.62860900
vt 0.79229000 0.63781100
vt 0.79229000 0.65573200
vt 0.79229000 0.64678200
vt 0.79229000 0.66468300
vt 0.79229000 0.67363400
vt 0.79229000 0.69153500
vt 0.79229000 0.68258400
vt 0.79229000 0.70943600
vt 0.79229000 0.70048600
vt 0.79229000 0.71838700
vt 0.79229000 0.72733700
vt 0.79229000 0.73628800
vt 0.79229000 0.74523900
vt 0.79229000 0.75418900
vt 0.79229000 0.77308200
vt 0.79229000 0.76357700
vt 0.79229000 0.79046500
vt 0.79229000 0.78269700
vt 0.79229000 0.80021800
vt 0.79229000 0.80942000
vt 0.79229000 0.81862200
vt 0.79229000 0.83702700
vt 0.79229000 0.82782400
vt 0.79229000 0.85532500
vt 0.79229000 0.84622900
vt 0.79229000 0.86427500
vt 0.79229000 0.87322600
vt 0.79229000 0.88217700
vt 0.79229000 0.89112700
vt 0.79229000 0.90902900
vt 0.79229000 0.90007800
vt 0.79229000 0.91797900
vt 0.79229000 0.92693000
vt 0.79229000 0.94483100
vt 0.79229000 0.93588100
vt 0.79229000 0.95378200
vt 0.79229000 0.96273300
vt 0.79229000 0.97168300
vt 0.79229000 0.98114900
vt 0.79229000 0.99067900
vt 0.05511400 0.13432800
vt 0.04217600 0.13432800
vt 0.05511400 0.20207000
vt 0.04217600 0.20207000
vt 0.04217600 0.19685900
vt 0.04217600 0.19164800
vt 0.04217600 0.18643700
vt 0.04217600 0.18122600
vt 0.04217600 0.17601500
vt 0.04217600 0.17080400
vt 0.04217600 0.16559300
vt 0.04217600 0.16038300
vt 0.04217600 0.15517200
vt 0.04217600 0.14996100
vt 0.04217600 0.14475000
vt 0.04217600 0.13953900
vt 0.05511400 0.13953900
vt 0.05511400 0.14475000
vt 0.05511400 0.14996100
vt 0.05511400 0.15517200
vt 0.05511400 0.16038300
vt 0.05511400 0.16559300
vt 0.05511400 0.17080400
vt 0.05511400 0.17601500
vt 0.05511400 0.18122600
vt 0.05511400 0.18643700
vt 0.05511400 0.19164800
vt 0.05511400 0.19685900
vt 0.04111100 0.09299700
vt 0.04111100 0.10593400
vt 0.04111100 0.11887100
vt 0.08435500 0.09299700
vt 0.08435500 0.10593400
vt 0.08435500 0.11887100
vt 0.08102900 0.11887100
vt 0.07770200 0.11887100
vt 0.07437600 0.11887100
vt 0.07104900 0.11887100
vt 0.06772300 0.11887100
vt 0.06439600 0.11887100
vt 0.06107000 0.11887100
vt 0.05774300 0.11887100
vt 0.05441700 0.11887100
vt 0.05109000 0.11887100
vt 0.04776400 0.11887100
vt 0.04443800 0.11887100
vt 0.04443800 0.09299700
vt 0.04776400 0.09299700
vt 0.05109000 0.09299700
vt 0.05441700 0.09299700
vt 0.05774300 0.09299700
vt 0.06107000 0.09299700
vt 0.06439600 0.09299700
vt 0.06772300 0.09299700
vt 0.07104900 0.09299700
vt 0.07437600 0.09299700
vt 0.07770200 0.09299700
vt 0.08102900 0.09299700
vt 0.04658500 0.10593400
vt 0.04925300 0.10593400
vt 0.05471100 0.10593400
vt 0.05192200 0.10593400
vt 0.05739600 0.10593400
vt 0.06006400 0.10593400
vt 0.06273300 0.10593400
vt 0.06820700 0.10593400
vt 0.06552300 0.10593400
vt 0.07087500 0.10593400
vt 0.07354400 0.10593400
vt 0.07633400 0.10593400
vt 0.08168700 0.10593400
vt 0.07901800 0.10593400
vt 0.04111100 0.05166500
vt 0.04111100 0.06460200
vt 0.04111100 0.07753900
vt 0.08435500 0.05166500
vt 0.08435500 0.06460200
vt 0.08435500 0.07753900
vt 0.08102900 0.07753900
vt 0.07770200 0.07753900
vt 0.07437600 0.07753900
vt 0.07104900 0.07753900
vt 0.06772300 0.07753900
vt 0.06439600 0.07753900
vt 0.06107000 0.07753900
vt 0.05774300 0.07753900
vt 0.05441700 0.07753900
vt 0.05109000 0.07753900
vt 0.04776400 0.07753900
vt 0.04443800 0.07753900
vt 0.04443800 0.05166500
vt 0.04776400 0.05166500
vt 0.05109000 0.05166500
vt 0.05441700 0.05166500
vt 0.05774300 0.05166500
vt 0.06107000 0.05166500
vt 0.06439600 0.05166500
vt 0.06772300 0.05166500
vt 0.07104900 0.05166500
vt 0.07437600 0.05166500
vt 0.07770200 0.05166500
vt 0.08102900 0.05166500
vt 0.04658500 0.06460200
vt 0.04925300 0.06460200
vt 0.05471100 0.06460200
vt 0.05192200 0.06460200
vt 0.05739600 0.06460200
vt 0.06006400 0.06460200
vt 0.06273300 0.06460200
vt 0.06820700 0.06460200
vt 0.06552300 0.06460200
vt 0.07087500 0.06460200
vt 0.07354400 0.06460200
vt 0.07633400 0.06460200
vt 0.08168700 0.06460200
vt 0.07901800 0.06460200
vt 0.75281800 0.00000000
vt 0.73988000 0.00000000
vt 0.72694300 0.00000000
vt 0.75281800 0.04470900
vt 0.73988000 0.04470900
vt 0.72694300 0.04470900
vt 0.72694300 0.04127000
vt 0.72694300 0.03783100
vt 0.72694300 0.03439200
vt 0.72694300 0.03095300
vt 0.72694300 0.02751300
vt 0.72694300 0.02407400
vt 0.72694300 0.02063500
vt 0.72694300 0.01719600
vt 0.72694300 0.01375700
vt 0.72694300 0.01031800
vt 0.72694300 0.00687800
vt 0.72694300 0.00343900
vt 0.75281800 0.00343900
vt 0.75281800 0.00687800
vt 0.75281800 0.01031800
vt 0.75281800 0.01375700
vt 0.75281800 0.01719600
vt 0.75281800 0.02063500
vt 0.75281800 0.02407400
vt 0.75281800 0.02751300
vt 0.75281800 0.03095300
vt 0.75281800 0.03439200
vt 0.75281800 0.03783100
vt 0.75281800 0.04127000
vt 0.73988000 0.00565900
vt 0.73988000 0.00841800
vt 0.73988000 0.01406100
vt 0.73988000 0.01117700
vt 0.73988000 0.01683600
vt 0.73988000 0.01959500
vt 0.73988000 0.02235500
vt 0.73988000 0.02801400
vt 0.73988000 0.02523800
vt 0.73988000 0.03077300
vt 0.73988000 0.03353200
vt 0.73988000 0.03641600
vt 0.73988000 0.04195000
vt 0.73988000 0.03919100
vt 0.71145800 0.12058600
vt 0.71145800 0.13279100
vt 0.71145800 0.14499600
vt 0.75616700 0.12058600
vt 0.75616700 0.13279100
vt 0.75616700 0.14499600
vt 0.75272800 0.14499600
vt 0.74928900 0.14499600
vt 0.74585000 0.14499600
vt 0.74241100 0.14499600
vt 0.73897200 0.14499600
vt 0.73553200 0.14499600
vt 0.73209300 0.14499600
vt 0.72865400 0.14499600
vt 0.72521500 0.14499600
vt 0.72177600 0.14499600
vt 0.71833700 0.14499600
vt 0.71489700 0.14499600
vt 0.71489700 0.12058600
vt 0.71833700 0.12058600
vt 0.72177600 0.12058600
vt 0.72521500 0.12058600
vt 0.72865400 0.12058600
vt 0.73209300 0.12058600
vt 0.73553200 0.12058600
vt 0.73897200 0.12058600
vt 0.74241100 0.12058600
vt 0.74585000 0.12058600
vt 0.74928900 0.12058600
vt 0.75272800 0.12058600
vt 0.71711700 0.13279100
vt 0.71987600 0.13279100
vt 0.72551900 0.13279100
vt 0.72263600 0.13279100
vt 0.72829400 0.13279100
vt 0.73105400 0.13279100
vt 0.73381300 0.13279100
vt 0.73947200 0.13279100
vt 0.73669700 0.13279100
vt 0.74223100 0.13279100
vt 0.74499000 0.13279100
vt 0.74787400 0.13279100
vt 0.75340800 0.13279100
vt 0.75064900 0.13279100
vt 0.71719300 0.00000000
vt 0.71536300 0.05164100
vt 0.71536300 0.04795200
vt 0.71536300 0.04426300
vt 0.71536300 0.04057500
vt 0.71536300 0.03688600
vt 0.71536300 0.03319800
vt 0.71536300 0.02950900
vt 0.71536300 0.02582000
vt 0.71536300 0.02213200
vt 0.71536300 0.01844300
vt 0.71536300 0.01475400
vt 0.71536300 0.01106600
vt 0.71536300 0.00737700
vt 0.71536300 0.00368900
vt 0.71719300 0.05164100
vt 0.71719300 0.00397200
vt 0.71719300 0.00794500
vt 0.71719300 0.01191700
vt 0.71719300 0.01588900
vt 0.71719300 0.01986200
vt 0.71719300 0.02383400
vt 0.71719300 0.02780600
vt 0.71719300 0.03177900
vt 0.71719300 0.03575100
vt 0.71719300 0.03972400
vt 0.71719300 0.04369600
vt 0.71719300 0.04766800
vt 0.71536300 0.00000000
vt 0.71627800 0.00528100
vt 0.71627800 0.01617200
vt 0.71627800 0.02105100
vt 0.71627800 0.02614200
vt 0.71627800 0.03123200
vt 0.71627800 0.03645900
vt 0.71627800 0.04170700
vt 0.71627800 0.04667400
vt 0.71111300 0.02727000
vt 0.70928400 0.02727000
vt 0.71111300 0.00000000
vt 0.71111300 0.00389600
vt 0.71111300 0.00779100
vt 0.71111300 0.01168700
vt 0.71111300 0.01558300
vt 0.71111300 0.01947800
vt 0.71111300 0.02337400
vt 0.70928400 0.00000000
vt 0.70928400 0.02337400
vt 0.70928400 0.01947800
vt 0.70928400 0.01558300
vt 0.70928400 0.01168700
vt 0.70928400 0.00779100
vt 0.70928400 0.00389600
vt 0.71333700 0.00000000
vt 0.71516600 0.02761900
vt 0.71516600 0.00000000
vt 0.71516600 0.00345200
vt 0.71516600 0.00690500
vt 0.71516600 0.01035700
vt 0.71516600 0.01380900
vt 0.71516600 0.01726200
vt 0.71516600 0.02071400
vt 0.71516600 0.02416600
vt 0.71333700 0.02761900
vt 0.71333700 0.02416600
vt 0.71333700 0.02071400
vt 0.71333700 0.01726200
vt 0.71333700 0.01380900
vt 0.71333700 0.01035700
vt 0.71333700 0.00690500
vt 0.71333700 0.00345200
vt 0.04174800 0.13432800
vt 0.04174800 0.13849900
vt 0.04174800 0.14266900
vt 0.04174800 0.14683900
vt 0.04174800 0.15101000
vt 0.04174800 0.15518000
vt 0.04174800 0.15935000
vt 0.04174800 0.16352100
vt 0.04174800 0.16769100
vt 0.04174800 0.17186100
vt 0.04174800 0.17603200
vt 0.04174800 0.18020200
vt 0.04174800 0.18437200
vt 0.04174800 0.18854300
vt 0.04174800 0.19271300
vt 0.04174800 0.19688300
vt 0.04174800 0.20105300
vt 0.04174800 0.20522400
vt 0.04174800 0.20939400
vt 0.04174800 0.21356400
vt 0.04174800 0.21773500
vt 0.04174800 0.22190500
vt 0.04174800 0.22607500
vt 0.04174800 0.23024600
vt 0.04174800 0.23441600
vt 0.04174800 0.23858600
vt 0.04174800 0.24275700
vt 0.04174800 0.24692700
vt 0.04174800 0.25109700
vt 0.04174800 0.25526800
vt 0.04174800 0.25943800
vt 0.04174800 0.26360800
vt 0.04174800 0.26777900
vt 0.04174800 0.27194900
vt 0.04174800 0.27611900
vt 0.04174800 0.28029000
vt 0.04174800 0.28446000
vt 0.04174800 0.28863000
vt 0.04174800 0.29280100
vt 0.04174800 0.29697100
vt 0.04174800 0.30114100
vt 0.04174800 0.30531200
vt 0.04174800 0.30948200
vt 0.04174800 0.31365200
vt 0.04174800 0.31782200
vt 0.04174800 0.32199300
vt 0.03991800 0.13432800
vt 0.03991800 0.60075700
vt 0.03991800 0.59666500
vt 0.03991800 0.59257400
vt 0.03991800 0.58848200
vt 0.03991800 0.58439100
vt 0.03991800 0.58029900
vt 0.03991800 0.57620800
vt 0.03991800 0.57211600
vt 0.03991800 0.56802500
vt 0.03991800 0.56393400
vt 0.03991800 0.55984200
vt 0.03991800 0.55575100
vt 0.03991800 0.55165900
vt 0.03991800 0.54756800
vt 0.03991800 0.54347600
vt 0.03991800 0.53938500
vt 0.03991800 0.53529300
vt 0.03991800 0.53120200
vt 0.03991800 0.52711000
vt 0.03991800 0.52301900
vt 0.03991800 0.51892700
vt 0.03991800 0.51483600
vt 0.03991800 0.51074400
vt 0.03991800 0.50665300
vt 0.03991800 0.50256100
vt 0.03991800 0.49847000
vt 0.03991800 0.49437800
vt 0.03991800 0.49028700
vt 0.03991800 0.48619500
vt 0.03991800 0.48210400
vt 0.03991800 0.47801300
vt 0.03991800 0.47392100
vt 0.03991800 0.46983000
vt 0.03991800 0.46573800
vt 0.03991800 0.46164700
vt 0.03991800 0.45755500
vt 0.03991800 0.45346400
vt 0.03991800 0.44937200
vt 0.03991800 0.44528100
vt 0.03991800 0.44118900
vt 0.03991800 0.43709800
vt 0.03991800 0.43300600
vt 0.03991800 0.42891500
vt 0.03991800 0.42482300
vt 0.03991800 0.42073200
vt 0.03991800 0.41664000
vt 0.03991800 0.41254900
vt 0.03991800 0.40845700
vt 0.03991800 0.40436600
vt 0.03991800 0.40027400
vt 0.03991800 0.39618300
vt 0.03991800 0.39209100
vt 0.03991800 0.38800000
vt 0.03991800 0.38390900
vt 0.03991800 0.37981700
vt 0.03991800 0.37572600
vt 0.03991800 0.37163400
vt 0.03991800 0.36754300
vt 0.03991800 0.36345100
vt 0.03991800 0.35936000
vt 0.03991800 0.35526800
vt 0.03991800 0.35117700
vt 0.03991800 0.34708500
vt 0.03991800 0.34299400
vt 0.03991800 0.33890200
vt 0.03991800 0.33481100
vt 0.03991800 0.33071900
vt 0.03991800 0.32662800
vt 0.03991800 0.32253600
vt 0.03991800 0.31844500
vt 0.03991800 0.31435300
vt 0.03991800 0.31026200
vt 0.03991800 0.30617000
vt 0.03991800 0.30207900
vt 0.03991800 0.29798700
vt 0.03991800 0.29389600
vt 0.03991800 0.28980500
vt 0.03991800 0.28571300
vt 0.03991800 0.28162200
vt 0.03991800 0.27753000
vt 0.03991800 0.27343900
vt 0.03991800 0.26934700
vt 0.03991800 0.26525600
vt 0.03991800 0.26116400
vt 0.03991800 0.25707300
vt 0.03991800 0.25298100
vt 0.03991800 0.24889000
vt 0.03991800 0.24479800
vt 0.03991800 0.24070700
vt 0.03991800 0.23661500
vt 0.03991800 0.23252400
vt 0.03991800 0.22843200
vt 0.03991800 0.22434100
vt 0.03991800 0.22024900
vt 0.03991800 0.21615800
vt 0.03991800 0.21206600
vt 0.03991800 0.20797500
vt 0.03991800 0.20388300
vt 0.03991800 0.19979200
vt 0.03991800 0.19570000
vt 0.03991800 0.19160900
vt 0.03991800 0.18751800
vt 0.03991800 0.18342600
vt 0.03991800 0.17933500
vt 0.03991800 0.17524300
vt 0.03991800 0.17115200
vt 0.03991800 0.16706000
vt 0.03991800 0.16296900
vt 0.03991800 0.15887700
vt 0.03991800 0.15478600
vt 0.03991800 0.15069400
vt 0.03991800 0.14660300
vt 0.03991800 0.14251100
vt 0.03991800 0.13842000
vt 0.04174800 0.60075700
vt 0.04174800 0.32616300
vt 0.04174800 0.33032400
vt 0.04174800 0.33448400
vt 0.04174800 0.33864500
vt 0.04174800 0.34280500
vt 0.04174800 0.34696600
vt 0.04174800 0.35112600
vt 0.04174800 0.35528700
vt 0.04174800 0.35944700
vt 0.04174800 0.36360800
vt 0.04174800 0.36776800
vt 0.04174800 0.37192900
vt 0.04174800 0.37608900
vt 0.04174800 0.38025000
vt 0.04174800 0.38441000
vt 0.04174800 0.38857100
vt 0.04174800 0.39273100
vt 0.04174800 0.39689200
vt 0.04174800 0.40105200
vt 0.04174800 0.40521300
vt 0.04174800 0.40937300
vt 0.04174800 0.41353400
vt 0.04174800 0.41769400
vt 0.04174800 0.42185500
vt 0.04174800 0.42601500
vt 0.04174800 0.43017600
vt 0.04174800 0.43433600
vt 0.04174800 0.43849700
vt 0.04174800 0.44265700
vt 0.04174800 0.44681800
vt 0.04174800 0.45097800
vt 0.04174800 0.45513900
vt 0.04174800 0.45929900
vt 0.04174800 0.46346000
vt 0.04174800 0.46762100
vt 0.04174800 0.47178100
vt 0.04174800 0.47594200
vt 0.04174800 0.48010200
vt 0.04174800 0.48426300
vt 0.04174800 0.48842300
vt 0.04174800 0.49258400
vt 0.04174800 0.49674400
vt 0.04174800 0.50090500
vt 0.04174800 0.50506500
vt 0.04174800 0.50922600
vt 0.04174800 0.51338600
vt 0.04174800 0.51754700
vt 0.04174800 0.52170700
vt 0.04174800 0.52586800
vt 0.04174800 0.53002800
vt 0.04174800 0.53418900
vt 0.04174800 0.53834900
vt 0.04174800 0.54251000
vt 0.04174800 0.54667000
vt 0.04174800 0.55083100
vt 0.04174800 0.55499100
vt 0.04174800 0.55915200
vt 0.04174800 0.56331200
vt 0.04174800 0.56747300
vt 0.04174800 0.57163300
vt 0.04174800 0.57579400
vt 0.04174800 0.57995400
vt 0.04174800 0.58411500
vt 0.04174800 0.58827500
vt 0.04174800 0.59243600
vt 0.04174800 0.59659600
vt 0.04083300 0.13959500
vt 0.04083300 0.15581700
vt 0.04083300 0.15021000
vt 0.04083300 0.16149600
vt 0.04083300 0.16717500
vt 0.04083300 0.17285400
vt 0.04083300 0.18421100
vt 0.04083300 0.17853200
vt 0.04083300 0.18994500
vt 0.04083300 0.19592700
vt 0.04083300 0.20713300
vt 0.04083300 0.20157100
vt 0.04083300 0.21825700
vt 0.04083300 0.21269500
vt 0.04083300 0.22381900
vt 0.04083300 0.22938100
vt 0.04083300 0.23484600
vt 0.04083300 0.24025600
vt 0.04083300 0.25107600
vt 0.04083300 0.24566600
vt 0.04083300 0.25648600
vt 0.04083300 0.26189500
vt 0.04083300 0.26730500
vt 0.04083300 0.27812500
vt 0.04083300 0.27271500
vt 0.04083300 0.28894500
vt 0.04083300 0.28353500
vt 0.04083300 0.29435400
vt 0.04083300 0.29976400
vt 0.04083300 0.30517400
vt 0.04083300 0.31058400
vt 0.04083300 0.31633100
vt 0.04083300 0.32209200
vt 0.04083300 0.32688200
vt 0.04083300 0.33286400
vt 0.04083300 0.33853400
vt 0.04083300 0.34409600
vt 0.04083300 0.35522000
vt 0.04083300 0.34965800
vt 0.04083300 0.36078100
vt 0.04083300 0.36634300
vt 0.04083300 0.37181800
vt 0.04083300 0.37722800
vt 0.04083300 0.38804800
vt 0.04083300 0.38263800
vt 0.04083300 0.39886700
vt 0.04083300 0.39345700
vt 0.04083300 0.40968700
vt 0.04083300 0.40427700
vt 0.04083300 0.41509700
vt 0.04083300 0.42050600
vt 0.04083300 0.43132600
vt 0.04083300 0.42591600
vt 0.04083300 0.43673600
vt 0.04083300 0.44214600
vt 0.04083300 0.44755600
vt 0.04083300 0.45329700
vt 0.04083300 0.45906100
vt 0.04083300 0.46381900
vt 0.04083300 0.46980200
vt 0.04083300 0.48105900
vt 0.04083300 0.47549700
vt 0.04083300 0.48662000
vt 0.04083300 0.49774400
vt 0.04083300 0.49218200
vt 0.04083300 0.50330600
vt 0.04083300 0.50879000
vt 0.04083300 0.51961000
vt 0.04083300 0.51420000
vt 0.04083300 0.52501900
vt 0.04083300 0.53042900
vt 0.04083300 0.53583900
vt 0.04083300 0.54665900
vt 0.04083300 0.54124900
vt 0.04083300 0.55206800
vt 0.04083300 0.55747800
vt 0.04083300 0.56288800
vt 0.04083300 0.57370800
vt 0.04083300 0.56829800
vt 0.04083300 0.58452700
vt 0.04083300 0.57911800
vt 0.04083300 0.59026400
vt 0.04083300 0.59602900
vt 0.70523100 0.00000000
vt 0.70706000 0.00805500
vt 0.70706000 0.00000000
vt 0.70706000 0.00268500
vt 0.70706000 0.00537000
vt 0.70523100 0.00805500
vt 0.70523100 0.00537000
vt 0.70523100 0.00268500
vt 0.71314000 0.00000000
vt 0.71314000 0.00345200
vt 0.71314000 0.00690500
vt 0.71314000 0.01035700
vt 0.71314000 0.01380900
vt 0.71314000 0.01726200
vt 0.71314000 0.02071400
vt 0.71314000 0.02416600
vt 0.71131000 0.00673000
vt 0.71264700 0.00357800
vt 0.71131000 0.02761900
vt 0.71131000 0.02413700
vt 0.71131000 0.02065600
vt 0.71131000 0.01717500
vt 0.71131000 0.01369300
vt 0.71131000 0.01021200
vt 0.71314000 0.02761900
vt 0.72363800 0.19810200
vt 0.72180800 0.19810200
vt 0.72180800 0.19441300
vt 0.72180800 0.19072500
vt 0.72180800 0.18703600
vt 0.72180800 0.18334700
vt 0.72180800 0.17965900
vt 0.72180800 0.17597000
vt 0.72180800 0.17228100
vt 0.72180800 0.16859300
vt 0.72180800 0.16490400
vt 0.72180800 0.16121600
vt 0.72180800 0.15752700
vt 0.72180800 0.15383800
vt 0.72180800 0.15015000
vt 0.72180800 0.14646100
vt 0.72363800 0.14646100
vt 0.72363800 0.15043300
vt 0.72363800 0.15440600
vt 0.72363800 0.15837800
vt 0.72363800 0.16235100
vt 0.72363800 0.16632300
vt 0.72363800 0.17029500
vt 0.72363800 0.17426800
vt 0.72363800 0.17824000
vt 0.72363800 0.18221200
vt 0.72363800 0.18618500
vt 0.72363800 0.19015700
vt 0.72363800 0.19412900
vt 0.72272300 0.15136200
vt 0.72272300 0.16174600
vt 0.72272300 0.16708500
vt 0.72272300 0.17230000
vt 0.72272300 0.17739100
vt 0.72272300 0.18248200
vt 0.72272300 0.18757200
vt 0.72272300 0.19272900
vt 0.70908700 0.02727000
vt 0.70908700 0.00000000
vt 0.70908700 0.00389600
vt 0.70908700 0.00779100
vt 0.70908700 0.01168700
vt 0.70908700 0.01558300
vt 0.70908700 0.01947800
vt 0.70908700 0.02337400
vt 0.70859700 0.02374400
vt 0.70725700 0.02062400
vt 0.70725700 0.00000000
vt 0.70725700 0.01718700
vt 0.70725700 0.01375000
vt 0.70725700 0.01031200
vt 0.70725700 0.00687500
vt 0.70725700 0.00343700
vt 0.70817200 0.00560300
vt 0.70817200 0.01663900
f 333/333/333 3/3/3 329/329/329
f 330/330/330 333/333/333 331/331/331
f 3/3/3 333/333/333 330/330/330
f 329/329/329 332/332/332 335/335/335
f 335/335/335 333/333/333 329/329/329
f 333/333/333 335/335/335 334/334/334
f 334/334/334 331/331/331 333/333/333
f 180/180/180 176/176/176 167/167/167
f 176/176/176 180/180/180 5/5/5
f 167/167/167 4/4/4 179/179/179
f 179/179/179 180/180/180 167/167/167
f 149/149/149 148/148/148 141/141/141
f 141/141/141 147/147/147 149/149/149
f 144/144/144 142/142/142 143/143/143
f 6/6/6 144/144/144 140/140/140
f 142/142/142 144/144/144 6/6/6
f 649/649/649 651/651/651 650/650/650
f 650/650/650 136/136/136 649/649/649
f 651/651/651 139/139/139 138/138/138
f 138/138/138 650/650/650 651/651/651
f 650/650/650 150/150/150 328/328/328
f 328/328/328 150/150/150 137/137/137
f 150/150/150 650/650/650 138/138/138
f 650/650/650 328/328/328 2/2/2
f 2/2/2 136/136/136 650/650/650
f 150/150/150 152/152/152 151/151/151
f 151/151/151 137/137/137 150/150/150
f 654/654/654 3/3/3 336/336/336
f 329/329/329 654/654/654 337/337/337
f 3/3/3 654/654/654 329/329/329
f 652/652/652 332/332/332 329/329/329
f 329/329/329 337/337/337 652/652/652
f 332/332/332 652/652/652 136/136/136
f 136/136/136 2/2/2 332/332/332
f 653/653/653 649/649/649 136/136/136
f 136/136/136 652/652/652 653/653/653
f 433/433/433 435/435/435 434/434/434
f 434/434/434 168/168/168 433/433/433
f 435/435/435 431/431/431 434/434/434
f 434/434/434 4/4/4 168/168/168
f 430/430/430 434/434/434 431/431/431
f 4/4/4 434/434/434 430/430/430
f 432/432/432 430/430/430 431/431/431
f 3/3/3 432/432/432 336/336/336
f 430/430/430 432/432/432 3/3/3
f 178/178/178 177/177/177 167/167/167
f 167/167/167 176/176/176 178/178/178
f 177/177/177 4/4/4 167/167/167
f 168/168/168 177/177/177 169/169/169
f 4/4/4 177/177/177 168/168/168
f 170/170/170 433/433/433 168/168/168
f 168/168/168 169/169/169 170/170/170
f 433/433/433 170/170/170 166/166/166
f 166/166/166 7/7/7 433/433/433
f 185/185/185 9/9/9 172/172/172
f 173/173/173 185/185/185 175/175/175
f 9/9/9 185/185/185 173/173/173
f 181/181/181 183/183/183 182/182/182
f 182/182/182 174/174/174 181/181/181
f 644/644/644 648/648/648 145/145/145
f 634/634/634 644/644/644 11/11/11
f 648/648/648 644/644/644 634/634/634
f 145/145/145 648/648/648 646/646/646
f 646/646/646 6/6/6 145/145/145
f 634/634/634 10/10/10 647/647/647
f 647/647/647 648/648/648 634/634/634
f 643/643/643 140/140/140 146/146/146
f 6/6/6 643/643/643 145/145/145
f 140/140/140 643/643/643 6/6/6
f 642/642/642 645/645/645 643/643/643
f 643/643/643 146/146/146 642/642/642
f 645/645/645 644/644/644 145/145/145
f 145/145/145 643/643/643 645/645/645
f 640/640/640 11/11/11 644/644/644
f 644/644/644 645/645/645 640/640/640
f 444/444/444 446/446/446 445/445/445
f 445/445/445 171/171/171 444/444/444
f 12/12/12 450/450/450 453/453/453
f 453/453/453 451/451/451 12/12/12
f 451/451/451 453/453/453 452/452/452
f 452/452/452 186/186/186 451/451/451
f 453/453/453 447/447/447 187/187/187
f 187/187/187 452/452/452 453/453/453
f 452/452/452 9/9/9 186/186/186
f 172/172/172 452/452/452 187/187/187
f 9/9/9 452/452/452 172/172/172
f 448/448/448 184/184/184 172/172/172
f 172/172/172 187/187/187 448/448/448
f 184/184/184 448/448/448 171/171/171
f 171/171/171 8/8/8 184/184/184
f 447/447/447 449/449/449 448/448/448
f 448/448/448 187/187/187 447/447/447
f 449/449/449 444/444/444 171/171/171
f 171/171/171 448/448/448 449/449/449
f 13/13/13 404/404/404 456/456/456
f 456/456/456 454/454/454 13/13/13
f 456/456/456 186/186/186 9/9/9
f 9/9/9 455/455/455 456/456/456
f 451/451/451 404/404/404 12/12/12
f 456/456/456 451/451/451 186/186/186
f 404/404/404 451/451/451 456/456/456
f 639/639/639 638/638/638 636/636/636
f 636/636/636 637/637/637 639/639/639
f 631/631/631 111/111/111 638/638/638
f 638/638/638 639/639/639 631/631/631
f 637/637/637 641/641/641 633/633/633
f 641/641/641 634/634/634 11/11/11
f 634/634/634 637/637/637 636/636/636
f 637/637/637 634/634/634 641/641/641
f 636/636/636 635/635/635 10/10/10
f 10/10/10 634/634/634 636/636/636
f 638/638/638 635/635/635 636/636/636
f 14/14/14 638/638/638 111/111/111
f 635/635/635 638/638/638 14/14/14
f 403/403/403 572/572/572 406/406/406
f 406/406/406 402/402/402 403/403/403
f 572/572/572 403/403/403 15/15/15
f 15/15/15 208/208/208 572/572/572
f 402/402/402 406/406/406 404/404/404
f 404/404/404 13/13/13 402/402/402
f 457/457/457 573/573/573 405/405/405
f 573/573/573 404/404/404 406/406/406
f 404/404/404 457/457/457 12/12/12
f 457/457/457 404/404/404 573/573/573
f 208/208/208 571/571/571 574/574/574
f 574/574/574 572/572/572 208/208/208
f 572/572/572 574/574/574 573/573/573
f 573/573/573 406/406/406 572/572/572
f 121/121/121 120/120/120 118/118/118
f 118/118/118 119/119/119 121/121/121
f 119/119/119 14/14/14 112/112/112
f 117/117/117 119/119/119 118/118/118
f 14/14/14 119/119/119 117/117/117
f 631/631/631 632/632/632 111/111/111
f 122/122/122 632/632/632 113/113/113
f 632/632/632 14/14/14 111/111/111
f 14/14/14 122/122/122 112/112/112
f 122/122/122 14/14/14 632/632/632
f 400/400/400 210/210/210 575/575/575
f 575/575/575 210/210/210 209/209/209
f 210/210/210 400/400/400 207/207/207
f 400/400/400 575/575/575 208/208/208
f 208/208/208 15/15/15 400/400/400
f 575/575/575 576/576/576 571/571/571
f 571/571/571 208/208/208 575/575/575
f 407/407/407 211/211/211 399/399/399
f 399/399/399 408/408/408 407/407/407
f 211/211/211 213/213/213 401/401/401
f 401/401/401 399/399/399 211/211/211
f 213/213/213 207/207/207 400/400/400
f 400/400/400 401/401/401 213/213/213
f 212/212/212 214/214/214 213/213/213
f 213/213/213 211/211/211 212/212/212
f 359/359/359 360/360/360 115/115/115
f 115/115/115 108/108/108 359/359/359
f 360/360/360 356/356/356 114/114/114
f 114/114/114 115/115/115 360/360/360
f 116/116/116 115/115/115 114/114/114
f 356/356/356 358/358/358 357/357/357
f 357/357/357 114/114/114 356/356/356
f 626/626/626 107/107/107 629/629/629
f 629/629/629 630/630/630 626/626/626
f 359/359/359 110/110/110 629/629/629
f 629/629/629 110/110/110 109/109/109
f 110/110/110 359/359/359 108/108/108
f 359/359/359 629/629/629 107/107/107
f 107/107/107 16/16/16 359/359/359
f 204/204/204 578/578/578 203/203/203
f 578/578/578 17/17/17 201/201/201
f 17/17/17 204/204/204 202/202/202
f 204/204/204 17/17/17 578/578/578
f 577/577/577 578/578/578 201/201/201
f 215/215/215 216/216/216 206/206/206
f 215/215/215 17/17/17 202/202/202
f 205/205/205 215/215/215 206/206/206
f 17/17/17 215/215/215 205/205/205
f 624/624/624 625/625/625 354/354/354
f 625/625/625 353/353/353 355/355/355
f 353/353/353 624/624/624 19/19/19
f 624/624/624 353/353/353 625/625/625
f 628/628/628 627/627/627 107/107/107
f 107/107/107 626/626/626 628/628/628
f 625/625/625 355/355/355 627/627/627
f 627/627/627 628/628/628 625/625/625
f 627/627/627 352/352/352 16/16/16
f 16/16/16 107/107/107 627/627/627
f 352/352/352 627/627/627 355/355/355
f 355/355/355 351/351/351 352/352/352
f 353/353/353 18/18/18 351/351/351
f 351/351/351 355/355/355 353/353/353
f 21/21/21 579/579/579 582/582/582
f 582/582/582 580/580/580 21/21/21
f 584/584/584 580/580/580 582/582/582
f 17/17/17 584/584/584 201/201/201
f 580/580/580 584/584/584 17/17/17
f 582/582/582 583/583/583 585/585/585
f 585/585/585 584/584/584 582/582/582
f 584/584/584 585/585/585 577/577/577
f 577/577/577 201/201/201 584/584/584
f 583/583/583 587/587/587 581/581/581
f 587/587/587 579/579/579 20/20/20
f 579/579/579 583/583/583 582/582/582
f 583/583/583 579/579/579 587/587/587
f 22/22/22 621/621/621 623/623/623
f 623/623/623 91/91/91 22/22/22
f 619/619/619 353/353/353 19/19/19
f 623/623/623 619/619/619 91/91/91
f 353/353/353 619/619/619 623/623/623
f 623/623/623 622/622/622 18/18/18
f 18/18/18 353/353/353 623/623/623
f 23/23/23 89/89/89 615/615/615
f 615/615/615 612/612/612 23/23/23
f 615/615/615 614/614/614 92/92/92
f 92/92/92 613/613/613 615/615/615
f 89/89/89 81/81/81 614/614/614
f 614/614/614 615/615/615 89/89/89
f 92/92/92 617/617/617 620/620/620
f 620/620/620 616/616/616 92/92/92
f 620/620/620 619/619/619 19/19/19
f 19/19/19 618/618/618 620/620/620
f 617/617/617 91/91/91 619/619/619
f 619/619/619 620/620/620 617/617/617
f 614/614/614 617/617/617 92/92/92
f 617/617/617 22/22/22 91/91/91
f 22/22/22 614/614/614 81/81/81
f 614/614/614 22/22/22 617/617/617
f 588/588/588 596/596/596 57/57/57
f 596/596/596 25/25/25 51/51/51
f 25/25/25 588/588/588 56/56/56
f 588/588/588 25/25/25 596/596/596
f 56/56/56 588/588/588 591/591/591
f 591/591/591 589/589/589 56/56/56
f 589/589/589 591/591/591 586/586/586
f 586/586/586 20/20/20 589/589/589
f 588/588/588 57/57/57 590/590/590
f 590/590/590 591/591/591 588/588/588
f 51/51/51 55/55/55 598/598/598
f 598/598/598 596/596/596 51/51/51
f 596/596/596 598/598/598 595/595/595
f 595/595/595 57/57/57 596/596/596
f 55/55/55 24/24/24 597/597/597
f 597/597/597 598/598/598 55/55/55
f 593/593/593 594/594/594 579/579/579
f 579/579/579 21/21/21 593/593/593
f 589/589/589 594/594/594 56/56/56
f 579/579/579 589/589/589 20/20/20
f 594/594/594 589/589/589 579/579/579
f 592/592/592 25/25/25 56/56/56
f 56/56/56 594/594/594 592/592/592
f 86/86/86 80/80/80 87/87/87
f 87/87/87 88/88/88 86/86/86
f 90/90/90 22/22/22 81/81/81
f 82/82/82 90/90/90 83/83/83
f 22/22/22 90/90/90 82/82/82
f 610/610/610 78/78/78 76/76/76
f 78/78/78 27/27/27 74/74/74
f 27/27/27 610/610/610 75/75/75
f 610/610/610 27/27/27 78/78/78
f 75/75/75 610/610/610 611/611/611
f 611/611/611 608/608/608 75/75/75
f 610/610/610 76/76/76 93/93/93
f 93/93/93 611/611/611 610/610/610
f 74/74/74 77/77/77 79/79/79
f 79/79/79 78/78/78 74/74/74
f 606/606/606 604/604/604 605/605/605
f 28/28/28 606/606/606 383/383/383
f 604/604/604 606/606/606 28/28/28
f 607/607/607 75/75/75 608/608/608
f 608/608/608 609/609/609 607/607/607
f 607/607/607 27/27/27 75/75/75
f 604/604/604 607/607/607 605/605/605
f 27/27/27 607/607/607 604/604/604
f 380/380/380 602/602/602 44/44/44
f 44/44/44 29/29/29 380/380/380
f 602/602/602 380/380/380 374/374/374
f 374/374/374 384/384/384 602/602/602
f 602/602/602 600/600/600 44/44/44
f 603/603/603 28/28/28 383/383/383
f 374/374/374 603/603/603 384/384/384
f 28/28/28 603/603/603 374/374/374
f 46/46/46 43/43/43 47/47/47
f 47/47/47 48/48/48 46/46/46
f 45/45/45 599/599/599 601/601/601
f 601/601/601 53/53/53 45/45/45
f 599/599/599 44/44/44 600/600/600
f 600/600/600 601/601/601 599/599/599
f 599/599/599 47/47/47 385/385/385
f 385/385/385 47/47/47 43/43/43
f 47/47/47 599/599/599 45/45/45
f 599/599/599 385/385/385 29/29/29
f 29/29/29 44/44/44 599/599/599
f 54/54/54 50/50/50 52/52/52
f 25/25/25 54/54/54 51/51/51
f 50/50/50 54/54/54 25/25/25
f 49/49/49 58/58/58 60/60/60
f 60/60/60 59/59/59 49/49/49
f 84/84/84 85/85/85 74/74/74
f 74/74/74 27/27/27 84/84/84
f 85/85/85 77/77/77 74/74/74
f 77/77/77 85/85/85 26/26/26
f 379/379/379 378/378/378 376/376/376
f 376/376/376 377/377/377 379/379/379
f 382/382/382 381/381/381 374/374/374
f 374/374/374 380/380/380 382/382/382
f 377/377/377 376/376/376 381/381/381
f 381/381/381 382/382/382 377/377/377
f 381/381/381 28/28/28 374/374/374
f 375/375/375 381/381/381 376/376/376
f 28/28/28 381/381/381 375/375/375
f 223/223/223 141/141/141 224/224/224
f 148/148/148 224/224/224 141/141/141
f 223/223/223 222/222/222 147/147/147
f 147/147/147 141/141/141 223/223/223
f 142/142/142 225/225/225 148/148/148
f 129/129/129 147/147/147 151/151/151
f 147/147/147 129/129/129 149/149/149
f 151/151/151 147/147/147 222/222/222
f 225/225/225 224/224/224 148/148/148
f 129/129/129 151/151/151 130/130/130
f 319/319/319 318/318/318 221/221/221
f 151/151/151 221/221/221 318/318/318
f 320/320/320 319/319/319 220/220/220
f 221/221/221 220/220/220 319/319/319
f 321/321/321 320/320/320 220/220/220
f 317/317/317 137/137/137 151/151/151
f 317/317/317 316/316/316 137/137/137
f 328/328/328 137/137/137 316/316/316
f 318/318/318 317/317/317 151/151/151
f 151/151/151 222/222/222 221/221/221
f 328/328/328 316/316/316 315/315/315
f 130/130/130 151/151/151 152/152/152
f 142/142/142 148/148/148 143/143/143
f 227/227/227 226/226/226 142/142/142
f 127/127/127 149/149/149 128/128/128
f 148/148/148 149/149/149 127/127/127
f 148/148/148 127/127/127 143/143/143
f 226/226/226 225/225/225 142/142/142
f 125/125/125 144/144/144 126/126/126
f 143/143/143 126/126/126 144/144/144
f 140/140/140 144/144/144 125/125/125
f 646/646/646 227/227/227 142/142/142
f 127/127/127 126/126/126 143/143/143
f 130/130/130 152/152/152 131/131/131
f 152/152/152 150/150/150 131/131/131
f 132/132/132 131/131/131 150/150/150
f 138/138/138 132/132/132 150/150/150
f 139/139/139 134/134/134 133/133/133
f 133/133/133 138/138/138 139/139/139
f 139/139/139 651/651/651 562/562/562
f 649/649/649 564/564/564 651/651/651
f 132/132/132 138/138/138 133/133/133
f 561/561/561 134/134/134 139/139/139
f 149/149/149 129/129/129 128/128/128
f 219/219/219 322/322/322 321/321/321
f 323/323/323 219/219/219 218/218/218
f 322/322/322 219/219/219 323/323/323
f 220/220/220 219/219/219 321/321/321
f 2/2/2 315/315/315 327/327/327
f 2/2/2 327/327/327 326/326/326
f 332/332/332 326/326/326 335/335/335
f 315/315/315 2/2/2 328/328/328
f 324/324/324 323/323/323 334/334/334
f 217/217/217 1/1/1 330/330/330
f 301/301/301 330/330/330 1/1/1
f 330/330/330 301/301/301 300/300/300
f 218/218/218 217/217/217 331/331/331
f 335/335/335 325/325/325 334/334/334
f 323/323/323 218/218/218 334/334/334
f 217/217/217 330/330/330 331/331/331
f 335/335/335 326/326/326 325/325/325
f 218/218/218 331/331/331 334/334/334
f 334/334/334 325/325/325 324/324/324
f 330/330/330 300/300/300 179/179/179
f 2/2/2 326/326/326 332/332/332
f 569/569/569 337/337/337 654/654/654
f 567/567/567 652/652/652 337/337/337
f 567/567/567 337/337/337 568/568/568
f 652/652/652 567/567/567 653/653/653
f 569/569/569 654/654/654 570/570/570
f 568/568/568 337/337/337 569/569/569
f 565/565/565 649/649/649 653/653/653
f 336/336/336 570/570/570 654/654/654
f 423/423/423 432/432/432 431/431/431
f 330/330/330 179/179/179 430/430/430
f 432/432/432 656/656/656 336/336/336
f 330/330/330 430/430/430 3/3/3
f 336/336/336 656/656/656 655/655/655
f 431/431/431 424/424/424 423/423/423
f 432/432/432 423/423/423 657/657/657
f 432/432/432 657/657/657 656/656/656
f 655/655/655 570/570/570 336/336/336
f 431/431/431 435/435/435 424/424/424
f 647/647/647 231/231/231 230/230/230
f 646/646/646 647/647/647 229/229/229
f 230/230/230 229/229/229 647/647/647
f 647/647/647 10/10/10 231/231/231
f 117/117/117 234/234/234 233/233/233
f 635/635/635 232/232/232 10/10/10
f 231/231/231 10/10/10 232/232/232
f 232/232/232 635/635/635 233/233/233
f 117/117/117 233/233/233 635/635/635
f 117/117/117 235/235/235 234/234/234
f 647/647/647 646/646/646 648/648/648
f 229/229/229 228/228/228 646/646/646
f 142/142/142 6/6/6 646/646/646
f 546/546/546 545/545/545 639/639/639
f 631/631/631 639/639/639 545/545/545
f 544/544/544 631/631/631 545/545/545
f 637/637/637 546/546/546 639/639/639
f 14/14/14 117/117/117 635/635/635
f 637/637/637 633/633/633 546/546/546
f 118/118/118 236/236/236 235/235/235
f 118/118/118 120/120/120 236/236/236
f 121/121/121 119/119/119 99/99/99
f 98/98/98 120/120/120 121/121/121
f 112/112/112 100/100/100 119/119/119
f 100/100/100 99/99/99 119/119/119
f 101/101/101 100/100/100 112/112/112
f 120/120/120 237/237/237 236/236/236
f 542/542/542 541/541/541 632/632/632
f 113/113/113 632/632/632 541/541/541
f 543/543/543 631/631/631 544/544/544
f 632/632/632 543/543/543 542/542/542
f 543/543/543 632/632/632 631/631/631
f 102/102/102 101/101/101 122/122/122
f 112/112/112 122/122/122 101/101/101
f 539/539/539 113/113/113 540/540/540
f 122/122/122 113/113/113 102/102/102
f 541/541/541 540/540/540 113/113/113
f 103/103/103 102/102/102 113/113/113
f 117/117/117 118/118/118 235/235/235
f 557/557/557 124/124/124 123/123/123
f 559/559/559 123/123/123 135/135/135
f 124/124/124 140/140/140 125/125/125
f 135/135/135 134/134/134 560/560/560
f 556/556/556 140/140/140 557/557/557
f 558/558/558 123/123/123 559/559/559
f 557/557/557 123/123/123 558/558/558
f 557/557/557 140/140/140 124/124/124
f 560/560/560 559/559/559 135/135/135
f 564/564/564 649/649/649 565/565/565
f 566/566/566 653/653/653 567/567/567
f 565/565/565 653/653/653 566/566/566
f 560/560/560 134/134/134 561/561/561
f 562/562/562 651/651/651 563/563/563
f 561/561/561 139/139/139 562/562/562
f 564/564/564 563/563/563 651/651/651
f 425/425/425 424/424/424 435/435/435
f 146/146/146 140/140/140 556/556/556
f 552/552/552 640/640/640 645/645/645
f 11/11/11 640/640/640 550/550/550
f 550/550/550 641/641/641 11/11/11
f 550/550/550 640/640/640 551/551/551
f 548/548/548 633/633/633 641/641/641
f 641/641/641 549/549/549 548/548/548
f 633/633/633 548/548/548 547/547/547
f 547/547/547 546/546/546 633/633/633
f 550/550/550 549/549/549 641/641/641
f 146/146/146 555/555/555 554/554/554
f 556/556/556 555/555/555 146/146/146
f 553/553/553 642/642/642 554/554/554
f 146/146/146 554/554/554 642/642/642
f 645/645/645 642/642/642 552/552/552
f 305/305/305 411/411/411 410/410/410
f 642/642/642 553/553/553 552/552/552
f 552/552/552 551/551/551 640/640/640
f 435/435/435 426/426/426 425/425/425
f 227/227/227 646/646/646 228/228/228
f 411/411/411 305/305/305 412/412/412
f 298/298/298 179/179/179 299/299/299
f 300/300/300 299/299/299 179/179/179
f 297/297/297 180/180/180 298/298/298
f 179/179/179 298/298/298 180/180/180
f 430/430/430 179/179/179 4/4/4
f 157/157/157 169/169/169 177/177/177
f 159/159/159 178/178/178 176/176/176
f 180/180/180 297/297/297 5/5/5
f 159/159/159 176/176/176 5/5/5
f 5/5/5 160/160/160 159/159/159
f 296/296/296 5/5/5 297/297/297
f 159/159/159 158/158/158 178/178/178
f 155/155/155 170/170/170 156/156/156
f 169/169/169 157/157/157 156/156/156
f 177/177/177 178/178/178 158/158/158
f 166/166/166 170/170/170 155/155/155
f 158/158/158 157/157/157 177/177/177
f 170/170/170 169/169/169 156/156/156
f 7/7/7 435/435/435 433/433/433
f 428/428/428 7/7/7 308/308/308
f 427/427/427 7/7/7 428/428/428
f 307/307/307 429/429/429 428/428/428
f 426/426/426 435/435/435 7/7/7
f 409/409/409 306/306/306 410/410/410
f 306/306/306 305/305/305 410/410/410
f 307/307/307 428/428/428 308/308/308
f 409/409/409 307/307/307 306/306/306
f 409/409/409 429/429/429 307/307/307
f 7/7/7 427/427/427 426/426/426
f 166/166/166 309/309/309 308/308/308
f 308/308/308 7/7/7 166/166/166
f 445/445/445 166/166/166 8/8/8
f 153/153/153 8/8/8 154/154/154
f 166/166/166 154/154/154 8/8/8
f 310/310/310 309/309/309 166/166/166
f 166/166/166 155/155/155 154/154/154
f 445/445/445 311/311/311 310/310/310
f 445/445/445 446/446/446 311/311/311
f 312/312/312 311/311/311 446/446/446
f 437/437/437 446/446/446 444/444/444
f 171/171/171 445/445/445 8/8/8
f 166/166/166 445/445/445 310/310/310
f 312/312/312 446/446/446 436/436/436
f 8/8/8 153/153/153 165/165/165
f 296/296/296 182/182/182 5/5/5
f 160/160/160 5/5/5 182/182/182
f 182/182/182 295/295/295 174/174/174
f 296/296/296 295/295/295 182/182/182
f 182/182/182 183/183/183 160/160/160
f 162/162/162 161/161/161 183/183/183
f 160/160/160 183/183/183 161/161/161
f 185/185/185 164/164/164 163/163/163
f 162/162/162 183/183/183 181/181/181
f 163/163/163 162/162/162 175/175/175
f 294/294/294 181/181/181 174/174/174
f 294/294/294 293/293/293 181/181/181
f 173/173/173 293/293/293 292/292/292
f 173/173/173 181/181/181 293/293/293
f 295/295/295 294/294/294 174/174/174
f 163/163/163 175/175/175 185/185/185
f 290/290/290 455/455/455 291/291/291
f 291/291/291 455/455/455 173/173/173
f 292/292/292 291/291/291 173/173/173
f 181/181/181 173/173/173 175/175/175
f 175/175/175 162/162/162 181/181/181
f 172/172/172 164/164/164 185/185/185
f 164/164/164 172/172/172 184/184/184
f 184/184/184 8/8/8 165/165/165
f 449/449/449 439/439/439 438/438/438
f 440/440/440 449/449/449 447/447/447
f 439/439/439 449/449/449 440/440/440
f 444/444/444 449/449/449 438/438/438
f 437/437/437 444/444/444 438/438/438
f 440/440/440 447/447/447 441/441/441
f 288/288/288 454/454/454 289/289/289
f 289/289/289 454/454/454 455/455/455
f 290/290/290 289/289/289 455/455/455
f 9/9/9 173/173/173 455/455/455
f 447/447/447 453/453/453 442/442/442
f 287/287/287 13/13/13 454/454/454
f 288/288/288 287/287/287 454/454/454
f 455/455/455 454/454/454 456/456/456
f 441/441/441 447/447/447 442/442/442
f 164/164/164 184/184/184 165/165/165
f 415/415/415 304/304/304 303/303/303
f 305/305/305 304/304/304 413/413/413
f 414/414/414 413/413/413 304/304/304
f 313/313/313 312/312/312 436/436/436
f 302/302/302 417/417/417 303/303/303
f 419/419/419 314/314/314 420/420/420
f 314/314/314 419/419/419 302/302/302
f 421/421/421 314/314/314 313/313/313
f 415/415/415 303/303/303 416/416/416
f 415/415/415 414/414/414 304/304/304
f 420/420/420 314/314/314 421/421/421
f 436/436/436 446/446/446 437/437/437
f 442/442/442 450/450/450 443/443/443
f 450/450/450 12/12/12 458/458/458
f 450/450/450 442/442/442 453/453/453
f 313/313/313 422/422/422 421/421/421
f 12/12/12 457/457/457 458/458/458
f 443/443/443 450/450/450 458/458/458
f 457/457/457 459/459/459 458/458/458
f 422/422/422 313/313/313 436/436/436
f 419/419/419 418/418/418 302/302/302
f 418/418/418 417/417/417 302/302/302
f 303/303/303 417/417/417 416/416/416
f 461/461/461 405/405/405 573/573/573
f 460/460/460 405/405/405 461/461/461
f 462/462/462 461/461/461 573/573/573
f 460/460/460 457/457/457 405/405/405
f 571/571/571 464/464/464 463/463/463
f 574/574/574 462/462/462 573/573/573
f 463/463/463 574/574/574 571/571/571
f 571/571/571 465/465/465 464/464/464
f 463/463/463 462/462/462 574/574/574
f 576/576/576 466/466/466 465/465/465
f 466/466/466 209/209/209 467/467/467
f 576/576/576 575/575/575 466/466/466
f 571/571/571 576/576/576 465/465/465
f 468/468/468 467/467/467 209/209/209
f 460/460/460 459/459/459 457/457/457
f 402/402/402 13/13/13 392/392/392
f 402/402/402 391/391/391 390/390/390
f 390/390/390 403/403/403 402/402/402
f 391/391/391 402/402/402 392/392/392
f 389/389/389 15/15/15 403/403/403
f 15/15/15 389/389/389 388/388/388
f 388/388/388 387/387/387 400/400/400
f 400/400/400 15/15/15 388/388/388
f 390/390/390 389/389/389 403/403/403
f 286/286/286 393/393/393 392/392/392
f 286/286/286 285/285/285 393/393/393
f 394/394/394 393/393/393 285/285/285
f 284/284/284 394/394/394 285/285/285
f 13/13/13 286/286/286 392/392/392
f 408/408/408 398/398/398 397/397/397
f 284/284/284 396/396/396 395/395/395
f 396/396/396 284/284/284 283/283/283
f 394/394/394 284/284/284 395/395/395
f 283/283/283 397/397/397 396/396/396
f 287/287/287 286/286/286 13/13/13
f 466/466/466 575/575/575 209/209/209
f 387/387/387 386/386/386 401/401/401
f 210/210/210 193/193/193 209/209/209
f 400/400/400 387/387/387 401/401/401
f 207/207/207 195/195/195 194/194/194
f 194/194/194 210/210/210 207/207/207
f 195/195/195 207/207/207 213/213/213
f 214/214/214 197/197/197 196/196/196
f 193/193/193 210/210/210 194/194/194
f 192/192/192 209/209/209 193/193/193
f 195/195/195 213/213/213 196/196/196
f 398/398/398 408/408/408 399/399/399
f 399/399/399 401/401/401 386/386/386
f 282/282/282 408/408/408 283/283/283
f 408/408/408 397/397/397 283/283/283
f 408/408/408 282/282/282 407/407/407
f 399/399/399 386/386/386 398/398/398
f 196/196/196 213/213/213 214/214/214
f 407/407/407 212/212/212 211/211/211
f 281/281/281 407/407/407 282/282/282
f 212/212/212 197/197/197 214/214/214
f 212/212/212 407/407/407 281/281/281
f 468/468/468 209/209/209 469/469/469
f 305/305/305 413/413/413 412/412/412
f 121/121/121 99/99/99 98/98/98
f 120/120/120 116/116/116 238/238/238
f 114/114/114 357/357/357 116/116/116
f 238/238/238 116/116/116 357/357/357
f 357/357/357 239/239/239 238/238/238
f 116/116/116 120/120/120 97/97/97
f 358/358/358 240/240/240 239/239/239
f 356/356/356 344/344/344 343/343/343
f 358/358/358 356/356/356 343/343/343
f 239/239/239 357/357/357 358/358/358
f 98/98/98 97/97/97 120/120/120
f 95/95/95 115/115/115 96/96/96
f 116/116/116 97/97/97 96/96/96
f 108/108/108 115/115/115 95/95/95
f 116/116/116 96/96/96 115/115/115
f 356/356/356 360/360/360 345/345/345
f 360/360/360 359/359/359 346/346/346
f 346/346/346 345/345/345 360/360/360
f 345/345/345 344/344/344 356/356/356
f 108/108/108 95/95/95 94/94/94
f 343/343/343 240/240/240 358/358/358
f 340/340/340 241/241/241 341/341/341
f 342/342/342 341/341/341 241/241/241
f 342/342/342 240/240/240 343/343/343
f 241/241/241 240/240/240 342/342/342
f 339/339/339 242/242/242 340/340/340
f 241/241/241 340/340/340 242/242/242
f 242/242/242 338/338/338 243/243/243
f 339/339/339 338/338/338 242/242/242
f 244/244/244 243/243/243 18/18/18
f 16/16/16 347/347/347 346/346/346
f 16/16/16 352/352/352 347/347/347
f 348/348/348 347/347/347 352/352/352
f 349/349/349 348/348/348 352/352/352
f 359/359/359 16/16/16 346/346/346
f 18/18/18 338/338/338 350/350/350
f 349/349/349 351/351/351 350/350/350
f 18/18/18 350/350/350 351/351/351
f 352/352/352 351/351/351 349/349/349
f 18/18/18 243/243/243 338/338/338
f 538/538/538 104/104/104 103/103/103
f 104/104/104 537/537/537 536/536/536
f 105/105/105 104/104/104 536/536/536
f 537/537/537 104/104/104 538/538/538
f 110/110/110 94/94/94 106/106/106
f 109/109/109 105/105/105 536/536/536
f 110/110/110 105/105/105 109/109/109
f 106/106/106 105/105/105 110/110/110
f 629/629/629 109/109/109 534/534/534
f 534/534/534 109/109/109 535/535/535
f 536/536/536 535/535/535 109/109/109
f 103/103/103 539/539/539 538/538/538
f 532/532/532 626/626/626 630/630/630
f 534/534/534 630/630/630 629/629/629
f 630/630/630 533/533/533 532/532/532
f 626/626/626 532/532/532 531/531/531
f 531/531/531 530/530/530 626/626/626
f 534/534/534 533/533/533 630/630/630
f 108/108/108 94/94/94 110/110/110
f 103/103/103 113/113/113 539/539/539
f 529/529/529 628/628/628 530/530/530
f 626/626/626 530/530/530 628/628/628
f 529/529/529 528/528/528 625/625/625
f 625/625/625 628/628/628 529/529/529
f 528/528/528 354/354/354 625/625/625
f 624/624/624 527/527/527 526/526/526
f 354/354/354 527/527/527 624/624/624
f 19/19/19 624/624/624 525/525/525
f 528/528/528 527/527/527 354/354/354
f 526/526/526 525/525/525 624/624/624
f 525/525/525 618/618/618 19/19/19
f 618/618/618 525/525/525 524/524/524
f 618/618/618 524/524/524 523/523/523
f 523/523/523 620/620/620 618/618/618
f 523/523/523 522/522/522 616/616/616
f 616/616/616 521/521/521 92/92/92
f 616/616/616 522/522/522 521/521/521
f 521/521/521 520/520/520 92/92/92
f 620/620/620 523/523/523 616/616/616
f 244/244/244 18/18/18 622/622/622
f 120/120/120 238/238/238 237/237/237
f 621/621/621 622/622/622 623/623/623
f 244/244/244 622/622/622 245/245/245
f 92/92/92 520/520/520 613/613/613
f 245/245/245 622/622/622 246/246/246
f 621/621/621 247/247/247 246/246/246
f 621/621/621 22/22/22 82/82/82
f 89/89/89 90/90/90 81/81/81
f 621/621/621 246/246/246 622/622/622
f 519/519/519 615/615/615 613/613/613
f 519/519/519 518/518/518 615/615/615
f 612/612/612 615/615/615 518/518/518
f 612/612/612 518/518/518 517/517/517
f 613/613/613 520/520/520 519/519/519
f 67/67/67 66/66/66 89/89/89
f 89/89/89 66/66/66 90/90/90
f 68/68/68 67/67/67 23/23/23
f 89/89/89 23/23/23 67/67/67
f 516/516/516 23/23/23 612/612/612
f 23/23/23 516/516/516 68/68/68
f 247/247/247 621/621/621 248/248/248
f 249/249/249 248/248/248 82/82/82
f 64/64/64 83/83/83 90/90/90
f 83/83/83 87/87/87 82/82/82
f 248/248/248 621/621/621 82/82/82
f 82/82/82 87/87/87 250/250/250
f 80/80/80 251/251/251 87/87/87
f 250/250/250 87/87/87 251/251/251
f 252/252/252 251/251/251 80/80/80
f 249/249/249 82/82/82 250/250/250
f 63/63/63 87/87/87 83/83/83
f 64/64/64 90/90/90 65/65/65
f 62/62/62 88/88/88 63/63/63
f 83/83/83 64/64/64 63/63/63
f 86/86/86 88/88/88 62/62/62
f 87/87/87 63/63/63 88/88/88
f 253/253/253 252/252/252 86/86/86
f 62/62/62 61/61/61 26/26/26
f 253/253/253 86/86/86 26/26/26
f 26/26/26 254/254/254 253/253/253
f 86/86/86 62/62/62 26/26/26
f 252/252/252 80/80/80 86/86/86
f 66/66/66 65/65/65 90/90/90
f 26/26/26 61/61/61 77/77/77
f 516/516/516 612/612/612 517/517/517
f 69/69/69 515/515/515 514/514/514
f 516/516/516 515/515/515 68/68/68
f 514/514/514 513/513/513 93/93/93
f 70/70/70 69/69/69 93/93/93
f 512/512/512 611/611/611 513/513/513
f 93/93/93 513/513/513 611/611/611
f 511/511/511 611/611/611 512/512/512
f 69/69/69 514/514/514 93/93/93
f 69/69/69 68/68/68 515/515/515
f 608/608/608 511/511/511 510/510/510
f 609/609/609 509/509/509 508/508/508
f 508/508/508 507/507/507 605/605/605
f 509/509/509 608/608/608 510/510/510
f 509/509/509 609/609/609 608/608/608
f 607/607/607 609/609/609 508/508/508
f 506/506/506 505/505/505 606/606/606
f 383/383/383 505/505/505 504/504/504
f 506/506/506 605/605/605 507/507/507
f 608/608/608 611/611/611 511/511/511
f 78/78/78 72/72/72 76/76/76
f 93/93/93 76/76/76 71/71/71
f 72/72/72 71/71/71 76/76/76
f 79/79/79 73/73/73 72/72/72
f 79/79/79 77/77/77 73/73/73
f 77/77/77 61/61/61 73/73/73
f 85/85/85 255/255/255 254/254/254
f 72/72/72 78/78/78 79/79/79
f 605/605/605 506/506/506 606/606/606
f 604/604/604 84/84/84 27/27/27
f 607/607/607 508/508/508 605/605/605
f 84/84/84 256/256/256 255/255/255
f 257/257/257 84/84/84 375/375/375
f 256/256/256 84/84/84 257/257/257
f 604/604/604 375/375/375 84/84/84
f 85/85/85 84/84/84 255/255/255
f 383/383/383 606/606/606 505/505/505
f 70/70/70 93/93/93 71/71/71
f 85/85/85 254/254/254 26/26/26
f 257/257/257 375/375/375 258/258/258
f 587/587/587 481/481/481 581/581/581
f 479/479/479 581/581/581 480/480/480
f 481/481/481 480/480/480 581/581/581
f 482/482/482 481/481/481 587/587/587
f 591/591/591 485/485/485 586/586/586
f 586/586/586 484/484/484 483/483/483
f 485/485/485 484/484/484 586/586/586
f 587/587/587 483/483/483 482/482/482
f 483/483/483 20/20/20 586/586/586
f 476/476/476 475/475/475 578/578/578
f 474/474/474 473/473/473 203/203/203
f 474/474/474 578/578/578 475/475/475
f 578/578/578 577/577/577 476/476/476
f 577/577/577 477/477/477 476/476/476
f 483/483/483 587/587/587 20/20/20
f 585/585/585 479/479/479 478/478/478
f 577/577/577 585/585/585 478/478/478
f 577/577/577 478/478/478 477/477/477
f 479/479/479 583/583/583 581/581/581
f 486/486/486 485/485/485 590/590/590
f 597/597/597 491/491/491 490/490/490
f 597/597/597 489/489/489 598/598/598
f 490/490/490 489/489/489 597/597/597
f 597/597/597 492/492/492 491/491/491
f 494/494/494 493/493/493 35/35/35
f 36/36/36 492/492/492 24/24/24
f 492/492/492 36/36/36 493/493/493
f 597/597/597 24/24/24 492/492/492
f 53/53/53 495/495/495 494/494/494
f 487/487/487 595/595/595 488/488/488
f 595/595/595 489/489/489 488/488/488
f 57/57/57 487/487/487 590/590/590
f 486/486/486 590/590/590 487/487/487
f 485/485/485 591/591/591 590/590/590
f 595/595/595 487/487/487 57/57/57
f 598/598/598 489/489/489 595/595/595
f 51/51/51 54/54/54 55/55/55
f 55/55/55 37/37/37 24/24/24
f 192/192/192 470/470/470 469/469/469
f 470/470/470 192/192/192 191/191/191
f 191/191/191 471/471/471 470/470/470
f 190/190/190 472/472/472 471/471/471
f 204/204/204 203/203/203 190/190/190
f 472/472/472 190/190/190 203/203/203
f 472/472/472 203/203/203 473/473/473
f 191/191/191 190/190/190 471/471/471
f 204/204/204 190/190/190 189/189/189
f 280/280/280 216/216/216 212/212/212
f 212/212/212 281/281/281 280/280/280
f 212/212/212 216/216/216 198/198/198
f 216/216/216 199/199/199 198/198/198
f 212/212/212 198/198/198 197/197/197
f 188/188/188 204/204/204 189/189/189
f 199/199/199 215/215/215 200/200/200
f 199/199/199 216/216/216 215/215/215
f 188/188/188 200/200/200 202/202/202
f 279/279/279 216/216/216 280/280/280
f 188/188/188 202/202/202 204/204/204
f 200/200/200 215/215/215 202/202/202
f 192/192/192 469/469/469 209/209/209
f 479/479/479 585/585/585 583/583/583
f 578/578/578 474/474/474 203/203/203
f 593/593/593 21/21/21 274/274/274
f 593/593/593 272/272/272 592/592/592
f 275/275/275 21/21/21 580/580/580
f 594/594/594 593/593/593 592/592/592
f 205/205/205 580/580/580 17/17/17
f 273/273/273 272/272/272 593/593/593
f 279/279/279 278/278/278 206/206/206
f 205/205/205 206/206/206 278/278/278
f 277/277/277 205/205/205 278/278/278
f 216/216/216 279/279/279 206/206/206
f 580/580/580 276/276/276 275/275/275
f 205/205/205 277/277/277 276/276/276
f 205/205/205 276/276/276 580/580/580
f 275/275/275 274/274/274 21/21/21
f 593/593/593 274/274/274 273/273/273
f 384/384/384 502/502/502 501/501/501
f 500/500/500 499/499/499 602/602/602
f 500/500/500 384/384/384 501/501/501
f 502/502/502 384/384/384 603/603/603
f 383/383/383 503/503/503 603/603/603
f 503/503/503 502/502/502 603/603/603
f 504/504/504 503/503/503 383/383/383
f 384/384/384 500/500/500 602/602/602
f 497/497/497 600/600/600 498/498/498
f 600/600/600 499/499/499 498/498/498
f 601/601/601 497/497/497 496/496/496
f 600/600/600 497/497/497 601/601/601
f 495/495/495 53/53/53 601/601/601
f 368/368/368 367/367/367 385/385/385
f 385/385/385 367/367/367 29/29/29
f 369/369/369 368/368/368 385/385/385
f 380/380/380 29/29/29 366/366/366
f 600/600/600 602/602/602 499/499/499
f 378/378/378 375/375/375 376/376/376
f 364/364/364 377/377/377 382/382/382
f 375/375/375 378/378/378 260/260/260
f 379/379/379 261/261/261 378/378/378
f 260/260/260 378/378/378 261/261/261
f 262/262/262 261/261/261 379/379/379
f 259/259/259 375/375/375 260/260/260
f 259/259/259 258/258/258 375/375/375
f 363/363/363 379/379/379 377/377/377
f 382/382/382 365/365/365 364/364/364
f 366/366/366 29/29/29 367/367/367
f 382/382/382 366/366/366 365/365/365
f 362/362/362 379/379/379 363/363/363
f 361/361/361 373/373/373 263/263/263
f 362/362/362 361/361/361 262/262/262
f 262/262/262 361/361/361 263/263/263
f 362/362/362 262/262/262 379/379/379
f 363/363/363 377/377/377 364/364/364
f 382/382/382 380/380/380 366/366/366
f 375/375/375 604/604/604 28/28/28
f 369/369/369 385/385/385 43/43/43
f 35/35/35 493/493/493 36/36/36
f 55/55/55 38/38/38 37/37/37
f 34/34/34 53/53/53 35/35/35
f 35/35/35 53/53/53 494/494/494
f 32/32/32 45/45/45 33/33/33
f 53/53/53 34/34/34 33/33/33
f 32/32/32 47/47/47 45/45/45
f 45/45/45 53/53/53 33/33/33
f 54/54/54 39/39/39 38/38/38
f 270/270/270 592/592/592 271/271/271
f 25/25/25 592/592/592 50/50/50
f 272/272/272 271/271/271 592/592/592
f 40/40/40 39/39/39 54/54/54
f 54/54/54 38/38/38 55/55/55
f 52/52/52 41/41/41 40/40/40
f 592/592/592 270/270/270 50/50/50
f 41/41/41 52/52/52 59/59/59
f 59/59/59 52/52/52 50/50/50
f 270/270/270 269/269/269 50/50/50
f 52/52/52 40/40/40 54/54/54
f 41/41/41 60/60/60 42/42/42
f 37/37/37 36/36/36 24/24/24
f 46/46/46 48/48/48 31/31/31
f 48/48/48 32/32/32 31/31/31
f 46/46/46 31/31/31 30/30/30
f 46/46/46 370/370/370 43/43/43
f 47/47/47 32/32/32 48/48/48
f 369/369/369 43/43/43 370/370/370
f 371/371/371 264/264/264 372/372/372
f 263/263/263 372/372/372 264/264/264
f 371/371/371 46/46/46 264/264/264
f 263/263/263 373/373/373 372/372/372
f 370/370/370 46/46/46 371/371/371
f 264/264/264 46/46/46 265/265/265
f 58/58/58 30/30/30 42/42/42
f 269/269/269 268/268/268 50/50/50
f 50/50/50 268/268/268 59/59/59
f 59/59/59 268/268/268 267/267/267
f 60/60/60 58/58/58 42/42/42
f 59/59/59 60/60/60 41/41/41
f 266/266/266 265/265/265 58/58/58
f 46/46/46 30/30/30 58/58/58
f 267/267/267 266/266/266 49/49/49
f 58/58/58 49/49/49 266/266/266
f 59/59/59 267/267/267 49/49/49
f 58/58/58 265/265/265 46/46/46
f 601/601/601 496/496/496 495/495/495
f 668/668/668 662/662/662 658/658/658
f 663/663/663 674/674/674 673/673/673
f 673/673/673 664/664/664 663/663/663
f 662/662/662 675/675/675 674/674/674
f 674/674/674 663/663/663 662/662/662
f 675/675/675 668/668/668 659/659/659
f 662/662/662 668/668/668 675/675/675
f 664/664/664 673/673/673 672/672/672
f 672/672/672 665/665/665 664/664/664
f 665/665/665 672/672/672 671/671/671
f 671/671/671 666/666/666 665/665/665
f 661/661/661 660/660/660 667/667/667
f 666/666/666 671/671/671 670/670/670
f 670/670/670 667/667/667 666/666/666
f 669/669/669 661/661/661 670/670/670
f 667/667/667 670/670/670 661/661/661
f 680/680/680 676/676/676 681/681/681
f 682/682/682 683/683/683 705/705/705
f 705/705/705 706/706/706 682/682/682
f 681/681/681 682/682/682 706/706/706
f 706/706/706 707/707/707 681/681/681
f 684/684/684 685/685/685 703/703/703
f 703/703/703 704/704/704 684/684/684
f 686/686/686 687/687/687 701/701/701
f 701/701/701 702/702/702 686/686/686
f 685/685/685 686/686/686 702/702/702
f 702/702/702 703/703/703 685/685/685
f 683/683/683 684/684/684 704/704/704
f 704/704/704 705/705/705 683/683/683
f 707/707/707 679/679/679 680/680/680
f 681/681/681 707/707/707 680/680/680
f 688/688/688 689/689/689 699/699/699
f 699/699/699 700/700/700 688/688/688
f 690/690/690 691/691/691 697/697/697
f 697/697/697 698/698/698 690/690/690
f 689/689/689 690/690/690 698/698/698
f 698/698/698 699/699/699 689/689/689
f 692/692/692 693/693/693 695/695/695
f 695/695/695 696/696/696 692/692/692
f 693/693/693 677/677/677 694/694/694
f 691/691/691 692/692/692 696/696/696
f 696/696/696 697/697/697 691/691/691
f 693/693/693 694/694/694 695/695/695
f 700/700/700 701/701/701 687/687/687
f 687/687/687 688/688/688 700/700/700
f 694/694/694 678/678/678 695/695/695
f 720/720/720 713/713/713 708/708/708
f 715/715/715 714/714/714 726/726/726
f 726/726/726 725/725/725 715/715/715
f 725/725/725 724/724/724 716/716/716
f 716/716/716 715/715/715 725/725/725
f 713/713/713 727/727/727 726/726/726
f 726/726/726 714/714/714 713/713/713
f 727/727/727 720/720/720 709/709/709
f 713/713/713 720/720/720 727/727/727
f 718/718/718 717/717/717 723/723/723
f 723/723/723 722/722/722 718/718/718
f 712/712/712 711/711/711 719/719/719
f 718/718/718 722/722/722 721/721/721
f 721/721/721 719/719/719 718/718/718
f 719/719/719 721/721/721 712/712/712
f 717/717/717 716/716/716 724/724/724
f 724/724/724 723/723/723 717/717/717
f 712/712/712 721/721/721 710/710/710
f 759/759/759 732/732/732 728/728/728
f 728/728/728 729/729/729 759/759/759
f 732/732/732 759/759/759 758/758/758
f 758/758/758 733/733/733 732/732/732
f 733/733/733 757/757/757 756/756/756
f 756/756/756 734/734/734 733/733/733
f 735/735/735 755/755/755 754/754/754
f 754/754/754 736/736/736 735/735/735
f 734/734/734 756/756/756 755/755/755
f 755/755/755 735/735/735 734/734/734
f 736/736/736 753/753/753 752/752/752
f 752/752/752 737/737/737 736/736/736
f 757/757/757 733/733/733 758/758/758
f 753/753/753 736/736/736 754/754/754
f 737/737/737 752/752/752 751/751/751
f 751/751/751 738/738/738 737/737/737
f 750/750/750 739/739/739 738/738/738
f 738/738/738 751/751/751 750/750/750
f 739/739/739 749/749/749 748/748/748
f 748/748/748 740/740/740 739/739/739
f 740/740/740 748/748/748 747/747/747
f 747/747/747 741/741/741 740/740/740
f 742/742/742 745/745/745 744/744/744
f 744/744/744 743/743/743 742/742/742
f 741/741/741 747/747/747 746/746/746
f 746/746/746 742/742/742 741/741/741
f 743/743/743 744/744/744 731/731/731
f 731/731/731 730/730/730 743/743/743
f 739/739/739 750/750/750 749/749/749
f 742/742/742 746/746/746 745/745/745
f 791/791/791 764/764/764 760/760/760
f 760/760/760 761/761/761 791/791/791
f 764/764/764 791/791/791 790/790/790
f 790/790/790 765/765/765 764/764/764
f 765/765/765 789/789/789 788/788/788
f 788/788/788 766/766/766 765/765/765
f 767/767/767 787/787/787 786/786/786
f 786/786/786 768/768/768 767/767/767
f 766/766/766 788/788/788 787/787/787
f 787/787/787 767/767/767 766/766/766
f 768/768/768 785/785/785 784/784/784
f 784/784/784 769/769/769 768/768/768
f 789/789/789 765/765/765 790/790/790
f 785/785/785 768/768/768 786/786/786
f 769/769/769 784/784/784 783/783/783
f 783/783/783 770/770/770 769/769/769
f 782/782/782 771/771/771 770/770/770
f 770/770/770 783/783/783 782/782/782
f 771/771/771 781/781/781 780/780/780
f 780/780/780 772/772/772 771/771/771
f 772/772/772 780/780/780 779/779/779
f 779/779/779 773/773/773 772/772/772
f 774/774/774 777/777/777 776/776/776
f 776/776/776 775/775/775 774/774/774
f 773/773/773 779/779/779 778/778/778
f 778/778/778 774/774/774 773/773/773
f 775/775/775 776/776/776 763/763/763
f 763/763/763 762/762/762 775/775/775
f 771/771/771 782/782/782 781/781/781
f 774/774/774 778/778/778 777/777/777
f 823/823/823 796/796/796 792/792/792
f 792/792/792 793/793/793 823/823/823
f 796/796/796 823/823/823 822/822/822
f 822/822/822 797/797/797 796/796/796
f 797/797/797 821/821/821 820/820/820
f 820/820/820 798/798/798 797/797/797
f 799/799/799 819/819/819 818/818/818
f 818/818/818 800/800/800 799/799/799
f 798/798/798 820/820/820 819/819/819
f 819/819/819 799/799/799 798/798/798
f 800/800/800 817/817/817 816/816/816
f 816/816/816 801/801/801 800/800/800
f 821/821/821 797/797/797 822/822/822
f 817/817/817 800/800/800 818/818/818
f 801/801/801 816/816/816 815/815/815
f 815/815/815 802/802/802 801/801/801
f 814/814/814 803/803/803 802/802/802
f 802/802/802 815/815/815 814/814/814
f 803/803/803 813/813/813 812/812/812
f 812/812/812 804/804/804 803/803/803
f 804/804/804 812/812/812 811/811/811
f 811/811/811 805/805/805 804/804/804
f 806/806/806 809/809/809 808/808/808
f 808/808/808 807/807/807 806/806/806
f 805/805/805 811/811/811 810/810/810
f 810/810/810 806/806/806 805/805/805
f 807/807/807 808/808/808 795/795/795
f 795/795/795 794/794/794 807/807/807
f 803/803/803 814/814/814 813/813/813
f 806/806/806 810/810/810 809/809/809
f 855/855/855 828/828/828 824/824/824
f 824/824/824 825/825/825 855/855/855
f 828/828/828 855/855/855 854/854/854
f 854/854/854 829/829/829 828/828/828
f 829/829/829 853/853/853 852/852/852
f 852/852/852 830/830/830 829/829/829
f 831/831/831 851/851/851 850/850/850
f 850/850/850 832/832/832 831/831/831
f 830/830/830 852/852/852 851/851/851
f 851/851/851 831/831/831 830/830/830
f 832/832/832 849/849/849 848/848/848
f 848/848/848 833/833/833 832/832/832
f 853/853/853 829/829/829 854/854/854
f 849/849/849 832/832/832 850/850/850
f 833/833/833 848/848/848 847/847/847
f 847/847/847 834/834/834 833/833/833
f 846/846/846 835/835/835 834/834/834
f 834/834/834 847/847/847 846/846/846
f 835/835/835 845/845/845 844/844/844
f 844/844/844 836/836/836 835/835/835
f 836/836/836 844/844/844 843/843/843
f 843/843/843 837/837/837 836/836/836
f 838/838/838 841/841/841 840/840/840
f 840/840/840 839/839/839 838/838/838
f 837/837/837 843/843/843 842/842/842
f 842/842/842 838/838/838 837/837/837
f 839/839/839 840/840/840 827/827/827
f 827/827/827 826/826/826 839/839/839
f 835/835/835 846/846/846 845/845/845
f 838/838/838 842/842/842 841/841/841
f 887/887/887 860/860/860 856/856/856
f 856/856/856 857/857/857 887/887/887
f 860/860/860 887/887/887 886/886/886
f 886/886/886 861/861/861 860/860/860
f 861/861/861 885/885/885 884/884/884
f 884/884/884 862/862/862 861/861/861
f 863/863/863 883/883/883 882/882/882
f 882/882/882 864/864/864 863/863/863
f 862/862/862 884/884/884 883/883/883
f 883/883/883 863/863/863 862/862/862
f 864/864/864 881/881/881 880/880/880
f 880/880/880 865/865/865 864/864/864
f 885/885/885 861/861/861 886/886/886
f 881/881/881 864/864/864 882/882/882
f 865/865/865 880/880/880 879/879/879
f 879/879/879 866/866/866 865/865/865
f 878/878/878 867/867/867 866/866/866
f 866/866/866 879/879/879 878/878/878
f 867/867/867 877/877/877 876/876/876
f 876/876/876 868/868/868 867/867/867
f 868/868/868 876/876/876 875/875/875
f 875/875/875 869/869/869 868/868/868
f 870/870/870 873/873/873 872/872/872
f 872/872/872 871/871/871 870/870/870
f 869/869/869 875/875/875 874/874/874
f 874/874/874 870/870/870 869/869/869
f 871/871/871 872/872/872 859/859/859
f 859/859/859 858/858/858 871/871/871
f 867/867/867 878/878/878 877/877/877
f 870/870/870 874/874/874 873/873/873
f 919/919/919 892/892/892 888/888/888
f 888/888/888 889/889/889 919/919/919
f 892/892/892 919/919/919 918/918/918
f 918/918/918 893/893/893 892/892/892
f 893/893/893 917/917/917 916/916/916
f 916/916/916 894/894/894 893/893/893
f 895/895/895 915/915/915 914/914/914
f 914/914/914 896/896/896 895/895/895
f 894/894/894 916/916/916 915/915/915
f 915/915/915 895/895/895 894/894/894
f 896/896/896 913/913/913 912/912/912
f 912/912/912 897/897/897 896/896/896
f 917/917/917 893/893/893 918/918/918
f 913/913/913 896/896/896 914/914/914
f 897/897/897 912/912/912 911/911/911
f 911/911/911 898/898/898 897/897/897
f 910/910/910 899/899/899 898/898/898
f 898/898/898 911/911/911 910/910/910
f 899/899/899 909/909/909 908/908/908
f 908/908/908 900/900/900 899/899/899
f 900/900/900 908/908/908 907/907/907
f 907/907/907 901/901/901 900/900/900
f 902/902/902 905/905/905 904/904/904
f 904/904/904 903/903/903 902/902/902
f 901/901/901 907/907/907 906/906/906
f 906/906/906 902/902/902 901/901/901
f 903/903/903 904/904/904 891/891/891
f 891/891/891 890/890/890 903/903/903
f 899/899/899 910/910/910 909/909/909
f 902/902/902 906/906/906 905/905/905
f 921/921/921 920/920/920 925/925/925
f 1048/1048/1048 926/926/926 927/927/927
f 1048/1048/1048 925/925/925 926/926/926
f 1047/1047/1047 928/928/928 929/929/929
f 1046/1046/1046 930/930/930 931/931/931
f 1046/1046/1046 929/929/929 930/930/930
f 1047/1047/1047 927/927/927 928/928/928
f 1045/1045/1045 932/932/932 933/933/933
f 1044/1044/1044 934/934/934 935/935/935
f 1044/1044/1044 933/933/933 934/934/934
f 1043/1043/1043 936/936/936 937/937/937
f 1042/1042/1042 938/938/938 939/939/939
f 1043/1043/1043 937/937/937 938/938/938
f 1044/1044/1044 935/935/935 936/936/936
f 1045/1045/1045 931/931/931 932/932/932
f 1041/1041/1041 940/940/940 941/941/941
f 1040/1040/1040 942/942/942 943/943/943
f 1041/1041/1041 941/941/941 942/942/942
f 1039/1039/1039 944/944/944 945/945/945
f 1038/1038/1038 946/946/946 947/947/947
f 1039/1039/1039 945/945/945 946/946/946
f 1040/1040/1040 943/943/943 944/944/944
f 1037/1037/1037 948/948/948 949/949/949
f 1036/1036/1036 950/950/950 951/951/951
f 1037/1037/1037 949/949/949 950/950/950
f 1035/1035/1035 952/952/952 953/953/953
f 1034/1034/1034 954/954/954 955/955/955
f 1035/1035/1035 953/953/953 954/954/954
f 1036/1036/1036 951/951/951 952/952/952
f 1038/1038/1038 947/947/947 948/948/948
f 1042/1042/1042 939/939/939 940/940/940
f 1048/1048/1048 921/921/921 925/925/925
f 1046/1046/1046 1047/1047/1047 929/929/929
f 1048/1048/1048 927/927/927 1047/1047/1047
f 1044/1044/1044 1045/1045/1045 933/933/933
f 1042/1042/1042 1043/1043/1043 938/938/938
f 1044/1044/1044 936/936/936 1043/1043/1043
f 1046/1046/1046 931/931/931 1045/1045/1045
f 1040/1040/1040 1041/1041/1041 942/942/942
f 1038/1038/1038 1039/1039/1039 946/946/946
f 1040/1040/1040 944/944/944 1039/1039/1039
f 1036/1036/1036 1037/1037/1037 950/950/950
f 1034/1034/1034 1035/1035/1035 954/954/954
f 1036/1036/1036 952/952/952 1035/1035/1035
f 1038/1038/1038 948/948/948 1037/1037/1037
f 1042/1042/1042 940/940/940 1041/1041/1041
f 1033/1033/1033 1034/1034/1034 956/956/956
f 956/956/956 957/957/957 1033/1033/1033
f 1033/1033/1033 958/958/958 959/959/959
f 1033/1033/1033 957/957/957 958/958/958
f 1032/1032/1032 960/960/960 961/961/961
f 1031/1031/1031 962/962/962 963/963/963
f 1031/1031/1031 961/961/961 962/962/962
f 1032/1032/1032 959/959/959 960/960/960
f 1032/1032/1032 1033/1033/1033 959/959/959
f 1030/1030/1030 1031/1031/1031 963/963/963
f 1032/1032/1032 961/961/961 1031/1031/1031
f 1029/1029/1029 1030/1030/1030 964/964/964
f 964/964/964 965/965/965 1029/1029/1029
f 922/922/922 1029/1029/1029 966/966/966
f 965/965/965 966/966/966 1029/1029/1029
f 964/964/964 1030/1030/1030 963/963/963
f 956/956/956 1034/1034/1034 955/955/955
f 1028/1028/1028 922/922/922 967/967/967
f 1027/1027/1027 968/968/968 969/969/969
f 1028/1028/1028 967/967/967 968/968/968
f 1026/1026/1026 970/970/970 971/971/971
f 1025/1025/1025 972/972/972 973/973/973
f 1026/1026/1026 971/971/971 972/972/972
f 1027/1027/1027 969/969/969 970/970/970
f 1024/1024/1024 974/974/974 975/975/975
f 1023/1023/1023 976/976/976 977/977/977
f 1024/1024/1024 975/975/975 976/976/976
f 1023/1023/1023 978/978/978 979/979/979
f 1022/1022/1022 980/980/980 981/981/981
f 1022/1022/1022 979/979/979 980/980/980
f 1023/1023/1023 977/977/977 978/978/978
f 1025/1025/1025 973/973/973 974/974/974
f 1021/1021/1021 982/982/982 983/983/983
f 1020/1020/1020 984/984/984 985/985/985
f 1020/1020/1020 983/983/983 984/984/984
f 1019/1019/1019 986/986/986 987/987/987
f 1018/1018/1018 988/988/988 989/989/989
f 1018/1018/1018 987/987/987 988/988/988
f 1019/1019/1019 985/985/985 986/986/986
f 1017/1017/1017 990/990/990 991/991/991
f 1016/1016/1016 992/992/992 993/993/993
f 1016/1016/1016 991/991/991 992/992/992
f 1015/1015/1015 994/994/994 995/995/995
f 1014/1014/1014 996/996/996 997/997/997
f 1014/1014/1014 995/995/995 996/996/996
f 1015/1015/1015 993/993/993 994/994/994
f 1017/1017/1017 989/989/989 990/990/990
f 1021/1021/1021 981/981/981 982/982/982
f 1027/1027/1027 1028/1028/1028 968/968/968
f 1025/1025/1025 1026/1026/1026 972/972/972
f 1027/1027/1027 970/970/970 1026/1026/1026
f 1024/1024/1024 976/976/976 1023/1023/1023
f 974/974/974 1024/1024/1024 1025/1025/1025
f 1022/1022/1022 1023/1023/1023 979/979/979
f 981/981/981 1021/1021/1021 1022/1022/1022
f 998/998/998 1013/1013/1013 997/997/997
f 1020/1020/1020 1021/1021/1021 983/983/983
f 1018/1018/1018 1019/1019/1019 987/987/987
f 1020/1020/1020 985/985/985 1019/1019/1019
f 1016/1016/1016 1017/1017/1017 991/991/991
f 1014/1014/1014 1015/1015/1015 995/995/995
f 1016/1016/1016 993/993/993 1015/1015/1015
f 1018/1018/1018 989/989/989 1017/1017/1017
f 997/997/997 1013/1013/1013 1014/1014/1014
f 1013/1013/1013 999/999/999 1000/1000/1000
f 1012/1012/1012 1001/1001/1001 1002/1002/1002
f 1012/1012/1012 1000/1000/1000 1001/1001/1001
f 1011/1011/1011 1003/1003/1003 1004/1004/1004
f 1010/1010/1010 1005/1005/1005 1006/1006/1006
f 1010/1010/1010 1004/1004/1004 1005/1005/1005
f 1011/1011/1011 1002/1002/1002 1003/1003/1003
f 1012/1012/1012 1013/1013/1013 1000/1000/1000
f 1010/1010/1010 1011/1011/1011 1004/1004/1004
f 1012/1012/1012 1002/1002/1002 1011/1011/1011
f 1009/1009/1009 1007/1007/1007 1008/1008/1008
f 1009/1009/1009 1008/1008/1008 924/924/924
f 923/923/923 924/924/924 1008/1008/1008
f 1006/1006/1006 1009/1009/1009 1010/1010/1010
f 1009/1009/1009 1006/1006/1006 1007/1007/1007
f 998/998/998 999/999/999 1013/1013/1013
f 1029/1029/1029 922/922/922 1028/1028/1028
f 1384/1384/1384 1353/1353/1353 1050/1050/1050
f 1378/1378/1378 1379/1379/1379 1384/1384/1384
f 1050/1050/1050 1378/1378/1378 1384/1384/1384
f 1379/1379/1379 1381/1381/1381 1382/1382/1382
f 1382/1382/1382 1380/1380/1380 1379/1379/1379
f 1353/1353/1353 1384/1384/1384 1385/1385/1385
f 1385/1385/1385 1383/1383/1383 1353/1353/1353
f 1384/1384/1384 1379/1379/1379 1380/1380/1380
f 1380/1380/1380 1385/1385/1385 1384/1384/1384
f 1352/1352/1352 1050/1050/1050 1353/1353/1353
f 1353/1353/1353 1354/1354/1354 1352/1352/1352
f 1383/1383/1383 1049/1049/1049 1122/1122/1122
f 1354/1354/1354 1353/1353/1353 1383/1383/1383
f 1122/1122/1122 1354/1354/1354 1383/1383/1383
f 1103/1103/1103 1051/1051/1051 1355/1355/1355
f 1355/1355/1355 1356/1356/1356 1103/1103/1103
f 1356/1356/1356 1355/1355/1355 1050/1050/1050
f 1050/1050/1050 1352/1352/1352 1356/1356/1356
f 1052/1052/1052 1120/1120/1120 1121/1121/1121
f 1105/1105/1105 1104/1104/1104 1053/1053/1053
f 1348/1348/1348 1055/1055/1055 1349/1349/1349
f 1349/1349/1349 1351/1351/1351 1348/1348/1348
f 1351/1351/1351 1349/1349/1349 1054/1054/1054
f 1054/1054/1054 1350/1350/1350 1351/1351/1351
f 1139/1139/1139 1351/1351/1351 1350/1350/1350
f 1350/1350/1350 1058/1058/1058 1139/1139/1139
f 1444/1444/1444 1358/1358/1358 1360/1360/1360
f 1087/1087/1087 1059/1059/1059 1444/1444/1444
f 1360/1360/1360 1087/1087/1087 1444/1444/1444
f 1358/1358/1358 1057/1057/1057 1359/1359/1359
f 1359/1359/1359 1360/1360/1360 1358/1358/1358
f 1360/1360/1360 1359/1359/1359 1056/1056/1056
f 1056/1056/1056 1357/1357/1357 1360/1360/1360
f 1057/1057/1057 1358/1358/1358 1443/1443/1443
f 1443/1443/1443 1442/1442/1442 1057/1057/1057
f 1088/1088/1088 1440/1440/1440 1441/1441/1441
f 1441/1441/1441 1439/1439/1439 1088/1088/1088
f 1406/1406/1406 1405/1405/1405 1138/1138/1138
f 1138/1138/1138 1402/1402/1402 1406/1406/1406
f 1402/1402/1402 1138/1138/1138 1403/1403/1403
f 1403/1403/1403 1404/1404/1404 1402/1402/1402
f 1062/1062/1062 1346/1346/1346 1400/1400/1400
f 1400/1400/1400 1399/1399/1399 1062/1062/1062
f 1063/1063/1063 1344/1344/1344 1347/1347/1347
f 1347/1347/1347 1345/1345/1345 1063/1063/1063
f 1401/1401/1401 1346/1346/1346 1347/1347/1347
f 1137/1137/1137 1060/1060/1060 1401/1401/1401
f 1347/1347/1347 1137/1137/1137 1401/1401/1401
f 1345/1345/1345 1347/1347/1347 1346/1346/1346
f 1346/1346/1346 1062/1062/1062 1345/1345/1345
f 1065/1065/1065 1362/1362/1362 1364/1364/1364
f 1364/1364/1364 1361/1361/1361 1065/1065/1065
f 1362/1362/1362 1061/1061/1061 1086/1086/1086
f 1086/1086/1086 1364/1364/1364 1362/1362/1362
f 1361/1361/1361 1364/1364/1364 1363/1363/1363
f 1363/1363/1363 1064/1064/1064 1361/1361/1361
f 1156/1156/1156 1155/1155/1155 1066/1066/1066
f 1067/1067/1067 1172/1172/1172 1173/1173/1173
f 1069/1069/1069 1340/1340/1340 1341/1341/1341
f 1341/1341/1341 1339/1339/1339 1069/1069/1069
f 1339/1339/1339 1341/1341/1341 1154/1154/1154
f 1154/1154/1154 1068/1068/1068 1339/1339/1339
f 1423/1423/1423 1070/1070/1070 1171/1171/1171
f 1343/1343/1343 1342/1342/1342 1423/1423/1423
f 1171/1171/1171 1343/1343/1343 1423/1423/1423
f 1342/1342/1342 1343/1343/1343 1340/1340/1340
f 1340/1340/1340 1069/1069/1069 1342/1342/1342
f 1425/1425/1425 1423/1423/1423 1342/1342/1342
f 1342/1342/1342 1424/1424/1424 1425/1425/1425
f 1422/1422/1422 1425/1425/1425 1424/1424/1424
f 1424/1424/1424 1421/1421/1421 1422/1422/1422
f 1424/1424/1424 1342/1342/1342 1069/1069/1069
f 1420/1420/1420 1421/1421/1421 1424/1424/1424
f 1069/1069/1069 1420/1420/1420 1424/1424/1424
f 1219/1219/1219 1220/1220/1220 1369/1369/1369
f 1221/1221/1221 1113/1113/1113 1220/1220/1220
f 1222/1222/1222 1112/1112/1112 1221/1221/1221
f 1223/1223/1223 1111/1111/1111 1222/1222/1222
f 1113/1113/1113 1221/1221/1221 1112/1112/1112
f 1113/1113/1113 1368/1368/1368 1220/1220/1220
f 1219/1219/1219 1370/1370/1370 1371/1371/1371
f 1219/1219/1219 1369/1369/1369 1370/1370/1370
f 1368/1368/1368 1114/1114/1114 1367/1367/1367
f 1367/1367/1367 1114/1114/1114 1366/1366/1366
f 1368/1368/1368 1369/1369/1369 1220/1220/1220
f 1113/1113/1113 1114/1114/1114 1368/1368/1368
f 1218/1218/1218 1219/1219/1219 1371/1371/1371
f 1110/1110/1110 1224/1224/1224 1225/1225/1225
f 1052/1052/1052 1109/1109/1109 1110/1110/1110
f 1223/1223/1223 1110/1110/1110 1111/1111/1111
f 1226/1226/1226 1052/1052/1052 1225/1225/1225
f 1117/1117/1117 1294/1294/1294 1122/1122/1122
f 1052/1052/1052 1110/1110/1110 1225/1225/1225
f 1366/1366/1366 1114/1114/1114 1115/1115/1115
f 1116/1116/1116 1122/1122/1122 1115/1115/1115
f 1112/1112/1112 1222/1222/1222 1111/1111/1111
f 1365/1365/1365 1366/1366/1366 1115/1115/1115
f 1223/1223/1223 1224/1224/1224 1110/1110/1110
f 1116/1116/1116 1117/1117/1117 1122/1122/1122
f 1382/1382/1382 1218/1218/1218 1372/1372/1372
f 1372/1372/1372 1218/1218/1218 1371/1371/1371
f 1373/1373/1373 1382/1382/1382 1372/1372/1372
f 1217/1217/1217 1218/1218/1218 1382/1382/1382
f 1374/1374/1374 1380/1380/1380 1373/1373/1373
f 1380/1380/1380 1382/1382/1382 1373/1373/1373
f 1375/1375/1375 1380/1380/1380 1374/1374/1374
f 1381/1381/1381 1216/1216/1216 1217/1217/1217
f 1381/1381/1381 1217/1217/1217 1382/1382/1382
f 1378/1378/1378 1216/1216/1216 1381/1381/1381
f 1381/1381/1381 1379/1379/1379 1378/1378/1378
f 1215/1215/1215 1216/1216/1216 1378/1378/1378
f 1375/1375/1375 1385/1385/1385 1380/1380/1380
f 1385/1385/1385 1376/1376/1376 1383/1383/1383
f 1375/1375/1375 1376/1376/1376 1385/1385/1385
f 1377/1377/1377 1049/1049/1049 1376/1376/1376
f 1365/1365/1365 1115/1115/1115 1049/1049/1049
f 1122/1122/1122 1049/1049/1049 1115/1115/1115
f 1049/1049/1049 1383/1383/1383 1376/1376/1376
f 1377/1377/1377 1365/1365/1365 1049/1049/1049
f 1354/1354/1354 1295/1295/1295 1296/1296/1296
f 1352/1352/1352 1354/1354/1354 1297/1297/1297
f 1354/1354/1354 1296/1296/1296 1297/1297/1297
f 1354/1354/1354 1122/1122/1122 1295/1295/1295
f 1297/1297/1297 1298/1298/1298 1352/1352/1352
f 1294/1294/1294 1295/1295/1295 1122/1122/1122
f 1355/1355/1355 1378/1378/1378 1050/1050/1050
f 1227/1227/1227 1052/1052/1052 1226/1226/1226
f 1229/1229/1229 1054/1054/1054 1228/1228/1228
f 1229/1229/1229 1230/1230/1230 1054/1054/1054
f 1232/1232/1232 1350/1350/1350 1231/1231/1231
f 1231/1231/1231 1054/1054/1054 1230/1230/1230
f 1232/1232/1232 1233/1233/1233 1058/1058/1058
f 1231/1231/1231 1350/1350/1350 1054/1054/1054
f 1228/1228/1228 1054/1054/1054 1349/1349/1349
f 1130/1130/1130 1139/1139/1139 1058/1058/1058
f 1139/1139/1139 1282/1282/1282 1351/1351/1351
f 1058/1058/1058 1350/1350/1350 1232/1232/1232
f 1058/1058/1058 1233/1233/1233 1129/1129/1129
f 1120/1120/1120 1228/1228/1228 1349/1349/1349
f 1128/1128/1128 1129/1129/1129 1234/1234/1234
f 1235/1235/1235 1128/1128/1128 1234/1234/1234
f 1058/1058/1058 1129/1129/1129 1130/1130/1130
f 1128/1128/1128 1235/1235/1235 1127/1127/1127
f 1236/1236/1236 1127/1127/1127 1235/1235/1235
f 1132/1132/1132 1280/1280/1280 1131/1131/1131
f 1280/1280/1280 1139/1139/1139 1131/1131/1131
f 1139/1139/1139 1130/1130/1130 1131/1131/1131
f 1279/1279/1279 1133/1133/1133 1278/1278/1278
f 1133/1133/1133 1134/1134/1134 1278/1278/1278
f 1132/1132/1132 1133/1133/1133 1279/1279/1279
f 1234/1234/1234 1129/1129/1129 1233/1233/1233
f 1279/1279/1279 1280/1280/1280 1132/1132/1132
f 1289/1289/1289 1107/1107/1107 1121/1121/1121
f 1107/1107/1107 1108/1108/1108 1121/1121/1121
f 1290/1290/1290 1106/1106/1106 1289/1289/1289
f 1107/1107/1107 1289/1289/1289 1106/1106/1106
f 1119/1119/1119 1106/1106/1106 1290/1290/1290
f 1121/1121/1121 1108/1108/1108 1052/1052/1052
f 1294/1294/1294 1117/1117/1117 1293/1293/1293
f 1293/1293/1293 1117/1117/1117 1118/1118/1118
f 1292/1292/1292 1293/1293/1293 1118/1118/1118
f 1291/1291/1291 1292/1292/1292 1119/1119/1119
f 1118/1118/1118 1119/1119/1119 1292/1292/1292
f 1290/1290/1290 1291/1291/1291 1119/1119/1119
f 1052/1052/1052 1108/1108/1108 1109/1109/1109
f 1286/1286/1286 1120/1120/1120 1055/1055/1055
f 1055/1055/1055 1120/1120/1120 1349/1349/1349
f 1284/1284/1284 1055/1055/1055 1348/1348/1348
f 1282/1282/1282 1283/1283/1283 1351/1351/1351
f 1282/1282/1282 1139/1139/1139 1281/1281/1281
f 1052/1052/1052 1227/1227/1227 1120/1120/1120
f 1348/1348/1348 1351/1351/1351 1283/1283/1283
f 1288/1288/1288 1121/1121/1121 1287/1287/1287
f 1287/1287/1287 1121/1121/1121 1120/1120/1120
f 1289/1289/1289 1121/1121/1121 1288/1288/1288
f 1284/1284/1284 1285/1285/1285 1055/1055/1055
f 1286/1286/1286 1287/1287/1287 1120/1120/1120
f 1285/1285/1285 1286/1286/1286 1055/1055/1055
f 1284/1284/1284 1348/1348/1348 1283/1283/1283
f 1280/1280/1280 1281/1281/1281 1139/1139/1139
f 1228/1228/1228 1120/1120/1120 1227/1227/1227
f 1213/1213/1213 1214/1214/1214 1355/1355/1355
f 1378/1378/1378 1214/1214/1214 1215/1215/1215
f 1051/1051/1051 1103/1103/1103 1094/1094/1094
f 1355/1355/1355 1214/1214/1214 1378/1378/1378
f 1213/1213/1213 1355/1355/1355 1051/1051/1051
f 1212/1212/1212 1213/1213/1213 1051/1051/1051
f 1210/1210/1210 1211/1211/1211 1095/1095/1095
f 1051/1051/1051 1211/1211/1211 1212/1212/1212
f 1051/1051/1051 1095/1095/1095 1211/1211/1211
f 1095/1095/1095 1051/1051/1051 1094/1094/1094
f 1093/1093/1093 1094/1094/1094 1103/1103/1103
f 1095/1095/1095 1096/1096/1096 1210/1210/1210
f 1301/1301/1301 1103/1103/1103 1356/1356/1356
f 1352/1352/1352 1299/1299/1299 1356/1356/1356
f 1299/1299/1299 1300/1300/1300 1356/1356/1356
f 1103/1103/1103 1301/1301/1301 1302/1302/1302
f 1356/1356/1356 1300/1300/1300 1301/1301/1301
f 1092/1092/1092 1103/1103/1103 1302/1302/1302
f 1091/1091/1091 1092/1092/1092 1303/1303/1303
f 1302/1302/1302 1303/1303/1303 1092/1092/1092
f 1304/1304/1304 1091/1091/1091 1303/1303/1303
f 1090/1090/1090 1304/1304/1304 1305/1305/1305
f 1306/1306/1306 1090/1090/1090 1305/1305/1305
f 1091/1091/1091 1304/1304/1304 1090/1090/1090
f 1093/1093/1093 1103/1103/1103 1092/1092/1092
f 1352/1352/1352 1298/1298/1298 1299/1299/1299
f 1097/1097/1097 1208/1208/1208 1209/1209/1209
f 1210/1210/1210 1096/1096/1096 1209/1209/1209
f 1096/1096/1096 1097/1097/1097 1209/1209/1209
f 1207/1207/1207 1208/1208/1208 1098/1098/1098
f 1208/1208/1208 1097/1097/1097 1098/1098/1098
f 1099/1099/1099 1207/1207/1207 1098/1098/1098
f 1206/1206/1206 1099/1099/1099 1205/1205/1205
f 1099/1099/1099 1206/1206/1206 1207/1207/1207
f 1053/1053/1053 1203/1203/1203 1204/1204/1204
f 1204/1204/1204 1205/1205/1205 1053/1053/1053
f 1053/1053/1053 1099/1099/1099 1100/1100/1100
f 1205/1205/1205 1099/1099/1099 1053/1053/1053
f 1307/1307/1307 1102/1102/1102 1089/1089/1089
f 1102/1102/1102 1105/1105/1105 1101/1101/1101
f 1105/1105/1105 1102/1102/1102 1307/1307/1307
f 1089/1089/1089 1306/1306/1306 1307/1307/1307
f 1307/1307/1307 1308/1308/1308 1105/1105/1105
f 1057/1057/1057 1201/1201/1201 1202/1202/1202
f 1104/1104/1104 1202/1202/1202 1203/1203/1203
f 1053/1053/1053 1104/1104/1104 1203/1203/1203
f 1104/1104/1104 1105/1105/1105 1309/1309/1309
f 1308/1308/1308 1309/1309/1309 1105/1105/1105
f 1200/1200/1200 1201/1201/1201 1057/1057/1057
f 1359/1359/1359 1202/1202/1202 1104/1104/1104
f 1310/1310/1310 1104/1104/1104 1309/1309/1309
f 1105/1105/1105 1053/1053/1053 1101/1101/1101
f 1100/1100/1100 1101/1101/1101 1053/1053/1053
f 1089/1089/1089 1090/1090/1090 1306/1306/1306
f 1311/1311/1311 1056/1056/1056 1310/1310/1310
f 1104/1104/1104 1310/1310/1310 1056/1056/1056
f 1312/1312/1312 1056/1056/1056 1311/1311/1311
f 1357/1357/1357 1312/1312/1312 1313/1313/1313
f 1360/1360/1360 1357/1357/1357 1313/1313/1313
f 1056/1056/1056 1312/1312/1312 1357/1357/1357
f 1202/1202/1202 1359/1359/1359 1057/1057/1057
f 1444/1444/1444 1431/1431/1431 1358/1358/1358
f 1429/1429/1429 1430/1430/1430 1444/1444/1444
f 1444/1444/1444 1430/1430/1430 1431/1431/1431
f 1314/1314/1314 1360/1360/1360 1313/1313/1313
f 1104/1104/1104 1056/1056/1056 1359/1359/1359
f 1316/1316/1316 1087/1087/1087 1315/1315/1315
f 1087/1087/1087 1314/1314/1314 1315/1315/1315
f 1076/1076/1076 1317/1317/1317 1318/1318/1318
f 1077/1077/1077 1316/1316/1316 1317/1317/1317
f 1317/1317/1317 1076/1076/1076 1077/1077/1077
f 1429/1429/1429 1444/1444/1444 1059/1059/1059
f 1079/1079/1079 1059/1059/1059 1087/1087/1087
f 1059/1059/1059 1428/1428/1428 1429/1429/1429
f 1087/1087/1087 1078/1078/1078 1079/1079/1079
f 1316/1316/1316 1078/1078/1078 1087/1087/1087
f 1078/1078/1078 1316/1316/1316 1077/1077/1077
f 1079/1079/1079 1441/1441/1441 1059/1059/1059
f 1314/1314/1314 1087/1087/1087 1360/1360/1360
f 1442/1442/1442 1443/1443/1443 1433/1433/1433
f 1432/1432/1432 1433/1433/1433 1443/1443/1443
f 1433/1433/1433 1434/1434/1434 1442/1442/1442
f 1057/1057/1057 1442/1442/1442 1199/1199/1199
f 1443/1443/1443 1431/1431/1431 1432/1432/1432
f 1431/1431/1431 1443/1443/1443 1358/1358/1358
f 1199/1199/1199 1442/1442/1442 1198/1198/1198
f 1434/1434/1434 1198/1198/1198 1442/1442/1442
f 1435/1435/1435 1198/1198/1198 1434/1434/1434
f 1197/1197/1197 1435/1435/1435 1436/1436/1436
f 1436/1436/1436 1437/1437/1437 1197/1197/1197
f 1198/1198/1198 1435/1435/1435 1197/1197/1197
f 1426/1426/1426 1427/1427/1427 1441/1441/1441
f 1427/1427/1427 1428/1428/1428 1059/1059/1059
f 1441/1441/1441 1440/1440/1440 1426/1426/1426
f 1439/1439/1439 1080/1080/1080 1081/1081/1081
f 1441/1441/1441 1080/1080/1080 1439/1439/1439
f 1059/1059/1059 1441/1441/1441 1427/1427/1427
f 1439/1439/1439 1081/1081/1081 1088/1088/1088
f 1440/1440/1440 1437/1437/1437 1438/1438/1438
f 1440/1440/1440 1438/1438/1438 1426/1426/1426
f 1196/1196/1196 1437/1437/1437 1440/1440/1440
f 1195/1195/1195 1088/1088/1088 1082/1082/1082
f 1088/1088/1088 1195/1195/1195 1196/1196/1196
f 1195/1195/1195 1082/1082/1082 1194/1194/1194
f 1440/1440/1440 1088/1088/1088 1196/1196/1196
f 1088/1088/1088 1081/1081/1081 1082/1082/1082
f 1197/1197/1197 1437/1437/1437 1196/1196/1196
f 1441/1441/1441 1079/1079/1079 1080/1080/1080
f 1318/1318/1318 1319/1319/1319 1075/1075/1075
f 1075/1075/1075 1076/1076/1076 1318/1318/1318
f 1200/1200/1200 1057/1057/1057 1199/1199/1199
f 1126/1126/1126 1127/1127/1127 1236/1236/1236
f 1403/1403/1403 1126/1126/1126 1237/1237/1237
f 1238/1238/1238 1403/1403/1403 1237/1237/1237
f 1138/1138/1138 1126/1126/1126 1403/1403/1403
f 1404/1404/1404 1391/1391/1391 1402/1402/1402
f 1391/1391/1391 1392/1392/1392 1402/1402/1402
f 1238/1238/1238 1404/1404/1404 1403/1403/1403
f 1125/1125/1125 1126/1126/1126 1138/1138/1138
f 1405/1405/1405 1125/1125/1125 1138/1138/1138
f 1405/1405/1405 1124/1124/1124 1125/1125/1125
f 1393/1393/1393 1406/1406/1406 1392/1392/1392
f 1393/1393/1393 1394/1394/1394 1406/1406/1406
f 1402/1402/1402 1392/1392/1392 1406/1406/1406
f 1406/1406/1406 1124/1124/1124 1405/1405/1405
f 1239/1239/1239 1404/1404/1404 1238/1238/1238
f 1236/1236/1236 1237/1237/1237 1126/1126/1126
f 1389/1389/1389 1390/1390/1390 1239/1239/1239
f 1404/1404/1404 1390/1390/1390 1391/1391/1391
f 1240/1240/1240 1389/1389/1389 1239/1239/1239
f 1240/1240/1240 1399/1399/1399 1388/1388/1388
f 1389/1389/1389 1240/1240/1240 1388/1388/1388
f 1241/1241/1241 1399/1399/1399 1240/1240/1240
f 1400/1400/1400 1386/1386/1386 1399/1399/1399
f 1387/1387/1387 1399/1399/1399 1386/1386/1386
f 1062/1062/1062 1399/1399/1399 1241/1241/1241
f 1398/1398/1398 1386/1386/1386 1400/1400/1400
f 1387/1387/1387 1388/1388/1388 1399/1399/1399
f 1346/1346/1346 1398/1398/1398 1400/1400/1400
f 1239/1239/1239 1390/1390/1390 1404/1404/1404
f 1123/1123/1123 1124/1124/1124 1406/1406/1406
f 1137/1137/1137 1136/1136/1136 1123/1123/1123
f 1123/1123/1123 1060/1060/1060 1137/1137/1137
f 1395/1395/1395 1060/1060/1060 1394/1394/1394
f 1060/1060/1060 1123/1123/1123 1406/1406/1406
f 1406/1406/1406 1394/1394/1394 1060/1060/1060
f 1275/1275/1275 1136/1136/1136 1137/1137/1137
f 1134/1134/1134 1276/1276/1276 1277/1277/1277
f 1134/1134/1134 1277/1277/1277 1278/1278/1278
f 1135/1135/1135 1276/1276/1276 1134/1134/1134
f 1135/1135/1135 1275/1275/1275 1276/1276/1276
f 1136/1136/1136 1275/1275/1275 1135/1135/1135
f 1275/1275/1275 1137/1137/1137 1274/1274/1274
f 1274/1274/1274 1137/1137/1137 1273/1273/1273
f 1060/1060/1060 1396/1396/1396 1401/1401/1401
f 1397/1397/1397 1401/1401/1401 1396/1396/1396
f 1397/1397/1397 1398/1398/1398 1346/1346/1346
f 1401/1401/1401 1397/1397/1397 1346/1346/1346
f 1272/1272/1272 1273/1273/1273 1347/1347/1347
f 1347/1347/1347 1273/1273/1273 1137/1137/1137
f 1344/1344/1344 1272/1272/1272 1347/1347/1347
f 1272/1272/1272 1344/1344/1344 1271/1271/1271
f 1063/1063/1063 1270/1270/1270 1271/1271/1271
f 1271/1271/1271 1344/1344/1344 1063/1063/1063
f 1269/1269/1269 1270/1270/1270 1063/1063/1063
f 1396/1396/1396 1060/1060/1060 1395/1395/1395
f 1062/1062/1062 1241/1241/1241 1242/1242/1242
f 1155/1155/1155 1063/1063/1063 1345/1345/1345
f 1242/1242/1242 1243/1243/1243 1062/1062/1062
f 1244/1244/1244 1062/1062/1062 1243/1243/1243
f 1155/1155/1155 1345/1345/1345 1244/1244/1244
f 1244/1244/1244 1345/1345/1345 1062/1062/1062
f 1269/1269/1269 1155/1155/1155 1268/1268/1268
f 1267/1267/1267 1268/1268/1268 1156/1156/1156
f 1155/1155/1155 1156/1156/1156 1268/1268/1268
f 1266/1266/1266 1267/1267/1267 1156/1156/1156
f 1266/1266/1266 1156/1156/1156 1146/1146/1146
f 1145/1145/1145 1146/1146/1146 1156/1156/1156
f 1146/1146/1146 1147/1147/1147 1266/1266/1266
f 1066/1066/1066 1145/1145/1145 1156/1156/1156
f 1245/1245/1245 1155/1155/1155 1244/1244/1244
f 1063/1063/1063 1155/1155/1155 1269/1269/1269
f 1246/1246/1246 1066/1066/1066 1245/1245/1245
f 1155/1155/1155 1245/1245/1245 1066/1066/1066
f 1247/1247/1247 1066/1066/1066 1246/1246/1246
f 1248/1248/1248 1143/1143/1143 1247/1247/1247
f 1066/1066/1066 1247/1247/1247 1143/1143/1143
f 1249/1249/1249 1143/1143/1143 1248/1248/1248
f 1066/1066/1066 1143/1143/1143 1144/1144/1144
f 1142/1142/1142 1143/1143/1143 1249/1249/1249
f 1251/1251/1251 1141/1141/1141 1250/1250/1250
f 1142/1142/1142 1250/1250/1250 1141/1141/1141
f 1142/1142/1142 1249/1249/1249 1250/1250/1250
f 1145/1145/1145 1066/1066/1066 1144/1144/1144
f 1251/1251/1251 1140/1140/1140 1141/1141/1141
f 1148/1148/1148 1264/1264/1264 1265/1265/1265
f 1266/1266/1266 1147/1147/1147 1265/1265/1265
f 1147/1147/1147 1148/1148/1148 1265/1265/1265
f 1263/1263/1263 1148/1148/1148 1149/1149/1149
f 1262/1262/1262 1263/1263/1263 1149/1149/1149
f 1264/1264/1264 1148/1148/1148 1263/1263/1263
f 1150/1150/1150 1261/1261/1261 1262/1262/1262
f 1261/1261/1261 1154/1154/1154 1260/1260/1260
f 1341/1341/1341 1258/1258/1258 1259/1259/1259
f 1259/1259/1259 1260/1260/1260 1341/1341/1341
f 1154/1154/1154 1261/1261/1261 1150/1150/1150
f 1150/1150/1150 1262/1262/1262 1149/1149/1149
f 1153/1153/1153 1068/1068/1068 1152/1152/1152
f 1152/1152/1152 1154/1154/1154 1151/1151/1151
f 1153/1153/1153 1252/1252/1252 1253/1253/1253
f 1251/1251/1251 1252/1252/1252 1140/1140/1140
f 1140/1140/1140 1252/1252/1252 1153/1153/1153
f 1153/1153/1153 1253/1253/1253 1068/1068/1068
f 1068/1068/1068 1154/1154/1154 1152/1152/1152
f 1260/1260/1260 1154/1154/1154 1341/1341/1341
f 1068/1068/1068 1255/1255/1255 1339/1339/1339
f 1255/1255/1255 1256/1256/1256 1339/1339/1339
f 1254/1254/1254 1255/1255/1255 1068/1068/1068
f 1068/1068/1068 1253/1253/1253 1254/1254/1254
f 1258/1258/1258 1341/1341/1341 1340/1340/1340
f 1150/1150/1150 1151/1151/1151 1154/1154/1154
f 1256/1256/1256 1420/1420/1420 1339/1339/1339
f 1327/1327/1327 1064/1064/1064 1326/1326/1326
f 1326/1326/1326 1064/1064/1064 1325/1325/1325
f 1173/1173/1173 1328/1328/1328 1329/1329/1329
f 1330/1330/1330 1173/1173/1173 1329/1329/1329
f 1172/1172/1172 1327/1327/1327 1328/1328/1328
f 1172/1172/1172 1328/1328/1328 1173/1173/1173
f 1324/1324/1324 1364/1364/1364 1323/1323/1323
f 1323/1323/1323 1086/1086/1086 1322/1322/1322
f 1324/1324/1324 1363/1363/1363 1364/1364/1364
f 1325/1325/1325 1363/1363/1363 1324/1324/1324
f 1064/1064/1064 1363/1363/1363 1325/1325/1325
f 1064/1064/1064 1327/1327/1327 1172/1172/1172
f 1064/1064/1064 1172/1172/1172 1361/1361/1361
f 1163/1163/1163 1332/1332/1332 1333/1333/1333
f 1162/1162/1162 1163/1163/1163 1333/1333/1333
f 1331/1331/1331 1332/1332/1332 1163/1163/1163
f 1334/1334/1334 1161/1161/1161 1162/1162/1162
f 1333/1333/1333 1334/1334/1334 1162/1162/1162
f 1164/1164/1164 1330/1330/1330 1331/1331/1331
f 1163/1163/1163 1164/1164/1164 1331/1331/1331
f 1165/1165/1165 1330/1330/1330 1164/1164/1164
f 1166/1166/1166 1067/1067/1067 1173/1173/1173
f 1166/1166/1166 1167/1167/1167 1067/1067/1067
f 1166/1166/1166 1173/1173/1173 1165/1165/1165
f 1165/1165/1165 1173/1173/1173 1330/1330/1330
f 1334/1334/1334 1335/1335/1335 1161/1161/1161
f 1172/1172/1172 1185/1185/1185 1186/1186/1186
f 1074/1074/1074 1075/1075/1075 1320/1320/1320
f 1319/1319/1319 1320/1320/1320 1075/1075/1075
f 1074/1074/1074 1321/1321/1321 1073/1073/1073
f 1086/1086/1086 1072/1072/1072 1073/1073/1073
f 1320/1320/1320 1321/1321/1321 1074/1074/1074
f 1083/1083/1083 1193/1193/1193 1194/1194/1194
f 1083/1083/1083 1194/1194/1194 1082/1082/1082
f 1084/1084/1084 1193/1193/1193 1083/1083/1083
f 1084/1084/1084 1085/1085/1085 1192/1192/1192
f 1193/1193/1193 1084/1084/1084 1192/1192/1192
f 1072/1072/1072 1061/1061/1061 1085/1085/1085
f 1086/1086/1086 1073/1073/1073 1321/1321/1321
f 1322/1322/1322 1086/1086/1086 1321/1321/1321
f 1061/1061/1061 1191/1191/1191 1085/1085/1085
f 1186/1186/1186 1065/1065/1065 1361/1361/1361
f 1189/1189/1189 1362/1362/1362 1065/1065/1065
f 1086/1086/1086 1323/1323/1323 1364/1364/1364
f 1190/1190/1190 1061/1061/1061 1362/1362/1362
f 1191/1191/1191 1061/1061/1061 1190/1190/1190
f 1191/1191/1191 1192/1192/1192 1085/1085/1085
f 1189/1189/1189 1065/1065/1065 1188/1188/1188
f 1190/1190/1190 1362/1362/1362 1189/1189/1189
f 1188/1188/1188 1065/1065/1065 1187/1187/1187
f 1065/1065/1065 1186/1186/1186 1187/1187/1187
f 1186/1186/1186 1361/1361/1361 1172/1172/1172
f 1086/1086/1086 1061/1061/1061 1072/1072/1072
f 1185/1185/1185 1172/1172/1172 1067/1067/1067
f 1340/1340/1340 1338/1338/1338 1257/1257/1257
f 1343/1343/1343 1337/1337/1337 1338/1338/1338
f 1338/1338/1338 1340/1340/1340 1343/1343/1343
f 1340/1340/1340 1257/1257/1257 1258/1258/1258
f 1336/1336/1336 1337/1337/1337 1343/1343/1343
f 1336/1336/1336 1343/1343/1343 1171/1171/1171
f 1335/1335/1335 1171/1171/1171 1161/1161/1161
f 1413/1413/1413 1070/1070/1070 1412/1412/1412
f 1423/1423/1423 1412/1412/1412 1070/1070/1070
f 1159/1159/1159 1171/1171/1171 1070/1070/1070
f 1411/1411/1411 1412/1412/1412 1423/1423/1423
f 1413/1413/1413 1414/1414/1414 1070/1070/1070
f 1174/1174/1174 1421/1421/1421 1420/1420/1420
f 1175/1175/1175 1421/1421/1421 1174/1174/1174
f 1071/1071/1071 1174/1174/1174 1420/1420/1420
f 1071/1071/1071 1420/1420/1420 1256/1256/1256
f 1175/1175/1175 1422/1422/1422 1421/1421/1421
f 1410/1410/1410 1411/1411/1411 1425/1425/1425
f 1422/1422/1422 1409/1409/1409 1410/1410/1410
f 1422/1422/1422 1175/1175/1175 1408/1408/1408
f 1176/1176/1176 1408/1408/1408 1175/1175/1175
f 1409/1409/1409 1422/1422/1422 1408/1408/1408
f 1410/1410/1410 1425/1425/1425 1422/1422/1422
f 1423/1423/1423 1425/1425/1425 1411/1411/1411
f 1420/1420/1420 1069/1069/1069 1339/1339/1339
f 1176/1176/1176 1407/1407/1407 1408/1408/1408
f 1160/1160/1160 1161/1161/1161 1171/1171/1171
f 1159/1159/1159 1160/1160/1160 1171/1171/1171
f 1170/1170/1170 1180/1180/1180 1169/1169/1169
f 1169/1169/1169 1181/1181/1181 1168/1168/1168
f 1158/1158/1158 1159/1159/1159 1415/1415/1415
f 1185/1185/1185 1067/1067/1067 1184/1184/1184
f 1168/1168/1168 1067/1067/1067 1167/1167/1167
f 1184/1184/1184 1067/1067/1067 1183/1183/1183
f 1183/1183/1183 1168/1168/1168 1182/1182/1182
f 1168/1168/1168 1181/1181/1181 1182/1182/1182
f 1168/1168/1168 1183/1183/1183 1067/1067/1067
f 1158/1158/1158 1416/1416/1416 1157/1157/1157
f 1415/1415/1415 1416/1416/1416 1158/1158/1158
f 1419/1419/1419 1407/1407/1407 1176/1176/1176
f 1177/1177/1177 1418/1418/1418 1419/1419/1419
f 1169/1169/1169 1180/1180/1180 1181/1181/1181
f 1180/1180/1180 1170/1170/1170 1179/1179/1179
f 1179/1179/1179 1170/1170/1170 1157/1157/1157
f 1417/1417/1417 1418/1418/1418 1178/1178/1178
f 1177/1177/1177 1178/1178/1178 1418/1418/1418
f 1178/1178/1178 1179/1179/1179 1157/1157/1157
f 1417/1417/1417 1178/1178/1178 1157/1157/1157
f 1417/1417/1417 1157/1157/1157 1416/1416/1416
f 1419/1419/1419 1176/1176/1176 1177/1177/1177
f 1414/1414/1414 1415/1415/1415 1159/1159/1159
f 1070/1070/1070 1414/1414/1414 1159/1159/1159
f 1335/1335/1335 1336/1336/1336 1171/1171/1171
f 1481/1481/1481 1492/1492/1492 1480/1480/1480
f 1481/1481/1481 1493/1493/1493 1492/1492/1492
f 1492/1492/1492 1478/1478/1478 1479/1479/1479
f 1453/1453/1453 1494/1494/1494 1492/1492/1492
f 1492/1492/1492 1452/1452/1452 1453/1453/1453
f 1492/1492/1492 1479/1479/1479 1480/1480/1480
f 1492/1492/1492 1494/1494/1494 1478/1478/1478
f 1482/1482/1482 1493/1493/1493 1481/1481/1481
f 1484/1484/1484 1493/1493/1493 1483/1483/1483
f 1482/1482/1482 1483/1483/1483 1493/1493/1493
f 1493/1493/1493 1484/1484/1484 1495/1495/1495
f 1451/1451/1451 1452/1452/1452 1492/1492/1492
f 1450/1450/1450 1495/1495/1495 1449/1449/1449
f 1450/1450/1450 1451/1451/1451 1493/1493/1493
f 1450/1450/1450 1493/1493/1493 1495/1495/1495
f 1493/1493/1493 1451/1451/1451 1492/1492/1492
f 1476/1476/1476 1477/1477/1477 1494/1494/1494
f 1478/1478/1478 1494/1494/1494 1477/1477/1477
f 1475/1475/1475 1476/1476/1476 1494/1494/1494
f 1496/1496/1496 1474/1474/1474 1475/1475/1475
f 1474/1474/1474 1496/1496/1496 1473/1473/1473
f 1496/1496/1496 1497/1497/1497 1473/1473/1473
f 1496/1496/1496 1475/1475/1475 1494/1494/1494
f 1455/1455/1455 1496/1496/1496 1494/1494/1494
f 1456/1456/1456 1496/1496/1496 1455/1455/1455
f 1497/1497/1497 1456/1456/1456 1457/1457/1457
f 1496/1496/1496 1456/1456/1456 1497/1497/1497
f 1471/1471/1471 1472/1472/1472 1497/1497/1497
f 1497/1497/1497 1472/1472/1472 1473/1473/1473
f 1497/1497/1497 1457/1457/1457 1498/1498/1498
f 1497/1497/1497 1470/1470/1470 1471/1471/1471
f 1470/1470/1470 1497/1497/1497 1498/1498/1498
f 1454/1454/1454 1455/1455/1455 1494/1494/1494
f 1494/1494/1494 1453/1453/1453 1454/1454/1454
f 1486/1486/1486 1495/1495/1495 1485/1485/1485
f 1487/1487/1487 1499/1499/1499 1486/1486/1486
f 1499/1499/1499 1448/1448/1448 1495/1495/1495
f 1499/1499/1499 1500/1500/1500 1447/1447/1447
f 1448/1448/1448 1499/1499/1499 1447/1447/1447
f 1499/1499/1499 1495/1495/1495 1486/1486/1486
f 1488/1488/1488 1499/1499/1499 1487/1487/1487
f 1495/1495/1495 1448/1448/1448 1449/1449/1449
f 1447/1447/1447 1500/1500/1500 1446/1446/1446
f 1489/1489/1489 1500/1500/1500 1488/1488/1488
f 1500/1500/1500 1489/1489/1489 1490/1490/1490
f 1491/1491/1491 1500/1500/1500 1490/1490/1490
f 1445/1445/1445 1446/1446/1446 1500/1500/1500
f 1445/1445/1445 1500/1500/1500 1501/1501/1501
f 1500/1500/1500 1491/1491/1491 1501/1501/1501
f 1462/1462/1462 1501/1501/1501 1491/1491/1491
f 1488/1488/1488 1500/1500/1500 1499/1499/1499
f 1502/1502/1502 1459/1459/1459 1460/1460/1460
f 1498/1498/1498 1458/1458/1458 1459/1459/1459
f 1468/1468/1468 1469/1469/1469 1498/1498/1498
f 1498/1498/1498 1469/1469/1469 1470/1470/1470
f 1467/1467/1467 1468/1468/1468 1502/1502/1502
f 1498/1498/1498 1502/1502/1502 1468/1468/1468
f 1502/1502/1502 1498/1498/1498 1459/1459/1459
f 1502/1502/1502 1460/1460/1460 1503/1503/1503
f 1458/1458/1458 1498/1498/1498 1457/1457/1457
f 1501/1501/1501 1503/1503/1503 1461/1461/1461
f 1445/1445/1445 1501/1501/1501 1461/1461/1461
f 1501/1501/1501 1463/1463/1463 1464/1464/1464
f 1463/1463/1463 1501/1501/1501 1462/1462/1462
f 1464/1464/1464 1503/1503/1503 1501/1501/1501
f 1466/1466/1466 1467/1467/1467 1502/1502/1502
f 1466/1466/1466 1503/1503/1503 1465/1465/1465
f 1464/1464/1464 1465/1465/1465 1503/1503/1503
f 1502/1502/1502 1503/1503/1503 1466/1466/1466
f 1461/1461/1461 1503/1503/1503 1460/1460/1460
f 1485/1485/1485 1495/1495/1495 1484/1484/1484
f 1538/1538/1538 1510/1510/1510 1504/1504/1504
f 1551/1551/1551 1511/1511/1511 1510/1510/1510
f 1550/1550/1550 1513/1513/1513 1512/1512/1512
f 1550/1550/1550 1514/1514/1514 1513/1513/1513
f 1551/1551/1551 1512/1512/1512 1511/1511/1511
f 1549/1549/1549 1516/1516/1516 1515/1515/1515
f 1549/1549/1549 1517/1517/1517 1516/1516/1516
f 1548/1548/1548 1519/1519/1519 1518/1518/1518
f 1547/1547/1547 1520/1520/1520 1519/1519/1519
f 1548/1548/1548 1518/1518/1518 1517/1517/1517
f 1549/1549/1549 1515/1515/1515 1514/1514/1514
f 1505/1505/1505 1551/1551/1551 1538/1538/1538
f 1551/1551/1551 1510/1510/1510 1538/1538/1538
f 1514/1514/1514 1550/1550/1550 1549/1549/1549
f 1517/1517/1517 1549/1549/1549 1548/1548/1548
f 1550/1550/1550 1512/1512/1512 1551/1551/1551
f 1546/1546/1546 1522/1522/1522 1521/1521/1521
f 1546/1546/1546 1523/1523/1523 1522/1522/1522
f 1546/1546/1546 1521/1521/1521 1520/1520/1520
f 1520/1520/1520 1547/1547/1547 1546/1546/1546
f 1523/1523/1523 1546/1546/1546 1507/1507/1507
f 1506/1506/1506 1523/1523/1523 1507/1507/1507
f 1519/1519/1519 1548/1548/1548 1547/1547/1547
f 1545/1545/1545 1525/1525/1525 1524/1524/1524
f 1545/1545/1545 1526/1526/1526 1525/1525/1525
f 1544/1544/1544 1528/1528/1528 1527/1527/1527
f 1543/1543/1543 1529/1529/1529 1528/1528/1528
f 1544/1544/1544 1527/1527/1527 1526/1526/1526
f 1543/1543/1543 1531/1531/1531 1530/1530/1530
f 1542/1542/1542 1532/1532/1532 1531/1531/1531
f 1541/1541/1541 1534/1534/1534 1533/1533/1533
f 1541/1541/1541 1535/1535/1535 1534/1534/1534
f 1542/1542/1542 1533/1533/1533 1532/1532/1532
f 1543/1543/1543 1530/1530/1530 1529/1529/1529
f 1545/1545/1545 1524/1524/1524 1507/1507/1507
f 1544/1544/1544 1526/1526/1526 1545/1545/1545
f 1542/1542/1542 1531/1531/1531 1543/1543/1543
f 1541/1541/1541 1533/1533/1533 1542/1542/1542
f 1544/1544/1544 1543/1543/1543 1528/1528/1528
f 1540/1540/1540 1537/1537/1537 1536/1536/1536
f 1539/1539/1539 1508/1508/1508 1537/1537/1537
f 1509/1509/1509 1539/1539/1539 1540/1540/1540
f 1537/1537/1537 1540/1540/1540 1539/1539/1539
f 1535/1535/1535 1541/1541/1541 1540/1540/1540
f 1536/1536/1536 1535/1535/1535 1540/1540/1540
f 1506/1506/1506 1507/1507/1507 1524/1524/1524
f 1599/1599/1599 1587/1587/1587 1588/1588/1588
f 1559/1559/1559 1560/1560/1560 1599/1599/1599
f 1586/1586/1586 1587/1587/1587 1599/1599/1599
f 1585/1585/1585 1599/1599/1599 1600/1600/1600
f 1586/1586/1586 1599/1599/1599 1585/1585/1585
f 1599/1599/1599 1560/1560/1560 1600/1600/1600
f 1585/1585/1585 1600/1600/1600 1584/1584/1584
f 1601/1601/1601 1599/1599/1599 1588/1588/1588
f 1590/1590/1590 1601/1601/1601 1589/1589/1589
f 1601/1601/1601 1591/1591/1591 1602/1602/1602
f 1559/1559/1559 1599/1599/1599 1558/1558/1558
f 1558/1558/1558 1599/1599/1599 1601/1601/1601
f 1601/1601/1601 1557/1557/1557 1558/1558/1558
f 1601/1601/1601 1590/1590/1590 1591/1591/1591
f 1589/1589/1589 1601/1601/1601 1588/1588/1588
f 1600/1600/1600 1582/1582/1582 1583/1583/1583
f 1584/1584/1584 1600/1600/1600 1583/1583/1583
f 1560/1560/1560 1561/1561/1561 1600/1600/1600
f 1600/1600/1600 1562/1562/1562 1603/1603/1603
f 1603/1603/1603 1581/1581/1581 1582/1582/1582
f 1581/1581/1581 1603/1603/1603 1580/1580/1580
f 1603/1603/1603 1604/1604/1604 1580/1580/1580
f 1603/1603/1603 1582/1582/1582 1600/1600/1600
f 1561/1561/1561 1562/1562/1562 1600/1600/1600
f 1603/1603/1603 1563/1563/1563 1604/1604/1604
f 1577/1577/1577 1604/1604/1604 1605/1605/1605
f 1604/1604/1604 1563/1563/1563 1564/1564/1564
f 1578/1578/1578 1579/1579/1579 1604/1604/1604
f 1604/1604/1604 1579/1579/1579 1580/1580/1580
f 1604/1604/1604 1564/1564/1564 1605/1605/1605
f 1604/1604/1604 1577/1577/1577 1578/1578/1578
f 1605/1605/1605 1564/1564/1564 1565/1565/1565
f 1563/1563/1563 1603/1603/1603 1562/1562/1562
f 1557/1557/1557 1601/1601/1601 1602/1602/1602
f 1602/1602/1602 1592/1592/1592 1593/1593/1593
f 1606/1606/1606 1602/1602/1602 1593/1593/1593
f 1557/1557/1557 1602/1602/1602 1556/1556/1556
f 1555/1555/1555 1556/1556/1556 1602/1602/1602
f 1607/1607/1607 1554/1554/1554 1606/1606/1606
f 1555/1555/1555 1606/1606/1606 1554/1554/1554
f 1555/1555/1555 1602/1602/1602 1606/1606/1606
f 1606/1606/1606 1593/1593/1593 1594/1594/1594
f 1592/1592/1592 1602/1602/1602 1591/1591/1591
f 1606/1606/1606 1595/1595/1595 1607/1607/1607
f 1597/1597/1597 1607/1607/1607 1596/1596/1596
f 1595/1595/1595 1596/1596/1596 1607/1607/1607
f 1554/1554/1554 1607/1607/1607 1553/1553/1553
f 1552/1552/1552 1553/1553/1553 1607/1607/1607
f 1608/1608/1608 1607/1607/1607 1598/1598/1598
f 1598/1598/1598 1607/1607/1607 1597/1597/1597
f 1552/1552/1552 1607/1607/1607 1608/1608/1608
f 1595/1595/1595 1606/1606/1606 1594/1594/1594
f 1566/1566/1566 1609/1609/1609 1605/1605/1605
f 1566/1566/1566 1605/1605/1605 1565/1565/1565
f 1567/1567/1567 1609/1609/1609 1566/1566/1566
f 1575/1575/1575 1576/1576/1576 1605/1605/1605
f 1575/1575/1575 1609/1609/1609 1574/1574/1574
f 1609/1609/1609 1573/1573/1573 1574/1574/1574
f 1575/1575/1575 1605/1605/1605 1609/1609/1609
f 1610/1610/1610 1609/1609/1609 1567/1567/1567
f 1605/1605/1605 1576/1576/1576 1577/1577/1577
f 1608/1608/1608 1610/1610/1610 1568/1568/1568
f 1608/1608/1608 1568/1568/1568 1552/1552/1552
f 1608/1608/1608 1569/1569/1569 1570/1570/1570
f 1608/1608/1608 1598/1598/1598 1569/1569/1569
f 1570/1570/1570 1571/1571/1571 1608/1608/1608
f 1572/1572/1572 1573/1573/1573 1610/1610/1610
f 1610/1610/1610 1573/1573/1573 1609/1609/1609
f 1610/1610/1610 1571/1571/1571 1572/1572/1572
f 1571/1571/1571 1610/1610/1610 1608/1608/1608
f 1568/1568/1568 1610/1610/1610 1567/1567/1567
f 1645/1645/1645 1617/1617/1617 1611/1611/1611
f 1658/1658/1658 1618/1618/1618 1617/1617/1617
f 1657/1657/1657 1620/1620/1620 1619/1619/1619
f 1657/1657/1657 1621/1621/1621 1620/1620/1620
f 1658/1658/1658 1619/1619/1619 1618/1618/1618
f 1656/1656/1656 1623/1623/1623 1622/1622/1622
f 1656/1656/1656 1624/1624/1624 1623/1623/1623
f 1655/1655/1655 1626/1626/1626 1625/1625/1625
f 1654/1654/1654 1627/1627/1627 1626/1626/1626
f 1655/1655/1655 1625/1625/1625 1624/1624/1624
f 1656/1656/1656 1622/1622/1622 1621/1621/1621
f 1612/1612/1612 1658/1658/1658 1645/1645/1645
f 1658/1658/1658 1617/1617/1617 1645/1645/1645
f 1621/1621/1621 1657/1657/1657 1656/1656/1656
f 1624/1624/1624 1656/1656/1656 1655/1655/1655
f 1657/1657/1657 1619/1619/1619 1658/1658/1658
f 1653/1653/1653 1629/1629/1629 1628/1628/1628
f 1653/1653/1653 1630/1630/1630 1629/1629/1629
f 1653/1653/1653 1628/1628/1628 1627/1627/1627
f 1627/1627/1627 1654/1654/1654 1653/1653/1653
f 1630/1630/1630 1653/1653/1653 1614/1614/1614
f 1613/1613/1613 1630/1630/1630 1614/1614/1614
f 1626/1626/1626 1655/1655/1655 1654/1654/1654
f 1652/1652/1652 1632/1632/1632 1631/1631/1631
f 1652/1652/1652 1633/1633/1633 1632/1632/1632
f 1651/1651/1651 1635/1635/1635 1634/1634/1634
f 1650/1650/1650 1636/1636/1636 1635/1635/1635
f 1651/1651/1651 1634/1634/1634 1633/1633/1633
f 1650/1650/1650 1638/1638/1638 1637/1637/1637
f 1649/1649/1649 1639/1639/1639 1638/1638/1638
f 1648/1648/1648 1641/1641/1641 1640/1640/1640
f 1648/1648/1648 1642/1642/1642 1641/1641/1641
f 1649/1649/1649 1640/1640/1640 1639/1639/1639
f 1650/1650/1650 1637/1637/1637 1636/1636/1636
f 1652/1652/1652 1631/1631/1631 1614/1614/1614
f 1651/1651/1651 1633/1633/1633 1652/1652/1652
f 1649/1649/1649 1638/1638/1638 1650/1650/1650
f 1648/1648/1648 1640/1640/1640 1649/1649/1649
f 1651/1651/1651 1650/1650/1650 1635/1635/1635
f 1647/1647/1647 1644/1644/1644 1643/1643/1643
f 1646/1646/1646 1615/1615/1615 1644/1644/1644
f 1616/1616/1616 1646/1646/1646 1647/1647/1647
f 1644/1644/1644 1647/1647/1647 1646/1646/1646
f 1642/1642/1642 1648/1648/1648 1647/1647/1647
f 1643/1643/1643 1642/1642/1642 1647/1647/1647
f 1613/1613/1613 1614/1614/1614 1631/1631/1631
f 1695/1695/1695 1706/1706/1706 1694/1694/1694
f 1695/1695/1695 1707/1707/1707 1706/1706/1706
f 1706/1706/1706 1692/1692/1692 1693/1693/1693
f 1667/1667/1667 1708/1708/1708 1706/1706/1706
f 1706/1706/1706 1666/1666/1666 1667/1667/1667
f 1706/1706/1706 1693/1693/1693 1694/1694/1694
f 1706/1706/1706 1708/1708/1708 1692/1692/1692
f 1696/1696/1696 1707/1707/1707 1695/1695/1695
f 1698/1698/1698 1707/1707/1707 1697/1697/1697
f 1696/1696/1696 1697/1697/1697 1707/1707/1707
f 1707/1707/1707 1698/1698/1698 1709/1709/1709
f 1665/1665/1665 1666/1666/1666 1706/1706/1706
f 1664/1664/1664 1709/1709/1709 1663/1663/1663
f 1664/1664/1664 1665/1665/1665 1707/1707/1707
f 1664/1664/1664 1707/1707/1707 1709/1709/1709
f 1707/1707/1707 1665/1665/1665 1706/1706/1706
f 1690/1690/1690 1691/1691/1691 1708/1708/1708
f 1692/1692/1692 1708/1708/1708 1691/1691/1691
f 1689/1689/1689 1690/1690/1690 1708/1708/1708
f 1710/1710/1710 1688/1688/1688 1689/1689/1689
f 1688/1688/1688 1710/1710/1710 1687/1687/1687
f 1710/1710/1710 1711/1711/1711 1687/1687/1687
f 1710/1710/1710 1689/1689/1689 1708/1708/1708
f 1669/1669/1669 1710/1710/1710 1708/1708/1708
f 1670/1670/1670 1710/1710/1710 1669/1669/1669
f 1711/1711/1711 1670/1670/1670 1671/1671/1671
f 1710/1710/1710 1670/1670/1670 1711/1711/1711
f 1685/1685/1685 1686/1686/1686 1711/1711/1711
f 1711/1711/1711 1686/1686/1686 1687/1687/1687
f 1711/1711/1711 1671/1671/1671 1712/1712/1712
f 1711/1711/1711 1684/1684/1684 1685/1685/1685
f 1684/1684/1684 1711/1711/1711 1712/1712/1712
f 1668/1668/1668 1669/1669/1669 1708/1708/1708
f 1708/1708/1708 1667/1667/1667 1668/1668/1668
f 1700/1700/1700 1709/1709/1709 1699/1699/1699
f 1701/1701/1701 1713/1713/1713 1700/1700/1700
f 1713/1713/1713 1662/1662/1662 1709/1709/1709
f 1713/1713/1713 1714/1714/1714 1661/1661/1661
f 1662/1662/1662 1713/1713/1713 1661/1661/1661
f 1713/1713/1713 1709/1709/1709 1700/1700/1700
f 1702/1702/1702 1713/1713/1713 1701/1701/1701
f 1709/1709/1709 1662/1662/1662 1663/1663/1663
f 1661/1661/1661 1714/1714/1714 1660/1660/1660
f 1703/1703/1703 1714/1714/1714 1702/1702/1702
f 1714/1714/1714 1703/1703/1703 1704/1704/1704
f 1705/1705/1705 1714/1714/1714 1704/1704/1704
f 1659/1659/1659 1660/1660/1660 1714/1714/1714
f 1659/1659/1659 1714/1714/1714 1715/1715/1715
f 1714/1714/1714 1705/1705/1705 1715/1715/1715
f 1676/1676/1676 1715/1715/1715 1705/1705/1705
f 1702/1702/1702 1714/1714/1714 1713/1713/1713
f 1716/1716/1716 1673/1673/1673 1674/1674/1674
f 1712/1712/1712 1672/1672/1672 1673/1673/1673
f 1682/1682/1682 1683/1683/1683 1712/1712/1712
f 1712/1712/1712 1683/1683/1683 1684/1684/1684
f 1681/1681/1681 1682/1682/1682 1716/1716/1716
f 1712/1712/1712 1716/1716/1716 1682/1682/1682
f 1716/1716/1716 1712/1712/1712 1673/1673/1673
f 1716/1716/1716 1674/1674/1674 1717/1717/1717
f 1672/1672/1672 1712/1712/1712 1671/1671/1671
f 1715/1715/1715 1717/1717/1717 1675/1675/1675
f 1659/1659/1659 1715/1715/1715 1675/1675/1675
f 1715/1715/1715 1677/1677/1677 1678/1678/1678
f 1677/1677/1677 1715/1715/1715 1676/1676/1676
f 1678/1678/1678 1717/1717/1717 1715/1715/1715
f 1680/1680/1680 1681/1681/1681 1716/1716/1716
f 1680/1680/1680 1717/1717/1717 1679/1679/1679
f 1678/1678/1678 1679/1679/1679 1717/1717/1717
f 1716/1716/1716 1717/1717/1717 1680/1680/1680
f 1675/1675/1675 1717/1717/1717 1674/1674/1674
f 1699/1699/1699 1709/1709/1709 1698/1698/1698
f 1752/1752/1752 1724/1724/1724 1718/1718/1718
f 1765/1765/1765 1725/1725/1725 1724/1724/1724
f 1764/1764/1764 1727/1727/1727 1726/1726/1726
f 1764/1764/1764 1728/1728/1728 1727/1727/1727
f 1765/1765/1765 1726/1726/1726 1725/1725/1725
f 1763/1763/1763 1730/1730/1730 1729/1729/1729
f 1763/1763/1763 1731/1731/1731 1730/1730/1730
f 1762/1762/1762 1733/1733/1733 1732/1732/1732
f 1761/1761/1761 1734/1734/1734 1733/1733/1733
f 1762/1762/1762 1732/1732/1732 1731/1731/1731
f 1763/1763/1763 1729/1729/1729 1728/1728/1728
f 1719/1719/1719 1765/1765/1765 1752/1752/1752
f 1765/1765/1765 1724/1724/1724 1752/1752/1752
f 1728/1728/1728 1764/1764/1764 1763/1763/1763
f 1731/1731/1731 1763/1763/1763 1762/1762/1762
f 1764/1764/1764 1726/1726/1726 1765/1765/1765
f 1760/1760/1760 1736/1736/1736 1735/1735/1735
f 1760/1760/1760 1737/1737/1737 1736/1736/1736
f 1760/1760/1760 1735/1735/1735 1734/1734/1734
f 1734/1734/1734 1761/1761/1761 1760/1760/1760
f 1737/1737/1737 1760/1760/1760 1721/1721/1721
f 1720/1720/1720 1737/1737/1737 1721/1721/1721
f 1733/1733/1733 1762/1762/1762 1761/1761/1761
f 1759/1759/1759 1739/1739/1739 1738/1738/1738
f 1759/1759/1759 1740/1740/1740 1739/1739/1739
f 1758/1758/1758 1742/1742/1742 1741/1741/1741
f 1757/1757/1757 1743/1743/1743 1742/1742/1742
f 1758/1758/1758 1741/1741/1741 1740/1740/1740
f 1757/1757/1757 1745/1745/1745 1744/1744/1744
f 1756/1756/1756 1746/1746/1746 1745/1745/1745
f 1755/1755/1755 1748/1748/1748 1747/1747/1747
f 1755/1755/1755 1749/1749/1749 1748/1748/1748
f 1756/1756/1756 1747/1747/1747 1746/1746/1746
f 1757/1757/1757 1744/1744/1744 1743/1743/1743
f 1759/1759/1759 1738/1738/1738 1721/1721/1721
f 1758/1758/1758 1740/1740/1740 1759/1759/1759
f 1756/1756/1756 1745/1745/1745 1757/1757/1757
f 1755/1755/1755 1747/1747/1747 1756/1756/1756
f 1758/1758/1758 1757/1757/1757 1742/1742/1742
f 1754/1754/1754 1751/1751/1751 1750/1750/1750
f 1753/1753/1753 1722/1722/1722 1751/1751/1751
f 1723/1723/1723 1753/1753/1753 1754/1754/1754
f 1751/1751/1751 1754/1754/1754 1753/1753/1753
f 1749/1749/1749 1755/1755/1755 1754/1754/1754
f 1750/1750/1750 1749/1749/1749 1754/1754/1754
f 1720/1720/1720 1721/1721/1721 1738/1738/1738
f 1802/1802/1802 1813/1813/1813 1801/1801/1801
f 1802/1802/1802 1814/1814/1814 1813/1813/1813
f 1813/1813/1813 1799/1799/1799 1800/1800/1800
f 1774/1774/1774 1815/1815/1815 1813/1813/1813
f 1813/1813/1813 1773/1773/1773 1774/1774/1774
f 1813/1813/1813 1800/1800/1800 1801/1801/1801
f 1813/1813/1813 1815/1815/1815 1799/1799/1799
f 1803/1803/1803 1814/1814/1814 1802/1802/1802
f 1805/1805/1805 1814/1814/1814 1804/1804/1804
f 1803/1803/1803 1804/1804/1804 1814/1814/1814
f 1814/1814/1814 1805/1805/1805 1816/1816/1816
f 1772/1772/1772 1773/1773/1773 1813/1813/1813
f 1771/1771/1771 1816/1816/1816 1770/1770/1770
f 1771/1771/1771 1772/1772/1772 1814/1814/1814
f 1771/1771/1771 1814/1814/1814 1816/1816/1816
f 1814/1814/1814 1772/1772/1772 1813/1813/1813
f 1797/1797/1797 1798/1798/1798 1815/1815/1815
f 1799/1799/1799 1815/1815/1815 1798/1798/1798
f 1796/1796/1796 1797/1797/1797 1815/1815/1815
f 1817/1817/1817 1795/1795/1795 1796/1796/1796
f 1795/1795/1795 1817/1817/1817 1794/1794/1794
f 1817/1817/1817 1818/1818/1818 1794/1794/1794
f 1817/1817/1817 1796/1796/1796 1815/1815/1815
f 1776/1776/1776 1817/1817/1817 1815/1815/1815
f 1777/1777/1777 1817/1817/1817 1776/1776/1776
f 1818/1818/1818 1777/1777/1777 1778/1778/1778
f 1817/1817/1817 1777/1777/1777 1818/1818/1818
f 1792/1792/1792 1793/1793/1793 1818/1818/1818
f 1818/1818/1818 1793/1793/1793 1794/1794/1794
f 1818/1818/1818 1778/1778/1778 1819/1819/1819
f 1818/1818/1818 1791/1791/1791 1792/1792/1792
f 1791/1791/1791 1818/1818/1818 1819/1819/1819
f 1775/1775/1775 1776/1776/1776 1815/1815/1815
f 1815/1815/1815 1774/1774/1774 1775/1775/1775
f 1807/1807/1807 1816/1816/1816 1806/1806/1806
f 1808/1808/1808 1820/1820/1820 1807/1807/1807
f 1820/1820/1820 1769/1769/1769 1816/1816/1816
f 1820/1820/1820 1821/1821/1821 1768/1768/1768
f 1769/1769/1769 1820/1820/1820 1768/1768/1768
f 1820/1820/1820 1816/1816/1816 1807/1807/1807
f 1809/1809/1809 1820/1820/1820 1808/1808/1808
f 1816/1816/1816 1769/1769/1769 1770/1770/1770
f 1768/1768/1768 1821/1821/1821 1767/1767/1767
f 1810/1810/1810 1821/1821/1821 1809/1809/1809
f 1821/1821/1821 1810/1810/1810 1811/1811/1811
f 1812/1812/1812 1821/1821/1821 1811/1811/1811
f 1766/1766/1766 1767/1767/1767 1821/1821/1821
f 1766/1766/1766 1821/1821/1821 1822/1822/1822
f 1821/1821/1821 1812/1812/1812 1822/1822/1822
f 1783/1783/1783 1822/1822/1822 1812/1812/1812
f 1809/1809/1809 1821/1821/1821 1820/1820/1820
f 1823/1823/1823 1780/1780/1780 1781/1781/1781
f 1819/1819/1819 1779/1779/1779 1780/1780/1780
f 1789/1789/1789 1790/1790/1790 1819/1819/1819
f 1819/1819/1819 1790/1790/1790 1791/1791/1791
f 1788/1788/1788 1789/1789/1789 1823/1823/1823
f 1819/1819/1819 1823/1823/1823 1789/1789/1789
f 1823/1823/1823 1819/1819/1819 1780/1780/1780
f 1823/1823/1823 1781/1781/1781 1824/1824/1824
f 1779/1779/1779 1819/1819/1819 1778/1778/1778
f 1822/1822/1822 1824/1824/1824 1782/1782/1782
f 1766/1766/1766 1822/1822/1822 1782/1782/1782
f 1822/1822/1822 1784/1784/1784 1785/1785/1785
f 1784/1784/1784 1822/1822/1822 1783/1783/1783
f 1785/1785/1785 1824/1824/1824 1822/1822/1822
f 1787/1787/1787 1788/1788/1788 1823/1823/1823
f 1787/1787/1787 1824/1824/1824 1786/1786/1786
f 1785/1785/1785 1786/1786/1786 1824/1824/1824
f 1823/1823/1823 1824/1824/1824 1787/1787/1787
f 1782/1782/1782 1824/1824/1824 1781/1781/1781
f 1806/1806/1806 1816/1816/1816 1805/1805/1805
f 1859/1859/1859 1831/1831/1831 1825/1825/1825
f 1872/1872/1872 1832/1832/1832 1831/1831/1831
f 1871/1871/1871 1834/1834/1834 1833/1833/1833
f 1871/1871/1871 1835/1835/1835 1834/1834/1834
f 1872/1872/1872 1833/1833/1833 1832/1832/1832
f 1870/1870/1870 1837/1837/1837 1836/1836/1836
f 1870/1870/1870 1838/1838/1838 1837/1837/1837
f 1869/1869/1869 1840/1840/1840 1839/1839/1839
f 1868/1868/1868 1841/1841/1841 1840/1840/1840
f 1869/1869/1869 1839/1839/1839 1838/1838/1838
f 1870/1870/1870 1836/1836/1836 1835/1835/1835
f 1826/1826/1826 1872/1872/1872 1859/1859/1859
f 1872/1872/1872 1831/1831/1831 1859/1859/1859
f 1835/1835/1835 1871/1871/1871 1870/1870/1870
f 1838/1838/1838 1870/1870/1870 1869/1869/1869
f 1871/1871/1871 1833/1833/1833 1872/1872/1872
f 1867/1867/1867 1843/1843/1843 1842/1842/1842
f 1867/1867/1867 1844/1844/1844 1843/1843/1843
f 1867/1867/1867 1842/1842/1842 1841/1841/1841
f 1841/1841/1841 1868/1868/1868 1867/1867/1867
f 1844/1844/1844 1867/1867/1867 1828/1828/1828
f 1827/1827/1827 1844/1844/1844 1828/1828/1828
f 1840/1840/1840 1869/1869/1869 1868/1868/1868
f 1866/1866/1866 1846/1846/1846 1845/1845/1845
f 1866/1866/1866 1847/1847/1847 1846/1846/1846
f 1865/1865/1865 1849/1849/1849 1848/1848/1848
f 1864/1864/1864 1850/1850/1850 1849/1849/1849
f 1865/1865/1865 1848/1848/1848 1847/1847/1847
f 1864/1864/1864 1852/1852/1852 1851/1851/1851
f 1863/1863/1863 1853/1853/1853 1852/1852/1852
f 1862/1862/1862 1855/1855/1855 1854/1854/1854
f 1862/1862/1862 1856/1856/1856 1855/1855/1855
f 1863/1863/1863 1854/1854/1854 1853/1853/1853
f 1864/1864/1864 1851/1851/1851 1850/1850/1850
f 1866/1866/1866 1845/1845/1845 1828/1828/1828
f 1865/1865/1865 1847/1847/1847 1866/1866/1866
f 1863/1863/1863 1852/1852/1852 1864/1864/1864
f 1862/1862/1862 1854/1854/1854 1863/1863/1863
f 1865/1865/1865 1864/1864/1864 1849/1849/1849
f 1861/1861/1861 1858/1858/1858 1857/1857/1857
f 1860/1860/1860 1829/1829/1829 1858/1858/1858
f 1830/1830/1830 1860/1860/1860 1861/1861/1861
f 1858/1858/1858 1861/1861/1861 1860/1860/1860
f 1856/1856/1856 1862/1862/1862 1861/1861/1861
f 1857/1857/1857 1856/1856/1856 1861/1861/1861
f 1827/1827/1827 1828/1828/1828 1845/1845/1845
f 1909/1909/1909 1920/1920/1920 1908/1908/1908
f 1909/1909/1909 1921/1921/1921 1920/1920/1920
f 1920/1920/1920 1906/1906/1906 1907/1907/1907
f 1881/1881/1881 1922/1922/1922 1920/1920/1920
f 1920/1920/1920 1880/1880/1880 1881/1881/1881
f 1920/1920/1920 1907/1907/1907 1908/1908/1908
f 1920/1920/1920 1922/1922/1922 1906/1906/1906
f 1910/1910/1910 1921/1921/1921 1909/1909/1909
f 1912/1912/1912 1921/1921/1921 1911/1911/1911
f 1910/1910/1910 1911/1911/1911 1921/1921/1921
f 1921/1921/1921 1912/1912/1912 1923/1923/1923
f 1879/1879/1879 1880/1880/1880 1920/1920/1920
f 1878/1878/1878 1923/1923/1923 1877/1877/1877
f 1878/1878/1878 1879/1879/1879 1921/1921/1921
f 1878/1878/1878 1921/1921/1921 1923/1923/1923
f 1921/1921/1921 1879/1879/1879 1920/1920/1920
f 1904/1904/1904 1905/1905/1905 1922/1922/1922
f 1906/1906/1906 1922/1922/1922 1905/1905/1905
f 1903/1903/1903 1904/1904/1904 1922/1922/1922
f 1924/1924/1924 1902/1902/1902 1903/1903/1903
f 1902/1902/1902 1924/1924/1924 1901/1901/1901
f 1924/1924/1924 1925/1925/1925 1901/1901/1901
f 1924/1924/1924 1903/1903/1903 1922/1922/1922
f 1883/1883/1883 1924/1924/1924 1922/1922/1922
f 1884/1884/1884 1924/1924/1924 1883/1883/1883
f 1925/1925/1925 1884/1884/1884 1885/1885/1885
f 1924/1924/1924 1884/1884/1884 1925/1925/1925
f 1899/1899/1899 1900/1900/1900 1925/1925/1925
f 1925/1925/1925 1900/1900/1900 1901/1901/1901
f 1925/1925/1925 1885/1885/1885 1926/1926/1926
f 1925/1925/1925 1898/1898/1898 1899/1899/1899
f 1898/1898/1898 1925/1925/1925 1926/1926/1926
f 1882/1882/1882 1883/1883/1883 1922/1922/1922
f 1922/1922/1922 1881/1881/1881 1882/1882/1882
f 1914/1914/1914 1923/1923/1923 1913/1913/1913
f 1915/1915/1915 1927/1927/1927 1914/1914/1914
f 1927/1927/1927 1876/1876/1876 1923/1923/1923
f 1927/1927/1927 1928/1928/1928 1875/1875/1875
f 1876/1876/1876 1927/1927/1927 1875/1875/1875
f 1927/1927/1927 1923/1923/1923 1914/1914/1914
f 1916/1916/1916 1927/1927/1927 1915/1915/1915
f 1923/1923/1923 1876/1876/1876 1877/1877/1877
f 1875/1875/1875 1928/1928/1928 1874/1874/1874
f 1917/1917/1917 1928/1928/1928 1916/1916/1916
f 1928/1928/1928 1917/1917/1917 1918/1918/1918
f 1919/1919/1919 1928/1928/1928 1918/1918/1918
f 1873/1873/1873 1874/1874/1874 1928/1928/1928
f 1873/1873/1873 1928/1928/1928 1929/1929/1929
f 1928/1928/1928 1919/1919/1919 1929/1929/1929
f 1890/1890/1890 1929/1929/1929 1919/1919/1919
f 1916/1916/1916 1928/1928/1928 1927/1927/1927
f 1930/1930/1930 1887/1887/1887 1888/1888/1888
f 1926/1926/1926 1886/1886/1886 1887/1887/1887
f 1896/1896/1896 1897/1897/1897 1926/1926/1926
f 1926/1926/1926 1897/1897/1897 1898/1898/1898
f 1895/1895/1895 1896/1896/1896 1930/1930/1930
f 1926/1926/1926 1930/1930/1930 1896/1896/1896
f 1930/1930/1930 1926/1926/1926 1887/1887/1887
f 1930/1930/1930 1888/1888/1888 1931/1931/1931
f 1886/1886/1886 1926/1926/1926 1885/1885/1885
f 1929/1929/1929 1931/1931/1931 1889/1889/1889
f 1873/1873/1873 1929/1929/1929 1889/1889/1889
f 1929/1929/1929 1891/1891/1891 1892/1892/1892
f 1891/1891/1891 1929/1929/1929 1890/1890/1890
f 1892/1892/1892 1931/1931/1931 1929/1929/1929
f 1894/1894/1894 1895/1895/1895 1930/1930/1930
f 1894/1894/1894 1931/1931/1931 1893/1893/1893
f 1892/1892/1892 1893/1893/1893 1931/1931/1931
f 1930/1930/1930 1931/1931/1931 1894/1894/1894
f 1889/1889/1889 1931/1931/1931 1888/1888/1888
f 1913/1913/1913 1923/1923/1923 1912/1912/1912
f 1966/1966/1966 1938/1938/1938 1932/1932/1932
f 1979/1979/1979 1939/1939/1939 1938/1938/1938
f 1978/1978/1978 1941/1941/1941 1940/1940/1940
f 1978/1978/1978 1942/1942/1942 1941/1941/1941
f 1979/1979/1979 1940/1940/1940 1939/1939/1939
f 1977/1977/1977 1944/1944/1944 1943/1943/1943
f 1977/1977/1977 1945/1945/1945 1944/1944/1944
f 1976/1976/1976 1947/1947/1947 1946/1946/1946
f 1975/1975/1975 1948/1948/1948 1947/1947/1947
f 1976/1976/1976 1946/1946/1946 1945/1945/1945
f 1977/1977/1977 1943/1943/1943 1942/1942/1942
f 1933/1933/1933 1979/1979/1979 1966/1966/1966
f 1979/1979/1979 1938/1938/1938 1966/1966/1966
f 1942/1942/1942 1978/1978/1978 1977/1977/1977
f 1945/1945/1945 1977/1977/1977 1976/1976/1976
f 1978/1978/1978 1940/1940/1940 1979/1979/1979
f 1974/1974/1974 1950/1950/1950 1949/1949/1949
f 1974/1974/1974 1951/1951/1951 1950/1950/1950
f 1974/1974/1974 1949/1949/1949 1948/1948/1948
f 1948/1948/1948 1975/1975/1975 1974/1974/1974
f 1951/1951/1951 1974/1974/1974 1935/1935/1935
f 1934/1934/1934 1951/1951/1951 1935/1935/1935
f 1947/1947/1947 1976/1976/1976 1975/1975/1975
f 1973/1973/1973 1953/1953/1953 1952/1952/1952
f 1973/1973/1973 1954/1954/1954 1953/1953/1953
f 1972/1972/1972 1956/1956/1956 1955/1955/1955
f 1971/1971/1971 1957/1957/1957 1956/1956/1956
f 1972/1972/1972 1955/1955/1955 1954/1954/1954
f 1971/1971/1971 1959/1959/1959 1958/1958/1958
f 1970/1970/1970 1960/1960/1960 1959/1959/1959
f 1969/1969/1969 1962/1962/1962 1961/1961/1961
f 1969/1969/1969 1963/1963/1963 1962/1962/1962
f 1970/1970/1970 1961/1961/1961 1960/1960/1960
f 1971/1971/1971 1958/1958/1958 1957/1957/1957
f 1973/1973/1973 1952/1952/1952 1935/1935/1935
f 1972/1972/1972 1954/1954/1954 1973/1973/1973
f 1970/1970/1970 1959/1959/1959 1971/1971/1971
f 1969/1969/1969 1961/1961/1961 1970/1970/1970
f 1972/1972/1972 1971/1971/1971 1956/1956/1956
f 1968/1968/1968 1965/1965/1965 1964/1964/1964
f 1967/1967/1967 1936/1936/1936 1965/1965/1965
f 1937/1937/1937 1967/1967/1967 1968/1968/1968
f 1965/1965/1965 1968/1968/1968 1967/1967/1967
f 1963/1963/1963 1969/1969/1969 1968/1968/1968
f 1964/1964/1964 1963/1963/1963 1968/1968/1968
f 1934/1934/1934 1935/1935/1935 1952/1952/1952
f 2027/2027/2027 2015/2015/2015 2016/2016/2016
f 1987/1987/1987 1988/1988/1988 2027/2027/2027
f 2014/2014/2014 2015/2015/2015 2027/2027/2027
f 2013/2013/2013 2027/2027/2027 2028/2028/2028
f 2014/2014/2014 2027/2027/2027 2013/2013/2013
f 2027/2027/2027 1988/1988/1988 2028/2028/2028
f 2013/2013/2013 2028/2028/2028 2012/2012/2012
f 2029/2029/2029 2027/2027/2027 2016/2016/2016
f 2018/2018/2018 2029/2029/2029 2017/2017/2017
f 2029/2029/2029 2019/2019/2019 2030/2030/2030
f 1987/1987/1987 2027/2027/2027 1986/1986/1986
f 1986/1986/1986 2027/2027/2027 2029/2029/2029
f 2029/2029/2029 1985/1985/1985 1986/1986/1986
f 2029/2029/2029 2018/2018/2018 2019/2019/2019
f 2017/2017/2017 2029/2029/2029 2016/2016/2016
f 2028/2028/2028 2010/2010/2010 2011/2011/2011
f 2012/2012/2012 2028/2028/2028 2011/2011/2011
f 1988/1988/1988 1989/1989/1989 2028/2028/2028
f 2028/2028/2028 1990/1990/1990 2031/2031/2031
f 2031/2031/2031 2009/2009/2009 2010/2010/2010
f 2009/2009/2009 2031/2031/2031 2008/2008/2008
f 2031/2031/2031 2032/2032/2032 2008/2008/2008
f 2031/2031/2031 2010/2010/2010 2028/2028/2028
f 1989/1989/1989 1990/1990/1990 2028/2028/2028
f 2031/2031/2031 1991/1991/1991 2032/2032/2032
f 2005/2005/2005 2032/2032/2032 2033/2033/2033
f 2032/2032/2032 1991/1991/1991 1992/1992/1992
f 2006/2006/2006 2007/2007/2007 2032/2032/2032
f 2032/2032/2032 2007/2007/2007 2008/2008/2008
f 2032/2032/2032 1992/1992/1992 2033/2033/2033
f 2032/2032/2032 2005/2005/2005 2006/2006/2006
f 2033/2033/2033 1992/1992/1992 1993/1993/1993
f 1991/1991/1991 2031/2031/2031 1990/1990/1990
f 1985/1985/1985 2029/2029/2029 2030/2030/2030
f 2030/2030/2030 2020/2020/2020 2021/2021/2021
f 2034/2034/2034 2030/2030/2030 2021/2021/2021
f 1985/1985/1985 2030/2030/2030 1984/1984/1984
f 1983/1983/1983 1984/1984/1984 2030/2030/2030
f 2035/2035/2035 1982/1982/1982 2034/2034/2034
f 1983/1983/1983 2034/2034/2034 1982/1982/1982
f 1983/1983/1983 2030/2030/2030 2034/2034/2034
f 2034/2034/2034 2021/2021/2021 2022/2022/2022
f 2020/2020/2020 2030/2030/2030 2019/2019/2019
f 2034/2034/2034 2023/2023/2023 2035/2035/2035
f 2025/2025/2025 2035/2035/2035 2024/2024/2024
f 2023/2023/2023 2024/2024/2024 2035/2035/2035
f 1982/1982/1982 2035/2035/2035 1981/1981/1981
f 1980/1980/1980 1981/1981/1981 2035/2035/2035
f 2036/2036/2036 2035/2035/2035 2026/2026/2026
f 2026/2026/2026 2035/2035/2035 2025/2025/2025
f 1980/1980/1980 2035/2035/2035 2036/2036/2036
f 2023/2023/2023 2034/2034/2034 2022/2022/2022
f 1994/1994/1994 2037/2037/2037 2033/2033/2033
f 1994/1994/1994 2033/2033/2033 1993/1993/1993
f 1995/1995/1995 2037/2037/2037 1994/1994/1994
f 2003/2003/2003 2004/2004/2004 2033/2033/2033
f 2003/2003/2003 2037/2037/2037 2002/2002/2002
f 2037/2037/2037 2001/2001/2001 2002/2002/2002
f 2003/2003/2003 2033/2033/2033 2037/2037/2037
f 2038/2038/2038 2037/2037/2037 1995/1995/1995
f 2033/2033/2033 2004/2004/2004 2005/2005/2005
f 2036/2036/2036 2038/2038/2038 1996/1996/1996
f 2036/2036/2036 1996/1996/1996 1980/1980/1980
f 2036/2036/2036 1997/1997/1997 1998/1998/1998
f 2036/2036/2036 2026/2026/2026 1997/1997/1997
f 1998/1998/1998 1999/1999/1999 2036/2036/2036
f 2000/2000/2000 2001/2001/2001 2038/2038/2038
f 2038/2038/2038 2001/2001/2001 2037/2037/2037
f 2038/2038/2038 1999/1999/1999 2000/2000/2000
f 1999/1999/1999 2038/2038/2038 2036/2036/2036
f 1996/1996/1996 2038/2038/2038 1995/1995/1995
f 2073/2073/2073 2045/2045/2045 2039/2039/2039
f 2086/2086/2086 2046/2046/2046 2045/2045/2045
f 2085/2085/2085 2048/2048/2048 2047/2047/2047
f 2085/2085/2085 2049/2049/2049 2048/2048/2048
f 2086/2086/2086 2047/2047/2047 2046/2046/2046
f 2084/2084/2084 2051/2051/2051 2050/2050/2050
f 2084/2084/2084 2052/2052/2052 2051/2051/2051
f 2083/2083/2083 2054/2054/2054 2053/2053/2053
f 2082/2082/2082 2055/2055/2055 2054/2054/2054
f 2083/2083/2083 2053/2053/2053 2052/2052/2052
f 2084/2084/2084 2050/2050/2050 2049/2049/2049
f 2040/2040/2040 2086/2086/2086 2073/2073/2073
f 2086/2086/2086 2045/2045/2045 2073/2073/2073
f 2049/2049/2049 2085/2085/2085 2084/2084/2084
f 2052/2052/2052 2084/2084/2084 2083/2083/2083
f 2085/2085/2085 2047/2047/2047 2086/2086/2086
f 2081/2081/2081 2057/2057/2057 2056/2056/2056
f 2081/2081/2081 2058/2058/2058 2057/2057/2057
f 2081/2081/2081 2056/2056/2056 2055/2055/2055
f 2055/2055/2055 2082/2082/2082 2081/2081/2081
f 2058/2058/2058 2081/2081/2081 2042/2042/2042
f 2041/2041/2041 2058/2058/2058 2042/2042/2042
f 2054/2054/2054 2083/2083/2083 2082/2082/2082
f 2080/2080/2080 2060/2060/2060 2059/2059/2059
f 2080/2080/2080 2061/2061/2061 2060/2060/2060
f 2079/2079/2079 2063/2063/2063 2062/2062/2062
f 2078/2078/2078 2064/2064/2064 2063/2063/2063
f 2079/2079/2079 2062/2062/2062 2061/2061/2061
f 2078/2078/2078 2066/2066/2066 2065/2065/2065
f 2077/2077/2077 2067/2067/2067 2066/2066/2066
f 2076/2076/2076 2069/2069/2069 2068/2068/2068
f 2076/2076/2076 2070/2070/2070 2069/2069/2069
f 2077/2077/2077 2068/2068/2068 2067/2067/2067
f 2078/2078/2078 2065/2065/2065 2064/2064/2064
f 2080/2080/2080 2059/2059/2059 2042/2042/2042
f 2079/2079/2079 2061/2061/2061 2080/2080/2080
f 2077/2077/2077 2066/2066/2066 2078/2078/2078
f 2076/2076/2076 2068/2068/2068 2077/2077/2077
f 2079/2079/2079 2078/2078/2078 2063/2063/2063
f 2075/2075/2075 2072/2072/2072 2071/2071/2071
f 2074/2074/2074 2043/2043/2043 2072/2072/2072
f 2044/2044/2044 2074/2074/2074 2075/2075/2075
f 2072/2072/2072 2075/2075/2075 2074/2074/2074
f 2070/2070/2070 2076/2076/2076 2075/2075/2075
f 2071/2071/2071 2070/2070/2070 2075/2075/2075
f 2041/2041/2041 2042/2042/2042 2059/2059/2059
f 2095/2095/2095 2240/2240/2240 2242/2242/2242
f 2242/2242/2242 2241/2241/2241 2095/2095/2095
f 2094/2094/2094 2243/2243/2243 2245/2245/2245
f 2245/2245/2245 2244/2244/2244 2094/2094/2094
f 2244/2244/2244 2245/2245/2245 2240/2240/2240
f 2240/2240/2240 2095/2095/2095 2244/2244/2244
f 2246/2246/2246 2247/2247/2247 2249/2249/2249
f 2249/2249/2249 2248/2248/2248 2246/2246/2246
f 2248/2248/2248 2249/2249/2249 2243/2243/2243
f 2243/2243/2243 2094/2094/2094 2248/2248/2248
f 2177/2177/2177 2176/2176/2176 2222/2222/2222
f 2178/2178/2178 2177/2177/2177 2175/2175/2175
f 2180/2180/2180 2179/2179/2179 2174/2174/2174
f 2182/2182/2182 2181/2181/2181 2173/2173/2173
f 2181/2181/2181 2180/2180/2180 2173/2173/2173
f 2178/2178/2178 2175/2175/2175 2174/2174/2174
f 2174/2174/2174 2179/2179/2179 2178/2178/2178
f 2183/2183/2183 2172/2172/2172 2171/2171/2171
f 2171/2171/2171 2184/2184/2184 2183/2183/2183
f 2185/2185/2185 2184/2184/2184 2171/2171/2171
f 2187/2187/2187 2186/2186/2186 2170/2170/2170
f 2188/2188/2188 2169/2169/2169 2168/2168/2168
f 2168/2168/2168 2189/2189/2189 2188/2188/2188
f 2188/2188/2188 2187/2187/2187 2169/2169/2169
f 2186/2186/2186 2185/2185/2185 2170/2170/2170
f 2183/2183/2183 2182/2182/2182 2172/2172/2172
f 2191/2191/2191 2190/2190/2190 2167/2167/2167
f 2191/2191/2191 2167/2167/2167 2166/2166/2166
f 2166/2166/2166 2192/2192/2192 2191/2191/2191
f 2194/2194/2194 2193/2193/2193 2165/2165/2165
f 2196/2196/2196 2195/2195/2195 2164/2164/2164
f 2195/2195/2195 2194/2194/2194 2165/2165/2165
f 2193/2193/2193 2192/2192/2192 2166/2166/2166
f 2198/2198/2198 2197/2197/2197 2163/2163/2163
f 2199/2199/2199 2198/2198/2198 2162/2162/2162
f 2201/2201/2201 2200/2200/2200 2161/2161/2161
f 2203/2203/2203 2202/2202/2202 2160/2160/2160
f 2201/2201/2201 2161/2161/2161 2160/2160/2160
f 2160/2160/2160 2202/2202/2202 2201/2201/2201
f 2200/2200/2200 2199/2199/2199 2162/2162/2162
f 2196/2196/2196 2164/2164/2164 2163/2163/2163
f 2163/2163/2163 2197/2197/2197 2196/2196/2196
f 2190/2190/2190 2189/2189/2189 2168/2168/2168
f 2205/2205/2205 2204/2204/2204 2159/2159/2159
f 2206/2206/2206 2205/2205/2205 2158/2158/2158
f 2208/2208/2208 2207/2207/2207 2157/2157/2157
f 2210/2210/2210 2209/2209/2209 2088/2088/2088
f 2209/2209/2209 2208/2208/2208 2088/2088/2088
f 2206/2206/2206 2158/2158/2158 2157/2157/2157
f 2157/2157/2157 2207/2207/2207 2206/2206/2206
f 2211/2211/2211 2156/2156/2156 2155/2155/2155
f 2155/2155/2155 2212/2212/2212 2211/2211/2211
f 2213/2213/2213 2212/2212/2212 2155/2155/2155
f 2215/2215/2215 2214/2214/2214 2154/2154/2154
f 2216/2216/2216 2153/2153/2153 2152/2152/2152
f 2152/2152/2152 2217/2217/2217 2216/2216/2216
f 2216/2216/2216 2215/2215/2215 2153/2153/2153
f 2214/2214/2214 2213/2213/2213 2154/2154/2154
f 2211/2211/2211 2210/2210/2210 2156/2156/2156
f 2219/2219/2219 2218/2218/2218 2151/2151/2151
f 2219/2219/2219 2151/2151/2151 2150/2150/2150
f 2150/2150/2150 2220/2220/2220 2219/2219/2219
f 2097/2097/2097 2096/2096/2096 2221/2221/2221
f 2221/2221/2221 2098/2098/2098 2097/2097/2097
f 2150/2150/2150 2221/2221/2221 2220/2220/2220
f 2152/2152/2152 2218/2218/2218 2217/2217/2217
f 2093/2093/2093 2092/2092/2092 2242/2242/2242
f 2093/2093/2093 2242/2242/2242 2240/2240/2240
f 2240/2240/2240 2237/2237/2237 2093/2093/2093
f 2237/2237/2237 2240/2240/2240 2245/2245/2245
f 2245/2245/2245 2238/2238/2238 2237/2237/2237
f 2242/2242/2242 2092/2092/2092 2091/2091/2091
f 2091/2091/2091 2241/2241/2241 2242/2242/2242
f 2238/2238/2238 2245/2245/2245 2243/2243/2243
f 2243/2243/2243 2239/2239/2239 2238/2238/2238
f 2159/2159/2159 2204/2204/2204 2203/2203/2203
f 2150/2150/2150 2098/2098/2098 2221/2221/2221
f 2087/2087/2087 2175/2175/2175 2222/2222/2222
f 2175/2175/2175 2177/2177/2177 2222/2222/2222
f 2172/2172/2172 2182/2182/2182 2173/2173/2173
f 2174/2174/2174 2173/2173/2173 2180/2180/2180
f 2170/2170/2170 2185/2185/2185 2171/2171/2171
f 2169/2169/2169 2187/2187/2187 2170/2170/2170
f 2167/2167/2167 2190/2190/2190 2168/2168/2168
f 2165/2165/2165 2193/2193/2193 2166/2166/2166
f 2195/2195/2195 2165/2165/2165 2164/2164/2164
f 2200/2200/2200 2162/2162/2162 2161/2161/2161
f 2203/2203/2203 2160/2160/2160 2159/2159/2159
f 2158/2158/2158 2205/2205/2205 2159/2159/2159
f 2210/2210/2210 2088/2088/2088 2156/2156/2156
f 2213/2213/2213 2155/2155/2155 2154/2154/2154
f 2151/2151/2151 2218/2218/2218 2152/2152/2152
f 2153/2153/2153 2215/2215/2215 2154/2154/2154
f 2088/2088/2088 2208/2208/2208 2157/2157/2157
f 2163/2163/2163 2162/2162/2162 2198/2198/2198
f 2225/2225/2225 2148/2148/2148 2147/2147/2147
f 2147/2147/2147 2226/2226/2226 2225/2225/2225
f 2148/2148/2148 2225/2225/2225 2236/2236/2236
f 2146/2146/2146 2228/2228/2228 2227/2227/2227
f 2229/2229/2229 2145/2145/2145 2144/2144/2144
f 2144/2144/2144 2230/2230/2230 2229/2229/2229
f 2228/2228/2228 2146/2146/2146 2145/2145/2145
f 2145/2145/2145 2229/2229/2229 2228/2228/2228
f 2147/2147/2147 2227/2227/2227 2226/2226/2226
f 2224/2224/2224 2241/2241/2241 2091/2091/2091
f 2241/2241/2241 2224/2224/2224 2139/2139/2139
f 2143/2143/2143 2232/2232/2232 2231/2231/2231
f 2244/2244/2244 2095/2095/2095 2138/2138/2138
f 2138/2138/2138 2095/2095/2095 2241/2241/2241
f 2142/2142/2142 2233/2233/2233 2232/2232/2232
f 2230/2230/2230 2144/2144/2144 2143/2143/2143
f 2143/2143/2143 2231/2231/2231 2230/2230/2230
f 2148/2148/2148 2236/2236/2236 2149/2149/2149
f 2147/2147/2147 2146/2146/2146 2227/2227/2227
f 2141/2141/2141 2234/2234/2234 2233/2233/2233
f 2233/2233/2233 2142/2142/2142 2141/2141/2141
f 2232/2232/2232 2143/2143/2143 2142/2142/2142
f 2234/2234/2234 2141/2141/2141 2140/2140/2140
f 2140/2140/2140 2235/2235/2235 2234/2234/2234
f 2235/2235/2235 2140/2140/2140 2139/2139/2139
f 2139/2139/2139 2223/2223/2223 2235/2235/2235
f 2224/2224/2224 2223/2223/2223 2139/2139/2139
f 2139/2139/2139 2138/2138/2138 2241/2241/2241
f 2138/2138/2138 2089/2089/2089 2244/2244/2244
f 2098/2098/2098 2150/2150/2150 2149/2149/2149
f 2236/2236/2236 2098/2098/2098 2149/2149/2149
f 2239/2239/2239 2243/2243/2243 2249/2249/2249
f 2249/2249/2249 2250/2250/2250 2239/2239/2239
f 2247/2247/2247 2251/2251/2251 2250/2250/2250
f 2136/2136/2136 2253/2253/2253 2252/2252/2252
f 2135/2135/2135 2255/2255/2255 2254/2254/2254
f 2135/2135/2135 2254/2254/2254 2253/2253/2253
f 2247/2247/2247 2252/2252/2252 2251/2251/2251
f 2256/2256/2256 2134/2134/2134 2133/2133/2133
f 2133/2133/2133 2257/2257/2257 2256/2256/2256
f 2133/2133/2133 2258/2258/2258 2257/2257/2257
f 2132/2132/2132 2260/2260/2260 2259/2259/2259
f 2261/2261/2261 2131/2131/2131 2130/2130/2130
f 2130/2130/2130 2262/2262/2262 2261/2261/2261
f 2131/2131/2131 2261/2261/2261 2260/2260/2260
f 2132/2132/2132 2259/2259/2259 2258/2258/2258
f 2134/2134/2134 2256/2256/2256 2255/2255/2255
f 2129/2129/2129 2264/2264/2264 2263/2263/2263
f 2264/2264/2264 2129/2129/2129 2128/2128/2128
f 2128/2128/2128 2265/2265/2265 2264/2264/2264
f 2266/2266/2266 2128/2128/2128 2127/2127/2127
f 2127/2127/2127 2267/2267/2267 2266/2266/2266
f 2126/2126/2126 2269/2269/2269 2268/2268/2268
f 2127/2127/2127 2268/2268/2268 2267/2267/2267
f 2128/2128/2128 2266/2266/2266 2265/2265/2265
f 2125/2125/2125 2271/2271/2271 2270/2270/2270
f 2124/2124/2124 2272/2272/2272 2271/2271/2271
f 2123/2123/2123 2274/2274/2274 2273/2273/2273
f 2122/2122/2122 2276/2276/2276 2275/2275/2275
f 2274/2274/2274 2123/2123/2123 2122/2122/2122
f 2122/2122/2122 2275/2275/2275 2274/2274/2274
f 2124/2124/2124 2273/2273/2273 2272/2272/2272
f 2269/2269/2269 2126/2126/2126 2125/2125/2125
f 2125/2125/2125 2270/2270/2270 2269/2269/2269
f 2130/2130/2130 2263/2263/2263 2262/2262/2262
f 2121/2121/2121 2278/2278/2278 2277/2277/2277
f 2120/2120/2120 2279/2279/2279 2278/2278/2278
f 2119/2119/2119 2281/2281/2281 2280/2280/2280
f 2118/2118/2118 2283/2283/2283 2282/2282/2282
f 2118/2118/2118 2282/2282/2282 2281/2281/2281
f 2279/2279/2279 2120/2120/2120 2119/2119/2119
f 2119/2119/2119 2280/2280/2280 2279/2279/2279
f 2284/2284/2284 2117/2117/2117 2116/2116/2116
f 2116/2116/2116 2285/2285/2285 2284/2284/2284
f 2116/2116/2116 2286/2286/2286 2285/2285/2285
f 2115/2115/2115 2288/2288/2288 2287/2287/2287
f 2289/2289/2289 2114/2114/2114 2113/2113/2113
f 2113/2113/2113 2290/2290/2290 2289/2289/2289
f 2114/2114/2114 2289/2289/2289 2288/2288/2288
f 2115/2115/2115 2287/2287/2287 2286/2286/2286
f 2117/2117/2117 2284/2284/2284 2283/2283/2283
f 2112/2112/2112 2292/2292/2292 2291/2291/2291
f 2112/2112/2112 2293/2293/2293 2292/2292/2292
f 2294/2294/2294 2111/2111/2111 2110/2110/2110
f 2110/2110/2110 2295/2295/2295 2294/2294/2294
f 2109/2109/2109 2297/2297/2297 2296/2296/2296
f 2110/2110/2110 2296/2296/2296 2295/2295/2295
f 2111/2111/2111 2294/2294/2294 2293/2293/2293
f 2108/2108/2108 2299/2299/2299 2298/2298/2298
f 2107/2107/2107 2301/2301/2301 2300/2300/2300
f 2299/2299/2299 2108/2108/2108 2107/2107/2107
f 2107/2107/2107 2300/2300/2300 2299/2299/2299
f 2302/2302/2302 2106/2106/2106 2105/2105/2105
f 2105/2105/2105 2303/2303/2303 2302/2302/2302
f 2104/2104/2104 2305/2305/2305 2304/2304/2304
f 2105/2105/2105 2304/2304/2304 2303/2303/2303
f 2106/2106/2106 2302/2302/2302 2301/2301/2301
f 2297/2297/2297 2109/2109/2109 2108/2108/2108
f 2108/2108/2108 2298/2298/2298 2297/2297/2297
f 2113/2113/2113 2291/2291/2291 2290/2290/2290
f 2121/2121/2121 2277/2277/2277 2276/2276/2276
f 2247/2247/2247 2250/2250/2250 2249/2249/2249
f 2244/2244/2244 2089/2089/2089 2094/2094/2094
f 2248/2248/2248 2094/2094/2094 2089/2089/2089
f 2137/2137/2137 2246/2246/2246 2248/2248/2248
f 2248/2248/2248 2089/2089/2089 2137/2137/2137
f 2247/2247/2247 2246/2246/2246 2252/2252/2252
f 2246/2246/2246 2137/2137/2137 2136/2136/2136
f 2136/2136/2136 2252/2252/2252 2246/2246/2246
f 2134/2134/2134 2255/2255/2255 2135/2135/2135
f 2132/2132/2132 2258/2258/2258 2133/2133/2133
f 2136/2136/2136 2135/2135/2135 2253/2253/2253
f 2260/2260/2260 2132/2132/2132 2131/2131/2131
f 2129/2129/2129 2263/2263/2263 2130/2130/2130
f 2127/2127/2127 2126/2126/2126 2268/2268/2268
f 2123/2123/2123 2273/2273/2273 2124/2124/2124
f 2278/2278/2278 2121/2121/2121 2120/2120/2120
f 2281/2281/2281 2119/2119/2119 2118/2118/2118
f 2117/2117/2117 2283/2283/2283 2118/2118/2118
f 2125/2125/2125 2124/2124/2124 2271/2271/2271
f 2121/2121/2121 2276/2276/2276 2122/2122/2122
f 2112/2112/2112 2291/2291/2291 2113/2113/2113
f 2306/2306/2306 2103/2103/2103 2307/2307/2307
f 2115/2115/2115 2114/2114/2114 2288/2288/2288
f 2308/2308/2308 2102/2102/2102 2309/2309/2309
f 2307/2307/2307 2103/2103/2103 2102/2102/2102
f 2102/2102/2102 2308/2308/2308 2307/2307/2307
f 2286/2286/2286 2116/2116/2116 2115/2115/2115
f 2311/2311/2311 2310/2310/2310 2101/2101/2101
f 2312/2312/2312 2311/2311/2311 2100/2100/2100
f 2314/2314/2314 2313/2313/2313 2099/2099/2099
f 2314/2314/2314 2316/2316/2316 2315/2315/2315
f 2312/2312/2312 2100/2100/2100 2099/2099/2099
f 2099/2099/2099 2313/2313/2313 2312/2312/2312
f 2101/2101/2101 2310/2310/2310 2309/2309/2309
f 2099/2099/2099 2316/2316/2316 2314/2314/2314
f 2111/2111/2111 2293/2293/2293 2112/2112/2112
f 2106/2106/2106 2301/2301/2301 2107/2107/2107
f 2110/2110/2110 2109/2109/2109 2296/2296/2296
f 2104/2104/2104 2304/2304/2304 2105/2105/2105
f 2103/2103/2103 2306/2306/2306 2305/2305/2305
f 2305/2305/2305 2104/2104/2104 2103/2103/2103
f 2311/2311/2311 2101/2101/2101 2100/2100/2100
f 2316/2316/2316 2099/2099/2099 2090/2090/2090
f 2101/2101/2101 2309/2309/2309 2102/2102/2102
f 2328/2328/2328 2361/2361/2361 2362/2362/2362
f 2328/2328/2328 2317/2317/2317 2361/2361/2361
f 2328/2328/2328 2362/2362/2362 2366/2366/2366
f 2363/2363/2363 2366/2366/2366 2362/2362/2362
f 2364/2364/2364 2366/2366/2366 2363/2363/2363
f 2327/2327/2327 2328/2328/2328 2366/2366/2366
f 2367/2367/2367 2368/2368/2368 2348/2348/2348
f 2368/2368/2368 2365/2365/2365 2348/2348/2348
f 2368/2368/2368 2334/2334/2334 2366/2366/2366
f 2364/2364/2364 2368/2368/2368 2366/2366/2366
f 2367/2367/2367 2348/2348/2348 2349/2349/2349
f 2367/2367/2367 2333/2333/2333 2368/2368/2368
f 2368/2368/2368 2364/2364/2364 2365/2365/2365
f 2367/2367/2367 2349/2349/2349 2350/2350/2350
f 2368/2368/2368 2333/2333/2333 2334/2334/2334
f 2325/2325/2325 2326/2326/2326 2335/2335/2335
f 2336/2336/2336 2324/2324/2324 2325/2325/2325
f 2323/2323/2323 2324/2324/2324 2336/2336/2336
f 2337/2337/2337 2322/2322/2322 2323/2323/2323
f 2326/2326/2326 2327/2327/2327 2366/2366/2366
f 2325/2325/2325 2335/2335/2335 2336/2336/2336
f 2335/2335/2335 2326/2326/2326 2366/2366/2366
f 2338/2338/2338 2322/2322/2322 2337/2337/2337
f 2321/2321/2321 2322/2322/2322 2338/2338/2338
f 2320/2320/2320 2321/2321/2321 2339/2339/2339
f 2321/2321/2321 2338/2338/2338 2339/2339/2339
f 2336/2336/2336 2337/2337/2337 2323/2323/2323
f 2334/2334/2334 2335/2335/2335 2366/2366/2366
f 2367/2367/2367 2332/2332/2332 2333/2333/2333
f 2350/2350/2350 2369/2369/2369 2367/2367/2367
f 2352/2352/2352 2369/2369/2369 2351/2351/2351
f 2331/2331/2331 2332/2332/2332 2369/2369/2369
f 2369/2369/2369 2332/2332/2332 2367/2367/2367
f 2352/2352/2352 2331/2331/2331 2369/2369/2369
f 2331/2331/2331 2352/2352/2352 2353/2353/2353
f 2354/2354/2354 2330/2330/2330 2353/2353/2353
f 2355/2355/2355 2330/2330/2330 2354/2354/2354
f 2329/2329/2329 2330/2330/2330 2355/2355/2355
f 2329/2329/2329 2356/2356/2356 2357/2357/2357
f 2329/2329/2329 2355/2355/2355 2356/2356/2356
f 2358/2358/2358 2329/2329/2329 2357/2357/2357
f 2331/2331/2331 2353/2353/2353 2330/2330/2330
f 2345/2345/2345 2339/2339/2339 2344/2344/2344
f 2343/2343/2343 2344/2344/2344 2339/2339/2339
f 2345/2345/2345 2346/2346/2346 2320/2320/2320
f 2347/2347/2347 2319/2319/2319 2346/2346/2346
f 2346/2346/2346 2319/2319/2319 2320/2320/2320
f 2319/2319/2319 2347/2347/2347 2318/2318/2318
f 2345/2345/2345 2320/2320/2320 2339/2339/2339
f 2359/2359/2359 2341/2341/2341 2358/2358/2358
f 2329/2329/2329 2358/2358/2358 2341/2341/2341
f 2360/2360/2360 2341/2341/2341 2359/2359/2359
f 2339/2339/2339 2340/2340/2340 2343/2343/2343
f 2342/2342/2342 2343/2343/2343 2340/2340/2340
f 2340/2340/2340 2360/2360/2360 2342/2342/2342
f 2360/2360/2360 2340/2340/2340 2341/2341/2341
f 2350/2350/2350 2351/2351/2351 2369/2369/2369
f 2370/2370/2370 2462/2462/2462 2461/2461/2461
f 2461/2461/2461 2371/2371/2371 2370/2370/2370
f 2463/2463/2463 2464/2464/2464 2459/2459/2459
f 2459/2459/2459 2460/2460/2460 2463/2463/2463
f 2464/2464/2464 2465/2465/2465 2458/2458/2458
f 2458/2458/2458 2459/2459/2459 2464/2464/2464
f 2462/2462/2462 2463/2463/2463 2460/2460/2460
f 2460/2460/2460 2461/2461/2461 2462/2462/2462
f 2466/2466/2466 2467/2467/2467 2456/2456/2456
f 2456/2456/2456 2457/2457/2457 2466/2466/2466
f 2468/2468/2468 2469/2469/2469 2454/2454/2454
f 2454/2454/2454 2455/2455/2455 2468/2468/2468
f 2469/2469/2469 2470/2470/2470 2453/2453/2453
f 2453/2453/2453 2454/2454/2454 2469/2469/2469
f 2467/2467/2467 2468/2468/2468 2455/2455/2455
f 2455/2455/2455 2456/2456/2456 2467/2467/2467
f 2465/2465/2465 2466/2466/2466 2457/2457/2457
f 2457/2457/2457 2458/2458/2458 2465/2465/2465
f 2471/2471/2471 2472/2472/2472 2451/2451/2451
f 2451/2451/2451 2452/2452/2452 2471/2471/2471
f 2473/2473/2473 2474/2474/2474 2449/2449/2449
f 2449/2449/2449 2450/2450/2450 2473/2473/2473
f 2474/2474/2474 2475/2475/2475 2448/2448/2448
f 2448/2448/2448 2449/2449/2449 2474/2474/2474
f 2472/2472/2472 2473/2473/2473 2450/2450/2450
f 2450/2450/2450 2451/2451/2451 2472/2472/2472
f 2476/2476/2476 2477/2477/2477 2446/2446/2446
f 2446/2446/2446 2447/2447/2447 2476/2476/2476
f 2477/2477/2477 2478/2478/2478 2445/2445/2445
f 2445/2445/2445 2446/2446/2446 2477/2477/2477
f 2479/2479/2479 2480/2480/2480 2443/2443/2443
f 2443/2443/2443 2444/2444/2444 2479/2479/2479
f 2480/2480/2480 2481/2481/2481 2442/2442/2442
f 2442/2442/2442 2443/2443/2443 2480/2480/2480
f 2478/2478/2478 2479/2479/2479 2444/2444/2444
f 2444/2444/2444 2445/2445/2445 2478/2478/2478
f 2475/2475/2475 2476/2476/2476 2447/2447/2447
f 2447/2447/2447 2448/2448/2448 2475/2475/2475
f 2470/2470/2470 2471/2471/2471 2452/2452/2452
f 2452/2452/2452 2453/2453/2453 2470/2470/2470
f 2372/2372/2372 2482/2482/2482 2439/2439/2439
f 2439/2439/2439 2440/2440/2440 2372/2372/2372
f 2483/2483/2483 2484/2484/2484 2437/2437/2437
f 2437/2437/2437 2438/2438/2438 2483/2483/2483
f 2484/2484/2484 2485/2485/2485 2436/2436/2436
f 2436/2436/2436 2437/2437/2437 2484/2484/2484
f 2482/2482/2482 2483/2483/2483 2438/2438/2438
f 2438/2438/2438 2439/2439/2439 2482/2482/2482
f 2486/2486/2486 2487/2487/2487 2434/2434/2434
f 2434/2434/2434 2435/2435/2435 2486/2486/2486
f 2487/2487/2487 2488/2488/2488 2433/2433/2433
f 2433/2433/2433 2434/2434/2434 2487/2487/2487
f 2489/2489/2489 2490/2490/2490 2431/2431/2431
f 2431/2431/2431 2432/2432/2432 2489/2489/2489
f 2490/2490/2490 2491/2491/2491 2430/2430/2430
f 2430/2430/2430 2431/2431/2431 2490/2490/2490
f 2488/2488/2488 2489/2489/2489 2432/2432/2432
f 2432/2432/2432 2433/2433/2433 2488/2488/2488
f 2485/2485/2485 2486/2486/2486 2435/2435/2435
f 2435/2435/2435 2436/2436/2436 2485/2485/2485
f 2492/2492/2492 2493/2493/2493 2428/2428/2428
f 2428/2428/2428 2429/2429/2429 2492/2492/2492
f 2494/2494/2494 2495/2495/2495 2426/2426/2426
f 2426/2426/2426 2427/2427/2427 2494/2494/2494
f 2495/2495/2495 2496/2496/2496 2425/2425/2425
f 2425/2425/2425 2426/2426/2426 2495/2495/2495
f 2493/2493/2493 2494/2494/2494 2427/2427/2427
f 2427/2427/2427 2428/2428/2428 2493/2493/2493
f 2497/2497/2497 2498/2498/2498 2423/2423/2423
f 2423/2423/2423 2424/2424/2424 2497/2497/2497
f 2498/2498/2498 2499/2499/2499 2422/2422/2422
f 2422/2422/2422 2423/2423/2423 2498/2498/2498
f 2500/2500/2500 2501/2501/2501 2420/2420/2420
f 2420/2420/2420 2421/2421/2421 2500/2500/2500
f 2501/2501/2501 2373/2373/2373 2374/2374/2374
f 2374/2374/2374 2420/2420/2420 2501/2501/2501
f 2499/2499/2499 2500/2500/2500 2421/2421/2421
f 2421/2421/2421 2422/2422/2422 2499/2499/2499
f 2496/2496/2496 2497/2497/2497 2424/2424/2424
f 2424/2424/2424 2425/2425/2425 2496/2496/2496
f 2491/2491/2491 2492/2492/2492 2429/2429/2429
f 2429/2429/2429 2430/2430/2430 2491/2491/2491
f 2481/2481/2481 2372/2372/2372 2441/2441/2441
f 2441/2441/2441 2442/2442/2442 2481/2481/2481
f 2372/2372/2372 2440/2440/2440 2441/2441/2441
f 2419/2419/2419 2374/2374/2374 2373/2373/2373
f 2373/2373/2373 2502/2502/2502 2419/2419/2419
f 2503/2503/2503 2504/2504/2504 2417/2417/2417
f 2417/2417/2417 2418/2418/2418 2503/2503/2503
f 2504/2504/2504 2505/2505/2505 2416/2416/2416
f 2416/2416/2416 2417/2417/2417 2504/2504/2504
f 2502/2502/2502 2503/2503/2503 2418/2418/2418
f 2418/2418/2418 2419/2419/2419 2502/2502/2502
f 2506/2506/2506 2507/2507/2507 2414/2414/2414
f 2414/2414/2414 2415/2415/2415 2506/2506/2506
f 2508/2508/2508 2509/2509/2509 2412/2412/2412
f 2412/2412/2412 2413/2413/2413 2508/2508/2508
f 2509/2509/2509 2510/2510/2510 2411/2411/2411
f 2411/2411/2411 2412/2412/2412 2509/2509/2509
f 2507/2507/2507 2508/2508/2508 2413/2413/2413
f 2413/2413/2413 2414/2414/2414 2507/2507/2507
f 2505/2505/2505 2506/2506/2506 2415/2415/2415
f 2415/2415/2415 2416/2416/2416 2505/2505/2505
f 2511/2511/2511 2512/2512/2512 2409/2409/2409
f 2409/2409/2409 2410/2410/2410 2511/2511/2511
f 2513/2513/2513 2514/2514/2514 2407/2407/2407
f 2407/2407/2407 2408/2408/2408 2513/2513/2513
f 2512/2512/2512 2513/2513/2513 2408/2408/2408
f 2408/2408/2408 2409/2409/2409 2512/2512/2512
f 2514/2514/2514 2515/2515/2515 2406/2406/2406
f 2406/2406/2406 2407/2407/2407 2514/2514/2514
f 2510/2510/2510 2511/2511/2511 2410/2410/2410
f 2410/2410/2410 2411/2411/2411 2510/2510/2510
f 2515/2515/2515 2516/2516/2516 2405/2405/2405
f 2405/2405/2405 2406/2406/2406 2515/2515/2515
f 2516/2516/2516 2517/2517/2517 2404/2404/2404
f 2404/2404/2404 2405/2405/2405 2516/2516/2516
f 2518/2518/2518 2519/2519/2519 2402/2402/2402
f 2402/2402/2402 2403/2403/2403 2518/2518/2518
f 2519/2519/2519 2520/2520/2520 2401/2401/2401
f 2401/2401/2401 2402/2402/2402 2519/2519/2519
f 2517/2517/2517 2518/2518/2518 2403/2403/2403
f 2403/2403/2403 2404/2404/2404 2517/2517/2517
f 2520/2520/2520 2521/2521/2521 2400/2400/2400
f 2400/2400/2400 2401/2401/2401 2520/2520/2520
f 2521/2521/2521 2375/2375/2375 2399/2399/2399
f 2399/2399/2399 2400/2400/2400 2521/2521/2521
f 2522/2522/2522 2523/2523/2523 2396/2396/2396
f 2396/2396/2396 2397/2397/2397 2522/2522/2522
f 2523/2523/2523 2524/2524/2524 2395/2395/2395
f 2395/2395/2395 2396/2396/2396 2523/2523/2523
f 2375/2375/2375 2522/2522/2522 2397/2397/2397
f 2397/2397/2397 2398/2398/2398 2375/2375/2375
f 2525/2525/2525 2526/2526/2526 2393/2393/2393
f 2393/2393/2393 2394/2394/2394 2525/2525/2525
f 2526/2526/2526 2527/2527/2527 2392/2392/2392
f 2392/2392/2392 2393/2393/2393 2526/2526/2526
f 2528/2528/2528 2529/2529/2529 2390/2390/2390
f 2390/2390/2390 2391/2391/2391 2528/2528/2528
f 2529/2529/2529 2530/2530/2530 2389/2389/2389
f 2389/2389/2389 2390/2390/2390 2529/2529/2529
f 2527/2527/2527 2528/2528/2528 2391/2391/2391
f 2391/2391/2391 2392/2392/2392 2527/2527/2527
f 2524/2524/2524 2525/2525/2525 2394/2394/2394
f 2394/2394/2394 2395/2395/2395 2524/2524/2524
f 2531/2531/2531 2532/2532/2532 2387/2387/2387
f 2387/2387/2387 2388/2388/2388 2531/2531/2531
f 2533/2533/2533 2534/2534/2534 2385/2385/2385
f 2385/2385/2385 2386/2386/2386 2533/2533/2533
f 2534/2534/2534 2535/2535/2535 2384/2384/2384
f 2384/2384/2384 2385/2385/2385 2534/2534/2534
f 2532/2532/2532 2533/2533/2533 2386/2386/2386
f 2386/2386/2386 2387/2387/2387 2532/2532/2532
f 2536/2536/2536 2537/2537/2537 2382/2382/2382
f 2382/2382/2382 2383/2383/2383 2536/2536/2536
f 2537/2537/2537 2538/2538/2538 2381/2381/2381
f 2381/2381/2381 2382/2382/2382 2537/2537/2537
f 2539/2539/2539 2540/2540/2540 2379/2379/2379
f 2379/2379/2379 2380/2380/2380 2539/2539/2539
f 2540/2540/2540 2541/2541/2541 2378/2378/2378
f 2378/2378/2378 2379/2379/2379 2540/2540/2540
f 2538/2538/2538 2539/2539/2539 2380/2380/2380
f 2380/2380/2380 2381/2381/2381 2538/2538/2538
f 2535/2535/2535 2536/2536/2536 2383/2383/2383
f 2383/2383/2383 2384/2384/2384 2535/2535/2535
f 2530/2530/2530 2531/2531/2531 2388/2388/2388
f 2388/2388/2388 2389/2389/2389 2530/2530/2530
f 2541/2541/2541 2376/2376/2376 2377/2377/2377
f 2377/2377/2377 2378/2378/2378 2541/2541/2541
f 2398/2398/2398 2399/2399/2399 2375/2375/2375
f 2543/2543/2543 2548/2548/2548 2542/2542/2542
f 2708/2708/2708 2549/2549/2549 2548/2548/2548
f 2550/2550/2550 2708/2708/2708 2709/2709/2709
f 2709/2709/2709 2551/2551/2551 2550/2550/2550
f 2710/2710/2710 2553/2553/2553 2552/2552/2552
f 2551/2551/2551 2709/2709/2709 2710/2710/2710
f 2710/2710/2710 2552/2552/2552 2551/2551/2551
f 2708/2708/2708 2550/2550/2550 2549/2549/2549
f 2554/2554/2554 2712/2712/2712 2711/2711/2711
f 2711/2711/2711 2555/2555/2555 2554/2554/2554
f 2555/2555/2555 2711/2711/2711 2713/2713/2713
f 2713/2713/2713 2556/2556/2556 2555/2555/2555
f 2714/2714/2714 2558/2558/2558 2557/2557/2557
f 2559/2559/2559 2716/2716/2716 2715/2715/2715
f 2715/2715/2715 2560/2560/2560 2559/2559/2559
f 2558/2558/2558 2714/2714/2714 2716/2716/2716
f 2716/2716/2716 2559/2559/2559 2558/2558/2558
f 2713/2713/2713 2557/2557/2557 2556/2556/2556
f 2712/2712/2712 2554/2554/2554 2553/2553/2553
f 2708/2708/2708 2548/2548/2548 2707/2707/2707
f 2548/2548/2548 2543/2543/2543 2707/2707/2707
f 2708/2708/2708 2705/2705/2705 2704/2704/2704
f 2704/2704/2704 2709/2709/2709 2708/2708/2708
f 2710/2710/2710 2702/2702/2702 2701/2701/2701
f 2701/2701/2701 2712/2712/2712 2710/2710/2710
f 2712/2712/2712 2553/2553/2553 2710/2710/2710
f 2711/2711/2711 2700/2700/2700 2699/2699/2699
f 2699/2699/2699 2713/2713/2713 2711/2711/2711
f 2712/2712/2712 2701/2701/2701 2700/2700/2700
f 2700/2700/2700 2711/2711/2711 2712/2712/2712
f 2709/2709/2709 2704/2704/2704 2703/2703/2703
f 2703/2703/2703 2710/2710/2710 2709/2709/2709
f 2557/2557/2557 2713/2713/2713 2714/2714/2714
f 2562/2562/2562 2561/2561/2561 2717/2717/2717
f 2716/2716/2716 2696/2696/2696 2695/2695/2695
f 2695/2695/2695 2715/2715/2715 2716/2716/2716
f 2717/2717/2717 2693/2693/2693 2692/2692/2692
f 2692/2692/2692 2718/2718/2718 2717/2717/2717
f 2718/2718/2718 2563/2563/2563 2562/2562/2562
f 2562/2562/2562 2717/2717/2717 2718/2718/2718
f 2717/2717/2717 2561/2561/2561 2560/2560/2560
f 2560/2560/2560 2715/2715/2715 2717/2717/2717
f 2715/2715/2715 2694/2694/2694 2693/2693/2693
f 2693/2693/2693 2717/2717/2717 2715/2715/2715
f 2714/2714/2714 2697/2697/2697 2696/2696/2696
f 2696/2696/2696 2716/2716/2716 2714/2714/2714
f 2713/2713/2713 2698/2698/2698 2697/2697/2697
f 2697/2697/2697 2714/2714/2714 2713/2713/2713
f 2563/2563/2563 2718/2718/2718 2719/2719/2719
f 2719/2719/2719 2564/2564/2564 2563/2563/2563
f 2564/2564/2564 2719/2719/2719 2720/2720/2720
f 2720/2720/2720 2565/2565/2565 2564/2564/2564
f 2721/2721/2721 2567/2567/2567 2566/2566/2566
f 2567/2567/2567 2721/2721/2721 2722/2722/2722
f 2722/2722/2722 2568/2568/2568 2567/2567/2567
f 2720/2720/2720 2566/2566/2566 2565/2565/2565
f 2570/2570/2570 2569/2569/2569 2723/2723/2723
f 2571/2571/2571 2570/2570/2570 2724/2724/2724
f 2572/2572/2572 2726/2726/2726 2725/2725/2725
f 2725/2725/2725 2573/2573/2573 2572/2572/2572
f 2575/2575/2575 2574/2574/2574 2727/2727/2727
f 2574/2574/2574 2573/2573/2573 2725/2725/2725
f 2571/2571/2571 2724/2724/2724 2726/2726/2726
f 2726/2726/2726 2572/2572/2572 2571/2571/2571
f 2568/2568/2568 2722/2722/2722 2723/2723/2723
f 2723/2723/2723 2569/2569/2569 2568/2568/2568
f 2576/2576/2576 2729/2729/2729 2728/2728/2728
f 2728/2728/2728 2577/2577/2577 2576/2576/2576
f 2578/2578/2578 2577/2577/2577 2728/2728/2728
f 2719/2719/2719 2690/2690/2690 2689/2689/2689
f 2689/2689/2689 2720/2720/2720 2719/2719/2719
f 2579/2579/2579 2731/2731/2731 2730/2730/2730
f 2730/2730/2730 2580/2580/2580 2579/2579/2579
f 2721/2721/2721 2566/2566/2566 2720/2720/2720
f 2731/2731/2731 2579/2579/2579 2578/2578/2578
f 2720/2720/2720 2689/2689/2689 2688/2688/2688
f 2688/2688/2688 2721/2721/2721 2720/2720/2720
f 2575/2575/2575 2727/2727/2727 2729/2729/2729
f 2729/2729/2729 2576/2576/2576 2575/2575/2575
f 2580/2580/2580 2730/2730/2730 2732/2732/2732
f 2732/2732/2732 2581/2581/2581 2580/2580/2580
f 2581/2581/2581 2732/2732/2732 2733/2733/2733
f 2733/2733/2733 2582/2582/2582 2581/2581/2581
f 2584/2584/2584 2583/2583/2583 2734/2734/2734
f 2585/2585/2585 2736/2736/2736 2735/2735/2735
f 2735/2735/2735 2586/2586/2586 2585/2585/2585
f 2584/2584/2584 2734/2734/2734 2736/2736/2736
f 2736/2736/2736 2585/2585/2585 2584/2584/2584
f 2583/2583/2583 2582/2582/2582 2733/2733/2733
f 2587/2587/2587 2586/2586/2586 2735/2735/2735
f 2718/2718/2718 2692/2692/2692 2691/2691/2691
f 2691/2691/2691 2719/2719/2719 2718/2718/2718
f 2707/2707/2707 2543/2543/2543 2544/2544/2544
f 2706/2706/2706 2708/2708/2708 2707/2707/2707
f 2702/2702/2702 2710/2710/2710 2703/2703/2703
f 2706/2706/2706 2705/2705/2705 2708/2708/2708
f 2570/2570/2570 2723/2723/2723 2724/2724/2724
f 2722/2722/2722 2686/2686/2686 2685/2685/2685
f 2685/2685/2685 2723/2723/2723 2722/2722/2722
f 2698/2698/2698 2713/2713/2713 2699/2699/2699
f 2723/2723/2723 2685/2685/2685 2684/2684/2684
f 2684/2684/2684 2724/2724/2724 2723/2723/2723
f 2721/2721/2721 2688/2688/2688 2687/2687/2687
f 2687/2687/2687 2722/2722/2722 2721/2721/2721
f 2695/2695/2695 2694/2694/2694 2715/2715/2715
f 2722/2722/2722 2687/2687/2687 2686/2686/2686
f 2691/2691/2691 2690/2690/2690 2719/2719/2719
f 2684/2684/2684 2683/2683/2683 2724/2724/2724
f 2726/2726/2726 2682/2682/2682 2681/2681/2681
f 2681/2681/2681 2725/2725/2725 2726/2726/2726
f 2574/2574/2574 2725/2725/2725 2727/2727/2727
f 2682/2682/2682 2726/2726/2726 2683/2683/2683
f 2727/2727/2727 2679/2679/2679 2678/2678/2678
f 2678/2678/2678 2729/2729/2729 2727/2727/2727
f 2725/2725/2725 2681/2681/2681 2680/2680/2680
f 2680/2680/2680 2727/2727/2727 2725/2725/2725
f 2729/2729/2729 2678/2678/2678 2677/2677/2677
f 2677/2677/2677 2728/2728/2728 2729/2729/2729
f 2724/2724/2724 2683/2683/2683 2726/2726/2726
f 2728/2728/2728 2677/2677/2677 2676/2676/2676
f 2676/2676/2676 2731/2731/2731 2728/2728/2728
f 2731/2731/2731 2675/2675/2675 2674/2674/2674
f 2674/2674/2674 2730/2730/2730 2731/2731/2731
f 2732/2732/2732 2673/2673/2673 2672/2672/2672
f 2672/2672/2672 2733/2733/2733 2732/2732/2732
f 2583/2583/2583 2733/2733/2733 2734/2734/2734
f 2734/2734/2734 2670/2670/2670 2669/2669/2669
f 2669/2669/2669 2736/2736/2736 2734/2734/2734
f 2733/2733/2733 2671/2671/2671 2670/2670/2670
f 2670/2670/2670 2734/2734/2734 2733/2733/2733
f 2730/2730/2730 2674/2674/2674 2673/2673/2673
f 2673/2673/2673 2732/2732/2732 2730/2730/2730
f 2731/2731/2731 2578/2578/2578 2728/2728/2728
f 2736/2736/2736 2669/2669/2669 2668/2668/2668
f 2668/2668/2668 2735/2735/2735 2736/2736/2736
f 2727/2727/2727 2680/2680/2680 2679/2679/2679
f 2731/2731/2731 2676/2676/2676 2675/2675/2675
f 2671/2671/2671 2733/2733/2733 2672/2672/2672
f 2667/2667/2667 2735/2735/2735 2668/2668/2668
f 2737/2737/2737 2588/2588/2588 2587/2587/2587
f 2587/2587/2587 2735/2735/2735 2737/2737/2737
f 2588/2588/2588 2737/2737/2737 2738/2738/2738
f 2738/2738/2738 2589/2589/2589 2588/2588/2588
f 2589/2589/2589 2738/2738/2738 2739/2739/2739
f 2739/2739/2739 2590/2590/2590 2589/2589/2589
f 2740/2740/2740 2592/2592/2592 2591/2591/2591
f 2593/2593/2593 2742/2742/2742 2741/2741/2741
f 2741/2741/2741 2594/2594/2594 2593/2593/2593
f 2592/2592/2592 2740/2740/2740 2742/2742/2742
f 2742/2742/2742 2593/2593/2593 2592/2592/2592
f 2739/2739/2739 2591/2591/2591 2590/2590/2590
f 2743/2743/2743 2596/2596/2596 2595/2595/2595
f 2596/2596/2596 2743/2743/2743 2744/2744/2744
f 2744/2744/2744 2597/2597/2597 2596/2596/2596
f 2745/2745/2745 2599/2599/2599 2598/2598/2598
f 2600/2600/2600 2747/2747/2747 2746/2746/2746
f 2746/2746/2746 2601/2601/2601 2600/2600/2600
f 2747/2747/2747 2600/2600/2600 2599/2599/2599
f 2597/2597/2597 2744/2744/2744 2745/2745/2745
f 2745/2745/2745 2598/2598/2598 2597/2597/2597
f 2741/2741/2741 2595/2595/2595 2594/2594/2594
f 2737/2737/2737 2666/2666/2666 2665/2665/2665
f 2665/2665/2665 2738/2738/2738 2737/2737/2737
f 2738/2738/2738 2665/2665/2665 2664/2664/2664
f 2664/2664/2664 2739/2739/2739 2738/2738/2738
f 2740/2740/2740 2662/2662/2662 2661/2661/2661
f 2661/2661/2661 2742/2742/2742 2740/2740/2740
f 2741/2741/2741 2659/2659/2659 2658/2658/2658
f 2658/2658/2658 2743/2743/2743 2741/2741/2741
f 2743/2743/2743 2595/2595/2595 2741/2741/2741
f 2742/2742/2742 2661/2661/2661 2660/2660/2660
f 2660/2660/2660 2741/2741/2741 2742/2742/2742
f 2739/2739/2739 2740/2740/2740 2591/2591/2591
f 2739/2739/2739 2663/2663/2663 2662/2662/2662
f 2662/2662/2662 2740/2740/2740 2739/2739/2739
f 2602/2602/2602 2749/2749/2749 2748/2748/2748
f 2748/2748/2748 2603/2603/2603 2602/2602/2602
f 2745/2745/2745 2655/2655/2655 2654/2654/2654
f 2654/2654/2654 2747/2747/2747 2745/2745/2745
f 2747/2747/2747 2599/2599/2599 2745/2745/2745
f 2746/2746/2746 2653/2653/2653 2652/2652/2652
f 2652/2652/2652 2749/2749/2749 2746/2746/2746
f 2749/2749/2749 2602/2602/2602 2601/2601/2601
f 2601/2601/2601 2746/2746/2746 2749/2749/2749
f 2747/2747/2747 2654/2654/2654 2653/2653/2653
f 2653/2653/2653 2746/2746/2746 2747/2747/2747
f 2744/2744/2744 2657/2657/2657 2656/2656/2656
f 2656/2656/2656 2745/2745/2745 2744/2744/2744
f 2743/2743/2743 2658/2658/2658 2657/2657/2657
f 2657/2657/2657 2744/2744/2744 2743/2743/2743
f 2735/2735/2735 2667/2667/2667 2666/2666/2666
f 2666/2666/2666 2737/2737/2737 2735/2735/2735
f 2750/2750/2750 2605/2605/2605 2604/2604/2604
f 2605/2605/2605 2750/2750/2750 2751/2751/2751
f 2751/2751/2751 2606/2606/2606 2605/2605/2605
f 2752/2752/2752 2608/2608/2608 2607/2607/2607
f 2609/2609/2609 2608/2608/2608 2753/2753/2753
f 2753/2753/2753 2608/2608/2608 2752/2752/2752
f 2606/2606/2606 2751/2751/2751 2752/2752/2752
f 2752/2752/2752 2607/2607/2607 2606/2606/2606
f 2610/2610/2610 2755/2755/2755 2754/2754/2754
f 2754/2754/2754 2611/2611/2611 2610/2610/2610
f 2612/2612/2612 2611/2611/2611 2754/2754/2754
f 2613/2613/2613 2757/2757/2757 2756/2756/2756
f 2756/2756/2756 2614/2614/2614 2613/2613/2613
f 2616/2616/2616 2615/2615/2615 2758/2758/2758
f 2614/2614/2614 2756/2756/2756 2758/2758/2758
f 2758/2758/2758 2615/2615/2615 2614/2614/2614
f 2613/2613/2613 2612/2612/2612 2757/2757/2757
f 2609/2609/2609 2753/2753/2753 2755/2755/2755
f 2755/2755/2755 2610/2610/2610 2609/2609/2609
f 2617/2617/2617 2760/2760/2760 2759/2759/2759
f 2759/2759/2759 2618/2618/2618 2617/2617/2617
f 2618/2618/2618 2759/2759/2759 2761/2761/2761
f 2761/2761/2761 2619/2619/2619 2618/2618/2618
f 2748/2748/2748 2650/2650/2650 2649/2649/2649
f 2649/2649/2649 2750/2750/2750 2748/2748/2748
f 2750/2750/2750 2604/2604/2604 2748/2748/2748
f 2751/2751/2751 2647/2647/2647 2646/2646/2646
f 2646/2646/2646 2752/2752/2752 2751/2751/2751
f 2750/2750/2750 2649/2649/2649 2648/2648/2648
f 2648/2648/2648 2751/2751/2751 2750/2750/2750
f 2620/2620/2620 2619/2619/2619 2761/2761/2761
f 2760/2760/2760 2617/2617/2617 2616/2616/2616
f 2621/2621/2621 2620/2620/2620 2762/2762/2762
f 2621/2621/2621 2762/2762/2762 2763/2763/2763
f 2763/2763/2763 2622/2622/2622 2621/2621/2621
f 2623/2623/2623 2765/2765/2765 2764/2764/2764
f 2764/2764/2764 2624/2624/2624 2623/2623/2623
f 2626/2626/2626 2625/2625/2625 2766/2766/2766
f 2625/2625/2625 2624/2624/2624 2764/2764/2764
f 2622/2622/2622 2763/2763/2763 2765/2765/2765
f 2765/2765/2765 2623/2623/2623 2622/2622/2622
f 2626/2626/2626 2766/2766/2766 2546/2546/2546
f 2546/2546/2546 2545/2545/2545 2626/2626/2626
f 2603/2603/2603 2748/2748/2748 2604/2604/2604
f 2749/2749/2749 2651/2651/2651 2650/2650/2650
f 2650/2650/2650 2748/2748/2748 2749/2749/2749
f 2663/2663/2663 2739/2739/2739 2664/2664/2664
f 2659/2659/2659 2741/2741/2741 2660/2660/2660
f 2655/2655/2655 2745/2745/2745 2656/2656/2656
f 2753/2753/2753 2645/2645/2645 2644/2644/2644
f 2644/2644/2644 2755/2755/2755 2753/2753/2753
f 2752/2752/2752 2646/2646/2646 2645/2645/2645
f 2645/2645/2645 2753/2753/2753 2752/2752/2752
f 2651/2651/2651 2749/2749/2749 2652/2652/2652
f 2647/2647/2647 2751/2751/2751 2648/2648/2648
f 2642/2642/2642 2754/2754/2754 2755/2755/2755
f 2755/2755/2755 2643/2643/2643 2642/2642/2642
f 2643/2643/2643 2755/2755/2755 2644/2644/2644
f 2754/2754/2754 2642/2642/2642 2641/2641/2641
f 2641/2641/2641 2757/2757/2757 2754/2754/2754
f 2612/2612/2612 2754/2754/2754 2757/2757/2757
f 2640/2640/2640 2757/2757/2757 2641/2641/2641
f 2756/2756/2756 2639/2639/2639 2638/2638/2638
f 2638/2638/2638 2758/2758/2758 2756/2756/2756
f 2757/2757/2757 2640/2640/2640 2639/2639/2639
f 2639/2639/2639 2756/2756/2756 2757/2757/2757
f 2758/2758/2758 2638/2638/2638 2637/2637/2637
f 2637/2637/2637 2760/2760/2760 2758/2758/2758
f 2760/2760/2760 2616/2616/2616 2758/2758/2758
f 2760/2760/2760 2636/2636/2636 2635/2635/2635
f 2635/2635/2635 2759/2759/2759 2760/2760/2760
f 2759/2759/2759 2635/2635/2635 2634/2634/2634
f 2634/2634/2634 2761/2761/2761 2759/2759/2759
f 2620/2620/2620 2761/2761/2761 2762/2762/2762
f 2761/2761/2761 2634/2634/2634 2633/2633/2633
f 2633/2633/2633 2762/2762/2762 2761/2761/2761
f 2763/2763/2763 2631/2631/2631 2630/2630/2630
f 2630/2630/2630 2765/2765/2765 2763/2763/2763
f 2764/2764/2764 2628/2628/2628 2627/2627/2627
f 2627/2627/2627 2766/2766/2766 2764/2764/2764
f 2766/2766/2766 2625/2625/2625 2764/2764/2764
f 2765/2765/2765 2630/2630/2630 2629/2629/2629
f 2629/2629/2629 2764/2764/2764 2765/2765/2765
f 2762/2762/2762 2632/2632/2632 2631/2631/2631
f 2631/2631/2631 2763/2763/2763 2762/2762/2762
f 2766/2766/2766 2627/2627/2627 2547/2547/2547
f 2547/2547/2547 2546/2546/2546 2766/2766/2766
f 2760/2760/2760 2637/2637/2637 2636/2636/2636
f 2762/2762/2762 2633/2633/2633 2632/2632/2632
f 2764/2764/2764 2629/2629/2629 2628/2628/2628
f 2861/2861/2861 2791/2791/2791 2860/2860/2860
f 2859/2859/2859 2860/2860/2860 2791/2791/2791
f 2790/2790/2790 2791/2791/2791 2862/2862/2862
f 2791/2791/2791 2861/2861/2861 2862/2862/2862
f 2863/2863/2863 2790/2790/2790 2862/2862/2862
f 2857/2857/2857 2792/2792/2792 2856/2856/2856
f 2793/2793/2793 2856/2856/2856 2792/2792/2792
f 2792/2792/2792 2858/2858/2858 2859/2859/2859
f 2792/2792/2792 2857/2857/2857 2858/2858/2858
f 2791/2791/2791 2792/2792/2792 2859/2859/2859
f 2788/2788/2788 2789/2789/2789 2868/2868/2868
f 2867/2867/2867 2868/2868/2868 2789/2789/2789
f 2870/2870/2870 2788/2788/2788 2869/2869/2869
f 2868/2868/2868 2869/2869/2869 2788/2788/2788
f 2871/2871/2871 2788/2788/2788 2870/2870/2870
f 2865/2865/2865 2790/2790/2790 2864/2864/2864
f 2863/2863/2863 2864/2864/2864 2790/2790/2790
f 2866/2866/2866 2867/2867/2867 2789/2789/2789
f 2865/2865/2865 2866/2866/2866 2789/2789/2789
f 2865/2865/2865 2789/2789/2789 2790/2790/2790
f 2845/2845/2845 2796/2796/2796 2844/2844/2844
f 2843/2843/2843 2844/2844/2844 2796/2796/2796
f 2795/2795/2795 2796/2796/2796 2846/2846/2846
f 2796/2796/2796 2845/2845/2845 2846/2846/2846
f 2847/2847/2847 2795/2795/2795 2846/2846/2846
f 2841/2841/2841 2797/2797/2797 2840/2840/2840
f 2798/2798/2798 2840/2840/2840 2797/2797/2797
f 2797/2797/2797 2842/2842/2842 2843/2843/2843
f 2797/2797/2797 2841/2841/2841 2842/2842/2842
f 2796/2796/2796 2797/2797/2797 2843/2843/2843
f 2853/2853/2853 2794/2794/2794 2852/2852/2852
f 2854/2854/2854 2855/2855/2855 2793/2793/2793
f 2856/2856/2856 2793/2793/2793 2855/2855/2855
f 2853/2853/2853 2854/2854/2854 2793/2793/2793
f 2793/2793/2793 2794/2794/2794 2853/2853/2853
f 2848/2848/2848 2849/2849/2849 2795/2795/2795
f 2794/2794/2794 2795/2795/2795 2849/2849/2849
f 2847/2847/2847 2848/2848/2848 2795/2795/2795
f 2851/2851/2851 2794/2794/2794 2850/2850/2850
f 2849/2849/2849 2850/2850/2850 2794/2794/2794
f 2852/2852/2852 2794/2794/2794 2851/2851/2851
f 2787/2787/2787 2871/2871/2871 2872/2872/2872
f 2874/2874/2874 2786/2786/2786 2787/2787/2787
f 2872/2872/2872 2873/2873/2873 2787/2787/2787
f 2873/2873/2873 2874/2874/2874 2787/2787/2787
f 2788/2788/2788 2871/2871/2871 2787/2787/2787
f 2786/2786/2786 2874/2874/2874 2875/2875/2875
f 2785/2785/2785 2786/2786/2786 2877/2877/2877
f 2786/2786/2786 2876/2876/2876 2877/2877/2877
f 2786/2786/2786 2875/2875/2875 2876/2876/2876
f 2878/2878/2878 2785/2785/2785 2877/2877/2877
f 2880/2880/2880 2785/2785/2785 2879/2879/2879
f 2878/2878/2878 2879/2879/2879 2785/2785/2785
f 2784/2784/2784 2880/2880/2880 2881/2881/2881
f 2882/2882/2882 2784/2784/2784 2881/2881/2881
f 2785/2785/2785 2880/2880/2880 2784/2784/2784
f 2783/2783/2783 2883/2883/2883 2884/2884/2884
f 2784/2784/2784 2883/2883/2883 2783/2783/2783
f 2886/2886/2886 2783/2783/2783 2885/2885/2885
f 2884/2884/2884 2885/2885/2885 2783/2783/2783
f 2782/2782/2782 2783/2783/2783 2886/2886/2886
f 2882/2882/2882 2883/2883/2883 2784/2784/2784
f 2782/2782/2782 2887/2887/2887 2888/2888/2888
f 2889/2889/2889 2781/2781/2781 2782/2782/2782
f 2888/2888/2888 2889/2889/2889 2782/2782/2782
f 2890/2890/2890 2781/2781/2781 2889/2889/2889
f 2886/2886/2886 2887/2887/2887 2782/2782/2782
f 2892/2892/2892 2781/2781/2781 2891/2891/2891
f 2890/2890/2890 2891/2891/2891 2781/2781/2781
f 2780/2780/2780 2781/2781/2781 2893/2893/2893
f 2781/2781/2781 2892/2892/2892 2893/2893/2893
f 2894/2894/2894 2780/2780/2780 2893/2893/2893
f 2896/2896/2896 2780/2780/2780 2895/2895/2895
f 2894/2894/2894 2895/2895/2895 2780/2780/2780
f 2779/2779/2779 2896/2896/2896 2897/2897/2897
f 2898/2898/2898 2779/2779/2779 2897/2897/2897
f 2780/2780/2780 2896/2896/2896 2779/2779/2779
f 2778/2778/2778 2899/2899/2899 2900/2900/2900
f 2779/2779/2779 2899/2899/2899 2778/2778/2778
f 2902/2902/2902 2778/2778/2778 2901/2901/2901
f 2900/2900/2900 2901/2901/2901 2778/2778/2778
f 2777/2777/2777 2778/2778/2778 2902/2902/2902
f 2898/2898/2898 2899/2899/2899 2779/2779/2779
f 2838/2838/2838 2839/2839/2839 2798/2798/2798
f 2840/2840/2840 2798/2798/2798 2839/2839/2839
f 2798/2798/2798 2837/2837/2837 2838/2838/2838
f 2837/2837/2837 2799/2799/2799 2836/2836/2836
f 2799/2799/2799 2837/2837/2837 2798/2798/2798
f 2836/2836/2836 2799/2799/2799 2835/2835/2835
f 2834/2834/2834 2835/2835/2835 2799/2799/2799
f 2833/2833/2833 2834/2834/2834 2800/2800/2800
f 2799/2799/2799 2800/2800/2800 2834/2834/2834
f 2832/2832/2832 2833/2833/2833 2800/2800/2800
f 2831/2831/2831 2832/2832/2832 2800/2800/2800
f 2829/2829/2829 2830/2830/2830 2801/2801/2801
f 2831/2831/2831 2801/2801/2801 2830/2830/2830
f 2828/2828/2828 2829/2829/2829 2801/2801/2801
f 2831/2831/2831 2800/2800/2800 2801/2801/2801
f 2827/2827/2827 2828/2828/2828 2802/2802/2802
f 2801/2801/2801 2802/2802/2802 2828/2828/2828
f 2826/2826/2826 2827/2827/2827 2802/2802/2802
f 2802/2802/2802 2825/2825/2825 2826/2826/2826
f 2825/2825/2825 2803/2803/2803 2824/2824/2824
f 2803/2803/2803 2825/2825/2825 2802/2802/2802
f 2824/2824/2824 2803/2803/2803 2823/2823/2823
f 2822/2822/2822 2823/2823/2823 2803/2803/2803
f 2822/2822/2822 2804/2804/2804 2821/2821/2821
f 2821/2821/2821 2804/2804/2804 2820/2820/2820
f 2803/2803/2803 2804/2804/2804 2822/2822/2822
f 2820/2820/2820 2804/2804/2804 2819/2819/2819
f 2805/2805/2805 2819/2819/2819 2804/2804/2804
f 2817/2817/2817 2818/2818/2818 2805/2805/2805
f 2819/2819/2819 2805/2805/2805 2818/2818/2818
f 2816/2816/2816 2817/2817/2817 2805/2805/2805
f 2806/2806/2806 2815/2815/2815 2816/2816/2816
f 2813/2813/2813 2814/2814/2814 2806/2806/2806
f 2815/2815/2815 2806/2806/2806 2814/2814/2814
f 2807/2807/2807 2813/2813/2813 2806/2806/2806
f 2806/2806/2806 2816/2816/2816 2805/2805/2805
f 2811/2811/2811 2812/2812/2812 2807/2807/2807
f 2813/2813/2813 2807/2807/2807 2812/2812/2812
f 2810/2810/2810 2811/2811/2811 2807/2807/2807
f 2810/2810/2810 2767/2767/2767 2809/2809/2809
f 2809/2809/2809 2767/2767/2767 2808/2808/2808
f 2807/2807/2807 2767/2767/2767 2810/2810/2810
f 2774/2774/2774 2913/2913/2913 2914/2914/2914
f 2774/2774/2774 2911/2911/2911 2912/2912/2912
f 2913/2913/2913 2774/2774/2774 2912/2912/2912
f 2775/2775/2775 2911/2911/2911 2774/2774/2774
f 2774/2774/2774 2914/2914/2914 2773/2773/2773
f 2772/2772/2772 2773/2773/2773 2917/2917/2917
f 2773/2773/2773 2915/2915/2915 2916/2916/2916
f 2917/2917/2917 2773/2773/2773 2916/2916/2916
f 2914/2914/2914 2915/2915/2915 2773/2773/2773
f 2772/2772/2772 2917/2917/2917 2918/2918/2918
f 2776/2776/2776 2777/2777/2777 2905/2905/2905
f 2777/2777/2777 2903/2903/2903 2904/2904/2904
f 2905/2905/2905 2777/2777/2777 2904/2904/2904
f 2902/2902/2902 2903/2903/2903 2777/2777/2777
f 2776/2776/2776 2905/2905/2905 2906/2906/2906
f 2775/2775/2775 2909/2909/2909 2910/2910/2910
f 2911/2911/2911 2775/2775/2775 2910/2910/2910
f 2908/2908/2908 2909/2909/2909 2775/2775/2775
f 2908/2908/2908 2776/2776/2776 2907/2907/2907
f 2906/2906/2906 2907/2907/2907 2776/2776/2776
f 2775/2775/2775 2776/2776/2776 2908/2908/2908
f 2768/2768/2768 2769/2769/2769 2929/2929/2929
f 2769/2769/2769 2927/2927/2927 2928/2928/2928
f 2929/2929/2929 2769/2769/2769 2928/2928/2928
f 2926/2926/2926 2927/2927/2927 2769/2769/2769
f 2768/2768/2768 2929/2929/2929 2930/2930/2930
f 2932/2932/2932 2933/2933/2933 2767/2767/2767
f 2768/2768/2768 2931/2931/2931 2932/2932/2932
f 2767/2767/2767 2768/2768/2768 2932/2932/2932
f 2930/2930/2930 2931/2931/2931 2768/2768/2768
f 2921/2921/2921 2771/2771/2771 2920/2920/2920
f 2920/2920/2920 2772/2772/2772 2919/2919/2919
f 2918/2918/2918 2919/2919/2919 2772/2772/2772
f 2920/2920/2920 2771/2771/2771 2772/2772/2772
f 2771/2771/2771 2921/2921/2921 2922/2922/2922
f 2770/2770/2770 2925/2925/2925 2926/2926/2926
f 2769/2769/2769 2770/2770/2770 2926/2926/2926
f 2924/2924/2924 2925/2925/2925 2770/2770/2770
f 2770/2770/2770 2923/2923/2923 2924/2924/2924
f 2922/2922/2922 2923/2923/2923 2771/2771/2771
f 2771/2771/2771 2923/2923/2923 2770/2770/2770
f 2933/2933/2933 2808/2808/2808 2767/2767/2767
f 2934/2934/2934 2935/2935/2935 3145/3145/3145
f 3145/3145/3145 2941/2941/2941 2934/2934/2934
f 3145/3145/3145 2942/2942/2942 2941/2941/2941
f 2943/2943/2943 3144/3144/3144 3143/3143/3143
f 3143/3143/3143 2944/2944/2944 2943/2943/2943
f 3143/3143/3143 2945/2945/2945 2944/2944/2944
f 3144/3144/3144 2943/2943/2943 2942/2942/2942
f 2946/2946/2946 3142/3142/3142 3141/3141/3141
f 3141/3141/3141 2947/2947/2947 2946/2946/2946
f 3141/3141/3141 2948/2948/2948 2947/2947/2947
f 2949/2949/2949 3140/3140/3140 3139/3139/3139
f 3139/3139/3139 2950/2950/2950 2949/2949/2949
f 3138/3138/3138 2952/2952/2952 2951/2951/2951
f 3139/3139/3139 2951/2951/2951 2950/2950/2950
f 3140/3140/3140 2949/2949/2949 2948/2948/2948
f 3142/3142/3142 2946/2946/2946 2945/2945/2945
f 2953/2953/2953 3137/3137/3137 3136/3136/3136
f 3136/3136/3136 2954/2954/2954 2953/2953/2953
f 3136/3136/3136 2955/2955/2955 2954/2954/2954
f 2956/2956/2956 3135/3135/3135 3134/3134/3134
f 3134/3134/3134 2957/2957/2957 2956/2956/2956
f 3134/3134/3134 2958/2958/2958 2957/2957/2957
f 3135/3135/3135 2956/2956/2956 2955/2955/2955
f 2959/2959/2959 3133/3133/3133 3132/3132/3132
f 3132/3132/3132 2960/2960/2960 2959/2959/2959
f 3132/3132/3132 2961/2961/2961 2960/2960/2960
f 2962/2962/2962 3131/3131/3131 3130/3130/3130
f 3130/3130/3130 2963/2963/2963 2962/2962/2962
f 3129/3129/3129 2965/2965/2965 2964/2964/2964
f 3130/3130/3130 2964/2964/2964 2963/2963/2963
f 3131/3131/3131 2962/2962/2962 2961/2961/2961
f 3133/3133/3133 2959/2959/2959 2958/2958/2958
f 2952/2952/2952 3138/3138/3138 3137/3137/3137
f 3137/3137/3137 2953/2953/2953 2952/2952/2952
f 2966/2966/2966 3128/3128/3128 3127/3127/3127
f 3127/3127/3127 2967/2967/2967 2966/2966/2966
f 3127/3127/3127 2968/2968/2968 2967/2967/2967
f 2969/2969/2969 3126/3126/3126 3125/3125/3125
f 3125/3125/3125 2970/2970/2970 2969/2969/2969
f 3125/3125/3125 2971/2971/2971 2970/2970/2970
f 3126/3126/3126 2969/2969/2969 2968/2968/2968
f 2972/2972/2972 3124/3124/3124 3123/3123/3123
f 3123/3123/3123 2973/2973/2973 2972/2972/2972
f 3123/3123/3123 2974/2974/2974 2973/2973/2973
f 2975/2975/2975 3122/3122/3122 3121/3121/3121
f 3121/3121/3121 2976/2976/2976 2975/2975/2975
f 3120/3120/3120 2978/2978/2978 2977/2977/2977
f 2976/2976/2976 3121/3121/3121 3120/3120/3120
f 3120/3120/3120 2977/2977/2977 2976/2976/2976
f 3122/3122/3122 2975/2975/2975 2974/2974/2974
f 3124/3124/3124 2972/2972/2972 2971/2971/2971
f 2979/2979/2979 3119/3119/3119 3118/3118/3118
f 3118/3118/3118 2980/2980/2980 2979/2979/2979
f 3118/3118/3118 2981/2981/2981 2980/2980/2980
f 2982/2982/2982 3117/3117/3117 3116/3116/3116
f 3116/3116/3116 2983/2983/2983 2982/2982/2982
f 3115/3115/3115 2985/2985/2985 2984/2984/2984
f 3116/3116/3116 2984/2984/2984 2983/2983/2983
f 3117/3117/3117 2982/2982/2982 2981/2981/2981
f 3114/3114/3114 2987/2987/2987 2986/2986/2986
f 3113/3113/3113 2988/2988/2988 2987/2987/2987
f 2989/2989/2989 3112/3112/3112 3111/3111/3111
f 3111/3111/3111 2990/2990/2990 2989/2989/2989
f 3110/3110/3110 2992/2992/2992 2991/2991/2991
f 3111/3111/3111 2991/2991/2991 2990/2990/2990
f 2988/2988/2988 3113/3113/3113 3112/3112/3112
f 3112/3112/3112 2989/2989/2989 2988/2988/2988
f 2985/2985/2985 3115/3115/3115 3114/3114/3114
f 3114/3114/3114 2986/2986/2986 2985/2985/2985
f 3119/3119/3119 2979/2979/2979 2978/2978/2978
f 2965/2965/2965 3129/3129/3129 3128/3128/3128
f 3128/3128/3128 2966/2966/2966 2965/2965/2965
f 3144/3144/3144 2942/2942/2942 3145/3145/3145
f 3142/3142/3142 2945/2945/2945 3143/3143/3143
f 3138/3138/3138 2951/2951/2951 3139/3139/3139
f 3136/3136/3136 3135/3135/3135 2955/2955/2955
f 3141/3141/3141 3140/3140/3140 2948/2948/2948
f 3131/3131/3131 2961/2961/2961 3132/3132/3132
f 3129/3129/3129 2964/2964/2964 3130/3130/3130
f 3126/3126/3126 2968/2968/2968 3127/3127/3127
f 3123/3123/3123 3122/3122/3122 2974/2974/2974
f 3125/3125/3125 3124/3124/3124 2971/2971/2971
f 3134/3134/3134 3133/3133/3133 2958/2958/2958
f 3118/3118/3118 3117/3117/3117 2981/2981/2981
f 2994/2994/2994 2993/2993/2993 3109/3109/3109
f 3119/3119/3119 2978/2978/2978 3120/3120/3120
f 2995/2995/2995 2994/2994/2994 3108/3108/3108
f 2995/2995/2995 3108/3108/3108 3107/3107/3107
f 3107/3107/3107 2996/2996/2996 2995/2995/2995
f 2997/2997/2997 2996/2996/2996 3107/3107/3107
f 2998/2998/2998 3106/3106/3106 3105/3105/3105
f 3105/3105/3105 2999/2999/2999 2998/2998/2998
f 3001/3001/3001 3000/3000/3000 3104/3104/3104
f 3000/3000/3000 2999/2999/2999 3105/3105/3105
f 2998/2998/2998 2997/2997/2997 3106/3106/3106
f 2937/2937/2937 2936/2936/2936 3001/3001/3001
f 3001/3001/3001 3104/3104/3104 2937/2937/2937
f 3115/3115/3115 2984/2984/2984 3116/3116/3116
f 3113/3113/3113 2987/2987/2987 3114/3114/3114
f 3109/3109/3109 2993/2993/2993 2992/2992/2992
f 2992/2992/2992 3110/3110/3110 3109/3109/3109
f 2994/2994/2994 3109/3109/3109 3108/3108/3108
f 2997/2997/2997 3107/3107/3107 3106/3106/3106
f 3000/3000/3000 3105/3105/3105 3104/3104/3104
f 3111/3111/3111 3110/3110/3110 2991/2991/2991
f 3103/3103/3103 3003/3003/3003 3002/3002/3002
f 3102/3102/3102 3004/3004/3004 3003/3003/3003
f 3101/3101/3101 3006/3006/3006 3005/3005/3005
f 3100/3100/3100 3007/3007/3007 3006/3006/3006
f 3004/3004/3004 3102/3102/3102 3101/3101/3101
f 3101/3101/3101 3005/3005/3005 3004/3004/3004
f 3099/3099/3099 3009/3009/3009 3008/3008/3008
f 3098/3098/3098 3010/3010/3010 3009/3009/3009
f 3097/3097/3097 3012/3012/3012 3011/3011/3011
f 3013/3013/3013 3096/3096/3096 3095/3095/3095
f 3095/3095/3095 3014/3014/3014 3013/3013/3013
f 3096/3096/3096 3013/3013/3013 3012/3012/3012
f 3010/3010/3010 3098/3098/3098 3097/3097/3097
f 3097/3097/3097 3011/3011/3011 3010/3010/3010
f 3007/3007/3007 3100/3100/3100 3099/3099/3099
f 3099/3099/3099 3008/3008/3008 3007/3007/3007
f 3094/3094/3094 3016/3016/3016 3015/3015/3015
f 3093/3093/3093 3017/3017/3017 3016/3016/3016
f 3092/3092/3092 3019/3019/3019 3018/3018/3018
f 3091/3091/3091 3020/3020/3020 3019/3019/3019
f 3017/3017/3017 3093/3093/3093 3092/3092/3092
f 3092/3092/3092 3018/3018/3018 3017/3017/3017
f 3090/3090/3090 3022/3022/3022 3021/3021/3021
f 3089/3089/3089 3023/3023/3023 3022/3022/3022
f 3088/3088/3088 3025/3025/3025 3024/3024/3024
f 3026/3026/3026 3087/3087/3087 3086/3086/3086
f 3086/3086/3086 3027/3027/3027 3026/3026/3026
f 3087/3087/3087 3026/3026/3026 3025/3025/3025
f 3023/3023/3023 3089/3089/3089 3088/3088/3088
f 3088/3088/3088 3024/3024/3024 3023/3023/3023
f 3020/3020/3020 3091/3091/3091 3090/3090/3090
f 3090/3090/3090 3021/3021/3021 3020/3020/3020
f 3014/3014/3014 3095/3095/3095 3094/3094/3094
f 3094/3094/3094 3015/3015/3015 3014/3014/3014
f 3085/3085/3085 3029/3029/3029 3028/3028/3028
f 3084/3084/3084 3030/3030/3030 3029/3029/3029
f 3083/3083/3083 2938/2938/2938 3031/3031/3031
f 3082/3082/3082 3032/3032/3032 2938/2938/2938
f 3030/3030/3030 3084/3084/3084 3083/3083/3083
f 3083/3083/3083 3031/3031/3031 3030/3030/3030
f 3081/3081/3081 3034/3034/3034 3033/3033/3033
f 3080/3080/3080 3035/3035/3035 3034/3034/3034
f 3036/3036/3036 3079/3079/3079 3078/3078/3078
f 3078/3078/3078 3037/3037/3037 3036/3036/3036
f 3077/3077/3077 3039/3039/3039 3038/3038/3038
f 3078/3078/3078 3038/3038/3038 3037/3037/3037
f 3035/3035/3035 3080/3080/3080 3079/3079/3079
f 3079/3079/3079 3036/3036/3036 3035/3035/3035
f 3032/3032/3032 3082/3082/3082 3081/3081/3081
f 3081/3081/3081 3033/3033/3033 3032/3032/3032
f 3076/3076/3076 3041/3041/3041 3040/3040/3040
f 3075/3075/3075 3042/3042/3042 3041/3041/3041
f 3074/3074/3074 3044/3044/3044 3043/3043/3043
f 3045/3045/3045 3073/3073/3073 3072/3072/3072
f 3072/3072/3072 3046/3046/3046 3045/3045/3045
f 3073/3073/3073 3045/3045/3045 3044/3044/3044
f 3042/3042/3042 3075/3075/3075 3074/3074/3074
f 3074/3074/3074 3043/3043/3043 3042/3042/3042
f 3071/3071/3071 3048/3048/3048 3047/3047/3047
f 3048/3048/3048 3071/3071/3071 3070/3070/3070
f 3070/3070/3070 3049/3049/3049 3048/3048/3048
f 3069/3069/3069 3051/3051/3051 3050/3050/3050
f 3052/3052/3052 3068/3068/3068 3067/3067/3067
f 3067/3067/3067 3053/3053/3053 3052/3052/3052
f 3068/3068/3068 3052/3052/3052 3051/3051/3051
f 3049/3049/3049 3070/3070/3070 3069/3069/3069
f 3069/3069/3069 3050/3050/3050 3049/3049/3049
f 3072/3072/3072 3047/3047/3047 3046/3046/3046
f 3039/3039/3039 3077/3077/3077 3076/3076/3076
f 3076/3076/3076 3040/3040/3040 3039/3039/3039
f 3027/3027/3027 3086/3086/3086 3085/3085/3085
f 3085/3085/3085 3028/3028/3028 3027/3027/3027
f 3103/3103/3103 3002/3002/3002 2936/2936/2936
f 2936/2936/2936 2937/2937/2937 3103/3103/3103
f 3102/3102/3102 3003/3003/3003 3103/3103/3103
f 3100/3100/3100 3006/3006/3006 3101/3101/3101
f 3096/3096/3096 3012/3012/3012 3097/3097/3097
f 3094/3094/3094 3093/3093/3093 3016/3016/3016
f 3099/3099/3099 3098/3098/3098 3009/3009/3009
f 3089/3089/3089 3022/3022/3022 3090/3090/3090
f 3087/3087/3087 3025/3025/3025 3088/3088/3088
f 3084/3084/3084 3029/3029/3029 3085/3085/3085
f 3081/3081/3081 3080/3080/3080 3034/3034/3034
f 3083/3083/3083 3082/3082/3082 2938/2938/2938
f 3092/3092/3092 3091/3091/3091 3019/3019/3019
f 3077/3077/3077 3038/3038/3038 3078/3078/3078
f 3075/3075/3075 3041/3041/3041 3076/3076/3076
f 3055/3055/3055 3054/3054/3054 3066/3066/3066
f 3055/3055/3055 3066/3066/3066 3065/3065/3065
f 3065/3065/3065 3056/3056/3056 3055/3055/3055
f 3057/3057/3057 3056/3056/3056 3065/3065/3065
f 3058/3058/3058 3064/3064/3064 3063/3063/3063
f 3063/3063/3063 3059/3059/3059 3058/3058/3058
f 3061/3061/3061 3060/3060/3060 3062/3062/3062
f 3060/3060/3060 3059/3059/3059 3063/3063/3063
f 3058/3058/3058 3057/3057/3057 3064/3064/3064
f 3061/3061/3061 3062/3062/3062 2940/2940/2940
f 2940/2940/2940 2939/2939/2939 3061/3061/3061
f 3073/3073/3073 3044/3044/3044 3074/3074/3074
f 3068/3068/3068 3051/3051/3051 3069/3069/3069
f 3072/3072/3072 3071/3071/3071 3047/3047/3047
f 3054/3054/3054 3067/3067/3067 3066/3066/3066
f 3062/3062/3062 3060/3060/3060 3063/3063/3063
f 3064/3064/3064 3057/3057/3057 3065/3065/3065
f 3067/3067/3067 3054/3054/3054 3053/3053/3053
f 3147/3147/3147 3154/3154/3154 3146/3146/3146
f 3400/3400/3400 3156/3156/3156 3155/3155/3155
f 3156/3156/3156 3400/3400/3400 3401/3401/3401
f 3401/3401/3401 3157/3157/3157 3156/3156/3156
f 3400/3400/3400 3155/3155/3155 3154/3154/3154
f 3402/3402/3402 3159/3159/3159 3158/3158/3158
f 3160/3160/3160 3404/3404/3404 3403/3403/3403
f 3403/3403/3403 3161/3161/3161 3160/3160/3160
f 3403/3403/3403 3162/3162/3162 3161/3161/3161
f 3404/3404/3404 3160/3160/3160 3159/3159/3159
f 3157/3157/3157 3401/3401/3401 3402/3402/3402
f 3402/3402/3402 3158/3158/3158 3157/3157/3157
f 3163/3163/3163 3406/3406/3406 3405/3405/3405
f 3405/3405/3405 3164/3164/3164 3163/3163/3163
f 3165/3165/3165 3408/3408/3408 3407/3407/3407
f 3407/3407/3407 3166/3166/3166 3165/3165/3165
f 3407/3407/3407 3167/3167/3167 3166/3166/3166
f 3164/3164/3164 3405/3405/3405 3408/3408/3408
f 3408/3408/3408 3165/3165/3165 3164/3164/3164
f 3168/3168/3168 3410/3410/3410 3409/3409/3409
f 3409/3409/3409 3169/3169/3169 3168/3168/3168
f 3169/3169/3169 3409/3409/3409 3411/3411/3411
f 3411/3411/3411 3170/3170/3170 3169/3169/3169
f 3412/3412/3412 3172/3172/3172 3171/3171/3171
f 3172/3172/3172 3412/3412/3412 3413/3413/3413
f 3413/3413/3413 3173/3173/3173 3172/3172/3172
f 3411/3411/3411 3171/3171/3171 3170/3170/3170
f 3410/3410/3410 3168/3168/3168 3167/3167/3167
f 3406/3406/3406 3163/3163/3163 3162/3162/3162
f 3400/3400/3400 3154/3154/3154 3399/3399/3399
f 3154/3154/3154 3147/3147/3147 3399/3399/3399
f 3401/3401/3401 3396/3396/3396 3395/3395/3395
f 3395/3395/3395 3402/3402/3402 3401/3401/3401
f 3404/3404/3404 3159/3159/3159 3402/3402/3402
f 3402/3402/3402 3394/3394/3394 3393/3393/3393
f 3393/3393/3393 3404/3404/3404 3402/3402/3402
f 3400/3400/3400 3397/3397/3397 3396/3396/3396
f 3396/3396/3396 3401/3401/3401 3400/3400/3400
f 3403/3403/3403 3392/3392/3392 3391/3391/3391
f 3391/3391/3391 3406/3406/3406 3403/3403/3403
f 3406/3406/3406 3162/3162/3162 3403/3403/3403
f 3406/3406/3406 3390/3390/3390 3389/3389/3389
f 3389/3389/3389 3405/3405/3405 3406/3406/3406
f 3408/3408/3408 3388/3388/3388 3387/3387/3387
f 3387/3387/3387 3407/3407/3407 3408/3408/3408
f 3410/3410/3410 3167/3167/3167 3407/3407/3407
f 3407/3407/3407 3386/3386/3386 3385/3385/3385
f 3385/3385/3385 3410/3410/3410 3407/3407/3407
f 3405/3405/3405 3389/3389/3389 3388/3388/3388
f 3388/3388/3388 3408/3408/3408 3405/3405/3405
f 3404/3404/3404 3393/3393/3393 3392/3392/3392
f 3392/3392/3392 3403/3403/3403 3404/3404/3404
f 3175/3175/3175 3174/3174/3174 3414/3414/3414
f 3176/3176/3176 3175/3175/3175 3415/3415/3415
f 3176/3176/3176 3415/3415/3415 3416/3416/3416
f 3416/3416/3416 3177/3177/3177 3176/3176/3176
f 3411/3411/3411 3382/3382/3382 3381/3381/3381
f 3381/3381/3381 3412/3412/3412 3411/3411/3411
f 3412/3412/3412 3171/3171/3171 3411/3411/3411
f 3412/3412/3412 3381/3381/3381 3380/3380/3380
f 3380/3380/3380 3413/3413/3413 3412/3412/3412
f 3414/3414/3414 3378/3378/3378 3377/3377/3377
f 3377/3377/3377 3415/3415/3415 3414/3414/3414
f 3175/3175/3175 3414/3414/3414 3415/3415/3415
f 3415/3415/3415 3377/3377/3377 3376/3376/3376
f 3376/3376/3376 3416/3416/3416 3415/3415/3415
f 3414/3414/3414 3174/3174/3174 3173/3173/3173
f 3173/3173/3173 3413/3413/3413 3414/3414/3414
f 3413/3413/3413 3380/3380/3380 3379/3379/3379
f 3379/3379/3379 3414/3414/3414 3413/3413/3413
f 3417/3417/3417 3178/3178/3178 3177/3177/3177
f 3177/3177/3177 3416/3416/3416 3417/3417/3417
f 3409/3409/3409 3384/3384/3384 3383/3383/3383
f 3383/3383/3383 3411/3411/3411 3409/3409/3409
f 3410/3410/3410 3385/3385/3385 3384/3384/3384
f 3384/3384/3384 3409/3409/3409 3410/3410/3410
f 3178/3178/3178 3417/3417/3417 3418/3418/3418
f 3418/3418/3418 3179/3179/3179 3178/3178/3178
f 3419/3419/3419 3181/3181/3181 3180/3180/3180
f 3181/3181/3181 3419/3419/3419 3420/3420/3420
f 3420/3420/3420 3182/3182/3182 3181/3181/3181
f 3418/3418/3418 3180/3180/3180 3179/3179/3179
f 3421/3421/3421 3184/3184/3184 3183/3183/3183
f 3184/3184/3184 3421/3421/3421 3422/3422/3422
f 3422/3422/3422 3185/3185/3185 3184/3184/3184
f 3185/3185/3185 3422/3422/3422 3423/3423/3423
f 3423/3423/3423 3186/3186/3186 3185/3185/3185
f 3420/3420/3420 3183/3183/3183 3182/3182/3182
f 3188/3188/3188 3187/3187/3187 3424/3424/3424
f 3189/3189/3189 3426/3426/3426 3425/3425/3425
f 3425/3425/3425 3190/3190/3190 3189/3189/3189
f 3190/3190/3190 3425/3425/3425 3427/3427/3427
f 3427/3427/3427 3191/3191/3191 3190/3190/3190
f 3189/3189/3189 3188/3188/3188 3426/3426/3426
f 3193/3193/3193 3192/3192/3192 3428/3428/3428
f 3193/3193/3193 3428/3428/3428 3429/3429/3429
f 3429/3429/3429 3194/3194/3194 3193/3193/3193
f 3196/3196/3196 3195/3195/3195 3430/3430/3430
f 3197/3197/3197 3196/3196/3196 3431/3431/3431
f 3194/3194/3194 3429/3429/3429 3430/3430/3430
f 3430/3430/3430 3195/3195/3195 3194/3194/3194
f 3192/3192/3192 3191/3191/3191 3427/3427/3427
f 3186/3186/3186 3423/3423/3423 3424/3424/3424
f 3424/3424/3424 3187/3187/3187 3186/3186/3186
f 3198/3198/3198 3433/3433/3433 3432/3432/3432
f 3432/3432/3432 3199/3199/3199 3198/3198/3198
f 3201/3201/3201 3200/3200/3200 3434/3434/3434
f 3201/3201/3201 3434/3434/3434 3435/3435/3435
f 3435/3435/3435 3202/3202/3202 3201/3201/3201
f 3200/3200/3200 3199/3199/3199 3432/3432/3432
f 3417/3417/3417 3374/3374/3374 3373/3373/3373
f 3373/3373/3373 3418/3418/3418 3417/3417/3417
f 3418/3418/3418 3419/3419/3419 3180/3180/3180
f 3418/3418/3418 3373/3373/3373 3372/3372/3372
f 3372/3372/3372 3419/3419/3419 3418/3418/3418
f 3183/3183/3183 3420/3420/3420 3421/3421/3421
f 3203/3203/3203 3436/3436/3436 3204/3204/3204
f 3420/3420/3420 3370/3370/3370 3369/3369/3369
f 3369/3369/3369 3421/3421/3421 3420/3420/3420
f 3202/3202/3202 3435/3435/3435 3436/3436/3436
f 3436/3436/3436 3203/3203/3203 3202/3202/3202
f 3419/3419/3419 3372/3372/3372 3371/3371/3371
f 3371/3371/3371 3420/3420/3420 3419/3419/3419
f 3197/3197/3197 3431/3431/3431 3433/3433/3433
f 3433/3433/3433 3198/3198/3198 3197/3197/3197
f 3205/3205/3205 3204/3204/3204 3437/3437/3437
f 3206/3206/3206 3439/3439/3439 3438/3438/3438
f 3438/3438/3438 3207/3207/3207 3206/3206/3206
f 3207/3207/3207 3438/3438/3438 3440/3440/3440
f 3440/3440/3440 3208/3208/3208 3207/3207/3207
f 3205/3205/3205 3437/3437/3437 3439/3439/3439
f 3439/3439/3439 3206/3206/3206 3205/3205/3205
f 3210/3210/3210 3209/3209/3209 3441/3441/3441
f 3210/3210/3210 3441/3441/3441 3442/3442/3442
f 3442/3442/3442 3211/3211/3211 3210/3210/3210
f 3213/3213/3213 3212/3212/3212 3443/3443/3443
f 3214/3214/3214 3213/3213/3213 3444/3444/3444
f 3211/3211/3211 3442/3442/3442 3443/3443/3443
f 3443/3443/3443 3212/3212/3212 3211/3211/3211
f 3209/3209/3209 3208/3208/3208 3440/3440/3440
f 3214/3214/3214 3444/3444/3444 3445/3445/3445
f 3445/3445/3445 3149/3149/3149 3214/3214/3214
f 3416/3416/3416 3376/3376/3376 3375/3375/3375
f 3375/3375/3375 3417/3417/3417 3416/3416/3416
f 3399/3399/3399 3147/3147/3147 3148/3148/3148
f 3397/3397/3397 3400/3400/3400 3398/3398/3398
f 3399/3399/3399 3398/3398/3398 3400/3400/3400
f 3394/3394/3394 3402/3402/3402 3395/3395/3395
f 3423/3423/3423 3366/3366/3366 3365/3365/3365
f 3365/3365/3365 3424/3424/3424 3423/3423/3423
f 3188/3188/3188 3424/3424/3424 3426/3426/3426
f 3424/3424/3424 3365/3365/3365 3364/3364/3364
f 3364/3364/3364 3426/3426/3426 3424/3424/3424
f 3422/3422/3422 3368/3368/3368 3367/3367/3367
f 3367/3367/3367 3423/3423/3423 3422/3422/3422
f 3386/3386/3386 3407/3407/3407 3387/3387/3387
f 3426/3426/3426 3363/3363/3363 3362/3362/3362
f 3362/3362/3362 3425/3425/3425 3426/3426/3426
f 3406/3406/3406 3391/3391/3391 3390/3390/3390
f 3421/3421/3421 3369/3369/3369 3368/3368/3368
f 3368/3368/3368 3422/3422/3422 3421/3421/3421
f 3383/3383/3383 3382/3382/3382 3411/3411/3411
f 3378/3378/3378 3414/3414/3414 3379/3379/3379
f 3374/3374/3374 3417/3417/3417 3375/3375/3375
f 3370/3370/3370 3420/3420/3420 3371/3371/3371
f 3423/3423/3423 3367/3367/3367 3366/3366/3366
f 3426/3426/3426 3364/3364/3364 3363/3363/3363
f 3427/3427/3427 3361/3361/3361 3360/3360/3360
f 3360/3360/3360 3428/3428/3428 3427/3427/3427
f 3192/3192/3192 3427/3427/3427 3428/3428/3428
f 3428/3428/3428 3359/3359/3359 3358/3358/3358
f 3358/3358/3358 3429/3429/3429 3428/3428/3428
f 3196/3196/3196 3430/3430/3430 3431/3431/3431
f 3429/3429/3429 3358/3358/3358 3357/3357/3357
f 3357/3357/3357 3430/3430/3430 3429/3429/3429
f 3359/3359/3359 3428/3428/3428 3360/3360/3360
f 3361/3361/3361 3427/3427/3427 3425/3425/3425
f 3425/3425/3425 3362/3362/3362 3361/3361/3361
f 3431/3431/3431 3355/3355/3355 3354/3354/3354
f 3354/3354/3354 3433/3433/3433 3431/3431/3431
f 3200/3200/3200 3432/3432/3432 3434/3434/3434
f 3433/3433/3433 3354/3354/3354 3353/3353/3353
f 3353/3353/3353 3432/3432/3432 3433/3433/3433
f 3430/3430/3430 3357/3357/3357 3356/3356/3356
f 3356/3356/3356 3431/3431/3431 3430/3430/3430
f 3432/3432/3432 3353/3353/3353 3352/3352/3352
f 3352/3352/3352 3434/3434/3434 3432/3432/3432
f 3434/3434/3434 3351/3351/3351 3350/3350/3350
f 3350/3350/3350 3435/3435/3435 3434/3434/3434
f 3436/3436/3436 3349/3349/3349 3348/3348/3348
f 3348/3348/3348 3437/3437/3437 3436/3436/3436
f 3437/3437/3437 3347/3347/3347 3346/3346/3346
f 3346/3346/3346 3439/3439/3439 3437/3437/3437
f 3437/3437/3437 3204/3204/3204 3436/3436/3436
f 3435/3435/3435 3350/3350/3350 3349/3349/3349
f 3349/3349/3349 3436/3436/3436 3435/3435/3435
f 3438/3438/3438 3345/3345/3345 3344/3344/3344
f 3344/3344/3344 3440/3440/3440 3438/3438/3438
f 3209/3209/3209 3440/3440/3440 3441/3441/3441
f 3440/3440/3440 3343/3343/3343 3342/3342/3342
f 3342/3342/3342 3441/3441/3441 3440/3440/3440
f 3442/3442/3442 3341/3341/3341 3340/3340/3340
f 3340/3340/3340 3443/3443/3443 3442/3442/3442
f 3213/3213/3213 3443/3443/3443 3444/3444/3444
f 3443/3443/3443 3339/3339/3339 3338/3338/3338
f 3338/3338/3338 3444/3444/3444 3443/3443/3443
f 3441/3441/3441 3342/3342/3342 3341/3341/3341
f 3341/3341/3341 3442/3442/3442 3441/3441/3441
f 3439/3439/3439 3346/3346/3346 3345/3345/3345
f 3345/3345/3345 3438/3438/3438 3439/3439/3439
f 3444/3444/3444 3338/3338/3338 3150/3150/3150
f 3150/3150/3150 3445/3445/3445 3444/3444/3444
f 3431/3431/3431 3356/3356/3356 3355/3355/3355
f 3351/3351/3351 3434/3434/3434 3352/3352/3352
f 3437/3437/3437 3348/3348/3348 3347/3347/3347
f 3443/3443/3443 3340/3340/3340 3339/3339/3339
f 3343/3343/3343 3440/3440/3440 3344/3344/3344
f 3149/3149/3149 3445/3445/3445 3446/3446/3446
f 3446/3446/3446 3215/3215/3215 3149/3149/3149
f 3446/3446/3446 3216/3216/3216 3215/3215/3215
f 3217/3217/3217 3448/3448/3448 3447/3447/3447
f 3447/3447/3447 3218/3218/3218 3217/3217/3217
f 3218/3218/3218 3447/3447/3447 3449/3449/3449
f 3449/3449/3449 3219/3219/3219 3218/3218/3218
f 3448/3448/3448 3217/3217/3217 3216/3216/3216
f 3450/3450/3450 3221/3221/3221 3220/3220/3220
f 3451/3451/3451 3223/3223/3223 3222/3222/3222
f 3452/3452/3452 3224/3224/3224 3223/3223/3223
f 3221/3221/3221 3450/3450/3450 3451/3451/3451
f 3451/3451/3451 3222/3222/3222 3221/3221/3221
f 3449/3449/3449 3220/3220/3220 3219/3219/3219
f 3225/3225/3225 3454/3454/3454 3453/3453/3453
f 3453/3453/3453 3226/3226/3226 3225/3225/3225
f 3455/3455/3455 3228/3228/3228 3227/3227/3227
f 3456/3456/3456 3229/3229/3229 3228/3228/3228
f 3226/3226/3226 3453/3453/3453 3455/3455/3455
f 3455/3455/3455 3227/3227/3227 3226/3226/3226
f 3230/3230/3230 3458/3458/3458 3457/3457/3457
f 3457/3457/3457 3231/3231/3231 3230/3230/3230
f 3457/3457/3457 3232/3232/3232 3231/3231/3231
f 3233/3233/3233 3460/3460/3460 3459/3459/3459
f 3459/3459/3459 3234/3234/3234 3233/3233/3233
f 3234/3234/3234 3459/3459/3459 3461/3461/3461
f 3461/3461/3461 3235/3235/3235 3234/3234/3234
f 3460/3460/3460 3233/3233/3233 3232/3232/3232
f 3229/3229/3229 3456/3456/3456 3458/3458/3458
f 3458/3458/3458 3230/3230/3230 3229/3229/3229
f 3224/3224/3224 3452/3452/3452 3454/3454/3454
f 3454/3454/3454 3225/3225/3225 3224/3224/3224
f 3446/3446/3446 3336/3336/3336 3335/3335/3335
f 3335/3335/3335 3448/3448/3448 3446/3446/3446
f 3448/3448/3448 3216/3216/3216 3446/3446/3446
f 3447/3447/3447 3334/3334/3334 3333/3333/3333
f 3333/3333/3333 3449/3449/3449 3447/3447/3447
f 3450/3450/3450 3220/3220/3220 3449/3449/3449
f 3449/3449/3449 3332/3332/3332 3331/3331/3331
f 3331/3331/3331 3450/3450/3450 3449/3449/3449
f 3448/3448/3448 3335/3335/3335 3334/3334/3334
f 3334/3334/3334 3447/3447/3447 3448/3448/3448
f 3451/3451/3451 3330/3330/3330 3329/3329/3329
f 3329/3329/3329 3452/3452/3452 3451/3451/3451
f 3452/3452/3452 3223/3223/3223 3451/3451/3451
f 3452/3452/3452 3328/3328/3328 3327/3327/3327
f 3327/3327/3327 3454/3454/3454 3452/3452/3452
f 3453/3453/3453 3326/3326/3326 3325/3325/3325
f 3325/3325/3325 3455/3455/3455 3453/3453/3453
f 3456/3456/3456 3228/3228/3228 3455/3455/3455
f 3455/3455/3455 3324/3324/3324 3323/3323/3323
f 3323/3323/3323 3456/3456/3456 3455/3455/3455
f 3454/3454/3454 3327/3327/3327 3326/3326/3326
f 3326/3326/3326 3453/3453/3453 3454/3454/3454
f 3450/3450/3450 3331/3331/3331 3330/3330/3330
f 3330/3330/3330 3451/3451/3451 3450/3450/3450
f 3237/3237/3237 3236/3236/3236 3462/3462/3462
f 3237/3237/3237 3462/3462/3462 3463/3463/3463
f 3463/3463/3463 3238/3238/3238 3237/3237/3237
f 3464/3464/3464 3239/3239/3239 3238/3238/3238
f 3238/3238/3238 3463/3463/3463 3464/3464/3464
f 3457/3457/3457 3320/3320/3320 3319/3319/3319
f 3319/3319/3319 3460/3460/3460 3457/3457/3457
f 3460/3460/3460 3232/3232/3232 3457/3457/3457
f 3460/3460/3460 3319/3319/3319 3318/3318/3318
f 3318/3318/3318 3459/3459/3459 3460/3460/3460
f 3461/3461/3461 3316/3316/3316 3315/3315/3315
f 3315/3315/3315 3462/3462/3462 3461/3461/3461
f 3462/3462/3462 3236/3236/3236 3235/3235/3235
f 3235/3235/3235 3461/3461/3461 3462/3462/3462
f 3462/3462/3462 3315/3315/3315 3314/3314/3314
f 3314/3314/3314 3463/3463/3463 3462/3462/3462
f 3459/3459/3459 3318/3318/3318 3317/3317/3317
f 3317/3317/3317 3461/3461/3461 3459/3459/3459
f 3458/3458/3458 3322/3322/3322 3321/3321/3321
f 3321/3321/3321 3457/3457/3457 3458/3458/3458
f 3456/3456/3456 3323/3323/3323 3322/3322/3322
f 3322/3322/3322 3458/3458/3458 3456/3456/3456
f 3445/3445/3445 3150/3150/3150 3337/3337/3337
f 3337/3337/3337 3446/3446/3446 3445/3445/3445
f 3465/3465/3465 3241/3241/3241 3240/3240/3240
f 3242/3242/3242 3467/3467/3467 3466/3466/3466
f 3466/3466/3466 3243/3243/3243 3242/3242/3242
f 3466/3466/3466 3244/3244/3244 3243/3243/3243
f 3467/3467/3467 3242/3242/3242 3241/3241/3241
f 3245/3245/3245 3469/3469/3469 3468/3468/3468
f 3468/3468/3468 3246/3246/3246 3245/3245/3245
f 3246/3246/3246 3468/3468/3468 3470/3470/3470
f 3470/3470/3470 3247/3247/3247 3246/3246/3246
f 3247/3247/3247 3470/3470/3470 3471/3471/3471
f 3471/3471/3471 3248/3248/3248 3247/3247/3247
f 3469/3469/3469 3245/3245/3245 3244/3244/3244
f 3250/3250/3250 3249/3249/3249 3472/3472/3472
f 3251/3251/3251 3474/3474/3474 3473/3473/3473
f 3473/3473/3473 3252/3252/3252 3251/3251/3251
f 3253/3253/3253 3252/3252/3252 3473/3473/3473
f 3250/3250/3250 3472/3472/3472 3474/3474/3474
f 3474/3474/3474 3251/3251/3251 3250/3250/3250
f 3254/3254/3254 3476/3476/3476 3475/3475/3475
f 3475/3475/3475 3255/3255/3255 3254/3254/3254
f 3255/3255/3255 3475/3475/3475 3477/3477/3477
f 3477/3477/3477 3256/3256/3256 3255/3255/3255
f 3258/3258/3258 3257/3257/3257 3478/3478/3478
f 3258/3258/3258 3478/3478/3478 3479/3479/3479
f 3479/3479/3479 3259/3259/3259 3258/3258/3258
f 3257/3257/3257 3256/3256/3256 3477/3477/3477
f 3254/3254/3254 3253/3253/3253 3476/3476/3476
f 3249/3249/3249 3248/3248/3248 3471/3471/3471
f 3261/3261/3261 3260/3260/3260 3480/3480/3480
f 3262/3262/3262 3482/3482/3482 3481/3481/3481
f 3481/3481/3481 3263/3263/3263 3262/3262/3262
f 3263/3263/3263 3481/3481/3481 3483/3483/3483
f 3483/3483/3483 3264/3264/3264 3263/3263/3263
f 3262/3262/3262 3261/3261/3261 3482/3482/3482
f 3464/3464/3464 3312/3312/3312 3311/3311/3311
f 3311/3311/3311 3465/3465/3465 3464/3464/3464
f 3465/3465/3465 3240/3240/3240 3239/3239/3239
f 3239/3239/3239 3464/3464/3464 3465/3465/3465
f 3467/3467/3467 3241/3241/3241 3465/3465/3465
f 3465/3465/3465 3311/3311/3311 3310/3310/3310
f 3310/3310/3310 3467/3467/3467 3465/3465/3465
f 3466/3466/3466 3308/3308/3308 3307/3307/3307
f 3307/3307/3307 3469/3469/3469 3466/3466/3466
f 3469/3469/3469 3244/3244/3244 3466/3466/3466
f 3469/3469/3469 3307/3307/3307 3306/3306/3306
f 3306/3306/3306 3468/3468/3468 3469/3469/3469
f 3467/3467/3467 3310/3310/3310 3309/3309/3309
f 3309/3309/3309 3466/3466/3466 3467/3467/3467
f 3265/3265/3265 3264/3264/3264 3483/3483/3483
f 3259/3259/3259 3479/3479/3479 3480/3480/3480
f 3480/3480/3480 3260/3260/3260 3259/3259/3259
f 3266/3266/3266 3265/3265/3265 3484/3484/3484
f 3267/3267/3267 3486/3486/3486 3485/3485/3485
f 3485/3485/3485 3268/3268/3268 3267/3267/3267
f 3268/3268/3268 3485/3485/3485 3487/3487/3487
f 3487/3487/3487 3269/3269/3269 3268/3268/3268
f 3266/3266/3266 3484/3484/3484 3486/3486/3486
f 3486/3486/3486 3267/3267/3267 3266/3266/3266
f 3271/3271/3271 3270/3270/3270 3488/3488/3488
f 3271/3271/3271 3488/3488/3488 3489/3489/3489
f 3489/3489/3489 3272/3272/3272 3271/3271/3271
f 3274/3274/3274 3273/3273/3273 3490/3490/3490
f 3275/3275/3275 3274/3274/3274 3491/3491/3491
f 3272/3272/3272 3489/3489/3489 3490/3490/3490
f 3490/3490/3490 3273/3273/3273 3272/3272/3272
f 3270/3270/3270 3269/3269/3269 3487/3487/3487
f 3275/3275/3275 3491/3491/3491 3152/3152/3152
f 3152/3152/3152 3151/3151/3151 3275/3275/3275
f 3463/3463/3463 3314/3314/3314 3313/3313/3313
f 3313/3313/3313 3464/3464/3464 3463/3463/3463
f 3337/3337/3337 3336/3336/3336 3446/3446/3446
f 3332/3332/3332 3449/3449/3449 3333/3333/3333
f 3452/3452/3452 3329/3329/3329 3328/3328/3328
f 3249/3249/3249 3471/3471/3471 3472/3472/3472
f 3470/3470/3470 3304/3304/3304 3303/3303/3303
f 3303/3303/3303 3471/3471/3471 3470/3470/3470
f 3471/3471/3471 3303/3303/3303 3302/3302/3302
f 3302/3302/3302 3472/3472/3472 3471/3471/3471
f 3325/3325/3325 3324/3324/3324 3455/3455/3455
f 3472/3472/3472 3301/3301/3301 3300/3300/3300
f 3300/3300/3300 3474/3474/3474 3472/3472/3472
f 3468/3468/3468 3306/3306/3306 3305/3305/3305
f 3305/3305/3305 3470/3470/3470 3468/3468/3468
f 3320/3320/3320 3457/3457/3457 3321/3321/3321
f 3312/3312/3312 3464/3464/3464 3313/3313/3313
f 3317/3317/3317 3316/3316/3316 3461/3461/3461
f 3309/3309/3309 3308/3308/3308 3466/3466/3466
f 3470/3470/3470 3305/3305/3305 3304/3304/3304
f 3472/3472/3472 3302/3302/3302 3301/3301/3301
f 3474/3474/3474 3300/3300/3300 3299/3299/3299
f 3299/3299/3299 3473/3473/3473 3474/3474/3474
f 3473/3473/3473 3299/3299/3299 3298/3298/3298
f 3298/3298/3298 3476/3476/3476 3473/3473/3473
f 3253/3253/3253 3473/3473/3473 3476/3476/3476
f 3296/3296/3296 3475/3475/3475 3297/3297/3297
f 3257/3257/3257 3477/3477/3477 3478/3478/3478
f 3475/3475/3475 3296/3296/3296 3295/3295/3295
f 3295/3295/3295 3477/3477/3477 3475/3475/3475
f 3297/3297/3297 3475/3475/3475 3476/3476/3476
f 3297/3297/3297 3476/3476/3476 3298/3298/3298
f 3478/3478/3478 3293/3293/3293 3292/3292/3292
f 3292/3292/3292 3479/3479/3479 3478/3478/3478
f 3261/3261/3261 3480/3480/3480 3482/3482/3482
f 3479/3479/3479 3292/3292/3292 3291/3291/3291
f 3291/3291/3291 3480/3480/3480 3479/3479/3479
f 3477/3477/3477 3295/3295/3295 3294/3294/3294
f 3294/3294/3294 3478/3478/3478 3477/3477/3477
f 3480/3480/3480 3291/3291/3291 3290/3290/3290
f 3290/3290/3290 3482/3482/3482 3480/3480/3480
f 3482/3482/3482 3289/3289/3289 3288/3288/3288
f 3288/3288/3288 3481/3481/3481 3482/3482/3482
f 3483/3483/3483 3287/3287/3287 3286/3286/3286
f 3286/3286/3286 3484/3484/3484 3483/3483/3483
f 3484/3484/3484 3285/3285/3285 3284/3284/3284
f 3284/3284/3284 3486/3486/3486 3484/3484/3484
f 3484/3484/3484 3265/3265/3265 3483/3483/3483
f 3481/3481/3481 3288/3288/3288 3287/3287/3287
f 3287/3287/3287 3483/3483/3483 3481/3481/3481
f 3485/3485/3485 3283/3283/3283 3282/3282/3282
f 3282/3282/3282 3487/3487/3487 3485/3485/3485
f 3270/3270/3270 3487/3487/3487 3488/3488/3488
f 3487/3487/3487 3281/3281/3281 3280/3280/3280
f 3280/3280/3280 3488/3488/3488 3487/3487/3487
f 3489/3489/3489 3279/3279/3279 3278/3278/3278
f 3278/3278/3278 3490/3490/3490 3489/3489/3489
f 3274/3274/3274 3490/3490/3490 3491/3491/3491
f 3490/3490/3490 3277/3277/3277 3276/3276/3276
f 3276/3276/3276 3491/3491/3491 3490/3490/3490
f 3488/3488/3488 3280/3280/3280 3279/3279/3279
f 3279/3279/3279 3489/3489/3489 3488/3488/3488
f 3486/3486/3486 3284/3284/3284 3283/3283/3283
f 3283/3283/3283 3485/3485/3485 3486/3486/3486
f 3491/3491/3491 3276/3276/3276 3153/3153/3153
f 3153/3153/3153 3152/3152/3152 3491/3491/3491
f 3478/3478/3478 3294/3294/3294 3293/3293/3293
f 3482/3482/3482 3290/3290/3290 3289/3289/3289
f 3487/3487/3487 3282/3282/3282 3281/3281/3281
f 3277/3277/3277 3490/3490/3490 3278/3278/3278
f 3285/3285/3285 3484/3484/3484 3286/3286/3286
f 3492/3492/3492 3493/3493/3493 3507/3507/3507
f 3507/3507/3507 3508/3508/3508 3492/3492/3492
f 3508/3508/3508 3507/3507/3507 3506/3506/3506
f 3506/3506/3506 3509/3509/3509 3508/3508/3508
f 3510/3510/3510 3505/3505/3505 3504/3504/3504
f 3504/3504/3504 3511/3511/3511 3510/3510/3510
f 3512/3512/3512 3503/3503/3503 3502/3502/3502
f 3502/3502/3502 3513/3513/3513 3512/3512/3512
f 3511/3511/3511 3504/3504/3504 3503/3503/3503
f 3503/3503/3503 3512/3512/3512 3511/3511/3511
f 3509/3509/3509 3506/3506/3506 3505/3505/3505
f 3505/3505/3505 3510/3510/3510 3509/3509/3509
f 3501/3501/3501 3514/3514/3514 3513/3513/3513
f 3513/3513/3513 3502/3502/3502 3501/3501/3501
f 3514/3514/3514 3501/3501/3501 3500/3500/3500
f 3500/3500/3500 3515/3515/3515 3514/3514/3514
f 3516/3516/3516 3515/3515/3515 3500/3500/3500
f 3500/3500/3500 3499/3499/3499 3516/3516/3516
f 3517/3517/3517 3498/3498/3498 3497/3497/3497
f 3497/3497/3497 3518/3518/3518 3517/3517/3517
f 3494/3494/3494 3519/3519/3519 3496/3496/3496
f 3496/3496/3496 3495/3495/3495 3494/3494/3494
f 3518/3518/3518 3497/3497/3497 3496/3496/3496
f 3496/3496/3496 3519/3519/3519 3518/3518/3518
f 3517/3517/3517 3516/3516/3516 3499/3499/3499
f 3499/3499/3499 3498/3498/3498 3517/3517/3517
f 3521/3521/3521 3538/3538/3538 3520/3520/3520
f 3521/3521/3521 3550/3550/3550 3538/3538/3538
f 3539/3539/3539 3538/3538/3538 3550/3550/3550
f 3551/3551/3551 3539/3539/3539 3550/3550/3550
f 3521/3521/3521 3522/3522/3522 3537/3537/3537
f 3537/3537/3537 3550/3550/3550 3521/3521/3521
f 3540/3540/3540 3553/3553/3553 3552/3552/3552
f 3552/3552/3552 3541/3541/3541 3540/3540/3540
f 3551/3551/3551 3553/3553/3553 3540/3540/3540
f 3541/3541/3541 3552/3552/3552 3554/3554/3554
f 3554/3554/3554 3542/3542/3542 3541/3541/3541
f 3542/3542/3542 3554/3554/3554 3555/3555/3555
f 3555/3555/3555 3543/3543/3543 3542/3542/3542
f 3535/3535/3535 3553/3553/3553 3551/3551/3551
f 3539/3539/3539 3551/3551/3551 3540/3540/3540
f 3536/3536/3536 3551/3551/3551 3550/3550/3550
f 3535/3535/3535 3551/3551/3551 3536/3536/3536
f 3534/3534/3534 3552/3552/3552 3553/3553/3553
f 3553/3553/3553 3535/3535/3535 3534/3534/3534
f 3537/3537/3537 3536/3536/3536 3550/3550/3550
f 3533/3533/3533 3554/3554/3554 3552/3552/3552
f 3552/3552/3552 3534/3534/3534 3533/3533/3533
f 3554/3554/3554 3533/3533/3533 3532/3532/3532
f 3532/3532/3532 3555/3555/3555 3554/3554/3554
f 3556/3556/3556 3555/3555/3555 3532/3532/3532
f 3531/3531/3531 3556/3556/3556 3532/3532/3532
f 3556/3556/3556 3543/3543/3543 3555/3555/3555
f 3556/3556/3556 3544/3544/3544 3543/3543/3543
f 3544/3544/3544 3558/3558/3558 3557/3557/3557
f 3557/3557/3557 3545/3545/3545 3544/3544/3544
f 3558/3558/3558 3531/3531/3531 3530/3530/3530
f 3530/3530/3530 3557/3557/3557 3558/3558/3558
f 3559/3559/3559 3546/3546/3546 3545/3545/3545
f 3545/3545/3545 3557/3557/3557 3559/3559/3559
f 3557/3557/3557 3530/3530/3530 3529/3529/3529
f 3529/3529/3529 3559/3559/3559 3557/3557/3557
f 3556/3556/3556 3531/3531/3531 3558/3558/3558
f 3546/3546/3546 3559/3559/3559 3560/3560/3560
f 3560/3560/3560 3547/3547/3547 3546/3546/3546
f 3561/3561/3561 3548/3548/3548 3547/3547/3547
f 3547/3547/3547 3560/3560/3560 3561/3561/3561
f 3548/3548/3548 3563/3563/3563 3562/3562/3562
f 3562/3562/3562 3549/3549/3549 3548/3548/3548
f 3549/3549/3549 3562/3562/3562 3524/3524/3524
f 3524/3524/3524 3523/3523/3523 3549/3549/3549
f 3559/3559/3559 3529/3529/3529 3528/3528/3528
f 3528/3528/3528 3560/3560/3560 3559/3559/3559
f 3560/3560/3560 3528/3528/3528 3527/3527/3527
f 3527/3527/3527 3561/3561/3561 3560/3560/3560
f 3563/3563/3563 3527/3527/3527 3526/3526/3526
f 3526/3526/3526 3562/3562/3562 3563/3563/3563
f 3562/3562/3562 3526/3526/3526 3525/3525/3525
f 3525/3525/3525 3524/3524/3524 3562/3562/3562
f 3561/3561/3561 3527/3527/3527 3563/3563/3563
f 3563/3563/3563 3548/3548/3548 3561/3561/3561
f 3544/3544/3544 3556/3556/3556 3558/3558/3558
f 3565/3565/3565 3582/3582/3582 3564/3564/3564
f 3565/3565/3565 3594/3594/3594 3582/3582/3582
f 3583/3583/3583 3582/3582/3582 3594/3594/3594
f 3595/3595/3595 3583/3583/3583 3594/3594/3594
f 3565/3565/3565 3566/3566/3566 3581/3581/3581
f 3581/3581/3581 3594/3594/3594 3565/3565/3565
f 3584/3584/3584 3597/3597/3597 3596/3596/3596
f 3596/3596/3596 3585/3585/3585 3584/3584/3584
f 3595/3595/3595 3597/3597/3597 3584/3584/3584
f 3585/3585/3585 3596/3596/3596 3598/3598/3598
f 3598/3598/3598 3586/3586/3586 3585/3585/3585
f 3586/3586/3586 3598/3598/3598 3599/3599/3599
f 3599/3599/3599 3587/3587/3587 3586/3586/3586
f 3579/3579/3579 3597/3597/3597 3595/3595/3595
f 3583/3583/3583 3595/3595/3595 3584/3584/3584
f 3580/3580/3580 3595/3595/3595 3594/3594/3594
f 3579/3579/3579 3595/3595/3595 3580/3580/3580
f 3578/3578/3578 3596/3596/3596 3597/3597/3597
f 3597/3597/3597 3579/3579/3579 3578/3578/3578
f 3581/3581/3581 3580/3580/3580 3594/3594/3594
f 3577/3577/3577 3598/3598/3598 3596/3596/3596
f 3596/3596/3596 3578/3578/3578 3577/3577/3577
f 3598/3598/3598 3577/3577/3577 3576/3576/3576
f 3576/3576/3576 3599/3599/3599 3598/3598/3598
f 3600/3600/3600 3599/3599/3599 3576/3576/3576
f 3575/3575/3575 3600/3600/3600 3576/3576/3576
f 3600/3600/3600 3587/3587/3587 3599/3599/3599
f 3600/3600/3600 3588/3588/3588 3587/3587/3587
f 3588/3588/3588 3602/3602/3602 3601/3601/3601
f 3601/3601/3601 3589/3589/3589 3588/3588/3588
f 3602/3602/3602 3575/3575/3575 3574/3574/3574
f 3574/3574/3574 3601/3601/3601 3602/3602/3602
f 3603/3603/3603 3590/3590/3590 3589/3589/3589
f 3589/3589/3589 3601/3601/3601 3603/3603/3603
f 3601/3601/3601 3574/3574/3574 3573/3573/3573
f 3573/3573/3573 3603/3603/3603 3601/3601/3601
f 3600/3600/3600 3575/3575/3575 3602/3602/3602
f 3590/3590/3590 3603/3603/3603 3604/3604/3604
f 3604/3604/3604 3591/3591/3591 3590/3590/3590
f 3605/3605/3605 3592/3592/3592 3591/3591/3591
f 3591/3591/3591 3604/3604/3604 3605/3605/3605
f 3592/3592/3592 3607/3607/3607 3606/3606/3606
f 3606/3606/3606 3593/3593/3593 3592/3592/3592
f 3593/3593/3593 3606/3606/3606 3568/3568/3568
f 3568/3568/3568 3567/3567/3567 3593/3593/3593
f 3603/3603/3603 3573/3573/3573 3572/3572/3572
f 3572/3572/3572 3604/3604/3604 3603/3603/3603
f 3604/3604/3604 3572/3572/3572 3571/3571/3571
f 3571/3571/3571 3605/3605/3605 3604/3604/3604
f 3607/3607/3607 3571/3571/3571 3570/3570/3570
f 3570/3570/3570 3606/3606/3606 3607/3607/3607
f 3606/3606/3606 3570/3570/3570 3569/3569/3569
f 3569/3569/3569 3568/3568/3568 3606/3606/3606
f 3605/3605/3605 3571/3571/3571 3607/3607/3607
f 3607/3607/3607 3592/3592/3592 3605/3605/3605
f 3588/3588/3588 3600/3600/3600 3602/3602/3602
f 3609/3609/3609 3626/3626/3626 3608/3608/3608
f 3609/3609/3609 3638/3638/3638 3626/3626/3626
f 3627/3627/3627 3626/3626/3626 3638/3638/3638
f 3639/3639/3639 3627/3627/3627 3638/3638/3638
f 3609/3609/3609 3610/3610/3610 3625/3625/3625
f 3625/3625/3625 3638/3638/3638 3609/3609/3609
f 3628/3628/3628 3641/3641/3641 3640/3640/3640
f 3640/3640/3640 3629/3629/3629 3628/3628/3628
f 3639/3639/3639 3641/3641/3641 3628/3628/3628
f 3629/3629/3629 3640/3640/3640 3642/3642/3642
f 3642/3642/3642 3630/3630/3630 3629/3629/3629
f 3630/3630/3630 3642/3642/3642 3643/3643/3643
f 3643/3643/3643 3631/3631/3631 3630/3630/3630
f 3623/3623/3623 3641/3641/3641 3639/3639/3639
f 3627/3627/3627 3639/3639/3639 3628/3628/3628
f 3624/3624/3624 3639/3639/3639 3638/3638/3638
f 3623/3623/3623 3639/3639/3639 3624/3624/3624
f 3622/3622/3622 3640/3640/3640 3641/3641/3641
f 3641/3641/3641 3623/3623/3623 3622/3622/3622
f 3625/3625/3625 3624/3624/3624 3638/3638/3638
f 3621/3621/3621 3642/3642/3642 3640/3640/3640
f 3640/3640/3640 3622/3622/3622 3621/3621/3621
f 3642/3642/3642 3621/3621/3621 3620/3620/3620
f 3620/3620/3620 3643/3643/3643 3642/3642/3642
f 3644/3644/3644 3643/3643/3643 3620/3620/3620
f 3619/3619/3619 3644/3644/3644 3620/3620/3620
f 3644/3644/3644 3631/3631/3631 3643/3643/3643
f 3644/3644/3644 3632/3632/3632 3631/3631/3631
f 3632/3632/3632 3646/3646/3646 3645/3645/3645
f 3645/3645/3645 3633/3633/3633 3632/3632/3632
f 3646/3646/3646 3619/3619/3619 3618/3618/3618
f 3618/3618/3618 3645/3645/3645 3646/3646/3646
f 3647/3647/3647 3634/3634/3634 3633/3633/3633
f 3633/3633/3633 3645/3645/3645 3647/3647/3647
f 3645/3645/3645 3618/3618/3618 3617/3617/3617
f 3617/3617/3617 3647/3647/3647 3645/3645/3645
f 3644/3644/3644 3619/3619/3619 3646/3646/3646
f 3634/3634/3634 3647/3647/3647 3648/3648/3648
f 3648/3648/3648 3635/3635/3635 3634/3634/3634
f 3649/3649/3649 3636/3636/3636 3635/3635/3635
f 3635/3635/3635 3648/3648/3648 3649/3649/3649
f 3636/3636/3636 3651/3651/3651 3650/3650/3650
f 3650/3650/3650 3637/3637/3637 3636/3636/3636
f 3637/3637/3637 3650/3650/3650 3612/3612/3612
f 3612/3612/3612 3611/3611/3611 3637/3637/3637
f 3647/3647/3647 3617/3617/3617 3616/3616/3616
f 3616/3616/3616 3648/3648/3648 3647/3647/3647
f 3648/3648/3648 3616/3616/3616 3615/3615/3615
f 3615/3615/3615 3649/3649/3649 3648/3648/3648
f 3651/3651/3651 3615/3615/3615 3614/3614/3614
f 3614/3614/3614 3650/3650/3650 3651/3651/3651
f 3650/3650/3650 3614/3614/3614 3613/3613/3613
f 3613/3613/3613 3612/3612/3612 3650/3650/3650
f 3649/3649/3649 3615/3615/3615 3651/3651/3651
f 3651/3651/3651 3636/3636/3636 3649/3649/3649
f 3632/3632/3632 3644/3644/3644 3646/3646/3646
f 3653/3653/3653 3670/3670/3670 3652/3652/3652
f 3653/3653/3653 3682/3682/3682 3670/3670/3670
f 3671/3671/3671 3670/3670/3670 3682/3682/3682
f 3683/3683/3683 3671/3671/3671 3682/3682/3682
f 3653/3653/3653 3654/3654/3654 3669/3669/3669
f 3669/3669/3669 3682/3682/3682 3653/3653/3653
f 3672/3672/3672 3685/3685/3685 3684/3684/3684
f 3684/3684/3684 3673/3673/3673 3672/3672/3672
f 3683/3683/3683 3685/3685/3685 3672/3672/3672
f 3673/3673/3673 3684/3684/3684 3686/3686/3686
f 3686/3686/3686 3674/3674/3674 3673/3673/3673
f 3674/3674/3674 3686/3686/3686 3687/3687/3687
f 3687/3687/3687 3675/3675/3675 3674/3674/3674
f 3667/3667/3667 3685/3685/3685 3683/3683/3683
f 3671/3671/3671 3683/3683/3683 3672/3672/3672
f 3668/3668/3668 3683/3683/3683 3682/3682/3682
f 3667/3667/3667 3683/3683/3683 3668/3668/3668
f 3666/3666/3666 3684/3684/3684 3685/3685/3685
f 3685/3685/3685 3667/3667/3667 3666/3666/3666
f 3669/3669/3669 3668/3668/3668 3682/3682/3682
f 3665/3665/3665 3686/3686/3686 3684/3684/3684
f 3684/3684/3684 3666/3666/3666 3665/3665/3665
f 3686/3686/3686 3665/3665/3665 3664/3664/3664
f 3664/3664/3664 3687/3687/3687 3686/3686/3686
f 3688/3688/3688 3687/3687/3687 3664/3664/3664
f 3663/3663/3663 3688/3688/3688 3664/3664/3664
f 3688/3688/3688 3675/3675/3675 3687/3687/3687
f 3688/3688/3688 3676/3676/3676 3675/3675/3675
f 3676/3676/3676 3690/3690/3690 3689/3689/3689
f 3689/3689/3689 3677/3677/3677 3676/3676/3676
f 3690/3690/3690 3663/3663/3663 3662/3662/3662
f 3662/3662/3662 3689/3689/3689 3690/3690/3690
f 3691/3691/3691 3678/3678/3678 3677/3677/3677
f 3677/3677/3677 3689/3689/3689 3691/3691/3691
f 3689/3689/3689 3662/3662/3662 3661/3661/3661
f 3661/3661/3661 3691/3691/3691 3689/3689/3689
f 3688/3688/3688 3663/3663/3663 3690/3690/3690
f 3678/3678/3678 3691/3691/3691 3692/3692/3692
f 3692/3692/3692 3679/3679/3679 3678/3678/3678
f 3693/3693/3693 3680/3680/3680 3679/3679/3679
f 3679/3679/3679 3692/3692/3692 3693/3693/3693
f 3680/3680/3680 3695/3695/3695 3694/3694/3694
f 3694/3694/3694 3681/3681/3681 3680/3680/3680
f 3681/3681/3681 3694/3694/3694 3656/3656/3656
f 3656/3656/3656 3655/3655/3655 3681/3681/3681
f 3691/3691/3691 3661/3661/3661 3660/3660/3660
f 3660/3660/3660 3692/3692/3692 3691/3691/3691
f 3692/3692/3692 3660/3660/3660 3659/3659/3659
f 3659/3659/3659 3693/3693/3693 3692/3692/3692
f 3695/3695/3695 3659/3659/3659 3658/3658/3658
f 3658/3658/3658 3694/3694/3694 3695/3695/3695
f 3694/3694/3694 3658/3658/3658 3657/3657/3657
f 3657/3657/3657 3656/3656/3656 3694/3694/3694
f 3693/3693/3693 3659/3659/3659 3695/3695/3695
f 3695/3695/3695 3680/3680/3680 3693/3693/3693
f 3676/3676/3676 3688/3688/3688 3690/3690/3690
f 3725/3725/3725 3696/3696/3696 3712/3712/3712
f 3714/3714/3714 3725/3725/3725 3713/3713/3713
f 3712/3712/3712 3713/3713/3713 3725/3725/3725
f 3724/3724/3724 3696/3696/3696 3725/3725/3725
f 3726/3726/3726 3714/3714/3714 3715/3715/3715
f 3727/3727/3727 3726/3726/3726 3715/3715/3715
f 3715/3715/3715 3716/3716/3716 3727/3727/3727
f 3717/3717/3717 3727/3727/3727 3716/3716/3716
f 3725/3725/3725 3714/3714/3714 3726/3726/3726
f 3725/3725/3725 3726/3726/3726 3708/3708/3708
f 3708/3708/3708 3709/3709/3709 3725/3725/3725
f 3710/3710/3710 3724/3724/3724 3725/3725/3725
f 3710/3710/3710 3725/3725/3725 3709/3709/3709
f 3707/3707/3707 3726/3726/3726 3706/3706/3706
f 3726/3726/3726 3707/3707/3707 3708/3708/3708
f 3727/3727/3727 3705/3705/3705 3706/3706/3706
f 3704/3704/3704 3705/3705/3705 3727/3727/3727
f 3727/3727/3727 3728/3728/3728 3704/3704/3704
f 3726/3726/3726 3727/3727/3727 3706/3706/3706
f 3728/3728/3728 3727/3727/3727 3717/3717/3717
f 3718/3718/3718 3719/3719/3719 3729/3729/3729
f 3729/3729/3729 3728/3728/3728 3718/3718/3718
f 3728/3728/3728 3729/3729/3729 3703/3703/3703
f 3703/3703/3703 3704/3704/3704 3728/3728/3728
f 3719/3719/3719 3720/3720/3720 3730/3730/3730
f 3730/3730/3730 3729/3729/3729 3719/3719/3719
f 3717/3717/3717 3718/3718/3718 3728/3728/3728
f 3722/3722/3722 3731/3731/3731 3721/3721/3721
f 3723/3723/3723 3732/3732/3732 3722/3722/3722
f 3720/3720/3720 3721/3721/3721 3731/3731/3731
f 3731/3731/3731 3730/3730/3730 3720/3720/3720
f 3711/3711/3711 3732/3732/3732 3723/3723/3723
f 3703/3703/3703 3729/3729/3729 3702/3702/3702
f 3729/3729/3729 3730/3730/3730 3701/3701/3701
f 3701/3701/3701 3702/3702/3702 3729/3729/3729
f 3700/3700/3700 3701/3701/3701 3730/3730/3730
f 3730/3730/3730 3731/3731/3731 3700/3700/3700
f 3731/3731/3731 3732/3732/3732 3699/3699/3699
f 3699/3699/3699 3700/3700/3700 3731/3731/3731
f 3722/3722/3722 3732/3732/3732 3731/3731/3731
f 3732/3732/3732 3698/3698/3698 3699/3699/3699
f 3732/3732/3732 3697/3697/3697 3698/3698/3698
f 3697/3697/3697 3732/3732/3732 3711/3711/3711
f 3735/3735/3735 3742/3742/3742 3748/3748/3748
f 3748/3748/3748 3736/3736/3736 3735/3735/3735
f 3737/3737/3737 3747/3747/3747 3746/3746/3746
f 3746/3746/3746 3738/3738/3738 3737/3737/3737
f 3736/3736/3736 3748/3748/3748 3747/3747/3747
f 3747/3747/3747 3737/3737/3737 3736/3736/3736
f 3745/3745/3745 3739/3739/3739 3738/3738/3738
f 3738/3738/3738 3746/3746/3746 3745/3745/3745
f 3740/3740/3740 3739/3739/3739 3745/3745/3745
f 3745/3745/3745 3744/3744/3744 3740/3740/3740
f 3741/3741/3741 3743/3743/3743 3734/3734/3734
f 3734/3734/3734 3733/3733/3733 3741/3741/3741
f 3740/3740/3740 3744/3744/3744 3743/3743/3743
f 3743/3743/3743 3741/3741/3741 3740/3740/3740
f 3752/3752/3752 3751/3751/3751 3749/3749/3749
f 3749/3749/3749 3766/3766/3766 3752/3752/3752
f 3753/3753/3753 3765/3765/3765 3764/3764/3764
f 3764/3764/3764 3754/3754/3754 3753/3753/3753
f 3753/3753/3753 3752/3752/3752 3766/3766/3766
f 3766/3766/3766 3765/3765/3765 3753/3753/3753
f 3763/3763/3763 3755/3755/3755 3754/3754/3754
f 3754/3754/3754 3764/3764/3764 3763/3763/3763
f 3757/3757/3757 3756/3756/3756 3762/3762/3762
f 3762/3762/3762 3761/3761/3761 3757/3757/3757
f 3758/3758/3758 3760/3760/3760 3759/3759/3759
f 3759/3759/3759 3750/3750/3750 3758/3758/3758
f 3757/3757/3757 3761/3761/3761 3760/3760/3760
f 3760/3760/3760 3758/3758/3758 3757/3757/3757
f 3762/3762/3762 3756/3756/3756 3755/3755/3755
f 3755/3755/3755 3763/3763/3763 3762/3762/3762
f 3995/3995/3995 3768/3768/3768 3767/3767/3767
f 3995/3995/3995 3770/3770/3770 3769/3769/3769
f 3995/3995/3995 3769/3769/3769 3768/3768/3768
f 3771/3771/3771 3997/3997/3997 3996/3996/3996
f 3996/3996/3996 3772/3772/3772 3771/3771/3771
f 3998/3998/3998 3774/3774/3774 3773/3773/3773
f 3774/3774/3774 3998/3998/3998 3999/3999/3999
f 3999/3999/3999 3775/3775/3775 3774/3774/3774
f 3996/3996/3996 3773/3773/3773 3772/3772/3772
f 3997/3997/3997 3771/3771/3771 3770/3770/3770
f 4000/4000/4000 3777/3777/3777 3776/3776/3776
f 3778/3778/3778 4002/4002/4002 4001/4001/4001
f 4001/4001/4001 3779/3779/3779 3778/3778/3778
f 3779/3779/3779 4001/4001/4001 4003/4003/4003
f 4003/4003/4003 3780/3780/3780 3779/3779/3779
f 4002/4002/4002 3778/3778/3778 3777/3777/3777
f 4004/4004/4004 3782/3782/3782 3781/3781/3781
f 3783/3783/3783 4006/4006/4006 4005/4005/4005
f 4005/4005/4005 3784/3784/3784 3783/3783/3783
f 4005/4005/4005 3785/3785/3785 3784/3784/3784
f 3782/3782/3782 4004/4004/4004 4006/4006/4006
f 4006/4006/4006 3783/3783/3783 3782/3782/3782
f 4003/4003/4003 3781/3781/3781 3780/3780/3780
f 3775/3775/3775 3999/3999/3999 4000/4000/4000
f 4000/4000/4000 3776/3776/3776 3775/3775/3775
f 3995/3995/3995 3926/3926/3926 3925/3925/3925
f 3925/3925/3925 3997/3997/3997 3995/3995/3995
f 3997/3997/3997 3770/3770/3770 3995/3995/3995
f 3996/3996/3996 3923/3923/3923 3922/3922/3922
f 3922/3922/3922 3998/3998/3998 3996/3996/3996
f 3998/3998/3998 3773/3773/3773 3996/3996/3996
f 3997/3997/3997 3924/3924/3924 3923/3923/3923
f 3923/3923/3923 3996/3996/3996 3997/3997/3997
f 3999/3999/3999 3920/3920/3920 3919/3919/3919
f 3919/3919/3919 4000/4000/4000 3999/3999/3999
f 4002/4002/4002 3917/3917/3917 3916/3916/3916
f 3916/3916/3916 4001/4001/4001 4002/4002/4002
f 4001/4001/4001 3916/3916/3916 3915/3915/3915
f 3915/3915/3915 4003/4003/4003 4001/4001/4001
f 4000/4000/4000 4002/4002/4002 3777/3777/3777
f 4000/4000/4000 3918/3918/3918 3917/3917/3917
f 3917/3917/3917 4002/4002/4002 4000/4000/4000
f 3998/3998/3998 3921/3921/3921 3920/3920/3920
f 3920/3920/3920 3999/3999/3999 3998/3998/3998
f 3781/3781/3781 4003/4003/4003 4004/4004/4004
f 3786/3786/3786 4008/4008/4008 4007/4007/4007
f 4007/4007/4007 3787/3787/3787 3786/3786/3786
f 3787/3787/3787 4007/4007/4007 4009/4009/4009
f 4009/4009/4009 3788/3788/3788 3787/3787/3787
f 3789/3789/3789 3788/3788/3788 4009/4009/4009
f 4006/4006/4006 3911/3911/3911 3910/3910/3910
f 3910/3910/3910 4005/4005/4005 4006/4006/4006
f 4008/4008/4008 3909/3909/3909 3908/3908/3908
f 3908/3908/3908 4007/4007/4007 4008/4008/4008
f 4007/4007/4007 3907/3907/3907 3906/3906/3906
f 3906/3906/3906 4009/4009/4009 4007/4007/4007
f 4008/4008/4008 3786/3786/3786 3785/3785/3785
f 3785/3785/3785 4005/4005/4005 4008/4008/4008
f 4005/4005/4005 3910/3910/3910 3909/3909/3909
f 3909/3909/3909 4008/4008/4008 4005/4005/4005
f 4010/4010/4010 3790/3790/3790 3789/3789/3789
f 3789/3789/3789 4009/4009/4009 4010/4010/4010
f 4004/4004/4004 3913/3913/3913 3912/3912/3912
f 3912/3912/3912 4006/4006/4006 4004/4004/4004
f 4003/4003/4003 3914/3914/3914 3913/3913/3913
f 3913/3913/3913 4004/4004/4004 4003/4003/4003
f 3813/3813/3813 3995/3995/3995 3767/3767/3767
f 3790/3790/3790 4010/4010/4010 4011/4011/4011
f 4011/4011/4011 3791/3791/3791 3790/3790/3790
f 4012/4012/4012 3793/3793/3793 3792/3792/3792
f 3791/3791/3791 4011/4011/4011 4012/4012/4012
f 4012/4012/4012 3792/3792/3792 3791/3791/3791
f 3794/3794/3794 4014/4014/4014 4013/4013/4013
f 4013/4013/4013 3795/3795/3795 3794/3794/3794
f 4015/4015/4015 3797/3797/3797 3796/3796/3796
f 4016/4016/4016 3797/3797/3797 4015/4015/4015
f 3795/3795/3795 4013/4013/4013 4015/4015/4015
f 4015/4015/4015 3796/3796/3796 3795/3795/3795
f 4014/4014/4014 3794/3794/3794 3793/3793/3793
f 3798/3798/3798 4016/4016/4016 4017/4017/4017
f 4017/4017/4017 3799/3799/3799 3798/3798/3798
f 3800/3800/3800 4019/4019/4019 4018/4018/4018
f 4018/4018/4018 3801/3801/3801 3800/3800/3800
f 3802/3802/3802 3801/3801/3801 4018/4018/4018
f 3799/3799/3799 4017/4017/4017 4019/4019/4019
f 4019/4019/4019 3800/3800/3800 3799/3799/3799
f 3803/3803/3803 4021/4021/4021 4020/4020/4020
f 4020/4020/4020 3804/3804/3804 3803/3803/3803
f 3806/3806/3806 3805/3805/3805 4022/4022/4022
f 3807/3807/3807 3806/3806/3806 4023/4023/4023
f 3804/3804/3804 4020/4020/4020 4022/4022/4022
f 4022/4022/4022 3805/3805/3805 3804/3804/3804
f 3803/3803/3803 3802/3802/3802 4021/4021/4021
f 3798/3798/3798 3797/3797/3797 4016/4016/4016
f 3807/3807/3807 4023/4023/4023 4024/4024/4024
f 4024/4024/4024 3808/3808/3808 3807/3807/3807
f 3808/3808/3808 4024/4024/4024 4025/4025/4025
f 4025/4025/4025 3809/3809/3809 3808/3808/3808
f 3809/3809/3809 4025/4025/4025 3810/3810/3810
f 3810/3810/3810 4026/4026/4026 3811/3811/3811
f 4011/4011/4011 3903/3903/3903 3902/3902/3902
f 3902/3902/3902 4012/4012/4012 4011/4011/4011
f 4014/4014/4014 3901/3901/3901 3900/3900/3900
f 3900/3900/3900 4013/4013/4013 4014/4014/4014
f 4013/4013/4013 3899/3899/3899 3898/3898/3898
f 3898/3898/3898 4015/4015/4015 4013/4013/4013
f 4012/4012/4012 4014/4014/4014 3793/3793/3793
f 4012/4012/4012 3902/3902/3902 3901/3901/3901
f 3901/3901/3901 4014/4014/4014 4012/4012/4012
f 3811/3811/3811 4026/4026/4026 4027/4027/4027
f 4027/4027/4027 3812/3812/3812 3811/3811/3811
f 4010/4010/4010 3905/3905/3905 3904/3904/3904
f 3904/3904/3904 4011/4011/4011 4010/4010/4010
f 3812/3812/3812 4027/4027/4027 4028/4028/4028
f 4028/4028/4028 3929/3929/3929 3812/3812/3812
f 3931/3931/3931 3930/3930/3930 4029/4029/4029
f 3931/3931/3931 4029/4029/4029 4030/4030/4030
f 4030/4030/4030 3932/3932/3932 3931/3931/3931
f 3930/3930/3930 3929/3929/3929 4028/4028/4028
f 3934/3934/3934 3933/3933/3933 4031/4031/4031
f 3935/3935/3935 4033/4033/4033 4032/4032/4032
f 4032/4032/4032 3936/3936/3936 3935/3935/3935
f 3936/3936/3936 4032/4032/4032 4034/4034/4034
f 4034/4034/4034 3937/3937/3937 3936/3936/3936
f 3935/3935/3935 3934/3934/3934 4033/4033/4033
f 3932/3932/3932 4030/4030/4030 4031/4031/4031
f 4031/4031/4031 3933/3933/3933 3932/3932/3932
f 3938/3938/3938 3937/3937/3937 4034/4034/4034
f 4009/4009/4009 3906/3906/3906 3905/3905/3905
f 3905/3905/3905 4010/4010/4010 4009/4009/4009
f 3927/3927/3927 3995/3995/3995 3813/3813/3813
f 3927/3927/3927 3926/3926/3926 3995/3995/3995
f 3921/3921/3921 3998/3998/3998 3922/3922/3922
f 3925/3925/3925 3924/3924/3924 3997/3997/3997
f 3918/3918/3918 4000/4000/4000 3919/3919/3919
f 4016/4016/4016 3897/3897/3897 3896/3896/3896
f 3896/3896/3896 4017/4017/4017 4016/4016/4016
f 3914/3914/3914 4003/4003/4003 3915/3915/3915
f 4017/4017/4017 3895/3895/3895 3894/3894/3894
f 3894/3894/3894 4019/4019/4019 4017/4017/4017
f 4015/4015/4015 3898/3898/3898 3897/3897/3897
f 3897/3897/3897 4016/4016/4016 4015/4015/4015
f 3911/3911/3911 4006/4006/4006 3912/3912/3912
f 3903/3903/3903 4011/4011/4011 3904/3904/3904
f 3908/3908/3908 3907/3907/3907 4007/4007/4007
f 3899/3899/3899 4013/4013/4013 3900/3900/3900
f 3893/3893/3893 4018/4018/4018 4019/4019/4019
f 4019/4019/4019 3894/3894/3894 3893/3893/3893
f 3895/3895/3895 4017/4017/4017 3896/3896/3896
f 4018/4018/4018 3893/3893/3893 3892/3892/3892
f 3892/3892/3892 4021/4021/4021 4018/4018/4018
f 3802/3802/3802 4018/4018/4018 4021/4021/4021
f 3890/3890/3890 4020/4020/4020 3891/3891/3891
f 3891/3891/3891 4020/4020/4020 4021/4021/4021
f 3891/3891/3891 4021/4021/4021 3892/3892/3892
f 4022/4022/4022 3889/3889/3889 3888/3888/3888
f 3888/3888/3888 4023/4023/4023 4022/4022/4022
f 4023/4023/4023 3887/3887/3887 3886/3886/3886
f 3886/3886/3886 4024/4024/4024 4023/4023/4023
f 4020/4020/4020 3890/3890/3890 3889/3889/3889
f 3889/3889/3889 4022/4022/4022 4020/4020/4020
f 4024/4024/4024 3886/3886/3886 3885/3885/3885
f 3885/3885/3885 4025/4025/4025 4024/4024/4024
f 4023/4023/4023 3806/3806/3806 4022/4022/4022
f 4025/4025/4025 3885/3885/3885 3884/3884/3884
f 3884/3884/3884 4026/4026/4026 4025/4025/4025
f 4027/4027/4027 3882/3882/3882 3881/3881/3881
f 3881/3881/3881 4028/4028/4028 4027/4027/4027
f 3930/3930/3930 4028/4028/4028 4029/4029/4029
f 4028/4028/4028 3881/3881/3881 3880/3880/3880
f 3880/3880/3880 4029/4029/4029 4028/4028/4028
f 4026/4026/4026 3883/3883/3883 3882/3882/3882
f 3882/3882/3882 4027/4027/4027 4026/4026/4026
f 4030/4030/4030 3878/3878/3878 3877/3877/3877
f 3877/3877/3877 4031/4031/4031 4030/4030/4030
f 3934/3934/3934 4031/4031/4031 4033/4033/4033
f 4033/4033/4033 3875/3875/3875 3874/3874/3874
f 3874/3874/3874 4032/4032/4032 4033/4033/4033
f 3938/3938/3938 4034/4034/4034 4035/4035/4035
f 4032/4032/4032 3874/3874/3874 3873/3873/3873
f 3873/3873/3873 4034/4034/4034 4032/4032/4032
f 4031/4031/4031 3877/3877/3877 3876/3876/3876
f 3876/3876/3876 4033/4033/4033 4031/4031/4031
f 4029/4029/4029 3879/3879/3879 3878/3878/3878
f 3878/3878/3878 4030/4030/4030 4029/4029/4029
f 4026/4026/4026 3810/3810/3810 4025/4025/4025
f 4034/4034/4034 3872/3872/3872 3871/3871/3871
f 3871/3871/3871 4035/4035/4035 4034/4034/4034
f 4023/4023/4023 3888/3888/3888 3887/3887/3887
f 3883/3883/3883 4026/4026/4026 3884/3884/3884
f 4029/4029/4029 3880/3880/3880 3879/3879/3879
f 4034/4034/4034 3873/3873/3873 3872/3872/3872
f 3875/3875/3875 4033/4033/4033 3876/3876/3876
f 4035/4035/4035 3871/3871/3871 3870/3870/3870
f 3870/3870/3870 4036/4036/4036 4035/4035/4035
f 4035/4035/4035 3939/3939/3939 3938/3938/3938
f 3939/3939/3939 4035/4035/4035 4036/4036/4036
f 4036/4036/4036 3940/3940/3940 3939/3939/3939
f 4037/4037/4037 3942/3942/3942 3941/3941/3941
f 3940/3940/3940 4036/4036/4036 4037/4037/4037
f 4037/4037/4037 3941/3941/3941 3940/3940/3940
f 3943/3943/3943 4039/4039/4039 4038/4038/4038
f 4038/4038/4038 3944/3944/3944 3943/3943/3943
f 3945/3945/3945 4041/4041/4041 4040/4040/4040
f 4040/4040/4040 3946/3946/3946 3945/3945/3945
f 4040/4040/4040 3947/3947/3947 3946/3946/3946
f 3944/3944/3944 4038/4038/4038 4041/4041/4041
f 4041/4041/4041 3945/3945/3945 3944/3944/3944
f 4039/4039/4039 3943/3943/3943 3942/3942/3942
f 3948/3948/3948 4043/4043/4043 4042/4042/4042
f 4042/4042/4042 3949/3949/3949 3948/3948/3948
f 4044/4044/4044 3951/3951/3951 3950/3950/3950
f 4045/4045/4045 3952/3952/3952 3951/3951/3951
f 3949/3949/3949 4042/4042/4042 4044/4044/4044
f 4044/4044/4044 3950/3950/3950 3949/3949/3949
f 3953/3953/3953 4047/4047/4047 4046/4046/4046
f 4046/4046/4046 3954/3954/3954 3953/3953/3953
f 4048/4048/4048 3956/3956/3956 3955/3955/3955
f 3956/3956/3956 4048/4048/4048 4049/4049/4049
f 4049/4049/4049 3957/3957/3957 3956/3956/3956
f 4046/4046/4046 3955/3955/3955 3954/3954/3954
f 3952/3952/3952 4045/4045/4045 4047/4047/4047
f 4047/4047/4047 3953/3953/3953 3952/3952/3952
f 4043/4043/4043 3948/3948/3948 3947/3947/3947
f 4036/4036/4036 3870/3870/3870 3869/3869/3869
f 3869/3869/3869 4037/4037/4037 4036/4036/4036
f 4039/4039/4039 3867/3867/3867 3866/3866/3866
f 3866/3866/3866 4038/4038/4038 4039/4039/4039
f 4038/4038/4038 3866/3866/3866 3865/3865/3865
f 3865/3865/3865 4041/4041/4041 4038/4038/4038
f 4037/4037/4037 4039/4039/4039 3942/3942/3942
f 4037/4037/4037 3868/3868/3868 3867/3867/3867
f 3867/3867/3867 4039/4039/4039 4037/4037/4037
f 4040/4040/4040 3863/3863/3863 3862/3862/3862
f 3862/3862/3862 4043/4043/4043 4040/4040/4040
f 4043/4043/4043 3947/3947/3947 4040/4040/4040
f 4042/4042/4042 3861/3861/3861 3860/3860/3860
f 3860/3860/3860 4044/4044/4044 4042/4042/4042
f 4045/4045/4045 3951/3951/3951 4044/4044/4044
f 4044/4044/4044 3859/3859/3859 3858/3858/3858
f 3858/3858/3858 4045/4045/4045 4044/4044/4044
f 4043/4043/4043 3862/3862/3862 3861/3861/3861
f 3861/3861/3861 4042/4042/4042 4043/4043/4043
f 4041/4041/4041 3865/3865/3865 3864/3864/3864
f 3864/3864/3864 4040/4040/4040 4041/4041/4041
f 4047/4047/4047 3857/3857/3857 3856/3856/3856
f 3856/3856/3856 4046/4046/4046 4047/4047/4047
f 4046/4046/4046 4048/4048/4048 3955/3955/3955
f 3959/3959/3959 3958/3958/3958 4050/4050/4050
f 3960/3960/3960 3959/3959/3959 4051/4051/4051
f 4048/4048/4048 3854/3854/3854 3853/3853/3853
f 3853/3853/3853 4049/4049/4049 4048/4048/4048
f 4050/4050/4050 3851/3851/3851 3850/3850/3850
f 3850/3850/3850 4051/4051/4051 4050/4050/4050
f 3959/3959/3959 4050/4050/4050 4051/4051/4051
f 4052/4052/4052 3961/3961/3961 3960/3960/3960
f 3960/3960/3960 4051/4051/4051 4052/4052/4052
f 4051/4051/4051 3850/3850/3850 3849/3849/3849
f 3849/3849/3849 4052/4052/4052 4051/4051/4051
f 4050/4050/4050 3958/3958/3958 3957/3957/3957
f 3957/3957/3957 4049/4049/4049 4050/4050/4050
f 4049/4049/4049 3853/3853/3853 3852/3852/3852
f 3852/3852/3852 4050/4050/4050 4049/4049/4049
f 4046/4046/4046 3855/3855/3855 3854/3854/3854
f 3854/3854/3854 4048/4048/4048 4046/4046/4046
f 4045/4045/4045 3858/3858/3858 3857/3857/3857
f 3857/3857/3857 4047/4047/4047 4045/4045/4045
f 4053/4053/4053 3962/3962/3962 3961/3961/3961
f 3961/3961/3961 4052/4052/4052 4053/4053/4053
f 4054/4054/4054 3964/3964/3964 3963/3963/3963
f 4053/4053/4053 3963/3963/3963 3962/3962/3962
f 3965/3965/3965 4056/4056/4056 4055/4055/4055
f 4055/4055/4055 3966/3966/3966 3965/3965/3965
f 4057/4057/4057 3967/3967/3967 3966/3966/3966
f 3966/3966/3966 4055/4055/4055 4057/4057/4057
f 3968/3968/3968 3967/3967/3967 4057/4057/4057
f 3964/3964/3964 4054/4054/4054 4056/4056/4056
f 4056/4056/4056 3965/3965/3965 3964/3964/3964
f 3969/3969/3969 4059/4059/4059 4058/4058/4058
f 4058/4058/4058 3970/3970/3970 3969/3969/3969
f 3972/3972/3972 3971/3971/3971 4060/4060/4060
f 3972/3972/3972 4060/4060/4060 4061/4061/4061
f 4061/4061/4061 3973/3973/3973 3972/3972/3972
f 3971/3971/3971 3970/3970/3970 4058/4058/4058
f 3974/3974/3974 4063/4063/4063 4062/4062/4062
f 4062/4062/4062 3975/3975/3975 3974/3974/3974
f 3977/3977/3977 3976/3976/3976 4064/4064/4064
f 3977/3977/3977 4064/4064/4064 4065/4065/4065
f 4065/4065/4065 3978/3978/3978 3977/3977/3977
f 3976/3976/3976 3975/3975/3975 4062/4062/4062
f 3973/3973/3973 4061/4061/4061 4063/4063/4063
f 4063/4063/4063 3974/3974/3974 3973/3973/3973
f 3968/3968/3968 4057/4057/4057 4059/4059/4059
f 4059/4059/4059 3969/3969/3969 3968/3968/3968
f 3980/3980/3980 3979/3979/3979 4066/4066/4066
f 3981/3981/3981 4068/4068/4068 4067/4067/4067
f 4067/4067/4067 3982/3982/3982 3981/3981/3981
f 3982/3982/3982 4067/4067/4067 4069/4069/4069
f 4069/4069/4069 3983/3983/3983 3982/3982/3982
f 3981/3981/3981 3980/3980/3980 4068/4068/4068
f 4053/4053/4053 3847/3847/3847 3846/3846/3846
f 3846/3846/3846 4054/4054/4054 4053/4053/4053
f 4053/4053/4053 4054/4054/4054 3963/3963/3963
f 3984/3984/3984 4070/4070/4070 3985/3985/3985
f 4056/4056/4056 3844/3844/3844 3843/3843/3843
f 3843/3843/3843 4055/4055/4055 4056/4056/4056
f 3983/3983/3983 4069/4069/4069 3984/3984/3984
f 4054/4054/4054 3846/3846/3846 3845/3845/3845
f 3845/3845/3845 4056/4056/4056 4054/4054/4054
f 3978/3978/3978 4065/4065/4065 4066/4066/4066
f 4066/4066/4066 3979/3979/3979 3978/3978/3978
f 3985/3985/3985 4070/4070/4070 4071/4071/4071
f 4071/4071/4071 3986/3986/3986 3985/3985/3985
f 3987/3987/3987 4073/4073/4073 4072/4072/4072
f 4072/4072/4072 3988/3988/3988 3987/3987/3987
f 3989/3989/3989 3988/3988/3988 4072/4072/4072
f 3986/3986/3986 4071/4071/4071 4073/4073/4073
f 4073/4073/4073 3987/3987/3987 3986/3986/3986
f 3990/3990/3990 4075/4075/4075 4074/4074/4074
f 4074/4074/4074 3991/3991/3991 3990/3990/3990
f 3993/3993/3993 3992/3992/3992 4076/4076/4076
f 3994/3994/3994 3993/3993/3993 4077/4077/4077
f 3991/3991/3991 4074/4074/4074 4076/4076/4076
f 4076/4076/4076 3992/3992/3992 3991/3991/3991
f 3990/3990/3990 3989/3989/3989 4075/4075/4075
f 3928/3928/3928 3994/3994/3994 4077/4077/4077
f 4052/4052/4052 3849/3849/3849 3848/3848/3848
f 3848/3848/3848 4053/4053/4053 4052/4052/4052
f 3869/3869/3869 3868/3868/3868 4037/4037/4037
f 3863/3863/3863 4040/4040/4040 3864/3864/3864
f 4059/4059/4059 3840/3840/3840 3839/3839/3839
f 3839/3839/3839 4058/4058/4058 4059/4059/4059
f 3971/3971/3971 4058/4058/4058 4060/4060/4060
f 4058/4058/4058 3839/3839/3839 3838/3838/3838
f 3838/3838/3838 4060/4060/4060 4058/4058/4058
f 4057/4057/4057 3842/3842/3842 3841/3841/3841
f 3841/3841/3841 4059/4059/4059 4057/4057/4057
f 3860/3860/3860 3859/3859/3859 4044/4044/4044
f 4060/4060/4060 3838/3838/3838 3837/3837/3837
f 3837/3837/3837 4061/4061/4061 4060/4060/4060
f 4055/4055/4055 3843/3843/3843 3842/3842/3842
f 3842/3842/3842 4057/4057/4057 4055/4055/4055
f 3855/3855/3855 4046/4046/4046 3856/3856/3856
f 3847/3847/3847 4053/4053/4053 3848/3848/3848
f 3852/3852/3852 3851/3851/3851 4050/4050/4050
f 3845/3845/3845 3844/3844/3844 4056/4056/4056
f 4059/4059/4059 3841/3841/3841 3840/3840/3840
f 3837/3837/3837 3836/3836/3836 4061/4061/4061
f 4063/4063/4063 3835/3835/3835 3834/3834/3834
f 3834/3834/3834 4062/4062/4062 4063/4063/4063
f 4062/4062/4062 3834/3834/3834 3833/3833/3833
f 3833/3833/3833 4064/4064/4064 4062/4062/4062
f 4064/4064/4064 3976/3976/3976 4062/4062/4062
f 3835/3835/3835 4063/4063/4063 4061/4061/4061
f 4061/4061/4061 3836/3836/3836 3835/3835/3835
f 4065/4065/4065 3831/3831/3831 3830/3830/3830
f 3830/3830/3830 4066/4066/4066 4065/4065/4065
f 3980/3980/3980 4066/4066/4066 4068/4068/4068
f 4066/4066/4066 3830/3830/3830 3829/3829/3829
f 3829/3829/3829 4068/4068/4068 4066/4066/4066
f 4064/4064/4064 3832/3832/3832 3831/3831/3831
f 3831/3831/3831 4065/4065/4065 4064/4064/4064
f 4068/4068/4068 3828/3828/3828 3827/3827/3827
f 3827/3827/3827 4067/4067/4067 4068/4068/4068
f 4069/4069/4069 3826/3826/3826 3825/3825/3825
f 3825/3825/3825 4070/4070/4070 4069/4069/4069
f 4070/4070/4070 3824/3824/3824 3823/3823/3823
f 3823/3823/3823 4071/4071/4071 4070/4070/4070
f 4070/4070/4070 3984/3984/3984 4069/4069/4069
f 4067/4067/4067 3827/3827/3827 3826/3826/3826
f 3826/3826/3826 4069/4069/4069 4067/4067/4067
f 4073/4073/4073 3822/3822/3822 3821/3821/3821
f 3821/3821/3821 4072/4072/4072 4073/4073/4073
f 3989/3989/3989 4072/4072/4072 4075/4075/4075
f 4075/4075/4075 3819/3819/3819 3818/3818/3818
f 3818/3818/3818 4074/4074/4074 4075/4075/4075
f 3993/3993/3993 4076/4076/4076 4077/4077/4077
f 4074/4074/4074 3818/3818/3818 3817/3817/3817
f 3817/3817/3817 4076/4076/4076 4074/4074/4074
f 4072/4072/4072 3820/3820/3820 3819/3819/3819
f 3819/3819/3819 4075/4075/4075 4072/4072/4072
f 4071/4071/4071 3823/3823/3823 3822/3822/3822
f 3822/3822/3822 4073/4073/4073 4071/4071/4071
f 4076/4076/4076 3816/3816/3816 3815/3815/3815
f 3815/3815/3815 4077/4077/4077 4076/4076/4076
f 4064/4064/4064 3833/3833/3833 3832/3832/3832
f 4070/4070/4070 3825/3825/3825 3824/3824/3824
f 3828/3828/3828 4068/4068/4068 3829/3829/3829
f 4072/4072/4072 3821/3821/3821 3820/3820/3820
f 4077/4077/4077 3815/3815/3815 3814/3814/3814
f 3816/3816/3816 4076/4076/4076 3817/3817/3817
f 3814/3814/3814 3928/3928/3928 4077/4077/4077
f 4080/4080/4080 4078/4078/4078 4085/4085/4085
f 4085/4085/4085 4081/4081/4081 4080/4080/4080
f 4084/4084/4084 4082/4082/4082 4081/4081/4081
f 4081/4081/4081 4085/4085/4085 4084/4084/4084
f 4082/4082/4082 4084/4084/4084 4083/4083/4083
f 4083/4083/4083 4079/4079/4079 4082/4082/4082
f 4095/4095/4095 4087/4087/4087 4086/4086/4086
f 4088/4088/4088 4094/4094/4094 4101/4101/4101
f 4101/4101/4101 4089/4089/4089 4088/4088/4088
f 4095/4095/4095 4088/4088/4088 4087/4087/4087
f 4094/4094/4094 4088/4088/4088 4095/4095/4095
f 4100/4100/4100 4090/4090/4090 4089/4089/4089
f 4089/4089/4089 4101/4101/4101 4100/4100/4100
f 4090/4090/4090 4100/4100/4100 4099/4099/4099
f 4099/4099/4099 4091/4091/4091 4090/4090/4090
f 4092/4092/4092 4098/4098/4098 4097/4097/4097
f 4097/4097/4097 4093/4093/4093 4092/4092/4092
f 4091/4091/4091 4099/4099/4099 4098/4098/4098
f 4098/4098/4098 4092/4092/4092 4091/4091/4091
f 4096/4096/4096 4102/4102/4102 4093/4093/4093
f 4093/4093/4093 4097/4097/4097 4096/4096/4096
f 4132/4132/4132 4119/4119/4119 4120/4120/4120
f 4122/4122/4122 4132/4132/4132 4121/4121/4121
f 4120/4120/4120 4121/4121/4121 4132/4132/4132
f 4118/4118/4118 4119/4119/4119 4132/4132/4132
f 4133/4133/4133 4122/4122/4122 4123/4123/4123
f 4134/4134/4134 4133/4133/4133 4123/4123/4123
f 4123/4123/4123 4124/4124/4124 4134/4134/4134
f 4125/4125/4125 4134/4134/4134 4124/4124/4124
f 4132/4132/4132 4122/4122/4122 4133/4133/4133
f 4132/4132/4132 4133/4133/4133 4115/4115/4115
f 4115/4115/4115 4116/4116/4116 4132/4132/4132
f 4117/4117/4117 4118/4118/4118 4132/4132/4132
f 4117/4117/4117 4132/4132/4132 4116/4116/4116
f 4114/4114/4114 4133/4133/4133 4113/4113/4113
f 4133/4133/4133 4114/4114/4114 4115/4115/4115
f 4134/4134/4134 4112/4112/4112 4113/4113/4113
f 4111/4111/4111 4112/4112/4112 4134/4134/4134
f 4134/4134/4134 4135/4135/4135 4111/4111/4111
f 4133/4133/4133 4134/4134/4134 4113/4113/4113
f 4135/4135/4135 4134/4134/4134 4125/4125/4125
f 4126/4126/4126 4127/4127/4127 4136/4136/4136
f 4136/4136/4136 4135/4135/4135 4126/4126/4126
f 4135/4135/4135 4136/4136/4136 4110/4110/4110
f 4110/4110/4110 4111/4111/4111 4135/4135/4135
f 4137/4137/4137 4136/4136/4136 4127/4127/4127
f 4127/4127/4127 4128/4128/4128 4137/4137/4137
f 4125/4125/4125 4126/4126/4126 4135/4135/4135
f 4130/4130/4130 4138/4138/4138 4129/4129/4129
f 4131/4131/4131 4139/4139/4139 4130/4130/4130
f 4128/4128/4128 4129/4129/4129 4138/4138/4138
f 4138/4138/4138 4137/4137/4137 4128/4128/4128
f 4103/4103/4103 4139/4139/4139 4131/4131/4131
f 4110/4110/4110 4136/4136/4136 4109/4109/4109
f 4136/4136/4136 4137/4137/4137 4108/4108/4108
f 4108/4108/4108 4109/4109/4109 4136/4136/4136
f 4107/4107/4107 4108/4108/4108 4137/4137/4137
f 4137/4137/4137 4138/4138/4138 4107/4107/4107
f 4138/4138/4138 4139/4139/4139 4106/4106/4106
f 4106/4106/4106 4107/4107/4107 4138/4138/4138
f 4130/4130/4130 4139/4139/4139 4138/4138/4138
f 4139/4139/4139 4105/4105/4105 4106/4106/4106
f 4139/4139/4139 4104/4104/4104 4105/4105/4105
f 4104/4104/4104 4139/4139/4139 4103/4103/4103
f 4156/4156/4156 4142/4142/4142 4141/4141/4141
f 4156/4156/4156 4144/4144/4144 4143/4143/4143
f 4156/4156/4156 4143/4143/4143 4142/4142/4142
f 4156/4156/4156 4150/4150/4150 4155/4155/4155
f 4154/4154/4154 4153/4153/4153 4156/4156/4156
f 4157/4157/4157 4144/4144/4144 4156/4156/4156
f 4155/4155/4155 4154/4154/4154 4156/4156/4156
f 4156/4156/4156 4141/4141/4141 4150/4150/4150
f 4156/4156/4156 4153/4153/4153 4152/4152/4152
f 4152/4152/4152 4157/4157/4157 4156/4156/4156
f 4157/4157/4157 4146/4146/4146 4145/4145/4145
f 4148/4148/4148 4140/4140/4140 4147/4147/4147
f 4148/4148/4148 4147/4147/4147 4146/4146/4146
f 4151/4151/4151 4157/4157/4157 4152/4152/4152
f 4151/4151/4151 4149/4149/4149 4157/4157/4157
f 4148/4148/4148 4157/4157/4157 4149/4149/4149
f 4148/4148/4148 4146/4146/4146 4157/4157/4157
f 4145/4145/4145 4144/4144/4144 4157/4157/4157

