mtllib material.mtl
usemtl plastic_black
v 0.00550000 -0.00600000 -0.00555000
v 0.00550000 -0.00600000 -0.00965000
v 0.03100000 -0.00600000 -0.00555000
v 0.03100000 -0.00600000 -0.00965000
v 0.03100000 -0.00600000 -0.00555000
v 0.03100000 -0.00600000 -0.00965000
v 0.03150000 -0.00550000 -0.00505000
v 0.03141700 -0.00558300 -0.01006700
v 0.03558100 -0.00141900 -0.00505000
v 0.03558100 -0.00141900 -0.00923800
v 0.00600000 0.00620000 -0.01015000
v 0.03100000 0.00620000 -0.01015000
v 0.00600000 -0.00550000 -0.01015000
v 0.03100000 -0.00550000 -0.01015000
v 0.03100000 -0.00600000 0.00555000
v 0.03100000 -0.00600000 0.00965000
v 0.00550000 -0.00600000 0.00555000
v 0.00550000 -0.00600000 0.00965000
v 0.03100000 -0.00550000 0.01015000
v 0.03100000 0.00620000 0.01015000
v 0.00600000 -0.00550000 0.01015000
v 0.00600000 0.00620000 0.01015000
v 0.06547800 0.00620000 -0.00042200
v 0.06228100 0.00620000 0.00392300
v 0.06549800 0.00620000 -0.00014100
v 0.06549800 0.00620000 0.00014100
v 0.06543800 0.00620000 -0.00070100
v 0.06537900 0.00620000 -0.00097700
v 0.06530100 0.00620000 -0.00124700
v 0.06495400 0.00620000 -0.00201700
v 0.06480300 0.00620000 -0.00225500
v 0.06404600 0.00620000 0.00308500
v 0.06425700 0.00620000 0.00289800
v 0.06445400 0.00620000 0.00269700
v 0.06463600 0.00620000 0.00248200
v 0.06480300 0.00620000 0.00225500
v 0.06495400 0.00620000 0.00201700
v 0.06508800 0.00620000 0.00176900
v 0.06537900 0.00620000 0.00097700
v 0.06543800 0.00620000 0.00070100
v 0.06547800 0.00620000 0.00042200
v 0.06463600 0.00620000 -0.00248200
v 0.06445400 0.00620000 -0.00269700
v 0.06425700 0.00620000 -0.00289800
v 0.06404600 0.00620000 -0.00308500
v 0.06382200 0.00620000 -0.00325700
v 0.06358700 0.00620000 -0.00341200
v 0.06334100 0.00620000 -0.00355100
v 0.06308700 0.00620000 -0.00367200
v 0.06282400 0.00620000 -0.00377400
v 0.00600000 0.00620000 -0.01015000
v 0.00600000 0.00620000 0.01015000
v 0.03100000 0.00620000 -0.01015000
v 0.03100000 0.00620000 0.01015000
v 0.06228100 0.00620000 -0.00392300
v 0.06255500 0.00620000 -0.00385800
v 0.06255500 0.00620000 0.00385800
v 0.06358700 0.00620000 0.00341200
v 0.06382200 0.00620000 0.00325700
v 0.06282400 0.00620000 0.00377400
v 0.06308700 0.00620000 0.00367200
v 0.06334100 0.00620000 0.00355100
v 0.06520300 0.00620000 0.00151200
v 0.06530100 0.00620000 0.00124700
v 0.06520300 0.00620000 -0.00151200
v 0.06508800 0.00620000 -0.00176900
v 0.03141700 -0.00558300 0.01006700
v 0.03558100 -0.00141900 0.00923800
v 0.03576700 -0.00124400 0.00920100
v 0.03596500 -0.00108100 0.00916200
v 0.03617200 -0.00093200 0.00912000
v 0.03638900 -0.00079500 0.00907700
v 0.03661400 -0.00067300 0.00903200
v 0.03684600 -0.00056600 0.00898600
v 0.03708500 -0.00047300 0.00893900
v 0.06228100 0.00491600 0.00392300
v 0.06228100 0.00620000 0.00392300
v 0.03757800 -0.00033500 0.00884100
v 0.03732900 -0.00039600 0.00889000
v 0.03141700 -0.00558300 -0.01006700
v 0.03558100 -0.00141900 -0.00923800
v 0.03576700 -0.00124400 -0.00920100
v 0.03576700 -0.00124400 -0.00920100
v 0.03100000 0.00620000 -0.01015000
v 0.03596500 -0.00108100 -0.00916200
v 0.03661400 -0.00067300 -0.00903200
v 0.03638900 -0.00079500 -0.00907700
v 0.03617200 -0.00093200 -0.00912000
v 0.03732900 -0.00039600 -0.00889000
v 0.03708500 -0.00047300 -0.00893900
v 0.03684600 -0.00056600 -0.00898600
v 0.06228100 0.00620000 -0.00392300
v 0.06228100 0.00491600 -0.00392300
v 0.03757800 -0.00033500 -0.00884100
v 0.06549000 0.00559800 -0.00028200
v 0.06547800 0.00559500 -0.00042200
v 0.06547800 0.00620000 -0.00042200
v 0.06255500 0.00620000 -0.00385800
v 0.06255500 0.00497400 -0.00385800
v 0.06282400 0.00620000 -0.00377400
v 0.06282400 0.00503100 -0.00377400
v 0.06308700 0.00620000 -0.00367200
v 0.06308700 0.00508700 -0.00367200
v 0.06334100 0.00620000 -0.00355100
v 0.06334100 0.00514100 -0.00355100
v 0.06358700 0.00620000 -0.00341200
v 0.06358700 0.00519300 -0.00341200
v 0.06382200 0.00620000 -0.00325700
v 0.06382200 0.00524300 -0.00325700
v 0.06404600 0.00620000 -0.00308500
v 0.06404600 0.00529100 -0.00308500
v 0.06425700 0.00620000 -0.00289800
v 0.06425700 0.00533600 -0.00289800
v 0.06445400 0.00620000 -0.00269700
v 0.06445400 0.00537800 -0.00269700
v 0.06463600 0.00620000 -0.00248200
v 0.06463600 0.00541600 -0.00248200
v 0.06480300 0.00620000 -0.00225500
v 0.06480300 0.00545200 -0.00225500
v 0.06495400 0.00620000 -0.00201700
v 0.06495400 0.00548400 -0.00201700
v 0.06508800 0.00620000 -0.00176900
v 0.06520300 0.00620000 -0.00151200
v 0.06520300 0.00553700 -0.00151200
v 0.06514800 0.00552500 -0.00164100
v 0.06508800 0.00551200 -0.00176900
v 0.06502300 0.00549900 -0.00189400
v 0.06530100 0.00620000 -0.00124700
v 0.06537900 0.00620000 -0.00097700
v 0.06537900 0.00557400 -0.00097700
v 0.06534200 0.00556600 -0.00111300
v 0.06530100 0.00555800 -0.00124700
v 0.06525400 0.00554800 -0.00138100
v 0.06543800 0.00620000 -0.00070100
v 0.06546000 0.00559200 -0.00056200
v 0.06543800 0.00558700 -0.00070100
v 0.06541100 0.00558100 -0.00083900
v 0.06549800 0.00559900 -0.00014100
v 0.06549800 0.00620000 -0.00014100
v 0.06550000 0.00560000 -0.00000000
v 0.06549800 0.00620000 0.00014100
v 0.06549800 0.00559900 0.00014100
v 0.06549000 0.00559800 0.00028200
v 0.06547800 0.00620000 0.00042200
v 0.06547800 0.00559500 0.00042200
v 0.06546000 0.00559200 0.00056200
v 0.06543800 0.00620000 0.00070100
v 0.06543800 0.00558700 0.00070100
v 0.06541100 0.00558100 0.00083900
v 0.06537900 0.00620000 0.00097700
v 0.06537900 0.00557400 0.00097700
v 0.06534200 0.00556600 0.00111300
v 0.06530100 0.00620000 0.00124700
v 0.06530100 0.00555800 0.00124700
v 0.06525400 0.00554800 0.00138100
v 0.06520300 0.00620000 0.00151200
v 0.06520300 0.00553700 0.00151200
v 0.06514800 0.00552500 0.00164100
v 0.06508800 0.00620000 0.00176900
v 0.06508800 0.00551200 0.00176900
v 0.06502300 0.00549900 0.00189400
v 0.06495400 0.00620000 0.00201700
v 0.06495400 0.00548400 0.00201700
v 0.06480300 0.00620000 0.00225500
v 0.06480300 0.00545200 0.00225500
v 0.06463600 0.00620000 0.00248200
v 0.06463600 0.00541600 0.00248200
v 0.06445400 0.00620000 0.00269700
v 0.06445400 0.00537800 0.00269700
v 0.06425700 0.00620000 0.00289800
v 0.06425700 0.00533600 0.00289800
v 0.06404600 0.00620000 0.00308500
v 0.06404600 0.00529100 0.00308500
v 0.06382200 0.00620000 0.00325700
v 0.06382200 0.00524300 0.00325700
v 0.06358700 0.00620000 0.00341200
v 0.06358700 0.00519300 0.00341200
v 0.06334100 0.00620000 0.00355100
v 0.06334100 0.00514100 0.00355100
v 0.06308700 0.00620000 0.00367200
v 0.06308700 0.00508700 0.00367200
v 0.06282400 0.00620000 0.00377400
v 0.06282400 0.00503100 0.00377400
v 0.06255500 0.00620000 0.00385800
v 0.06255500 0.00497400 0.00385800
v 0.03558100 -0.00141900 0.00505000
v 0.03558100 -0.00141900 0.00923800
v 0.03150000 -0.00550000 0.00505000
v 0.03141700 -0.00558300 0.01006700
v 0.03100000 -0.00600000 0.00555000
v 0.03100000 -0.00600000 0.00965000
v 0.00550000 -0.00600000 0.00555000
v 0.00550000 -0.00600000 0.00965000
v 0.00550000 0.00050000 0.00555000
v 0.00550000 0.00570000 0.00965000
v 0.00550000 0.00050000 -0.00555000
v 0.00550000 0.00570000 -0.00965000
v 0.00550000 -0.00600000 -0.00555000
v 0.00550000 -0.00600000 -0.00965000
v 0.03150000 -0.00550000 0.00505000
v 0.00600000 -0.00550000 0.00505000
v 0.03558100 -0.00141900 0.00505000
v 0.00600000 0.00000000 0.00505000
v 0.03576700 -0.00124400 0.00505000
v 0.03638900 -0.00079500 0.00505000
v 0.03617200 -0.00093200 0.00505000
v 0.03596500 -0.00108100 0.00505000
v 0.03915400 0.00000000 0.00505000
v 0.03757800 -0.00033500 0.00505000
v 0.03732900 -0.00039600 0.00505000
v 0.03708500 -0.00047300 0.00505000
v 0.03684600 -0.00056600 0.00505000
v 0.03661400 -0.00067300 0.00505000
v 0.00600000 -0.00550000 -0.00505000
v 0.03150000 -0.00550000 -0.00505000
v 0.00600000 -0.00000000 -0.00505000
v 0.03558100 -0.00141900 -0.00505000
v 0.03576700 -0.00124400 -0.00505000
v 0.03596500 -0.00108100 -0.00505000
v 0.03617200 -0.00093200 -0.00505000
v 0.03638900 -0.00079500 -0.00505000
v 0.03661400 -0.00067300 -0.00505000
v 0.03684600 -0.00056600 -0.00505000
v 0.03708500 -0.00047300 -0.00505000
v 0.03732900 -0.00039600 -0.00505000
v 0.03757800 -0.00033500 -0.00505000
v 0.03915400 -0.00000000 -0.00505000
v 0.01208800 0.00000000 0.00124700
v 0.01217600 0.00000000 0.00123800
v 0.00600000 0.00000000 0.00505000
v 0.01274200 0.00000000 0.00100600
v 0.01281100 0.00000000 0.00095100
v 0.02200000 0.00000000 0.00125000
v 0.01293700 0.00000000 0.00082800
v 0.01299300 0.00000000 0.00075900
v 0.02191200 0.00000000 0.00124700
v 0.01287600 0.00000000 0.00089200
v 0.01304400 0.00000000 0.00068800
v 0.01309000 0.00000000 0.00061200
v 0.01313000 0.00000000 0.00053400
v 0.01083500 0.00000000 0.00045300
v 0.01087000 0.00000000 0.00053400
v 0.01091000 0.00000000 0.00061200
v 0.01095600 0.00000000 0.00068800
v 0.02076600 0.00000000 0.00019800
v 0.02078300 0.00000000 0.00028400
v 0.01313000 0.00000000 0.00053400
v 0.01284400 -0.00000000 -0.00092200
v 0.01277700 -0.00000000 -0.00097900
v 0.03915400 -0.00000000 -0.00505000
v 0.01103500 -0.00000000 -0.00079400
v 0.01098100 -0.00000000 -0.00072400
v 0.00600000 -0.00000000 -0.00505000
v 0.01226300 0.00000000 0.00122200
v 0.01234800 0.00000000 0.00120000
v 0.01243200 0.00000000 0.00117300
v 0.01251400 0.00000000 0.00114000
v 0.01259300 0.00000000 0.00110000
v 0.01266900 0.00000000 0.00105600
v 0.01093200 -0.00000000 -0.00065000
v 0.01088900 -0.00000000 -0.00057300
v 0.01085200 -0.00000000 -0.00049400
v 0.01082000 -0.00000000 -0.00041100
v 0.01079400 -0.00000000 -0.00032700
v 0.01077300 -0.00000000 -0.00024100
v 0.01075500 0.00000000 0.00011000
v 0.01076600 0.00000000 0.00019800
v 0.01156800 0.00000000 0.00117300
v 0.01165200 0.00000000 0.00120000
v 0.01173700 0.00000000 0.00122200
v 0.01182400 0.00000000 0.00123800
v 0.02136900 -0.00000000 -0.00107900
v 0.02129400 -0.00000000 -0.00103200
v 0.01321700 0.00000000 0.00028400
v 0.02093200 -0.00000000 -0.00065000
v 0.02088900 -0.00000000 -0.00057300
v 0.02085200 -0.00000000 -0.00049400
v 0.02082000 -0.00000000 -0.00041100
v 0.02079400 -0.00000000 -0.00032700
v 0.02077300 -0.00000000 -0.00024100
v 0.02076000 -0.00000000 -0.00015400
v 0.02075500 0.00000000 0.00011000
v 0.02178100 -0.00000000 -0.00123100
v 0.01323400 0.00000000 0.00019800
v 0.01324500 0.00000000 0.00011000
v 0.01314800 -0.00000000 -0.00049400
v 0.01311100 -0.00000000 -0.00057300
v 0.01306800 -0.00000000 -0.00065000
v 0.01301900 -0.00000000 -0.00072400
v 0.01296500 -0.00000000 -0.00079400
v 0.01290700 -0.00000000 -0.00086000
v 0.01076000 -0.00000000 -0.00015400
v 0.01075200 -0.00000000 -0.00006600
v 0.01075000 0.00000000 0.00002200
v 0.01078300 0.00000000 0.00028400
v 0.01080600 0.00000000 0.00036900
v 0.01133100 0.00000000 0.00105600
v 0.01140700 0.00000000 0.00110000
v 0.01148600 0.00000000 0.00114000
v 0.01191200 0.00000000 0.00124700
v 0.01200000 0.00000000 0.00125000
v 0.02122300 -0.00000000 -0.00097900
v 0.02115600 -0.00000000 -0.00092200
v 0.02109300 -0.00000000 -0.00086000
v 0.02230600 -0.00000000 -0.00121200
v 0.02221900 -0.00000000 -0.00123100
v 0.02213200 -0.00000000 -0.00124300
v 0.02204400 -0.00000000 -0.00124900
v 0.01325000 0.00000000 0.00002200
v 0.01324800 -0.00000000 -0.00006600
v 0.02186800 -0.00000000 -0.00124300
v 0.02186800 -0.00000000 -0.00124300
v 0.01324000 -0.00000000 -0.00015400
v 0.01322700 -0.00000000 -0.00024100
v 0.01320600 -0.00000000 -0.00032700
v 0.01318000 -0.00000000 -0.00041100
v 0.02161000 -0.00000000 -0.00118700
v 0.02152700 -0.00000000 -0.00115700
v 0.02144600 -0.00000000 -0.00112100
v 0.02103500 -0.00000000 -0.00079400
v 0.02098100 -0.00000000 -0.00072400
v 0.02080600 0.00000000 0.00036900
v 0.02083500 0.00000000 0.00045300
v 0.02087000 0.00000000 0.00053400
v 0.02133100 0.00000000 0.00105600
v 0.02125800 0.00000000 0.00100600
v 0.02118900 0.00000000 0.00095100
v 0.02156800 0.00000000 0.00117300
v 0.02165200 0.00000000 0.00120000
v 0.02217600 0.00000000 0.00123800
v 0.02226300 0.00000000 0.00122200
v 0.03915400 0.00000000 0.00505000
v 0.02234800 0.00000000 0.00120000
v 0.02243200 0.00000000 0.00117300
v 0.02251400 0.00000000 0.00114000
v 0.02259300 0.00000000 0.00110000
v 0.02266900 0.00000000 0.00105600
v 0.01100700 0.00000000 0.00075900
v 0.01106300 0.00000000 0.00082800
v 0.01112400 0.00000000 0.00089200
v 0.01118900 0.00000000 0.00095100
v 0.01125800 0.00000000 0.00100600
v 0.01321700 0.00000000 0.00028400
v 0.02169400 -0.00000000 -0.00121200
v 0.02091000 0.00000000 0.00061200
v 0.02095600 0.00000000 0.00068800
v 0.02100700 0.00000000 0.00075900
v 0.02208800 0.00000000 0.00124700
v 0.02324000 -0.00000000 -0.00015400
v 0.02322700 -0.00000000 -0.00024100
v 0.02320600 -0.00000000 -0.00032700
v 0.02318000 -0.00000000 -0.00041100
v 0.02314800 -0.00000000 -0.00049400
v 0.02311100 -0.00000000 -0.00057300
v 0.01270600 -0.00000000 -0.00103200
v 0.01263100 -0.00000000 -0.00107900
v 0.01255400 -0.00000000 -0.00112100
v 0.01247300 -0.00000000 -0.00115700
v 0.01239000 -0.00000000 -0.00118700
v 0.01230600 -0.00000000 -0.00121200
v 0.01221900 -0.00000000 -0.00123100
v 0.01122300 -0.00000000 -0.00097900
v 0.01115600 -0.00000000 -0.00092200
v 0.01109300 -0.00000000 -0.00086000
v 0.02075200 -0.00000000 -0.00006600
v 0.02075000 0.00000000 0.00002200
v 0.01319400 0.00000000 0.00036900
v 0.01316500 0.00000000 0.00045300
v 0.02106300 0.00000000 0.00082800
v 0.02112400 0.00000000 0.00089200
v 0.02173700 0.00000000 0.00122200
v 0.02182400 0.00000000 0.00123800
v 0.02274200 0.00000000 0.00100600
v 0.02281100 0.00000000 0.00095100
v 0.02287600 0.00000000 0.00089200
v 0.02306800 -0.00000000 -0.00065000
v 0.02301900 -0.00000000 -0.00072400
v 0.02296500 -0.00000000 -0.00079400
v 0.02290700 -0.00000000 -0.00086000
v 0.02284400 -0.00000000 -0.00092200
v 0.02277700 -0.00000000 -0.00097900
v 0.02270600 -0.00000000 -0.00103200
v 0.02263100 -0.00000000 -0.00107900
v 0.02255400 -0.00000000 -0.00112100
v 0.02247300 -0.00000000 -0.00115700
v 0.02239000 -0.00000000 -0.00118700
v 0.02195600 -0.00000000 -0.00124900
v 0.01144600 -0.00000000 -0.00112100
v 0.01136900 -0.00000000 -0.00107900
v 0.01129400 -0.00000000 -0.00103200
v 0.02140700 0.00000000 0.00110000
v 0.02148600 0.00000000 0.00114000
v 0.01213200 -0.00000000 -0.00124300
v 0.01204400 -0.00000000 -0.00124900
v 0.01195600 -0.00000000 -0.00124900
v 0.01186800 -0.00000000 -0.00124300
v 0.01178100 -0.00000000 -0.00123100
v 0.01169400 -0.00000000 -0.00121200
v 0.01161000 -0.00000000 -0.00118700
v 0.01152700 -0.00000000 -0.00115700
v 0.02293700 0.00000000 0.00082800
v 0.02299300 0.00000000 0.00075900
v 0.02304400 0.00000000 0.00068800
v 0.02309000 0.00000000 0.00061200
v 0.02313000 0.00000000 0.00053400
v 0.02316500 0.00000000 0.00045300
v 0.02323400 0.00000000 0.00019800
v 0.02324500 0.00000000 0.00011000
v 0.02325000 0.00000000 0.00002200
v 0.02324800 -0.00000000 -0.00006600
v 0.02319400 0.00000000 0.00036900
v 0.02321700 0.00000000 0.00028400
v 0.02200000 0.00550000 -0.00000000
v 0.02200000 0.00474900 0.00125000
v 0.02191200 0.00474900 0.00124700
v 0.02173700 0.00474900 0.00122200
v 0.02165200 0.00474900 0.00120000
v 0.02182400 0.00474900 0.00123800
v 0.02148600 0.00474900 0.00114000
v 0.02140700 0.00474900 0.00110000
v 0.02156800 0.00474900 0.00117300
v 0.02125800 0.00474900 0.00100600
v 0.02118900 0.00474900 0.00095100
v 0.02133100 0.00474900 0.00105600
v 0.02106300 0.00474900 0.00082800
v 0.02100700 0.00474900 0.00075900
v 0.02112400 0.00474900 0.00089200
v 0.02091000 0.00474900 0.00061200
v 0.02087000 0.00474900 0.00053400
v 0.02095600 0.00474900 0.00068800
v 0.02080600 0.00474900 0.00036900
v 0.02078300 0.00474900 0.00028400
v 0.02083500 0.00474900 0.00045300
v 0.02075500 0.00474900 0.00011000
v 0.02075000 0.00474900 0.00002200
v 0.02076600 0.00474900 0.00019800
v 0.02076000 0.00474900 -0.00015400
v 0.02077300 0.00474900 -0.00024100
v 0.02075200 0.00474900 -0.00006600
v 0.02082000 0.00474900 -0.00041100
v 0.02085200 0.00474900 -0.00049400
v 0.02079400 0.00474900 -0.00032700
v 0.02093200 0.00474900 -0.00065000
v 0.02098100 0.00474900 -0.00072400
v 0.02088900 0.00474900 -0.00057300
v 0.02109300 0.00474900 -0.00086000
v 0.02115600 0.00474900 -0.00092200
v 0.02103500 0.00474900 -0.00079400
v 0.02129400 0.00474900 -0.00103200
v 0.02136900 0.00474900 -0.00107900
v 0.02122300 0.00474900 -0.00097900
v 0.02152700 0.00474900 -0.00115700
v 0.02161000 0.00474900 -0.00118700
v 0.02144600 0.00474900 -0.00112100
v 0.02178100 0.00474900 -0.00123100
v 0.02186800 0.00474900 -0.00124300
v 0.02169400 0.00474900 -0.00121200
v 0.02204400 0.00474900 -0.00124900
v 0.02213200 0.00474900 -0.00124300
v 0.02195600 0.00474900 -0.00124900
v 0.02230600 0.00474900 -0.00121200
v 0.02239000 0.00474900 -0.00118700
v 0.02221900 0.00474900 -0.00123100
v 0.02255400 0.00474900 -0.00112100
v 0.02263100 0.00474900 -0.00107900
v 0.02247300 0.00474900 -0.00115700
v 0.02277700 0.00474900 -0.00097900
v 0.02284400 0.00474900 -0.00092200
v 0.02270600 0.00474900 -0.00103200
v 0.02296500 0.00474900 -0.00079400
v 0.02301900 0.00474900 -0.00072400
v 0.02290700 0.00474900 -0.00086000
v 0.02311100 0.00474900 -0.00057300
v 0.02314800 0.00474900 -0.00049400
v 0.02306800 0.00474900 -0.00065000
v 0.02320600 0.00474900 -0.00032700
v 0.02322700 0.00474900 -0.00024100
v 0.02318000 0.00474900 -0.00041100
v 0.02324800 0.00474900 -0.00006600
v 0.02325000 0.00474900 0.00002200
v 0.02324000 0.00474900 -0.00015400
v 0.02323400 0.00474900 0.00019800
v 0.02321700 0.00474900 0.00028400
v 0.02324500 0.00474900 0.00011000
v 0.02316500 0.00474900 0.00045300
v 0.02313000 0.00474900 0.00053400
v 0.02319400 0.00474900 0.00036900
v 0.02304400 0.00474900 0.00068800
v 0.02299300 0.00474900 0.00075900
v 0.02309000 0.00474900 0.00061200
v 0.02287600 0.00474900 0.00089200
v 0.02281100 0.00474900 0.00095100
v 0.02293700 0.00474900 0.00082800
v 0.02266900 0.00474900 0.00105600
v 0.02259300 0.00474900 0.00110000
v 0.02274200 0.00474900 0.00100600
v 0.02243200 0.00474900 0.00117300
v 0.02234800 0.00474900 0.00120000
v 0.02251400 0.00474900 0.00114000
v 0.02217600 0.00474900 0.00123800
v 0.02208800 0.00474900 0.00124700
v 0.02226300 0.00474900 0.00122200
v 0.02200000 0.00474900 0.00125000
v 0.02200000 0.00000000 0.00125000
v 0.02191200 0.00474900 0.00124700
v 0.02191200 0.00000000 0.00124700
v 0.02182400 0.00474900 0.00123800
v 0.02182400 0.00000000 0.00123800
v 0.02173700 0.00474900 0.00122200
v 0.02173700 0.00000000 0.00122200
v 0.02165200 0.00474900 0.00120000
v 0.02165200 0.00000000 0.00120000
v 0.02156800 0.00474900 0.00117300
v 0.02156800 0.00000000 0.00117300
v 0.02148600 0.00474900 0.00114000
v 0.02148600 0.00000000 0.00114000
v 0.02140700 0.00474900 0.00110000
v 0.02140700 0.00000000 0.00110000
v 0.02133100 0.00474900 0.00105600
v 0.02133100 0.00000000 0.00105600
v 0.02125800 0.00474900 0.00100600
v 0.02125800 0.00000000 0.00100600
v 0.02118900 0.00474900 0.00095100
v 0.02118900 0.00000000 0.00095100
v 0.02112400 0.00474900 0.00089200
v 0.02112400 0.00000000 0.00089200
v 0.02106300 0.00474900 0.00082800
v 0.02106300 0.00000000 0.00082800
v 0.02100700 0.00474900 0.00075900
v 0.02100700 0.00000000 0.00075900
v 0.02095600 0.00474900 0.00068800
v 0.02095600 0.00000000 0.00068800
v 0.02091000 0.00474900 0.00061200
v 0.02091000 0.00000000 0.00061200
v 0.02087000 0.00474900 0.00053400
v 0.02087000 0.00000000 0.00053400
v 0.02083500 0.00474900 0.00045300
v 0.02083500 0.00000000 0.00045300
v 0.02080600 0.00474900 0.00036900
v 0.02080600 0.00000000 0.00036900
v 0.02078300 0.00474900 0.00028400
v 0.02078300 0.00000000 0.00028400
v 0.02076600 0.00474900 0.00019800
v 0.02076600 0.00000000 0.00019800
v 0.02075500 0.00474900 0.00011000
v 0.02075500 0.00000000 0.00011000
v 0.02075000 0.00474900 0.00002200
v 0.02075000 0.00000000 0.00002200
v 0.02075200 0.00474900 -0.00006600
v 0.02075200 -0.00000000 -0.00006600
v 0.02076000 0.00474900 -0.00015400
v 0.02076000 -0.00000000 -0.00015400
v 0.02077300 0.00474900 -0.00024100
v 0.02077300 -0.00000000 -0.00024100
v 0.02079400 0.00474900 -0.00032700
v 0.02079400 -0.00000000 -0.00032700
v 0.02082000 0.00474900 -0.00041100
v 0.02082000 -0.00000000 -0.00041100
v 0.02085200 0.00474900 -0.00049400
v 0.02085200 -0.00000000 -0.00049400
v 0.02088900 0.00474900 -0.00057300
v 0.02088900 -0.00000000 -0.00057300
v 0.02093200 0.00474900 -0.00065000
v 0.02093200 -0.00000000 -0.00065000
v 0.02098100 0.00474900 -0.00072400
v 0.02098100 -0.00000000 -0.00072400
v 0.02103500 0.00474900 -0.00079400
v 0.02103500 -0.00000000 -0.00079400
v 0.02109300 0.00474900 -0.00086000
v 0.02109300 -0.00000000 -0.00086000
v 0.02115600 0.00474900 -0.00092200
v 0.02115600 -0.00000000 -0.00092200
v 0.02122300 0.00474900 -0.00097900
v 0.02122300 -0.00000000 -0.00097900
v 0.02129400 0.00474900 -0.00103200
v 0.02129400 -0.00000000 -0.00103200
v 0.02136900 0.00474900 -0.00107900
v 0.02136900 -0.00000000 -0.00107900
v 0.02136900 -0.00000000 -0.00107900
v 0.02144600 0.00474900 -0.00112100
v 0.02144600 -0.00000000 -0.00112100
v 0.02152700 0.00474900 -0.00115700
v 0.02152700 -0.00000000 -0.00115700
v 0.02161000 0.00474900 -0.00118700
v 0.02161000 -0.00000000 -0.00118700
v 0.02169400 0.00474900 -0.00121200
v 0.02169400 -0.00000000 -0.00121200
v 0.02178100 0.00474900 -0.00123100
v 0.02178100 -0.00000000 -0.00123100
v 0.02186800 0.00474900 -0.00124300
v 0.02186800 -0.00000000 -0.00124300
v 0.02195600 0.00474900 -0.00124900
v 0.02195600 -0.00000000 -0.00124900
v 0.02204400 0.00474900 -0.00124900
v 0.02204400 -0.00000000 -0.00124900
v 0.02213200 0.00474900 -0.00124300
v 0.02213200 -0.00000000 -0.00124300
v 0.02221900 0.00474900 -0.00123100
v 0.02221900 -0.00000000 -0.00123100
v 0.02230600 0.00474900 -0.00121200
v 0.02230600 -0.00000000 -0.00121200
v 0.02239000 0.00474900 -0.00118700
v 0.02239000 -0.00000000 -0.00118700
v 0.02247300 0.00474900 -0.00115700
v 0.02247300 -0.00000000 -0.00115700
v 0.02255400 0.00474900 -0.00112100
v 0.02255400 -0.00000000 -0.00112100
v 0.02263100 0.00474900 -0.00107900
v 0.02263100 -0.00000000 -0.00107900
v 0.02270600 0.00474900 -0.00103200
v 0.02270600 -0.00000000 -0.00103200
v 0.02277700 0.00474900 -0.00097900
v 0.02277700 -0.00000000 -0.00097900
v 0.02284400 0.00474900 -0.00092200
v 0.02284400 -0.00000000 -0.00092200
v 0.02290700 0.00474900 -0.00086000
v 0.02290700 -0.00000000 -0.00086000
v 0.02296500 0.00474900 -0.00079400
v 0.02296500 -0.00000000 -0.00079400
v 0.02301900 0.00474900 -0.00072400
v 0.02301900 -0.00000000 -0.00072400
v 0.02306800 0.00474900 -0.00065000
v 0.02306800 -0.00000000 -0.00065000
v 0.02311100 0.00474900 -0.00057300
v 0.02311100 -0.00000000 -0.00057300
v 0.02314800 0.00474900 -0.00049400
v 0.02314800 -0.00000000 -0.00049400
v 0.02318000 0.00474900 -0.00041100
v 0.02318000 -0.00000000 -0.00041100
v 0.02320600 0.00474900 -0.00032700
v 0.02320600 -0.00000000 -0.00032700
v 0.02322700 0.00474900 -0.00024100
v 0.02322700 -0.00000000 -0.00024100
v 0.02324000 0.00474900 -0.00015400
v 0.02324000 -0.00000000 -0.00015400
v 0.02324800 0.00474900 -0.00006600
v 0.02324800 -0.00000000 -0.00006600
v 0.02325000 0.00474900 0.00002200
v 0.02325000 0.00000000 0.00002200
v 0.02324500 0.00474900 0.00011000
v 0.02324500 0.00000000 0.00011000
v 0.02323400 0.00474900 0.00019800
v 0.02323400 0.00000000 0.00019800
v 0.02321700 0.00474900 0.00028400
v 0.02321700 0.00000000 0.00028400
v 0.02319400 0.00474900 0.00036900
v 0.02319400 0.00000000 0.00036900
v 0.02316500 0.00474900 0.00045300
v 0.02316500 0.00000000 0.00045300
v 0.02313000 0.00474900 0.00053400
v 0.02313000 0.00000000 0.00053400
v 0.02309000 0.00474900 0.00061200
v 0.02309000 0.00000000 0.00061200
v 0.02304400 0.00474900 0.00068800
v 0.02304400 0.00000000 0.00068800
v 0.02299300 0.00474900 0.00075900
v 0.02299300 0.00000000 0.00075900
v 0.02293700 0.00474900 0.00082800
v 0.02293700 0.00000000 0.00082800
v 0.02287600 0.00474900 0.00089200
v 0.02287600 0.00000000 0.00089200
v 0.02281100 0.00474900 0.00095100
v 0.02281100 0.00000000 0.00095100
v 0.02274200 0.00474900 0.00100600
v 0.02274200 0.00000000 0.00100600
v 0.02266900 0.00474900 0.00105600
v 0.02266900 0.00000000 0.00105600
v 0.02259300 0.00474900 0.00110000
v 0.02259300 0.00000000 0.00110000
v 0.02251400 0.00474900 0.00114000
v 0.02251400 0.00000000 0.00114000
v 0.02243200 0.00474900 0.00117300
v 0.02243200 0.00000000 0.00117300
v 0.02234800 0.00474900 0.00120000
v 0.02234800 0.00000000 0.00120000
v 0.02226300 0.00474900 0.00122200
v 0.02226300 0.00000000 0.00122200
v 0.02217600 0.00474900 0.00123800
v 0.02217600 0.00000000 0.00123800
v 0.02208800 0.00474900 0.00124700
v 0.02208800 0.00000000 0.00124700
v 0.01200000 0.00550000 -0.00000000
v 0.01200000 0.00474900 0.00125000
v 0.01191200 0.00474900 0.00124700
v 0.01173700 0.00474900 0.00122200
v 0.01165200 0.00474900 0.00120000
v 0.01182400 0.00474900 0.00123800
v 0.01148600 0.00474900 0.00114000
v 0.01140700 0.00474900 0.00110000
v 0.01156800 0.00474900 0.00117300
v 0.01125800 0.00474900 0.00100600
v 0.01118900 0.00474900 0.00095100
v 0.01133100 0.00474900 0.00105600
v 0.01106300 0.00474900 0.00082800
v 0.01100700 0.00474900 0.00075900
v 0.01112400 0.00474900 0.00089200
v 0.01091000 0.00474900 0.00061200
v 0.01087000 0.00474900 0.00053400
v 0.01095600 0.00474900 0.00068800
v 0.01080600 0.00474900 0.00036900
v 0.01078300 0.00474900 0.00028400
v 0.01083500 0.00474900 0.00045300
v 0.01075500 0.00474900 0.00011000
v 0.01075000 0.00474900 0.00002200
v 0.01076600 0.00474900 0.00019800
v 0.01076000 0.00474900 -0.00015400
v 0.01077300 0.00474900 -0.00024100
v 0.01075200 0.00474900 -0.00006600
v 0.01082000 0.00474900 -0.00041100
v 0.01085200 0.00474900 -0.00049400
v 0.01079400 0.00474900 -0.00032700
v 0.01093200 0.00474900 -0.00065000
v 0.01098100 0.00474900 -0.00072400
v 0.01088900 0.00474900 -0.00057300
v 0.01109300 0.00474900 -0.00086000
v 0.01115600 0.00474900 -0.00092200
v 0.01103500 0.00474900 -0.00079400
v 0.01129400 0.00474900 -0.00103200
v 0.01136900 0.00474900 -0.00107900
v 0.01122300 0.00474900 -0.00097900
v 0.01152700 0.00474900 -0.00115700
v 0.01161000 0.00474900 -0.00118700
v 0.01144600 0.00474900 -0.00112100
v 0.01178100 0.00474900 -0.00123100
v 0.01186800 0.00474900 -0.00124300
v 0.01169400 0.00474900 -0.00121200
v 0.01204400 0.00474900 -0.00124900
v 0.01213200 0.00474900 -0.00124300
v 0.01195600 0.00474900 -0.00124900
v 0.01230600 0.00474900 -0.00121200
v 0.01239000 0.00474900 -0.00118700
v 0.01221900 0.00474900 -0.00123100
v 0.01255400 0.00474900 -0.00112100
v 0.01263100 0.00474900 -0.00107900
v 0.01247300 0.00474900 -0.00115700
v 0.01277700 0.00474900 -0.00097900
v 0.01284400 0.00474900 -0.00092200
v 0.01270600 0.00474900 -0.00103200
v 0.01296500 0.00474900 -0.00079400
v 0.01301900 0.00474900 -0.00072400
v 0.01290700 0.00474900 -0.00086000
v 0.01311100 0.00474900 -0.00057300
v 0.01314800 0.00474900 -0.00049400
v 0.01306800 0.00474900 -0.00065000
v 0.01320600 0.00474900 -0.00032700
v 0.01322700 0.00474900 -0.00024100
v 0.01318000 0.00474900 -0.00041100
v 0.01324800 0.00474900 -0.00006600
v 0.01325000 0.00474900 0.00002200
v 0.01324000 0.00474900 -0.00015400
v 0.01323400 0.00474900 0.00019800
v 0.01321700 0.00474900 0.00028400
v 0.01324500 0.00474900 0.00011000
v 0.01316500 0.00474900 0.00045300
v 0.01313000 0.00474900 0.00053400
v 0.01319400 0.00474900 0.00036900
v 0.01304400 0.00474900 0.00068800
v 0.01299300 0.00474900 0.00075900
v 0.01309000 0.00474900 0.00061200
v 0.01287600 0.00474900 0.00089200
v 0.01281100 0.00474900 0.00095100
v 0.01293700 0.00474900 0.00082800
v 0.01266900 0.00474900 0.00105600
v 0.01259300 0.00474900 0.00110000
v 0.01274200 0.00474900 0.00100600
v 0.01243200 0.00474900 0.00117300
v 0.01234800 0.00474900 0.00120000
v 0.01251400 0.00474900 0.00114000
v 0.01217600 0.00474900 0.00123800
v 0.01208800 0.00474900 0.00124700
v 0.01226300 0.00474900 0.00122200
v 0.01200000 0.00474900 0.00125000
v 0.01200000 0.00000000 0.00125000
v 0.01191200 0.00474900 0.00124700
v 0.01191200 0.00000000 0.00124700
v 0.01182400 0.00474900 0.00123800
v 0.01182400 0.00000000 0.00123800
v 0.01173700 0.00474900 0.00122200
v 0.01173700 0.00000000 0.00122200
v 0.01165200 0.00474900 0.00120000
v 0.01165200 0.00000000 0.00120000
v 0.01156800 0.00474900 0.00117300
v 0.01156800 0.00000000 0.00117300
v 0.01148600 0.00474900 0.00114000
v 0.01148600 0.00000000 0.00114000
v 0.01140700 0.00474900 0.00110000
v 0.01140700 0.00000000 0.00110000
v 0.01133100 0.00474900 0.00105600
v 0.01133100 0.00000000 0.00105600
v 0.01125800 0.00474900 0.00100600
v 0.01125800 0.00000000 0.00100600
v 0.01118900 0.00474900 0.00095100
v 0.01118900 0.00000000 0.00095100
v 0.01112400 0.00474900 0.00089200
v 0.01112400 0.00000000 0.00089200
v 0.01106300 0.00474900 0.00082800
v 0.01106300 0.00000000 0.00082800
v 0.01100700 0.00474900 0.00075900
v 0.01100700 0.00000000 0.00075900
v 0.01095600 0.00474900 0.00068800
v 0.01095600 0.00000000 0.00068800
v 0.01091000 0.00474900 0.00061200
v 0.01091000 0.00000000 0.00061200
v 0.01087000 0.00474900 0.00053400
v 0.01087000 0.00000000 0.00053400
v 0.01083500 0.00474900 0.00045300
v 0.01083500 0.00000000 0.00045300
v 0.01080600 0.00474900 0.00036900
v 0.01080600 0.00000000 0.00036900
v 0.01078300 0.00474900 0.00028400
v 0.01078300 0.00000000 0.00028400
v 0.01076600 0.00474900 0.00019800
v 0.01076600 0.00000000 0.00019800
v 0.01075500 0.00474900 0.00011000
v 0.01075500 0.00000000 0.00011000
v 0.01075000 0.00474900 0.00002200
v 0.01075000 0.00000000 0.00002200
v 0.01075200 0.00474900 -0.00006600
v 0.01075200 -0.00000000 -0.00006600
v 0.01076000 0.00474900 -0.00015400
v 0.01076000 -0.00000000 -0.00015400
v 0.01077300 0.00474900 -0.00024100
v 0.01077300 -0.00000000 -0.00024100
v 0.01079400 0.00474900 -0.00032700
v 0.01079400 -0.00000000 -0.00032700
v 0.01082000 0.00474900 -0.00041100
v 0.01082000 -0.00000000 -0.00041100
v 0.01085200 0.00474900 -0.00049400
v 0.01085200 -0.00000000 -0.00049400
v 0.01088900 0.00474900 -0.00057300
v 0.01088900 -0.00000000 -0.00057300
v 0.01093200 0.00474900 -0.00065000
v 0.01093200 -0.00000000 -0.00065000
v 0.01098100 0.00474900 -0.00072400
v 0.01098100 -0.00000000 -0.00072400
v 0.01103500 0.00474900 -0.00079400
v 0.01103500 -0.00000000 -0.00079400
v 0.01109300 0.00474900 -0.00086000
v 0.01109300 -0.00000000 -0.00086000
v 0.01115600 0.00474900 -0.00092200
v 0.01115600 -0.00000000 -0.00092200
v 0.01122300 0.00474900 -0.00097900
v 0.01122300 -0.00000000 -0.00097900
v 0.01129400 0.00474900 -0.00103200
v 0.01129400 -0.00000000 -0.00103200
v 0.01136900 0.00474900 -0.00107900
v 0.01136900 -0.00000000 -0.00107900
v 0.01144600 0.00474900 -0.00112100
v 0.01144600 -0.00000000 -0.00112100
v 0.01152700 0.00474900 -0.00115700
v 0.01152700 -0.00000000 -0.00115700
v 0.01161000 0.00474900 -0.00118700
v 0.01161000 -0.00000000 -0.00118700
v 0.01169400 0.00474900 -0.00121200
v 0.01169400 -0.00000000 -0.00121200
v 0.01178100 0.00474900 -0.00123100
v 0.01178100 -0.00000000 -0.00123100
v 0.01186800 0.00474900 -0.00124300
v 0.01186800 -0.00000000 -0.00124300
v 0.01195600 0.00474900 -0.00124900
v 0.01195600 -0.00000000 -0.00124900
v 0.01204400 0.00474900 -0.00124900
v 0.01204400 -0.00000000 -0.00124900
v 0.01213200 0.00474900 -0.00124300
v 0.01213200 -0.00000000 -0.00124300
v 0.01221900 0.00474900 -0.00123100
v 0.01221900 -0.00000000 -0.00123100
v 0.01230600 0.00474900 -0.00121200
v 0.01230600 -0.00000000 -0.00121200
v 0.01239000 0.00474900 -0.00118700
v 0.01239000 -0.00000000 -0.00118700
v 0.01247300 0.00474900 -0.00115700
v 0.01247300 -0.00000000 -0.00115700
v 0.01255400 0.00474900 -0.00112100
v 0.01255400 -0.00000000 -0.00112100
v 0.01263100 0.00474900 -0.00107900
v 0.01263100 -0.00000000 -0.00107900
v 0.01270600 0.00474900 -0.00103200
v 0.01270600 -0.00000000 -0.00103200
v 0.01277700 0.00474900 -0.00097900
v 0.01277700 -0.00000000 -0.00097900
v 0.01284400 0.00474900 -0.00092200
v 0.01284400 -0.00000000 -0.00092200
v 0.01290700 0.00474900 -0.00086000
v 0.01290700 -0.00000000 -0.00086000
v 0.01296500 0.00474900 -0.00079400
v 0.01296500 -0.00000000 -0.00079400
v 0.01301900 0.00474900 -0.00072400
v 0.01301900 -0.00000000 -0.00072400
v 0.01306800 0.00474900 -0.00065000
v 0.01306800 -0.00000000 -0.00065000
v 0.01311100 0.00474900 -0.00057300
v 0.01311100 -0.00000000 -0.00057300
v 0.01314800 0.00474900 -0.00049400
v 0.01314800 -0.00000000 -0.00049400
v 0.01318000 0.00474900 -0.00041100
v 0.01318000 -0.00000000 -0.00041100
v 0.01320600 0.00474900 -0.00032700
v 0.01320600 -0.00000000 -0.00032700
v 0.01322700 0.00474900 -0.00024100
v 0.01322700 -0.00000000 -0.00024100
v 0.01324000 0.00474900 -0.00015400
v 0.01324000 -0.00000000 -0.00015400
v 0.01324800 0.00474900 -0.00006600
v 0.01324800 -0.00000000 -0.00006600
v 0.01325000 0.00474900 0.00002200
v 0.01325000 0.00000000 0.00002200
v 0.01324500 0.00474900 0.00011000
v 0.01324500 0.00000000 0.00011000
v 0.01323400 0.00474900 0.00019800
v 0.01323400 0.00000000 0.00019800
v 0.01321700 0.00474900 0.00028400
v 0.01321700 0.00000000 0.00028400
v 0.01319400 0.00474900 0.00036900
v 0.01319400 0.00000000 0.00036900
v 0.01316500 0.00474900 0.00045300
v 0.01319400 0.00000000 0.00036900
v 0.01316500 0.00000000 0.00045300
v 0.01313000 0.00474900 0.00053400
v 0.01313000 0.00000000 0.00053400
v 0.01309000 0.00474900 0.00061200
v 0.01309000 0.00000000 0.00061200
v 0.01304400 0.00474900 0.00068800
v 0.01304400 0.00000000 0.00068800
v 0.01299300 0.00474900 0.00075900
v 0.01299300 0.00000000 0.00075900
v 0.01293700 0.00474900 0.00082800
v 0.01293700 0.00000000 0.00082800
v 0.01287600 0.00474900 0.00089200
v 0.01287600 0.00000000 0.00089200
v 0.01281100 0.00474900 0.00095100
v 0.01281100 0.00000000 0.00095100
v 0.01274200 0.00474900 0.00100600
v 0.01274200 0.00000000 0.00100600
v 0.01266900 0.00474900 0.00105600
v 0.01266900 0.00000000 0.00105600
v 0.01259300 0.00474900 0.00110000
v 0.01259300 0.00000000 0.00110000
v 0.01251400 0.00474900 0.00114000
v 0.01251400 0.00000000 0.00114000
v 0.01243200 0.00474900 0.00117300
v 0.01243200 0.00000000 0.00117300
v 0.01234800 0.00474900 0.00120000
v 0.01234800 0.00000000 0.00120000
v 0.01226300 0.00474900 0.00122200
v 0.01226300 0.00000000 0.00122200
v 0.01217600 0.00474900 0.00123800
v 0.01217600 0.00000000 0.00123800
v 0.01208800 0.00474900 0.00124700
v 0.01208800 0.00000000 0.00124700
v 0.06502300 0.00549900 -0.00189400
v 0.06508800 0.00551200 -0.00176900
v 0.06502300 0.00549900 0.00189400
v 0.06495400 0.00548400 0.00201700
v 0.06495400 0.00548400 0.00201700
v 0.06255500 0.00497400 -0.00385800
v 0.06228100 0.00491600 -0.00392300
v 0.03757800 -0.00033500 -0.00884100
v 0.03757800 -0.00033500 -0.00505000
v 0.06282400 0.00503100 0.00377400
v 0.06255500 0.00497400 0.00385800
v 0.06228100 0.00491600 0.00392300
v 0.03915400 0.00000000 0.00505000
v 0.03757800 -0.00033500 0.00884100
v 0.03757800 -0.00033500 0.00505000
v 0.06282400 0.00503100 -0.00377400
v 0.06308700 0.00508700 -0.00367200
v 0.06334100 0.00514100 -0.00355100
v 0.06520300 0.00553700 0.00151200
v 0.06514800 0.00552500 0.00164100
v 0.06508800 0.00551200 0.00176900
v 0.06358700 0.00519300 0.00341200
v 0.06334100 0.00514100 0.00355100
v 0.06308700 0.00508700 0.00367200
v 0.06358700 0.00519300 -0.00341200
v 0.06382200 0.00524300 -0.00325700
v 0.06404600 0.00529100 -0.00308500
v 0.06514800 0.00552500 -0.00164100
v 0.06520300 0.00553700 -0.00151200
v 0.06525400 0.00554800 -0.00138100
v 0.06425700 0.00533600 0.00289800
v 0.06404600 0.00529100 0.00308500
v 0.06382200 0.00524300 0.00325700
v 0.06534200 0.00556600 0.00111300
v 0.06530100 0.00555800 0.00124700
v 0.06525400 0.00554800 0.00138100
v 0.06425700 0.00533600 -0.00289800
v 0.06445400 0.00537800 -0.00269700
v 0.06463600 0.00541600 -0.00248200
v 0.06480300 0.00545200 -0.00225500
v 0.06495400 0.00548400 -0.00201700
v 0.06480300 0.00545200 0.00225500
v 0.06463600 0.00541600 0.00248200
v 0.06445400 0.00537800 0.00269700
v 0.06530100 0.00555800 -0.00124700
v 0.06534200 0.00556600 -0.00111300
v 0.06537900 0.00557400 -0.00097700
v 0.06543800 0.00558700 0.00070100
v 0.06541100 0.00558100 0.00083900
v 0.06537900 0.00557400 0.00097700
v 0.06541100 0.00558100 -0.00083900
v 0.06543800 0.00558700 -0.00070100
v 0.06546000 0.00559200 -0.00056200
v 0.06549000 0.00559800 0.00028200
v 0.06547800 0.00559500 0.00042200
v 0.06546000 0.00559200 0.00056200
v 0.06547800 0.00559500 -0.00042200
v 0.06549000 0.00559800 -0.00028200
v 0.06549800 0.00559900 -0.00014100
v 0.06550000 0.00560000 -0.00000000
v 0.06549800 0.00559900 0.00014100
v 0.03732900 -0.00039600 -0.00505000
v 0.03732900 -0.00039600 -0.00889000
v 0.03708500 -0.00047300 -0.00505000
v 0.03708500 -0.00047300 -0.00893900
v 0.03684600 -0.00056600 -0.00505000
v 0.03684600 -0.00056600 -0.00898600
v 0.03661400 -0.00067300 -0.00505000
v 0.03661400 -0.00067300 -0.00903200
v 0.03638900 -0.00079500 -0.00505000
v 0.03638900 -0.00079500 -0.00907700
v 0.03617200 -0.00093200 -0.00505000
v 0.03617200 -0.00093200 -0.00912000
v 0.03596500 -0.00108100 -0.00505000
v 0.03596500 -0.00108100 -0.00916200
v 0.03576700 -0.00124400 -0.00505000
v 0.03576700 -0.00124400 -0.00920100
v 0.03576700 -0.00124400 0.00505000
v 0.03576700 -0.00124400 0.00920100
v 0.03596500 -0.00108100 0.00505000
v 0.03596500 -0.00108100 0.00916200
v 0.03617200 -0.00093200 0.00505000
v 0.03617200 -0.00093200 0.00912000
v 0.03638900 -0.00079500 0.00505000
v 0.03638900 -0.00079500 0.00907700
v 0.03661400 -0.00067300 0.00505000
v 0.03661400 -0.00067300 0.00903200
v 0.03684600 -0.00056600 0.00505000
v 0.03684600 -0.00056600 0.00898600
v 0.03708500 -0.00047300 0.00505000
v 0.03708500 -0.00047300 0.00893900
v 0.03732900 -0.00039600 0.00505000
v 0.03732900 -0.00039600 0.00889000
v 0.00600000 -0.00550000 -0.00505000
v 0.00550000 -0.00600000 -0.00555000
v 0.03150000 -0.00550000 -0.00505000
v 0.03100000 -0.00600000 -0.00555000
v 0.00600000 -0.00000000 -0.00505000
v 0.00550000 0.00050000 -0.00555000
v 0.00600000 -0.00550000 -0.00505000
v 0.00550000 -0.00600000 -0.00555000
v 0.00600000 0.00000000 0.00505000
v 0.00550000 0.00050000 0.00555000
v 0.00600000 -0.00000000 -0.00505000
v 0.00550000 0.00050000 -0.00555000
v 0.00600000 -0.00550000 0.00505000
v 0.00550000 -0.00600000 0.00555000
v 0.00600000 0.00000000 0.00505000
v 0.00550000 0.00050000 0.00555000
v 0.00550000 -0.00600000 0.00555000
v 0.00600000 -0.00550000 0.00505000
v 0.03100000 -0.00600000 0.00555000
v 0.03150000 -0.00550000 0.00505000
v 0.00550000 -0.00600000 -0.00965000
v 0.00600000 -0.00550000 -0.01015000
v 0.03100000 -0.00600000 -0.00965000
v 0.03100000 -0.00550000 -0.01015000
v 0.03141700 -0.00558300 -0.01006700
v 0.00550000 0.00570000 -0.00965000
v 0.00600000 0.00620000 -0.01015000
v 0.00550000 -0.00600000 -0.00965000
v 0.00600000 -0.00550000 -0.01015000
v 0.00550000 0.00570000 0.00965000
v 0.00600000 0.00620000 0.01015000
v 0.00550000 0.00570000 -0.00965000
v 0.00600000 0.00620000 -0.01015000
v 0.00550000 -0.00600000 0.00965000
v 0.00600000 -0.00550000 0.01015000
v 0.00550000 0.00570000 0.00965000
v 0.00600000 0.00620000 0.01015000
v 0.00600000 -0.00550000 0.01015000
v 0.00550000 -0.00600000 0.00965000
v 0.03100000 -0.00550000 0.01015000
v 0.03100000 -0.00600000 0.00965000
v 0.03141700 -0.00558300 0.01006700
vn -0.00000000 -1.00000000 -0.00000000
vn -0.00000000 -1.00000000 -0.00000000
vn -0.00000000 -1.00000000 -0.00000000
vn -0.00000000 -1.00000000 -0.00000000
vn 0.70710000 -0.70710000 -0.00000000
vn 0.70710000 -0.70710000 -0.00000000
vn 0.70710000 -0.70710000 -0.00000000
vn 0.70710000 -0.70710000 -0.00000000
vn 0.69580000 -0.71830000 -0.00000000
vn 0.69570000 -0.71830000 -0.00000000
vn -0.00000000 -0.00000000 -1.00000000
vn 0.09810000 -0.00000000 -0.99520000
vn -0.00000000 -0.00000000 -1.00000000
vn 0.13070000 -0.00000000 -0.99140000
vn -0.00000000 -1.00000000 -0.00000000
vn -0.00000000 -1.00000000 -0.00000000
vn -0.00000000 -1.00000000 -0.00000000
vn -0.00000000 -1.00000000 -0.00000000
vn 0.09810000 -0.00000000 0.99520000
vn 0.16770000 -0.00000000 0.98580000
vn -0.00000000 -0.00000000 1.00000000
vn -0.00000000 -0.00000000 1.00000000
vn -0.00000000 1.00000000 -0.00000000
vn -0.00000000 1.00000000 -0.00000000
vn -0.00000000 1.00000000 -0.00000000
vn -0.00000000 1.00000000 -0.00000000
vn -0.00000000 1.00000000 -0.00000000
vn -0.00000000 1.00000000 -0.00000000
vn -0.00000000 1.00000000 -0.00000000
vn -0.00000000 1.00000000 -0.00000000
vn -0.00000000 1.00000000 -0.00000000
vn -0.00000000 1.00000000 -0.00000000
vn -0.00000000 1.00000000 -0.00000000
vn -0.00000000 1.00000000 -0.00000000
vn -0.00000000 1.00000000 -0.00000000
vn -0.00000000 1.00000000 -0.00000000
vn -0.00000000 1.00000000 -0.00000000
vn -0.00000000 1.00000000 -0.00000000
vn -0.00000000 1.00000000 -0.00000000
vn -0.00000000 1.00000000 -0.00000000
vn -0.00000000 1.00000000 -0.00000000
vn -0.00000000 1.00000000 -0.00000000
vn -0.00000000 1.00000000 -0.00000000
vn -0.00000000 1.00000000 -0.00000000
vn -0.00000000 1.00000000 -0.00000000
vn -0.00000000 1.00000000 -0.00000000
vn -0.00000000 1.00000000 -0.00000000
vn -0.00000000 1.00000000 -0.00000000
vn -0.00000000 1.00000000 -0.00000000
vn -0.00000000 1.00000000 -0.00000000
vn -0.00000000 1.00000000 -0.00000000
vn -0.00000000 1.00000000 -0.00000000
vn -0.00000000 1.00000000 -0.00000000
vn -0.00000000 1.00000000 -0.00000000
vn -0.00000000 1.00000000 -0.00000000
vn -0.00000000 1.00000000 -0.00000000
vn -0.00000000 1.00000000 -0.00000000
vn -0.00000000 1.00000000 -0.00000000
vn -0.00000000 1.00000000 -0.00000000
vn -0.00000000 1.00000000 -0.00000000
vn -0.00000000 1.00000000 -0.00000000
vn -0.00000000 1.00000000 -0.00000000
vn -0.00000000 1.00000000 -0.00000000
vn -0.00000000 1.00000000 -0.00000000
vn -0.00000000 1.00000000 -0.00000000
vn -0.00000000 1.00000000 -0.00000000
vn 0.19520000 -0.00000000 0.98080000
vn 0.19520000 -0.00000000 0.98080000
vn 0.19510000 -0.00000000 0.98080000
vn 0.19530000 0.00010000 0.98070000
vn 0.19530000 0.00010000 0.98070000
vn 0.19530000 -0.00000000 0.98070000
vn 0.19520000 -0.00010000 0.98080000
vn 0.19520000 -0.00000000 0.98080000
vn 0.19540000 0.00020000 0.98070000
vn 0.21250000 -0.00000000 0.97720000
vn 0.21250000 -0.00000000 0.97720000
vn 0.19490000 -0.00030000 0.98080000
vn 0.19510000 -0.00010000 0.98080000
vn 0.19520000 -0.00000000 -0.98080000
vn 0.19520000 -0.00000000 -0.98080000
vn 0.19520000 -0.00000000 -0.98080000
vn 0.19520000 -0.00010000 -0.98080000
vn 0.19520000 -0.00000000 -0.98080000
vn 0.19530000 0.00010000 -0.98070000
vn 0.19520000 -0.00010000 -0.98080000
vn 0.19530000 -0.00000000 -0.98070000
vn 0.19530000 0.00010000 -0.98070000
vn 0.19510000 -0.00010000 -0.98080000
vn 0.19540000 0.00020000 -0.98070000
vn 0.19520000 -0.00000000 -0.98080000
vn 0.21250000 -0.00000000 -0.97720000
vn 0.21250000 -0.00000000 -0.97720000
vn 0.19500000 -0.00020000 -0.98080000
vn 0.99750000 0.00410000 -0.07060000
vn 0.99310000 0.00280000 -0.11730000
vn 0.99610000 0.00210000 -0.08800000
vn 0.25250000 -0.00000000 -0.96760000
vn 0.27510000 -0.00000000 -0.96140000
vn 0.32000000 -0.00000000 -0.94740000
vn 0.34210000 -0.00000000 -0.93970000
vn 0.38590000 -0.00000000 -0.92250000
vn 0.40750000 -0.00000000 -0.91320000
vn 0.44990000 -0.00000000 -0.89310000
vn 0.47080000 -0.00000000 -0.88220000
vn 0.51170000 -0.00000000 -0.85920000
vn 0.53170000 -0.00000000 -0.84690000
vn 0.57090000 -0.00000000 -0.82100000
vn 0.59000000 -0.00000000 -0.80740000
vn 0.62730000 -0.00000000 -0.77880000
vn 0.64540000 -0.00000000 -0.76380000
vn 0.68060000 -0.00000000 -0.73270000
vn 0.69760000 -0.00000000 -0.71650000
vn 0.73050000 -0.00000000 -0.68290000
vn 0.74630000 -0.00000000 -0.66560000
vn 0.77680000 -0.00000000 -0.62980000
vn 0.79130000 -0.00000000 -0.61140000
vn 0.81920000 -0.00000000 -0.57350000
vn 0.83240000 -0.00000000 -0.55410000
vn 0.86700000 0.00140000 -0.49830000
vn 0.85910000 -0.00000000 -0.51190000
vn 0.90450000 0.00180000 -0.42650000
vn 0.93230000 0.00190000 -0.36170000
vn 0.92120000 0.00240000 -0.38900000
vn 0.91180000 0.00360000 -0.41060000
vn 0.89150000 0.00230000 -0.45300000
vn 0.88060000 0.00350000 -0.47390000
vn 0.95540000 0.00190000 -0.29520000
vn 0.97390000 0.00200000 -0.22710000
vn 0.96680000 0.00250000 -0.25570000
vn 0.96040000 0.00390000 -0.27840000
vn 0.94630000 0.00250000 -0.32320000
vn 0.93840000 0.00380000 -0.34550000
vn 0.98740000 0.00200000 -0.15800000
vn 0.99010000 0.00410000 -0.14060000
vn 0.98240000 0.00250000 -0.18690000
vn 0.97770000 0.00400000 -0.20990000
vn 0.99890000 0.00270000 -0.04700000
vn 0.99960000 0.00140000 -0.02940000
vn 1.00000000 0.00140000 -0.00000000
vn 0.99940000 0.00210000 0.03520000
vn 0.99940000 -0.00000000 0.03520000
vn 0.99750000 0.00140000 0.07040000
vn 0.99440000 0.00210000 0.10550000
vn 0.99440000 -0.00000000 0.10590000
vn 0.99010000 0.00120000 0.14070000
vn 0.98450000 0.00210000 0.17530000
vn 0.98450000 -0.00000000 0.17550000
vn 0.97770000 0.00130000 0.20980000
vn 0.96970000 0.00200000 0.24420000
vn 0.96970000 -0.00000000 0.24440000
vn 0.96050000 0.00100000 0.27830000
vn 0.95010000 0.00190000 0.31190000
vn 0.95010000 -0.00000000 0.31180000
vn 0.93850000 0.00120000 0.34520000
vn 0.92580000 0.00180000 0.37800000
vn 0.92580000 -0.00000000 0.37800000
vn 0.91190000 0.00120000 0.41040000
vn 0.89690000 0.00190000 0.44220000
vn 0.89690000 -0.00000000 0.44230000
vn 0.88080000 0.00120000 0.47360000
vn 0.86650000 0.00120000 0.49920000
vn 0.85450000 -0.00000000 0.51940000
vn 0.83240000 -0.00000000 0.55410000
vn 0.81920000 -0.00000000 0.57350000
vn 0.79130000 -0.00000000 0.61140000
vn 0.77680000 -0.00000000 0.62980000
vn 0.74630000 -0.00000000 0.66560000
vn 0.73050000 -0.00000000 0.68290000
vn 0.69760000 -0.00000000 0.71650000
vn 0.68060000 -0.00000000 0.73270000
vn 0.64540000 -0.00000000 0.76380000
vn 0.62730000 -0.00000000 0.77880000
vn 0.59000000 -0.00000000 0.80740000
vn 0.57090000 -0.00000000 0.82100000
vn 0.53170000 -0.00000000 0.84690000
vn 0.51170000 -0.00000000 0.85920000
vn 0.47080000 -0.00000000 0.88230000
vn 0.44990000 -0.00000000 0.89310000
vn 0.40750000 -0.00000000 0.91320000
vn 0.38590000 -0.00000000 0.92250000
vn 0.34210000 -0.00000000 0.93970000
vn 0.32000000 -0.00000000 0.94740000
vn 0.27510000 -0.00000000 0.96140000
vn 0.25250000 -0.00000000 0.96760000
vn 0.69580000 -0.71830000 -0.00000000
vn 0.69580000 -0.71830000 -0.00000000
vn 0.70710000 -0.70710000 -0.00000000
vn 0.70710000 -0.70710000 -0.00000000
vn 0.70710000 -0.70710000 -0.00000000
vn 0.70710000 -0.70710000 -0.00000000
vn -1.00000000 -0.00000000 -0.00000000
vn -1.00000000 -0.00000000 -0.00000000
vn -1.00000000 -0.00000000 -0.00000000
vn -1.00000000 -0.00000000 -0.00000000
vn -1.00000000 -0.00000000 -0.00000000
vn -1.00000000 -0.00000000 -0.00000000
vn -1.00000000 -0.00000000 -0.00000000
vn -1.00000000 -0.00000000 -0.00000000
vn -0.00000000 -0.00000000 -1.00000000
vn -0.00000000 -0.00000000 -1.00000000
vn -0.00000000 -0.00000000 -1.00000000
vn -0.00000000 -0.00000000 -1.00000000
vn -0.00000000 -0.00000000 -1.00000000
vn -0.00000000 -0.00000000 -1.00000000
vn -0.00000000 -0.00000000 -1.00000000
vn -0.00000000 -0.00000000 -1.00000000
vn -0.00000000 -0.00000000 -1.00000000
vn -0.00000000 -0.00000000 -1.00000000
vn -0.00000000 -0.00000000 -1.00000000
vn -0.00000000 -0.00000000 -1.00000000
vn -0.00000000 -0.00000000 -1.00000000
vn -0.00000000 -0.00000000 -1.00000000
vn -0.00000000 -0.00000000 1.00000000
vn -0.00000000 -0.00000000 1.00000000
vn -0.00000000 -0.00000000 1.00000000
vn -0.00000000 -0.00000000 1.00000000
vn -0.00000000 -0.00000000 1.00000000
vn -0.00000000 -0.00000000 1.00000000
vn -0.00000000 -0.00000000 1.00000000
vn -0.00000000 -0.00000000 1.00000000
vn -0.00000000 -0.00000000 1.00000000
vn -0.00000000 -0.00000000 1.00000000
vn -0.00000000 -0.00000000 1.00000000
vn -0.00000000 -0.00000000 1.00000000
vn -0.00000000 -0.00000000 1.00000000
vn -0.00000000 -0.00000000 1.00000000
vn -0.00000000 -1.00000000 -0.00000000
vn -0.00000000 -1.00000000 -0.00000000
vn -0.00000000 -1.00000000 -0.00000000
vn -0.00000000 -1.00000000 -0.00000000
vn -0.00000000 -1.00000000 -0.00000000
vn -0.00000000 -1.00000000 -0.00000000
vn -0.00000000 -1.00000000 -0.00000000
vn -0.00000000 -1.00000000 -0.00000000
vn -0.00000000 -1.00000000 -0.00000000
vn -0.00000000 -1.00000000 -0.00000000
vn -0.00000000 -1.00000000 -0.00000000
vn -0.00000000 -1.00000000 -0.00000000
vn -0.00000000 -1.00000000 -0.00000000
vn -0.00000000 -1.00000000 -0.00000000
vn -0.00000000 -1.00000000 -0.00000000
vn -0.00000000 -1.00000000 -0.00000000
vn -0.00000000 -1.00000000 -0.00000000
vn -0.00000000 -1.00000000 -0.00000000
vn -0.00000000 -1.00000000 -0.00000000
vn -0.00000000 -1.00000000 -0.00000000
vn -0.00000000 -1.00000000 -0.00000000
vn -0.00000000 -1.00000000 -0.00000000
vn 0.01490000 -0.99990000 -0.00000000
vn -0.00000000 -1.00000000 -0.00000000
vn -0.00000000 -1.00000000 -0.00000000
vn -0.00000000 -1.00000000 -0.00000000
vn -0.00000000 -1.00000000 -0.00000000
vn -0.00000000 -1.00000000 -0.00000000
vn -0.00000000 -1.00000000 -0.00000000
vn -0.00000000 -1.00000000 -0.00000000
vn -0.00000000 -1.00000000 -0.00000000
vn -0.00000000 -1.00000000 -0.00000000
vn -0.00000000 -1.00000000 -0.00000000
vn -0.00000000 -1.00000000 -0.00000000
vn -0.00000000 -1.00000000 -0.00000000
vn -0.00000000 -1.00000000 -0.00000000
vn -0.00000000 -1.00000000 -0.00000000
vn -0.00000000 -1.00000000 -0.00000000
vn -0.00000000 -1.00000000 -0.00000000
vn -0.00000000 -1.00000000 -0.00000000
vn -0.00000000 -1.00000000 -0.00000000
vn -0.00000000 -1.00000000 -0.00000000
vn -0.00000000 -1.00000000 -0.00000000
vn -0.00000000 -1.00000000 -0.00000000
vn -0.00000000 -1.00000000 -0.00000000
vn -0.00000000 -1.00000000 -0.00000000
vn -0.00000000 -1.00000000 -0.00000000
vn -0.00000000 -1.00000000 -0.00000000
vn -0.00000000 -1.00000000 -0.00000000
vn -0.00000000 -1.00000000 -0.00000000
vn -0.00000000 -1.00000000 -0.00000000
vn -0.00000000 -1.00000000 -0.00000000
vn -0.00000000 -1.00000000 -0.00000000
vn -0.00000000 -1.00000000 -0.00000000
vn -0.00000000 -1.00000000 -0.00000000
vn -0.00000000 -1.00000000 -0.00000000
vn -0.00000000 -1.00000000 -0.00000000
vn -0.00000000 -1.00000000 -0.00000000
vn -0.00000000 -1.00000000 -0.00000000
vn -0.00000000 -1.00000000 -0.00000000
vn -0.00000000 -1.00000000 -0.00000000
vn -0.00000000 -1.00000000 -0.00000000
vn -0.00000000 -1.00000000 -0.00000000
vn -0.00000000 -1.00000000 -0.00000000
vn -0.00000000 -1.00000000 -0.00000000
vn -0.00000000 -1.00000000 -0.00000000
vn -0.00000000 -1.00000000 -0.00000000
vn -0.00000000 -1.00000000 -0.00000000
vn -0.00000000 -1.00000000 -0.00000000
vn -0.00000000 -1.00000000 -0.00000000
vn -0.00000000 -1.00000000 -0.00000000
vn -0.00000000 -1.00000000 -0.00000000
vn -0.00000000 -1.00000000 -0.00000000
vn -0.00000000 -1.00000000 -0.00000000
vn -0.00000000 -1.00000000 -0.00000000
vn -0.00000000 -1.00000000 -0.00000000
vn -0.00000000 -1.00000000 -0.00000000
vn -0.00000000 -1.00000000 -0.00000000
vn -0.00000000 -1.00000000 -0.00000000
vn -0.00000000 -1.00000000 -0.00000000
vn -0.00000000 -1.00000000 -0.00000000
vn -0.00000000 -1.00000000 -0.00000000
vn -0.00000000 -1.00000000 -0.00000000
vn -0.00000000 -1.00000000 -0.00000000
vn -0.00000000 -1.00000000 -0.00000000
vn -0.00000000 -1.00000000 -0.00000000
vn -0.00000000 -1.00000000 -0.00000000
vn -0.00000000 -1.00000000 -0.00000000
vn -0.00000000 -1.00000000 -0.00000000
vn -0.00000000 -1.00000000 -0.00000000
vn -0.00000000 -1.00000000 -0.00000000
vn -0.00000000 -1.00000000 -0.00000000
vn -0.00000000 -1.00000000 -0.00000000
vn -0.00000000 -1.00000000 -0.00000000
vn -0.00000000 -1.00000000 -0.00000000
vn -0.00000000 -1.00000000 -0.00000000
vn -0.00000000 -1.00000000 -0.00000000
vn -0.00000000 -1.00000000 -0.00000000
vn -0.00000000 -1.00000000 -0.00000000
vn -0.00000000 -1.00000000 -0.00000000
vn -0.00000000 -1.00000000 -0.00000000
vn -0.00000000 -1.00000000 -0.00000000
vn -0.00000000 -1.00000000 -0.00000000
vn -0.00000000 -1.00000000 -0.00000000
vn 0.13410000 -0.99100000 -0.00000000
vn -0.00000000 -1.00000000 -0.00000000
vn -0.00000000 -1.00000000 -0.00000000
vn -0.00000000 -1.00000000 -0.00000000
vn -0.00000000 -1.00000000 -0.00000000
vn -0.00000000 -1.00000000 -0.00000000
vn -0.00000000 -1.00000000 -0.00000000
vn -0.00000000 -1.00000000 -0.00000000
vn -0.00000000 -1.00000000 -0.00000000
vn -0.00000000 -1.00000000 -0.00000000
vn -0.00000000 -1.00000000 -0.00000000
vn -0.00000000 -1.00000000 -0.00000000
vn -0.00000000 -1.00000000 -0.00000000
vn -0.00000000 -1.00000000 -0.00000000
vn -0.00000000 -1.00000000 -0.00000000
vn -0.00000000 -1.00000000 -0.00000000
vn -0.00000000 -1.00000000 -0.00000000
vn -0.00000000 -1.00000000 -0.00000000
vn -0.00000000 -1.00000000 -0.00000000
vn -0.00000000 -1.00000000 -0.00000000
vn -0.00000000 -1.00000000 -0.00000000
vn -0.00000000 -1.00000000 -0.00000000
vn -0.00000000 -1.00000000 -0.00000000
vn -0.00000000 -1.00000000 -0.00000000
vn -0.00000000 -1.00000000 -0.00000000
vn -0.00000000 -1.00000000 -0.00000000
vn -0.00000000 -1.00000000 -0.00000000
vn -0.00000000 -1.00000000 -0.00000000
vn -0.00000000 -1.00000000 -0.00000000
vn -0.00000000 -1.00000000 -0.00000000
vn -0.00000000 -1.00000000 -0.00000000
vn -0.00000000 -1.00000000 -0.00000000
vn -0.00000000 -1.00000000 -0.00000000
vn -0.00000000 -1.00000000 -0.00000000
vn -0.00000000 -1.00000000 -0.00000000
vn -0.00000000 -1.00000000 -0.00000000
vn -0.00000000 -1.00000000 -0.00000000
vn -0.00000000 -1.00000000 -0.00000000
vn -0.00000000 -1.00000000 -0.00000000
vn -0.00000000 -1.00000000 -0.00000000
vn -0.00000000 -1.00000000 -0.00000000
vn -0.00000000 -1.00000000 -0.00000000
vn -0.00000000 -1.00000000 -0.00000000
vn -0.00000000 -1.00000000 -0.00000000
vn -0.00000000 -1.00000000 -0.00000000
vn -0.00000000 -1.00000000 -0.00000000
vn -0.00000000 -1.00000000 -0.00000000
vn -0.00000000 -1.00000000 -0.00000000
vn -0.00000000 -1.00000000 -0.00000000
vn -0.00000000 -1.00000000 -0.00000000
vn -0.00000000 -1.00000000 -0.00000000
vn -0.00000000 -1.00000000 -0.00000000
vn -0.00000000 -1.00000000 -0.00000000
vn -0.00000000 -1.00000000 -0.00000000
vn -0.00000000 -1.00000000 -0.00000000
vn -0.00000000 -1.00000000 -0.00000000
vn -0.00000000 -1.00000000 -0.00000000
vn -0.00000000 -1.00000000 -0.00000000
vn -0.00000000 -1.00000000 -0.00000000
vn -0.00000000 -1.00000000 -0.00000000
vn -0.00000000 -1.00000000 -0.00000000
vn -0.00000000 -1.00000000 -0.00000000
vn -0.00000000 -1.00000000 -0.00000000
vn -0.00000000 -1.00000000 -0.00000000
vn -0.00000000 -1.00000000 -0.00000000
vn -0.00000000 -1.00000000 -0.00000000
vn -0.00000000 -1.00000000 -0.00000000
vn -0.00000000 -1.00000000 -0.00000000
vn -0.00000000 -1.00000000 -0.00000000
vn -0.00000000 -1.00000000 -0.00000000
vn -0.00000000 -1.00000000 -0.00000000
vn -0.00000000 -1.00000000 -0.00000000
vn -0.00000000 -1.00000000 -0.00000000
vn -0.00000000 -1.00000000 -0.00000000
vn -0.00000000 -1.00000000 -0.00000000
vn -0.00000000 -1.00000000 -0.00000000
vn -0.00000000 -1.00000000 -0.00000000
vn -0.00000000 -1.00000000 -0.00000000
vn -0.00000000 -1.00000000 -0.00000000
vn -0.00000000 -1.00000000 -0.00000000
vn -0.00000000 -1.00000000 -0.00000000
vn -0.00000000 -1.00000000 -0.00000000
vn -0.00000000 -0.85720000 -0.51500000
vn 0.03620000 -0.85720000 -0.51380000
vn 0.10830000 -0.85720000 -0.50350000
vn 0.14340000 -0.85710000 -0.49480000
vn 0.07240000 -0.85720000 -0.50990000
vn 0.21170000 -0.85720000 -0.46950000
vn 0.24430000 -0.85720000 -0.45340000
vn 0.17810000 -0.85720000 -0.48330000
vn 0.30560000 -0.85720000 -0.41450000
vn 0.33410000 -0.85720000 -0.39190000
vn 0.27570000 -0.85720000 -0.43510000
vn 0.38600000 -0.85720000 -0.34100000
vn 0.40910000 -0.85720000 -0.31290000
vn 0.36100000 -0.85720000 -0.36740000
vn 0.44900000 -0.85720000 -0.25230000
vn 0.46580000 -0.85720000 -0.21980000
vn 0.43000000 -0.85720000 -0.28340000
vn 0.49200000 -0.85720000 -0.15210000
vn 0.50160000 -0.85710000 -0.11730000
vn 0.48010000 -0.85720000 -0.18660000
vn 0.51300000 -0.85720000 -0.04540000
vn 0.51500000 -0.85720000 -0.00910000
vn 0.50860000 -0.85720000 -0.08160000
vn 0.51110000 -0.85720000 0.06350000
vn 0.50520000 -0.85730000 0.09920000
vn 0.51430000 -0.85720000 0.02720000
vn 0.48630000 -0.85720000 0.16950000
vn 0.47320000 -0.85720000 0.20340000
vn 0.49710000 -0.85720000 0.13480000
vn 0.43980000 -0.85720000 0.26790000
vn 0.41990000 -0.85720000 0.29830000
vn 0.45770000 -0.85720000 0.23610000
vn 0.37380000 -0.85720000 0.35430000
vn 0.34770000 -0.85720000 0.37990000
vn 0.39780000 -0.85720000 0.32710000
vn 0.29080000 -0.85720000 0.42510000
vn 0.26020000 -0.85720000 0.44450000
vn 0.32010000 -0.85720000 0.40350000
vn 0.19500000 -0.85720000 0.47670000
vn 0.16110000 -0.85710000 0.48930000
vn 0.22820000 -0.85700000 0.46200000
vn 0.09020000 -0.85720000 0.50690000
vn 0.05440000 -0.85720000 0.51220000
vn 0.12600000 -0.85720000 0.49940000
vn -0.01820000 -0.85720000 0.51470000
vn -0.05440000 -0.85720000 0.51220000
vn 0.01820000 -0.85720000 0.51470000
vn -0.12600000 -0.85720000 0.49940000
vn -0.16110000 -0.85710000 0.48930000
vn -0.09020000 -0.85730000 0.50690000
vn -0.22820000 -0.85700000 0.46200000
vn -0.26020000 -0.85720000 0.44450000
vn -0.19500000 -0.85720000 0.47670000
vn -0.32010000 -0.85720000 0.40350000
vn -0.34770000 -0.85720000 0.37990000
vn -0.29090000 -0.85730000 0.42480000
vn -0.39780000 -0.85720000 0.32720000
vn -0.41990000 -0.85720000 0.29830000
vn -0.37380000 -0.85720000 0.35430000
vn -0.45770000 -0.85720000 0.23610000
vn -0.47320000 -0.85720000 0.20340000
vn -0.43980000 -0.85720000 0.26790000
vn -0.49710000 -0.85720000 0.13480000
vn -0.50540000 -0.85710000 0.09940000
vn -0.48630000 -0.85720000 0.16960000
vn -0.51430000 -0.85720000 0.02720000
vn -0.51500000 -0.85720000 -0.00910000
vn -0.51110000 -0.85720000 0.06350000
vn -0.50860000 -0.85720000 -0.08160000
vn -0.50160000 -0.85710000 -0.11730000
vn -0.51300000 -0.85720000 -0.04540000
vn -0.48010000 -0.85710000 -0.18660000
vn -0.46580000 -0.85720000 -0.21980000
vn -0.49200000 -0.85720000 -0.15210000
vn -0.43000000 -0.85720000 -0.28340000
vn -0.40930000 -0.85720000 -0.31270000
vn -0.44900000 -0.85720000 -0.25220000
vn -0.36100000 -0.85720000 -0.36740000
vn -0.33410000 -0.85720000 -0.39190000
vn -0.38600000 -0.85720000 -0.34100000
vn -0.27570000 -0.85720000 -0.43510000
vn -0.24440000 -0.85720000 -0.45330000
vn -0.30580000 -0.85720000 -0.41440000
vn -0.17810000 -0.85720000 -0.48330000
vn -0.14340000 -0.85710000 -0.49480000
vn -0.21170000 -0.85720000 -0.46950000
vn -0.07250000 -0.85720000 -0.50990000
vn -0.03630000 -0.85720000 -0.51370000
vn -0.10830000 -0.85720000 -0.50350000
vn -0.01180000 -0.00000000 -0.99990000
vn 0.01180000 -0.00000000 -0.99990000
vn 0.05880000 -0.00000000 -0.99830000
vn 0.08230000 -0.00000000 -0.99660000
vn 0.12910000 -0.00000000 -0.99160000
vn 0.15240000 -0.00000000 -0.98830000
vn 0.19870000 -0.00000000 -0.98010000
vn 0.22170000 -0.00000000 -0.97510000
vn 0.26730000 -0.00000000 -0.96360000
vn 0.28990000 -0.00000000 -0.95710000
vn 0.33460000 -0.00000000 -0.94240000
vn 0.35670000 -0.00000000 -0.93420000
vn 0.40030000 -0.00000000 -0.91640000
vn 0.42170000 -0.00000000 -0.90670000
vn 0.46390000 -0.00000000 -0.88590000
vn 0.48460000 -0.00000000 -0.87470000
vn 0.52530000 -0.00000000 -0.85090000
vn 0.54510000 -0.00000000 -0.83840000
vn 0.58400000 -0.00000000 -0.81180000
vn 0.60290000 -0.00000000 -0.79780000
vn 0.63980000 -0.00000000 -0.76850000
vn 0.65770000 -0.00000000 -0.75330000
vn 0.69240000 -0.00000000 -0.72150000
vn 0.70920000 -0.00000000 -0.70500000
vn 0.74160000 -0.00000000 -0.67090000
vn 0.75710000 -0.00000000 -0.65330000
vn 0.78710000 -0.00000000 -0.61680000
vn 0.80130000 -0.00000000 -0.59820000
vn 0.82860000 -0.00000000 -0.55980000
vn 0.84150000 -0.00000000 -0.54020000
vn 0.86600000 -0.00000000 -0.50000000
vn 0.87750000 -0.00000000 -0.47950000
vn 0.89910000 -0.00000000 -0.43770000
vn 0.90920000 -0.00000000 -0.41640000
vn 0.92780000 -0.00000000 -0.37310000
vn 0.93630000 -0.00000000 -0.35120000
vn 0.95180000 -0.00000000 -0.30680000
vn 0.95870000 -0.00000000 -0.28430000
vn 0.97100000 -0.00000000 -0.23890000
vn 0.97640000 -0.00000000 -0.21600000
vn 0.98550000 -0.00000000 -0.16980000
vn 0.98920000 -0.00000000 -0.14660000
vn 0.99500000 -0.00000000 -0.09980000
vn 0.99710000 -0.00000000 -0.07640000
vn 0.99960000 -0.00000000 -0.02940000
vn 1.00000000 -0.00000000 -0.00590000
vn 0.99910000 -0.00000000 0.04120000
vn 0.99790000 -0.00000000 0.06470000
vn 0.99380000 -0.00000000 0.11160000
vn 0.99090000 -0.00000000 0.13490000
vn 0.98340000 -0.00000000 0.18140000
vn 0.97890000 -0.00000000 0.20440000
vn 0.96820000 -0.00000000 0.25030000
vn 0.96200000 -0.00000000 0.27300000
vn 0.94810000 -0.00000000 0.31800000
vn 0.94040000 -0.00000000 0.34020000
vn 0.92330000 -0.00000000 0.38400000
vn 0.91400000 -0.00000000 0.40560000
vn 0.89390000 -0.00000000 0.44820000
vn 0.88310000 -0.00000000 0.46910000
vn 0.86010000 -0.00000000 0.51020000
vn 0.84780000 -0.00000000 0.53020000
vn 0.82190000 -0.00000000 0.56960000
vn 0.80830000 -0.00000000 0.58870000
vn 0.77970000 -0.00000000 0.62610000
vn 0.76480000 -0.00000000 0.64430000
vn 0.73360000 -0.00000000 0.67960000
vn 0.71740000 -0.00000000 0.69660000
vn 0.68390000 -0.00000000 0.72960000
vn 0.66650000 -0.00000000 0.74550000
vn 0.63070000 -0.00000000 0.77600000
vn 0.61230000 -0.00000000 0.79060000
vn 0.57440000 -0.00000000 0.81860000
vn 0.55500000 -0.00000000 0.83190000
vn 0.51520000 -0.00000000 0.85710000
vn 0.53520000 -0.00000000 0.84470000
vn 0.47430000 -0.00000000 0.88040000
vn 0.45350000 -0.00000000 0.89130000
vn 0.43240000 -0.00000000 0.90170000
vn 0.38950000 -0.00000000 0.92100000
vn 0.36770000 -0.00000000 0.92990000
vn 0.32350000 -0.00000000 0.94620000
vn 0.30120000 -0.00000000 0.95360000
vn 0.25600000 -0.00000000 0.96670000
vn 0.23320000 -0.00000000 0.97240000
vn 0.18710000 -0.00000000 0.98230000
vn 0.16400000 -0.00000000 0.98650000
vn 0.11740000 -0.00000000 0.99310000
vn 0.09400000 -0.00000000 0.99560000
vn 0.04700000 -0.00000000 0.99890000
vn 0.02350000 -0.00000000 0.99970000
vn -0.02350000 -0.00000000 0.99970000
vn -0.04700000 -0.00000000 0.99890000
vn -0.09400000 -0.00000000 0.99560000
vn -0.11740000 -0.00000000 0.99310000
vn -0.16400000 -0.00000000 0.98650000
vn -0.18710000 -0.00000000 0.98230000
vn -0.23320000 -0.00000000 0.97240000
vn -0.25600000 -0.00000000 0.96670000
vn -0.30120000 -0.00000000 0.95360000
vn -0.32350000 -0.00000000 0.94620000
vn -0.36770000 -0.00000000 0.92990000
vn -0.38950000 -0.00000000 0.92100000
vn -0.43240000 -0.00000000 0.90170000
vn -0.45350000 -0.00000000 0.89130000
vn -0.49490000 -0.00000000 0.86890000
vn -0.51520000 -0.00000000 0.85710000
vn -0.55500000 -0.00000000 0.83190000
vn -0.57440000 -0.00000000 0.81860000
vn -0.61230000 -0.00000000 0.79060000
vn -0.63070000 -0.00000000 0.77600000
vn -0.66650000 -0.00000000 0.74550000
vn -0.68380000 -0.00000000 0.72960000
vn -0.71740000 -0.00000000 0.69660000
vn -0.73360000 -0.00000000 0.67960000
vn -0.76480000 -0.00000000 0.64430000
vn -0.77970000 -0.00000000 0.62610000
vn -0.80830000 -0.00000000 0.58870000
vn -0.82190000 -0.00000000 0.56960000
vn -0.84780000 -0.00000000 0.53020000
vn -0.86010000 -0.00000000 0.51020000
vn -0.88310000 -0.00000000 0.46910000
vn -0.89390000 -0.00000000 0.44820000
vn -0.91400000 -0.00000000 0.40560000
vn -0.92330000 -0.00000000 0.38400000
vn -0.94040000 -0.00000000 0.34020000
vn -0.94810000 -0.00000000 0.31800000
vn -0.96200000 -0.00000000 0.27300000
vn -0.96820000 -0.00000000 0.25030000
vn -0.97890000 -0.00000000 0.20450000
vn -0.98340000 -0.00000000 0.18140000
vn -0.99090000 -0.00000000 0.13490000
vn -0.99380000 -0.00000000 0.11160000
vn -0.99790000 -0.00000000 0.06470000
vn -0.99910000 -0.00000000 0.04120000
vn -1.00000000 -0.00000000 -0.00590000
vn -0.99960000 -0.00000000 -0.02940000
vn -0.99710000 -0.00000000 -0.07640000
vn -0.99500000 -0.00000000 -0.09980000
vn -0.98920000 -0.00000000 -0.14660000
vn -0.98550000 -0.00000000 -0.16980000
vn -0.97640000 -0.00000000 -0.21600000
vn -0.97100000 -0.00000000 -0.23890000
vn -0.95870000 -0.00000000 -0.28430000
vn -0.95180000 -0.00000000 -0.30680000
vn -0.93630000 -0.00000000 -0.35120000
vn -0.92780000 -0.00000000 -0.37310000
vn -0.90920000 -0.00000000 -0.41640000
vn -0.89910000 -0.00000000 -0.43770000
vn -0.87750000 -0.00000000 -0.47950000
vn -0.86600000 -0.00000000 -0.50000000
vn -0.84150000 -0.00000000 -0.54020000
vn -0.82860000 -0.00000000 -0.55980000
vn -0.80130000 -0.00000000 -0.59820000
vn -0.78710000 -0.00000000 -0.61680000
vn -0.75710000 -0.00000000 -0.65330000
vn -0.74160000 -0.00000000 -0.67090000
vn -0.70920000 -0.00000000 -0.70500000
vn -0.69240000 -0.00000000 -0.72150000
vn -0.65770000 -0.00000000 -0.75330000
vn -0.63980000 -0.00000000 -0.76850000
vn -0.60290000 -0.00000000 -0.79780000
vn -0.58400000 -0.00000000 -0.81180000
vn -0.54510000 -0.00000000 -0.83840000
vn -0.52530000 -0.00000000 -0.85090000
vn -0.48460000 -0.00000000 -0.87470000
vn -0.46390000 -0.00000000 -0.88590000
vn -0.42170000 -0.00000000 -0.90670000
vn -0.40030000 -0.00000000 -0.91640000
vn -0.35670000 -0.00000000 -0.93420000
vn -0.33460000 -0.00000000 -0.94240000
vn -0.28990000 -0.00000000 -0.95710000
vn -0.26730000 -0.00000000 -0.96360000
vn -0.22170000 -0.00000000 -0.97510000
vn -0.19870000 -0.00000000 -0.98010000
vn -0.15240000 -0.00000000 -0.98830000
vn -0.12910000 -0.00000000 -0.99160000
vn -0.08230000 -0.00000000 -0.99660000
vn -0.05880000 -0.00000000 -0.99830000
vn -0.00000000 -1.00000000 -0.00000000
vn -0.00000000 -0.85720000 -0.51500000
vn 0.03620000 -0.85720000 -0.51380000
vn 0.10830000 -0.85720000 -0.50350000
vn 0.14340000 -0.85710000 -0.49480000
vn 0.07280000 -0.85730000 -0.50970000
vn 0.21180000 -0.85720000 -0.46940000
vn 0.24430000 -0.85720000 -0.45340000
vn 0.17810000 -0.85720000 -0.48330000
vn 0.30560000 -0.85720000 -0.41450000
vn 0.33410000 -0.85720000 -0.39190000
vn 0.27570000 -0.85720000 -0.43510000
vn 0.38600000 -0.85720000 -0.34100000
vn 0.40930000 -0.85720000 -0.31270000
vn 0.36100000 -0.85720000 -0.36740000
vn 0.44900000 -0.85720000 -0.25230000
vn 0.46580000 -0.85720000 -0.21980000
vn 0.43000000 -0.85720000 -0.28340000
vn 0.49200000 -0.85720000 -0.15220000
vn 0.50160000 -0.85710000 -0.11730000
vn 0.48010000 -0.85720000 -0.18630000
vn 0.51300000 -0.85720000 -0.04550000
vn 0.51500000 -0.85720000 -0.00910000
vn 0.50860000 -0.85720000 -0.08160000
vn 0.51110000 -0.85720000 0.06350000
vn 0.50520000 -0.85730000 0.09920000
vn 0.51430000 -0.85720000 0.02730000
vn 0.48630000 -0.85720000 0.16940000
vn 0.47320000 -0.85720000 0.20340000
vn 0.49710000 -0.85720000 0.13480000
vn 0.43980000 -0.85720000 0.26790000
vn 0.41990000 -0.85720000 0.29830000
vn 0.45770000 -0.85710000 0.23630000
vn 0.37380000 -0.85720000 0.35430000
vn 0.34770000 -0.85720000 0.37990000
vn 0.39780000 -0.85720000 0.32710000
vn 0.29080000 -0.85720000 0.42510000
vn 0.26020000 -0.85720000 0.44450000
vn 0.32010000 -0.85720000 0.40350000
vn 0.19500000 -0.85720000 0.47670000
vn 0.16080000 -0.85720000 0.48920000
vn 0.22800000 -0.85730000 0.46160000
vn 0.09020000 -0.85720000 0.50690000
vn 0.05450000 -0.85720000 0.51220000
vn 0.12600000 -0.85720000 0.49940000
vn -0.01820000 -0.85720000 0.51470000
vn -0.05440000 -0.85720000 0.51220000
vn 0.01820000 -0.85720000 0.51470000
vn -0.12600000 -0.85720000 0.49940000
vn -0.16110000 -0.85710000 0.48930000
vn -0.09050000 -0.85720000 0.50700000
vn -0.22820000 -0.85700000 0.46200000
vn -0.26020000 -0.85720000 0.44450000
vn -0.19500000 -0.85720000 0.47670000
vn -0.32010000 -0.85720000 0.40350000
vn -0.34770000 -0.85720000 0.37990000
vn -0.29070000 -0.85710000 0.42520000
vn -0.39780000 -0.85720000 0.32720000
vn -0.41990000 -0.85720000 0.29830000
vn -0.37380000 -0.85720000 0.35430000
vn -0.45770000 -0.85720000 0.23610000
vn -0.47320000 -0.85720000 0.20330000
vn -0.43980000 -0.85720000 0.26790000
vn -0.49710000 -0.85720000 0.13480000
vn -0.50520000 -0.85730000 0.09920000
vn -0.48630000 -0.85720000 0.16960000
vn -0.51430000 -0.85720000 0.02720000
vn -0.51490000 -0.85720000 -0.00880000
vn -0.51110000 -0.85720000 0.06350000
vn -0.50850000 -0.85720000 -0.08190000
vn -0.50160000 -0.85710000 -0.11730000
vn -0.51300000 -0.85720000 -0.04550000
vn -0.48010000 -0.85710000 -0.18660000
vn -0.46580000 -0.85720000 -0.21980000
vn -0.49200000 -0.85720000 -0.15210000
vn -0.43010000 -0.85720000 -0.28330000
vn -0.40930000 -0.85720000 -0.31270000
vn -0.44900000 -0.85720000 -0.25220000
vn -0.36100000 -0.85720000 -0.36740000
vn -0.33400000 -0.85720000 -0.39200000
vn -0.38590000 -0.85720000 -0.34100000
vn -0.27570000 -0.85720000 -0.43510000
vn -0.24440000 -0.85720000 -0.45330000
vn -0.30570000 -0.85720000 -0.41450000
vn -0.17810000 -0.85720000 -0.48330000
vn -0.14340000 -0.85710000 -0.49480000
vn -0.21170000 -0.85720000 -0.46950000
vn -0.07280000 -0.85730000 -0.50970000
vn -0.03620000 -0.85720000 -0.51380000
vn -0.10830000 -0.85720000 -0.50350000
vn -0.01180000 -0.00000000 -0.99990000
vn 0.01180000 -0.00000000 -0.99990000
vn 0.05880000 -0.00000000 -0.99830000
vn 0.08230000 -0.00000000 -0.99660000
vn 0.12910000 -0.00000000 -0.99160000
vn 0.15240000 -0.00000000 -0.98830000
vn 0.19870000 -0.00000000 -0.98010000
vn 0.22170000 -0.00000000 -0.97510000
vn 0.26730000 -0.00000000 -0.96360000
vn 0.28990000 -0.00000000 -0.95710000
vn 0.33470000 -0.00000000 -0.94230000
vn 0.35670000 -0.00000000 -0.93420000
vn 0.40030000 -0.00000000 -0.91640000
vn 0.42170000 -0.00000000 -0.90670000
vn 0.46390000 -0.00000000 -0.88590000
vn 0.48460000 -0.00000000 -0.87470000
vn 0.52530000 -0.00000000 -0.85090000
vn 0.54510000 -0.00000000 -0.83840000
vn 0.58400000 -0.00000000 -0.81180000
vn 0.60290000 -0.00000000 -0.79780000
vn 0.63980000 -0.00000000 -0.76860000
vn 0.65770000 -0.00000000 -0.75330000
vn 0.69240000 -0.00000000 -0.72150000
vn 0.70920000 -0.00000000 -0.70500000
vn 0.74160000 -0.00000000 -0.67090000
vn 0.75720000 -0.00000000 -0.65320000
vn 0.78710000 -0.00000000 -0.61690000
vn 0.80130000 -0.00000000 -0.59820000
vn 0.82860000 -0.00000000 -0.55980000
vn 0.84150000 -0.00000000 -0.54020000
vn 0.86600000 -0.00000000 -0.50000000
vn 0.87750000 -0.00000000 -0.47950000
vn 0.89910000 -0.00000000 -0.43770000
vn 0.90920000 -0.00000000 -0.41640000
vn 0.92780000 -0.00000000 -0.37310000
vn 0.93630000 -0.00000000 -0.35120000
vn 0.95180000 -0.00000000 -0.30680000
vn 0.95870000 -0.00000000 -0.28430000
vn 0.97100000 -0.00000000 -0.23890000
vn 0.97640000 -0.00000000 -0.21600000
vn 0.98550000 -0.00000000 -0.16980000
vn 0.98920000 -0.00000000 -0.14660000
vn 0.99500000 -0.00000000 -0.09980000
vn 0.99710000 -0.00000000 -0.07640000
vn 0.99960000 -0.00000000 -0.02940000
vn 1.00000000 -0.00000000 -0.00590000
vn 0.99920000 -0.00000000 0.04120000
vn 0.99790000 -0.00000000 0.06470000
vn 0.99380000 -0.00000000 0.11160000
vn 0.99090000 -0.00000000 0.13490000
vn 0.98340000 -0.00000000 0.18140000
vn 0.97890000 -0.00000000 0.20440000
vn 0.96820000 -0.00000000 0.25030000
vn 0.96200000 -0.00000000 0.27300000
vn 0.94810000 -0.00000000 0.31800000
vn 0.94040000 -0.00000000 0.34020000
vn 0.92330000 -0.00000000 0.38410000
vn 0.91400000 -0.00000000 0.40570000
vn 0.89390000 -0.00000000 0.44820000
vn 0.88310000 -0.00000000 0.46910000
vn 0.86010000 -0.00000000 0.51020000
vn 0.84780000 -0.00000000 0.53020000
vn 0.82190000 -0.00000000 0.56960000
vn 0.80830000 -0.00000000 0.58870000
vn 0.77970000 -0.00000000 0.62610000
vn 0.76480000 -0.00000000 0.64430000
vn 0.73360000 -0.00000000 0.67960000
vn 0.71740000 -0.00000000 0.69660000
vn 0.68390000 -0.00000000 0.72960000
vn 0.66650000 -0.00000000 0.74550000
vn 0.63070000 -0.00000000 0.77600000
vn 0.61230000 -0.00000000 0.79060000
vn 0.57440000 -0.00000000 0.81860000
vn 0.55500000 -0.00000000 0.83190000
vn 0.51520000 -0.00000000 0.85710000
vn 0.49490000 -0.00000000 0.86890000
vn 0.45350000 -0.00000000 0.89130000
vn 0.43240000 -0.00000000 0.90170000
vn 0.38950000 -0.00000000 0.92100000
vn 0.36770000 -0.00000000 0.92990000
vn 0.32350000 -0.00000000 0.94620000
vn 0.30120000 -0.00000000 0.95360000
vn 0.25600000 -0.00000000 0.96670000
vn 0.23320000 -0.00000000 0.97240000
vn 0.18710000 -0.00000000 0.98230000
vn 0.16400000 -0.00000000 0.98650000
vn 0.11740000 -0.00000000 0.99310000
vn 0.09400000 -0.00000000 0.99560000
vn 0.04700000 -0.00000000 0.99890000
vn 0.02350000 -0.00000000 0.99970000
vn -0.02350000 -0.00000000 0.99970000
vn -0.04700000 -0.00000000 0.99890000
vn -0.09400000 -0.00000000 0.99560000
vn -0.11740000 -0.00000000 0.99310000
vn -0.16400000 -0.00000000 0.98650000
vn -0.18710000 -0.00000000 0.98230000
vn -0.23320000 -0.00000000 0.97240000
vn -0.25600000 -0.00000000 0.96670000
vn -0.30120000 -0.00000000 0.95360000
vn -0.32350000 -0.00000000 0.94620000
vn -0.36770000 -0.00000000 0.92990000
vn -0.38950000 -0.00000000 0.92100000
vn -0.43240000 -0.00000000 0.90170000
vn -0.45350000 -0.00000000 0.89130000
vn -0.49490000 -0.00000000 0.86890000
vn -0.51520000 -0.00000000 0.85710000
vn -0.55500000 -0.00000000 0.83190000
vn -0.57440000 -0.00000000 0.81860000
vn -0.61230000 -0.00000000 0.79060000
vn -0.63070000 -0.00000000 0.77600000
vn -0.66650000 -0.00000000 0.74550000
vn -0.68390000 -0.00000000 0.72960000
vn -0.71740000 -0.00000000 0.69660000
vn -0.73360000 -0.00000000 0.67960000
vn -0.76480000 -0.00000000 0.64430000
vn -0.77970000 -0.00000000 0.62610000
vn -0.80830000 -0.00000000 0.58870000
vn -0.82190000 -0.00000000 0.56960000
vn -0.84780000 -0.00000000 0.53020000
vn -0.86010000 -0.00000000 0.51020000
vn -0.88310000 -0.00000000 0.46910000
vn -0.89390000 -0.00000000 0.44820000
vn -0.91400000 -0.00000000 0.40570000
vn -0.92330000 -0.00000000 0.38410000
vn -0.94040000 -0.00000000 0.34020000
vn -0.94810000 -0.00000000 0.31800000
vn -0.96200000 -0.00000000 0.27300000
vn -0.96820000 -0.00000000 0.25030000
vn -0.97890000 -0.00000000 0.20440000
vn -0.98340000 -0.00000000 0.18140000
vn -0.99090000 -0.00000000 0.13490000
vn -0.99380000 -0.00000000 0.11160000
vn -0.99790000 -0.00000000 0.06470000
vn -0.99920000 -0.00000000 0.04120000
vn -1.00000000 -0.00000000 -0.00590000
vn -0.99960000 -0.00000000 -0.02940000
vn -0.99710000 -0.00000000 -0.07640000
vn -0.99500000 -0.00000000 -0.09980000
vn -0.98920000 -0.00000000 -0.14660000
vn -0.98550000 -0.00000000 -0.16980000
vn -0.97640000 -0.00000000 -0.21600000
vn -0.97100000 -0.00000000 -0.23890000
vn -0.95870000 -0.00000000 -0.28430000
vn -0.95530000 -0.00000000 -0.29550000
vn -0.93630000 -0.00000000 -0.35120000
vn -0.94430000 -0.00000000 -0.32910000
vn -0.92780000 -0.00000000 -0.37310000
vn -0.90920000 -0.00000000 -0.41640000
vn -0.89910000 -0.00000000 -0.43770000
vn -0.87750000 -0.00000000 -0.47950000
vn -0.86600000 -0.00000000 -0.50000000
vn -0.84150000 -0.00000000 -0.54020000
vn -0.82860000 -0.00000000 -0.55980000
vn -0.80130000 -0.00000000 -0.59820000
vn -0.78710000 -0.00000000 -0.61680000
vn -0.75710000 -0.00000000 -0.65330000
vn -0.74160000 -0.00000000 -0.67090000
vn -0.70920000 -0.00000000 -0.70500000
vn -0.69240000 -0.00000000 -0.72150000
vn -0.65770000 -0.00000000 -0.75330000
vn -0.63980000 -0.00000000 -0.76860000
vn -0.60290000 -0.00000000 -0.79780000
vn -0.58400000 -0.00000000 -0.81180000
vn -0.54510000 -0.00000000 -0.83840000
vn -0.52530000 -0.00000000 -0.85090000
vn -0.48460000 -0.00000000 -0.87470000
vn -0.46390000 -0.00000000 -0.88590000
vn -0.42170000 -0.00000000 -0.90670000
vn -0.40030000 -0.00000000 -0.91640000
vn -0.35670000 -0.00000000 -0.93420000
vn -0.33470000 -0.00000000 -0.94230000
vn -0.28990000 -0.00000000 -0.95710000
vn -0.26730000 -0.00000000 -0.96360000
vn -0.22170000 -0.00000000 -0.97510000
vn -0.19870000 -0.00000000 -0.98010000
vn -0.15240000 -0.00000000 -0.98830000
vn -0.12910000 -0.00000000 -0.99160000
vn -0.08230000 -0.00000000 -0.99660000
vn -0.05880000 -0.00000000 -0.99830000
vn 0.20790000 -0.97810000 -0.00000000
vn 0.20790000 -0.97810000 -0.00000000
vn 0.20790000 -0.97810000 -0.00000000
vn 0.20790000 -0.97810000 -0.00000000
vn 0.20800000 -0.97810000 -0.00000000
vn 0.20790000 -0.97820000 -0.00000000
vn 0.20790000 -0.97810000 -0.00000000
vn 0.22360000 -0.97470000 -0.00000000
vn 0.22340000 -0.97470000 -0.00000000
vn 0.20790000 -0.97820000 -0.00000000
vn 0.20790000 -0.97810000 -0.00000000
vn 0.20780000 -0.97820000 -0.00010000
vn 0.20790000 -0.97810000 -0.00000000
vn 0.21830000 -0.97590000 -0.00000000
vn 0.22870000 -0.97350000 -0.00000000
vn 0.20790000 -0.97820000 -0.00010000
vn 0.20800000 -0.97810000 0.00020000
vn 0.20790000 -0.97820000 -0.00010000
vn 0.20790000 -0.97810000 -0.00000000
vn 0.20790000 -0.97810000 -0.00000000
vn 0.20790000 -0.97810000 0.00010000
vn 0.20790000 -0.97810000 -0.00000000
vn 0.20790000 -0.97820000 -0.00010000
vn 0.20790000 -0.97820000 -0.00000000
vn 0.20780000 -0.97820000 -0.00020000
vn 0.20790000 -0.97810000 0.00010000
vn 0.20790000 -0.97810000 -0.00000000
vn 0.20790000 -0.97810000 -0.00000000
vn 0.20790000 -0.97810000 -0.00000000
vn 0.20790000 -0.97810000 -0.00000000
vn 0.20790000 -0.97820000 -0.00000000
vn 0.20790000 -0.97810000 -0.00000000
vn 0.20790000 -0.97820000 -0.00000000
vn 0.20790000 -0.97810000 -0.00010000
vn 0.20790000 -0.97810000 -0.00000000
vn 0.20790000 -0.97820000 -0.00010000
vn 0.20790000 -0.97820000 -0.00000000
vn 0.20790000 -0.97810000 -0.00000000
vn 0.20800000 -0.97810000 0.00020000
vn 0.20790000 -0.97810000 -0.00000000
vn 0.20790000 -0.97810000 -0.00000000
vn 0.20790000 -0.97820000 -0.00000000
vn 0.20790000 -0.97820000 -0.00000000
vn 0.20790000 -0.97810000 -0.00000000
vn 0.20790000 -0.97810000 -0.00000000
vn 0.20790000 -0.97810000 0.00010000
vn 0.20790000 -0.97810000 -0.00000000
vn 0.20790000 -0.97810000 -0.00000000
vn 0.20790000 -0.97810000 -0.00000000
vn 0.20790000 -0.97810000 -0.00000000
vn 0.20790000 -0.97810000 -0.00000000
vn 0.20790000 -0.97810000 -0.00000000
vn 0.20790000 -0.97820000 -0.00010000
vn 0.20790000 -0.97810000 -0.00000000
vn 0.20790000 -0.97810000 0.00020000
vn 0.20790000 -0.97810000 -0.00000000
vn 0.20790000 -0.97810000 -0.00000000
vn 0.20790000 -0.97820000 -0.00010000
vn 0.20790000 -0.97810000 -0.00000000
vn 0.20790000 -0.97810000 0.00010000
vn 0.20790000 -0.97820000 -0.00020000
vn 0.25970000 -0.96570000 -0.00000000
vn 0.28030000 -0.95990000 -0.00000000
vn 0.32100000 -0.94710000 -0.00000000
vn 0.34110000 -0.94000000 -0.00000000
vn 0.38090000 -0.92460000 -0.00000000
vn 0.40050000 -0.91630000 -0.00000000
vn 0.43920000 -0.89840000 -0.00000000
vn 0.45830000 -0.88880000 -0.00000000
vn 0.49580000 -0.86840000 -0.00000000
vn 0.51420000 -0.85770000 -0.00000000
vn 0.55030000 -0.83500000 -0.00000000
vn 0.56800000 -0.82300000 -0.00000000
vn 0.60260000 -0.79800000 -0.00000000
vn 0.61950000 -0.78500000 -0.00000000
vn 0.65240000 -0.75790000 -0.00000000
vn 0.66840000 -0.74380000 -0.00000000
vn 0.66840000 -0.74380000 -0.00000000
vn 0.65240000 -0.75790000 -0.00000000
vn 0.61950000 -0.78500000 -0.00000000
vn 0.60260000 -0.79800000 -0.00000000
vn 0.56800000 -0.82300000 -0.00000000
vn 0.55030000 -0.83500000 -0.00000000
vn 0.51420000 -0.85770000 -0.00000000
vn 0.49580000 -0.86840000 -0.00000000
vn 0.45830000 -0.88880000 -0.00000000
vn 0.43930000 -0.89840000 -0.00000000
vn 0.40050000 -0.91630000 -0.00000000
vn 0.38090000 -0.92460000 -0.00000000
vn 0.34110000 -0.94000000 -0.00000000
vn 0.32100000 -0.94710000 -0.00000000
vn 0.28030000 -0.95990000 -0.00000000
vn 0.25980000 -0.96570000 -0.00000000
vn -0.00000000 -0.70710000 0.70710000
vn -0.00000000 -0.70710000 0.70710000
vn -0.00000000 -0.70710000 0.70710000
vn -0.00000000 -0.70710000 0.70710000
vn -0.70710000 -0.00000000 0.70710000
vn -0.70710000 -0.00000000 0.70710000
vn -0.70710000 -0.00000000 0.70710000
vn -0.70710000 -0.00000000 0.70710000
vn -0.70710000 -0.70710000 -0.00000000
vn -0.70710000 -0.70710000 -0.00000000
vn -0.70710000 -0.70710000 -0.00000000
vn -0.70710000 -0.70710000 -0.00000000
vn -0.70710000 -0.00000000 -0.70710000
vn -0.70710000 -0.00000000 -0.70710000
vn -0.70710000 -0.00000000 -0.70710000
vn -0.70710000 -0.00000000 -0.70710000
vn -0.00000000 -0.70710000 -0.70710000
vn -0.00000000 -0.70710000 -0.70710000
vn -0.00000000 -0.70710000 -0.70710000
vn -0.00000000 -0.70710000 -0.70710000
vn -0.00000000 -0.70710000 -0.70710000
vn -0.00000000 -0.70710000 -0.70710000
vn -0.00000000 -0.70710000 -0.70710000
vn -0.00000000 -0.70710000 -0.70710000
vn -0.00000000 -0.70710000 -0.70710000
vn -0.70710000 -0.00000000 -0.70710000
vn -0.70710000 -0.00000000 -0.70710000
vn -0.70710000 -0.00000000 -0.70710000
vn -0.70710000 -0.00000000 -0.70710000
vn -0.70710000 0.70710000 -0.00000000
vn -0.70710000 0.70710000 -0.00000000
vn -0.70710000 0.70710000 -0.00000000
vn -0.70710000 0.70710000 -0.00000000
vn -0.70710000 -0.00000000 0.70710000
vn -0.70710000 -0.00000000 0.70710000
vn -0.70710000 -0.00000000 0.70710000
vn -0.70710000 -0.00000000 0.70710000
vn -0.00000000 -0.70710000 0.70710000
vn -0.00000000 -0.70710000 0.70710000
vn -0.00000000 -0.70710000 0.70710000
vn -0.00000000 -0.70710000 0.70710000
vn -0.00000000 -0.70710000 0.70710000
f 1//1 2//2 3//3
f 3//3 2//2 4//4
f 5//5 6//6 7//7
f 7//7 6//6 8//8
f 7//7 8//8 9//9
f 9//9 8//8 10//10
f 11//11 12//12 13//13
f 13//13 12//12 14//14
f 15//15 16//16 17//17
f 17//17 16//16 18//18
f 19//19 20//20 21//21
f 21//21 20//20 22//22
f 23//23 24//24 25//25
f 25//25 24//24 26//26
f 23//23 27//27 24//24
f 24//24 27//27 28//28
f 24//24 28//28 29//29
f 30//30 31//31 24//24
f 32//32 33//33 24//24
f 24//24 33//33 34//34
f 24//24 34//34 35//35
f 35//35 36//36 24//24
f 24//24 36//36 37//37
f 24//24 37//37 38//38
f 39//39 40//40 24//24
f 24//24 40//40 41//41
f 24//24 41//41 26//26
f 31//31 42//42 24//24
f 24//24 42//42 43//43
f 24//24 43//43 44//44
f 44//44 45//45 24//24
f 24//24 45//45 46//46
f 24//24 46//46 47//47
f 47//47 48//48 24//24
f 24//24 48//48 49//49
f 24//24 49//49 50//50
f 51//51 52//52 53//53
f 53//53 52//52 54//54
f 53//53 54//54 55//55
f 55//55 54//54 24//24
f 55//55 24//24 56//56
f 56//56 24//24 50//50
f 57//57 58//58 24//24
f 24//24 58//58 59//59
f 24//24 59//59 32//32
f 57//57 60//60 58//58
f 58//58 60//60 61//61
f 58//58 61//61 62//62
f 38//38 63//63 24//24
f 24//24 63//63 64//64
f 24//24 64//64 39//39
f 29//29 65//65 24//24
f 24//24 65//65 66//66
f 24//24 66//66 30//30
f 19//19 67//67 20//20
f 20//20 67//67 68//68
f 20//20 68//68 69//69
f 69//69 70//70 20//20
f 20//20 70//70 71//71
f 20//20 71//71 72//72
f 72//72 73//73 20//20
f 20//20 73//73 74//74
f 20//20 74//74 75//75
f 76//76 77//77 78//78
f 78//78 77//77 20//20
f 78//78 20//20 79//79
f 79//79 20//20 75//75
f 80//80 14//14 81//81
f 81//81 14//14 12//12
f 81//81 12//12 83//83
f 82//82 84//84 85//85
f 86//86 87//87 84//84
f 84//84 87//87 88//88
f 84//84 88//88 85//85
f 89//89 90//90 84//84
f 84//84 90//90 91//91
f 84//84 91//91 86//86
f 92//92 93//93 84//84
f 84//84 93//93 94//94
f 84//84 94//94 89//89
f 95//95 96//96 97//97
f 93//93 92//92 98//98
f 93//93 98//98 99//99
f 99//99 98//98 100//100
f 99//99 100//100 101//101
f 101//101 100//100 102//102
f 101//101 102//102 103//103
f 103//103 102//102 104//104
f 103//103 104//104 105//105
f 105//105 104//104 106//106
f 105//105 106//106 107//107
f 107//107 106//106 108//108
f 107//107 108//108 109//109
f 109//109 108//108 110//110
f 109//109 110//110 111//111
f 111//111 110//110 112//112
f 111//111 112//112 113//113
f 113//113 112//112 114//114
f 113//113 114//114 115//115
f 115//115 114//114 116//116
f 115//115 116//116 117//117
f 117//117 116//116 118//118
f 117//117 118//118 119//119
f 119//119 118//118 120//120
f 119//119 120//120 121//121
f 122//122 123//123 124//124
f 124//124 125//125 122//122
f 122//122 125//125 126//126
f 122//122 126//126 120//120
f 120//120 126//126 127//127
f 120//120 127//127 121//121
f 128//128 129//129 130//130
f 130//130 131//131 128//128
f 128//128 131//131 132//132
f 128//128 132//132 123//123
f 123//123 132//132 133//133
f 123//123 133//133 124//124
f 97//97 96//96 134//134
f 96//96 135//135 134//134
f 134//134 135//135 136//136
f 134//134 136//136 129//129
f 129//129 136//136 137//137
f 129//129 137//137 130//130
f 95//95 97//97 138//138
f 138//138 97//97 139//139
f 138//138 139//139 140//140
f 140//140 139//139 141//141
f 140//140 141//141 142//142
f 142//142 141//141 143//143
f 143//143 141//141 144//144
f 143//143 144//144 145//145
f 145//145 144//144 146//146
f 146//146 144//144 147//147
f 146//146 147//147 148//148
f 148//148 147//147 149//149
f 149//149 147//147 150//150
f 149//149 150//150 151//151
f 151//151 150//150 152//152
f 152//152 150//150 153//153
f 152//152 153//153 154//154
f 154//154 153//153 155//155
f 155//155 153//153 156//156
f 155//155 156//156 157//157
f 157//157 156//156 158//158
f 158//158 156//156 159//159
f 158//158 159//159 160//160
f 160//160 159//159 161//161
f 161//161 159//159 162//162
f 161//161 162//162 163//163
f 163//163 162//162 164//164
f 163//163 164//164 165//165
f 165//165 164//164 166//166
f 165//165 166//166 167//167
f 167//167 166//166 168//168
f 167//167 168//168 169//169
f 169//169 168//168 170//170
f 169//169 170//170 171//171
f 171//171 170//170 172//172
f 171//171 172//172 173//173
f 173//173 172//172 174//174
f 173//173 174//174 175//175
f 175//175 174//174 176//176
f 175//175 176//176 177//177
f 177//177 176//176 178//178
f 177//177 178//178 179//179
f 179//179 178//178 180//180
f 179//179 180//180 181//181
f 181//181 180//180 182//182
f 181//181 182//182 183//183
f 183//183 182//182 184//184
f 183//183 184//184 185//185
f 185//185 184//184 77//77
f 185//185 77//77 76//76
f 186//186 187//187 188//188
f 188//188 187//187 189//189
f 188//188 189//189 190//190
f 190//190 189//189 191//191
f 192//192 193//193 194//194
f 194//194 193//193 195//195
f 194//194 195//195 196//196
f 196//196 195//195 197//197
f 196//196 197//197 198//198
f 198//198 197//197 199//199
f 200//200 201//201 202//202
f 202//202 201//201 203//203
f 202//202 203//203 204//204
f 205//205 206//206 203//203
f 203//203 206//206 207//207
f 203//203 207//207 204//204
f 208//208 209//209 203//203
f 203//203 209//209 210//210
f 203//203 210//210 211//211
f 211//211 212//212 203//203
f 203//203 212//212 213//213
f 203//203 213//213 205//205
f 214//214 215//215 216//216
f 216//216 215//215 217//217
f 216//216 217//217 218//218
f 218//218 219//219 216//216
f 216//216 219//219 220//220
f 216//216 220//220 221//221
f 221//221 222//222 216//216
f 216//216 222//222 223//223
f 216//216 223//223 224//224
f 224//224 225//225 216//216
f 216//216 225//225 226//226
f 216//216 226//226 227//227
f 228//228 229//229 230//230
f 231//231 232//232 233//233
f 234//234 235//235 236//236
f 233//233 232//232 236//236
f 236//236 232//232 237//237
f 236//236 237//237 234//234
f 235//235 238//238 236//236
f 236//236 238//238 239//239
f 236//236 239//239 240//240
f 241//241 242//242 230//230
f 230//230 242//242 243//243
f 230//230 243//243 244//244
f 245//245 246//246 247//247
f 248//248 249//249 250//250
f 251//251 252//252 253//253
f 254//254 255//255 233//233
f 233//233 255//255 256//256
f 233//233 256//256 257//257
f 257//257 258//258 233//233
f 233//233 258//258 259//259
f 233//233 259//259 231//231
f 252//252 260//260 253//253
f 253//253 260//260 261//261
f 253//253 261//261 262//262
f 262//262 263//263 253//253
f 253//253 263//263 264//264
f 253//253 264//264 265//265
f 230//230 266//266 267//267
f 268//268 269//269 230//230
f 230//230 269//269 270//270
f 230//230 270//270 271//271
f 272//272 273//273 274//274
f 275//275 276//276 274//274
f 274//274 276//276 277//277
f 274//274 277//277 278//278
f 278//278 279//279 274//274
f 274//274 279//279 280//280
f 274//274 280//280 281//281
f 245//245 247//247 282//282
f 283//283 284//284 285//285
f 286//286 287//287 250//250
f 250//250 287//287 288//288
f 250//250 288//288 289//289
f 289//289 290//290 250//250
f 250//250 290//290 291//291
f 250//250 291//291 248//248
f 265//265 292//292 253//253
f 253//253 292//292 293//293
f 253//253 293//293 230//230
f 230//230 293//293 294//294
f 230//230 294//294 266//266
f 267//267 295//295 230//230
f 230//230 295//295 296//296
f 230//230 296//296 241//241
f 297//297 298//298 230//230
f 230//230 298//298 299//299
f 230//230 299//299 268//268
f 271//271 300//300 230//230
f 230//230 300//300 301//301
f 230//230 301//301 228//228
f 273//273 302//302 274//274
f 274//274 302//302 303//303
f 274//274 303//303 304//304
f 305//305 306//306 250//250
f 250//250 306//306 307//307
f 250//250 307//307 308//308
f 285//285 309//309 283//283
f 283//283 309//309 310//310
f 283//283 310//310 311//311
f 312//312 310//310 313//313
f 314//314 315//315 250//250
f 250//250 315//315 316//316
f 250//250 316//316 286//286
f 317//317 318//318 274//274
f 274//274 318//318 319//319
f 274//274 319//319 272//272
f 304//304 320//320 274//274
f 274//274 320//320 321//321
f 274//274 321//321 275//275
f 246//246 322//322 247//247
f 247//247 322//322 323//323
f 247//247 323//323 324//324
f 325//325 247//247 326//326
f 326//326 247//247 327//327
f 328//328 329//329 247//247
f 330//330 331//331 332//332
f 332//332 331//331 333//333
f 332//332 333//333 334//334
f 334//334 335//335 332//332
f 332//332 335//335 336//336
f 332//332 336//336 337//337
f 244//244 338//338 230//230
f 230//230 338//338 339//339
f 230//230 339//339 340//340
f 340//340 341//341 230//230
f 230//230 341//341 342//342
f 230//230 342//342 297//297
f 284//284 283//283 343//343
f 343//343 283//283 344//344
f 343//343 344//344 317//317
f 324//324 345//345 247//247
f 247//247 345//345 346//346
f 247//247 346//346 347//347
f 229//229 254//254 230//230
f 230//230 254//254 233//233
f 230//230 233//233 332//332
f 332//332 233//233 348//348
f 332//332 348//348 330//330
f 349//349 350//350 250//250
f 250//250 350//350 351//351
f 351//351 352//352 250//250
f 250//250 352//352 353//353
f 250//250 353//353 354//354
f 249//249 355//355 250//250
f 250//250 355//355 356//356
f 250//250 356//356 253//253
f 253//253 356//356 357//357
f 253//253 357//357 358//358
f 358//358 359//359 253//253
f 253//253 359//359 360//360
f 253//253 360//360 361//361
f 362//362 363//363 253//253
f 253//253 363//363 364//364
f 253//253 364//364 251//251
f 281//281 365//365 274//274
f 274//274 365//365 366//366
f 274//274 366//366 367//367
f 367//367 366//366 282//282
f 367//367 282//282 368//368
f 368//368 282//282 247//247
f 347//347 369//369 247//247
f 247//247 369//369 370//370
f 247//247 370//370 327//327
f 329//329 371//371 240//240
f 240//240 371//371 372//372
f 240//240 372//372 236//236
f 337//337 373//373 332//332
f 332//332 373//373 374//374
f 332//332 374//374 375//375
f 354//354 376//376 250//250
f 250//250 376//376 377//377
f 250//250 377//377 378//378
f 378//378 379//379 250//250
f 250//250 379//379 380//380
f 250//250 380//380 381//381
f 381//381 382//382 250//250
f 250//250 382//382 383//383
f 250//250 383//383 384//384
f 384//384 385//385 250//250
f 250//250 385//385 386//386
f 250//250 386//386 305//305
f 308//308 387//387 250//250
f 250//250 387//387 312//312
f 250//250 312//312 314//314
f 314//314 312//312 313//313
f 388//388 389//389 253//253
f 253//253 389//389 390//390
f 253//253 390//390 362//362
f 325//325 391//391 247//247
f 247//247 391//391 392//392
f 247//247 392//392 328//328
f 361//361 393//393 253//253
f 253//253 393//393 394//394
f 253//253 394//394 395//395
f 395//395 396//396 253//253
f 253//253 396//396 397//397
f 253//253 397//397 398//398
f 398//398 399//399 253//253
f 253//253 399//399 400//400
f 253//253 400//400 388//388
f 375//375 401//401 332//332
f 332//332 401//401 402//402
f 332//332 402//402 403//403
f 403//403 404//404 332//332
f 332//332 404//404 405//405
f 332//332 405//405 406//406
f 407//407 408//408 332//332
f 332//332 408//408 409//409
f 332//332 409//409 250//250
f 250//250 409//409 410//410
f 250//250 410//410 349//349
f 406//406 411//411 332//332
f 332//332 411//411 412//412
f 332//332 412//412 407//407
f 413//413 414//414 415//415
f 413//413 416//416 417//417
f 418//418 416//416 413//413
f 415//415 418//418 413//413
f 413//413 419//419 420//420
f 421//421 419//419 413//413
f 417//417 421//421 413//413
f 413//413 422//422 423//423
f 424//424 422//422 413//413
f 420//420 424//424 413//413
f 413//413 425//425 426//426
f 427//427 425//425 413//413
f 423//423 427//427 413//413
f 413//413 428//428 429//429
f 430//430 428//428 413//413
f 426//426 430//430 413//413
f 413//413 431//431 432//432
f 433//433 431//431 413//413
f 429//429 433//433 413//413
f 413//413 434//434 435//435
f 436//436 434//434 413//413
f 432//432 436//436 413//413
f 413//413 437//437 438//438
f 439//439 437//437 413//413
f 435//435 439//439 413//413
f 413//413 440//440 441//441
f 442//442 440//440 413//413
f 438//438 442//442 413//413
f 413//413 443//443 444//444
f 445//445 443//443 413//413
f 441//441 445//445 413//413
f 413//413 446//446 447//447
f 448//448 446//446 413//413
f 444//444 448//448 413//413
f 413//413 449//449 450//450
f 451//451 449//449 413//413
f 447//447 451//451 413//413
f 413//413 452//452 453//453
f 454//454 452//452 413//413
f 450//450 454//454 413//413
f 413//413 455//455 456//456
f 457//457 455//455 413//413
f 453//453 457//457 413//413
f 413//413 458//458 459//459
f 460//460 458//458 413//413
f 456//456 460//460 413//413
f 413//413 461//461 462//462
f 463//463 461//461 413//413
f 459//459 463//463 413//413
f 413//413 464//464 465//465
f 466//466 464//464 413//413
f 462//462 466//466 413//413
f 413//413 467//467 468//468
f 469//469 467//467 413//413
f 465//465 469//469 413//413
f 413//413 470//470 471//471
f 472//472 470//470 413//413
f 468//468 472//472 413//413
f 413//413 473//473 474//474
f 475//475 473//473 413//413
f 471//471 475//475 413//413
f 413//413 476//476 477//477
f 478//478 476//476 413//413
f 474//474 478//478 413//413
f 413//413 479//479 480//480
f 481//481 479//479 413//413
f 477//477 481//481 413//413
f 413//413 482//482 483//483
f 484//484 482//482 413//413
f 480//480 484//484 413//413
f 413//413 485//485 486//486
f 487//487 485//485 413//413
f 483//483 487//487 413//413
f 413//413 488//488 489//489
f 490//490 488//488 413//413
f 486//486 490//490 413//413
f 413//413 491//491 492//492
f 493//493 491//491 413//413
f 489//489 493//493 413//413
f 413//413 494//494 495//495
f 496//496 494//494 413//413
f 492//492 496//496 413//413
f 413//413 497//497 498//498
f 499//499 497//497 413//413
f 495//495 499//499 413//413
f 413//413 500//500 501//501
f 502//502 500//500 413//413
f 498//498 502//502 413//413
f 501//501 414//414 413//413
f 503//503 504//504 505//505
f 505//505 504//504 506//506
f 505//505 506//506 507//507
f 507//507 506//506 508//508
f 507//507 508//508 509//509
f 509//509 508//508 510//510
f 509//509 510//510 511//511
f 511//511 510//510 512//512
f 511//511 512//512 513//513
f 513//513 512//512 514//514
f 513//513 514//514 515//515
f 515//515 514//514 516//516
f 515//515 516//516 517//517
f 517//517 516//516 518//518
f 517//517 518//518 519//519
f 519//519 518//518 520//520
f 519//519 520//520 521//521
f 521//521 520//520 522//522
f 521//521 522//522 523//523
f 523//523 522//522 524//524
f 523//523 524//524 525//525
f 525//525 524//524 526//526
f 525//525 526//526 527//527
f 527//527 526//526 528//528
f 527//527 528//528 529//529
f 529//529 528//528 530//530
f 529//529 530//530 531//531
f 531//531 530//530 532//532
f 531//531 532//532 533//533
f 533//533 532//532 534//534
f 533//533 534//534 535//535
f 535//535 534//534 536//536
f 535//535 536//536 537//537
f 537//537 536//536 538//538
f 537//537 538//538 539//539
f 539//539 538//538 540//540
f 539//539 540//540 541//541
f 541//541 540//540 542//542
f 541//541 542//542 543//543
f 543//543 542//542 544//544
f 543//543 544//544 545//545
f 545//545 544//544 546//546
f 545//545 546//546 547//547
f 547//547 546//546 548//548
f 547//547 548//548 549//549
f 549//549 548//548 550//550
f 549//549 550//550 551//551
f 551//551 550//550 552//552
f 551//551 552//552 553//553
f 553//553 552//552 554//554
f 553//553 554//554 555//555
f 555//555 554//554 556//556
f 555//555 556//556 557//557
f 557//557 556//556 558//558
f 557//557 558//558 559//559
f 559//559 558//558 560//560
f 559//559 560//560 561//561
f 561//561 560//560 562//562
f 561//561 562//562 563//563
f 563//563 562//562 564//564
f 563//563 564//564 565//565
f 565//565 564//564 566//566
f 565//565 566//566 567//567
f 567//567 566//566 568//568
f 567//567 568//568 569//569
f 569//569 568//568 570//570
f 569//569 570//570 571//571
f 571//571 570//570 572//572
f 571//571 572//572 573//573
f 573//573 572//572 574//574
f 573//573 574//574 575//575
f 575//575 574//574 576//576
f 575//575 576//576 577//577
f 577//577 576//576 578//578
f 577//577 579//579 580//580
f 580//580 579//579 581//581
f 580//580 581//581 582//582
f 582//582 581//581 583//583
f 582//582 583//583 584//584
f 584//584 583//583 585//585
f 584//584 585//585 586//586
f 586//586 585//585 587//587
f 586//586 587//587 588//588
f 588//588 587//587 589//589
f 588//588 589//589 590//590
f 590//590 589//589 591//591
f 590//590 591//591 592//592
f 592//592 591//591 593//593
f 592//592 593//593 594//594
f 594//594 593//593 595//595
f 594//594 595//595 596//596
f 596//596 595//595 597//597
f 596//596 597//597 598//598
f 598//598 597//597 599//599
f 598//598 599//599 600//600
f 600//600 599//599 601//601
f 600//600 601//601 602//602
f 602//602 601//601 603//603
f 602//602 603//603 604//604
f 604//604 603//603 605//605
f 604//604 605//605 606//606
f 606//606 605//605 607//607
f 606//606 607//607 608//608
f 608//608 607//607 609//609
f 608//608 609//609 610//610
f 610//610 609//609 611//611
f 610//610 611//611 612//612
f 612//612 611//611 613//613
f 612//612 613//613 614//614
f 614//614 613//613 615//615
f 614//614 615//615 616//616
f 616//616 615//615 617//617
f 616//616 617//617 618//618
f 618//618 617//617 619//619
f 618//618 619//619 620//620
f 620//620 619//619 621//621
f 620//620 621//621 622//622
f 622//622 621//621 623//623
f 622//622 623//623 624//624
f 624//624 623//623 625//625
f 624//624 625//625 626//626
f 626//626 625//625 627//627
f 626//626 627//627 628//628
f 628//628 627//627 629//629
f 628//628 629//629 630//630
f 630//630 629//629 631//631
f 630//630 631//631 632//632
f 632//632 631//631 633//633
f 632//632 633//633 634//634
f 634//634 633//633 635//635
f 634//634 635//635 636//636
f 636//636 635//635 637//637
f 636//636 637//637 638//638
f 638//638 637//637 639//639
f 638//638 639//639 640//640
f 640//640 639//639 641//641
f 640//640 641//641 642//642
f 642//642 641//641 643//643
f 642//642 643//643 644//644
f 644//644 643//643 645//645
f 644//644 645//645 646//646
f 646//646 645//645 647//647
f 646//646 647//647 648//648
f 648//648 647//647 649//649
f 648//648 649//649 650//650
f 650//650 649//649 651//651
f 650//650 651//651 652//652
f 652//652 651//651 653//653
f 652//652 653//653 654//654
f 654//654 653//653 655//655
f 654//654 655//655 656//656
f 656//656 655//655 657//657
f 656//656 657//657 658//658
f 658//658 657//657 659//659
f 658//658 659//659 660//660
f 660//660 659//659 661//661
f 660//660 661//661 662//662
f 662//662 661//661 663//663
f 662//662 663//663 664//664
f 664//664 663//663 665//665
f 664//664 665//665 666//666
f 666//666 665//665 667//667
f 666//666 667//667 668//668
f 668//668 667//667 669//669
f 668//668 669//669 670//670
f 670//670 669//669 671//671
f 670//670 671//671 672//672
f 672//672 671//671 673//673
f 672//672 673//673 674//674
f 674//674 673//673 675//675
f 674//674 675//675 676//676
f 676//676 675//675 677//677
f 676//676 677//677 678//678
f 678//678 677//677 679//679
f 678//678 679//679 680//680
f 680//680 679//679 681//681
f 680//680 681//681 503//503
f 503//503 681//681 504//504
f 682//682 683//683 684//684
f 682//682 685//685 686//686
f 687//687 685//685 682//682
f 684//684 687//687 682//682
f 682//682 688//688 689//689
f 690//690 688//688 682//682
f 686//686 690//690 682//682
f 682//682 691//691 692//692
f 693//693 691//691 682//682
f 689//689 693//693 682//682
f 682//682 694//694 695//695
f 696//696 694//694 682//682
f 692//692 696//696 682//682
f 682//682 697//697 698//698
f 699//699 697//697 682//682
f 695//695 699//699 682//682
f 682//682 700//700 701//701
f 702//702 700//700 682//682
f 698//698 702//702 682//682
f 682//682 703//703 704//704
f 705//705 703//703 682//682
f 701//701 705//705 682//682
f 682//682 706//706 707//707
f 708//708 706//706 682//682
f 704//704 708//708 682//682
f 682//682 709//709 710//710
f 711//711 709//709 682//682
f 707//707 711//711 682//682
f 682//682 712//712 713//713
f 714//714 712//712 682//682
f 710//710 714//714 682//682
f 682//682 715//715 716//716
f 717//717 715//715 682//682
f 713//713 717//717 682//682
f 682//682 718//718 719//719
f 720//720 718//718 682//682
f 716//716 720//720 682//682
f 682//682 721//721 722//722
f 723//723 721//721 682//682
f 719//719 723//723 682//682
f 682//682 724//724 725//725
f 726//726 724//724 682//682
f 722//722 726//726 682//682
f 682//682 727//727 728//728
f 729//729 727//727 682//682
f 725//725 729//729 682//682
f 682//682 730//730 731//731
f 732//732 730//730 682//682
f 728//728 732//732 682//682
f 682//682 733//733 734//734
f 735//735 733//733 682//682
f 731//731 735//735 682//682
f 682//682 736//736 737//737
f 738//738 736//736 682//682
f 734//734 738//738 682//682
f 682//682 739//739 740//740
f 741//741 739//739 682//682
f 737//737 741//741 682//682
f 682//682 742//742 743//743
f 744//744 742//742 682//682
f 740//740 744//744 682//682
f 682//682 745//745 746//746
f 747//747 745//745 682//682
f 743//743 747//747 682//682
f 682//682 748//748 749//749
f 750//750 748//748 682//682
f 746//746 750//750 682//682
f 682//682 751//751 752//752
f 753//753 751//751 682//682
f 749//749 753//753 682//682
f 682//682 754//754 755//755
f 756//756 754//754 682//682
f 752//752 756//756 682//682
f 682//682 757//757 758//758
f 759//759 757//757 682//682
f 755//755 759//759 682//682
f 682//682 760//760 761//761
f 762//762 760//760 682//682
f 758//758 762//762 682//682
f 682//682 763//763 764//764
f 765//765 763//763 682//682
f 761//761 765//765 682//682
f 682//682 766//766 767//767
f 768//768 766//766 682//682
f 764//764 768//768 682//682
f 682//682 769//769 770//770
f 771//771 769//769 682//682
f 767//767 771//771 682//682
f 770//770 683//683 682//682
f 772//772 773//773 774//774
f 774//774 773//773 775//775
f 774//774 775//775 776//776
f 776//776 775//775 777//777
f 776//776 777//777 778//778
f 778//778 777//777 779//779
f 778//778 779//779 780//780
f 780//780 779//779 781//781
f 780//780 781//781 782//782
f 782//782 781//781 783//783
f 782//782 783//783 784//784
f 784//784 783//783 785//785
f 784//784 785//785 786//786
f 786//786 785//785 787//787
f 786//786 787//787 788//788
f 788//788 787//787 789//789
f 788//788 789//789 790//790
f 790//790 789//789 791//791
f 790//790 791//791 792//792
f 792//792 791//791 793//793
f 792//792 793//793 794//794
f 794//794 793//793 795//795
f 794//794 795//795 796//796
f 796//796 795//795 797//797
f 796//796 797//797 798//798
f 798//798 797//797 799//799
f 798//798 799//799 800//800
f 800//800 799//799 801//801
f 800//800 801//801 802//802
f 802//802 801//801 803//803
f 802//802 803//803 804//804
f 804//804 803//803 805//805
f 804//804 805//805 806//806
f 806//806 805//805 807//807
f 806//806 807//807 808//808
f 808//808 807//807 809//809
f 808//808 809//809 810//810
f 810//810 809//809 811//811
f 810//810 811//811 812//812
f 812//812 811//811 813//813
f 812//812 813//813 814//814
f 814//814 813//813 815//815
f 814//814 815//815 816//816
f 816//816 815//815 817//817
f 816//816 817//817 818//818
f 818//818 817//817 819//819
f 818//818 819//819 820//820
f 820//820 819//819 821//821
f 820//820 821//821 822//822
f 822//822 821//821 823//823
f 822//822 823//823 824//824
f 824//824 823//823 825//825
f 824//824 825//825 826//826
f 826//826 825//825 827//827
f 826//826 827//827 828//828
f 828//828 827//827 829//829
f 828//828 829//829 830//830
f 830//830 829//829 831//831
f 830//830 831//831 832//832
f 832//832 831//831 833//833
f 832//832 833//833 834//834
f 834//834 833//833 835//835
f 834//834 835//835 836//836
f 836//836 835//835 837//837
f 836//836 837//837 838//838
f 838//838 837//837 839//839
f 838//838 839//839 840//840
f 840//840 839//839 841//841
f 840//840 841//841 842//842
f 842//842 841//841 843//843
f 842//842 843//843 844//844
f 844//844 843//843 845//845
f 844//844 845//845 846//846
f 846//846 845//845 847//847
f 846//846 847//847 848//848
f 848//848 847//847 849//849
f 848//848 849//849 850//850
f 850//850 849//849 851//851
f 850//850 851//851 852//852
f 852//852 851//851 853//853
f 852//852 853//853 854//854
f 854//854 853//853 855//855
f 854//854 855//855 856//856
f 856//856 855//855 857//857
f 856//856 857//857 858//858
f 858//858 857//857 859//859
f 858//858 859//859 860//860
f 860//860 859//859 861//861
f 860//860 861//861 862//862
f 862//862 861//861 863//863
f 862//862 863//863 864//864
f 864//864 863//863 865//865
f 864//864 865//865 866//866
f 866//866 865//865 867//867
f 866//866 867//867 868//868
f 868//868 867//867 869//869
f 868//868 869//869 870//870
f 870//870 869//869 871//871
f 870//870 871//871 872//872
f 872//872 871//871 873//873
f 872//872 873//873 874//874
f 874//874 873//873 875//875
f 874//874 875//875 876//876
f 876//876 875//875 877//877
f 876//876 877//877 878//878
f 878//878 877//877 879//879
f 878//878 879//879 880//880
f 880//880 879//879 881//881
f 880//880 881//881 882//882
f 882//882 881//881 883//883
f 882//882 883//883 884//884
f 884//884 883//883 885//885
f 884//884 885//885 886//886
f 886//886 885//885 887//887
f 886//886 887//887 888//888
f 888//888 887//887 889//889
f 888//888 889//889 890//890
f 890//890 889//889 891//891
f 890//890 891//891 892//892
f 892//892 891//891 893//893
f 892//892 893//893 894//894
f 894//894 893//893 895//895
f 894//894 895//895 896//896
f 896//896 895//895 897//897
f 896//896 897//897 898//898
f 898//898 897//897 899//899
f 898//898 899//899 900//900
f 900//900 899//899 901//901
f 900//900 901//901 902//902
f 902//902 901//901 903//903
f 902//902 903//903 904//904
f 904//904 903//903 905//905
f 904//904 905//905 906//906
f 906//906 905//905 907//907
f 906//906 907//907 908//908
f 908//908 907//907 909//909
f 908//908 909//909 910//910
f 910//910 909//909 911//911
f 910//910 911//911 912//912
f 912//912 911//911 913//913
f 912//912 913//913 914//914
f 914//914 913//913 915//915
f 914//914 915//915 916//916
f 916//916 917//917 918//918
f 916//916 918//918 919//919
f 919//919 918//918 920//920
f 919//919 920//920 921//921
f 921//921 920//920 922//922
f 921//921 922//922 923//923
f 923//923 922//922 924//924
f 923//923 924//924 925//925
f 925//925 924//924 926//926
f 925//925 926//926 927//927
f 927//927 926//926 928//928
f 927//927 928//928 929//929
f 929//929 928//928 930//930
f 929//929 930//930 931//931
f 931//931 930//930 932//932
f 931//931 932//932 933//933
f 933//933 932//932 934//934
f 933//933 934//934 935//935
f 935//935 934//934 936//936
f 935//935 936//936 937//937
f 937//937 936//936 938//938
f 937//937 938//938 939//939
f 939//939 938//938 940//940
f 939//939 940//940 941//941
f 941//941 940//940 942//942
f 941//941 942//942 943//943
f 943//943 942//942 944//944
f 943//943 944//944 945//945
f 945//945 944//944 946//946
f 945//945 946//946 947//947
f 947//947 946//946 948//948
f 947//947 948//948 949//949
f 949//949 948//948 950//950
f 949//949 950//950 772//772
f 772//772 950//950 773//773
f 332//332 951//951 952//952
f 332//332 953//953 954//954
f 956//956 332//332 957//957
f 957//957 332//332 250//250
f 957//957 250//250 958//958
f 958//958 250//250 959//959
f 960//960 961//961 955//955
f 955//955 961//961 962//962
f 955//955 962//962 963//963
f 963//963 962//962 964//964
f 963//963 964//964 965//965
f 956//956 966//966 332//332
f 332//332 966//966 967//967
f 332//332 967//967 968//968
f 969//969 970//970 332//332
f 332//332 970//970 971//971
f 332//332 971//971 953//953
f 972//972 973//973 955//955
f 955//955 973//973 974//974
f 955//955 974//974 960//960
f 968//968 975//975 332//332
f 332//332 975//975 976//976
f 332//332 976//976 977//977
f 952//952 978//978 332//332
f 332//332 978//978 979//979
f 332//332 979//979 980//980
f 981//981 982//982 955//955
f 955//955 982//982 983//983
f 955//955 983//983 972//972
f 984//984 985//985 332//332
f 332//332 985//985 986//986
f 332//332 986//986 969//969
f 977//977 987//987 332//332
f 332//332 987//987 988//988
f 332//332 988//988 989//989
f 989//989 990//990 332//332
f 332//332 990//990 991//991
f 332//332 991//991 951//951
f 992//992 993//993 955//955
f 955//955 993//993 994//994
f 955//955 994//994 981//981
f 980//980 995//995 332//332
f 332//332 995//995 996//996
f 332//332 996//996 997//997
f 998//998 999//999 332//332
f 332//332 999//999 1000//1000
f 332//332 1000//1000 984//984
f 997//997 1001//1001 332//332
f 332//332 1001//1001 1002//1002
f 332//332 1002//1002 1003//1003
f 1004//1004 1005//1005 332//332
f 332//332 1005//1005 1006//1006
f 332//332 1006//1006 998//998
f 1003//1003 1007//1007 332//332
f 332//332 1007//1007 1008//1008
f 332//332 1008//1008 1009//1009
f 1009//1009 1010//1010 332//332
f 332//332 1010//1010 1011//1011
f 332//332 1011//1011 1004//1004
f 958//958 959//959 1012//1012
f 958//958 1012//1012 1013//1013
f 1013//1013 1012//1012 1014//1014
f 1013//1013 1014//1014 1015//1015
f 1015//1015 1014//1014 1016//1016
f 1015//1015 1016//1016 1017//1017
f 1017//1017 1016//1016 1018//1018
f 1017//1017 1018//1018 1019//1019
f 1019//1019 1018//1018 1020//1020
f 1019//1019 1020//1020 1021//1021
f 1021//1021 1020//1020 1022//1022
f 1021//1021 1022//1022 1023//1023
f 1023//1023 1022//1022 1024//1024
f 1023//1023 1024//1024 1025//1025
f 1025//1025 1024//1024 1026//1026
f 1025//1025 1026//1026 1027//1027
f 1027//1027 1026//1026 9//9
f 1027//1027 9//9 10//10
f 187//187 186//186 1028//1028
f 187//187 1028//1028 1029//1029
f 1029//1029 1028//1028 1030//1030
f 1029//1029 1030//1030 1031//1031
f 1031//1031 1030//1030 1032//1032
f 1031//1031 1032//1032 1033//1033
f 1033//1033 1032//1032 1034//1034
f 1033//1033 1034//1034 1035//1035
f 1035//1035 1034//1034 1036//1036
f 1035//1035 1036//1036 1037//1037
f 1037//1037 1036//1036 1038//1038
f 1037//1037 1038//1038 1039//1039
f 1039//1039 1038//1038 1040//1040
f 1039//1039 1040//1040 1041//1041
f 1041//1041 1040//1040 1042//1042
f 1041//1041 1042//1042 1043//1043
f 1043//1043 1042//1042 965//965
f 1043//1043 965//965 964//964
f 1044//1044 1045//1045 1046//1046
f 1046//1046 1045//1045 1047//1047
f 1048//1048 1049//1049 1050//1050
f 1050//1050 1049//1049 1051//1051
f 1052//1052 1053//1053 1054//1054
f 1054//1054 1053//1053 1055//1055
f 1056//1056 1057//1057 1058//1058
f 1058//1058 1057//1057 1059//1059
f 1060//1060 1061//1061 1062//1062
f 1062//1062 1061//1061 1063//1063
f 1064//1064 1065//1065 1066//1066
f 1066//1066 1065//1065 1067//1067
f 1066//1066 1067//1067 1068//1068
f 1069//1069 1070//1070 1071//1071
f 1071//1071 1070//1070 1072//1072
f 1073//1073 1074//1074 1075//1075
f 1075//1075 1074//1074 1076//1076
f 1077//1077 1078//1078 1079//1079
f 1079//1079 1078//1078 1080//1080
f 1081//1081 1082//1082 1083//1083
f 1083//1083 1082//1082 1084//1084
f 1083//1083 1084//1084 1085//1085

