mtllib material.mtl
usemtl metal_aluminum.001
v -0.00298300 -0.00031700 -0.00250000
v -0.00299800 -0.00010600 -0.00250000
v -0.00299800 -0.00010600 0.00250000
v -0.00300000 -0.00000000 -0.00250000
v -0.00299800 0.00010600 0.00250000
v -0.00299800 0.00010600 -0.00250000
v -0.00298300 0.00031700 0.00250000
v -0.00298300 0.00031700 -0.00250000
v -0.00295300 0.00052700 0.00250000
v -0.00295300 0.00052700 -0.00250000
v -0.00290900 0.00073400 0.00250000
v -0.00290900 0.00073400 -0.00250000
v -0.00285000 0.00093700 0.00250000
v -0.00285000 0.00093700 -0.00250000
v -0.00277700 0.00113600 0.00250000
v -0.00277700 0.00113600 -0.00250000
v -0.00269000 0.00132900 0.00250000
v -0.00269000 0.00132900 -0.00250000
v -0.00258900 0.00151500 0.00250000
v -0.00258900 0.00151500 -0.00250000
v -0.00247600 0.00169400 0.00250000
v -0.00247600 0.00169400 -0.00250000
v -0.00235000 0.00186500 0.00250000
v -0.00235000 0.00186500 -0.00250000
v -0.00221300 0.00202600 0.00250000
v -0.00221300 0.00202600 -0.00250000
v -0.00206400 0.00217700 0.00250000
v -0.00206400 0.00217700 -0.00250000
v -0.00190600 0.00231700 0.00250000
v -0.00190600 0.00231700 -0.00250000
v -0.00173800 0.00244600 0.00250000
v -0.00173800 0.00244600 -0.00250000
v -0.00156100 0.00256200 0.00250000
v -0.00156100 0.00256200 -0.00250000
v -0.00137600 0.00266600 0.00250000
v -0.00137600 0.00266600 -0.00250000
v -0.00118500 0.00275600 0.00250000
v -0.00118500 0.00275600 -0.00250000
v -0.00098700 0.00283300 0.00250000
v -0.00098700 0.00283300 -0.00250000
v -0.00078500 0.00289500 0.00250000
v -0.00078500 0.00289500 -0.00250000
v -0.00057900 0.00294400 0.00250000
v -0.00057900 0.00294400 -0.00250000
v -0.00037000 0.00297700 0.00250000
v -0.00037000 0.00297700 -0.00250000
v -0.00015900 0.00299600 0.00250000
v -0.00015900 0.00299600 -0.00250000
v 0.00005300 0.00300000 0.00250000
v 0.00005300 0.00300000 -0.00250000
v 0.00026400 0.00298800 0.00250000
v 0.00026400 0.00298800 -0.00250000
v 0.00047500 0.00296200 0.00250000
v 0.00047500 0.00296200 -0.00250000
v 0.00068200 0.00292100 0.00250000
v 0.00068200 0.00292100 -0.00250000
v 0.00088700 0.00286600 0.00250000
v 0.00088700 0.00286600 -0.00250000
v 0.00108700 0.00279600 0.00250000
v 0.00108700 0.00279600 -0.00250000
v 0.00128100 0.00271300 0.00250000
v 0.00128100 0.00271300 -0.00250000
v 0.00146900 0.00261600 0.00250000
v 0.00146900 0.00261600 -0.00250000
v 0.00165000 0.00250500 0.00250000
v 0.00165000 0.00250500 -0.00250000
v 0.00182300 0.00238300 0.00250000
v 0.00182300 0.00238300 -0.00250000
v 0.00198600 0.00224800 0.00250000
v 0.00198600 0.00224800 -0.00250000
v 0.00214000 0.00210300 0.00250000
v 0.00214000 0.00210300 -0.00250000
v 0.00228300 0.00194600 0.00250000
v 0.00228300 0.00194600 -0.00250000
v 0.00241500 0.00178000 0.00250000
v 0.00241500 0.00178000 -0.00250000
v 0.00253400 0.00160600 0.00250000
v 0.00253400 0.00160600 -0.00250000
v 0.00264100 0.00142300 0.00250000
v 0.00264100 0.00142300 -0.00250000
v 0.00273500 0.00123300 0.00250000
v 0.00273500 0.00123300 -0.00250000
v 0.00281500 0.00103700 0.00250000
v 0.00281500 0.00103700 -0.00250000
v 0.00288100 0.00083600 0.00250000
v 0.00288100 0.00083600 -0.00250000
v 0.00293300 0.00063100 0.00250000
v 0.00293300 0.00063100 -0.00250000
v 0.00297000 0.00042200 0.00250000
v 0.00297000 0.00042200 -0.00250000
v 0.00299300 0.00021200 0.00250000
v 0.00299300 0.00021200 -0.00250000
v 0.00300000 0.00000000 0.00250000
v 0.00300000 -0.00000000 -0.00250000
v 0.00299300 -0.00021200 0.00250000
v 0.00299300 -0.00021200 -0.00250000
v 0.00297000 -0.00042200 0.00250000
v 0.00297000 -0.00042200 -0.00250000
v 0.00293300 -0.00063100 0.00250000
v 0.00293300 -0.00063100 -0.00250000
v 0.00288100 -0.00083600 0.00250000
v 0.00288100 -0.00083600 -0.00250000
v 0.00281500 -0.00103700 0.00250000
v 0.00281500 -0.00103700 -0.00250000
v 0.00273500 -0.00123300 0.00250000
v 0.00273500 -0.00123300 -0.00250000
v 0.00264100 -0.00142300 0.00250000
v 0.00264100 -0.00142300 -0.00250000
v 0.00253400 -0.00160600 0.00250000
v 0.00253400 -0.00160600 -0.00250000
v 0.00241500 -0.00178000 0.00250000
v 0.00241500 -0.00178000 -0.00250000
v 0.00228300 -0.00194600 0.00250000
v 0.00228300 -0.00194600 -0.00250000
v 0.00214000 -0.00210300 0.00250000
v 0.00214000 -0.00210300 -0.00250000
v 0.00198600 -0.00224800 0.00250000
v 0.00198600 -0.00224800 -0.00250000
v 0.00182300 -0.00238300 0.00250000
v 0.00182300 -0.00238300 -0.00250000
v 0.00165000 -0.00250500 0.00250000
v 0.00165000 -0.00250500 -0.00250000
v 0.00146900 -0.00261600 0.00250000
v 0.00146900 -0.00261600 -0.00250000
v 0.00128100 -0.00271300 0.00250000
v 0.00128100 -0.00271300 -0.00250000
v 0.00108700 -0.00279600 0.00250000
v 0.00108700 -0.00279600 -0.00250000
v 0.00088700 -0.00286600 0.00250000
v 0.00088700 -0.00286600 -0.00250000
v 0.00068200 -0.00292100 0.00250000
v 0.00068200 -0.00292100 -0.00250000
v 0.00047500 -0.00296200 0.00250000
v 0.00047500 -0.00296200 -0.00250000
v 0.00026400 -0.00298800 0.00250000
v 0.00026400 -0.00298800 -0.00250000
v 0.00005300 -0.00300000 0.00250000
v 0.00005300 -0.00300000 -0.00250000
v -0.00015900 -0.00299600 0.00250000
v -0.00015900 -0.00299600 -0.00250000
v -0.00037000 -0.00297700 0.00250000
v -0.00037000 -0.00297700 -0.00250000
v -0.00057900 -0.00294400 0.00250000
v -0.00057900 -0.00294400 -0.00250000
v -0.00078500 -0.00289500 0.00250000
v -0.00078500 -0.00289500 -0.00250000
v -0.00098700 -0.00283300 0.00250000
v -0.00098700 -0.00283300 -0.00250000
v -0.00118500 -0.00275600 0.00250000
v -0.00118500 -0.00275600 -0.00250000
v -0.00137600 -0.00266600 0.00250000
v -0.00137600 -0.00266600 -0.00250000
v -0.00156100 -0.00256200 0.00250000
v -0.00156100 -0.00256200 -0.00250000
v -0.00173800 -0.00244600 0.00250000
v -0.00173800 -0.00244600 -0.00250000
v -0.00190600 -0.00231700 0.00250000
v -0.00190600 -0.00231700 -0.00250000
v -0.00206400 -0.00217700 0.00250000
v -0.00206400 -0.00217700 -0.00250000
v -0.00221300 -0.00202600 0.00250000
v -0.00221300 -0.00202600 -0.00250000
v -0.00235000 -0.00186500 0.00250000
v -0.00235000 -0.00186500 -0.00250000
v -0.00247600 -0.00169400 0.00250000
v -0.00247600 -0.00169400 -0.00250000
v -0.00258900 -0.00151500 0.00250000
v -0.00258900 -0.00151500 -0.00250000
v -0.00269000 -0.00132900 0.00250000
v -0.00269000 -0.00132900 -0.00250000
v -0.00277700 -0.00113600 0.00250000
v -0.00277700 -0.00113600 -0.00250000
v -0.00285000 -0.00093700 0.00250000
v -0.00285000 -0.00093700 -0.00250000
v -0.00290900 -0.00073400 0.00250000
v -0.00290900 -0.00073400 -0.00250000
v -0.00295300 -0.00052700 0.00250000
v -0.00295300 -0.00052700 -0.00250000
v -0.00298300 -0.00031700 0.00250000
v -0.00748300 -0.01281700 -0.00250000
v -0.00749800 -0.01260600 -0.00250000
v -0.00749800 -0.01260600 0.00250000
v -0.00750000 -0.01250000 -0.00250000
v -0.00749800 -0.01239400 0.00250000
v -0.00749800 -0.01239400 -0.00250000
v -0.00748300 -0.01218300 0.00250000
v -0.00748300 -0.01218300 -0.00250000
v -0.00745300 -0.01197300 0.00250000
v -0.00745300 -0.01197300 -0.00250000
v -0.00740900 -0.01176600 0.00250000
v -0.00740900 -0.01176600 -0.00250000
v -0.00735000 -0.01156300 0.00250000
v -0.00735000 -0.01156300 -0.00250000
v -0.00727700 -0.01136400 0.00250000
v -0.00727700 -0.01136400 -0.00250000
v -0.00719000 -0.01117100 0.00250000
v -0.00719000 -0.01117100 -0.00250000
v -0.00708900 -0.01098500 0.00250000
v -0.00708900 -0.01098500 -0.00250000
v -0.00697600 -0.01080600 0.00250000
v -0.00697600 -0.01080600 -0.00250000
v -0.00685000 -0.01063500 0.00250000
v -0.00685000 -0.01063500 -0.00250000
v -0.00671300 -0.01047400 0.00250000
v -0.00671300 -0.01047400 -0.00250000
v -0.00656400 -0.01032300 0.00250000
v -0.00656400 -0.01032300 -0.00250000
v -0.00640600 -0.01018300 0.00250000
v -0.00640600 -0.01018300 -0.00250000
v -0.00623800 -0.01005400 0.00250000
v -0.00623800 -0.01005400 -0.00250000
v -0.00606100 -0.00993800 0.00250000
v -0.00606100 -0.00993800 -0.00250000
v -0.00587600 -0.00983400 0.00250000
v -0.00587600 -0.00983400 -0.00250000
v -0.00568500 -0.00974400 0.00250000
v -0.00568500 -0.00974400 -0.00250000
v -0.00548700 -0.00966700 0.00250000
v -0.00548700 -0.00966700 -0.00250000
v -0.00528500 -0.00960500 0.00250000
v -0.00528500 -0.00960500 -0.00250000
v -0.00507900 -0.00955600 0.00250000
v -0.00507900 -0.00955600 -0.00250000
v -0.00487000 -0.00952300 0.00250000
v -0.00487000 -0.00952300 -0.00250000
v -0.00465900 -0.00950400 0.00250000
v -0.00465900 -0.00950400 -0.00250000
v -0.00444700 -0.00950000 0.00250000
v -0.00444700 -0.00950000 -0.00250000
v -0.00423600 -0.00951200 0.00250000
v -0.00423600 -0.00951200 -0.00250000
v -0.00402500 -0.00953800 0.00250000
v -0.00402500 -0.00953800 -0.00250000
v -0.00381800 -0.00957900 0.00250000
v -0.00381800 -0.00957900 -0.00250000
v -0.00361300 -0.00963400 0.00250000
v -0.00361300 -0.00963400 -0.00250000
v -0.00341300 -0.00970400 0.00250000
v -0.00341300 -0.00970400 -0.00250000
v -0.00321900 -0.00978700 0.00250000
v -0.00321900 -0.00978700 -0.00250000
v -0.00303100 -0.00988400 0.00250000
v -0.00303100 -0.00988400 -0.00250000
v -0.00285000 -0.00999500 0.00250000
v -0.00285000 -0.00999500 -0.00250000
v -0.00267700 -0.01011700 0.00250000
v -0.00267700 -0.01011700 -0.00250000
v -0.00251400 -0.01025200 0.00250000
v -0.00251400 -0.01025200 -0.00250000
v -0.00236000 -0.01039700 0.00250000
v -0.00236000 -0.01039700 -0.00250000
v -0.00221700 -0.01055400 0.00250000
v -0.00221700 -0.01055400 -0.00250000
v -0.00208500 -0.01072000 0.00250000
v -0.00208500 -0.01072000 -0.00250000
v -0.00196600 -0.01089400 0.00250000
v -0.00196600 -0.01089400 -0.00250000
v -0.00185900 -0.01107700 0.00250000
v -0.00185900 -0.01107700 -0.00250000
v -0.00176500 -0.01126700 0.00250000
v -0.00176500 -0.01126700 -0.00250000
v -0.00168500 -0.01146300 0.00250000
v -0.00168500 -0.01146300 -0.00250000
v -0.00161900 -0.01166400 0.00250000
v -0.00161900 -0.01166400 -0.00250000
v -0.00156700 -0.01186900 0.00250000
v -0.00156700 -0.01186900 -0.00250000
v -0.00153000 -0.01207800 0.00250000
v -0.00153000 -0.01207800 -0.00250000
v -0.00150700 -0.01228800 0.00250000
v -0.00150700 -0.01228800 -0.00250000
v -0.00150000 -0.01250000 0.00250000
v -0.00150000 -0.01250000 -0.00250000
v -0.00150700 -0.01271200 0.00250000
v -0.00150700 -0.01271200 -0.00250000
v -0.00153000 -0.01292200 0.00250000
v -0.00153000 -0.01292200 -0.00250000
v -0.00156700 -0.01313100 0.00250000
v -0.00156700 -0.01313100 -0.00250000
v -0.00161900 -0.01333600 0.00250000
v -0.00161900 -0.01333600 -0.00250000
v -0.00168500 -0.01353700 0.00250000
v -0.00168500 -0.01353700 -0.00250000
v -0.00176500 -0.01373300 0.00250000
v -0.00176500 -0.01373300 -0.00250000
v -0.00185900 -0.01392300 0.00250000
v -0.00185900 -0.01392300 -0.00250000
v -0.00196600 -0.01410600 0.00250000
v -0.00196600 -0.01410600 -0.00250000
v -0.00208500 -0.01428000 0.00250000
v -0.00208500 -0.01428000 -0.00250000
v -0.00221700 -0.01444600 0.00250000
v -0.00221700 -0.01444600 -0.00250000
v -0.00236000 -0.01460300 0.00250000
v -0.00236000 -0.01460300 -0.00250000
v -0.00251400 -0.01474800 0.00250000
v -0.00251400 -0.01474800 -0.00250000
v -0.00267700 -0.01488300 0.00250000
v -0.00267700 -0.01488300 -0.00250000
v -0.00285000 -0.01500500 0.00250000
v -0.00285000 -0.01500500 -0.00250000
v -0.00303100 -0.01511600 0.00250000
v -0.00303100 -0.01511600 -0.00250000
v -0.00321900 -0.01521300 0.00250000
v -0.00321900 -0.01521300 -0.00250000
v -0.00341300 -0.01529600 0.00250000
v -0.00341300 -0.01529600 -0.00250000
v -0.00361300 -0.01536600 0.00250000
v -0.00361300 -0.01536600 -0.00250000
v -0.00381800 -0.01542100 0.00250000
v -0.00381800 -0.01542100 -0.00250000
v -0.00402500 -0.01546200 0.00250000
v -0.00402500 -0.01546200 -0.00250000
v -0.00423600 -0.01548800 0.00250000
v -0.00423600 -0.01548800 -0.00250000
v -0.00444700 -0.01550000 0.00250000
v -0.00444700 -0.01550000 -0.00250000
v -0.00465900 -0.01549600 0.00250000
v -0.00465900 -0.01549600 -0.00250000
v -0.00487000 -0.01547700 0.00250000
v -0.00487000 -0.01547700 -0.00250000
v -0.00507900 -0.01544400 0.00250000
v -0.00507900 -0.01544400 -0.00250000
v -0.00528500 -0.01539500 0.00250000
v -0.00528500 -0.01539500 -0.00250000
v -0.00548700 -0.01533300 0.00250000
v -0.00548700 -0.01533300 -0.00250000
v -0.00568500 -0.01525600 0.00250000
v -0.00568500 -0.01525600 -0.00250000
v -0.00587600 -0.01516600 0.00250000
v -0.00587600 -0.01516600 -0.00250000
v -0.00606100 -0.01506200 0.00250000
v -0.00606100 -0.01506200 -0.00250000
v -0.00623800 -0.01494600 0.00250000
v -0.00623800 -0.01494600 -0.00250000
v -0.00640600 -0.01481700 0.00250000
v -0.00640600 -0.01481700 -0.00250000
v -0.00656400 -0.01467700 0.00250000
v -0.00656400 -0.01467700 -0.00250000
v -0.00671300 -0.01452600 0.00250000
v -0.00671300 -0.01452600 -0.00250000
v -0.00685000 -0.01436500 0.00250000
v -0.00685000 -0.01436500 -0.00250000
v -0.00697600 -0.01419400 0.00250000
v -0.00697600 -0.01419400 -0.00250000
v -0.00708900 -0.01401500 0.00250000
v -0.00708900 -0.01401500 -0.00250000
v -0.00719000 -0.01382900 0.00250000
v -0.00719000 -0.01382900 -0.00250000
v -0.00727700 -0.01363600 0.00250000
v -0.00727700 -0.01363600 -0.00250000
v -0.00735000 -0.01343700 0.00250000
v -0.00735000 -0.01343700 -0.00250000
v -0.00740900 -0.01323400 0.00250000
v -0.00740900 -0.01323400 -0.00250000
v -0.00745300 -0.01302700 0.00250000
v -0.00745300 -0.01302700 -0.00250000
v -0.00748300 -0.01281700 0.00250000
v 0.00262600 -0.00552300 -0.00500000
v 0.00245900 -0.00555200 -0.00500000
v 0.00551400 -0.00019600 -0.00500000
v 0.00451800 0.00079400 -0.00500000
v 0.00302100 -0.00176800 -0.00500000
v 0.00313800 -0.00155000 -0.00500000
v 0.00296600 -0.00550000 -0.00500000
v 0.00617800 -0.00044300 -0.00500000
v 0.00635400 -0.00047500 -0.00500000
v 0.00494500 0.00022800 -0.00500000
v 0.00507500 0.00010700 -0.00500000
v 0.00567300 -0.00027600 -0.00500000
v 0.00583700 -0.00034300 -0.00500000
v 0.00600600 -0.00039900 -0.00500000
v 0.02850000 -0.00050000 -0.00500000
v 0.02850000 -0.00550000 -0.00500000
v 0.00670800 -0.00050000 -0.00500000
v 0.00653000 -0.00049400 -0.00500000
v 0.00443800 0.00095300 -0.00500000
v 0.00323900 -0.00132500 -0.00500000
v 0.00332500 -0.00109300 -0.00500000
v 0.00279600 -0.00550600 -0.00500000
v 0.00349800 0.00012400 -0.00500000
v 0.00349800 -0.00012400 -0.00500000
v 0.00348000 -0.00037000 -0.00500000
v 0.00521400 -0.00000400 -0.00500000
v 0.00536000 -0.00010600 -0.00500000
v 0.00339400 -0.00085600 -0.00500000
v 0.00344600 -0.00061500 -0.00500000
v 0.00348000 0.00037000 -0.00500000
v 0.00344600 0.00061500 -0.00500000
v 0.00436900 0.00111700 -0.00500000
v 0.00339400 0.00085600 -0.00500000
v 0.00431200 0.00128600 -0.00500000
v 0.00332500 0.00109300 -0.00500000
v 0.00422000 0.00156200 -0.00500000
v 0.00323900 0.00132500 -0.00500000
v -0.00126800 0.00326200 -0.00500000
v -0.00149200 0.00424500 -0.00500000
v -0.00103400 0.00334400 -0.00500000
v -0.00121400 0.00433300 -0.00500000
v -0.00079600 0.00340800 -0.00500000
v -0.00093100 0.00440300 -0.00500000
v -0.00055400 0.00345600 -0.00500000
v -0.00064400 0.00445400 -0.00500000
v -0.00030800 0.00348600 -0.00500000
v -0.00035500 0.00448600 -0.00500000
v -0.00006200 0.00349900 -0.00500000
v -0.00006400 0.00450000 -0.00500000
v 0.00018500 0.00349500 -0.00500000
v 0.00022800 0.00449400 -0.00500000
v 0.00043100 0.00347300 -0.00500000
v 0.00051800 0.00447000 -0.00500000
v 0.00067500 0.00343400 -0.00500000
v 0.00080600 0.00442700 -0.00500000
v 0.00091600 0.00337800 -0.00500000
v 0.00109100 0.00436600 -0.00500000
v 0.00115200 0.00330500 -0.00500000
v 0.00137100 0.00428600 -0.00500000
v 0.00138200 0.00321600 -0.00500000
v 0.00164600 0.00418800 -0.00500000
v 0.00191300 0.00407300 -0.00500000
v 0.00160500 0.00311000 -0.00500000
v 0.00217300 0.00394100 -0.00500000
v 0.00182100 0.00298900 -0.00500000
v 0.00242300 0.00379200 -0.00500000
v 0.00202700 0.00285300 -0.00500000
v 0.00266400 0.00362700 -0.00500000
v 0.00222300 0.00270300 -0.00500000
v 0.00289300 0.00344700 -0.00500000
v 0.00240800 0.00254000 -0.00500000
v 0.00311000 0.00325300 -0.00500000
v 0.00258200 0.00236300 -0.00500000
v 0.00331400 0.00304400 -0.00500000
v 0.00274200 0.00217500 -0.00500000
v 0.00350400 0.00282400 -0.00500000
v 0.00288900 0.00197600 -0.00500000
v 0.00367900 0.00259100 -0.00500000
v 0.00302100 0.00176800 -0.00500000
v 0.00383900 0.00234700 -0.00500000
v 0.00313800 0.00155000 -0.00500000
v 0.00398300 0.00209400 -0.00500000
v 0.00411000 0.00183200 -0.00500000
v -0.00328400 0.00121000 -0.00500000
v -0.00416000 0.00171500 -0.00500000
v -0.00319100 0.00143900 -0.00500000
v -0.00404100 0.00198100 -0.00500000
v -0.00308100 0.00166000 -0.00500000
v -0.00390400 0.00223800 -0.00500000
v -0.00295600 0.00187300 -0.00500000
v -0.00375100 0.00248600 -0.00500000
v -0.00281700 0.00207700 -0.00500000
v -0.00358200 0.00272300 -0.00500000
v -0.00266300 0.00227100 -0.00500000
v -0.00339900 0.00294900 -0.00500000
v -0.00249700 0.00245300 -0.00500000
v -0.00320100 0.00316300 -0.00500000
v -0.00231700 0.00262300 -0.00500000
v -0.00298900 0.00336400 -0.00500000
v -0.00212700 0.00278000 -0.00500000
v -0.00276500 0.00355000 -0.00500000
v -0.00192500 0.00292300 -0.00500000
v -0.00253000 0.00372200 -0.00500000
v -0.00171400 0.00305100 -0.00500000
v -0.00228400 0.00387800 -0.00500000
v -0.00149500 0.00316500 -0.00500000
v -0.00202800 0.00401700 -0.00500000
v -0.00176400 0.00414000 -0.00500000
v -0.00699700 -0.01495300 -0.00500000
v -0.00782700 -0.01553000 -0.00500000
v -0.00716300 -0.01477100 -0.00500000
v -0.00801600 -0.01530800 -0.00500000
v -0.00731700 -0.01457700 -0.00500000
v -0.00819100 -0.01507400 -0.00500000
v -0.00745600 -0.01437300 -0.00500000
v -0.00835000 -0.01483000 -0.00500000
v -0.00758100 -0.01416000 -0.00500000
v -0.00849300 -0.01457500 -0.00500000
v -0.00769100 -0.01393900 -0.00500000
v -0.00861900 -0.01431200 -0.00500000
v -0.00778400 -0.01371000 -0.00500000
v -0.00872800 -0.01404100 -0.00500000
v -0.00786100 -0.01347500 -0.00500000
v -0.00881900 -0.01376400 -0.00500000
v -0.00792200 -0.01323600 -0.00500000
v -0.00889200 -0.01348100 -0.00500000
v -0.00796500 -0.01299300 -0.00500000
v -0.00894600 -0.01319500 -0.00500000
v -0.00799100 -0.01274700 -0.00500000
v -0.00898200 -0.01290500 -0.00500000
v -0.00800000 -0.01250000 -0.00500000
v -0.00899900 -0.01261400 -0.00500000
v -0.00799100 -0.01225300 -0.00500000
v -0.00456200 -0.01599900 -0.00500000
v -0.00474100 -0.01699400 -0.00500000
v -0.00480800 -0.01598600 -0.00500000
v -0.00503200 -0.01696800 -0.00500000
v -0.00505400 -0.01595600 -0.00500000
v -0.00532100 -0.01692500 -0.00500000
v -0.00529600 -0.01590800 -0.00500000
v -0.00560600 -0.01686200 -0.00500000
v -0.00553400 -0.01584400 -0.00500000
v -0.00588600 -0.01678100 -0.00500000
v -0.00576800 -0.01576200 -0.00500000
v -0.00616100 -0.01668200 -0.00500000
v -0.00599500 -0.01566500 -0.00500000
v -0.00642800 -0.01656600 -0.00500000
v -0.00621400 -0.01555100 -0.00500000
v -0.00668800 -0.01643200 -0.00500000
v -0.00642500 -0.01542300 -0.00500000
v -0.00693800 -0.01628200 -0.00500000
v -0.00662700 -0.01528000 -0.00500000
v -0.00717800 -0.01611600 -0.00500000
v -0.00681700 -0.01512300 -0.00500000
v -0.00740700 -0.01593500 -0.00500000
v -0.00762300 -0.01573900 -0.00500000
v -0.00030800 -0.00348600 -0.00500000
v -0.00006200 -0.00349900 -0.00500000
v -0.00247300 -0.00964700 -0.00500000
v -0.00358400 -0.00912200 -0.00500000
v -0.00192500 -0.00292300 -0.00500000
v -0.00171400 -0.00305100 -0.00500000
v -0.00212700 -0.00278000 -0.00500000
v -0.00607100 -0.00786000 -0.00500000
v -0.00598900 -0.00771500 -0.00500000
v -0.00553400 -0.00915600 -0.00500000
v -0.00126100 -0.01117500 -0.00500000
v -0.00136200 -0.01095000 -0.00500000
v -0.00034000 -0.01059100 -0.00500000
v -0.00147900 -0.01073200 -0.00500000
v -0.00035800 -0.01025900 -0.00500000
v -0.00035500 -0.01042500 -0.00500000
v -0.00529600 -0.00909200 -0.00500000
v -0.00576800 -0.00923800 -0.00500000
v -0.00599500 -0.00933500 -0.00500000
v -0.00648900 -0.00837800 -0.00500000
v -0.00899600 -0.01232200 -0.00500000
v -0.00897500 -0.01203100 -0.00500000
v -0.00796500 -0.01200700 -0.00500000
v -0.00893600 -0.01174200 -0.00500000
v -0.00792200 -0.01176400 -0.00500000
v -0.00887700 -0.01145600 -0.00500000
v -0.00786100 -0.01152500 -0.00500000
v -0.00880000 -0.01117400 -0.00500000
v -0.00778400 -0.01129000 -0.00500000
v -0.00870500 -0.01089800 -0.00500000
v -0.00769100 -0.01106100 -0.00500000
v -0.00859300 -0.01062900 -0.00500000
v -0.00758100 -0.01084000 -0.00500000
v -0.00846300 -0.01036800 -0.00500000
v -0.00745600 -0.01062700 -0.00500000
v -0.00831600 -0.01011600 -0.00500000
v -0.00731700 -0.01042300 -0.00500000
v -0.00815400 -0.00987300 -0.00500000
v -0.00716300 -0.01022900 -0.00500000
v -0.00797600 -0.00964200 -0.00500000
v -0.00699700 -0.01004700 -0.00500000
v -0.00778300 -0.00942300 -0.00500000
v -0.00681700 -0.00987700 -0.00500000
v -0.00021100 -0.00944200 -0.00500000
v -0.00026200 -0.00960100 -0.00500000
v -0.00161100 -0.01052400 -0.00500000
v -0.00227700 -0.00979700 -0.00500000
v -0.00021100 -0.00944200 -0.00500000
v 0.00061300 -0.00715300 -0.00500000
v 0.00018500 -0.00349500 -0.00500000
v 0.00067600 -0.00699500 -0.00500000
v 0.00182100 -0.00298900 -0.00500000
v 0.00202700 -0.00285300 -0.00500000
v 0.00229300 -0.00559200 -0.00500000
v 0.00222300 -0.00270300 -0.00500000
v -0.00295600 -0.00187300 -0.00500000
v -0.00281700 -0.00207700 -0.00500000
v -0.00406900 -0.00902700 -0.00500000
v -0.00266300 -0.00227100 -0.00500000
v -0.00406900 -0.00902700 -0.00500000
v -0.00249700 -0.00245300 -0.00500000
v -0.00328400 -0.00121000 -0.00500000
v -0.00427000 -0.00142100 -0.00500000
v -0.00336100 -0.00097500 -0.00500000
v -0.00435300 -0.00114200 -0.00500000
v -0.00342200 -0.00073600 -0.00500000
v -0.00441700 -0.00085800 -0.00500000
v -0.00346500 -0.00049300 -0.00500000
v -0.00446400 -0.00057000 -0.00500000
v -0.00349100 -0.00024700 -0.00500000
v -0.00449100 -0.00028000 -0.00500000
v -0.00350000 -0.00000000 -0.00500000
v -0.00450000 0.00001100 -0.00500000
v -0.00349100 0.00024700 -0.00500000
v -0.00449000 0.00030200 -0.00500000
v -0.00346500 0.00049300 -0.00500000
v -0.00446100 0.00059200 -0.00500000
v -0.00342200 0.00073600 -0.00500000
v -0.00441300 0.00087900 -0.00500000
v -0.00336100 0.00097500 -0.00500000
v -0.00434700 0.00116300 -0.00500000
v -0.00426300 0.00144200 -0.00500000
v -0.00414200 -0.00224100 -0.00500000
v -0.00414500 -0.00207500 -0.00500000
v -0.00319100 -0.00143900 -0.00500000
v -0.00591800 -0.00756500 -0.00500000
v -0.00585600 -0.00741000 -0.00500000
v -0.00505400 -0.00904400 -0.00500000
v -0.00428900 -0.00305800 -0.00500000
v -0.00480800 -0.00901400 -0.00500000
v -0.00757700 -0.00921600 -0.00500000
v -0.00735800 -0.00902400 -0.00500000
v -0.00662700 -0.00972000 -0.00500000
v -0.00712600 -0.00884600 -0.00500000
v -0.00642500 -0.00957700 -0.00500000
v -0.00688400 -0.00868300 -0.00500000
v -0.00621400 -0.00944900 -0.00500000
v -0.00674500 -0.00859000 -0.00500000
v -0.00661400 -0.00848800 -0.00500000
v -0.00030200 -0.00976200 -0.00500000
v -0.00033200 -0.00992600 -0.00500000
v -0.00035100 -0.01009200 -0.00500000
v 0.00240800 -0.00254000 -0.00500000
v 0.00258200 -0.00236300 -0.00500000
v 0.00274200 -0.00217500 -0.00500000
v -0.00126800 -0.00326200 -0.00500000
v -0.00103400 -0.00334400 -0.00500000
v -0.00311800 -0.00928400 -0.00500000
v -0.00382500 -0.00906600 -0.00500000
v -0.00231700 -0.00262300 -0.00500000
v -0.00416000 -0.00190900 -0.00500000
v -0.00418600 -0.00174400 -0.00500000
v -0.00422200 -0.00158100 -0.00500000
v -0.00423800 -0.00289900 -0.00500000
v -0.00431500 -0.00900500 -0.00500000
v -0.00456200 -0.00900100 -0.00500000
v -0.00419800 -0.00273800 -0.00500000
v -0.00416800 -0.00257400 -0.00500000
v -0.00414900 -0.00240800 -0.00500000
v -0.00637200 -0.00825900 -0.00500000
v -0.00626300 -0.00813300 -0.00500000
v -0.00616200 -0.00800000 -0.00500000
v -0.00209200 -0.01504000 -0.00500000
v -0.00151700 -0.01586900 -0.00500000
v -0.00227700 -0.01520300 -0.00500000
v -0.00174200 -0.01605500 -0.00500000
v -0.00247300 -0.01535300 -0.00500000
v -0.00197800 -0.01622700 -0.00500000
v -0.00267900 -0.01548900 -0.00500000
v -0.00222500 -0.01638200 -0.00500000
v -0.00289500 -0.01561000 -0.00500000
v -0.00248100 -0.01652200 -0.00500000
v -0.00311800 -0.01571600 -0.00500000
v -0.00274600 -0.01664400 -0.00500000
v -0.00334800 -0.01580500 -0.00500000
v -0.00301800 -0.01674900 -0.00500000
v -0.00358400 -0.01587800 -0.00500000
v -0.00329700 -0.01683600 -0.00500000
v -0.00382500 -0.01593400 -0.00500000
v -0.00358100 -0.01690500 -0.00500000
v -0.00406900 -0.01597300 -0.00500000
v -0.00386800 -0.01695500 -0.00500000
v -0.00431500 -0.01599500 -0.00500000
v -0.00415800 -0.01698700 -0.00500000
v -0.00445000 -0.01700000 -0.00500000
v -0.00175800 -0.01032500 -0.00500000
v -0.00191800 -0.01013700 -0.00500000
v -0.00209200 -0.00996000 -0.00500000
v 0.00152800 -0.00595500 -0.00500000
v 0.00067500 -0.00343400 -0.00500000
v 0.00167000 -0.00586200 -0.00500000
v 0.00091600 -0.00337800 -0.00500000
v 0.00181900 -0.00577800 -0.00500000
v 0.00197300 -0.00570600 -0.00500000
v 0.00115200 -0.00330500 -0.00500000
v 0.00213100 -0.00564300 -0.00500000
v 0.00138200 -0.00321600 -0.00500000
v 0.00160500 -0.00311000 -0.00500000
v 0.00482300 0.00035800 -0.00500000
v 0.00288900 -0.00197600 -0.00500000
v 0.00471100 0.00049600 -0.00500000
v 0.00460900 0.00064200 -0.00500000
v -0.00149500 -0.00316500 -0.00500000
v -0.00334800 -0.00919500 -0.00500000
v -0.00308100 -0.00166000 -0.00500000
v -0.00079600 -0.00340800 -0.00500000
v -0.00055400 -0.00345600 -0.00500000
v -0.00289500 -0.00939000 -0.00500000
v -0.00267900 -0.00951100 -0.00500000
v 0.00103100 -0.00641700 -0.00500000
v 0.00092800 -0.00655200 -0.00500000
v 0.00043100 -0.00347300 -0.00500000
v 0.00083400 -0.00669400 -0.00500000
v 0.00075000 -0.00684200 -0.00500000
v 0.00139200 -0.00605700 -0.00500000
v 0.00126400 -0.00616900 -0.00500000
v 0.00114300 -0.00628900 -0.00500000
v -0.00100200 -0.01262400 -0.00500000
v -0.00001000 -0.01280500 -0.00500000
v -0.00102000 -0.01287000 -0.00500000
v -0.00004000 -0.01309500 -0.00500000
v -0.00105400 -0.01311500 -0.00500000
v -0.00008700 -0.01338300 -0.00500000
v -0.00110600 -0.01335600 -0.00500000
v -0.00015400 -0.01366700 -0.00500000
v -0.00117500 -0.01359300 -0.00500000
v -0.00023900 -0.01394600 -0.00500000
v -0.00126100 -0.01382500 -0.00500000
v -0.00034100 -0.01422000 -0.00500000
v -0.00136200 -0.01405000 -0.00500000
v -0.00046200 -0.01448500 -0.00500000
v -0.00147900 -0.01426800 -0.00500000
v -0.00059900 -0.01474300 -0.00500000
v -0.00161100 -0.01447600 -0.00500000
v -0.00075200 -0.01499100 -0.00500000
v -0.00175800 -0.01467500 -0.00500000
v -0.00092200 -0.01522900 -0.00500000
v -0.00191800 -0.01486300 -0.00500000
v -0.00110600 -0.01545500 -0.00500000
v -0.00130500 -0.01566900 -0.00500000
v -0.00031400 -0.01075600 -0.00500000
v -0.00027800 -0.01091900 -0.00500000
v -0.00117500 -0.01140700 -0.00500000
v -0.00023000 -0.01107900 -0.00500000
v -0.00110600 -0.01164400 -0.00500000
v -0.00014700 -0.01135800 -0.00500000
v -0.00105400 -0.01188500 -0.00500000
v -0.00008200 -0.01164300 -0.00500000
v -0.00102000 -0.01213000 -0.00500000
v -0.00003600 -0.01193100 -0.00500000
v -0.00100200 -0.01237600 -0.00500000
v -0.00000900 -0.01222100 -0.00500000
v 0.00000000 -0.01251300 -0.00500000
v 0.00536000 -0.00010600 0.00500000
v 0.00521400 -0.00000400 0.00500000
v 0.00350000 0.00000000 0.00500000
v 0.00507500 0.00010700 0.00500000
v 0.00494500 0.00022800 0.00500000
v 0.00482300 0.00035800 0.00500000
v 0.00471100 0.00049600 0.00500000
v 0.00114300 -0.00628900 0.00500000
v 0.00635400 -0.00047500 0.00500000
v 0.00617800 -0.00044300 0.00500000
v 0.00266300 0.00227100 0.00500000
v 0.00460900 0.00064200 0.00500000
v 0.00249700 0.00245300 0.00500000
v 0.00231700 0.00262300 0.00500000
v 0.02850000 -0.00550000 0.00500000
v 0.02850000 -0.00050000 0.00500000
v 0.00296600 -0.00550000 0.00500000
v 0.00670800 -0.00050000 0.00500000
v 0.00279600 -0.00550600 0.00500000
v 0.00653000 -0.00049400 0.00500000
v 0.00262600 -0.00552300 0.00500000
v 0.00103100 -0.00641700 0.00500000
v 0.00600600 -0.00039900 0.00500000
v 0.00583700 -0.00034300 0.00500000
v 0.00551400 -0.00019600 0.00500000
v -0.00672300 -0.00979700 0.00500000
v -0.00652700 -0.00964700 0.00500000
v 0.00139200 -0.00605700 0.00500000
v 0.00152800 -0.00595500 0.00500000
v 0.00281700 0.00207700 0.00500000
v 0.00295600 0.00187300 0.00500000
v 0.00308100 0.00166000 0.00500000
v 0.00319100 0.00143900 0.00500000
v 0.00328400 0.00121000 0.00500000
v 0.00336100 0.00097500 0.00500000
v 0.00342200 0.00073600 0.00500000
v 0.00346500 0.00049300 0.00500000
v 0.00349100 0.00024700 0.00500000
v 0.00126400 -0.00616900 0.00500000
v 0.00197300 -0.00570600 0.00500000
v 0.00213100 -0.00564300 0.00500000
v 0.00167000 -0.00586200 0.00500000
v 0.00181900 -0.00577800 0.00500000
v 0.00229300 -0.00559200 0.00500000
v 0.00245900 -0.00555200 0.00500000
v -0.00154400 -0.01062700 0.00500000
v -0.00141900 -0.01084000 0.00500000
v -0.00035800 -0.01025900 0.00500000
v -0.00130900 -0.01106100 0.00500000
v -0.00121600 -0.01129000 0.00500000
v -0.00027800 -0.01091900 0.00500000
v -0.00419200 -0.00901400 0.00500000
v 0.00567300 -0.00027600 0.00500000
v -0.00443800 -0.00900100 0.00500000
v -0.00468500 -0.00900500 0.00500000
v -0.00394600 -0.00904400 0.00500000
v -0.00370400 -0.00909200 0.00500000
v -0.00346600 -0.00915600 0.00500000
v -0.00323200 -0.00923800 0.00500000
v -0.00300500 -0.00933500 0.00500000
v -0.00278600 -0.00944900 0.00500000
v -0.00257500 -0.00957700 0.00500000
v -0.00237300 -0.00972000 0.00500000
v -0.00218300 -0.00987700 0.00500000
v -0.00031400 -0.01075600 0.00500000
v -0.00034000 -0.01059100 0.00500000
v -0.00035500 -0.01042500 0.00500000
v -0.00632100 -0.00951100 0.00500000
v -0.00610500 -0.00939000 0.00500000
v -0.00588200 -0.00928400 0.00500000
v -0.00565200 -0.00919500 0.00500000
v -0.00541600 -0.00912200 0.00500000
v -0.00517500 -0.00906600 0.00500000
v -0.00493100 -0.00902700 0.00500000
v -0.00035100 -0.01009200 0.00500000
v -0.00033200 -0.00992600 0.00500000
v -0.00168300 -0.01042300 0.00500000
v -0.00030200 -0.00976200 0.00500000
v -0.00026200 -0.00960100 0.00500000
v -0.00021100 -0.00944200 0.00500000
v -0.00183700 -0.01022900 0.00500000
v 0.00061300 -0.00715300 0.00500000
v -0.00200300 -0.01004700 0.00500000
v 0.00075000 -0.00684200 0.00500000
v 0.00083400 -0.00669400 0.00500000
v 0.00092800 -0.00655200 0.00500000
v -0.00141900 -0.01416000 0.00500000
v -0.00046200 -0.01448500 0.00500000
v -0.00130900 -0.01393900 0.00500000
v -0.00034100 -0.01422000 0.00500000
v -0.00121600 -0.01371000 0.00500000
v -0.00023900 -0.01394600 0.00500000
v -0.00113900 -0.01347500 0.00500000
v -0.00015400 -0.01366700 0.00500000
v -0.00107800 -0.01323600 0.00500000
v -0.00008700 -0.01338300 0.00500000
v -0.00103500 -0.01299300 0.00500000
v -0.00004000 -0.01309500 0.00500000
v -0.00100900 -0.01274700 0.00500000
v -0.00001000 -0.01280500 0.00500000
v -0.00100000 -0.01250000 0.00500000
v 0.00000000 -0.01251300 0.00500000
v -0.00100900 -0.01225300 0.00500000
v -0.00000900 -0.01222100 0.00500000
v -0.00103500 -0.01200700 0.00500000
v -0.00003600 -0.01193100 0.00500000
v -0.00107800 -0.01176400 0.00500000
v -0.00008200 -0.01164300 0.00500000
v -0.00113900 -0.01152500 0.00500000
v -0.00014700 -0.01135800 0.00500000
v -0.00023000 -0.01107900 0.00500000
v -0.00218300 -0.00987700 0.00500000
v 0.00067600 -0.00699500 0.00500000
v -0.00346600 -0.01584400 0.00500000
v -0.00301800 -0.01674900 0.00500000
v -0.00323200 -0.01576200 0.00500000
v -0.00274600 -0.01664400 0.00500000
v -0.00300500 -0.01566500 0.00500000
v -0.00248100 -0.01652200 0.00500000
v -0.00278600 -0.01555100 0.00500000
v -0.00222500 -0.01638200 0.00500000
v -0.00257500 -0.01542300 0.00500000
v -0.00197800 -0.01622700 0.00500000
v -0.00237300 -0.01528000 0.00500000
v -0.00174200 -0.01605500 0.00500000
v -0.00218300 -0.01512300 0.00500000
v -0.00151700 -0.01586900 0.00500000
v -0.00200300 -0.01495300 0.00500000
v -0.00130500 -0.01566900 0.00500000
v -0.00183700 -0.01477100 0.00500000
v -0.00110600 -0.01545500 0.00500000
v -0.00168300 -0.01457700 0.00500000
v -0.00092200 -0.01522900 0.00500000
v -0.00154400 -0.01437300 0.00500000
v -0.00075200 -0.01499100 0.00500000
v -0.00059900 -0.01474300 0.00500000
v -0.00610500 -0.01561000 0.00500000
v -0.00642800 -0.01656600 0.00500000
v -0.00588200 -0.01571600 0.00500000
v -0.00616100 -0.01668200 0.00500000
v -0.00565200 -0.01580500 0.00500000
v -0.00588600 -0.01678100 0.00500000
v -0.00541600 -0.01587800 0.00500000
v -0.00560600 -0.01686200 0.00500000
v -0.00517500 -0.01593400 0.00500000
v -0.00532100 -0.01692500 0.00500000
v -0.00493100 -0.01597300 0.00500000
v -0.00503200 -0.01696800 0.00500000
v -0.00468500 -0.01599500 0.00500000
v -0.00474100 -0.01699400 0.00500000
v -0.00443800 -0.01599900 0.00500000
v -0.00445000 -0.01700000 0.00500000
v -0.00419200 -0.01598600 0.00500000
v -0.00415800 -0.01698700 0.00500000
v -0.00394600 -0.01595600 0.00500000
v -0.00386800 -0.01695500 0.00500000
v -0.00370400 -0.01590800 0.00500000
v -0.00358100 -0.01690500 0.00500000
v -0.00329700 -0.01683600 0.00500000
v -0.00752100 -0.01073200 0.00500000
v -0.00846300 -0.01036800 0.00500000
v -0.00763800 -0.01095000 0.00500000
v -0.00859300 -0.01062900 0.00500000
v -0.00773900 -0.01117500 0.00500000
v -0.00870500 -0.01089800 0.00500000
v -0.00782500 -0.01140700 0.00500000
v -0.00880000 -0.01117400 0.00500000
v -0.00789400 -0.01164400 0.00500000
v -0.00887700 -0.01145600 0.00500000
v -0.00794600 -0.01188500 0.00500000
v -0.00893600 -0.01174200 0.00500000
v -0.00798000 -0.01213000 0.00500000
v -0.00897500 -0.01203100 0.00500000
v -0.00799800 -0.01237600 0.00500000
v -0.00899600 -0.01232200 0.00500000
v -0.00799800 -0.01262400 0.00500000
v -0.00899900 -0.01261400 0.00500000
v -0.00798000 -0.01287000 0.00500000
v -0.00898200 -0.01290500 0.00500000
v -0.00794600 -0.01311500 0.00500000
v -0.00894600 -0.01319500 0.00500000
v -0.00789400 -0.01335600 0.00500000
v 0.00349100 -0.00024700 0.00500000
v 0.00346500 -0.00049300 0.00500000
v 0.00342200 -0.00073600 0.00500000
v 0.00336100 -0.00097500 0.00500000
v 0.00328400 -0.00121000 0.00500000
v -0.00889200 -0.01348100 0.00500000
v -0.00881900 -0.01376400 0.00500000
v -0.00782500 -0.01359300 0.00500000
v -0.00872800 -0.01404100 0.00500000
v -0.00773900 -0.01382500 0.00500000
v -0.00861900 -0.01431200 0.00500000
v -0.00763800 -0.01405000 0.00500000
v -0.00849300 -0.01457500 0.00500000
v -0.00752100 -0.01426800 0.00500000
v -0.00835000 -0.01483000 0.00500000
v -0.00738900 -0.01447600 0.00500000
v -0.00819100 -0.01507400 0.00500000
v -0.00724200 -0.01467500 0.00500000
v -0.00801600 -0.01530800 0.00500000
v -0.00708200 -0.01486300 0.00500000
v -0.00782700 -0.01553000 0.00500000
v -0.00690800 -0.01504000 0.00500000
v -0.00762300 -0.01573900 0.00500000
v -0.00672300 -0.01520300 0.00500000
v -0.00740700 -0.01593500 0.00500000
v -0.00652700 -0.01535300 0.00500000
v -0.00717800 -0.01611600 0.00500000
v -0.00632100 -0.01548900 0.00500000
v -0.00693800 -0.01628200 0.00500000
v -0.00668800 -0.01643200 0.00500000
v -0.00160500 -0.00311000 0.00500000
v -0.00182100 -0.00298900 0.00500000
v 0.00451800 0.00079400 0.00500000
v 0.00443800 0.00095300 0.00500000
v 0.00212700 0.00278000 0.00500000
v 0.00436900 0.00111700 0.00500000
v 0.00431200 0.00128600 0.00500000
v 0.00319100 -0.00143900 0.00500000
v 0.00308100 -0.00166000 0.00500000
v 0.00295600 -0.00187300 0.00500000
v 0.00171400 -0.00305100 0.00500000
v 0.00149500 -0.00316500 0.00500000
v 0.00281700 -0.00207700 0.00500000
v 0.00266300 -0.00227100 0.00500000
v 0.00249700 -0.00245300 0.00500000
v 0.00006200 -0.00349900 0.00500000
v -0.00018500 -0.00349500 0.00500000
v -0.00690800 -0.00996000 0.00500000
v -0.00202700 -0.00285300 0.00500000
v -0.00708200 -0.01013700 0.00500000
v -0.00222300 -0.00270300 0.00500000
v -0.00240800 -0.00254000 0.00500000
v -0.00258200 -0.00236300 0.00500000
v 0.00367900 0.00259100 0.00500000
v 0.00383900 0.00234700 0.00500000
v 0.00398300 0.00209400 0.00500000
v 0.00311000 0.00325300 0.00500000
v 0.00289300 0.00344700 0.00500000
v 0.00266400 0.00362700 0.00500000
v 0.00192500 0.00292300 0.00500000
v 0.00242300 0.00379200 0.00500000
v 0.00171400 0.00305100 0.00500000
v 0.00217300 0.00394100 0.00500000
v 0.00149500 0.00316500 0.00500000
v 0.00191300 0.00407300 0.00500000
v 0.00126800 0.00326200 0.00500000
v 0.00164600 0.00418800 0.00500000
v 0.00103400 0.00334400 0.00500000
v 0.00137100 0.00428600 0.00500000
v 0.00079600 0.00340800 0.00500000
v 0.00109100 0.00436600 0.00500000
v 0.00055400 0.00345600 0.00500000
v 0.00080600 0.00442700 0.00500000
v 0.00030800 0.00348600 0.00500000
v 0.00231700 -0.00262300 0.00500000
v 0.00212700 -0.00278000 0.00500000
v 0.00192500 -0.00292300 0.00500000
v 0.00126800 -0.00326200 0.00500000
v 0.00103400 -0.00334400 0.00500000
v 0.00079600 -0.00340800 0.00500000
v 0.00055400 -0.00345600 0.00500000
v 0.00030800 -0.00348600 0.00500000
v -0.00043100 -0.00347300 0.00500000
v -0.00067500 -0.00343400 0.00500000
v -0.00091600 -0.00337800 0.00500000
v -0.00115200 -0.00330500 0.00500000
v -0.00138200 -0.00321600 0.00500000
v 0.00051800 0.00447000 0.00500000
v 0.00022800 0.00449400 0.00500000
v 0.00006200 0.00349900 0.00500000
v -0.00006400 0.00450000 0.00500000
v -0.00018500 0.00349500 0.00500000
v -0.00035500 0.00448600 0.00500000
v -0.00043100 0.00347300 0.00500000
v -0.00064400 0.00445400 0.00500000
v -0.00067500 0.00343400 0.00500000
v -0.00093100 0.00440300 0.00500000
v -0.00091600 0.00337800 0.00500000
v -0.00121400 0.00433300 0.00500000
v -0.00115200 0.00330500 0.00500000
v -0.00149200 0.00424500 0.00500000
v -0.00138200 0.00321600 0.00500000
v -0.00176400 0.00414000 0.00500000
v -0.00160500 0.00311000 0.00500000
v -0.00202800 0.00401700 0.00500000
v -0.00182100 0.00298900 0.00500000
v -0.00228400 0.00387800 0.00500000
v -0.00202700 0.00285300 0.00500000
v -0.00253000 0.00372200 0.00500000
v -0.00222300 0.00270300 0.00500000
v 0.00422000 0.00156200 0.00500000
v 0.00411000 0.00183200 0.00500000
v 0.00350400 0.00282400 0.00500000
v 0.00331400 0.00304400 0.00500000
v -0.00349800 0.00012400 0.00500000
v -0.00450000 0.00001100 0.00500000
v -0.00349800 -0.00012400 0.00500000
v -0.00449100 -0.00028000 0.00500000
v -0.00348000 -0.00037000 0.00500000
v -0.00446400 -0.00057000 0.00500000
v -0.00344600 -0.00061500 0.00500000
v -0.00441700 -0.00085800 0.00500000
v -0.00339400 -0.00085600 0.00500000
v -0.00435300 -0.00114200 0.00500000
v -0.00332500 -0.00109300 0.00500000
v -0.00427000 -0.00142100 0.00500000
v -0.00323900 -0.00132500 0.00500000
v -0.00302100 -0.00176800 0.00500000
v -0.00313800 -0.00155000 0.00500000
v -0.00414500 -0.00207500 0.00500000
v -0.00422200 -0.00158100 0.00500000
v -0.00418600 -0.00174400 0.00500000
v -0.00416000 -0.00190900 0.00500000
v -0.00674500 -0.00859000 0.00500000
v -0.00688400 -0.00868300 0.00500000
v -0.00712600 -0.00884600 0.00500000
v -0.00735800 -0.00902400 0.00500000
v -0.00757700 -0.00921600 0.00500000
v -0.00778300 -0.00942300 0.00500000
v -0.00724200 -0.01032500 0.00500000
v -0.00797600 -0.00964200 0.00500000
v -0.00738900 -0.01052400 0.00500000
v -0.00815400 -0.00987300 0.00500000
v -0.00831600 -0.01011600 0.00500000
v -0.00414200 -0.00224100 0.00500000
v -0.00414900 -0.00240800 0.00500000
v -0.00288900 -0.00197600 0.00500000
v -0.00416800 -0.00257400 0.00500000
v -0.00419800 -0.00273800 0.00500000
v -0.00423800 -0.00289900 0.00500000
v -0.00274200 -0.00217500 0.00500000
v -0.00428900 -0.00305800 0.00500000
v -0.00258200 -0.00236300 0.00500000
v -0.00585600 -0.00741000 0.00500000
v -0.00607100 -0.00786000 0.00500000
v -0.00598900 -0.00771500 0.00500000
v -0.00591800 -0.00756500 0.00500000
v -0.00616200 -0.00800000 0.00500000
v -0.00626300 -0.00813300 0.00500000
v -0.00637200 -0.00825900 0.00500000
v -0.00276500 0.00355000 0.00500000
v -0.00298900 0.00336400 0.00500000
v -0.00240800 0.00254000 0.00500000
v -0.00320100 0.00316300 0.00500000
v -0.00258200 0.00236300 0.00500000
v -0.00339900 0.00294900 0.00500000
v -0.00274200 0.00217500 0.00500000
v -0.00358200 0.00272300 0.00500000
v -0.00288900 0.00197600 0.00500000
v -0.00375100 0.00248600 0.00500000
v -0.00302100 0.00176800 0.00500000
v -0.00390400 0.00223800 0.00500000
v -0.00313800 0.00155000 0.00500000
v -0.00404100 0.00198100 0.00500000
v -0.00323900 0.00132500 0.00500000
v -0.00416000 0.00171500 0.00500000
v -0.00332500 0.00109300 0.00500000
v -0.00426300 0.00144200 0.00500000
v -0.00339400 0.00085600 0.00500000
v -0.00434700 0.00116300 0.00500000
v -0.00344600 0.00061500 0.00500000
v -0.00441300 0.00087900 0.00500000
v -0.00348000 0.00037000 0.00500000
v -0.00446100 0.00059200 0.00500000
v -0.00449000 0.00030200 0.00500000
v -0.00648900 -0.00837800 0.00500000
v -0.00661400 -0.00848800 0.00500000
v 0.00024400 -0.01092100 -0.00450000
v 0.00024400 -0.01092100 0.00450000
v 0.00033600 -0.01123100 0.00450000
v 0.00033600 -0.01123100 -0.00450000
v 0.00040800 -0.01154800 0.00450000
v 0.00040800 -0.01154800 -0.00450000
v 0.00046000 -0.01186800 0.00450000
v 0.00046000 -0.01186800 -0.00450000
v 0.00049000 -0.01219000 0.00450000
v 0.00049000 -0.01219000 -0.00450000
v 0.00050000 -0.01251500 0.00450000
v 0.00050000 -0.01251500 -0.00450000
v 0.00048900 -0.01283900 0.00450000
v 0.00048900 -0.01283900 -0.00450000
v 0.00045600 -0.01316100 0.00450000
v 0.00045600 -0.01316100 -0.00450000
v 0.00040300 -0.01348100 0.00450000
v 0.00040300 -0.01348100 -0.00450000
v 0.00032900 -0.01379700 0.00450000
v 0.00032900 -0.01379700 -0.00450000
v 0.00023500 -0.01410700 0.00450000
v 0.00023500 -0.01410700 -0.00450000
v 0.00012100 -0.01441100 0.00450000
v 0.00012100 -0.01441100 -0.00450000
v -0.00001300 -0.01470600 0.00450000
v -0.00001300 -0.01470600 -0.00450000
v -0.00016500 -0.01499200 0.00450000
v -0.00016500 -0.01499200 -0.00450000
v -0.00033600 -0.01526800 0.00450000
v -0.00033600 -0.01526800 -0.00450000
v -0.00052400 -0.01553200 0.00450000
v -0.00052400 -0.01553200 -0.00450000
v -0.00072900 -0.01578300 0.00450000
v -0.00072900 -0.01578300 -0.00450000
v -0.00095000 -0.01602100 0.00450000
v -0.00095000 -0.01602100 -0.00450000
v -0.00118600 -0.01624400 0.00450000
v -0.00118600 -0.01624400 -0.00450000
v -0.00143500 -0.01645100 0.00450000
v -0.00143500 -0.01645100 -0.00450000
v -0.00169800 -0.01664100 0.00450000
v -0.00169800 -0.01664100 -0.00450000
v -0.00197200 -0.01681400 0.00450000
v -0.00197200 -0.01681400 -0.00450000
v -0.00225700 -0.01696900 0.00450000
v -0.00225700 -0.01696900 -0.00450000
v -0.00255100 -0.01710500 0.00450000
v -0.00255100 -0.01710500 -0.00450000
v -0.00285400 -0.01722100 0.00450000
v -0.00285400 -0.01722100 -0.00450000
v -0.00316300 -0.01731800 0.00450000
v -0.00316300 -0.01731800 -0.00450000
v -0.00347800 -0.01739500 0.00450000
v -0.00347800 -0.01739500 -0.00450000
v -0.00379800 -0.01745000 0.00450000
v -0.00379800 -0.01745000 -0.00450000
v -0.00412000 -0.01748600 0.00450000
v -0.00412000 -0.01748600 -0.00450000
v -0.00444400 -0.01750000 0.00450000
v -0.00444400 -0.01750000 -0.00450000
v -0.00476800 -0.01749300 0.00450000
v -0.00476800 -0.01749300 -0.00450000
v -0.00509100 -0.01746500 0.00450000
v -0.00509100 -0.01746500 -0.00450000
v -0.00541200 -0.01741600 0.00450000
v -0.00541200 -0.01741600 -0.00450000
v -0.00572900 -0.01734700 0.00450000
v -0.00572900 -0.01734700 -0.00450000
v -0.00604000 -0.01725700 0.00450000
v -0.00604000 -0.01725700 -0.00450000
v -0.00634500 -0.01714700 0.00450000
v -0.00634500 -0.01714700 -0.00450000
v -0.00664300 -0.01701800 0.00450000
v -0.00664300 -0.01701800 -0.00450000
v -0.00693100 -0.01686900 0.00450000
v -0.00693100 -0.01686900 -0.00450000
v -0.00720900 -0.01670300 0.00450000
v -0.00720900 -0.01670300 -0.00450000
v -0.00747600 -0.01651800 0.00450000
v -0.00747600 -0.01651800 -0.00450000
v -0.00773000 -0.01631700 0.00450000
v -0.00773000 -0.01631700 -0.00450000
v -0.00797000 -0.01609900 0.00450000
v -0.00797000 -0.01609900 -0.00450000
v -0.00819600 -0.01586700 0.00450000
v -0.00819600 -0.01586700 -0.00450000
v -0.00840700 -0.01562000 0.00450000
v -0.00840700 -0.01562000 -0.00450000
v -0.00860100 -0.01536000 0.00450000
v -0.00860100 -0.01536000 -0.00450000
v -0.00877800 -0.01508900 0.00450000
v -0.00877800 -0.01508900 -0.00450000
v -0.00893700 -0.01480600 0.00450000
v -0.00893700 -0.01480600 -0.00450000
v -0.00907700 -0.01451300 0.00450000
v -0.00907700 -0.01451300 -0.00450000
v -0.00919800 -0.01421300 0.00450000
v -0.00919800 -0.01421300 -0.00450000
v -0.00929900 -0.01390500 0.00450000
v -0.00929900 -0.01390500 -0.00450000
v -0.00938000 -0.01359100 0.00450000
v -0.00938000 -0.01359100 -0.00450000
v -0.00944000 -0.01327200 0.00450000
v -0.00944000 -0.01327200 -0.00450000
v -0.00948000 -0.01295000 0.00450000
v -0.00948000 -0.01295000 -0.00450000
v -0.00949800 -0.01262600 0.00450000
v -0.00949800 -0.01262600 -0.00450000
v -0.00949600 -0.01230200 0.00450000
v -0.00949600 -0.01230200 -0.00450000
v -0.00947300 -0.01197900 0.00450000
v -0.00947300 -0.01197900 -0.00450000
v -0.00942900 -0.01165800 0.00450000
v -0.00942900 -0.01165800 -0.00450000
v -0.00936400 -0.01134000 0.00450000
v -0.00936400 -0.01134000 -0.00450000
v -0.00927800 -0.01102700 0.00450000
v -0.00927800 -0.01102700 -0.00450000
v -0.00917300 -0.01072000 0.00450000
v -0.00917300 -0.01072000 -0.00450000
v -0.00904700 -0.01042100 0.00450000
v -0.00904700 -0.01042100 -0.00450000
v -0.00890300 -0.01013100 0.00450000
v -0.00890300 -0.01013100 -0.00450000
v -0.00874000 -0.00985100 0.00450000
v -0.00874000 -0.00985100 -0.00450000
v -0.00856000 -0.00958100 0.00450000
v -0.00856000 -0.00958100 -0.00450000
v -0.00836200 -0.00932400 0.00450000
v -0.00836200 -0.00932400 -0.00450000
v -0.00814800 -0.00908100 0.00450000
v -0.00814800 -0.00908100 -0.00450000
v -0.00791900 -0.00885100 0.00450000
v -0.00791900 -0.00885100 -0.00450000
v -0.00767500 -0.00863700 0.00450000
v -0.00767500 -0.00863700 -0.00450000
v -0.00741800 -0.00844000 0.00450000
v -0.00741800 -0.00844000 -0.00450000
v -0.00714900 -0.00825900 0.00450000
v -0.00714900 -0.00825900 -0.00450000
v 0.03000000 -0.00450000 -0.00350000
v 0.03000000 -0.00050000 -0.00350000
v 0.03000000 -0.00450000 0.00350000
v 0.03000000 -0.00050000 0.00350000
v 0.02339400 -0.00600000 -0.00088300
v 0.02332800 -0.00600000 -0.00097900
v 0.02850000 -0.00600000 -0.00450000
v 0.02309200 -0.00600000 -0.00123700
v 0.02300300 -0.00600000 -0.00131100
v 0.01043300 -0.00600000 -0.00051500
v 0.01040000 -0.00600000 -0.00040400
v 0.00296600 -0.00600000 -0.00450000
v 0.01037600 -0.00600000 -0.00029000
v 0.00296600 -0.00600000 0.00450000
v 0.02078300 -0.00600000 0.00111400
v 0.02086500 -0.00600000 0.00119700
v 0.02095200 -0.00600000 0.00127400
v 0.02104400 -0.00600000 0.00134500
v 0.02114200 -0.00600000 0.00140900
v 0.02325600 -0.00600000 -0.00107000
v 0.02317700 -0.00600000 -0.00115600
v 0.02290800 -0.00600000 -0.00137800
v 0.02280800 -0.00600000 -0.00143900
v 0.02270500 -0.00600000 -0.00149200
v 0.01345300 -0.00600000 -0.00078300
v 0.01339400 -0.00600000 -0.00088300
v 0.01317700 -0.00600000 -0.00115600
v 0.01309200 -0.00600000 -0.00123700
v 0.01300300 -0.00600000 -0.00131100
v 0.01290800 -0.00600000 -0.00137800
v 0.01259800 -0.00600000 -0.00153800
v 0.01248800 -0.00600000 -0.00157600
v 0.01035100 -0.00600000 0.00005800
v 0.01035900 -0.00600000 0.00017400
v 0.01037600 -0.00600000 0.00029000
v 0.01040000 -0.00600000 0.00040400
v 0.02047300 -0.00600000 0.00062500
v 0.02052100 -0.00600000 0.00073100
v 0.02057600 -0.00600000 0.00083300
v 0.02259800 -0.00600000 -0.00153800
v 0.02248800 -0.00600000 -0.00157600
v 0.02237500 -0.00600000 -0.00160700
v 0.01332800 -0.00600000 -0.00097900
v 0.01325600 -0.00600000 -0.00107000
v 0.01280800 -0.00600000 -0.00143900
v 0.01270500 -0.00600000 -0.00149200
v 0.01191300 -0.00600000 -0.00164800
v 0.01179700 -0.00600000 -0.00163700
v 0.01202900 -0.00600000 -0.00165000
v 0.01063800 -0.00600000 -0.00093200
v 0.01057600 -0.00600000 -0.00083300
v 0.02043300 -0.00600000 0.00051500
v 0.01237500 -0.00600000 0.00160700
v 0.01248800 -0.00600000 0.00157600
v 0.02037600 -0.00600000 0.00029000
v 0.01354800 -0.00600000 0.00057000
v 0.01358500 -0.00600000 0.00046000
v 0.01361300 -0.00600000 0.00034700
v 0.01363400 -0.00600000 0.00023200
v 0.02035900 -0.00600000 0.00017400
v 0.01364600 -0.00600000 0.00011600
v 0.02354800 -0.00600000 0.00057000
v 0.02358500 -0.00600000 0.00046000
v 0.02850000 -0.00600000 0.00450000
v 0.02361300 -0.00600000 0.00034700
v 0.02363400 -0.00600000 0.00023200
v 0.02226100 -0.00600000 -0.00162900
v 0.02214500 -0.00600000 -0.00164400
v 0.02202900 -0.00600000 -0.00165000
v 0.02145700 -0.00600000 -0.00155800
v 0.01354800 -0.00600000 -0.00057000
v 0.02156800 -0.00600000 -0.00159300
v 0.02168200 -0.00600000 -0.00161900
v 0.02134800 -0.00600000 -0.00151600
v 0.02124300 -0.00600000 -0.00146600
v 0.02114200 -0.00600000 -0.00140900
v 0.01350400 -0.00600000 -0.00067800
v 0.01237500 -0.00600000 -0.00160700
v 0.01226100 -0.00600000 -0.00162900
v 0.01214500 -0.00600000 -0.00164400
v 0.01168200 -0.00600000 -0.00161900
v 0.01156800 -0.00600000 -0.00159300
v 0.01145700 -0.00600000 -0.00155800
v 0.01134800 -0.00600000 -0.00151600
v 0.01124300 -0.00600000 -0.00146600
v 0.01114200 -0.00600000 -0.00140900
v 0.01052100 -0.00600000 -0.00073100
v 0.01047300 -0.00600000 -0.00062500
v 0.01035900 -0.00600000 -0.00017400
v 0.01035100 -0.00600000 -0.00005800
v 0.01035000 -0.00600000 0.00000000
v 0.01043300 -0.00600000 0.00051500
v 0.01047300 -0.00600000 0.00062500
v 0.01052100 -0.00600000 0.00073100
v 0.01332800 -0.00600000 0.00097900
v 0.01339400 -0.00600000 0.00088300
v 0.01345300 -0.00600000 0.00078300
v 0.02063800 -0.00600000 0.00093200
v 0.02070700 -0.00600000 0.00102600
v 0.02124300 -0.00600000 0.00146600
v 0.02134800 -0.00600000 0.00151600
v 0.02145700 -0.00600000 0.00155800
v 0.02191300 -0.00600000 0.00164800
v 0.02202900 -0.00600000 0.00165000
v 0.02214500 -0.00600000 0.00164400
v 0.02226100 -0.00600000 0.00162900
v 0.02364600 -0.00600000 0.00011600
v 0.02365000 -0.00600000 0.00000000
v 0.02364600 -0.00600000 -0.00011600
v 0.02363400 -0.00600000 -0.00023200
v 0.02191300 -0.00600000 -0.00164800
v 0.02179700 -0.00600000 -0.00163700
v 0.02052100 -0.00600000 -0.00073100
v 0.02057600 -0.00600000 -0.00083300
v 0.02063800 -0.00600000 -0.00093200
v 0.01057600 -0.00600000 0.00083300
v 0.01063800 -0.00600000 0.00093200
v 0.01070700 -0.00600000 0.00102600
v 0.01202900 -0.00600000 0.00165000
v 0.01214500 -0.00600000 0.00164400
v 0.01226100 -0.00600000 0.00162900
v 0.01259800 -0.00600000 0.00153800
v 0.01270500 -0.00600000 0.00149200
v 0.01280800 -0.00600000 0.00143900
v 0.02040000 -0.00600000 0.00040400
v 0.01354800 -0.00600000 0.00057000
v 0.01350400 -0.00600000 0.00067800
v 0.02237500 -0.00600000 0.00160700
v 0.02248800 -0.00600000 0.00157600
v 0.02259800 -0.00600000 0.00153800
v 0.02332800 -0.00600000 0.00097900
v 0.02339400 -0.00600000 0.00088300
v 0.02361300 -0.00600000 -0.00034700
v 0.02358500 -0.00600000 -0.00046000
v 0.02354800 -0.00600000 -0.00057000
v 0.02350400 -0.00600000 -0.00067800
v 0.02345300 -0.00600000 -0.00078300
v 0.02104400 -0.00600000 -0.00134500
v 0.02095200 -0.00600000 -0.00127400
v 0.02086500 -0.00600000 -0.00119700
v 0.02078300 -0.00600000 -0.00111400
v 0.02070700 -0.00600000 -0.00102600
v 0.01361300 -0.00600000 -0.00034700
v 0.02043300 -0.00600000 -0.00051500
v 0.01363400 -0.00600000 -0.00023200
v 0.02040000 -0.00600000 -0.00040400
v 0.02047300 -0.00600000 -0.00062500
v 0.02043300 -0.00600000 -0.00051500
v 0.01358500 -0.00600000 -0.00046000
v 0.01104400 -0.00600000 -0.00134500
v 0.01095200 -0.00600000 -0.00127400
v 0.01086500 -0.00600000 -0.00119700
v 0.01078300 -0.00600000 -0.00111400
v 0.01070700 -0.00600000 -0.00102600
v 0.01168200 -0.00600000 0.00161900
v 0.01179700 -0.00600000 0.00163700
v 0.01191300 -0.00600000 0.00164800
v 0.01290800 -0.00600000 0.00137800
v 0.01300300 -0.00600000 0.00131100
v 0.01309200 -0.00600000 0.00123700
v 0.02290800 -0.00600000 0.00137800
v 0.02300300 -0.00600000 0.00131100
v 0.02309200 -0.00600000 0.00123700
v 0.02345300 -0.00600000 0.00078300
v 0.02350400 -0.00600000 0.00067800
v 0.01124300 -0.00600000 0.00146600
v 0.01134800 -0.00600000 0.00151600
v 0.01317700 -0.00600000 0.00115600
v 0.01325600 -0.00600000 0.00107000
v 0.02156800 -0.00600000 0.00159300
v 0.02168200 -0.00600000 0.00161900
v 0.02179700 -0.00600000 0.00163700
v 0.02270500 -0.00600000 0.00149200
v 0.02280800 -0.00600000 0.00143900
v 0.02317700 -0.00600000 0.00115600
v 0.02325600 -0.00600000 0.00107000
v 0.01145700 -0.00600000 0.00155800
v 0.01156800 -0.00600000 0.00159300
v 0.02037600 -0.00600000 -0.00029000
v 0.02035900 -0.00600000 -0.00017400
v 0.01364600 -0.00600000 -0.00011600
v 0.02035100 -0.00600000 -0.00005800
v 0.01365000 -0.00600000 0.00000000
v 0.02035000 -0.00600000 0.00000000
v 0.02035100 -0.00600000 0.00005800
v 0.01078300 -0.00600000 0.00111400
v 0.01086500 -0.00600000 0.00119700
v 0.01095200 -0.00600000 0.00127400
v 0.01104400 -0.00600000 0.00134500
v 0.01114200 -0.00600000 0.00140900
v 0.00026000 -0.00961100 0.00450000
v 0.00026000 -0.00961100 -0.00450000
v 0.00108400 -0.00732300 0.00450000
v 0.00108400 -0.00732300 -0.00450000
v 0.02950000 -0.00000000 -0.00400000
v 0.02365000 0.00000000 0.00000000
v 0.02950000 0.00000000 0.00400000
v 0.02364600 0.00000000 0.00011600
v 0.02363400 0.00000000 0.00023200
v 0.02300300 -0.00000000 -0.00131100
v 0.02900000 -0.00000000 -0.00450000
v 0.02290800 -0.00000000 -0.00137800
v 0.02280800 -0.00000000 -0.00143900
v 0.02361300 -0.00000000 -0.00034700
v 0.02363400 -0.00000000 -0.00023200
v 0.02364600 -0.00000000 -0.00011600
v 0.02361300 0.00000000 0.00034700
v 0.02358500 0.00000000 0.00046000
v 0.02354800 0.00000000 0.00057000
v 0.02332800 0.00000000 0.00097900
v 0.02325600 0.00000000 0.00107000
v 0.02900000 0.00000000 0.00450000
v 0.01309200 -0.00000000 -0.00123700
v 0.01317700 -0.00000000 -0.00115600
v 0.02052100 -0.00000000 -0.00073100
v 0.01350400 -0.00000000 -0.00067800
v 0.01354800 -0.00000000 -0.00057000
v 0.02037600 -0.00000000 -0.00029000
v 0.02040000 -0.00000000 -0.00040400
v 0.02043300 -0.00000000 -0.00051500
v 0.01339400 -0.00000000 -0.00088300
v 0.02047300 -0.00000000 -0.00062500
v 0.02248800 -0.00000000 -0.00157600
v 0.02259800 -0.00000000 -0.00153800
v 0.02270500 -0.00000000 -0.00149200
v 0.01364600 0.00000000 0.00011600
v 0.01363400 0.00000000 0.00023200
v 0.02168200 0.00000000 0.00161900
v 0.02040000 0.00000000 0.00040400
v 0.02037600 0.00000000 0.00029000
v 0.01365000 0.00000000 0.00000000
v 0.02057600 -0.00000000 -0.00083300
v 0.00670800 -0.00000000 -0.00450000
v 0.02063800 -0.00000000 -0.00093200
v 0.02070700 -0.00000000 -0.00102600
v 0.02078300 -0.00000000 -0.00111400
v 0.02086500 -0.00000000 -0.00119700
v 0.02095200 -0.00000000 -0.00127400
v 0.02202900 -0.00000000 -0.00165000
v 0.02214500 -0.00000000 -0.00164400
v 0.02309200 -0.00000000 -0.00123700
v 0.02317700 -0.00000000 -0.00115600
v 0.02325600 -0.00000000 -0.00107000
v 0.02350400 -0.00000000 -0.00067800
v 0.02354800 -0.00000000 -0.00057000
v 0.02358500 -0.00000000 -0.00046000
v 0.02350400 0.00000000 0.00067800
v 0.02345300 0.00000000 0.00078300
v 0.02339400 0.00000000 0.00088300
v 0.01035900 -0.00000000 -0.00017400
v 0.01037600 -0.00000000 -0.00029000
v 0.01325600 -0.00000000 -0.00107000
v 0.01332800 -0.00000000 -0.00097900
v 0.01345300 -0.00000000 -0.00078300
v 0.02226100 -0.00000000 -0.00162900
v 0.02237500 -0.00000000 -0.00160700
v 0.02332800 -0.00000000 -0.00097900
v 0.02339400 -0.00000000 -0.00088300
v 0.02345300 -0.00000000 -0.00078300
v 0.01124300 0.00000000 0.00146600
v 0.01114200 0.00000000 0.00140900
v 0.00670800 0.00000000 0.00450000
v 0.02052100 0.00000000 0.00073100
v 0.02047300 0.00000000 0.00062500
v 0.02043300 0.00000000 0.00051500
v 0.01358500 -0.00000000 -0.00046000
v 0.01361300 -0.00000000 -0.00034700
v 0.02035900 -0.00000000 -0.00017400
v 0.02035100 -0.00000000 -0.00005800
v 0.01037600 0.00000000 0.00029000
v 0.01035900 0.00000000 0.00017400
v 0.01035100 0.00000000 0.00005800
v 0.01035100 -0.00000000 -0.00005800
v 0.01040000 -0.00000000 -0.00040400
v 0.01043300 -0.00000000 -0.00051500
v 0.01047300 -0.00000000 -0.00062500
v 0.01052100 -0.00000000 -0.00073100
v 0.01057600 -0.00000000 -0.00083300
v 0.01063800 -0.00000000 -0.00093200
v 0.01134800 -0.00000000 -0.00151600
v 0.01124300 -0.00000000 -0.00146600
v 0.01114200 -0.00000000 -0.00140900
v 0.01270500 -0.00000000 -0.00149200
v 0.01280800 -0.00000000 -0.00143900
v 0.02095200 0.00000000 0.00127400
v 0.02104400 0.00000000 0.00134500
v 0.02114200 0.00000000 0.00140900
v 0.02086500 0.00000000 0.00119700
v 0.02078300 0.00000000 0.00111400
v 0.02070700 0.00000000 0.00102600
v 0.02104400 -0.00000000 -0.00134500
v 0.02114200 -0.00000000 -0.00140900
v 0.02124300 -0.00000000 -0.00146600
v 0.01339400 0.00000000 0.00088300
v 0.01332800 0.00000000 0.00097900
v 0.01325600 0.00000000 0.00107000
v 0.01317700 0.00000000 0.00115600
v 0.01309200 0.00000000 0.00123700
v 0.01300300 0.00000000 0.00131100
v 0.01290800 0.00000000 0.00137800
v 0.01280800 0.00000000 0.00143900
v 0.01156800 0.00000000 0.00159300
v 0.01145700 0.00000000 0.00155800
v 0.01134800 0.00000000 0.00151600
v 0.01047300 0.00000000 0.00062500
v 0.01043300 0.00000000 0.00051500
v 0.01040000 0.00000000 0.00040400
v 0.01191300 -0.00000000 -0.00164800
v 0.01179700 -0.00000000 -0.00163700
v 0.01168200 -0.00000000 -0.00161900
v 0.01202900 -0.00000000 -0.00165000
v 0.01214500 -0.00000000 -0.00164400
v 0.01226100 -0.00000000 -0.00162900
v 0.01237500 -0.00000000 -0.00160700
v 0.01248800 -0.00000000 -0.00157600
v 0.01259800 -0.00000000 -0.00153800
v 0.01290800 -0.00000000 -0.00137800
v 0.01300300 -0.00000000 -0.00131100
v 0.02063800 0.00000000 0.00093200
v 0.02057600 0.00000000 0.00083300
v 0.02156800 -0.00000000 -0.00159300
v 0.02168200 -0.00000000 -0.00161900
v 0.02179700 -0.00000000 -0.00163700
v 0.02191300 -0.00000000 -0.00164800
v 0.02300300 0.00000000 0.00131100
v 0.02290800 0.00000000 0.00137800
v 0.02280800 0.00000000 0.00143900
v 0.02270500 0.00000000 0.00149200
v 0.02259800 0.00000000 0.00153800
v 0.02248800 0.00000000 0.00157600
v 0.02237500 0.00000000 0.00160700
v 0.01358500 0.00000000 0.00046000
v 0.01354800 0.00000000 0.00057000
v 0.01202900 0.00000000 0.00165000
v 0.01191300 0.00000000 0.00164800
v 0.01104400 0.00000000 0.00134500
v 0.01095200 0.00000000 0.00127400
v 0.01086500 0.00000000 0.00119700
v 0.01078300 0.00000000 0.00111400
v 0.01070700 0.00000000 0.00102600
v 0.01063800 0.00000000 0.00093200
v 0.01070700 -0.00000000 -0.00102600
v 0.01078300 -0.00000000 -0.00111400
v 0.01086500 -0.00000000 -0.00119700
v 0.01145700 -0.00000000 -0.00155800
v 0.01156800 -0.00000000 -0.00159300
v 0.02156800 0.00000000 0.00159300
v 0.02145700 0.00000000 0.00155800
v 0.02134800 0.00000000 0.00151600
v 0.02124300 0.00000000 0.00146600
v 0.02035900 0.00000000 0.00017400
v 0.02035100 0.00000000 0.00005800
v 0.01364600 -0.00000000 -0.00011600
v 0.01363400 -0.00000000 -0.00023200
v 0.02134800 -0.00000000 -0.00151600
v 0.02145700 -0.00000000 -0.00155800
v 0.02317700 0.00000000 0.00115600
v 0.02309200 0.00000000 0.00123700
v 0.02226100 0.00000000 0.00162900
v 0.02214500 0.00000000 0.00164400
v 0.02202900 0.00000000 0.00165000
v 0.01350400 0.00000000 0.00067800
v 0.01345300 0.00000000 0.00078300
v 0.01179700 0.00000000 0.00163700
v 0.01168200 0.00000000 0.00161900
v 0.01057600 0.00000000 0.00083300
v 0.01052100 0.00000000 0.00073100
v 0.01095200 -0.00000000 -0.00127400
v 0.01104400 -0.00000000 -0.00134500
v 0.01270500 0.00000000 0.00149200
v 0.01259800 0.00000000 0.00153800
v 0.01248800 0.00000000 0.00157600
v 0.01237500 0.00000000 0.00160700
v 0.01226100 0.00000000 0.00162900
v 0.01214500 0.00000000 0.00164400
v 0.02191300 0.00000000 0.00164800
v 0.02179700 0.00000000 0.00163700
v 0.01361300 0.00000000 0.00034700
v 0.00479200 0.00142900 0.00450000
v 0.00479200 0.00142900 -0.00450000
v 0.00468900 0.00173600 -0.00450000
v 0.00468900 0.00173600 0.00450000
v 0.00456700 0.00203500 -0.00450000
v 0.00456700 0.00203500 0.00450000
v 0.00442600 0.00232700 -0.00450000
v 0.00442600 0.00232700 0.00450000
v 0.00426600 0.00260800 -0.00450000
v 0.00426600 0.00260800 0.00450000
v 0.00408800 0.00287900 -0.00450000
v 0.00408800 0.00287900 0.00450000
v 0.00389300 0.00313700 -0.00450000
v 0.00389300 0.00313700 0.00450000
v 0.00368200 0.00338300 -0.00450000
v 0.00368200 0.00338300 0.00450000
v 0.00345500 0.00361400 -0.00450000
v 0.00345500 0.00361400 0.00450000
v 0.00321400 0.00383000 -0.00450000
v 0.00321400 0.00383000 0.00450000
v 0.00296000 0.00403000 -0.00450000
v 0.00296000 0.00403000 0.00450000
v 0.00269300 0.00421300 -0.00450000
v 0.00269300 0.00421300 0.00450000
v 0.00241400 0.00437800 -0.00450000
v 0.00241400 0.00437800 0.00450000
v 0.00212600 0.00452600 -0.00450000
v 0.00212600 0.00452600 0.00450000
v 0.00182900 0.00465400 -0.00450000
v 0.00182900 0.00465400 0.00450000
v 0.00152400 0.00476200 -0.00450000
v 0.00152400 0.00476200 0.00450000
v 0.00121200 0.00485100 -0.00450000
v 0.00121200 0.00485100 0.00450000
v 0.00089600 0.00491900 -0.00450000
v 0.00089600 0.00491900 0.00450000
v 0.00057600 0.00496700 -0.00450000
v 0.00057600 0.00496700 0.00450000
v 0.00025300 0.00499400 -0.00450000
v 0.00025300 0.00499400 0.00450000
v -0.00007100 0.00499900 -0.00450000
v -0.00007100 0.00499900 0.00450000
v -0.00039400 0.00498400 -0.00450000
v -0.00039400 0.00498400 0.00450000
v -0.00071600 0.00494800 -0.00450000
v -0.00071600 0.00494800 0.00450000
v -0.00103500 0.00489200 -0.00450000
v -0.00103500 0.00489200 0.00450000
v -0.00134900 0.00481500 -0.00450000
v -0.00134900 0.00481500 0.00450000
v -0.00165800 0.00471700 -0.00450000
v -0.00165800 0.00471700 0.00450000
v -0.00196000 0.00460000 -0.00450000
v -0.00196000 0.00460000 0.00450000
v -0.00225300 0.00446400 -0.00450000
v -0.00225300 0.00446400 0.00450000
v -0.00253700 0.00430800 -0.00450000
v -0.00253700 0.00430800 0.00450000
v -0.00281100 0.00413500 -0.00450000
v -0.00281100 0.00413500 0.00450000
v -0.00307200 0.00394500 -0.00450000
v -0.00307200 0.00394500 0.00450000
v -0.00332100 0.00373700 -0.00450000
v -0.00332100 0.00373700 0.00450000
v -0.00355600 0.00351500 -0.00450000
v -0.00355600 0.00351500 0.00450000
v -0.00377600 0.00327700 -0.00450000
v -0.00377600 0.00327700 0.00450000
v -0.00398000 0.00302600 -0.00450000
v -0.00398000 0.00302600 0.00450000
v -0.00416800 0.00276200 -0.00450000
v -0.00416800 0.00276200 0.00450000
v -0.00433800 0.00248700 -0.00450000
v -0.00433800 0.00248700 0.00450000
v -0.00449000 0.00220100 -0.00450000
v -0.00449000 0.00220100 0.00450000
v -0.00462300 0.00190500 -0.00450000
v -0.00462300 0.00190500 0.00450000
v -0.00473600 0.00160200 -0.00450000
v -0.00473600 0.00160200 0.00450000
v -0.00483000 0.00129200 -0.00450000
v -0.00483000 0.00129200 0.00450000
v -0.00490400 0.00097700 -0.00450000
v -0.00490400 0.00097700 0.00450000
v -0.00495700 0.00065800 -0.00450000
v -0.00495700 0.00065800 0.00450000
v -0.00498900 0.00033600 -0.00450000
v -0.00498900 0.00033600 0.00450000
v -0.00500000 0.00001200 -0.00450000
v -0.00500000 0.00001200 0.00450000
v -0.00499000 -0.00031200 -0.00450000
v -0.00499000 -0.00031200 0.00450000
v -0.00496000 -0.00063400 -0.00450000
v -0.00496000 -0.00063400 0.00450000
v -0.00490800 -0.00095300 -0.00450000
v -0.00490800 -0.00095300 0.00450000
v -0.00483600 -0.00126900 -0.00450000
v -0.00483600 -0.00126900 0.00450000
v -0.00474400 -0.00157900 -0.00450000
v -0.00474400 -0.00157900 0.00450000
v -0.00476000 -0.00288900 0.00450000
v -0.00476000 -0.00288900 -0.00450000
v -0.00632600 -0.00724000 0.00450000
v -0.00632600 -0.00724000 -0.00450000
v 0.00656600 0.00000500 0.00450000
v 0.00656600 0.00000500 -0.00450000
v 0.00642400 0.00002000 0.00450000
v 0.00642400 0.00002000 -0.00450000
v 0.00628400 0.00004500 0.00450000
v 0.00628400 0.00004500 -0.00450000
v 0.00614700 0.00008000 0.00450000
v 0.00614700 0.00008000 -0.00450000
v 0.00601100 0.00012500 0.00450000
v 0.00601100 0.00012500 -0.00450000
v 0.00588000 0.00018000 0.00450000
v 0.00588000 0.00018000 -0.00450000
v 0.00575300 0.00024300 0.00450000
v 0.00575300 0.00024300 -0.00450000
v 0.00563000 0.00031600 0.00450000
v 0.00563000 0.00031500 -0.00450000
v 0.00551300 0.00039600 0.00450000
v 0.00551300 0.00039600 -0.00450000
v 0.00540200 0.00048500 0.00450000
v 0.00540200 0.00048500 -0.00450000
v 0.00529800 0.00058200 0.00450000
v 0.00529800 0.00058200 -0.00450000
v 0.00520000 0.00068600 0.00450000
v 0.00520000 0.00068600 -0.00450000
v 0.00511100 0.00079700 0.00450000
v 0.00511100 0.00079700 -0.00450000
v 0.00502900 0.00091300 0.00450000
v 0.00502900 0.00091300 -0.00450000
v 0.00495600 0.00103500 0.00450000
v 0.00495600 0.00103500 -0.00450000
v 0.00489200 0.00116200 0.00450000
v 0.00489200 0.00116200 -0.00450000
v 0.00483700 0.00129400 0.00450000
v 0.00483700 0.00129400 -0.00450000
v 0.00283000 -0.00600500 -0.00450000
v 0.00283000 -0.00600500 0.00450000
v 0.00269400 -0.00601900 -0.00450000
v 0.00269400 -0.00601900 0.00450000
v 0.00256000 -0.00604200 -0.00450000
v 0.00256000 -0.00604200 0.00450000
v 0.00242800 -0.00607400 -0.00450000
v 0.00242800 -0.00607400 0.00450000
v 0.00229800 -0.00611500 -0.00450000
v 0.00229800 -0.00611500 0.00450000
v 0.00217100 -0.00616400 -0.00450000
v 0.00217100 -0.00616400 0.00450000
v 0.00204800 -0.00622300 -0.00450000
v 0.00204800 -0.00622300 0.00450000
v 0.00192900 -0.00628900 -0.00450000
v 0.00192900 -0.00628900 0.00450000
v 0.00181600 -0.00636400 -0.00450000
v 0.00181600 -0.00636400 0.00450000
v 0.00170700 -0.00644600 -0.00450000
v 0.00170700 -0.00644600 0.00450000
v 0.00160400 -0.00653500 -0.00450000
v 0.00160400 -0.00653500 0.00450000
v 0.00150800 -0.00663100 -0.00450000
v 0.00150800 -0.00663100 0.00450000
v 0.00141800 -0.00673300 -0.00450000
v 0.00141800 -0.00673300 0.00450000
v 0.00133500 -0.00684100 -0.00450000
v 0.00133500 -0.00684100 0.00450000
v 0.00126000 -0.00695500 -0.00450000
v 0.00126000 -0.00695500 0.00450000
v 0.00119300 -0.00707300 -0.00450000
v 0.00119300 -0.00707300 0.00450000
v 0.00113400 -0.00719600 -0.00450000
v 0.00113400 -0.00719600 0.00450000
v 0.00021900 -0.00973800 -0.00450000
v 0.00021900 -0.00973800 0.00450000
v 0.00018600 -0.00986800 -0.00450000
v 0.00018600 -0.00986800 0.00450000
v 0.00016300 -0.00999900 -0.00450000
v 0.00016300 -0.00999900 0.00450000
v 0.00014800 -0.01013100 -0.00450000
v 0.00014800 -0.01013100 0.00450000
v 0.00014200 -0.01026500 -0.00450000
v 0.00014200 -0.01026500 0.00450000
v 0.00014500 -0.01039800 -0.00450000
v 0.00014500 -0.01039800 0.00450000
v 0.00015600 -0.01053100 -0.00450000
v 0.00015600 -0.01053100 0.00450000
v 0.00017700 -0.01066300 -0.00450000
v 0.00017700 -0.01066300 0.00450000
v 0.00020600 -0.01079300 -0.00450000
v 0.00020600 -0.01079300 0.00450000
v -0.00703800 -0.00818500 -0.00450000
v -0.00703800 -0.00818500 0.00450000
v -0.00693300 -0.00810300 -0.00450000
v -0.00693300 -0.00810300 0.00450000
v -0.00683300 -0.00801500 -0.00450000
v -0.00683300 -0.00801500 0.00450000
v -0.00673900 -0.00792000 -0.00450000
v -0.00673900 -0.00792000 0.00450000
v -0.00665200 -0.00781900 -0.00450000
v -0.00665200 -0.00781900 0.00450000
v -0.00657200 -0.00771200 -0.00450000
v -0.00657200 -0.00771200 0.00450000
v -0.00649900 -0.00760100 -0.00450000
v -0.00649900 -0.00760100 0.00450000
v -0.00643300 -0.00748500 -0.00450000
v -0.00643300 -0.00748500 0.00450000
v -0.00637600 -0.00736400 -0.00450000
v -0.00637600 -0.00736400 0.00450000
v -0.00470600 -0.00170700 0.00450000
v -0.00470600 -0.00170700 -0.00450000
v -0.00467700 -0.00183700 0.00450000
v -0.00467700 -0.00183700 -0.00450000
v -0.00465600 -0.00196900 0.00450000
v -0.00465600 -0.00196900 -0.00450000
v -0.00464500 -0.00210200 0.00450000
v -0.00464500 -0.00210200 -0.00450000
v -0.00464200 -0.00223500 0.00450000
v -0.00464200 -0.00223500 -0.00450000
v -0.00464800 -0.00236900 0.00450000
v -0.00464800 -0.00236900 -0.00450000
v -0.00466300 -0.00250100 0.00450000
v -0.00466300 -0.00250100 -0.00450000
v -0.00468600 -0.00263200 0.00450000
v -0.00468600 -0.00263200 -0.00450000
v -0.00471900 -0.00276200 0.00450000
v -0.00471900 -0.00276200 -0.00450000
v -0.00800000 -0.01250000 -0.00250000
v -0.00800000 -0.01250000 -0.00500000
v -0.00799100 -0.01225300 -0.00250000
v -0.00799100 -0.01225300 -0.00500000
v -0.00796500 -0.01200700 -0.00250000
v -0.00796500 -0.01200700 -0.00500000
v -0.00792200 -0.01176400 -0.00250000
v -0.00792200 -0.01176400 -0.00500000
v -0.00786100 -0.01152500 -0.00250000
v -0.00786100 -0.01152500 -0.00500000
v -0.00778400 -0.01129000 -0.00250000
v -0.00778400 -0.01129000 -0.00500000
v -0.00769100 -0.01106100 -0.00250000
v -0.00769100 -0.01106100 -0.00500000
v -0.00758100 -0.01084000 -0.00250000
v -0.00758100 -0.01084000 -0.00500000
v -0.00745600 -0.01062700 -0.00250000
v -0.00745600 -0.01062700 -0.00500000
v -0.00731700 -0.01042300 -0.00250000
v -0.00731700 -0.01042300 -0.00500000
v -0.00716300 -0.01022900 -0.00250000
v -0.00716300 -0.01022900 -0.00500000
v -0.00699700 -0.01004700 -0.00250000
v -0.00699700 -0.01004700 -0.00500000
v -0.00681700 -0.00987700 -0.00250000
v -0.00681700 -0.00987700 -0.00500000
v -0.00662700 -0.00972000 -0.00250000
v -0.00662700 -0.00972000 -0.00500000
v -0.00642500 -0.00957700 -0.00250000
v -0.00642500 -0.00957700 -0.00500000
v -0.00621400 -0.00944900 -0.00250000
v -0.00621400 -0.00944900 -0.00500000
v -0.00599500 -0.00933500 -0.00250000
v -0.00599500 -0.00933500 -0.00500000
v -0.00576800 -0.00923800 -0.00250000
v -0.00576800 -0.00923800 -0.00500000
v -0.00553400 -0.00915600 -0.00250000
v -0.00553400 -0.00915600 -0.00500000
v -0.00529600 -0.00909200 -0.00250000
v -0.00529600 -0.00909200 -0.00500000
v -0.00505400 -0.00904400 -0.00250000
v -0.00505400 -0.00904400 -0.00500000
v -0.00480800 -0.00901400 -0.00250000
v -0.00480800 -0.00901400 -0.00500000
v -0.00456200 -0.00900100 -0.00250000
v -0.00456200 -0.00900100 -0.00500000
v -0.00431500 -0.00900500 -0.00250000
v -0.00431500 -0.00900500 -0.00500000
v -0.00406900 -0.00902700 -0.00250000
v -0.00406900 -0.00902700 -0.00500000
v -0.00382500 -0.00906600 -0.00250000
v -0.00382500 -0.00906600 -0.00500000
v -0.00358400 -0.00912200 -0.00250000
v -0.00358400 -0.00912200 -0.00500000
v -0.00334800 -0.00919500 -0.00250000
v -0.00334800 -0.00919500 -0.00500000
v -0.00311800 -0.00928400 -0.00250000
v -0.00311800 -0.00928400 -0.00500000
v -0.00289500 -0.00939000 -0.00250000
v -0.00289500 -0.00939000 -0.00500000
v -0.00267900 -0.00951100 -0.00250000
v -0.00267900 -0.00951100 -0.00500000
v -0.00247300 -0.00964700 -0.00250000
v -0.00247300 -0.00964700 -0.00500000
v -0.00227700 -0.00979700 -0.00250000
v -0.00227700 -0.00979700 -0.00500000
v -0.00209200 -0.00996000 -0.00250000
v -0.00209200 -0.00996000 -0.00500000
v -0.00191800 -0.01013700 -0.00250000
v -0.00191800 -0.01013700 -0.00500000
v -0.00175800 -0.01032500 -0.00250000
v -0.00175800 -0.01032500 -0.00500000
v -0.00161100 -0.01052400 -0.00250000
v -0.00161100 -0.01052400 -0.00500000
v -0.00147900 -0.01073200 -0.00250000
v -0.00147900 -0.01073200 -0.00500000
v -0.00136200 -0.01095000 -0.00250000
v -0.00136200 -0.01095000 -0.00500000
v -0.00126100 -0.01117500 -0.00250000
v -0.00126100 -0.01117500 -0.00500000
v -0.00117500 -0.01140700 -0.00250000
v -0.00117500 -0.01140700 -0.00500000
v -0.00110600 -0.01164400 -0.00250000
v -0.00110600 -0.01164400 -0.00500000
v -0.00105400 -0.01188500 -0.00250000
v -0.00105400 -0.01188500 -0.00500000
v -0.00102000 -0.01213000 -0.00250000
v -0.00102000 -0.01213000 -0.00500000
v -0.00100200 -0.01237600 -0.00250000
v -0.00100200 -0.01237600 -0.00500000
v -0.00100200 -0.01262400 -0.00250000
v -0.00100200 -0.01262400 -0.00500000
v -0.00102000 -0.01287000 -0.00250000
v -0.00102000 -0.01287000 -0.00500000
v -0.00105400 -0.01311500 -0.00250000
v -0.00105400 -0.01311500 -0.00500000
v -0.00110600 -0.01335600 -0.00250000
v -0.00110600 -0.01335600 -0.00500000
v -0.00117500 -0.01359300 -0.00250000
v -0.00117500 -0.01359300 -0.00500000
v -0.00126100 -0.01382500 -0.00250000
v -0.00126100 -0.01382500 -0.00500000
v -0.00136200 -0.01405000 -0.00250000
v -0.00136200 -0.01405000 -0.00500000
v -0.00147900 -0.01426800 -0.00250000
v -0.00147900 -0.01426800 -0.00500000
v -0.00161100 -0.01447600 -0.00250000
v -0.00161100 -0.01447600 -0.00500000
v -0.00175800 -0.01467500 -0.00250000
v -0.00175800 -0.01467500 -0.00500000
v -0.00191800 -0.01486300 -0.00250000
v -0.00191800 -0.01486300 -0.00500000
v -0.00209200 -0.01504000 -0.00250000
v -0.00209200 -0.01504000 -0.00500000
v -0.00227700 -0.01520300 -0.00250000
v -0.00227700 -0.01520300 -0.00500000
v -0.00247300 -0.01535300 -0.00250000
v -0.00247300 -0.01535300 -0.00500000
v -0.00267900 -0.01548900 -0.00250000
v -0.00267900 -0.01548900 -0.00500000
v -0.00289500 -0.01561000 -0.00250000
v -0.00289500 -0.01561000 -0.00500000
v -0.00311800 -0.01571600 -0.00250000
v -0.00311800 -0.01571600 -0.00500000
v -0.00334800 -0.01580500 -0.00250000
v -0.00334800 -0.01580500 -0.00500000
v -0.00358400 -0.01587800 -0.00250000
v -0.00358400 -0.01587800 -0.00500000
v -0.00382500 -0.01593400 -0.00250000
v -0.00382500 -0.01593400 -0.00500000
v -0.00406900 -0.01597300 -0.00250000
v -0.00406900 -0.01597300 -0.00500000
v -0.00431500 -0.01599500 -0.00250000
v -0.00431500 -0.01599500 -0.00500000
v -0.00456200 -0.01599900 -0.00250000
v -0.00456200 -0.01599900 -0.00500000
v -0.00480800 -0.01598600 -0.00250000
v -0.00480800 -0.01598600 -0.00500000
v -0.00505400 -0.01595600 -0.00250000
v -0.00505400 -0.01595600 -0.00500000
v -0.00529600 -0.01590800 -0.00250000
v -0.00529600 -0.01590800 -0.00500000
v -0.00553400 -0.01584400 -0.00250000
v -0.00553400 -0.01584400 -0.00500000
v -0.00576800 -0.01576200 -0.00250000
v -0.00576800 -0.01576200 -0.00500000
v -0.00599500 -0.01566500 -0.00250000
v -0.00599500 -0.01566500 -0.00500000
v -0.00621400 -0.01555100 -0.00250000
v -0.00621400 -0.01555100 -0.00500000
v -0.00642500 -0.01542300 -0.00250000
v -0.00642500 -0.01542300 -0.00500000
v -0.00662700 -0.01528000 -0.00250000
v -0.00662700 -0.01528000 -0.00500000
v -0.00681700 -0.01512300 -0.00250000
v -0.00681700 -0.01512300 -0.00500000
v -0.00699700 -0.01495300 -0.00250000
v -0.00699700 -0.01495300 -0.00500000
v -0.00716300 -0.01477100 -0.00250000
v -0.00716300 -0.01477100 -0.00500000
v -0.00731700 -0.01457700 -0.00250000
v -0.00731700 -0.01457700 -0.00500000
v -0.00745600 -0.01437300 -0.00250000
v -0.00745600 -0.01437300 -0.00500000
v -0.00758100 -0.01416000 -0.00250000
v -0.00758100 -0.01416000 -0.00500000
v -0.00769100 -0.01393900 -0.00250000
v -0.00769100 -0.01393900 -0.00500000
v -0.00778400 -0.01371000 -0.00250000
v -0.00778400 -0.01371000 -0.00500000
v -0.00786100 -0.01347500 -0.00250000
v -0.00786100 -0.01347500 -0.00500000
v -0.00792200 -0.01323600 -0.00250000
v -0.00792200 -0.01323600 -0.00500000
v -0.00796500 -0.01299300 -0.00250000
v -0.00796500 -0.01299300 -0.00500000
v -0.00799100 -0.01274700 -0.00250000
v -0.00799100 -0.01274700 -0.00500000
v -0.00117500 -0.01140700 -0.00250000
v -0.00110600 -0.01164400 -0.00250000
v -0.00156700 -0.01186900 -0.00250000
v -0.00697600 -0.01419400 -0.00250000
v -0.00685000 -0.01436500 -0.00250000
v -0.00716300 -0.01477100 -0.00250000
v -0.00671300 -0.01452600 -0.00250000
v -0.00699700 -0.01495300 -0.00250000
v -0.00656400 -0.01467700 -0.00250000
v -0.00681700 -0.01512300 -0.00250000
v -0.00640600 -0.01481700 -0.00250000
v -0.00662700 -0.01528000 -0.00250000
v -0.00623800 -0.01494600 -0.00250000
v -0.00642500 -0.01542300 -0.00250000
v -0.00606100 -0.01506200 -0.00250000
v -0.00621400 -0.01555100 -0.00250000
v -0.00587600 -0.01516600 -0.00250000
v -0.00599500 -0.01566500 -0.00250000
v -0.00568500 -0.01525600 -0.00250000
v -0.00576800 -0.01576200 -0.00250000
v -0.00548700 -0.01533300 -0.00250000
v -0.00553400 -0.01584400 -0.00250000
v -0.00528500 -0.01539500 -0.00250000
v -0.00529600 -0.01590800 -0.00250000
v -0.00507900 -0.01544400 -0.00250000
v -0.00505400 -0.01595600 -0.00250000
v -0.00487000 -0.01547700 -0.00250000
v -0.00480800 -0.01598600 -0.00250000
v -0.00465900 -0.01549600 -0.00250000
v -0.00456200 -0.01599900 -0.00250000
v -0.00444700 -0.01550000 -0.00250000
v -0.00431500 -0.01599500 -0.00250000
v -0.00423600 -0.01548800 -0.00250000
v -0.00406900 -0.01597300 -0.00250000
v -0.00402500 -0.01546200 -0.00250000
v -0.00382500 -0.01593400 -0.00250000
v -0.00381800 -0.01542100 -0.00250000
v -0.00358400 -0.01587800 -0.00250000
v -0.00361300 -0.01536600 -0.00250000
v -0.00334800 -0.01580500 -0.00250000
v -0.00341300 -0.01529600 -0.00250000
v -0.00311800 -0.01571600 -0.00250000
v -0.00321900 -0.01521300 -0.00250000
v -0.00289500 -0.01561000 -0.00250000
v -0.00303100 -0.01511600 -0.00250000
v -0.00267900 -0.01548900 -0.00250000
v -0.00285000 -0.01500500 -0.00250000
v -0.00247300 -0.01535300 -0.00250000
v -0.00267700 -0.01488300 -0.00250000
v -0.00227700 -0.01520300 -0.00250000
v -0.00251400 -0.01474800 -0.00250000
v -0.00209200 -0.01504000 -0.00250000
v -0.00236000 -0.01460300 -0.00250000
v -0.00191800 -0.01486300 -0.00250000
v -0.00221700 -0.01444600 -0.00250000
v -0.00175800 -0.01467500 -0.00250000
v -0.00208500 -0.01428000 -0.00250000
v -0.00161100 -0.01447600 -0.00250000
v -0.00196600 -0.01410600 -0.00250000
v -0.00147900 -0.01426800 -0.00250000
v -0.00185900 -0.01392300 -0.00250000
v -0.00136200 -0.01405000 -0.00250000
v -0.00176500 -0.01373300 -0.00250000
v -0.00126100 -0.01382500 -0.00250000
v -0.00168500 -0.01353700 -0.00250000
v -0.00117500 -0.01359300 -0.00250000
v -0.00161900 -0.01333600 -0.00250000
v -0.00110600 -0.01335600 -0.00250000
v -0.00156700 -0.01313100 -0.00250000
v -0.00105400 -0.01311500 -0.00250000
v -0.00153000 -0.01292200 -0.00250000
v -0.00102000 -0.01287000 -0.00250000
v -0.00150700 -0.01271200 -0.00250000
v -0.00100200 -0.01262400 -0.00250000
v -0.00150000 -0.01250000 -0.00250000
v -0.00100200 -0.01237600 -0.00250000
v -0.00150700 -0.01228800 -0.00250000
v -0.00153000 -0.01207800 -0.00250000
v -0.00105400 -0.01188500 -0.00250000
v -0.00102000 -0.01213000 -0.00250000
v -0.00799100 -0.01274700 -0.00250000
v -0.00748300 -0.01281700 -0.00250000
v -0.00796500 -0.01299300 -0.00250000
v -0.00748300 -0.01281700 -0.00250000
v -0.00745300 -0.01302700 -0.00250000
v -0.00792200 -0.01323600 -0.00250000
v -0.00740900 -0.01323400 -0.00250000
v -0.00786100 -0.01347500 -0.00250000
v -0.00735000 -0.01343700 -0.00250000
v -0.00778400 -0.01371000 -0.00250000
v -0.00727700 -0.01363600 -0.00250000
v -0.00769100 -0.01393900 -0.00250000
v -0.00719000 -0.01382900 -0.00250000
v -0.00758100 -0.01416000 -0.00250000
v -0.00708900 -0.01401500 -0.00250000
v -0.00745600 -0.01437300 -0.00250000
v -0.00731700 -0.01457700 -0.00250000
v -0.00161900 -0.01166400 -0.00250000
v -0.00168500 -0.01146300 -0.00250000
v -0.00126100 -0.01117500 -0.00250000
v -0.00176500 -0.01126700 -0.00250000
v -0.00136200 -0.01095000 -0.00250000
v -0.00185900 -0.01107700 -0.00250000
v -0.00147900 -0.01073200 -0.00250000
v -0.00196600 -0.01089400 -0.00250000
v -0.00161100 -0.01052400 -0.00250000
v -0.00208500 -0.01072000 -0.00250000
v -0.00175800 -0.01032500 -0.00250000
v -0.00221700 -0.01055400 -0.00250000
v -0.00191800 -0.01013700 -0.00250000
v -0.00236000 -0.01039700 -0.00250000
v -0.00209200 -0.00996000 -0.00250000
v -0.00251400 -0.01025200 -0.00250000
v -0.00227700 -0.00979700 -0.00250000
v -0.00267700 -0.01011700 -0.00250000
v -0.00247300 -0.00964700 -0.00250000
v -0.00285000 -0.00999500 -0.00250000
v -0.00267900 -0.00951100 -0.00250000
v -0.00303100 -0.00988400 -0.00250000
v -0.00289500 -0.00939000 -0.00250000
v -0.00321900 -0.00978700 -0.00250000
v -0.00311800 -0.00928400 -0.00250000
v -0.00341300 -0.00970400 -0.00250000
v -0.00334800 -0.00919500 -0.00250000
v -0.00361300 -0.00963400 -0.00250000
v -0.00358400 -0.00912200 -0.00250000
v -0.00381800 -0.00957900 -0.00250000
v -0.00382500 -0.00906600 -0.00250000
v -0.00402500 -0.00953800 -0.00250000
v -0.00406900 -0.00902700 -0.00250000
v -0.00423600 -0.00951200 -0.00250000
v -0.00431500 -0.00900500 -0.00250000
v -0.00444700 -0.00950000 -0.00250000
v -0.00456200 -0.00900100 -0.00250000
v -0.00465900 -0.00950400 -0.00250000
v -0.00480800 -0.00901400 -0.00250000
v -0.00487000 -0.00952300 -0.00250000
v -0.00505400 -0.00904400 -0.00250000
v -0.00507900 -0.00955600 -0.00250000
v -0.00529600 -0.00909200 -0.00250000
v -0.00528500 -0.00960500 -0.00250000
v -0.00553400 -0.00915600 -0.00250000
v -0.00548700 -0.00966700 -0.00250000
v -0.00576800 -0.00923800 -0.00250000
v -0.00568500 -0.00974400 -0.00250000
v -0.00599500 -0.00933500 -0.00250000
v -0.00587600 -0.00983400 -0.00250000
v -0.00621400 -0.00944900 -0.00250000
v -0.00606100 -0.00993800 -0.00250000
v -0.00642500 -0.00957700 -0.00250000
v -0.00623800 -0.01005400 -0.00250000
v -0.00662700 -0.00972000 -0.00250000
v -0.00640600 -0.01018300 -0.00250000
v -0.00681700 -0.00987700 -0.00250000
v -0.00656400 -0.01032300 -0.00250000
v -0.00699700 -0.01004700 -0.00250000
v -0.00671300 -0.01047400 -0.00250000
v -0.00716300 -0.01022900 -0.00250000
v -0.00685000 -0.01063500 -0.00250000
v -0.00731700 -0.01042300 -0.00250000
v -0.00697600 -0.01080600 -0.00250000
v -0.00745600 -0.01062700 -0.00250000
v -0.00708900 -0.01098500 -0.00250000
v -0.00758100 -0.01084000 -0.00250000
v -0.00719000 -0.01117100 -0.00250000
v -0.00769100 -0.01106100 -0.00250000
v -0.00727700 -0.01136400 -0.00250000
v -0.00778400 -0.01129000 -0.00250000
v -0.00735000 -0.01156300 -0.00250000
v -0.00786100 -0.01152500 -0.00250000
v -0.00740900 -0.01176600 -0.00250000
v -0.00792200 -0.01176400 -0.00250000
v -0.00745300 -0.01197300 -0.00250000
v -0.00796500 -0.01200700 -0.00250000
v -0.00748300 -0.01218300 -0.00250000
v -0.00799100 -0.01225300 -0.00250000
v -0.00749800 -0.01239400 -0.00250000
v -0.00800000 -0.01250000 -0.00250000
v -0.00750000 -0.01250000 -0.00250000
v -0.00749800 -0.01260600 -0.00250000
v -0.00350000 -0.00000000 -0.00250000
v -0.00350000 -0.00000000 -0.00500000
v -0.00349100 0.00024700 -0.00250000
v -0.00349100 0.00024700 -0.00500000
v -0.00346500 0.00049300 -0.00250000
v -0.00346500 0.00049300 -0.00500000
v -0.00342200 0.00073600 -0.00250000
v -0.00342200 0.00073600 -0.00500000
v -0.00336100 0.00097500 -0.00250000
v -0.00336100 0.00097500 -0.00500000
v -0.00328400 0.00121000 -0.00250000
v -0.00328400 0.00121000 -0.00500000
v -0.00319100 0.00143900 -0.00250000
v -0.00319100 0.00143900 -0.00500000
v -0.00308100 0.00166000 -0.00250000
v -0.00308100 0.00166000 -0.00500000
v -0.00295600 0.00187300 -0.00250000
v -0.00295600 0.00187300 -0.00500000
v -0.00281700 0.00207700 -0.00250000
v -0.00281700 0.00207700 -0.00500000
v -0.00266300 0.00227100 -0.00250000
v -0.00266300 0.00227100 -0.00500000
v -0.00249700 0.00245300 -0.00250000
v -0.00249700 0.00245300 -0.00500000
v -0.00231700 0.00262300 -0.00250000
v -0.00231700 0.00262300 -0.00500000
v -0.00212700 0.00278000 -0.00250000
v -0.00212700 0.00278000 -0.00500000
v -0.00192500 0.00292300 -0.00250000
v -0.00192500 0.00292300 -0.00500000
v -0.00171400 0.00305100 -0.00250000
v -0.00171400 0.00305100 -0.00500000
v -0.00149500 0.00316500 -0.00250000
v -0.00149500 0.00316500 -0.00500000
v -0.00126800 0.00326200 -0.00250000
v -0.00126800 0.00326200 -0.00500000
v -0.00103400 0.00334400 -0.00250000
v -0.00103400 0.00334400 -0.00500000
v -0.00079600 0.00340800 -0.00250000
v -0.00079600 0.00340800 -0.00500000
v -0.00055400 0.00345600 -0.00250000
v -0.00055400 0.00345600 -0.00500000
v -0.00030800 0.00348600 -0.00250000
v -0.00030800 0.00348600 -0.00500000
v -0.00006200 0.00349900 -0.00250000
v -0.00006200 0.00349900 -0.00500000
v 0.00018500 0.00349500 -0.00250000
v 0.00018500 0.00349500 -0.00500000
v 0.00043100 0.00347300 -0.00250000
v 0.00043100 0.00347300 -0.00500000
v 0.00067500 0.00343400 -0.00250000
v 0.00067500 0.00343400 -0.00500000
v 0.00091600 0.00337800 -0.00250000
v 0.00091600 0.00337800 -0.00500000
v 0.00115200 0.00330500 -0.00250000
v 0.00115200 0.00330500 -0.00500000
v 0.00138200 0.00321600 -0.00250000
v 0.00138200 0.00321600 -0.00500000
v 0.00160500 0.00311000 -0.00250000
v 0.00160500 0.00311000 -0.00500000
v 0.00182100 0.00298900 -0.00250000
v 0.00182100 0.00298900 -0.00500000
v 0.00202700 0.00285300 -0.00250000
v 0.00202700 0.00285300 -0.00500000
v 0.00222300 0.00270300 -0.00250000
v 0.00222300 0.00270300 -0.00500000
v 0.00240800 0.00254000 -0.00250000
v 0.00240800 0.00254000 -0.00500000
v 0.00258200 0.00236300 -0.00250000
v 0.00258200 0.00236300 -0.00500000
v 0.00274200 0.00217500 -0.00250000
v 0.00274200 0.00217500 -0.00500000
v 0.00288900 0.00197600 -0.00250000
v 0.00288900 0.00197600 -0.00500000
v 0.00302100 0.00176800 -0.00250000
v 0.00302100 0.00176800 -0.00500000
v 0.00313800 0.00155000 -0.00250000
v 0.00313800 0.00155000 -0.00500000
v 0.00323900 0.00132500 -0.00250000
v 0.00323900 0.00132500 -0.00500000
v 0.00332500 0.00109300 -0.00250000
v 0.00332500 0.00109300 -0.00500000
v 0.00339400 0.00085600 -0.00250000
v 0.00339400 0.00085600 -0.00500000
v 0.00344600 0.00061500 -0.00250000
v 0.00344600 0.00061500 -0.00500000
v 0.00348000 0.00037000 -0.00250000
v 0.00348000 0.00037000 -0.00500000
v 0.00349800 0.00012400 -0.00250000
v 0.00349800 0.00012400 -0.00500000
v 0.00349800 -0.00012400 -0.00250000
v 0.00349800 -0.00012400 -0.00500000
v 0.00348000 -0.00037000 -0.00250000
v 0.00348000 -0.00037000 -0.00500000
v 0.00344600 -0.00061500 -0.00250000
v 0.00344600 -0.00061500 -0.00500000
v 0.00339400 -0.00085600 -0.00250000
v 0.00339400 -0.00085600 -0.00500000
v 0.00332500 -0.00109300 -0.00250000
v 0.00332500 -0.00109300 -0.00500000
v 0.00323900 -0.00132500 -0.00250000
v 0.00323900 -0.00132500 -0.00500000
v 0.00313800 -0.00155000 -0.00250000
v 0.00313800 -0.00155000 -0.00500000
v 0.00302100 -0.00176800 -0.00250000
v 0.00302100 -0.00176800 -0.00500000
v 0.00288900 -0.00197600 -0.00250000
v 0.00288900 -0.00197600 -0.00500000
v 0.00274200 -0.00217500 -0.00250000
v 0.00274200 -0.00217500 -0.00500000
v 0.00258200 -0.00236300 -0.00250000
v 0.00258200 -0.00236300 -0.00500000
v 0.00240800 -0.00254000 -0.00250000
v 0.00240800 -0.00254000 -0.00500000
v 0.00222300 -0.00270300 -0.00250000
v 0.00222300 -0.00270300 -0.00500000
v 0.00202700 -0.00285300 -0.00250000
v 0.00202700 -0.00285300 -0.00500000
v 0.00182100 -0.00298900 -0.00250000
v 0.00182100 -0.00298900 -0.00500000
v 0.00160500 -0.00311000 -0.00250000
v 0.00160500 -0.00311000 -0.00500000
v 0.00138200 -0.00321600 -0.00250000
v 0.00138200 -0.00321600 -0.00500000
v 0.00115200 -0.00330500 -0.00250000
v 0.00115200 -0.00330500 -0.00500000
v 0.00091600 -0.00337800 -0.00250000
v 0.00091600 -0.00337800 -0.00500000
v 0.00067500 -0.00343400 -0.00250000
v 0.00067500 -0.00343400 -0.00500000
v 0.00043100 -0.00347300 -0.00250000
v 0.00043100 -0.00347300 -0.00500000
v 0.00018500 -0.00349500 -0.00250000
v 0.00018500 -0.00349500 -0.00500000
v -0.00006200 -0.00349900 -0.00250000
v -0.00006200 -0.00349900 -0.00500000
v -0.00030800 -0.00348600 -0.00250000
v -0.00030800 -0.00348600 -0.00500000
v -0.00055400 -0.00345600 -0.00250000
v -0.00055400 -0.00345600 -0.00500000
v -0.00079600 -0.00340800 -0.00250000
v -0.00079600 -0.00340800 -0.00500000
v -0.00103400 -0.00334400 -0.00250000
v -0.00103400 -0.00334400 -0.00500000
v -0.00126800 -0.00326200 -0.00250000
v -0.00126800 -0.00326200 -0.00500000
v -0.00149500 -0.00316500 -0.00250000
v -0.00149500 -0.00316500 -0.00500000
v -0.00171400 -0.00305100 -0.00250000
v -0.00171400 -0.00305100 -0.00500000
v -0.00192500 -0.00292300 -0.00250000
v -0.00192500 -0.00292300 -0.00500000
v -0.00212700 -0.00278000 -0.00250000
v -0.00212700 -0.00278000 -0.00500000
v -0.00231700 -0.00262300 -0.00250000
v -0.00231700 -0.00262300 -0.00500000
v -0.00249700 -0.00245300 -0.00250000
v -0.00249700 -0.00245300 -0.00500000
v -0.00266300 -0.00227100 -0.00250000
v -0.00266300 -0.00227100 -0.00500000
v -0.00281700 -0.00207700 -0.00250000
v -0.00281700 -0.00207700 -0.00500000
v -0.00295600 -0.00187300 -0.00250000
v -0.00295600 -0.00187300 -0.00500000
v -0.00308100 -0.00166000 -0.00250000
v -0.00308100 -0.00166000 -0.00500000
v -0.00319100 -0.00143900 -0.00250000
v -0.00319100 -0.00143900 -0.00500000
v -0.00328400 -0.00121000 -0.00250000
v -0.00328400 -0.00121000 -0.00500000
v -0.00336100 -0.00097500 -0.00250000
v -0.00336100 -0.00097500 -0.00500000
v -0.00342200 -0.00073600 -0.00250000
v -0.00342200 -0.00073600 -0.00500000
v -0.00346500 -0.00049300 -0.00250000
v -0.00346500 -0.00049300 -0.00500000
v -0.00349100 -0.00024700 -0.00250000
v -0.00349100 -0.00024700 -0.00500000
v -0.00300000 -0.00000000 -0.00250000
v -0.00299800 -0.00010600 -0.00250000
v -0.00349100 -0.00024700 -0.00250000
v -0.00298300 -0.00031700 -0.00250000
v -0.00346500 -0.00049300 -0.00250000
v -0.00295300 -0.00052700 -0.00250000
v -0.00342200 -0.00073600 -0.00250000
v -0.00290900 -0.00073400 -0.00250000
v -0.00336100 -0.00097500 -0.00250000
v -0.00285000 -0.00093700 -0.00250000
v -0.00328400 -0.00121000 -0.00250000
v -0.00277700 -0.00113600 -0.00250000
v -0.00319100 -0.00143900 -0.00250000
v -0.00269000 -0.00132900 -0.00250000
v -0.00308100 -0.00166000 -0.00250000
v -0.00258900 -0.00151500 -0.00250000
v -0.00295600 -0.00187300 -0.00250000
v -0.00247600 -0.00169400 -0.00250000
v -0.00281700 -0.00207700 -0.00250000
v -0.00235000 -0.00186500 -0.00250000
v -0.00266300 -0.00227100 -0.00250000
v -0.00221300 -0.00202600 -0.00250000
v -0.00249700 -0.00245300 -0.00250000
v -0.00206400 -0.00217700 -0.00250000
v -0.00231700 -0.00262300 -0.00250000
v -0.00190600 -0.00231700 -0.00250000
v -0.00212700 -0.00278000 -0.00250000
v -0.00173800 -0.00244600 -0.00250000
v -0.00192500 -0.00292300 -0.00250000
v -0.00156100 -0.00256200 -0.00250000
v -0.00171400 -0.00305100 -0.00250000
v -0.00137600 -0.00266600 -0.00250000
v -0.00149500 -0.00316500 -0.00250000
v -0.00118500 -0.00275600 -0.00250000
v -0.00126800 -0.00326200 -0.00250000
v -0.00098700 -0.00283300 -0.00250000
v -0.00103400 -0.00334400 -0.00250000
v -0.00078500 -0.00289500 -0.00250000
v -0.00079600 -0.00340800 -0.00250000
v -0.00057900 -0.00294400 -0.00250000
v -0.00055400 -0.00345600 -0.00250000
v -0.00037000 -0.00297700 -0.00250000
v -0.00030800 -0.00348600 -0.00250000
v -0.00015900 -0.00299600 -0.00250000
v -0.00006200 -0.00349900 -0.00250000
v 0.00005300 -0.00300000 -0.00250000
v 0.00018500 -0.00349500 -0.00250000
v 0.00026400 -0.00298800 -0.00250000
v 0.00043100 -0.00347300 -0.00250000
v 0.00047500 -0.00296200 -0.00250000
v 0.00067500 -0.00343400 -0.00250000
v 0.00068200 -0.00292100 -0.00250000
v 0.00091600 -0.00337800 -0.00250000
v 0.00088700 -0.00286600 -0.00250000
v 0.00115200 -0.00330500 -0.00250000
v 0.00108700 -0.00279600 -0.00250000
v 0.00138200 -0.00321600 -0.00250000
v 0.00128100 -0.00271300 -0.00250000
v 0.00160500 -0.00311000 -0.00250000
v 0.00146900 -0.00261600 -0.00250000
v 0.00182100 -0.00298900 -0.00250000
v 0.00165000 -0.00250500 -0.00250000
v 0.00202700 -0.00285300 -0.00250000
v 0.00182300 -0.00238300 -0.00250000
v 0.00222300 -0.00270300 -0.00250000
v 0.00198600 -0.00224800 -0.00250000
v 0.00240800 -0.00254000 -0.00250000
v 0.00214000 -0.00210300 -0.00250000
v 0.00258200 -0.00236300 -0.00250000
v 0.00228300 -0.00194600 -0.00250000
v 0.00274200 -0.00217500 -0.00250000
v 0.00241500 -0.00178000 -0.00250000
v 0.00288900 -0.00197600 -0.00250000
v 0.00253400 -0.00160600 -0.00250000
v 0.00302100 -0.00176800 -0.00250000
v 0.00264100 -0.00142300 -0.00250000
v 0.00313800 -0.00155000 -0.00250000
v 0.00273500 -0.00123300 -0.00250000
v 0.00323900 -0.00132500 -0.00250000
v 0.00281500 -0.00103700 -0.00250000
v 0.00332500 -0.00109300 -0.00250000
v 0.00288100 -0.00083600 -0.00250000
v 0.00339400 -0.00085600 -0.00250000
v 0.00293300 -0.00063100 -0.00250000
v 0.00344600 -0.00061500 -0.00250000
v 0.00297000 -0.00042200 -0.00250000
v 0.00348000 -0.00037000 -0.00250000
v 0.00299300 -0.00021200 -0.00250000
v 0.00349800 -0.00012400 -0.00250000
v 0.00300000 -0.00000000 -0.00250000
v 0.00349800 0.00012400 -0.00250000
v 0.00299300 0.00021200 -0.00250000
v 0.00348000 0.00037000 -0.00250000
v 0.00297000 0.00042200 -0.00250000
v 0.00344600 0.00061500 -0.00250000
v 0.00293300 0.00063100 -0.00250000
v 0.00339400 0.00085600 -0.00250000
v 0.00288100 0.00083600 -0.00250000
v 0.00332500 0.00109300 -0.00250000
v 0.00281500 0.00103700 -0.00250000
v 0.00323900 0.00132500 -0.00250000
v 0.00273500 0.00123300 -0.00250000
v 0.00313800 0.00155000 -0.00250000
v 0.00264100 0.00142300 -0.00250000
v 0.00302100 0.00176800 -0.00250000
v 0.00253400 0.00160600 -0.00250000
v 0.00288900 0.00197600 -0.00250000
v 0.00241500 0.00178000 -0.00250000
v 0.00274200 0.00217500 -0.00250000
v 0.00228300 0.00194600 -0.00250000
v 0.00258200 0.00236300 -0.00250000
v 0.00214000 0.00210300 -0.00250000
v 0.00240800 0.00254000 -0.00250000
v 0.00198600 0.00224800 -0.00250000
v 0.00222300 0.00270300 -0.00250000
v 0.00182300 0.00238300 -0.00250000
v 0.00202700 0.00285300 -0.00250000
v 0.00165000 0.00250500 -0.00250000
v 0.00182100 0.00298900 -0.00250000
v 0.00146900 0.00261600 -0.00250000
v 0.00160500 0.00311000 -0.00250000
v 0.00128100 0.00271300 -0.00250000
v 0.00138200 0.00321600 -0.00250000
v 0.00108700 0.00279600 -0.00250000
v 0.00115200 0.00330500 -0.00250000
v 0.00088700 0.00286600 -0.00250000
v 0.00091600 0.00337800 -0.00250000
v 0.00068200 0.00292100 -0.00250000
v 0.00067500 0.00343400 -0.00250000
v 0.00047500 0.00296200 -0.00250000
v 0.00043100 0.00347300 -0.00250000
v 0.00026400 0.00298800 -0.00250000
v 0.00018500 0.00349500 -0.00250000
v 0.00005300 0.00300000 -0.00250000
v -0.00006200 0.00349900 -0.00250000
v -0.00015900 0.00299600 -0.00250000
v -0.00030800 0.00348600 -0.00250000
v -0.00037000 0.00297700 -0.00250000
v -0.00055400 0.00345600 -0.00250000
v -0.00057900 0.00294400 -0.00250000
v -0.00079600 0.00340800 -0.00250000
v -0.00078500 0.00289500 -0.00250000
v -0.00103400 0.00334400 -0.00250000
v -0.00098700 0.00283300 -0.00250000
v -0.00126800 0.00326200 -0.00250000
v -0.00118500 0.00275600 -0.00250000
v -0.00149500 0.00316500 -0.00250000
v -0.00137600 0.00266600 -0.00250000
v -0.00171400 0.00305100 -0.00250000
v -0.00156100 0.00256200 -0.00250000
v -0.00192500 0.00292300 -0.00250000
v -0.00173800 0.00244600 -0.00250000
v -0.00212700 0.00278000 -0.00250000
v -0.00190600 0.00231700 -0.00250000
v -0.00231700 0.00262300 -0.00250000
v -0.00206400 0.00217700 -0.00250000
v -0.00249700 0.00245300 -0.00250000
v -0.00221300 0.00202600 -0.00250000
v -0.00266300 0.00227100 -0.00250000
v -0.00235000 0.00186500 -0.00250000
v -0.00281700 0.00207700 -0.00250000
v -0.00247600 0.00169400 -0.00250000
v -0.00295600 0.00187300 -0.00250000
v -0.00258900 0.00151500 -0.00250000
v -0.00308100 0.00166000 -0.00250000
v -0.00269000 0.00132900 -0.00250000
v -0.00319100 0.00143900 -0.00250000
v -0.00277700 0.00113600 -0.00250000
v -0.00328400 0.00121000 -0.00250000
v -0.00285000 0.00093700 -0.00250000
v -0.00336100 0.00097500 -0.00250000
v -0.00290900 0.00073400 -0.00250000
v -0.00342200 0.00073600 -0.00250000
v -0.00295300 0.00052700 -0.00250000
v -0.00346500 0.00049300 -0.00250000
v -0.00298300 0.00031700 -0.00250000
v -0.00349100 0.00024700 -0.00250000
v -0.00299800 0.00010600 -0.00250000
v -0.00350000 -0.00000000 -0.00250000
v 0.00350000 0.00000000 0.00250000
v 0.00350000 0.00000000 0.00500000
v 0.00349100 0.00024700 0.00250000
v 0.00349100 0.00024700 0.00500000
v 0.00346500 0.00049300 0.00250000
v 0.00346500 0.00049300 0.00500000
v 0.00342200 0.00073600 0.00250000
v 0.00342200 0.00073600 0.00500000
v 0.00336100 0.00097500 0.00250000
v 0.00336100 0.00097500 0.00500000
v 0.00328400 0.00121000 0.00250000
v 0.00328400 0.00121000 0.00500000
v 0.00319100 0.00143900 0.00250000
v 0.00319100 0.00143900 0.00500000
v 0.00308100 0.00166000 0.00250000
v 0.00308100 0.00166000 0.00500000
v 0.00295600 0.00187300 0.00250000
v 0.00295600 0.00187300 0.00500000
v 0.00281700 0.00207700 0.00250000
v 0.00281700 0.00207700 0.00500000
v 0.00266300 0.00227100 0.00250000
v 0.00266300 0.00227100 0.00500000
v 0.00249700 0.00245300 0.00250000
v 0.00249700 0.00245300 0.00500000
v 0.00231700 0.00262300 0.00250000
v 0.00231700 0.00262300 0.00500000
v 0.00212700 0.00278000 0.00250000
v 0.00212700 0.00278000 0.00500000
v 0.00192500 0.00292300 0.00250000
v 0.00192500 0.00292300 0.00500000
v 0.00171400 0.00305100 0.00250000
v 0.00171400 0.00305100 0.00500000
v 0.00149500 0.00316500 0.00250000
v 0.00149500 0.00316500 0.00500000
v 0.00126800 0.00326200 0.00250000
v 0.00126800 0.00326200 0.00500000
v 0.00103400 0.00334400 0.00250000
v 0.00103400 0.00334400 0.00500000
v 0.00079600 0.00340800 0.00250000
v 0.00079600 0.00340800 0.00500000
v 0.00055400 0.00345600 0.00250000
v 0.00055400 0.00345600 0.00500000
v 0.00030800 0.00348600 0.00250000
v 0.00030800 0.00348600 0.00500000
v 0.00006200 0.00349900 0.00250000
v 0.00006200 0.00349900 0.00500000
v -0.00018500 0.00349500 0.00250000
v -0.00018500 0.00349500 0.00500000
v -0.00043100 0.00347300 0.00250000
v -0.00043100 0.00347300 0.00500000
v -0.00067500 0.00343400 0.00250000
v -0.00067500 0.00343400 0.00500000
v -0.00091600 0.00337800 0.00250000
v -0.00091600 0.00337800 0.00500000
v -0.00115200 0.00330500 0.00250000
v -0.00115200 0.00330500 0.00500000
v -0.00138200 0.00321600 0.00250000
v -0.00138200 0.00321600 0.00500000
v -0.00160500 0.00311000 0.00250000
v -0.00160500 0.00311000 0.00500000
v -0.00182100 0.00298900 0.00250000
v -0.00182100 0.00298900 0.00500000
v -0.00202700 0.00285300 0.00250000
v -0.00202700 0.00285300 0.00500000
v -0.00222300 0.00270300 0.00250000
v -0.00222300 0.00270300 0.00500000
v -0.00240800 0.00254000 0.00250000
v -0.00240800 0.00254000 0.00500000
v -0.00258200 0.00236300 0.00250000
v -0.00258200 0.00236300 0.00500000
v -0.00274200 0.00217500 0.00250000
v -0.00274200 0.00217500 0.00500000
v -0.00288900 0.00197600 0.00250000
v -0.00288900 0.00197600 0.00500000
v -0.00302100 0.00176800 0.00250000
v -0.00302100 0.00176800 0.00500000
v -0.00313800 0.00155000 0.00250000
v -0.00313800 0.00155000 0.00500000
v -0.00323900 0.00132500 0.00250000
v -0.00323900 0.00132500 0.00500000
v -0.00332500 0.00109300 0.00250000
v -0.00332500 0.00109300 0.00500000
v -0.00339400 0.00085600 0.00250000
v -0.00339400 0.00085600 0.00500000
v -0.00344600 0.00061500 0.00250000
v -0.00344600 0.00061500 0.00500000
v -0.00348000 0.00037000 0.00250000
v -0.00348000 0.00037000 0.00500000
v -0.00349800 0.00012400 0.00250000
v -0.00349800 0.00012400 0.00500000
v -0.00349800 -0.00012400 0.00250000
v -0.00349800 -0.00012400 0.00500000
v -0.00348000 -0.00037000 0.00250000
v -0.00348000 -0.00037000 0.00500000
v -0.00344600 -0.00061500 0.00250000
v -0.00344600 -0.00061500 0.00500000
v -0.00339400 -0.00085600 0.00250000
v -0.00339400 -0.00085600 0.00500000
v -0.00332500 -0.00109300 0.00250000
v -0.00332500 -0.00109300 0.00500000
v -0.00323900 -0.00132500 0.00250000
v -0.00323900 -0.00132500 0.00500000
v -0.00313800 -0.00155000 0.00250000
v -0.00313800 -0.00155000 0.00500000
v -0.00302100 -0.00176800 0.00250000
v -0.00302100 -0.00176800 0.00500000
v -0.00288900 -0.00197600 0.00250000
v -0.00288900 -0.00197600 0.00500000
v -0.00274200 -0.00217500 0.00250000
v -0.00274200 -0.00217500 0.00500000
v -0.00258200 -0.00236300 0.00250000
v -0.00258200 -0.00236300 0.00500000
v -0.00240800 -0.00254000 0.00250000
v -0.00240800 -0.00254000 0.00500000
v -0.00222300 -0.00270300 0.00250000
v -0.00222300 -0.00270300 0.00500000
v -0.00202700 -0.00285300 0.00250000
v -0.00202700 -0.00285300 0.00500000
v -0.00182100 -0.00298900 0.00250000
v -0.00182100 -0.00298900 0.00500000
v -0.00160500 -0.00311000 0.00250000
v -0.00160500 -0.00311000 0.00500000
v -0.00138200 -0.00321600 0.00250000
v -0.00138200 -0.00321600 0.00500000
v -0.00115200 -0.00330500 0.00250000
v -0.00115200 -0.00330500 0.00500000
v -0.00091600 -0.00337800 0.00250000
v -0.00091600 -0.00337800 0.00500000
v -0.00067500 -0.00343400 0.00250000
v -0.00067500 -0.00343400 0.00500000
v -0.00043100 -0.00347300 0.00250000
v -0.00043100 -0.00347300 0.00500000
v -0.00018500 -0.00349500 0.00250000
v -0.00018500 -0.00349500 0.00500000
v 0.00006200 -0.00349900 0.00250000
v 0.00006200 -0.00349900 0.00500000
v 0.00030800 -0.00348600 0.00250000
v 0.00030800 -0.00348600 0.00500000
v 0.00055400 -0.00345600 0.00250000
v 0.00055400 -0.00345600 0.00500000
v 0.00079600 -0.00340800 0.00250000
v 0.00079600 -0.00340800 0.00500000
v 0.00103400 -0.00334400 0.00250000
v 0.00103400 -0.00334400 0.00500000
v 0.00126800 -0.00326200 0.00250000
v 0.00126800 -0.00326200 0.00500000
v 0.00149500 -0.00316500 0.00250000
v 0.00149500 -0.00316500 0.00500000
v 0.00171400 -0.00305100 0.00250000
v 0.00171400 -0.00305100 0.00500000
v 0.00192500 -0.00292300 0.00250000
v 0.00192500 -0.00292300 0.00500000
v 0.00212700 -0.00278000 0.00250000
v 0.00212700 -0.00278000 0.00500000
v 0.00231700 -0.00262300 0.00250000
v 0.00231700 -0.00262300 0.00500000
v 0.00249700 -0.00245300 0.00250000
v 0.00249700 -0.00245300 0.00500000
v 0.00266300 -0.00227100 0.00250000
v 0.00266300 -0.00227100 0.00500000
v 0.00281700 -0.00207700 0.00250000
v 0.00281700 -0.00207700 0.00500000
v 0.00295600 -0.00187300 0.00250000
v 0.00295600 -0.00187300 0.00500000
v 0.00308100 -0.00166000 0.00250000
v 0.00308100 -0.00166000 0.00500000
v 0.00319100 -0.00143900 0.00250000
v 0.00319100 -0.00143900 0.00500000
v 0.00328400 -0.00121000 0.00250000
v 0.00328400 -0.00121000 0.00500000
v 0.00336100 -0.00097500 0.00250000
v 0.00336100 -0.00097500 0.00500000
v 0.00342200 -0.00073600 0.00250000
v 0.00342200 -0.00073600 0.00500000
v 0.00346500 -0.00049300 0.00250000
v 0.00346500 -0.00049300 0.00500000
v 0.00349100 -0.00024700 0.00250000
v 0.00349100 -0.00024700 0.00500000
v 0.00297000 0.00042200 0.00250000
v 0.00346500 0.00049300 0.00250000
v 0.00293300 0.00063100 0.00250000
v 0.00342200 0.00073600 0.00250000
v 0.00288100 0.00083600 0.00250000
v 0.00336100 0.00097500 0.00250000
v 0.00281500 0.00103700 0.00250000
v 0.00328400 0.00121000 0.00250000
v 0.00273500 0.00123300 0.00250000
v 0.00319100 0.00143900 0.00250000
v 0.00264100 0.00142300 0.00250000
v 0.00308100 0.00166000 0.00250000
v 0.00253400 0.00160600 0.00250000
v 0.00295600 0.00187300 0.00250000
v 0.00241500 0.00178000 0.00250000
v 0.00281700 0.00207700 0.00250000
v 0.00228300 0.00194600 0.00250000
v 0.00266300 0.00227100 0.00250000
v 0.00214000 0.00210300 0.00250000
v 0.00249700 0.00245300 0.00250000
v 0.00198600 0.00224800 0.00250000
v 0.00231700 0.00262300 0.00250000
v 0.00182300 0.00238300 0.00250000
v 0.00212700 0.00278000 0.00250000
v 0.00165000 0.00250500 0.00250000
v 0.00192500 0.00292300 0.00250000
v 0.00146900 0.00261600 0.00250000
v 0.00171400 0.00305100 0.00250000
v 0.00128100 0.00271300 0.00250000
v 0.00149500 0.00316500 0.00250000
v 0.00108700 0.00279600 0.00250000
v 0.00126800 0.00326200 0.00250000
v 0.00088700 0.00286600 0.00250000
v 0.00103400 0.00334400 0.00250000
v 0.00068200 0.00292100 0.00250000
v 0.00079600 0.00340800 0.00250000
v 0.00047500 0.00296200 0.00250000
v 0.00055400 0.00345600 0.00250000
v 0.00026400 0.00298800 0.00250000
v 0.00030800 0.00348600 0.00250000
v 0.00005300 0.00300000 0.00250000
v 0.00006200 0.00349900 0.00250000
v -0.00015900 0.00299600 0.00250000
v -0.00018500 0.00349500 0.00250000
v -0.00037000 0.00297700 0.00250000
v -0.00043100 0.00347300 0.00250000
v -0.00057900 0.00294400 0.00250000
v -0.00067500 0.00343400 0.00250000
v -0.00078500 0.00289500 0.00250000
v -0.00091600 0.00337800 0.00250000
v -0.00098700 0.00283300 0.00250000
v -0.00115200 0.00330500 0.00250000
v -0.00118500 0.00275600 0.00250000
v -0.00138200 0.00321600 0.00250000
v -0.00137600 0.00266600 0.00250000
v -0.00160500 0.00311000 0.00250000
v -0.00156100 0.00256200 0.00250000
v -0.00182100 0.00298900 0.00250000
v -0.00173800 0.00244600 0.00250000
v -0.00202700 0.00285300 0.00250000
v -0.00190600 0.00231700 0.00250000
v -0.00222300 0.00270300 0.00250000
v -0.00206400 0.00217700 0.00250000
v -0.00240800 0.00254000 0.00250000
v -0.00221300 0.00202600 0.00250000
v -0.00258200 0.00236300 0.00250000
v -0.00235000 0.00186500 0.00250000
v -0.00274200 0.00217500 0.00250000
v -0.00247600 0.00169400 0.00250000
v -0.00288900 0.00197600 0.00250000
v -0.00258900 0.00151500 0.00250000
v -0.00302100 0.00176800 0.00250000
v -0.00269000 0.00132900 0.00250000
v -0.00313800 0.00155000 0.00250000
v -0.00277700 0.00113600 0.00250000
v -0.00323900 0.00132500 0.00250000
v -0.00285000 0.00093700 0.00250000
v -0.00332500 0.00109300 0.00250000
v -0.00290900 0.00073400 0.00250000
v -0.00339400 0.00085600 0.00250000
v -0.00295300 0.00052700 0.00250000
v -0.00344600 0.00061500 0.00250000
v -0.00298300 0.00031700 0.00250000
v -0.00348000 0.00037000 0.00250000
v -0.00299800 0.00010600 0.00250000
v -0.00349800 0.00012400 0.00250000
v -0.00299800 -0.00010600 0.00250000
v -0.00349800 -0.00012400 0.00250000
v -0.00298300 -0.00031700 0.00250000
v -0.00348000 -0.00037000 0.00250000
v -0.00295300 -0.00052700 0.00250000
v -0.00344600 -0.00061500 0.00250000
v -0.00290900 -0.00073400 0.00250000
v -0.00339400 -0.00085600 0.00250000
v -0.00285000 -0.00093700 0.00250000
v -0.00332500 -0.00109300 0.00250000
v -0.00277700 -0.00113600 0.00250000
v -0.00323900 -0.00132500 0.00250000
v -0.00269000 -0.00132900 0.00250000
v -0.00313800 -0.00155000 0.00250000
v -0.00258900 -0.00151500 0.00250000
v -0.00302100 -0.00176800 0.00250000
v -0.00247600 -0.00169400 0.00250000
v -0.00288900 -0.00197600 0.00250000
v -0.00235000 -0.00186500 0.00250000
v -0.00274200 -0.00217500 0.00250000
v -0.00221300 -0.00202600 0.00250000
v -0.00258200 -0.00236300 0.00250000
v -0.00206400 -0.00217700 0.00250000
v -0.00240800 -0.00254000 0.00250000
v -0.00190600 -0.00231700 0.00250000
v -0.00222300 -0.00270300 0.00250000
v -0.00173800 -0.00244600 0.00250000
v -0.00202700 -0.00285300 0.00250000
v -0.00156100 -0.00256200 0.00250000
v -0.00182100 -0.00298900 0.00250000
v -0.00137600 -0.00266600 0.00250000
v -0.00160500 -0.00311000 0.00250000
v -0.00118500 -0.00275600 0.00250000
v -0.00138200 -0.00321600 0.00250000
v -0.00098700 -0.00283300 0.00250000
v -0.00115200 -0.00330500 0.00250000
v -0.00078500 -0.00289500 0.00250000
v -0.00091600 -0.00337800 0.00250000
v -0.00057900 -0.00294400 0.00250000
v -0.00067500 -0.00343400 0.00250000
v -0.00037000 -0.00297700 0.00250000
v -0.00043100 -0.00347300 0.00250000
v -0.00015900 -0.00299600 0.00250000
v -0.00018500 -0.00349500 0.00250000
v 0.00005300 -0.00300000 0.00250000
v 0.00006200 -0.00349900 0.00250000
v 0.00026400 -0.00298800 0.00250000
v 0.00030800 -0.00348600 0.00250000
v 0.00047500 -0.00296200 0.00250000
v 0.00055400 -0.00345600 0.00250000
v 0.00068200 -0.00292100 0.00250000
v 0.00079600 -0.00340800 0.00250000
v 0.00088700 -0.00286600 0.00250000
v 0.00103400 -0.00334400 0.00250000
v 0.00108700 -0.00279600 0.00250000
v 0.00126800 -0.00326200 0.00250000
v 0.00128100 -0.00271300 0.00250000
v 0.00149500 -0.00316500 0.00250000
v 0.00146900 -0.00261600 0.00250000
v 0.00171400 -0.00305100 0.00250000
v 0.00165000 -0.00250500 0.00250000
v 0.00192500 -0.00292300 0.00250000
v 0.00182300 -0.00238300 0.00250000
v 0.00212700 -0.00278000 0.00250000
v 0.00198600 -0.00224800 0.00250000
v 0.00231700 -0.00262300 0.00250000
v 0.00214000 -0.00210300 0.00250000
v 0.00249700 -0.00245300 0.00250000
v 0.00228300 -0.00194600 0.00250000
v 0.00266300 -0.00227100 0.00250000
v 0.00241500 -0.00178000 0.00250000
v 0.00281700 -0.00207700 0.00250000
v 0.00253400 -0.00160600 0.00250000
v 0.00295600 -0.00187300 0.00250000
v 0.00264100 -0.00142300 0.00250000
v 0.00308100 -0.00166000 0.00250000
v 0.00273500 -0.00123300 0.00250000
v 0.00319100 -0.00143900 0.00250000
v 0.00281500 -0.00103700 0.00250000
v 0.00328400 -0.00121000 0.00250000
v 0.00288100 -0.00083600 0.00250000
v 0.00336100 -0.00097500 0.00250000
v 0.00293300 -0.00063100 0.00250000
v 0.00342200 -0.00073600 0.00250000
v 0.00297000 -0.00042200 0.00250000
v 0.00346500 -0.00049300 0.00250000
v 0.00299300 -0.00021200 0.00250000
v 0.00349100 -0.00024700 0.00250000
v 0.00300000 0.00000000 0.00250000
v 0.00350000 0.00000000 0.00250000
v 0.00299300 0.00021200 0.00250000
v 0.00349100 0.00024700 0.00250000
v -0.00100000 -0.01250000 0.00250000
v -0.00100000 -0.01250000 0.00500000
v -0.00100900 -0.01225300 0.00250000
v -0.00100900 -0.01225300 0.00500000
v -0.00103500 -0.01200700 0.00250000
v -0.00103500 -0.01200700 0.00500000
v -0.00107800 -0.01176400 0.00250000
v -0.00107800 -0.01176400 0.00500000
v -0.00113900 -0.01152500 0.00250000
v -0.00113900 -0.01152500 0.00500000
v -0.00121600 -0.01129000 0.00250000
v -0.00121600 -0.01129000 0.00500000
v -0.00130900 -0.01106100 0.00250000
v -0.00130900 -0.01106100 0.00500000
v -0.00141900 -0.01084000 0.00250000
v -0.00141900 -0.01084000 0.00500000
v -0.00154400 -0.01062700 0.00250000
v -0.00154400 -0.01062700 0.00500000
v -0.00168300 -0.01042300 0.00250000
v -0.00168300 -0.01042300 0.00500000
v -0.00183700 -0.01022900 0.00250000
v -0.00183700 -0.01022900 0.00500000
v -0.00200300 -0.01004700 0.00250000
v -0.00200300 -0.01004700 0.00500000
v -0.00218300 -0.00987700 0.00250000
v -0.00218300 -0.00987700 0.00500000
v -0.00237300 -0.00972000 0.00250000
v -0.00237300 -0.00972000 0.00500000
v -0.00257500 -0.00957700 0.00250000
v -0.00257500 -0.00957700 0.00500000
v -0.00278600 -0.00944900 0.00250000
v -0.00278600 -0.00944900 0.00500000
v -0.00300500 -0.00933500 0.00250000
v -0.00300500 -0.00933500 0.00500000
v -0.00323200 -0.00923800 0.00250000
v -0.00323200 -0.00923800 0.00500000
v -0.00346600 -0.00915600 0.00250000
v -0.00346600 -0.00915600 0.00500000
v -0.00370400 -0.00909200 0.00250000
v -0.00370400 -0.00909200 0.00500000
v -0.00394600 -0.00904400 0.00250000
v -0.00394600 -0.00904400 0.00500000
v -0.00419200 -0.00901400 0.00250000
v -0.00419200 -0.00901400 0.00500000
v -0.00443800 -0.00900100 0.00250000
v -0.00443800 -0.00900100 0.00500000
v -0.00468500 -0.00900500 0.00250000
v -0.00468500 -0.00900500 0.00500000
v -0.00493100 -0.00902700 0.00250000
v -0.00493100 -0.00902700 0.00500000
v -0.00517500 -0.00906600 0.00250000
v -0.00517500 -0.00906600 0.00500000
v -0.00541600 -0.00912200 0.00250000
v -0.00541600 -0.00912200 0.00500000
v -0.00565200 -0.00919500 0.00250000
v -0.00565200 -0.00919500 0.00500000
v -0.00588200 -0.00928400 0.00250000
v -0.00588200 -0.00928400 0.00500000
v -0.00610500 -0.00939000 0.00250000
v -0.00610500 -0.00939000 0.00500000
v -0.00632100 -0.00951100 0.00250000
v -0.00632100 -0.00951100 0.00500000
v -0.00652700 -0.00964700 0.00250000
v -0.00652700 -0.00964700 0.00500000
v -0.00672300 -0.00979700 0.00250000
v -0.00672300 -0.00979700 0.00500000
v -0.00690800 -0.00996000 0.00250000
v -0.00690800 -0.00996000 0.00500000
v -0.00708200 -0.01013700 0.00250000
v -0.00708200 -0.01013700 0.00500000
v -0.00724200 -0.01032500 0.00250000
v -0.00724200 -0.01032500 0.00500000
v -0.00738900 -0.01052400 0.00250000
v -0.00738900 -0.01052400 0.00500000
v -0.00752100 -0.01073200 0.00250000
v -0.00752100 -0.01073200 0.00500000
v -0.00763800 -0.01095000 0.00250000
v -0.00763800 -0.01095000 0.00500000
v -0.00773900 -0.01117500 0.00250000
v -0.00773900 -0.01117500 0.00500000
v -0.00782500 -0.01140700 0.00250000
v -0.00782500 -0.01140700 0.00500000
v -0.00789400 -0.01164400 0.00250000
v -0.00789400 -0.01164400 0.00500000
v -0.00794600 -0.01188500 0.00250000
v -0.00794600 -0.01188500 0.00500000
v -0.00798000 -0.01213000 0.00250000
v -0.00798000 -0.01213000 0.00500000
v -0.00799800 -0.01237600 0.00250000
v -0.00799800 -0.01237600 0.00500000
v -0.00799800 -0.01262400 0.00250000
v -0.00799800 -0.01262400 0.00500000
v -0.00798000 -0.01287000 0.00250000
v -0.00798000 -0.01287000 0.00500000
v -0.00794600 -0.01311500 0.00250000
v -0.00794600 -0.01311500 0.00500000
v -0.00789400 -0.01335600 0.00250000
v -0.00789400 -0.01335600 0.00500000
v -0.00782500 -0.01359300 0.00250000
v -0.00782500 -0.01359300 0.00500000
v -0.00773900 -0.01382500 0.00250000
v -0.00773900 -0.01382500 0.00500000
v -0.00763800 -0.01405000 0.00250000
v -0.00763800 -0.01405000 0.00500000
v -0.00752100 -0.01426800 0.00250000
v -0.00752100 -0.01426800 0.00500000
v -0.00738900 -0.01447600 0.00250000
v -0.00738900 -0.01447600 0.00500000
v -0.00724200 -0.01467500 0.00250000
v -0.00724200 -0.01467500 0.00500000
v -0.00708200 -0.01486300 0.00250000
v -0.00708200 -0.01486300 0.00500000
v -0.00690800 -0.01504000 0.00250000
v -0.00690800 -0.01504000 0.00500000
v -0.00672300 -0.01520300 0.00250000
v -0.00672300 -0.01520300 0.00500000
v -0.00652700 -0.01535300 0.00250000
v -0.00652700 -0.01535300 0.00500000
v -0.00632100 -0.01548900 0.00250000
v -0.00632100 -0.01548900 0.00500000
v -0.00610500 -0.01561000 0.00250000
v -0.00610500 -0.01561000 0.00500000
v -0.00588200 -0.01571600 0.00250000
v -0.00588200 -0.01571600 0.00500000
v -0.00565200 -0.01580500 0.00250000
v -0.00565200 -0.01580500 0.00500000
v -0.00541600 -0.01587800 0.00250000
v -0.00541600 -0.01587800 0.00500000
v -0.00517500 -0.01593400 0.00250000
v -0.00517500 -0.01593400 0.00500000
v -0.00493100 -0.01597300 0.00250000
v -0.00493100 -0.01597300 0.00500000
v -0.00468500 -0.01599500 0.00250000
v -0.00468500 -0.01599500 0.00500000
v -0.00443800 -0.01599900 0.00250000
v -0.00443800 -0.01599900 0.00500000
v -0.00419200 -0.01598600 0.00250000
v -0.00419200 -0.01598600 0.00500000
v -0.00394600 -0.01595600 0.00250000
v -0.00394600 -0.01595600 0.00500000
v -0.00370400 -0.01590800 0.00250000
v -0.00370400 -0.01590800 0.00500000
v -0.00346600 -0.01584400 0.00250000
v -0.00346600 -0.01584400 0.00500000
v -0.00323200 -0.01576200 0.00250000
v -0.00323200 -0.01576200 0.00500000
v -0.00300500 -0.01566500 0.00250000
v -0.00300500 -0.01566500 0.00500000
v -0.00278600 -0.01555100 0.00250000
v -0.00278600 -0.01555100 0.00500000
v -0.00257500 -0.01542300 0.00250000
v -0.00257500 -0.01542300 0.00500000
v -0.00237300 -0.01528000 0.00250000
v -0.00237300 -0.01528000 0.00500000
v -0.00218300 -0.01512300 0.00250000
v -0.00218300 -0.01512300 0.00500000
v -0.00200300 -0.01495300 0.00250000
v -0.00200300 -0.01495300 0.00500000
v -0.00183700 -0.01477100 0.00250000
v -0.00183700 -0.01477100 0.00500000
v -0.00168300 -0.01457700 0.00250000
v -0.00168300 -0.01457700 0.00500000
v -0.00154400 -0.01437300 0.00250000
v -0.00154400 -0.01437300 0.00500000
v -0.00141900 -0.01416000 0.00250000
v -0.00141900 -0.01416000 0.00500000
v -0.00130900 -0.01393900 0.00250000
v -0.00130900 -0.01393900 0.00500000
v -0.00121600 -0.01371000 0.00250000
v -0.00121600 -0.01371000 0.00500000
v -0.00113900 -0.01347500 0.00250000
v -0.00113900 -0.01347500 0.00500000
v -0.00107800 -0.01323600 0.00250000
v -0.00107800 -0.01323600 0.00500000
v -0.00103500 -0.01299300 0.00250000
v -0.00103500 -0.01299300 0.00500000
v -0.00100900 -0.01274700 0.00250000
v -0.00100900 -0.01274700 0.00500000
v -0.00735000 -0.01156300 0.00250000
v -0.00782500 -0.01140700 0.00250000
v -0.00740900 -0.01176600 0.00250000
v -0.00789400 -0.01164400 0.00250000
v -0.00745300 -0.01197300 0.00250000
v -0.00794600 -0.01188500 0.00250000
v -0.00748300 -0.01218300 0.00250000
v -0.00798000 -0.01213000 0.00250000
v -0.00749800 -0.01239400 0.00250000
v -0.00799800 -0.01237600 0.00250000
v -0.00749800 -0.01260600 0.00250000
v -0.00799800 -0.01262400 0.00250000
v -0.00748300 -0.01281700 0.00250000
v -0.00798000 -0.01287000 0.00250000
v -0.00745300 -0.01302700 0.00250000
v -0.00794600 -0.01311500 0.00250000
v -0.00740900 -0.01323400 0.00250000
v -0.00789400 -0.01335600 0.00250000
v -0.00735000 -0.01343700 0.00250000
v -0.00782500 -0.01359300 0.00250000
v -0.00727700 -0.01363600 0.00250000
v -0.00773900 -0.01382500 0.00250000
v -0.00719000 -0.01382900 0.00250000
v -0.00763800 -0.01405000 0.00250000
v -0.00708900 -0.01401500 0.00250000
v -0.00752100 -0.01426800 0.00250000
v -0.00697600 -0.01419400 0.00250000
v -0.00738900 -0.01447600 0.00250000
v -0.00685000 -0.01436500 0.00250000
v -0.00724200 -0.01467500 0.00250000
v -0.00671300 -0.01452600 0.00250000
v -0.00708200 -0.01486300 0.00250000
v -0.00656400 -0.01467700 0.00250000
v -0.00690800 -0.01504000 0.00250000
v -0.00640600 -0.01481700 0.00250000
v -0.00672300 -0.01520300 0.00250000
v -0.00623800 -0.01494600 0.00250000
v -0.00652700 -0.01535300 0.00250000
v -0.00606100 -0.01506200 0.00250000
v -0.00632100 -0.01548900 0.00250000
v -0.00587600 -0.01516600 0.00250000
v -0.00610500 -0.01561000 0.00250000
v -0.00568500 -0.01525600 0.00250000
v -0.00588200 -0.01571600 0.00250000
v -0.00548700 -0.01533300 0.00250000
v -0.00565200 -0.01580500 0.00250000
v -0.00528500 -0.01539500 0.00250000
v -0.00541600 -0.01587800 0.00250000
v -0.00507900 -0.01544400 0.00250000
v -0.00517500 -0.01593400 0.00250000
v -0.00487000 -0.01547700 0.00250000
v -0.00493100 -0.01597300 0.00250000
v -0.00465900 -0.01549600 0.00250000
v -0.00468500 -0.01599500 0.00250000
v -0.00444700 -0.01550000 0.00250000
v -0.00443800 -0.01599900 0.00250000
v -0.00423600 -0.01548800 0.00250000
v -0.00419200 -0.01598600 0.00250000
v -0.00402500 -0.01546200 0.00250000
v -0.00394600 -0.01595600 0.00250000
v -0.00381800 -0.01542100 0.00250000
v -0.00370400 -0.01590800 0.00250000
v -0.00361300 -0.01536600 0.00250000
v -0.00346600 -0.01584400 0.00250000
v -0.00341300 -0.01529600 0.00250000
v -0.00323200 -0.01576200 0.00250000
v -0.00321900 -0.01521300 0.00250000
v -0.00300500 -0.01566500 0.00250000
v -0.00303100 -0.01511600 0.00250000
v -0.00278600 -0.01555100 0.00250000
v -0.00285000 -0.01500500 0.00250000
v -0.00257500 -0.01542300 0.00250000
v -0.00267700 -0.01488300 0.00250000
v -0.00237300 -0.01528000 0.00250000
v -0.00251400 -0.01474800 0.00250000
v -0.00218300 -0.01512300 0.00250000
v -0.00236000 -0.01460300 0.00250000
v -0.00200300 -0.01495300 0.00250000
v -0.00221700 -0.01444600 0.00250000
v -0.00183700 -0.01477100 0.00250000
v -0.00208500 -0.01428000 0.00250000
v -0.00168300 -0.01457700 0.00250000
v -0.00196600 -0.01410600 0.00250000
v -0.00154400 -0.01437300 0.00250000
v -0.00185900 -0.01392300 0.00250000
v -0.00141900 -0.01416000 0.00250000
v -0.00176500 -0.01373300 0.00250000
v -0.00130900 -0.01393900 0.00250000
v -0.00168500 -0.01353700 0.00250000
v -0.00121600 -0.01371000 0.00250000
v -0.00161900 -0.01333600 0.00250000
v -0.00113900 -0.01347500 0.00250000
v -0.00156700 -0.01313100 0.00250000
v -0.00107800 -0.01323600 0.00250000
v -0.00153000 -0.01292200 0.00250000
v -0.00103500 -0.01299300 0.00250000
v -0.00150700 -0.01271200 0.00250000
v -0.00100900 -0.01274700 0.00250000
v -0.00150000 -0.01250000 0.00250000
v -0.00100000 -0.01250000 0.00250000
v -0.00150700 -0.01228800 0.00250000
v -0.00100900 -0.01225300 0.00250000
v -0.00153000 -0.01207800 0.00250000
v -0.00103500 -0.01200700 0.00250000
v -0.00156700 -0.01186900 0.00250000
v -0.00107800 -0.01176400 0.00250000
v -0.00161900 -0.01166400 0.00250000
v -0.00113900 -0.01152500 0.00250000
v -0.00168500 -0.01146300 0.00250000
v -0.00121600 -0.01129000 0.00250000
v -0.00176500 -0.01126700 0.00250000
v -0.00130900 -0.01106100 0.00250000
v -0.00185900 -0.01107700 0.00250000
v -0.00141900 -0.01084000 0.00250000
v -0.00196600 -0.01089400 0.00250000
v -0.00154400 -0.01062700 0.00250000
v -0.00208500 -0.01072000 0.00250000
v -0.00168300 -0.01042300 0.00250000
v -0.00221700 -0.01055400 0.00250000
v -0.00183700 -0.01022900 0.00250000
v -0.00236000 -0.01039700 0.00250000
v -0.00200300 -0.01004700 0.00250000
v -0.00251400 -0.01025200 0.00250000
v -0.00218300 -0.00987700 0.00250000
v -0.00267700 -0.01011700 0.00250000
v -0.00237300 -0.00972000 0.00250000
v -0.00285000 -0.00999500 0.00250000
v -0.00257500 -0.00957700 0.00250000
v -0.00303100 -0.00988400 0.00250000
v -0.00278600 -0.00944900 0.00250000
v -0.00321900 -0.00978700 0.00250000
v -0.00300500 -0.00933500 0.00250000
v -0.00341300 -0.00970400 0.00250000
v -0.00323200 -0.00923800 0.00250000
v -0.00361300 -0.00963400 0.00250000
v -0.00346600 -0.00915600 0.00250000
v -0.00381800 -0.00957900 0.00250000
v -0.00370400 -0.00909200 0.00250000
v -0.00402500 -0.00953800 0.00250000
v -0.00394600 -0.00904400 0.00250000
v -0.00423600 -0.00951200 0.00250000
v -0.00419200 -0.00901400 0.00250000
v -0.00444700 -0.00950000 0.00250000
v -0.00443800 -0.00900100 0.00250000
v -0.00465900 -0.00950400 0.00250000
v -0.00468500 -0.00900500 0.00250000
v -0.00487000 -0.00952300 0.00250000
v -0.00493100 -0.00902700 0.00250000
v -0.00507900 -0.00955600 0.00250000
v -0.00517500 -0.00906600 0.00250000
v -0.00528500 -0.00960500 0.00250000
v -0.00541600 -0.00912200 0.00250000
v -0.00548700 -0.00966700 0.00250000
v -0.00565200 -0.00919500 0.00250000
v -0.00568500 -0.00974400 0.00250000
v -0.00588200 -0.00928400 0.00250000
v -0.00587600 -0.00983400 0.00250000
v -0.00610500 -0.00939000 0.00250000
v -0.00606100 -0.00993800 0.00250000
v -0.00632100 -0.00951100 0.00250000
v -0.00623800 -0.01005400 0.00250000
v -0.00652700 -0.00964700 0.00250000
v -0.00640600 -0.01018300 0.00250000
v -0.00672300 -0.00979700 0.00250000
v -0.00656400 -0.01032300 0.00250000
v -0.00690800 -0.00996000 0.00250000
v -0.00671300 -0.01047400 0.00250000
v -0.00708200 -0.01013700 0.00250000
v -0.00685000 -0.01063500 0.00250000
v -0.00724200 -0.01032500 0.00250000
v -0.00697600 -0.01080600 0.00250000
v -0.00738900 -0.01052400 0.00250000
v -0.00708900 -0.01098500 0.00250000
v -0.00752100 -0.01073200 0.00250000
v -0.00719000 -0.01117100 0.00250000
v -0.00763800 -0.01095000 0.00250000
v -0.00727700 -0.01136400 0.00250000
v -0.00773900 -0.01117500 0.00250000
v 0.02850000 -0.00550000 -0.00500000
v 0.02893500 -0.00593500 -0.00456500
v 0.02890500 -0.00594400 -0.00455600
v 0.02885500 -0.00595700 -0.00454300
v 0.02880500 -0.00596900 -0.00453100
v 0.02875500 -0.00597800 -0.00452200
v 0.02870400 -0.00598600 -0.00451400
v 0.02865300 -0.00599200 -0.00450800
v 0.02860200 -0.00599700 -0.00450300
v 0.00296600 -0.00600000 -0.00450000
v 0.00296600 -0.00600000 -0.00450000
v 0.00296600 -0.00550000 -0.00500000
v 0.02850000 -0.00600000 -0.00450000
v 0.02850000 -0.00550000 -0.00500000
v 0.02855100 -0.00599900 -0.00450100
v 0.00108400 -0.00732300 -0.00450000
v 0.00061300 -0.00715300 -0.00500000
v 0.00113400 -0.00719600 -0.00450000
v 0.00067600 -0.00699500 -0.00500000
v 0.00119300 -0.00707300 -0.00450000
v 0.00119300 -0.00707300 -0.00450000
v 0.00067600 -0.00699500 -0.00500000
v 0.00075000 -0.00684200 -0.00500000
v 0.00126000 -0.00695500 -0.00450000
v 0.00083400 -0.00669400 -0.00500000
v 0.00133500 -0.00684100 -0.00450000
v 0.00092800 -0.00655200 -0.00500000
v 0.00141800 -0.00673300 -0.00450000
v 0.00103100 -0.00641700 -0.00500000
v 0.00150800 -0.00663100 -0.00450000
v 0.00114300 -0.00628900 -0.00500000
v 0.00160400 -0.00653500 -0.00450000
v 0.00126400 -0.00616900 -0.00500000
v 0.00170700 -0.00644600 -0.00450000
v 0.00139200 -0.00605700 -0.00500000
v 0.00181600 -0.00636400 -0.00450000
v 0.00152800 -0.00595500 -0.00500000
v 0.00192900 -0.00628900 -0.00450000
v 0.00167000 -0.00586200 -0.00500000
v 0.00204800 -0.00622300 -0.00450000
v 0.00204800 -0.00622300 -0.00450000
v 0.00167000 -0.00586200 -0.00500000
v 0.00181900 -0.00577800 -0.00500000
v 0.00217100 -0.00616400 -0.00450000
v 0.00217100 -0.00616400 -0.00450000
v 0.00181900 -0.00577800 -0.00500000
v 0.00197300 -0.00570600 -0.00500000
v 0.00229800 -0.00611500 -0.00450000
v 0.00213100 -0.00564300 -0.00500000
v 0.00242800 -0.00607400 -0.00450000
v 0.00229300 -0.00559200 -0.00500000
v 0.00256000 -0.00604200 -0.00450000
v 0.00245900 -0.00555200 -0.00500000
v 0.00269400 -0.00601900 -0.00450000
v 0.00262600 -0.00552300 -0.00500000
v 0.00283000 -0.00600500 -0.00450000
v 0.00279600 -0.00550600 -0.00500000
v 0.00279600 -0.00550600 -0.00500000
v 0.00026000 -0.00961100 -0.00450000
v -0.00021100 -0.00944200 -0.00500000
v 0.00024400 -0.01092100 -0.00450000
v -0.00023000 -0.01107900 -0.00500000
v 0.00020600 -0.01079300 -0.00450000
v -0.00027800 -0.01091900 -0.00500000
v 0.00017700 -0.01066300 -0.00450000
v -0.00031400 -0.01075600 -0.00500000
v 0.00015600 -0.01053100 -0.00450000
v -0.00034000 -0.01059100 -0.00500000
v 0.00014500 -0.01039800 -0.00450000
v -0.00035500 -0.01042500 -0.00500000
v 0.00014200 -0.01026500 -0.00450000
v -0.00035800 -0.01025900 -0.00500000
v 0.00014800 -0.01013100 -0.00450000
v -0.00035100 -0.01009200 -0.00500000
v 0.00016300 -0.00999900 -0.00450000
v -0.00033200 -0.00992600 -0.00500000
v 0.00018600 -0.00986800 -0.00450000
v -0.00030200 -0.00976200 -0.00500000
v 0.00021900 -0.00973800 -0.00450000
v -0.00026200 -0.00960100 -0.00500000
v 0.00033600 -0.01123100 -0.00450000
v -0.00014700 -0.01135800 -0.00500000
v 0.00040800 -0.01154800 -0.00450000
v -0.00008200 -0.01164300 -0.00500000
v 0.00046000 -0.01186800 -0.00450000
v -0.00003600 -0.01193100 -0.00500000
v 0.00049000 -0.01219000 -0.00450000
v -0.00000900 -0.01222100 -0.00500000
v 0.00050000 -0.01251500 -0.00450000
v 0.00000000 -0.01251300 -0.00500000
v 0.00048900 -0.01283900 -0.00450000
v -0.00001000 -0.01280500 -0.00500000
v 0.00045600 -0.01316100 -0.00450000
v -0.00004000 -0.01309500 -0.00500000
v 0.00040300 -0.01348100 -0.00450000
v -0.00008700 -0.01338300 -0.00500000
v 0.00032900 -0.01379700 -0.00450000
v -0.00015400 -0.01366700 -0.00500000
v 0.00023500 -0.01410700 -0.00450000
v -0.00023900 -0.01394600 -0.00500000
v 0.00012100 -0.01441100 -0.00450000
v -0.00034100 -0.01422000 -0.00500000
v -0.00001300 -0.01470600 -0.00450000
v -0.00046200 -0.01448500 -0.00500000
v -0.00016500 -0.01499200 -0.00450000
v -0.00059900 -0.01474300 -0.00500000
v -0.00033600 -0.01526800 -0.00450000
v -0.00075200 -0.01499100 -0.00500000
v -0.00052400 -0.01553200 -0.00450000
v -0.00092200 -0.01522900 -0.00500000
v -0.00072900 -0.01578300 -0.00450000
v -0.00110600 -0.01545500 -0.00500000
v -0.00095000 -0.01602100 -0.00450000
v -0.00130500 -0.01566900 -0.00500000
v -0.00118600 -0.01624400 -0.00450000
v -0.00151700 -0.01586900 -0.00500000
v -0.00143500 -0.01645100 -0.00450000
v -0.00174200 -0.01605500 -0.00500000
v -0.00169800 -0.01664100 -0.00450000
v -0.00197800 -0.01622700 -0.00500000
v -0.00197200 -0.01681400 -0.00450000
v -0.00222500 -0.01638200 -0.00500000
v -0.00225700 -0.01696900 -0.00450000
v -0.00248100 -0.01652200 -0.00500000
v -0.00255100 -0.01710500 -0.00450000
v -0.00274600 -0.01664400 -0.00500000
v -0.00285400 -0.01722100 -0.00450000
v -0.00301800 -0.01674900 -0.00500000
v -0.00316300 -0.01731800 -0.00450000
v -0.00329700 -0.01683600 -0.00500000
v -0.00347800 -0.01739500 -0.00450000
v -0.00358100 -0.01690500 -0.00500000
v -0.00379800 -0.01745000 -0.00450000
v -0.00386800 -0.01695500 -0.00500000
v -0.00412000 -0.01748600 -0.00450000
v -0.00415800 -0.01698700 -0.00500000
v -0.00444400 -0.01750000 -0.00450000
v -0.00445000 -0.01700000 -0.00500000
v -0.00476800 -0.01749300 -0.00450000
v -0.00474100 -0.01699400 -0.00500000
v -0.00509100 -0.01746500 -0.00450000
v -0.00503200 -0.01696800 -0.00500000
v -0.00541200 -0.01741600 -0.00450000
v -0.00532100 -0.01692500 -0.00500000
v -0.00572900 -0.01734700 -0.00450000
v -0.00560600 -0.01686200 -0.00500000
v -0.00604000 -0.01725700 -0.00450000
v -0.00588600 -0.01678100 -0.00500000
v -0.00634500 -0.01714700 -0.00450000
v -0.00616100 -0.01668200 -0.00500000
v -0.00664300 -0.01701800 -0.00450000
v -0.00642800 -0.01656600 -0.00500000
v -0.00693100 -0.01686900 -0.00450000
v -0.00668800 -0.01643200 -0.00500000
v -0.00720900 -0.01670300 -0.00450000
v -0.00693800 -0.01628200 -0.00500000
v -0.00747600 -0.01651800 -0.00450000
v -0.00717800 -0.01611600 -0.00500000
v -0.00773000 -0.01631700 -0.00450000
v -0.00740700 -0.01593500 -0.00500000
v -0.00797000 -0.01609900 -0.00450000
v -0.00762300 -0.01573900 -0.00500000
v -0.00819600 -0.01586700 -0.00450000
v -0.00782700 -0.01553000 -0.00500000
v -0.00840700 -0.01562000 -0.00450000
v -0.00801600 -0.01530800 -0.00500000
v -0.00860100 -0.01536000 -0.00450000
v -0.00819100 -0.01507400 -0.00500000
v -0.00877800 -0.01508900 -0.00450000
v -0.00835000 -0.01483000 -0.00500000
v -0.00893700 -0.01480600 -0.00450000
v -0.00849300 -0.01457500 -0.00500000
v -0.00907700 -0.01451300 -0.00450000
v -0.00861900 -0.01431200 -0.00500000
v -0.00919800 -0.01421300 -0.00450000
v -0.00872800 -0.01404100 -0.00500000
v -0.00929900 -0.01390500 -0.00450000
v -0.00881900 -0.01376400 -0.00500000
v -0.00938000 -0.01359100 -0.00450000
v -0.00889200 -0.01348100 -0.00500000
v -0.00944000 -0.01327200 -0.00450000
v -0.00894600 -0.01319500 -0.00500000
v -0.00948000 -0.01295000 -0.00450000
v -0.00898200 -0.01290500 -0.00500000
v -0.00949800 -0.01262600 -0.00450000
v -0.00899900 -0.01261400 -0.00500000
v -0.00949600 -0.01230200 -0.00450000
v -0.00899600 -0.01232200 -0.00500000
v -0.00947300 -0.01197900 -0.00450000
v -0.00897500 -0.01203100 -0.00500000
v -0.00942900 -0.01165800 -0.00450000
v -0.00893600 -0.01174200 -0.00500000
v -0.00936400 -0.01134000 -0.00450000
v -0.00887700 -0.01145600 -0.00500000
v -0.00927800 -0.01102700 -0.00450000
v -0.00880000 -0.01117400 -0.00500000
v -0.00917300 -0.01072000 -0.00450000
v -0.00870500 -0.01089800 -0.00500000
v -0.00904700 -0.01042100 -0.00450000
v -0.00859300 -0.01062900 -0.00500000
v -0.00890300 -0.01013100 -0.00450000
v -0.00846300 -0.01036800 -0.00500000
v -0.00874000 -0.00985100 -0.00450000
v -0.00831600 -0.01011600 -0.00500000
v -0.00856000 -0.00958100 -0.00450000
v -0.00815400 -0.00987300 -0.00500000
v -0.00836200 -0.00932400 -0.00450000
v -0.00797600 -0.00964200 -0.00500000
v -0.00814800 -0.00908100 -0.00450000
v -0.00778300 -0.00942300 -0.00500000
v -0.00791900 -0.00885100 -0.00450000
v -0.00757700 -0.00921600 -0.00500000
v -0.00767500 -0.00863700 -0.00450000
v -0.00735800 -0.00902400 -0.00500000
v -0.00741800 -0.00844000 -0.00450000
v -0.00712600 -0.00884600 -0.00500000
v -0.00714900 -0.00825900 -0.00450000
v -0.00688400 -0.00868300 -0.00500000
v -0.00632600 -0.00724000 -0.00450000
v -0.00585600 -0.00741000 -0.00500000
v -0.00637600 -0.00736400 -0.00450000
v -0.00591800 -0.00756500 -0.00500000
v -0.00643300 -0.00748500 -0.00450000
v -0.00598900 -0.00771500 -0.00500000
v -0.00649900 -0.00760100 -0.00450000
v -0.00607100 -0.00786000 -0.00500000
v -0.00657200 -0.00771200 -0.00450000
v -0.00616200 -0.00800000 -0.00500000
v -0.00665200 -0.00781900 -0.00450000
v -0.00626300 -0.00813300 -0.00500000
v -0.00673900 -0.00792000 -0.00450000
v -0.00637200 -0.00825900 -0.00500000
v -0.00683300 -0.00801500 -0.00450000
v -0.00648900 -0.00837800 -0.00500000
v -0.00693300 -0.00810300 -0.00450000
v -0.00661400 -0.00848800 -0.00500000
v -0.00703800 -0.00818500 -0.00450000
v -0.00674500 -0.00859000 -0.00500000
v -0.00476000 -0.00288900 -0.00450000
v -0.00428900 -0.00305800 -0.00500000
v -0.00474400 -0.00157900 -0.00450000
v -0.00427000 -0.00142100 -0.00500000
v -0.00470600 -0.00170700 -0.00450000
v -0.00422200 -0.00158100 -0.00500000
v -0.00467700 -0.00183700 -0.00450000
v -0.00418600 -0.00174400 -0.00500000
v -0.00465600 -0.00196900 -0.00450000
v -0.00416000 -0.00190900 -0.00500000
v -0.00464500 -0.00210200 -0.00450000
v -0.00414500 -0.00207500 -0.00500000
v -0.00464200 -0.00223500 -0.00450000
v -0.00414200 -0.00224100 -0.00500000
v -0.00414200 -0.00224100 -0.00500000
v -0.00464800 -0.00236900 -0.00450000
v -0.00414900 -0.00240800 -0.00500000
v -0.00466300 -0.00250100 -0.00450000
v -0.00416800 -0.00257400 -0.00500000
v -0.00468600 -0.00263200 -0.00450000
v -0.00419800 -0.00273800 -0.00500000
v -0.00471900 -0.00276200 -0.00450000
v -0.00423800 -0.00289900 -0.00500000
v -0.00483600 -0.00126900 -0.00450000
v -0.00435300 -0.00114200 -0.00500000
v -0.00490800 -0.00095300 -0.00450000
v -0.00441700 -0.00085800 -0.00500000
v -0.00496000 -0.00063400 -0.00450000
v -0.00446400 -0.00057000 -0.00500000
v -0.00499000 -0.00031200 -0.00450000
v -0.00449100 -0.00028000 -0.00500000
v -0.00500000 0.00001200 -0.00450000
v -0.00450000 0.00001100 -0.00500000
v -0.00498900 0.00033600 -0.00450000
v -0.00449000 0.00030200 -0.00500000
v -0.00495700 0.00065800 -0.00450000
v -0.00446100 0.00059200 -0.00500000
v -0.00490400 0.00097700 -0.00450000
v -0.00441300 0.00087900 -0.00500000
v -0.00483000 0.00129200 -0.00450000
v -0.00434700 0.00116300 -0.00500000
v -0.00473600 0.00160200 -0.00450000
v -0.00426300 0.00144200 -0.00500000
v -0.00462300 0.00190500 -0.00450000
v -0.00416000 0.00171500 -0.00500000
v -0.00449000 0.00220100 -0.00450000
v -0.00404100 0.00198100 -0.00500000
v -0.00433800 0.00248700 -0.00450000
v -0.00390400 0.00223800 -0.00500000
v -0.00416800 0.00276200 -0.00450000
v -0.00375100 0.00248600 -0.00500000
v -0.00398000 0.00302600 -0.00450000
v -0.00358200 0.00272300 -0.00500000
v -0.00377600 0.00327700 -0.00450000
v -0.00339900 0.00294900 -0.00500000
v -0.00355600 0.00351500 -0.00450000
v -0.00320100 0.00316300 -0.00500000
v -0.00332100 0.00373700 -0.00450000
v -0.00298900 0.00336400 -0.00500000
v -0.00307200 0.00394500 -0.00450000
v -0.00276500 0.00355000 -0.00500000
v -0.00281100 0.00413500 -0.00450000
v -0.00253000 0.00372200 -0.00500000
v -0.00253700 0.00430800 -0.00450000
v -0.00228400 0.00387800 -0.00500000
v -0.00225300 0.00446400 -0.00450000
v -0.00202800 0.00401700 -0.00500000
v -0.00196000 0.00460000 -0.00450000
v -0.00176400 0.00414000 -0.00500000
v -0.00165800 0.00471700 -0.00450000
v -0.00149200 0.00424500 -0.00500000
v -0.00134900 0.00481500 -0.00450000
v -0.00121400 0.00433300 -0.00500000
v -0.00103500 0.00489200 -0.00450000
v -0.00093100 0.00440300 -0.00500000
v -0.00071600 0.00494800 -0.00450000
v -0.00064400 0.00445400 -0.00500000
v -0.00039400 0.00498400 -0.00450000
v -0.00035500 0.00448600 -0.00500000
v -0.00007100 0.00499900 -0.00450000
v -0.00006400 0.00450000 -0.00500000
v 0.00025300 0.00499400 -0.00450000
v 0.00022800 0.00449400 -0.00500000
v 0.00057600 0.00496700 -0.00450000
v 0.00051800 0.00447000 -0.00500000
v 0.00089600 0.00491900 -0.00450000
v 0.00080600 0.00442700 -0.00500000
v 0.00121200 0.00485100 -0.00450000
v 0.00109100 0.00436600 -0.00500000
v 0.00152400 0.00476200 -0.00450000
v 0.00137100 0.00428600 -0.00500000
v 0.00182900 0.00465400 -0.00450000
v 0.00164600 0.00418800 -0.00500000
v 0.00212600 0.00452600 -0.00450000
v 0.00191300 0.00407300 -0.00500000
v 0.00241400 0.00437800 -0.00450000
v 0.00217300 0.00394100 -0.00500000
v 0.00269300 0.00421300 -0.00450000
v 0.00242300 0.00379200 -0.00500000
v 0.00296000 0.00403000 -0.00450000
v 0.00266400 0.00362700 -0.00500000
v 0.00321400 0.00383000 -0.00450000
v 0.00289300 0.00344700 -0.00500000
v 0.00345500 0.00361400 -0.00450000
v 0.00311000 0.00325300 -0.00500000
v 0.00368200 0.00338300 -0.00450000
v 0.00331400 0.00304400 -0.00500000
v 0.00389300 0.00313700 -0.00450000
v 0.00350400 0.00282400 -0.00500000
v 0.00408800 0.00287900 -0.00450000
v 0.00367900 0.00259100 -0.00500000
v 0.00426600 0.00260800 -0.00450000
v 0.00383900 0.00234700 -0.00500000
v 0.00442600 0.00232700 -0.00450000
v 0.00398300 0.00209400 -0.00500000
v 0.00456700 0.00203500 -0.00450000
v 0.00411000 0.00183200 -0.00500000
v 0.00468900 0.00173600 -0.00450000
v 0.00411000 0.00183200 -0.00500000
v 0.00422000 0.00156200 -0.00500000
v 0.00479200 0.00142900 -0.00450000
v 0.00479200 0.00142900 -0.00450000
v 0.00431200 0.00128600 -0.00500000
v 0.00670800 -0.00000000 -0.00450000
v 0.00670800 -0.00050000 -0.00500000
v 0.00656600 0.00000500 -0.00450000
v 0.00653000 -0.00049400 -0.00500000
v 0.00642400 0.00002000 -0.00450000
v 0.00635400 -0.00047500 -0.00500000
v 0.00628400 0.00004500 -0.00450000
v 0.00617800 -0.00044300 -0.00500000
v 0.00614700 0.00008000 -0.00450000
v 0.00600600 -0.00039900 -0.00500000
v 0.00601100 0.00012500 -0.00450000
v 0.00583700 -0.00034300 -0.00500000
v 0.00588000 0.00018000 -0.00450000
v 0.00567300 -0.00027600 -0.00500000
v 0.00575300 0.00024300 -0.00450000
v 0.00551400 -0.00019600 -0.00500000
v 0.00563000 0.00031500 -0.00450000
v 0.00536000 -0.00010600 -0.00500000
v 0.00551300 0.00039600 -0.00450000
v 0.00521400 -0.00000400 -0.00500000
v 0.00540200 0.00048500 -0.00450000
v 0.00507500 0.00010700 -0.00500000
v 0.00529800 0.00058200 -0.00450000
v 0.00494500 0.00022800 -0.00500000
v 0.00520000 0.00068600 -0.00450000
v 0.00482300 0.00035800 -0.00500000
v 0.00482300 0.00035800 -0.00500000
v 0.00511100 0.00079700 -0.00450000
v 0.00471100 0.00049600 -0.00500000
v 0.00502900 0.00091300 -0.00450000
v 0.00460900 0.00064200 -0.00500000
v 0.00495600 0.00103500 -0.00450000
v 0.00451800 0.00079400 -0.00500000
v 0.00489200 0.00116200 -0.00450000
v 0.00443800 0.00095300 -0.00500000
v 0.00443800 0.00095300 -0.00500000
v 0.00483700 0.00129400 -0.00450000
v 0.00436900 0.00111700 -0.00500000
v 0.00436900 0.00111700 -0.00500000
v 0.02850000 -0.00050000 -0.00500000
v 0.02900000 -0.00000000 -0.00450000
v 0.02950000 -0.00000000 -0.00400000
v 0.02950000 0.00000000 0.00400000
v 0.03000000 -0.00050000 -0.00350000
v 0.03000000 -0.00050000 0.00350000
v 0.02900000 0.00000000 0.00450000
v 0.00670800 0.00000000 0.00450000
v 0.02850000 -0.00050000 0.00500000
v 0.00670800 -0.00050000 0.00500000
v 0.00479200 0.00142900 0.00450000
v 0.00431200 0.00128600 0.00500000
v 0.00483700 0.00129400 0.00450000
v 0.00436900 0.00111700 0.00500000
v 0.00489200 0.00116200 0.00450000
v 0.00443800 0.00095300 0.00500000
v 0.00495600 0.00103500 0.00450000
v 0.00451800 0.00079400 0.00500000
v 0.00502900 0.00091300 0.00450000
v 0.00460900 0.00064200 0.00500000
v 0.00511100 0.00079700 0.00450000
v 0.00471100 0.00049600 0.00500000
v 0.00520000 0.00068600 0.00450000
v 0.00482300 0.00035800 0.00500000
v 0.00529800 0.00058200 0.00450000
v 0.00494500 0.00022800 0.00500000
v 0.00540200 0.00048500 0.00450000
v 0.00507500 0.00010700 0.00500000
v 0.00551300 0.00039600 0.00450000
v 0.00521400 -0.00000400 0.00500000
v 0.00563000 0.00031600 0.00450000
v 0.00536000 -0.00010600 0.00500000
v 0.00575300 0.00024300 0.00450000
v 0.00551400 -0.00019600 0.00500000
v 0.00588000 0.00018000 0.00450000
v 0.00551400 -0.00019600 0.00500000
v 0.00567300 -0.00027600 0.00500000
v 0.00601100 0.00012500 0.00450000
v 0.00583700 -0.00034300 0.00500000
v 0.00614700 0.00008000 0.00450000
v 0.00600600 -0.00039900 0.00500000
v 0.00628400 0.00004500 0.00450000
v 0.00617800 -0.00044300 0.00500000
v 0.00642400 0.00002000 0.00450000
v 0.00635400 -0.00047500 0.00500000
v 0.00656600 0.00000500 0.00450000
v 0.00653000 -0.00049400 0.00500000
v 0.00296600 -0.00550000 0.00500000
v 0.00296600 -0.00600000 0.00450000
v 0.02850000 -0.00550000 0.00500000
v 0.02850000 -0.00600000 0.00450000
v 0.02880500 -0.00596900 0.00453100
v 0.02885500 -0.00595700 0.00454300
v 0.02890500 -0.00594400 0.00455600
v 0.02893500 -0.00593500 0.00456500
v 0.02865300 -0.00599200 0.00450800
v 0.02870400 -0.00598600 0.00451400
v 0.02875500 -0.00597800 0.00452200
v 0.02855100 -0.00599900 0.00450100
v 0.02860200 -0.00599700 0.00450300
v 0.00468900 0.00173600 0.00450000
v 0.00422000 0.00156200 0.00500000
v 0.00456700 0.00203500 0.00450000
v 0.00411000 0.00183200 0.00500000
v 0.00442600 0.00232700 0.00450000
v 0.00398300 0.00209400 0.00500000
v 0.00426600 0.00260800 0.00450000
v 0.00383900 0.00234700 0.00500000
v 0.00408800 0.00287900 0.00450000
v 0.00367900 0.00259100 0.00500000
v 0.00389300 0.00313700 0.00450000
v 0.00350400 0.00282400 0.00500000
v 0.00368200 0.00338300 0.00450000
v 0.00331400 0.00304400 0.00500000
v 0.00345500 0.00361400 0.00450000
v 0.00311000 0.00325300 0.00500000
v 0.00321400 0.00383000 0.00450000
v 0.00289300 0.00344700 0.00500000
v 0.00296000 0.00403000 0.00450000
v 0.00266400 0.00362700 0.00500000
v 0.00269300 0.00421300 0.00450000
v 0.00242300 0.00379200 0.00500000
v 0.00241400 0.00437800 0.00450000
v 0.00217300 0.00394100 0.00500000
v 0.00212600 0.00452600 0.00450000
v 0.00191300 0.00407300 0.00500000
v 0.00182900 0.00465400 0.00450000
v 0.00164600 0.00418800 0.00500000
v 0.00152400 0.00476200 0.00450000
v 0.00137100 0.00428600 0.00500000
v 0.00121200 0.00485100 0.00450000
v 0.00109100 0.00436600 0.00500000
v 0.00089600 0.00491900 0.00450000
v 0.00080600 0.00442700 0.00500000
v 0.00057600 0.00496700 0.00450000
v 0.00051800 0.00447000 0.00500000
v 0.00025300 0.00499400 0.00450000
v 0.00022800 0.00449400 0.00500000
v -0.00007100 0.00499900 0.00450000
v -0.00006400 0.00450000 0.00500000
v -0.00039400 0.00498400 0.00450000
v -0.00035500 0.00448600 0.00500000
v -0.00071600 0.00494800 0.00450000
v -0.00064400 0.00445400 0.00500000
v -0.00103500 0.00489200 0.00450000
v -0.00093100 0.00440300 0.00500000
v -0.00134900 0.00481500 0.00450000
v -0.00121400 0.00433300 0.00500000
v -0.00165800 0.00471700 0.00450000
v -0.00149200 0.00424500 0.00500000
v -0.00196000 0.00460000 0.00450000
v -0.00176400 0.00414000 0.00500000
v -0.00225300 0.00446400 0.00450000
v -0.00202800 0.00401700 0.00500000
v -0.00253700 0.00430800 0.00450000
v -0.00228400 0.00387800 0.00500000
v -0.00281100 0.00413500 0.00450000
v -0.00253000 0.00372200 0.00500000
v -0.00307200 0.00394500 0.00450000
v -0.00276500 0.00355000 0.00500000
v -0.00332100 0.00373700 0.00450000
v -0.00298900 0.00336400 0.00500000
v -0.00355600 0.00351500 0.00450000
v -0.00320100 0.00316300 0.00500000
v -0.00377600 0.00327700 0.00450000
v -0.00339900 0.00294900 0.00500000
v -0.00398000 0.00302600 0.00450000
v -0.00358200 0.00272300 0.00500000
v -0.00416800 0.00276200 0.00450000
v -0.00375100 0.00248600 0.00500000
v -0.00433800 0.00248700 0.00450000
v -0.00390400 0.00223800 0.00500000
v -0.00449000 0.00220100 0.00450000
v -0.00404100 0.00198100 0.00500000
v -0.00462300 0.00190500 0.00450000
v -0.00416000 0.00171500 0.00500000
v -0.00473600 0.00160200 0.00450000
v -0.00426300 0.00144200 0.00500000
v -0.00483000 0.00129200 0.00450000
v -0.00434700 0.00116300 0.00500000
v -0.00490400 0.00097700 0.00450000
v -0.00441300 0.00087900 0.00500000
v -0.00495700 0.00065800 0.00450000
v -0.00446100 0.00059200 0.00500000
v -0.00498900 0.00033600 0.00450000
v -0.00449000 0.00030200 0.00500000
v -0.00500000 0.00001200 0.00450000
v -0.00450000 0.00001100 0.00500000
v -0.00499000 -0.00031200 0.00450000
v -0.00449100 -0.00028000 0.00500000
v -0.00496000 -0.00063400 0.00450000
v -0.00446400 -0.00057000 0.00500000
v -0.00490800 -0.00095300 0.00450000
v -0.00441700 -0.00085800 0.00500000
v -0.00483600 -0.00126900 0.00450000
v -0.00435300 -0.00114200 0.00500000
v -0.00474400 -0.00157900 0.00450000
v -0.00427000 -0.00142100 0.00500000
v 0.00296600 -0.00550000 0.00500000
v 0.00283000 -0.00600500 0.00450000
v 0.00279600 -0.00550600 0.00500000
v 0.00279600 -0.00550600 0.00500000
v 0.00269400 -0.00601900 0.00450000
v 0.00269400 -0.00601900 0.00450000
v 0.00262600 -0.00552300 0.00500000
v 0.00262600 -0.00552300 0.00500000
v 0.00256000 -0.00604200 0.00450000
v 0.00245900 -0.00555200 0.00500000
v 0.00242800 -0.00607400 0.00450000
v 0.00229300 -0.00559200 0.00500000
v 0.00229800 -0.00611500 0.00450000
v 0.00213100 -0.00564300 0.00500000
v 0.00217100 -0.00616400 0.00450000
v 0.00197300 -0.00570600 0.00500000
v 0.00204800 -0.00622300 0.00450000
v 0.00181900 -0.00577800 0.00500000
v 0.00192900 -0.00628900 0.00450000
v 0.00167000 -0.00586200 0.00500000
v 0.00181600 -0.00636400 0.00450000
v 0.00152800 -0.00595500 0.00500000
v 0.00170700 -0.00644600 0.00450000
v 0.00139200 -0.00605700 0.00500000
v 0.00160400 -0.00653500 0.00450000
v 0.00126400 -0.00616900 0.00500000
v 0.00150800 -0.00663100 0.00450000
v 0.00114300 -0.00628900 0.00500000
v 0.00141800 -0.00673300 0.00450000
v 0.00103100 -0.00641700 0.00500000
v 0.00103100 -0.00641700 0.00500000
v 0.00133500 -0.00684100 0.00450000
v 0.00092800 -0.00655200 0.00500000
v 0.00126000 -0.00695500 0.00450000
v 0.00083400 -0.00669400 0.00500000
v 0.00119300 -0.00707300 0.00450000
v 0.00075000 -0.00684200 0.00500000
v 0.00113400 -0.00719600 0.00450000
v 0.00067600 -0.00699500 0.00500000
v 0.00108400 -0.00732300 0.00450000
v 0.00061300 -0.00715300 0.00500000
v -0.00476000 -0.00288900 0.00450000
v -0.00428900 -0.00305800 0.00500000
v -0.00471900 -0.00276200 0.00450000
v -0.00423800 -0.00289900 0.00500000
v -0.00468600 -0.00263200 0.00450000
v -0.00419800 -0.00273800 0.00500000
v -0.00466300 -0.00250100 0.00450000
v -0.00416800 -0.00257400 0.00500000
v -0.00464800 -0.00236900 0.00450000
v -0.00414900 -0.00240800 0.00500000
v -0.00464200 -0.00223500 0.00450000
v -0.00414200 -0.00224100 0.00500000
v -0.00464500 -0.00210200 0.00450000
v -0.00414500 -0.00207500 0.00500000
v -0.00465600 -0.00196900 0.00450000
v -0.00416000 -0.00190900 0.00500000
v -0.00467700 -0.00183700 0.00450000
v -0.00418600 -0.00174400 0.00500000
v -0.00470600 -0.00170700 0.00450000
v -0.00422200 -0.00158100 0.00500000
v -0.00021100 -0.00944200 0.00500000
v 0.00026000 -0.00961100 0.00450000
v -0.00632600 -0.00724000 0.00450000
v -0.00585600 -0.00741000 0.00500000
v 0.00021900 -0.00973800 0.00450000
v -0.00026200 -0.00960100 0.00500000
v 0.00018600 -0.00986800 0.00450000
v -0.00030200 -0.00976200 0.00500000
v 0.00016300 -0.00999900 0.00450000
v -0.00033200 -0.00992600 0.00500000
v 0.00014800 -0.01013100 0.00450000
v -0.00035100 -0.01009200 0.00500000
v 0.00014200 -0.01026500 0.00450000
v -0.00035800 -0.01025900 0.00500000
v 0.00014500 -0.01039800 0.00450000
v -0.00035500 -0.01042500 0.00500000
v 0.00015600 -0.01053100 0.00450000
v -0.00034000 -0.01059100 0.00500000
v 0.00017700 -0.01066300 0.00450000
v -0.00031400 -0.01075600 0.00500000
v 0.00020600 -0.01079300 0.00450000
v -0.00027800 -0.01091900 0.00500000
v 0.00024400 -0.01092100 0.00450000
v -0.00023000 -0.01107900 0.00500000
v -0.00714900 -0.00825900 0.00450000
v -0.00688400 -0.00868300 0.00500000
v -0.00703800 -0.00818500 0.00450000
v -0.00674500 -0.00859000 0.00500000
v -0.00693300 -0.00810300 0.00450000
v -0.00661400 -0.00848800 0.00500000
v -0.00683300 -0.00801500 0.00450000
v -0.00648900 -0.00837800 0.00500000
v -0.00673900 -0.00792000 0.00450000
v -0.00637200 -0.00825900 0.00500000
v -0.00665200 -0.00781900 0.00450000
v -0.00626300 -0.00813300 0.00500000
v -0.00657200 -0.00771200 0.00450000
v -0.00616200 -0.00800000 0.00500000
v -0.00649900 -0.00760100 0.00450000
v -0.00607100 -0.00786000 0.00500000
v -0.00643300 -0.00748500 0.00450000
v -0.00598900 -0.00771500 0.00500000
v -0.00637600 -0.00736400 0.00450000
v -0.00591800 -0.00756500 0.00500000
v -0.00741800 -0.00844000 0.00450000
v -0.00712600 -0.00884600 0.00500000
v -0.00767500 -0.00863700 0.00450000
v -0.00735800 -0.00902400 0.00500000
v -0.00791900 -0.00885100 0.00450000
v -0.00757700 -0.00921600 0.00500000
v -0.00814800 -0.00908100 0.00450000
v -0.00778300 -0.00942300 0.00500000
v -0.00836200 -0.00932400 0.00450000
v -0.00797600 -0.00964200 0.00500000
v -0.00856000 -0.00958100 0.00450000
v -0.00815400 -0.00987300 0.00500000
v -0.00874000 -0.00985100 0.00450000
v -0.00831600 -0.01011600 0.00500000
v -0.00890300 -0.01013100 0.00450000
v -0.00846300 -0.01036800 0.00500000
v -0.00904700 -0.01042100 0.00450000
v -0.00859300 -0.01062900 0.00500000
v -0.00917300 -0.01072000 0.00450000
v -0.00870500 -0.01089800 0.00500000
v -0.00927800 -0.01102700 0.00450000
v -0.00880000 -0.01117400 0.00500000
v -0.00936400 -0.01134000 0.00450000
v -0.00887700 -0.01145600 0.00500000
v -0.00942900 -0.01165800 0.00450000
v -0.00893600 -0.01174200 0.00500000
v -0.00947300 -0.01197900 0.00450000
v -0.00897500 -0.01203100 0.00500000
v -0.00949600 -0.01230200 0.00450000
v -0.00899600 -0.01232200 0.00500000
v -0.00949800 -0.01262600 0.00450000
v -0.00899900 -0.01261400 0.00500000
v -0.00948000 -0.01295000 0.00450000
v -0.00898200 -0.01290500 0.00500000
v -0.00944000 -0.01327200 0.00450000
v -0.00894600 -0.01319500 0.00500000
v -0.00938000 -0.01359100 0.00450000
v -0.00889200 -0.01348100 0.00500000
v -0.00929900 -0.01390500 0.00450000
v -0.00881900 -0.01376400 0.00500000
v -0.00919800 -0.01421300 0.00450000
v -0.00872800 -0.01404100 0.00500000
v -0.00907700 -0.01451300 0.00450000
v -0.00861900 -0.01431200 0.00500000
v -0.00893700 -0.01480600 0.00450000
v -0.00849300 -0.01457500 0.00500000
v -0.00877800 -0.01508900 0.00450000
v -0.00835000 -0.01483000 0.00500000
v -0.00860100 -0.01536000 0.00450000
v -0.00819100 -0.01507400 0.00500000
v -0.00840700 -0.01562000 0.00450000
v -0.00801600 -0.01530800 0.00500000
v -0.00819600 -0.01586700 0.00450000
v -0.00782700 -0.01553000 0.00500000
v -0.00797000 -0.01609900 0.00450000
v -0.00762300 -0.01573900 0.00500000
v -0.00773000 -0.01631700 0.00450000
v -0.00740700 -0.01593500 0.00500000
v -0.00747600 -0.01651800 0.00450000
v -0.00717800 -0.01611600 0.00500000
v -0.00720900 -0.01670300 0.00450000
v -0.00693800 -0.01628200 0.00500000
v -0.00693100 -0.01686900 0.00450000
v -0.00668800 -0.01643200 0.00500000
v -0.00664300 -0.01701800 0.00450000
v -0.00642800 -0.01656600 0.00500000
v -0.00634500 -0.01714700 0.00450000
v -0.00616100 -0.01668200 0.00500000
v -0.00604000 -0.01725700 0.00450000
v -0.00588600 -0.01678100 0.00500000
v -0.00572900 -0.01734700 0.00450000
v -0.00560600 -0.01686200 0.00500000
v -0.00541200 -0.01741600 0.00450000
v -0.00532100 -0.01692500 0.00500000
v -0.00509100 -0.01746500 0.00450000
v -0.00503200 -0.01696800 0.00500000
v -0.00476800 -0.01749300 0.00450000
v -0.00474100 -0.01699400 0.00500000
v -0.00444400 -0.01750000 0.00450000
v -0.00445000 -0.01700000 0.00500000
v -0.00412000 -0.01748600 0.00450000
v -0.00415800 -0.01698700 0.00500000
v -0.00379800 -0.01745000 0.00450000
v -0.00386800 -0.01695500 0.00500000
v -0.00347800 -0.01739500 0.00450000
v -0.00358100 -0.01690500 0.00500000
v -0.00316300 -0.01731800 0.00450000
v -0.00329700 -0.01683600 0.00500000
v -0.00285400 -0.01722100 0.00450000
v -0.00301800 -0.01674900 0.00500000
v -0.00255100 -0.01710500 0.00450000
v -0.00274600 -0.01664400 0.00500000
v -0.00225700 -0.01696900 0.00450000
v -0.00248100 -0.01652200 0.00500000
v -0.00197200 -0.01681400 0.00450000
v -0.00222500 -0.01638200 0.00500000
v -0.00169800 -0.01664100 0.00450000
v -0.00197800 -0.01622700 0.00500000
v -0.00143500 -0.01645100 0.00450000
v -0.00174200 -0.01605500 0.00500000
v -0.00118600 -0.01624400 0.00450000
v -0.00151700 -0.01586900 0.00500000
v -0.00095000 -0.01602100 0.00450000
v -0.00130500 -0.01566900 0.00500000
v -0.00072900 -0.01578300 0.00450000
v -0.00110600 -0.01545500 0.00500000
v -0.00052400 -0.01553200 0.00450000
v -0.00092200 -0.01522900 0.00500000
v -0.00033600 -0.01526800 0.00450000
v -0.00075200 -0.01499100 0.00500000
v -0.00016500 -0.01499200 0.00450000
v -0.00059900 -0.01474300 0.00500000
v -0.00001300 -0.01470600 0.00450000
v -0.00046200 -0.01448500 0.00500000
v 0.00012100 -0.01441100 0.00450000
v -0.00034100 -0.01422000 0.00500000
v 0.00023500 -0.01410700 0.00450000
v -0.00023900 -0.01394600 0.00500000
v 0.00032900 -0.01379700 0.00450000
v -0.00015400 -0.01366700 0.00500000
v 0.00040300 -0.01348100 0.00450000
v -0.00008700 -0.01338300 0.00500000
v 0.00045600 -0.01316100 0.00450000
v -0.00004000 -0.01309500 0.00500000
v 0.00048900 -0.01283900 0.00450000
v -0.00001000 -0.01280500 0.00500000
v 0.00050000 -0.01251500 0.00450000
v 0.00000000 -0.01251300 0.00500000
v 0.00049000 -0.01219000 0.00450000
v -0.00000900 -0.01222100 0.00500000
v 0.00046000 -0.01186800 0.00450000
v -0.00003600 -0.01193100 0.00500000
v 0.00040800 -0.01154800 0.00450000
v -0.00008200 -0.01164300 0.00500000
v 0.00033600 -0.01123100 0.00450000
v -0.00014700 -0.01135800 0.00500000
v 0.01035900 -0.00600000 0.00017400
v 0.01035100 -0.00600000 0.00005800
v 0.01035100 0.00000000 0.00005800
v 0.01035000 -0.00600000 0.00000000
v 0.01035100 -0.00000000 -0.00005800
v 0.01035100 -0.00600000 -0.00005800
v 0.01035900 -0.00000000 -0.00017400
v 0.01035900 -0.00600000 -0.00017400
v 0.01037600 -0.00000000 -0.00029000
v 0.01037600 -0.00600000 -0.00029000
v 0.01040000 -0.00000000 -0.00040400
v 0.01040000 -0.00600000 -0.00040400
v 0.01043300 -0.00000000 -0.00051500
v 0.01043300 -0.00600000 -0.00051500
v 0.01043300 -0.00600000 -0.00051500
v 0.01047300 -0.00000000 -0.00062500
v 0.01047300 -0.00600000 -0.00062500
v 0.01052100 -0.00000000 -0.00073100
v 0.01052100 -0.00600000 -0.00073100
v 0.01057600 -0.00000000 -0.00083300
v 0.01057600 -0.00600000 -0.00083300
v 0.01063800 -0.00000000 -0.00093200
v 0.01063800 -0.00600000 -0.00093200
v 0.01070700 -0.00000000 -0.00102600
v 0.01070700 -0.00600000 -0.00102600
v 0.01078300 -0.00000000 -0.00111400
v 0.01078300 -0.00600000 -0.00111400
v 0.01086500 -0.00000000 -0.00119700
v 0.01086500 -0.00600000 -0.00119700
v 0.01095200 -0.00000000 -0.00127400
v 0.01095200 -0.00600000 -0.00127400
v 0.01104400 -0.00000000 -0.00134500
v 0.01104400 -0.00600000 -0.00134500
v 0.01114200 -0.00000000 -0.00140900
v 0.01114200 -0.00600000 -0.00140900
v 0.01124300 -0.00000000 -0.00146600
v 0.01124300 -0.00600000 -0.00146600
v 0.01134800 -0.00000000 -0.00151600
v 0.01134800 -0.00600000 -0.00151600
v 0.01145700 -0.00000000 -0.00155800
v 0.01145700 -0.00600000 -0.00155800
v 0.01156800 -0.00000000 -0.00159300
v 0.01156800 -0.00600000 -0.00159300
v 0.01168200 -0.00000000 -0.00161900
v 0.01168200 -0.00600000 -0.00161900
v 0.01179700 -0.00000000 -0.00163700
v 0.01179700 -0.00600000 -0.00163700
v 0.01191300 -0.00000000 -0.00164800
v 0.01191300 -0.00600000 -0.00164800
v 0.01202900 -0.00000000 -0.00165000
v 0.01202900 -0.00600000 -0.00165000
v 0.01214500 -0.00000000 -0.00164400
v 0.01214500 -0.00600000 -0.00164400
v 0.01226100 -0.00000000 -0.00162900
v 0.01226100 -0.00600000 -0.00162900
v 0.01237500 -0.00000000 -0.00160700
v 0.01237500 -0.00600000 -0.00160700
v 0.01248800 -0.00000000 -0.00157600
v 0.01248800 -0.00600000 -0.00157600
v 0.01259800 -0.00000000 -0.00153800
v 0.01259800 -0.00600000 -0.00153800
v 0.01270500 -0.00000000 -0.00149200
v 0.01270500 -0.00600000 -0.00149200
v 0.01280800 -0.00000000 -0.00143900
v 0.01280800 -0.00600000 -0.00143900
v 0.01290800 -0.00000000 -0.00137800
v 0.01290800 -0.00600000 -0.00137800
v 0.01300300 -0.00000000 -0.00131100
v 0.01300300 -0.00600000 -0.00131100
v 0.01309200 -0.00000000 -0.00123700
v 0.01309200 -0.00600000 -0.00123700
v 0.01317700 -0.00000000 -0.00115600
v 0.01317700 -0.00600000 -0.00115600
v 0.01325600 -0.00000000 -0.00107000
v 0.01325600 -0.00600000 -0.00107000
v 0.01332800 -0.00000000 -0.00097900
v 0.01332800 -0.00600000 -0.00097900
v 0.01339400 -0.00000000 -0.00088300
v 0.01339400 -0.00600000 -0.00088300
v 0.01345300 -0.00000000 -0.00078300
v 0.01345300 -0.00600000 -0.00078300
v 0.01350400 -0.00000000 -0.00067800
v 0.01350400 -0.00600000 -0.00067800
v 0.01354800 -0.00000000 -0.00057000
v 0.01354800 -0.00600000 -0.00057000
v 0.01358500 -0.00000000 -0.00046000
v 0.01358500 -0.00600000 -0.00046000
v 0.01361300 -0.00000000 -0.00034700
v 0.01361300 -0.00600000 -0.00034700
v 0.01363400 -0.00000000 -0.00023200
v 0.01363400 -0.00600000 -0.00023200
v 0.01364600 -0.00000000 -0.00011600
v 0.01363400 -0.00600000 -0.00023200
v 0.01364600 -0.00600000 -0.00011600
v 0.01365000 0.00000000 0.00000000
v 0.01364600 -0.00600000 -0.00011600
v 0.01365000 -0.00600000 0.00000000
v 0.01364600 0.00000000 0.00011600
v 0.01364600 -0.00600000 0.00011600
v 0.01363400 0.00000000 0.00023200
v 0.01363400 -0.00600000 0.00023200
v 0.01361300 0.00000000 0.00034700
v 0.01361300 -0.00600000 0.00034700
v 0.01358500 0.00000000 0.00046000
v 0.01358500 -0.00600000 0.00046000
v 0.01354800 0.00000000 0.00057000
v 0.01354800 -0.00600000 0.00057000
v 0.01350400 0.00000000 0.00067800
v 0.01350400 -0.00600000 0.00067800
v 0.01345300 0.00000000 0.00078300
v 0.01345300 -0.00600000 0.00078300
v 0.01339400 0.00000000 0.00088300
v 0.01339400 -0.00600000 0.00088300
v 0.01332800 0.00000000 0.00097900
v 0.01332800 -0.00600000 0.00097900
v 0.01325600 0.00000000 0.00107000
v 0.01325600 -0.00600000 0.00107000
v 0.01317700 0.00000000 0.00115600
v 0.01317700 -0.00600000 0.00115600
v 0.01309200 0.00000000 0.00123700
v 0.01309200 -0.00600000 0.00123700
v 0.01300300 0.00000000 0.00131100
v 0.01300300 -0.00600000 0.00131100
v 0.01290800 0.00000000 0.00137800
v 0.01290800 -0.00600000 0.00137800
v 0.01280800 0.00000000 0.00143900
v 0.01280800 -0.00600000 0.00143900
v 0.01270500 0.00000000 0.00149200
v 0.01270500 -0.00600000 0.00149200
v 0.01259800 0.00000000 0.00153800
v 0.01259800 -0.00600000 0.00153800
v 0.01248800 0.00000000 0.00157600
v 0.01248800 -0.00600000 0.00157600
v 0.01237500 0.00000000 0.00160700
v 0.01237500 -0.00600000 0.00160700
v 0.01226100 0.00000000 0.00162900
v 0.01226100 -0.00600000 0.00162900
v 0.01214500 0.00000000 0.00164400
v 0.01214500 -0.00600000 0.00164400
v 0.01202900 0.00000000 0.00165000
v 0.01202900 -0.00600000 0.00165000
v 0.01191300 0.00000000 0.00164800
v 0.01191300 -0.00600000 0.00164800
v 0.01179700 0.00000000 0.00163700
v 0.01179700 -0.00600000 0.00163700
v 0.01168200 0.00000000 0.00161900
v 0.01168200 -0.00600000 0.00161900
v 0.01156800 0.00000000 0.00159300
v 0.01156800 -0.00600000 0.00159300
v 0.01145700 0.00000000 0.00155800
v 0.01145700 -0.00600000 0.00155800
v 0.01134800 0.00000000 0.00151600
v 0.01134800 -0.00600000 0.00151600
v 0.01124300 0.00000000 0.00146600
v 0.01124300 -0.00600000 0.00146600
v 0.01114200 0.00000000 0.00140900
v 0.01114200 -0.00600000 0.00140900
v 0.01104400 0.00000000 0.00134500
v 0.01104400 -0.00600000 0.00134500
v 0.01095200 0.00000000 0.00127400
v 0.01095200 -0.00600000 0.00127400
v 0.01086500 0.00000000 0.00119700
v 0.01086500 -0.00600000 0.00119700
v 0.01078300 0.00000000 0.00111400
v 0.01078300 -0.00600000 0.00111400
v 0.01070700 0.00000000 0.00102600
v 0.01070700 -0.00600000 0.00102600
v 0.01063800 0.00000000 0.00093200
v 0.01063800 -0.00600000 0.00093200
v 0.01057600 0.00000000 0.00083300
v 0.01057600 -0.00600000 0.00083300
v 0.01052100 0.00000000 0.00073100
v 0.01052100 -0.00600000 0.00073100
v 0.01047300 0.00000000 0.00062500
v 0.01047300 -0.00600000 0.00062500
v 0.01043300 0.00000000 0.00051500
v 0.01043300 -0.00600000 0.00051500
v 0.01040000 0.00000000 0.00040400
v 0.01040000 -0.00600000 0.00040400
v 0.01037600 0.00000000 0.00029000
v 0.01037600 -0.00600000 0.00029000
v 0.01035900 0.00000000 0.00017400
v 0.01035100 0.00000000 0.00005800
v 0.02035900 -0.00600000 0.00017400
v 0.02035100 -0.00600000 0.00005800
v 0.02035100 0.00000000 0.00005800
v 0.02035000 -0.00600000 0.00000000
v 0.02035100 -0.00000000 -0.00005800
v 0.02035100 -0.00600000 -0.00005800
v 0.02035900 -0.00000000 -0.00017400
v 0.02035900 -0.00600000 -0.00017400
v 0.02037600 -0.00000000 -0.00029000
v 0.02037600 -0.00600000 -0.00029000
v 0.02040000 -0.00000000 -0.00040400
v 0.02040000 -0.00600000 -0.00040400
v 0.02043300 -0.00000000 -0.00051500
v 0.02043300 -0.00600000 -0.00051500
v 0.02047300 -0.00000000 -0.00062500
v 0.02047300 -0.00600000 -0.00062500
v 0.02052100 -0.00000000 -0.00073100
v 0.02052100 -0.00600000 -0.00073100
v 0.02057600 -0.00000000 -0.00083300
v 0.02057600 -0.00600000 -0.00083300
v 0.02063800 -0.00000000 -0.00093200
v 0.02063800 -0.00600000 -0.00093200
v 0.02070700 -0.00000000 -0.00102600
v 0.02070700 -0.00600000 -0.00102600
v 0.02078300 -0.00000000 -0.00111400
v 0.02078300 -0.00600000 -0.00111400
v 0.02086500 -0.00000000 -0.00119700
v 0.02086500 -0.00600000 -0.00119700
v 0.02095200 -0.00000000 -0.00127400
v 0.02095200 -0.00600000 -0.00127400
v 0.02104400 -0.00000000 -0.00134500
v 0.02104400 -0.00600000 -0.00134500
v 0.02114200 -0.00000000 -0.00140900
v 0.02114200 -0.00600000 -0.00140900
v 0.02124300 -0.00000000 -0.00146600
v 0.02124300 -0.00600000 -0.00146600
v 0.02134800 -0.00000000 -0.00151600
v 0.02134800 -0.00600000 -0.00151600
v 0.02145700 -0.00000000 -0.00155800
v 0.02145700 -0.00600000 -0.00155800
v 0.02156800 -0.00000000 -0.00159300
v 0.02156800 -0.00600000 -0.00159300
v 0.02156800 -0.00600000 -0.00159300
v 0.02168200 -0.00000000 -0.00161900
v 0.02168200 -0.00600000 -0.00161900
v 0.02179700 -0.00000000 -0.00163700
v 0.02179700 -0.00600000 -0.00163700
v 0.02191300 -0.00000000 -0.00164800
v 0.02191300 -0.00600000 -0.00164800
v 0.02202900 -0.00000000 -0.00165000
v 0.02202900 -0.00600000 -0.00165000
v 0.02214500 -0.00000000 -0.00164400
v 0.02214500 -0.00600000 -0.00164400
v 0.02226100 -0.00000000 -0.00162900
v 0.02226100 -0.00600000 -0.00162900
v 0.02237500 -0.00000000 -0.00160700
v 0.02237500 -0.00600000 -0.00160700
v 0.02248800 -0.00000000 -0.00157600
v 0.02248800 -0.00600000 -0.00157600
v 0.02259800 -0.00000000 -0.00153800
v 0.02259800 -0.00600000 -0.00153800
v 0.02270500 -0.00000000 -0.00149200
v 0.02270500 -0.00600000 -0.00149200
v 0.02280800 -0.00000000 -0.00143900
v 0.02280800 -0.00600000 -0.00143900
v 0.02290800 -0.00000000 -0.00137800
v 0.02290800 -0.00600000 -0.00137800
v 0.02300300 -0.00000000 -0.00131100
v 0.02300300 -0.00600000 -0.00131100
v 0.02309200 -0.00000000 -0.00123700
v 0.02309200 -0.00600000 -0.00123700
v 0.02317700 -0.00000000 -0.00115600
v 0.02317700 -0.00600000 -0.00115600
v 0.02325600 -0.00000000 -0.00107000
v 0.02325600 -0.00600000 -0.00107000
v 0.02332800 -0.00000000 -0.00097900
v 0.02332800 -0.00600000 -0.00097900
v 0.02339400 -0.00000000 -0.00088300
v 0.02339400 -0.00000000 -0.00088300
v 0.02339400 -0.00600000 -0.00088300
v 0.02339400 -0.00600000 -0.00088300
v 0.02345300 -0.00000000 -0.00078300
v 0.02345300 -0.00600000 -0.00078300
v 0.02350400 -0.00000000 -0.00067800
v 0.02350400 -0.00600000 -0.00067800
v 0.02354800 -0.00000000 -0.00057000
v 0.02354800 -0.00600000 -0.00057000
v 0.02358500 -0.00000000 -0.00046000
v 0.02358500 -0.00600000 -0.00046000
v 0.02361300 -0.00000000 -0.00034700
v 0.02361300 -0.00600000 -0.00034700
v 0.02363400 -0.00000000 -0.00023200
v 0.02363400 -0.00600000 -0.00023200
v 0.02364600 -0.00000000 -0.00011600
v 0.02364600 -0.00600000 -0.00011600
v 0.02365000 0.00000000 0.00000000
v 0.02365000 -0.00600000 0.00000000
v 0.02364600 0.00000000 0.00011600
v 0.02364600 -0.00600000 0.00011600
v 0.02363400 0.00000000 0.00023200
v 0.02363400 -0.00600000 0.00023200
v 0.02361300 0.00000000 0.00034700
v 0.02361300 -0.00600000 0.00034700
v 0.02358500 0.00000000 0.00046000
v 0.02358500 -0.00600000 0.00046000
v 0.02354800 0.00000000 0.00057000
v 0.02354800 -0.00600000 0.00057000
v 0.02354800 -0.00600000 0.00057000
v 0.02350400 0.00000000 0.00067800
v 0.02350400 -0.00600000 0.00067800
v 0.02345300 0.00000000 0.00078300
v 0.02345300 -0.00600000 0.00078300
v 0.02339400 0.00000000 0.00088300
v 0.02339400 -0.00600000 0.00088300
v 0.02332800 0.00000000 0.00097900
v 0.02332800 -0.00600000 0.00097900
v 0.02325600 0.00000000 0.00107000
v 0.02325600 -0.00600000 0.00107000
v 0.02317700 0.00000000 0.00115600
v 0.02317700 -0.00600000 0.00115600
v 0.02309200 0.00000000 0.00123700
v 0.02309200 -0.00600000 0.00123700
v 0.02300300 0.00000000 0.00131100
v 0.02300300 -0.00600000 0.00131100
v 0.02290800 0.00000000 0.00137800
v 0.02290800 -0.00600000 0.00137800
v 0.02280800 0.00000000 0.00143900
v 0.02280800 -0.00600000 0.00143900
v 0.02270500 0.00000000 0.00149200
v 0.02270500 -0.00600000 0.00149200
v 0.02259800 0.00000000 0.00153800
v 0.02259800 -0.00600000 0.00153800
v 0.02248800 0.00000000 0.00157600
v 0.02248800 -0.00600000 0.00157600
v 0.02237500 0.00000000 0.00160700
v 0.02237500 -0.00600000 0.00160700
v 0.02226100 0.00000000 0.00162900
v 0.02226100 -0.00600000 0.00162900
v 0.02214500 0.00000000 0.00164400
v 0.02214500 -0.00600000 0.00164400
v 0.02202900 0.00000000 0.00165000
v 0.02202900 -0.00600000 0.00165000
v 0.02191300 0.00000000 0.00164800
v 0.02191300 -0.00600000 0.00164800
v 0.02179700 0.00000000 0.00163700
v 0.02179700 -0.00600000 0.00163700
v 0.02168200 0.00000000 0.00161900
v 0.02168200 -0.00600000 0.00161900
v 0.02156800 0.00000000 0.00159300
v 0.02156800 -0.00600000 0.00159300
v 0.02145700 0.00000000 0.00155800
v 0.02145700 -0.00600000 0.00155800
v 0.02134800 0.00000000 0.00151600
v 0.02134800 -0.00600000 0.00151600
v 0.02124300 0.00000000 0.00146600
v 0.02124300 -0.00600000 0.00146600
v 0.02114200 0.00000000 0.00140900
v 0.02114200 -0.00600000 0.00140900
v 0.02104400 0.00000000 0.00134500
v 0.02104400 -0.00600000 0.00134500
v 0.02095200 0.00000000 0.00127400
v 0.02095200 -0.00600000 0.00127400
v 0.02086500 0.00000000 0.00119700
v 0.02086500 -0.00600000 0.00119700
v 0.02078300 0.00000000 0.00111400
v 0.02078300 -0.00600000 0.00111400
v 0.02070700 0.00000000 0.00102600
v 0.02070700 -0.00600000 0.00102600
v 0.02063800 0.00000000 0.00093200
v 0.02063800 -0.00600000 0.00093200
v 0.02057600 0.00000000 0.00083300
v 0.02057600 -0.00600000 0.00083300
v 0.02052100 0.00000000 0.00073100
v 0.02052100 -0.00600000 0.00073100
v 0.02047300 0.00000000 0.00062500
v 0.02047300 -0.00600000 0.00062500
v 0.02043300 0.00000000 0.00051500
v 0.02043300 -0.00600000 0.00051500
v 0.02040000 0.00000000 0.00040400
v 0.02040000 -0.00600000 0.00040400
v 0.02037600 0.00000000 0.00029000
v 0.02037600 -0.00600000 0.00029000
v 0.02035900 0.00000000 0.00017400
v 0.02900200 -0.00591300 -0.00449800
v 0.02893500 -0.00593500 -0.00456500
v 0.02850000 -0.00550000 -0.00500000
v 0.02950000 -0.00000000 -0.00400000
v 0.03000000 -0.00050000 -0.00350000
v 0.02900000 -0.00000000 -0.00450000
v 0.03000000 -0.00450000 -0.00350000
v 0.02850000 -0.00050000 -0.00500000
v 0.02983200 -0.00519000 -0.00366800
v 0.02980700 -0.00523500 -0.00369300
v 0.02927900 -0.00578200 -0.00422100
v 0.02919000 -0.00583200 -0.00431000
v 0.02909800 -0.00587600 -0.00440200
v 0.02978200 -0.00527900 -0.00371800
v 0.02975400 -0.00532300 -0.00374600
v 0.02972500 -0.00536500 -0.00377500
v 0.02989500 -0.00505000 -0.00360500
v 0.02987600 -0.00509800 -0.00362400
v 0.02985500 -0.00514400 -0.00364500
v 0.02952400 -0.00559600 -0.00397600
v 0.02944700 -0.00566400 -0.00405300
v 0.02936500 -0.00572500 -0.00413500
v 0.02994400 -0.00490500 -0.00355600
v 0.02993000 -0.00495400 -0.00357000
v 0.02991300 -0.00500200 -0.00358700
v 0.02966400 -0.00544700 -0.00383600
v 0.02959600 -0.00552400 -0.00390400
v 0.02997800 -0.00475500 -0.00352200
v 0.02996900 -0.00480500 -0.00353100
v 0.02995700 -0.00485500 -0.00354300
v 0.02999700 -0.00460200 -0.00350300
v 0.02999200 -0.00465300 -0.00350800
v 0.02998600 -0.00470400 -0.00351400
v 0.02999900 -0.00455100 -0.00350100
v 0.02900000 0.00000000 0.00450000
v 0.02850000 -0.00050000 0.00500000
v 0.02950000 0.00000000 0.00400000
v 0.02850000 -0.00550000 0.00500000
v 0.03000000 -0.00050000 0.00350000
v 0.02893500 -0.00593500 0.00456500
v 0.02900200 -0.00591300 0.00449800
v 0.02909800 -0.00587600 0.00440200
v 0.02975400 -0.00532300 0.00374600
v 0.02978200 -0.00527900 0.00371800
v 0.02980700 -0.00523500 0.00369300
v 0.02983200 -0.00519000 0.00366800
v 0.02919000 -0.00583200 0.00431000
v 0.02927900 -0.00578200 0.00422100
v 0.02936500 -0.00572500 0.00413500
v 0.02985500 -0.00514400 0.00364500
v 0.02987600 -0.00509800 0.00362400
v 0.02989500 -0.00505000 0.00360500
v 0.02944700 -0.00566400 0.00405300
v 0.02952400 -0.00559600 0.00397600
v 0.02959600 -0.00552400 0.00390400
v 0.02991300 -0.00500200 0.00358700
v 0.02993000 -0.00495400 0.00357000
v 0.02994400 -0.00490500 0.00355600
v 0.02966400 -0.00544700 0.00383600
v 0.02972500 -0.00536500 0.00377500
v 0.02995700 -0.00485500 0.00354300
v 0.02996900 -0.00480500 0.00353100
v 0.02997800 -0.00475500 0.00352200
v 0.02998600 -0.00470400 0.00351400
v 0.02999200 -0.00465300 0.00350800
v 0.02999700 -0.00460200 0.00350300
v 0.02999900 -0.00455100 0.00350100
v 0.03000000 -0.00450000 0.00350000
v 0.02993000 -0.00495400 0.00357000
v 0.02991300 -0.00500200 0.00358700
v 0.02993000 -0.00495400 -0.00357000
v 0.02890500 -0.00594400 -0.00455600
v 0.02893500 -0.00593500 -0.00456500
v 0.02900200 -0.00591300 -0.00449800
v 0.02900200 -0.00591300 0.00449800
v 0.02909800 -0.00587600 -0.00440200
v 0.02909800 -0.00587600 0.00440200
v 0.02919000 -0.00583200 -0.00431000
v 0.02919000 -0.00583200 0.00431000
v 0.02927900 -0.00578200 -0.00422100
v 0.02927900 -0.00578200 0.00422100
v 0.02936500 -0.00572500 -0.00413500
v 0.02936500 -0.00572500 0.00413500
v 0.02944700 -0.00566400 -0.00405300
v 0.02944700 -0.00566400 0.00405300
v 0.02952400 -0.00559600 -0.00397600
v 0.02952400 -0.00559600 0.00397600
v 0.02959600 -0.00552400 -0.00390400
v 0.02959600 -0.00552400 0.00390400
v 0.02966400 -0.00544700 -0.00383600
v 0.02966400 -0.00544700 0.00383600
v 0.02972500 -0.00536500 -0.00377500
v 0.02972500 -0.00536500 0.00377500
v 0.02975400 -0.00532300 -0.00374600
v 0.02975400 -0.00532300 0.00374600
v 0.02978200 -0.00527900 0.00371800
v 0.02978200 -0.00527900 -0.00371800
v 0.02980700 -0.00523500 0.00369300
v 0.02980700 -0.00523500 -0.00369300
v 0.02983200 -0.00519000 0.00366800
v 0.02983200 -0.00519000 -0.00366800
v 0.02985500 -0.00514400 0.00364500
v 0.02985500 -0.00514400 -0.00364500
v 0.02987600 -0.00509800 0.00362400
v 0.02987600 -0.00509800 -0.00362400
v 0.02989500 -0.00505000 0.00360500
v 0.02989500 -0.00505000 -0.00360500
v 0.02991300 -0.00500200 -0.00358700
v 0.02994400 -0.00490500 0.00355600
v 0.02994400 -0.00490500 -0.00355600
v 0.02995700 -0.00485500 0.00354300
v 0.02995700 -0.00485500 -0.00354300
v 0.02996900 -0.00480500 0.00353100
v 0.02996900 -0.00480500 -0.00353100
v 0.02997800 -0.00475500 0.00352200
v 0.02997800 -0.00475500 -0.00352200
v 0.02998600 -0.00470400 0.00351400
v 0.02998600 -0.00470400 -0.00351400
v 0.02999200 -0.00465300 -0.00350800
v 0.02999200 -0.00465300 0.00350800
v 0.02999700 -0.00460200 0.00350300
v 0.02999900 -0.00455100 -0.00350100
v 0.02999700 -0.00460200 -0.00350300
v 0.02999900 -0.00455100 0.00350100
v 0.02880500 -0.00596900 -0.00453100
v 0.02885500 -0.00595700 -0.00454300
v 0.02885500 -0.00595700 0.00454300
v 0.02890500 -0.00594400 0.00455600
v 0.02893500 -0.00593500 0.00456500
v 0.02880500 -0.00596900 0.00453100
v 0.02875500 -0.00597800 0.00452200
v 0.02875500 -0.00597800 -0.00452200
v 0.02870400 -0.00598600 -0.00451400
v 0.02870400 -0.00598600 0.00451400
v 0.02865300 -0.00599200 0.00450800
v 0.02865300 -0.00599200 -0.00450800
v 0.02860200 -0.00599700 -0.00450300
v 0.02855100 -0.00599900 0.00450100
v 0.02860200 -0.00599700 0.00450300
v 0.02855100 -0.00599900 -0.00450100
vn 0.99560000 0.09400000 -0.00000000
vn 0.99900000 0.04410000 -0.00000000
vn 0.99920000 0.03970000 -0.00010000
vn 1.00000000 -0.00000000 -0.00000000
vn 0.99960000 -0.02940000 -0.00010000
vn 0.99860000 -0.05290000 -0.00000000
vn 0.99560000 -0.09400000 -0.00000000
vn 0.99310000 -0.11740000 -0.00000000
vn 0.98650000 -0.16400000 -0.00000000
vn 0.98230000 -0.18710000 -0.00000000
vn 0.97240000 -0.23320000 -0.00000000
vn 0.96670000 -0.25600000 -0.00000000
vn 0.95360000 -0.30120000 -0.00000000
vn 0.94620000 -0.32350000 -0.00000000
vn 0.92990000 -0.36770000 -0.00000000
vn 0.92100000 -0.38950000 -0.00000000
vn 0.90170000 -0.43240000 -0.00000000
vn 0.89130000 -0.45350000 -0.00000000
vn 0.86890000 -0.49490000 -0.00000000
vn 0.85710000 -0.51520000 -0.00000000
vn 0.83190000 -0.55500000 -0.00000000
vn 0.81860000 -0.57440000 -0.00000000
vn 0.79070000 -0.61220000 -0.00000000
vn 0.77600000 -0.63070000 -0.00000000
vn 0.74550000 -0.66650000 -0.00000000
vn 0.72960000 -0.68390000 -0.00000000
vn 0.69660000 -0.71750000 -0.00000000
vn 0.67960000 -0.73360000 -0.00000000
vn 0.64430000 -0.76480000 -0.00000000
vn 0.62610000 -0.77970000 -0.00000000
vn 0.58870000 -0.80830000 -0.00000000
vn 0.56960000 -0.82190000 -0.00000000
vn 0.53020000 -0.84780000 -0.00000000
vn 0.51020000 -0.86010000 -0.00000000
vn 0.46910000 -0.88310000 -0.00000000
vn 0.44820000 -0.89390000 -0.00000000
vn 0.40560000 -0.91400000 -0.00000000
vn 0.38410000 -0.92330000 -0.00000000
vn 0.34020000 -0.94040000 -0.00000000
vn 0.31800000 -0.94810000 -0.00000000
vn 0.27300000 -0.96200000 -0.00000000
vn 0.25030000 -0.96820000 -0.00000000
vn 0.20440000 -0.97890000 -0.00000000
vn 0.18140000 -0.98340000 -0.00000000
vn 0.13490000 -0.99090000 -0.00000000
vn 0.11160000 -0.99380000 -0.00000000
vn 0.06470000 -0.99790000 -0.00000000
vn 0.04120000 -0.99920000 -0.00000000
vn -0.00590000 -1.00000000 -0.00000000
vn -0.02940000 -0.99960000 -0.00000000
vn -0.07640000 -0.99710000 -0.00000000
vn -0.09980000 -0.99500000 -0.00000000
vn -0.14660000 -0.98920000 -0.00000000
vn -0.16980000 -0.98550000 -0.00000000
vn -0.21600000 -0.97640000 -0.00000000
vn -0.23890000 -0.97110000 -0.00000000
vn -0.28430000 -0.95870000 -0.00000000
vn -0.30680000 -0.95180000 -0.00000000
vn -0.35120000 -0.93630000 -0.00000000
vn -0.37310000 -0.92780000 -0.00000000
vn -0.41640000 -0.90920000 -0.00000000
vn -0.43770000 -0.89910000 -0.00000000
vn -0.47950000 -0.87750000 -0.00000000
vn -0.50000000 -0.86600000 -0.00000000
vn -0.54020000 -0.84150000 -0.00000000
vn -0.55980000 -0.82860000 -0.00000000
vn -0.59820000 -0.80130000 -0.00000000
vn -0.61690000 -0.78710000 -0.00000000
vn -0.65330000 -0.75710000 -0.00000000
vn -0.67090000 -0.74160000 -0.00000000
vn -0.70500000 -0.70920000 -0.00000000
vn -0.72150000 -0.69240000 -0.00000000
vn -0.75330000 -0.65770000 -0.00000000
vn -0.76850000 -0.63980000 -0.00000000
vn -0.79780000 -0.60290000 -0.00000000
vn -0.81180000 -0.58400000 -0.00000000
vn -0.83840000 -0.54510000 -0.00000000
vn -0.85090000 -0.52530000 -0.00000000
vn -0.87470000 -0.48460000 -0.00000000
vn -0.88590000 -0.46390000 -0.00000000
vn -0.90670000 -0.42170000 -0.00000000
vn -0.91640000 -0.40030000 -0.00000000
vn -0.93420000 -0.35670000 -0.00000000
vn -0.94230000 -0.33470000 -0.00000000
vn -0.95710000 -0.28990000 -0.00000000
vn -0.96360000 -0.26730000 -0.00000000
vn -0.97510000 -0.22170000 -0.00000000
vn -0.98010000 -0.19870000 -0.00000000
vn -0.98830000 -0.15240000 -0.00000000
vn -0.99160000 -0.12910000 -0.00000000
vn -0.99660000 -0.08230000 -0.00000000
vn -0.99830000 -0.05880000 -0.00000000
vn -0.99990000 -0.01180000 -0.00000000
vn -0.99990000 0.01180000 -0.00000000
vn -0.99830000 0.05880000 -0.00000000
vn -0.99660000 0.08230000 -0.00000000
vn -0.99160000 0.12910000 -0.00000000
vn -0.98830000 0.15240000 -0.00000000
vn -0.98010000 0.19870000 -0.00000000
vn -0.97510000 0.22170000 -0.00000000
vn -0.96360000 0.26730000 -0.00000000
vn -0.95710000 0.28990000 -0.00000000
vn -0.94230000 0.33470000 -0.00000000
vn -0.93420000 0.35670000 -0.00000000
vn -0.91640000 0.40030000 -0.00000000
vn -0.90670000 0.42170000 -0.00000000
vn -0.88590000 0.46390000 -0.00000000
vn -0.87470000 0.48460000 -0.00000000
vn -0.85090000 0.52530000 -0.00000000
vn -0.83840000 0.54510000 -0.00000000
vn -0.81180000 0.58400000 -0.00000000
vn -0.79780000 0.60290000 -0.00000000
vn -0.76850000 0.63980000 -0.00000000
vn -0.75330000 0.65770000 -0.00000000
vn -0.72150000 0.69240000 -0.00000000
vn -0.70500000 0.70920000 -0.00000000
vn -0.67090000 0.74160000 -0.00000000
vn -0.65330000 0.75710000 -0.00000000
vn -0.61690000 0.78710000 -0.00000000
vn -0.59820000 0.80130000 -0.00000000
vn -0.55980000 0.82860000 -0.00000000
vn -0.54020000 0.84150000 -0.00000000
vn -0.50000000 0.86600000 -0.00000000
vn -0.47950000 0.87750000 -0.00000000
vn -0.43770000 0.89910000 -0.00000000
vn -0.41640000 0.90920000 -0.00000000
vn -0.37310000 0.92780000 -0.00000000
vn -0.35120000 0.93630000 -0.00000000
vn -0.30680000 0.95180000 -0.00000000
vn -0.28430000 0.95870000 -0.00000000
vn -0.23890000 0.97110000 -0.00000000
vn -0.21600000 0.97640000 -0.00000000
vn -0.16980000 0.98550000 -0.00000000
vn -0.14660000 0.98920000 -0.00000000
vn -0.09980000 0.99500000 -0.00000000
vn -0.07640000 0.99710000 -0.00000000
vn -0.02940000 0.99960000 -0.00000000
vn -0.00590000 1.00000000 -0.00000000
vn 0.04120000 0.99920000 -0.00000000
vn 0.06470000 0.99790000 -0.00000000
vn 0.11160000 0.99380000 -0.00000000
vn 0.13490000 0.99090000 -0.00000000
vn 0.18140000 0.98340000 -0.00000000
vn 0.20440000 0.97890000 -0.00000000
vn 0.25030000 0.96820000 -0.00000000
vn 0.27300000 0.96200000 -0.00000000
vn 0.31800000 0.94810000 -0.00000000
vn 0.34020000 0.94040000 -0.00000000
vn 0.38410000 0.92330000 -0.00000000
vn 0.40560000 0.91400000 -0.00000000
vn 0.44820000 0.89390000 -0.00000000
vn 0.46910000 0.88310000 -0.00000000
vn 0.51020000 0.86010000 -0.00000000
vn 0.53020000 0.84780000 -0.00000000
vn 0.56960000 0.82190000 -0.00000000
vn 0.58870000 0.80830000 -0.00000000
vn 0.62610000 0.77970000 -0.00000000
vn 0.64430000 0.76480000 -0.00000000
vn 0.67960000 0.73360000 -0.00000000
vn 0.69660000 0.71750000 -0.00000000
vn 0.72960000 0.68390000 -0.00000000
vn 0.74550000 0.66650000 -0.00000000
vn 0.77600000 0.63070000 -0.00000000
vn 0.79070000 0.61220000 -0.00000000
vn 0.81860000 0.57440000 -0.00000000
vn 0.83190000 0.55500000 -0.00000000
vn 0.85710000 0.51520000 -0.00000000
vn 0.86890000 0.49490000 -0.00000000
vn 0.89130000 0.45350000 -0.00000000
vn 0.90170000 0.43240000 -0.00000000
vn 0.92100000 0.38950000 -0.00000000
vn 0.92990000 0.36770000 -0.00000000
vn 0.94620000 0.32350000 -0.00000000
vn 0.95360000 0.30120000 -0.00000000
vn 0.96670000 0.25600000 -0.00000000
vn 0.97240000 0.23320000 -0.00000000
vn 0.98230000 0.18710000 -0.00000000
vn 0.98650000 0.16400000 -0.00000000
vn 0.99310000 0.11740000 -0.00000000
vn 0.99560000 0.09400000 -0.00000000
vn 0.99900000 0.04410000 -0.00000000
vn 0.99920000 0.03970000 -0.00010000
vn 1.00000000 -0.00000000 -0.00000000
vn 0.99960000 -0.02940000 -0.00010000
vn 0.99860000 -0.05290000 -0.00000000
vn 0.99560000 -0.09400000 -0.00000000
vn 0.99310000 -0.11740000 -0.00000000
vn 0.98650000 -0.16400000 -0.00000000
vn 0.98230000 -0.18710000 -0.00000000
vn 0.97240000 -0.23320000 -0.00000000
vn 0.96670000 -0.25600000 -0.00000000
vn 0.95360000 -0.30120000 -0.00000000
vn 0.94620000 -0.32350000 -0.00000000
vn 0.92990000 -0.36770000 -0.00000000
vn 0.92100000 -0.38950000 -0.00000000
vn 0.90170000 -0.43240000 -0.00000000
vn 0.89130000 -0.45350000 -0.00000000
vn 0.86890000 -0.49490000 -0.00000000
vn 0.85710000 -0.51520000 -0.00000000
vn 0.83190000 -0.55500000 -0.00000000
vn 0.81860000 -0.57440000 -0.00000000
vn 0.79060000 -0.61230000 -0.00000000
vn 0.77600000 -0.63070000 -0.00000000
vn 0.74550000 -0.66650000 -0.00000000
vn 0.72960000 -0.68380000 -0.00000000
vn 0.69660000 -0.71740000 -0.00000000
vn 0.67960000 -0.73360000 -0.00000000
vn 0.64430000 -0.76480000 -0.00000000
vn 0.62610000 -0.77970000 -0.00000000
vn 0.58870000 -0.80830000 -0.00000000
vn 0.56960000 -0.82190000 -0.00000000
vn 0.53020000 -0.84780000 -0.00000000
vn 0.51020000 -0.86010000 -0.00000000
vn 0.46910000 -0.88310000 -0.00000000
vn 0.44820000 -0.89390000 -0.00000000
vn 0.40560000 -0.91400000 -0.00000000
vn 0.38410000 -0.92330000 -0.00000000
vn 0.34020000 -0.94040000 -0.00000000
vn 0.31800000 -0.94810000 -0.00000000
vn 0.27300000 -0.96200000 -0.00000000
vn 0.25030000 -0.96820000 -0.00000000
vn 0.20440000 -0.97890000 -0.00000000
vn 0.18140000 -0.98340000 -0.00000000
vn 0.13490000 -0.99090000 -0.00000000
vn 0.11160000 -0.99380000 -0.00000000
vn 0.06470000 -0.99790000 -0.00000000
vn 0.04120000 -0.99920000 -0.00000000
vn -0.00590000 -1.00000000 -0.00000000
vn -0.02940000 -0.99960000 -0.00000000
vn -0.07640000 -0.99710000 -0.00000000
vn -0.09980000 -0.99500000 -0.00000000
vn -0.14660000 -0.98920000 -0.00000000
vn -0.16980000 -0.98550000 -0.00000000
vn -0.21600000 -0.97640000 -0.00000000
vn -0.23890000 -0.97110000 -0.00000000
vn -0.28430000 -0.95870000 -0.00000000
vn -0.30680000 -0.95180000 -0.00000000
vn -0.35120000 -0.93630000 -0.00000000
vn -0.37310000 -0.92780000 -0.00000000
vn -0.41640000 -0.90920000 -0.00000000
vn -0.43770000 -0.89910000 -0.00000000
vn -0.47950000 -0.87750000 -0.00000000
vn -0.50000000 -0.86600000 -0.00000000
vn -0.54020000 -0.84150000 -0.00000000
vn -0.55980000 -0.82860000 -0.00000000
vn -0.59820000 -0.80130000 -0.00000000
vn -0.61690000 -0.78710000 -0.00000000
vn -0.65330000 -0.75710000 -0.00000000
vn -0.67090000 -0.74160000 -0.00000000
vn -0.70500000 -0.70920000 -0.00000000
vn -0.72150000 -0.69240000 -0.00000000
vn -0.75330000 -0.65770000 -0.00000000
vn -0.76850000 -0.63980000 -0.00000000
vn -0.79780000 -0.60290000 -0.00000000
vn -0.81180000 -0.58400000 -0.00000000
vn -0.83840000 -0.54510000 -0.00000000
vn -0.85090000 -0.52530000 -0.00000000
vn -0.87470000 -0.48460000 -0.00000000
vn -0.88590000 -0.46390000 -0.00000000
vn -0.90670000 -0.42170000 -0.00000000
vn -0.91640000 -0.40030000 -0.00000000
vn -0.93420000 -0.35670000 -0.00000000
vn -0.94230000 -0.33470000 -0.00000000
vn -0.95710000 -0.28990000 -0.00000000
vn -0.96360000 -0.26730000 -0.00000000
vn -0.97510000 -0.22170000 -0.00000000
vn -0.98010000 -0.19870000 -0.00000000
vn -0.98830000 -0.15240000 -0.00000000
vn -0.99160000 -0.12910000 -0.00000000
vn -0.99660000 -0.08230000 -0.00000000
vn -0.99830000 -0.05880000 -0.00000000
vn -0.99990000 -0.01180000 -0.00000000
vn -0.99990000 0.01180000 -0.00000000
vn -0.99830000 0.05880000 -0.00000000
vn -0.99660000 0.08230000 -0.00000000
vn -0.99160000 0.12910000 -0.00000000
vn -0.98830000 0.15240000 -0.00000000
vn -0.98010000 0.19870000 -0.00000000
vn -0.97510000 0.22170000 -0.00000000
vn -0.96360000 0.26730000 -0.00000000
vn -0.95710000 0.28990000 -0.00000000
vn -0.94230000 0.33470000 -0.00000000
vn -0.93420000 0.35670000 -0.00000000
vn -0.91640000 0.40030000 -0.00000000
vn -0.90670000 0.42170000 -0.00000000
vn -0.88590000 0.46390000 -0.00000000
vn -0.87470000 0.48460000 -0.00000000
vn -0.85090000 0.52530000 -0.00000000
vn -0.83840000 0.54510000 -0.00000000
vn -0.81180000 0.58400000 -0.00000000
vn -0.79780000 0.60290000 -0.00000000
vn -0.76850000 0.63980000 -0.00000000
vn -0.75330000 0.65770000 -0.00000000
vn -0.72150000 0.69240000 -0.00000000
vn -0.70500000 0.70920000 -0.00000000
vn -0.67090000 0.74160000 -0.00000000
vn -0.65330000 0.75710000 -0.00000000
vn -0.61690000 0.78710000 -0.00000000
vn -0.59820000 0.80130000 -0.00000000
vn -0.55980000 0.82860000 -0.00000000
vn -0.54020000 0.84150000 -0.00000000
vn -0.50000000 0.86600000 -0.00000000
vn -0.47950000 0.87750000 -0.00000000
vn -0.43770000 0.89910000 -0.00000000
vn -0.41640000 0.90920000 -0.00000000
vn -0.37310000 0.92780000 -0.00000000
vn -0.35120000 0.93630000 -0.00000000
vn -0.30680000 0.95180000 -0.00000000
vn -0.28430000 0.95870000 -0.00000000
vn -0.23890000 0.97110000 -0.00000000
vn -0.21600000 0.97640000 -0.00000000
vn -0.16980000 0.98550000 -0.00000000
vn -0.14660000 0.98920000 -0.00000000
vn -0.09980000 0.99500000 -0.00000000
vn -0.07640000 0.99710000 -0.00000000
vn -0.02940000 0.99960000 -0.00000000
vn -0.00590000 1.00000000 -0.00000000
vn 0.04120000 0.99920000 -0.00000000
vn 0.06470000 0.99790000 -0.00000000
vn 0.11160000 0.99380000 -0.00000000
vn 0.13490000 0.99090000 -0.00000000
vn 0.18140000 0.98340000 -0.00000000
vn 0.20440000 0.97890000 -0.00000000
vn 0.25030000 0.96820000 -0.00000000
vn 0.27300000 0.96200000 -0.00000000
vn 0.31800000 0.94810000 -0.00000000
vn 0.34020000 0.94040000 -0.00000000
vn 0.38410000 0.92330000 -0.00000000
vn 0.40560000 0.91400000 -0.00000000
vn 0.44820000 0.89390000 -0.00000000
vn 0.46910000 0.88310000 -0.00000000
vn 0.51020000 0.86010000 -0.00000000
vn 0.53020000 0.84780000 -0.00000000
vn 0.56960000 0.82190000 -0.00000000
vn 0.58870000 0.80830000 -0.00000000
vn 0.62610000 0.77970000 -0.00000000
vn 0.64430000 0.76480000 -0.00000000
vn 0.67960000 0.73360000 -0.00000000
vn 0.69660000 0.71740000 -0.00000000
vn 0.72960000 0.68390000 -0.00000000
vn 0.74550000 0.66650000 -0.00000000
vn 0.77600000 0.63070000 -0.00000000
vn 0.79060000 0.61230000 -0.00000000
vn 0.81860000 0.57440000 -0.00000000
vn 0.83190000 0.55500000 -0.00000000
vn 0.85710000 0.51520000 -0.00000000
vn 0.86890000 0.49490000 -0.00000000
vn 0.89130000 0.45350000 -0.00000000
vn 0.90170000 0.43240000 -0.00000000
vn 0.92100000 0.38950000 -0.00000000
vn 0.92990000 0.36770000 -0.00000000
vn 0.94620000 0.32350000 -0.00000000
vn 0.95360000 0.30120000 -0.00000000
vn 0.96670000 0.25600000 -0.00000000
vn 0.97240000 0.23320000 -0.00000000
vn 0.98230000 0.18710000 -0.00000000
vn 0.98650000 0.16400000 -0.00000000
vn 0.99310000 0.11740000 -0.00000000
vn -0.00000000 -0.00000000 -1.00000000
vn -0.00000000 -0.00000000 -1.00000000
vn -0.00000000 -0.00000000 -1.00000000
vn -0.00000000 -0.00000000 -1.00000000
vn -0.00000000 -0.00000000 -1.00000000
vn 0.00010000 -0.00000000 -1.00000000
vn -0.00000000 -0.00000000 -1.00000000
vn -0.00000000 -0.00000000 -1.00000000
vn -0.00000000 -0.00000000 -1.00000000
vn -0.00000000 -0.00000000 -1.00000000
vn -0.00000000 -0.00000000 -1.00000000
vn -0.00000000 -0.00000000 -1.00000000
vn -0.00000000 -0.00000000 -1.00000000
vn -0.00000000 -0.00000000 -1.00000000
vn -0.00000000 -0.00000000 -1.00000000
vn -0.00000000 -0.00000000 -1.00000000
vn -0.00000000 -0.00000000 -1.00000000
vn -0.00000000 -0.00000000 -1.00000000
vn -0.00000000 -0.00000000 -1.00000000
vn -0.00000000 -0.00000000 -1.00000000
vn -0.00000000 -0.00000000 -1.00000000
vn -0.00000000 -0.00000000 -1.00000000
vn -0.00000000 -0.00000000 -1.00000000
vn -0.00000000 -0.00000000 -1.00000000
vn -0.00000000 -0.00000000 -1.00000000
vn -0.00000000 -0.00000000 -1.00000000
vn -0.00000000 -0.00000000 -1.00000000
vn -0.00000000 -0.00000000 -1.00000000
vn -0.00000000 -0.00000000 -1.00000000
vn -0.00000000 -0.00000000 -1.00000000
vn -0.00000000 -0.00000000 -1.00000000
vn -0.00000000 -0.00000000 -1.00000000
vn -0.00000000 -0.00000000 -1.00000000
vn -0.00000000 -0.00000000 -1.00000000
vn -0.00000000 -0.00000000 -1.00000000
vn -0.00000000 -0.00000000 -1.00000000
vn -0.00000000 -0.00000000 -1.00000000
vn -0.00000000 -0.00000000 -1.00000000
vn -0.00000000 -0.00000000 -1.00000000
vn -0.00000000 -0.00000000 -1.00000000
vn -0.00000000 -0.00000000 -1.00000000
vn -0.00000000 -0.00000000 -1.00000000
vn -0.00000000 -0.00000000 -1.00000000
vn -0.00000000 -0.00000000 -1.00000000
vn -0.00000000 -0.00000000 -1.00000000
vn -0.00000000 -0.00000000 -1.00000000
vn -0.00000000 -0.00000000 -1.00000000
vn -0.00000000 -0.00000000 -1.00000000
vn -0.00000000 -0.00000000 -1.00000000
vn -0.00000000 -0.00000000 -1.00000000
vn -0.00000000 -0.00000000 -1.00000000
vn -0.00000000 -0.00000000 -1.00000000
vn -0.00000000 -0.00000000 -1.00000000
vn -0.00000000 -0.00000000 -1.00000000
vn -0.00000000 -0.00000000 -1.00000000
vn -0.00000000 -0.00000000 -1.00000000
vn -0.00000000 -0.00000000 -1.00000000
vn -0.00000000 -0.00000000 -1.00000000
vn -0.00000000 -0.00000000 -1.00000000
vn -0.00000000 -0.00000000 -1.00000000
vn -0.00000000 -0.00000000 -1.00000000
vn -0.00000000 -0.00000000 -1.00000000
vn -0.00000000 -0.00000000 -1.00000000
vn -0.00000000 -0.00000000 -1.00000000
vn -0.00000000 -0.00000000 -1.00000000
vn -0.00000000 -0.00000000 -1.00000000
vn -0.00000000 -0.00000000 -1.00000000
vn -0.00000000 -0.00000000 -1.00000000
vn -0.00000000 -0.00000000 -1.00000000
vn -0.00000000 -0.00000000 -1.00000000
vn -0.00000000 -0.00000000 -1.00000000
vn -0.00000000 -0.00000000 -1.00000000
vn -0.00000000 -0.00000000 -1.00000000
vn -0.00000000 -0.00000000 -1.00000000
vn -0.00000000 -0.00000000 -1.00000000
vn -0.00000000 -0.00000000 -1.00000000
vn -0.00000000 -0.00000000 -1.00000000
vn -0.00000000 -0.00000000 -1.00000000
vn -0.00000000 -0.00000000 -1.00000000
vn -0.00000000 -0.00000000 -1.00000000
vn -0.00000000 -0.00000000 -1.00000000
vn -0.00000000 -0.00000000 -1.00000000
vn -0.00000000 -0.00000000 -1.00000000
vn -0.00000000 -0.00000000 -1.00000000
vn -0.00000000 -0.00000000 -1.00000000
vn -0.00000000 -0.00000000 -1.00000000
vn -0.00000000 -0.00000000 -1.00000000
vn -0.00000000 -0.00000000 -1.00000000
vn -0.00000000 -0.00000000 -1.00000000
vn -0.00000000 -0.00000000 -1.00000000
vn -0.00000000 -0.00000000 -1.00000000
vn -0.00000000 -0.00000000 -1.00000000
vn -0.00000000 -0.00000000 -1.00000000
vn -0.00000000 -0.00000000 -1.00000000
vn -0.00000000 -0.00000000 -1.00000000
vn -0.00000000 -0.00000000 -1.00000000
vn -0.00000000 -0.00000000 -1.00000000
vn -0.00000000 -0.00000000 -1.00000000
vn -0.00000000 -0.00000000 -1.00000000
vn -0.00000000 -0.00000000 -1.00000000
vn -0.00000000 -0.00000000 -1.00000000
vn -0.00000000 -0.00000000 -1.00000000
vn -0.00000000 -0.00000000 -1.00000000
vn -0.00000000 -0.00000000 -1.00000000
vn -0.00000000 -0.00000000 -1.00000000
vn -0.00000000 -0.00000000 -1.00000000
vn -0.00000000 -0.00000000 -1.00000000
vn -0.00000000 -0.00000000 -1.00000000
vn -0.00000000 -0.00000000 -1.00000000
vn -0.00000000 -0.00000000 -1.00000000
vn -0.00000000 -0.00000000 -1.00000000
vn -0.00000000 -0.00000000 -1.00000000
vn -0.00000000 -0.00000000 -1.00000000
vn -0.00000000 -0.00000000 -1.00000000
vn -0.00000000 -0.00000000 -1.00000000
vn -0.00000000 -0.00000000 -1.00000000
vn -0.00000000 -0.00000000 -1.00000000
vn -0.00000000 -0.00000000 -1.00000000
vn -0.00000000 -0.00000000 -1.00000000
vn -0.00000000 -0.00000000 -1.00000000
vn -0.00000000 -0.00000000 -1.00000000
vn -0.00000000 -0.00000000 -1.00000000
vn -0.00000000 -0.00000000 -1.00000000
vn -0.00000000 -0.00000000 -1.00000000
vn -0.00000000 -0.00000000 -1.00000000
vn -0.00000000 -0.00000000 -1.00000000
vn -0.00000000 -0.00000000 -1.00000000
vn -0.00000000 -0.00000000 -1.00000000
vn -0.00000000 -0.00000000 -1.00000000
vn -0.00000000 -0.00000000 -1.00000000
vn -0.00000000 -0.00000000 -1.00000000
vn -0.00000000 -0.00000000 -1.00000000
vn -0.00000000 -0.00000000 -1.00000000
vn -0.00000000 -0.00000000 -1.00000000
vn -0.00000000 -0.00000000 -1.00000000
vn -0.00000000 -0.00000000 -1.00000000
vn -0.00000000 -0.00000000 -1.00000000
vn -0.00000000 -0.00000000 -1.00000000
vn -0.00000000 -0.00000000 -1.00000000
vn -0.00000000 -0.00000000 -1.00000000
vn -0.00000000 -0.00000000 -1.00000000
vn -0.00000000 -0.00000000 -1.00000000
vn -0.00000000 -0.00000000 -1.00000000
vn -0.00000000 -0.00000000 -1.00000000
vn -0.00000000 -0.00000000 -1.00000000
vn -0.00000000 -0.00000000 -1.00000000
vn -0.00000000 -0.00000000 -1.00000000
vn -0.00000000 -0.00000000 -1.00000000
vn -0.00000000 -0.00000000 -1.00000000
vn -0.00000000 -0.00000000 -1.00000000
vn -0.00000000 -0.00000000 -1.00000000
vn -0.00000000 -0.00000000 -1.00000000
vn -0.00000000 -0.00000000 -1.00000000
vn -0.00000000 -0.00000000 -1.00000000
vn -0.00000000 -0.00000000 -1.00000000
vn -0.00000000 -0.00000000 -1.00000000
vn -0.00000000 -0.00000000 -1.00000000
vn -0.00000000 -0.00000000 -1.00000000
vn -0.00000000 -0.00000000 -1.00000000
vn -0.00000000 -0.00000000 -1.00000000
vn -0.00000000 -0.00000000 -1.00000000
vn -0.00000000 -0.00000000 -1.00000000
vn -0.00000000 -0.00000000 -1.00000000
vn -0.00000000 -0.00000000 -1.00000000
vn -0.00000000 -0.00000000 -1.00000000
vn -0.00000000 -0.00000000 -1.00000000
vn -0.00000000 -0.00000000 -1.00000000
vn -0.00000000 -0.00000000 -1.00000000
vn -0.00000000 -0.00000000 -1.00000000
vn -0.00000000 -0.00000000 -1.00000000
vn -0.00000000 -0.00000000 -1.00000000
vn -0.00000000 -0.00000000 -1.00000000
vn -0.00000000 -0.00000000 -1.00000000
vn -0.00000000 -0.00000000 -1.00000000
vn -0.00000000 -0.00000000 -1.00000000
vn -0.00000000 -0.00000000 -1.00000000
vn -0.00000000 -0.00000000 -1.00000000
vn -0.00000000 -0.00000000 -1.00000000
vn -0.00000000 -0.00000000 -1.00000000
vn -0.00000000 -0.00000000 -1.00000000
vn -0.00000000 -0.00000000 -1.00000000
vn -0.00000000 -0.00000000 -1.00000000
vn -0.00000000 -0.00000000 -1.00000000
vn -0.00000000 -0.00000000 -1.00000000
vn -0.00000000 -0.00000000 -1.00000000
vn -0.00000000 -0.00000000 -1.00000000
vn -0.00000000 -0.00000000 -1.00000000
vn -0.00000000 -0.00000000 -1.00000000
vn -0.00000000 -0.00000000 -1.00000000
vn -0.00000000 -0.00000000 -1.00000000
vn -0.00000000 -0.00000000 -1.00000000
vn -0.00000000 -0.00000000 -1.00000000
vn -0.00000000 -0.00000000 -1.00000000
vn -0.00000000 -0.00000000 -1.00000000
vn -0.00000000 -0.00000000 -1.00000000
vn -0.00000000 -0.00000000 -1.00000000
vn -0.00000000 -0.00000000 -1.00000000
vn -0.00000000 -0.00000000 -1.00000000
vn -0.00000000 -0.00000000 -1.00000000
vn -0.00000000 -0.00000000 -1.00000000
vn -0.00000000 -0.00000000 -1.00000000
vn -0.00000000 -0.00000000 -1.00000000
vn -0.00000000 -0.00000000 -1.00000000
vn -0.00000000 -0.00000000 -1.00000000
vn -0.00000000 -0.00000000 -1.00000000
vn -0.00000000 -0.00000000 -1.00000000
vn -0.00000000 -0.00000000 -1.00000000
vn -0.00000000 -0.00000000 -1.00000000
vn -0.00000000 -0.00000000 -1.00000000
vn -0.00000000 -0.00000000 -1.00000000
vn -0.00000000 -0.00000000 -1.00000000
vn -0.00000000 -0.00000000 -1.00000000
vn -0.00000000 -0.00000000 -1.00000000
vn -0.00000000 -0.00000000 -1.00000000
vn -0.00000000 -0.00000000 -1.00000000
vn -0.00000000 -0.00000000 -1.00000000
vn -0.00000000 -0.00000000 -1.00000000
vn -0.00000000 -0.00000000 -1.00000000
vn -0.00000000 -0.00000000 -1.00000000
vn -0.00000000 -0.00000000 -1.00000000
vn -0.00000000 -0.00000000 -1.00000000
vn -0.00000000 -0.00000000 -1.00000000
vn -0.00000000 -0.00000000 -1.00000000
vn -0.00000000 -0.00000000 -1.00000000
vn -0.00000000 -0.00000000 -1.00000000
vn -0.00000000 -0.00000000 -1.00000000
vn -0.00000000 -0.00000000 -1.00000000
vn -0.00000000 -0.00000000 -1.00000000
vn -0.00000000 -0.00000000 -1.00000000
vn -0.00000000 -0.00000000 -1.00000000
vn -0.00000000 -0.00000000 -1.00000000
vn -0.00000000 -0.00000000 -1.00000000
vn -0.00000000 -0.00000000 -1.00000000
vn -0.00000000 -0.00000000 -1.00000000
vn -0.00000000 -0.00000000 -1.00000000
vn -0.00000000 -0.00000000 -1.00000000
vn -0.00000000 -0.00000000 -1.00000000
vn -0.00000000 -0.00000000 -1.00000000
vn -0.00000000 -0.00000000 -1.00000000
vn -0.00000000 -0.00000000 -1.00000000
vn -0.00000000 -0.00000000 -1.00000000
vn -0.00000000 -0.00000000 -1.00000000
vn -0.00000000 -0.00000000 -1.00000000
vn -0.00000000 -0.00000000 -1.00000000
vn -0.00000000 -0.00000000 -1.00000000
vn -0.00000000 -0.00000000 -1.00000000
vn -0.00000000 -0.00000000 -1.00000000
vn -0.00000000 -0.00000000 -1.00000000
vn -0.00000000 -0.00000000 -1.00000000
vn -0.00000000 -0.00000000 -1.00000000
vn -0.00000000 -0.00000000 -1.00000000
vn -0.00000000 -0.00000000 -1.00000000
vn -0.00000000 -0.00000000 -1.00000000
vn -0.00000000 -0.00000000 -1.00000000
vn -0.00000000 -0.00000000 -1.00000000
vn -0.00000000 -0.00000000 -1.00000000
vn -0.00000000 -0.00000000 -1.00000000
vn -0.00000000 -0.00000000 -1.00000000
vn -0.00000000 -0.00000000 -1.00000000
vn -0.00000000 -0.00000000 -1.00000000
vn -0.00000000 -0.00000000 -1.00000000
vn -0.00000000 -0.00000000 -1.00000000
vn -0.00000000 -0.00000000 -1.00000000
vn -0.00000000 -0.00000000 -1.00000000
vn -0.00000000 -0.00000000 -1.00000000
vn -0.00000000 -0.00000000 -1.00000000
vn -0.00000000 -0.00000000 -1.00000000
vn -0.00000000 -0.00000000 -1.00000000
vn -0.00000000 -0.00000000 -1.00000000
vn -0.00000000 -0.00000000 -1.00000000
vn -0.00000000 -0.00000000 -1.00000000
vn -0.00000000 -0.00000000 -1.00000000
vn -0.00000000 -0.00000000 -1.00000000
vn -0.00000000 -0.00000000 -1.00000000
vn -0.00000000 -0.00000000 -1.00000000
vn -0.00000000 -0.00000000 -1.00000000
vn -0.00000000 -0.00000000 -1.00000000
vn -0.00000000 -0.00000000 -1.00000000
vn -0.00000000 -0.00000000 -1.00000000
vn -0.00000000 -0.00000000 -1.00000000
vn -0.00000000 -0.00000000 -1.00000000
vn -0.00000000 -0.00000000 -1.00000000
vn -0.00000000 -0.00000000 -1.00000000
vn -0.00000000 -0.00000000 -1.00000000
vn -0.00000000 -0.00000000 -1.00000000
vn -0.00000000 -0.00000000 -1.00000000
vn -0.00000000 -0.00000000 -1.00000000
vn -0.00000000 -0.00000000 -1.00000000
vn -0.00000000 -0.00000000 -1.00000000
vn -0.00000000 -0.00000000 -1.00000000
vn -0.00000000 -0.00000000 -1.00000000
vn -0.00000000 -0.00000000 -1.00000000
vn -0.00000000 -0.00000000 -1.00000000
vn -0.00000000 -0.00000000 -1.00000000
vn -0.00000000 -0.00000000 -1.00000000
vn -0.00000000 -0.00000000 -1.00000000
vn -0.00000000 -0.00000000 -1.00000000
vn -0.00000000 -0.00000000 -1.00000000
vn -0.00000000 -0.00000000 -1.00000000
vn -0.00000000 -0.00000000 -1.00000000
vn -0.00000000 -0.00000000 -1.00000000
vn -0.00000000 -0.00000000 -1.00000000
vn -0.00000000 -0.00000000 -1.00000000
vn -0.00000000 -0.00000000 -1.00000000
vn -0.00000000 -0.00000000 -1.00000000
vn -0.00000000 -0.00000000 -1.00000000
vn -0.00000000 -0.00000000 -1.00000000
vn -0.00000000 -0.00000000 -1.00000000
vn -0.00000000 -0.00000000 -1.00000000
vn -0.00000000 -0.00000000 -1.00000000
vn -0.00000000 -0.00000000 -1.00000000
vn -0.00000000 -0.00000000 -1.00000000
vn -0.00000000 -0.00000000 -1.00000000
vn -0.00000000 -0.00000000 -1.00000000
vn -0.00000000 -0.00000000 -1.00000000
vn -0.00000000 -0.00000000 -1.00000000
vn -0.00000000 -0.00000000 -1.00000000
vn -0.00000000 -0.00000000 -1.00000000
vn -0.00000000 -0.00000000 -1.00000000
vn -0.00000000 -0.00000000 -1.00000000
vn -0.00000000 -0.00000000 -1.00000000
vn -0.00000000 -0.00000000 -1.00000000
vn -0.00000000 -0.00000000 -1.00000000
vn -0.00000000 -0.00000000 -1.00000000
vn -0.00000000 -0.00000000 -1.00000000
vn -0.00000000 -0.00000000 -1.00000000
vn -0.00000000 -0.00000000 -1.00000000
vn -0.00000000 -0.00000000 -1.00000000
vn -0.00000000 -0.00000000 -1.00000000
vn -0.00000000 -0.00000000 -1.00000000
vn -0.00000000 -0.00000000 -1.00000000
vn -0.00000000 -0.00000000 -1.00000000
vn -0.00000000 -0.00000000 -1.00000000
vn -0.00000000 -0.00000000 -1.00000000
vn -0.00000000 -0.00000000 -1.00000000
vn -0.00000000 -0.00000000 -1.00000000
vn -0.00000000 -0.00000000 -1.00000000
vn -0.00000000 -0.00000000 -1.00000000
vn -0.00000000 -0.00000000 -1.00000000
vn -0.00000000 -0.00000000 -1.00000000
vn -0.00000000 -0.00000000 -1.00000000
vn -0.00000000 -0.00000000 -1.00000000
vn -0.00000000 -0.00000000 -1.00000000
vn -0.00000000 -0.00000000 -1.00000000
vn -0.00000000 -0.00000000 -1.00000000
vn -0.00000000 -0.00000000 -1.00000000
vn -0.00000000 -0.00000000 -1.00000000
vn -0.00000000 -0.00000000 -1.00000000
vn -0.00000000 -0.00000000 -1.00000000
vn -0.00000000 -0.00000000 -1.00000000
vn -0.00000000 -0.00000000 -1.00000000
vn -0.00000000 -0.00000000 -1.00000000
vn -0.00000000 -0.00000000 -1.00000000
vn -0.00000000 -0.00000000 -1.00000000
vn -0.00000000 -0.00000000 -1.00000000
vn -0.00000000 -0.00000000 -1.00000000
vn -0.00000000 -0.00000000 -1.00000000
vn -0.00000000 -0.00000000 -1.00000000
vn -0.00000000 -0.00000000 -1.00000000
vn -0.00000000 -0.00000000 -1.00000000
vn -0.00000000 -0.00000000 -1.00000000
vn -0.00000000 -0.00000000 -1.00000000
vn -0.00000000 -0.00000000 -1.00000000
vn -0.00000000 -0.00000000 -1.00000000
vn -0.00000000 -0.00000000 -1.00000000
vn -0.00000000 -0.00000000 -1.00000000
vn -0.00000000 -0.00000000 -1.00000000
vn -0.00000000 -0.00000000 -1.00000000
vn -0.00000000 -0.00000000 -1.00000000
vn -0.00000000 -0.00000000 1.00000000
vn -0.00000000 -0.00000000 1.00000000
vn -0.00000000 -0.00000000 1.00000000
vn -0.00000000 -0.00000000 1.00000000
vn -0.00000000 -0.00000000 1.00000000
vn -0.00000000 -0.00000000 1.00000000
vn -0.00000000 -0.00000000 1.00000000
vn -0.00000000 -0.00000000 1.00000000
vn -0.00000000 -0.00000000 1.00000000
vn -0.00000000 -0.00000000 1.00000000
vn -0.00000000 -0.00000000 1.00000000
vn -0.00000000 -0.00000000 1.00000000
vn -0.00000000 -0.00000000 1.00000000
vn -0.00000000 -0.00000000 1.00000000
vn -0.00000000 -0.00000000 1.00000000
vn -0.00000000 -0.00000000 1.00000000
vn -0.00000000 -0.00000000 1.00000000
vn -0.00000000 -0.00000000 1.00000000
vn -0.00000000 -0.00000000 1.00000000
vn -0.00000000 -0.00000000 1.00000000
vn -0.00000000 -0.00000000 1.00000000
vn -0.00000000 -0.00000000 1.00000000
vn -0.00000000 -0.00000000 1.00000000
vn -0.00000000 -0.00000000 1.00000000
vn -0.00000000 -0.00000000 1.00000000
vn -0.00000000 -0.00000000 1.00000000
vn 0.00010000 -0.00000000 1.00000000
vn -0.00000000 -0.00000000 1.00000000
vn -0.00000000 -0.00000000 1.00000000
vn -0.00000000 -0.00000000 1.00000000
vn -0.00000000 -0.00000000 1.00000000
vn -0.00000000 -0.00000000 1.00000000
vn -0.00000000 -0.00000000 1.00000000
vn -0.00000000 -0.00000000 1.00000000
vn -0.00000000 -0.00000000 1.00000000
vn -0.00000000 -0.00000000 1.00000000
vn -0.00000000 -0.00000000 1.00000000
vn -0.00000000 -0.00000000 1.00000000
vn -0.00000000 -0.00000000 1.00000000
vn -0.00000000 -0.00000000 1.00000000
vn -0.00000000 -0.00000000 1.00000000
vn -0.00000000 -0.00000000 1.00000000
vn -0.00000000 -0.00000000 1.00000000
vn -0.00000000 -0.00000000 1.00000000
vn -0.00000000 -0.00000000 1.00000000
vn -0.00000000 -0.00000000 1.00000000
vn -0.00000000 -0.00000000 1.00000000
vn -0.00000000 -0.00000000 1.00000000
vn -0.00000000 -0.00000000 1.00000000
vn -0.00000000 -0.00000000 1.00000000
vn -0.00000000 -0.00000000 1.00000000
vn -0.00000000 -0.00000000 1.00000000
vn -0.00000000 -0.00000000 1.00000000
vn -0.00000000 -0.00000000 1.00000000
vn -0.00000000 -0.00000000 1.00000000
vn -0.00000000 -0.00000000 1.00000000
vn -0.00000000 -0.00000000 1.00000000
vn -0.00000000 -0.00000000 1.00000000
vn -0.00000000 -0.00000000 1.00000000
vn -0.00000000 -0.00000000 1.00000000
vn -0.00000000 -0.00000000 1.00000000
vn -0.00000000 -0.00000000 1.00000000
vn -0.00000000 -0.00000000 1.00000000
vn -0.00000000 -0.00000000 1.00000000
vn -0.00000000 -0.00000000 1.00000000
vn -0.00000000 -0.00000000 1.00000000
vn -0.00000000 -0.00000000 1.00000000
vn -0.00000000 -0.00000000 1.00000000
vn -0.00000000 -0.00000000 1.00000000
vn -0.00000000 -0.00000000 1.00000000
vn -0.00000000 -0.00000000 1.00000000
vn -0.00000000 -0.00000000 1.00000000
vn -0.00000000 -0.00000000 1.00000000
vn -0.00000000 -0.00000000 1.00000000
vn -0.00000000 -0.00000000 1.00000000
vn -0.00000000 -0.00000000 1.00000000
vn -0.00000000 -0.00000000 1.00000000
vn -0.00000000 -0.00000000 1.00000000
vn -0.00000000 -0.00000000 1.00000000
vn -0.00000000 -0.00000000 1.00000000
vn -0.00000000 -0.00000000 1.00000000
vn -0.00000000 -0.00000000 1.00000000
vn -0.00000000 -0.00000000 1.00000000
vn -0.00000000 -0.00000000 1.00000000
vn -0.00000000 -0.00000000 1.00000000
vn -0.00000000 -0.00000000 1.00000000
vn -0.00000000 -0.00000000 1.00000000
vn -0.00000000 -0.00000000 1.00000000
vn -0.00000000 -0.00000000 1.00000000
vn -0.00000000 -0.00000000 1.00000000
vn -0.00000000 -0.00000000 1.00000000
vn -0.00000000 -0.00000000 1.00000000
vn -0.00000000 -0.00000000 1.00000000
vn -0.00000000 -0.00000000 1.00000000
vn -0.00000000 -0.00000000 1.00000000
vn -0.00000000 -0.00000000 1.00000000
vn -0.00000000 -0.00000000 1.00000000
vn -0.00000000 -0.00000000 1.00000000
vn -0.00000000 -0.00000000 1.00000000
vn -0.00000000 -0.00000000 1.00000000
vn -0.00000000 -0.00000000 1.00000000
vn -0.00000000 -0.00000000 1.00000000
vn -0.00000000 -0.00000000 1.00000000
vn -0.00000000 -0.00000000 1.00000000
vn -0.00000000 -0.00000000 1.00000000
vn -0.00000000 -0.00000000 1.00000000
vn -0.00000000 -0.00000000 1.00000000
vn -0.00000000 -0.00000000 1.00000000
vn -0.00000000 -0.00000000 1.00000000
vn -0.00000000 -0.00000000 1.00000000
vn -0.00000000 -0.00000000 1.00000000
vn -0.00000000 -0.00000000 1.00000000
vn -0.00000000 -0.00000000 1.00000000
vn -0.00000000 -0.00000000 1.00000000
vn -0.00000000 -0.00000000 1.00000000
vn -0.00000000 -0.00000000 1.00000000
vn -0.00000000 -0.00000000 1.00000000
vn -0.00000000 -0.00000000 1.00000000
vn -0.00000000 -0.00000000 1.00000000
vn -0.00000000 -0.00000000 1.00000000
vn -0.00000000 -0.00000000 1.00000000
vn -0.00000000 -0.00000000 1.00000000
vn -0.00000000 -0.00000000 1.00000000
vn -0.00000000 -0.00000000 1.00000000
vn -0.00000000 -0.00000000 1.00000000
vn -0.00000000 -0.00000000 1.00000000
vn -0.00000000 -0.00000000 1.00000000
vn -0.00000000 -0.00000000 1.00000000
vn -0.00000000 -0.00000000 1.00000000
vn -0.00000000 -0.00000000 1.00000000
vn -0.00000000 -0.00000000 1.00000000
vn -0.00000000 -0.00000000 1.00000000
vn -0.00000000 -0.00000000 1.00000000
vn -0.00000000 -0.00000000 1.00000000
vn -0.00000000 -0.00000000 1.00000000
vn -0.00000000 -0.00000000 1.00000000
vn -0.00000000 -0.00000000 1.00000000
vn -0.00000000 -0.00000000 1.00000000
vn -0.00000000 -0.00000000 1.00000000
vn -0.00000000 -0.00000000 1.00000000
vn -0.00000000 -0.00000000 1.00000000
vn -0.00000000 -0.00000000 1.00000000
vn -0.00000000 -0.00000000 1.00000000
vn -0.00000000 -0.00000000 1.00000000
vn -0.00000000 -0.00000000 1.00000000
vn -0.00000000 -0.00000000 1.00000000
vn -0.00000000 -0.00000000 1.00000000
vn -0.00000000 -0.00000000 1.00000000
vn -0.00000000 -0.00000000 1.00000000
vn -0.00000000 -0.00000000 1.00000000
vn -0.00000000 -0.00000000 1.00000000
vn -0.00000000 -0.00000000 1.00000000
vn -0.00000000 -0.00000000 1.00000000
vn -0.00000000 -0.00000000 1.00000000
vn -0.00000000 -0.00000000 1.00000000
vn -0.00000000 -0.00000000 1.00000000
vn -0.00000000 -0.00000000 1.00000000
vn -0.00000000 -0.00000000 1.00000000
vn -0.00000000 -0.00000000 1.00000000
vn -0.00000000 -0.00000000 1.00000000
vn -0.00000000 -0.00000000 1.00000000
vn -0.00000000 -0.00000000 1.00000000
vn -0.00000000 -0.00000000 1.00000000
vn -0.00000000 -0.00000000 1.00000000
vn -0.00000000 -0.00000000 1.00000000
vn -0.00000000 -0.00000000 1.00000000
vn -0.00000000 -0.00000000 1.00000000
vn -0.00000000 -0.00000000 1.00000000
vn -0.00000000 -0.00000000 1.00000000
vn -0.00000000 -0.00000000 1.00000000
vn -0.00000000 -0.00000000 1.00000000
vn -0.00000000 -0.00000000 1.00000000
vn -0.00000000 -0.00000000 1.00000000
vn -0.00000000 -0.00000000 1.00000000
vn -0.00000000 -0.00000000 1.00000000
vn -0.00000000 -0.00000000 1.00000000
vn -0.00000000 -0.00000000 1.00000000
vn -0.00000000 -0.00000000 1.00000000
vn -0.00000000 -0.00000000 1.00000000
vn -0.00000000 -0.00000000 1.00000000
vn -0.00000000 -0.00000000 1.00000000
vn -0.00000000 -0.00000000 1.00000000
vn -0.00000000 -0.00000000 1.00000000
vn -0.00000000 -0.00000000 1.00000000
vn -0.00000000 -0.00000000 1.00000000
vn -0.00000000 -0.00000000 1.00000000
vn -0.00000000 -0.00000000 1.00000000
vn -0.00000000 -0.00000000 1.00000000
vn -0.00000000 -0.00000000 1.00000000
vn -0.00000000 -0.00000000 1.00000000
vn -0.00000000 -0.00000000 1.00000000
vn -0.00000000 -0.00000000 1.00000000
vn -0.00000000 -0.00000000 1.00000000
vn -0.00000000 -0.00000000 1.00000000
vn -0.00000000 -0.00000000 1.00000000
vn -0.00000000 -0.00000000 1.00000000
vn -0.00000000 -0.00000000 1.00000000
vn -0.00000000 -0.00000000 1.00000000
vn -0.00000000 -0.00000000 1.00000000
vn -0.00000000 -0.00000000 1.00000000
vn -0.00000000 -0.00000000 1.00000000
vn -0.00000000 -0.00000000 1.00000000
vn -0.00000000 -0.00000000 1.00000000
vn -0.00000000 -0.00000000 1.00000000
vn -0.00000000 -0.00000000 1.00000000
vn -0.00000000 -0.00000000 1.00000000
vn -0.00000000 -0.00000000 1.00000000
vn -0.00000000 -0.00000000 1.00000000
vn -0.00000000 -0.00000000 1.00000000
vn -0.00000000 -0.00000000 1.00000000
vn -0.00000000 -0.00000000 1.00000000
vn -0.00000000 -0.00000000 1.00000000
vn -0.00000000 -0.00000000 1.00000000
vn -0.00000000 -0.00000000 1.00000000
vn -0.00000000 -0.00000000 1.00000000
vn -0.00000000 -0.00000000 1.00000000
vn -0.00000000 -0.00000000 1.00000000
vn -0.00000000 -0.00000000 1.00000000
vn -0.00000000 -0.00000000 1.00000000
vn -0.00000000 -0.00000000 1.00000000
vn -0.00000000 -0.00000000 1.00000000
vn -0.00000000 -0.00000000 1.00000000
vn -0.00000000 -0.00000000 1.00000000
vn -0.00000000 -0.00000000 1.00000000
vn -0.00000000 -0.00000000 1.00000000
vn -0.00000000 -0.00000000 1.00000000
vn -0.00000000 -0.00000000 1.00000000
vn -0.00000000 -0.00000000 1.00000000
vn -0.00000000 -0.00000000 1.00000000
vn -0.00000000 -0.00000000 1.00000000
vn -0.00000000 -0.00000000 1.00000000
vn -0.00000000 -0.00000000 1.00000000
vn -0.00000000 -0.00000000 1.00000000
vn -0.00000000 -0.00000000 1.00000000
vn -0.00000000 -0.00000000 1.00000000
vn -0.00000000 -0.00000000 1.00000000
vn -0.00000000 -0.00000000 1.00000000
vn -0.00000000 -0.00000000 1.00000000
vn -0.00000000 -0.00000000 1.00000000
vn -0.00000000 -0.00000000 1.00000000
vn -0.00000000 -0.00000000 1.00000000
vn -0.00000000 -0.00000000 1.00000000
vn -0.00000000 -0.00000000 1.00000000
vn -0.00000000 -0.00000000 1.00000000
vn -0.00000000 -0.00000000 1.00000000
vn -0.00000000 -0.00000000 1.00000000
vn -0.00000000 -0.00000000 1.00000000
vn -0.00000000 -0.00000000 1.00000000
vn -0.00000000 -0.00000000 1.00000000
vn -0.00000000 -0.00000000 1.00000000
vn -0.00000000 -0.00000000 1.00000000
vn -0.00000000 -0.00000000 1.00000000
vn -0.00000000 -0.00000000 1.00000000
vn -0.00000000 -0.00000000 1.00000000
vn -0.00000000 -0.00000000 1.00000000
vn -0.00000000 -0.00000000 1.00000000
vn -0.00000000 -0.00000000 1.00000000
vn -0.00000000 -0.00000000 1.00000000
vn -0.00000000 -0.00000000 1.00000000
vn -0.00000000 -0.00000000 1.00000000
vn -0.00000000 -0.00000000 1.00000000
vn -0.00000000 -0.00000000 1.00000000
vn -0.00000000 -0.00000000 1.00000000
vn -0.00000000 -0.00000000 1.00000000
vn -0.00000000 -0.00000000 1.00000000
vn -0.00000000 -0.00000000 1.00000000
vn -0.00000000 -0.00000000 1.00000000
vn -0.00000000 -0.00000000 1.00000000
vn -0.00000000 -0.00000000 1.00000000
vn -0.00000000 -0.00000000 1.00000000
vn -0.00000000 -0.00000000 1.00000000
vn -0.00000000 -0.00000000 1.00000000
vn -0.00000000 -0.00000000 1.00000000
vn -0.00000000 -0.00000000 1.00000000
vn -0.00000000 -0.00000000 1.00000000
vn -0.00000000 -0.00000000 1.00000000
vn -0.00000000 -0.00000000 1.00000000
vn -0.00000000 -0.00000000 1.00000000
vn -0.00000000 -0.00000000 1.00000000
vn -0.00000000 -0.00000000 1.00000000
vn -0.00000000 -0.00000000 1.00000000
vn -0.00000000 -0.00000000 1.00000000
vn -0.00000000 -0.00000000 1.00000000
vn -0.00000000 -0.00000000 1.00000000
vn -0.00000000 -0.00000000 1.00000000
vn -0.00000000 -0.00000000 1.00000000
vn -0.00000000 -0.00000000 1.00000000
vn -0.00000000 -0.00000000 1.00000000
vn -0.00000000 -0.00000000 1.00000000
vn -0.00000000 -0.00000000 1.00000000
vn -0.00000000 -0.00000000 1.00000000
vn -0.00000000 -0.00000000 1.00000000
vn -0.00000000 -0.00000000 1.00000000
vn -0.00000000 -0.00000000 1.00000000
vn -0.00000000 -0.00000000 1.00000000
vn -0.00000000 -0.00000000 1.00000000
vn -0.00000000 -0.00000000 1.00000000
vn -0.00000000 -0.00000000 1.00000000
vn -0.00000000 -0.00000000 1.00000000
vn -0.00000000 -0.00000000 1.00000000
vn -0.00000000 -0.00000000 1.00000000
vn -0.00000000 -0.00000000 1.00000000
vn -0.00000000 -0.00000000 1.00000000
vn -0.00000000 -0.00000000 1.00000000
vn -0.00000000 -0.00000000 1.00000000
vn -0.00000000 -0.00000000 1.00000000
vn -0.00000000 -0.00000000 1.00000000
vn -0.00000000 -0.00000000 1.00000000
vn -0.00000000 -0.00000000 1.00000000
vn -0.00000000 -0.00000000 1.00000000
vn -0.00000000 -0.00000000 1.00000000
vn -0.00000000 -0.00000000 1.00000000
vn -0.00000000 -0.00000000 1.00000000
vn -0.00000000 -0.00000000 1.00000000
vn -0.00000000 -0.00000000 1.00000000
vn -0.00000000 -0.00000000 1.00000000
vn -0.00000000 -0.00000000 1.00000000
vn -0.00000000 -0.00000000 1.00000000
vn -0.00000000 -0.00000000 1.00000000
vn -0.00000000 -0.00000000 1.00000000
vn -0.00000000 -0.00000000 1.00000000
vn -0.00000000 -0.00000000 1.00000000
vn -0.00000000 -0.00000000 1.00000000
vn -0.00000000 -0.00000000 1.00000000
vn -0.00000000 -0.00000000 1.00000000
vn -0.00000000 -0.00000000 1.00000000
vn -0.00000000 -0.00000000 1.00000000
vn -0.00000000 -0.00000000 1.00000000
vn -0.00000000 -0.00000000 1.00000000
vn -0.00000000 -0.00000000 1.00000000
vn -0.00000000 -0.00000000 1.00000000
vn -0.00000000 -0.00000000 1.00000000
vn -0.00000000 -0.00000000 1.00000000
vn -0.00000000 -0.00000000 1.00000000
vn -0.00000000 -0.00000000 1.00000000
vn -0.00000000 -0.00000000 1.00000000
vn -0.00000000 -0.00000000 1.00000000
vn -0.00000000 -0.00000000 1.00000000
vn -0.00000000 -0.00000000 1.00000000
vn -0.00000000 -0.00000000 1.00000000
vn -0.00000000 -0.00000000 1.00000000
vn -0.00000000 -0.00000000 1.00000000
vn -0.00000000 -0.00000000 1.00000000
vn -0.00000000 -0.00000000 1.00000000
vn -0.00000000 -0.00000000 1.00000000
vn -0.00000000 -0.00000000 1.00000000
vn -0.00000000 -0.00000000 1.00000000
vn -0.00000000 -0.00000000 1.00000000
vn -0.00000000 -0.00000000 1.00000000
vn -0.00000000 -0.00000000 1.00000000
vn -0.00000000 -0.00000000 1.00000000
vn -0.00000000 -0.00000000 1.00000000
vn -0.00000000 -0.00000000 1.00000000
vn -0.00000000 -0.00000000 1.00000000
vn -0.00000000 -0.00000000 1.00000000
vn -0.00000000 -0.00000000 1.00000000
vn -0.00000000 -0.00000000 1.00000000
vn -0.00000000 -0.00000000 1.00000000
vn -0.00000000 -0.00000000 1.00000000
vn -0.00000000 -0.00000000 1.00000000
vn -0.00000000 -0.00000000 1.00000000
vn -0.00000000 -0.00000000 1.00000000
vn -0.00000000 -0.00000000 1.00000000
vn -0.00000000 -0.00000000 1.00000000
vn -0.00000000 -0.00000000 1.00000000
vn -0.00000000 -0.00000000 1.00000000
vn -0.00000000 -0.00000000 1.00000000
vn -0.00000000 -0.00000000 1.00000000
vn -0.00000000 -0.00000000 1.00000000
vn 0.95870000 0.28460000 -0.00000000
vn 0.95870000 0.28460000 -0.00000000
vn 0.96450000 0.26420000 -0.00000000
vn 0.97000000 0.24330000 -0.00000000
vn 0.97960000 0.20110000 -0.00000000
vn 0.98370000 0.17990000 -0.00000000
vn 0.99050000 0.13720000 -0.00000000
vn 0.99330000 0.11570000 -0.00000000
vn 0.99740000 0.07270000 -0.00000000
vn 0.99870000 0.05110000 -0.00000000
vn 1.00000000 0.00790000 -0.00000000
vn 0.99990000 -0.01370000 -0.00000000
vn 0.99840000 -0.05690000 -0.00000000
vn 0.99690000 -0.07850000 -0.00000000
vn 0.99260000 -0.12150000 -0.00000000
vn 0.98970000 -0.14300000 -0.00000000
vn 0.98260000 -0.18560000 -0.00000000
vn 0.97840000 -0.20680000 -0.00000000
vn 0.96850000 -0.24890000 -0.00000000
vn 0.96290000 -0.26980000 -0.00000000
vn 0.95030000 -0.31120000 -0.00000000
vn 0.94340000 -0.33160000 -0.00000000
vn 0.92820000 -0.37210000 -0.00000000
vn 0.91990000 -0.39210000 -0.00000000
vn 0.90210000 -0.43150000 -0.00000000
vn 0.89260000 -0.45090000 -0.00000000
vn 0.87220000 -0.48910000 -0.00000000
vn 0.86150000 -0.50780000 -0.00000000
vn 0.83870000 -0.54460000 -0.00000000
vn 0.82680000 -0.56250000 -0.00000000
vn 0.80170000 -0.59780000 -0.00000000
vn 0.78850000 -0.61500000 -0.00000000
vn 0.76120000 -0.64850000 -0.00000000
vn 0.74700000 -0.66480000 -0.00000000
vn 0.71760000 -0.69650000 -0.00000000
vn 0.70240000 -0.71180000 -0.00000000
vn 0.67090000 -0.74150000 -0.00000000
vn 0.65480000 -0.75580000 -0.00000000
vn 0.62150000 -0.78340000 -0.00000000
vn 0.60440000 -0.79670000 -0.00000000
vn 0.56940000 -0.82210000 -0.00000000
vn 0.55150000 -0.83420000 -0.00000000
vn 0.51490000 -0.85730000 -0.00000000
vn 0.49630000 -0.86820000 -0.00000000
vn 0.45820000 -0.88890000 -0.00000000
vn 0.43890000 -0.89850000 -0.00000000
vn 0.39970000 -0.91670000 -0.00000000
vn 0.37980000 -0.92510000 -0.00000000
vn 0.33940000 -0.94060000 -0.00000000
vn 0.31900000 -0.94780000 -0.00000000
vn 0.27770000 -0.96070000 -0.00000000
vn 0.25690000 -0.96640000 -0.00000000
vn 0.21490000 -0.97660000 -0.00000000
vn 0.19370000 -0.98110000 -0.00000000
vn 0.15110000 -0.98850000 -0.00000000
vn 0.12970000 -0.99160000 -0.00000000
vn 0.08670000 -0.99620000 -0.00000000
vn 0.06520000 -0.99790000 -0.00000000
vn 0.02200000 -0.99980000 -0.00000000
vn 0.00040000 -1.00000000 -0.00000000
vn -0.04290000 -0.99910000 -0.00000000
vn -0.06440000 -0.99790000 -0.00000000
vn -0.10750000 -0.99420000 -0.00000000
vn -0.12900000 -0.99160000 -0.00000000
vn -0.17170000 -0.98510000 -0.00000000
vn -0.19300000 -0.98120000 -0.00000000
vn -0.23520000 -0.97190000 -0.00000000
vn -0.25620000 -0.96660000 -0.00000000
vn -0.29770000 -0.95470000 -0.00000000
vn -0.31830000 -0.94800000 -0.00000000
vn -0.35900000 -0.93330000 -0.00000000
vn -0.37910000 -0.92540000 -0.00000000
vn -0.41870000 -0.90810000 -0.00000000
vn -0.43820000 -0.89890000 -0.00000000
vn -0.47670000 -0.87910000 -0.00000000
vn -0.49560000 -0.86860000 -0.00000000
vn -0.53270000 -0.84630000 -0.00000000
vn -0.55080000 -0.83460000 -0.00000000
vn -0.58640000 -0.81000000 -0.00000000
vn -0.60380000 -0.79710000 -0.00000000
vn -0.63770000 -0.77030000 -0.00000000
vn -0.65420000 -0.75630000 -0.00000000
vn -0.68630000 -0.72730000 -0.00000000
vn -0.70180000 -0.71230000 -0.00000000
vn -0.73200000 -0.68130000 -0.00000000
vn -0.74650000 -0.66540000 -0.00000000
vn -0.77460000 -0.63250000 -0.00000000
vn -0.78810000 -0.61560000 -0.00000000
vn -0.81400000 -0.58090000 -0.00000000
vn -0.82630000 -0.56320000 -0.00000000
vn -0.84990000 -0.52690000 -0.00000000
vn -0.86110000 -0.50850000 -0.00000000
vn -0.88230000 -0.47070000 -0.00000000
vn -0.89220000 -0.45160000 -0.00000000
vn -0.91090000 -0.41260000 -0.00000000
vn -0.91960000 -0.39280000 -0.00000000
vn -0.93580000 -0.35260000 -0.00000000
vn -0.94310000 -0.33240000 -0.00000000
vn -0.95660000 -0.29130000 -0.00000000
vn -0.96270000 -0.27050000 -0.00000000
vn -0.97350000 -0.22860000 -0.00000000
vn -0.97820000 -0.20760000 -0.00000000
vn -0.98630000 -0.16510000 -0.00000000
vn -0.98960000 -0.14370000 -0.00000000
vn -0.99490000 -0.10080000 -0.00000000
vn -0.99690000 -0.07930000 -0.00000000
vn -0.99930000 -0.03610000 -0.00000000
vn -0.99990000 -0.01450000 -0.00000000
vn -0.99960000 0.02880000 -0.00000000
vn -0.99870000 0.05040000 -0.00000000
vn -0.99560000 0.09350000 -0.00000000
vn -0.99340000 0.11500000 -0.00000000
vn -0.98750000 0.15780000 -0.00000000
vn -0.98380000 0.17910000 -0.00000000
vn -0.97520000 0.22150000 -0.00000000
vn -0.97010000 0.24250000 -0.00000000
vn -0.95880000 0.28420000 -0.00000000
vn -0.95240000 0.30490000 -0.00000000
vn -0.93830000 0.34580000 -0.00000000
vn -0.93060000 0.36600000 -0.00000000
vn -0.91390000 0.40590000 -0.00000000
vn -0.90490000 0.42550000 -0.00000000
vn -0.88570000 0.46430000 -0.00000000
vn -0.87550000 0.48330000 -0.00000000
vn -0.85370000 0.52070000 -0.00000000
vn -0.84230000 0.53900000 -0.00000000
vn -0.81820000 0.57490000 -0.00000000
vn -0.80560000 0.59250000 -0.00000000
vn -0.77920000 0.62680000 -0.00000000
vn -0.76550000 0.64340000 -0.00000000
vn -0.73690000 0.67600000 -0.00000000
vn -0.72220000 0.69170000 -0.00000000
vn -0.69160000 0.72230000 -0.00000000
vn -0.67580000 0.73710000 -0.00000000
vn -0.64330000 0.76560000 -0.00000000
vn -0.62660000 0.77930000 -0.00000000
vn -0.59230000 0.80570000 -0.00000000
vn -0.57480000 0.81830000 -0.00000000
vn -0.55730000 0.83030000 -0.00000000
vn -0.55730000 0.83030000 -0.00000000
vn 1.00000000 -0.00860000 -0.00000000
vn 1.00000000 -0.00000000 -0.00000000
vn 1.00000000 -0.00860000 -0.00000000
vn 1.00000000 -0.00000000 -0.00000000
vn -0.00000000 -1.00000000 -0.00000000
vn -0.00000000 -1.00000000 -0.00000000
vn 0.00090000 -1.00000000 -0.00000000
vn -0.00000000 -1.00000000 -0.00000000
vn -0.00000000 -1.00000000 -0.00000000
vn -0.00000000 -1.00000000 -0.00000000
vn -0.00000000 -1.00000000 -0.00000000
vn 0.00130000 -1.00000000 -0.00000000
vn -0.00000000 -1.00000000 -0.00000000
vn 0.00140000 -1.00000000 -0.00000000
vn -0.00000000 -1.00000000 -0.00000000
vn -0.00000000 -1.00000000 -0.00000000
vn -0.00000000 -1.00000000 -0.00000000
vn -0.00000000 -1.00000000 -0.00000000
vn -0.00000000 -1.00000000 -0.00000000
vn -0.00000000 -1.00000000 -0.00000000
vn -0.00000000 -1.00000000 -0.00000000
vn -0.00000000 -1.00000000 -0.00000000
vn -0.00000000 -1.00000000 -0.00000000
vn -0.00000000 -1.00000000 -0.00000000
vn -0.00000000 -1.00000000 -0.00000000
vn -0.00000000 -1.00000000 -0.00000000
vn -0.00000000 -1.00000000 -0.00000000
vn -0.00000000 -1.00000000 -0.00000000
vn -0.00000000 -1.00000000 -0.00000000
vn -0.00000000 -1.00000000 -0.00000000
vn -0.00000000 -1.00000000 -0.00000000
vn -0.00000000 -1.00000000 -0.00000000
vn -0.00000000 -1.00000000 -0.00000000
vn -0.00000000 -1.00000000 -0.00000000
vn -0.00000000 -1.00000000 -0.00000000
vn -0.00000000 -1.00000000 -0.00000000
vn -0.00000000 -1.00000000 -0.00000000
vn -0.00000000 -1.00000000 -0.00000000
vn -0.00000000 -1.00000000 -0.00000000
vn -0.00000000 -1.00000000 -0.00000000
vn -0.00000000 -1.00000000 -0.00000000
vn -0.00000000 -1.00000000 -0.00000000
vn -0.00000000 -1.00000000 -0.00000000
vn -0.00000000 -1.00000000 -0.00000000
vn -0.00000000 -1.00000000 -0.00000000
vn -0.00000000 -1.00000000 -0.00000000
vn -0.00000000 -1.00000000 -0.00000000
vn -0.00000000 -1.00000000 -0.00000000
vn -0.00000000 -1.00000000 -0.00000000
vn -0.00000000 -1.00000000 -0.00000000
vn -0.00000000 -1.00000000 -0.00000000
vn -0.00000000 -1.00000000 -0.00000000
vn -0.00000000 -1.00000000 -0.00000000
vn -0.00000000 -1.00000000 -0.00000000
vn -0.00000000 -1.00000000 -0.00000000
vn -0.00000000 -1.00000000 -0.00000000
vn -0.00000000 -1.00000000 -0.00000000
vn -0.00000000 -1.00000000 -0.00000000
vn -0.00000000 -1.00000000 -0.00000000
vn -0.00000000 -1.00000000 -0.00000000
vn -0.00000000 -1.00000000 -0.00000000
vn -0.00000000 -1.00000000 -0.00000000
vn -0.00000000 -1.00000000 -0.00000000
vn 0.00060000 -1.00000000 -0.00000000
vn -0.00000000 -1.00000000 -0.00000000
vn -0.00000000 -1.00000000 -0.00000000
vn -0.00000000 -1.00000000 -0.00000000
vn -0.00000000 -1.00000000 -0.00000000
vn -0.00000000 -1.00000000 -0.00000000
vn -0.00000000 -1.00000000 -0.00000000
vn -0.00000000 -1.00000000 -0.00000000
vn -0.00000000 -1.00000000 -0.00010000
vn -0.00000000 -1.00000000 -0.00000000
vn -0.00000000 -1.00000000 -0.00000000
vn -0.00000000 -1.00000000 -0.00000000
vn -0.00000000 -1.00000000 -0.00000000
vn -0.00000000 -1.00000000 -0.00000000
vn -0.00000000 -1.00000000 -0.00000000
vn -0.00000000 -1.00000000 -0.00000000
vn -0.00000000 -1.00000000 -0.00000000
vn -0.00000000 -1.00000000 -0.00000000
vn -0.00000000 -1.00000000 -0.00000000
vn -0.00000000 -1.00000000 -0.00000000
vn -0.00000000 -1.00000000 -0.00000000
vn -0.00000000 -1.00000000 -0.00000000
vn -0.00000000 -1.00000000 -0.00000000
vn -0.00000000 -1.00000000 -0.00000000
vn -0.00000000 -1.00000000 -0.00000000
vn -0.00000000 -1.00000000 -0.00000000
vn -0.00000000 -1.00000000 -0.00000000
vn -0.00000000 -1.00000000 -0.00000000
vn -0.00000000 -1.00000000 -0.00000000
vn -0.00000000 -1.00000000 -0.00000000
vn -0.00000000 -1.00000000 -0.00000000
vn -0.00000000 -1.00000000 -0.00000000
vn -0.00000000 -1.00000000 -0.00000000
vn -0.00000000 -1.00000000 -0.00000000
vn -0.00000000 -1.00000000 -0.00000000
vn -0.00000000 -1.00000000 -0.00000000
vn -0.00000000 -1.00000000 -0.00000000
vn -0.00000000 -1.00000000 -0.00000000
vn -0.00000000 -1.00000000 -0.00000000
vn -0.00000000 -1.00000000 -0.00000000
vn -0.00000000 -1.00000000 -0.00000000
vn -0.00000000 -1.00000000 -0.00000000
vn -0.00000000 -1.00000000 -0.00000000
vn -0.00000000 -1.00000000 -0.00000000
vn -0.00000000 -1.00000000 -0.00000000
vn -0.00000000 -1.00000000 -0.00000000
vn -0.00000000 -1.00000000 -0.00000000
vn -0.00000000 -1.00000000 -0.00000000
vn -0.00000000 -1.00000000 -0.00000000
vn -0.00000000 -1.00000000 -0.00000000
vn -0.00000000 -1.00000000 -0.00000000
vn -0.00000000 -1.00000000 -0.00000000
vn -0.00000000 -1.00000000 -0.00000000
vn -0.00000000 -1.00000000 -0.00000000
vn -0.00000000 -1.00000000 -0.00000000
vn -0.00000000 -1.00000000 -0.00000000
vn -0.00000000 -1.00000000 -0.00000000
vn -0.00000000 -1.00000000 -0.00000000
vn -0.00000000 -1.00000000 -0.00000000
vn -0.00000000 -1.00000000 -0.00000000
vn -0.00000000 -1.00000000 -0.00000000
vn -0.00000000 -1.00000000 -0.00000000
vn -0.00000000 -1.00000000 -0.00000000
vn -0.00000000 -1.00000000 -0.00000000
vn -0.00000000 -1.00000000 -0.00000000
vn -0.00000000 -1.00000000 -0.00000000
vn -0.00000000 -1.00000000 -0.00000000
vn -0.00000000 -1.00000000 -0.00000000
vn -0.00000000 -1.00000000 -0.00000000
vn -0.00000000 -1.00000000 -0.00000000
vn -0.00000000 -1.00000000 -0.00000000
vn -0.00000000 -1.00000000 -0.00000000
vn -0.00000000 -1.00000000 -0.00000000
vn -0.00000000 -1.00000000 -0.00000000
vn -0.00000000 -1.00000000 -0.00000000
vn -0.00000000 -1.00000000 -0.00000000
vn -0.00000000 -1.00000000 -0.00000000
vn -0.00000000 -1.00000000 -0.00000000
vn -0.00000000 -1.00000000 -0.00000000
vn -0.00000000 -1.00000000 -0.00000000
vn -0.00000000 -1.00000000 -0.00000000
vn -0.00000000 -1.00000000 -0.00000000
vn -0.00000000 -1.00000000 -0.00000000
vn -0.00000000 -1.00000000 -0.00000000
vn -0.00000000 -1.00000000 -0.00000000
vn -0.00000000 -1.00000000 -0.00000000
vn -0.00000000 -1.00000000 -0.00000000
vn -0.00000000 -1.00000000 -0.00000000
vn -0.00000000 -1.00000000 -0.00000000
vn -0.00000000 -1.00000000 -0.00000000
vn -0.00000000 -1.00000000 -0.00000000
vn -0.00000000 -1.00000000 -0.00000000
vn -0.00000000 -1.00000000 -0.00000000
vn -0.00000000 -1.00000000 -0.00000000
vn -0.00000000 -1.00000000 -0.00000000
vn -0.00000000 -1.00000000 -0.00000000
vn -0.00000000 -1.00000000 -0.00000000
vn -0.00000000 -1.00000000 -0.00000000
vn -0.00000000 -1.00000000 -0.00000000
vn -0.00000000 -1.00000000 -0.00000000
vn -0.00000000 -1.00000000 -0.00000000
vn -0.00000000 -1.00000000 -0.00000000
vn -0.00000000 -1.00000000 -0.00000000
vn -0.00000000 -1.00000000 -0.00000000
vn -0.00000000 -1.00000000 -0.00000000
vn -0.00000000 -1.00000000 -0.00000000
vn -0.00000000 -1.00000000 -0.00000000
vn -0.00000000 -1.00000000 -0.00000000
vn -0.00000000 -1.00000000 -0.00000000
vn -0.00000000 -1.00000000 -0.00000000
vn -0.00000000 -1.00000000 -0.00000000
vn -0.00000000 -1.00000000 -0.00000000
vn -0.00000000 -1.00000000 -0.00000000
vn -0.00000000 -1.00000000 -0.00000000
vn -0.00000000 -1.00000000 -0.00000000
vn -0.00000000 -1.00000000 -0.00000000
vn -0.00000000 -1.00000000 -0.00000000
vn -0.00000000 -1.00000000 -0.00000000
vn -0.00000000 -1.00000000 -0.00000000
vn -0.00000000 -1.00000000 -0.00000000
vn -0.00000000 -1.00000000 -0.00000000
vn -0.00000000 -1.00000000 -0.00000000
vn -0.00000000 -1.00000000 -0.00000000
vn -0.00000000 -1.00000000 -0.00000000
vn -0.00000000 -1.00000000 -0.00000000
vn -0.00000000 -1.00000000 -0.00000000
vn -0.00000000 -1.00000000 -0.00000000
vn 0.94820000 -0.31770000 -0.00000000
vn 0.94460000 -0.32830000 -0.00000000
vn 0.93700000 -0.34940000 -0.00000000
vn 0.93300000 -0.36000000 -0.00000000
vn -0.00000000 1.00000000 -0.00000000
vn -0.00000000 1.00000000 -0.00000000
vn -0.00000000 1.00000000 -0.00000000
vn -0.00000000 1.00000000 -0.00000000
vn -0.00000000 1.00000000 -0.00000000
vn -0.00000000 1.00000000 -0.00000000
vn -0.00000000 1.00000000 -0.00000000
vn -0.00000000 1.00000000 -0.00000000
vn -0.00000000 1.00000000 -0.00000000
vn -0.00000000 1.00000000 -0.00000000
vn -0.00000000 1.00000000 -0.00000000
vn -0.00000000 1.00000000 -0.00000000
vn -0.00000000 1.00000000 -0.00000000
vn -0.00000000 1.00000000 -0.00000000
vn -0.00000000 1.00000000 -0.00000000
vn -0.00000000 1.00000000 -0.00000000
vn -0.00000000 1.00000000 -0.00000000
vn -0.00000000 1.00000000 -0.00000000
vn -0.00000000 1.00000000 -0.00000000
vn -0.00000000 1.00000000 -0.00000000
vn -0.00000000 1.00000000 -0.00000000
vn -0.00000000 1.00000000 -0.00000000
vn -0.00000000 1.00000000 -0.00000000
vn -0.00000000 1.00000000 -0.00000000
vn -0.00000000 1.00000000 -0.00000000
vn -0.00000000 1.00000000 -0.00000000
vn -0.00000000 1.00000000 -0.00000000
vn -0.00000000 1.00000000 -0.00000000
vn -0.00000000 1.00000000 -0.00000000
vn -0.00000000 1.00000000 -0.00000000
vn -0.00000000 1.00000000 -0.00000000
vn -0.00000000 1.00000000 -0.00000000
vn -0.00000000 1.00000000 -0.00000000
vn -0.00000000 1.00000000 -0.00000000
vn -0.00000000 1.00000000 -0.00000000
vn -0.00000000 1.00000000 -0.00000000
vn -0.00000000 1.00000000 -0.00000000
vn -0.00000000 1.00000000 -0.00000000
vn 0.00160000 1.00000000 -0.00000000
vn -0.00000000 1.00000000 -0.00000000
vn -0.00000000 1.00000000 -0.00000000
vn -0.00000000 1.00000000 -0.00000000
vn -0.00000000 1.00000000 -0.00000000
vn -0.00000000 1.00000000 -0.00000000
vn -0.00000000 1.00000000 -0.00000000
vn -0.00000000 1.00000000 -0.00000000
vn -0.00000000 1.00000000 -0.00000000
vn -0.00000000 1.00000000 -0.00000000
vn -0.00000000 1.00000000 -0.00000000
vn -0.00000000 1.00000000 -0.00000000
vn -0.00000000 1.00000000 -0.00000000
vn -0.00000000 1.00000000 -0.00000000
vn -0.00000000 1.00000000 -0.00000000
vn -0.00000000 1.00000000 -0.00000000
vn -0.00000000 1.00000000 -0.00000000
vn -0.00000000 1.00000000 -0.00000000
vn -0.00000000 1.00000000 -0.00000000
vn -0.00000000 1.00000000 -0.00000000
vn -0.00000000 1.00000000 -0.00000000
vn -0.00000000 1.00000000 -0.00000000
vn -0.00000000 1.00000000 -0.00000000
vn -0.00000000 1.00000000 -0.00000000
vn -0.00000000 1.00000000 -0.00000000
vn -0.00000000 1.00000000 -0.00000000
vn -0.00000000 1.00000000 -0.00000000
vn -0.00000000 1.00000000 -0.00000000
vn -0.00000000 1.00000000 -0.00000000
vn 0.00140000 1.00000000 -0.00000000
vn -0.00000000 1.00000000 -0.00000000
vn -0.00000000 1.00000000 -0.00000000
vn -0.00000000 1.00000000 -0.00000000
vn -0.00000000 1.00000000 -0.00000000
vn -0.00000000 1.00000000 -0.00000000
vn -0.00000000 1.00000000 -0.00000000
vn -0.00000000 1.00000000 -0.00000000
vn -0.00000000 1.00000000 -0.00000000
vn -0.00000000 1.00000000 -0.00000000
vn -0.00000000 1.00000000 -0.00000000
vn -0.00000000 1.00000000 -0.00000000
vn -0.00000000 1.00000000 -0.00000000
vn -0.00000000 1.00000000 -0.00000000
vn -0.00000000 1.00000000 -0.00000000
vn -0.00000000 1.00000000 -0.00000000
vn -0.00000000 1.00000000 -0.00000000
vn -0.00000000 1.00000000 -0.00000000
vn -0.00000000 1.00000000 -0.00000000
vn -0.00000000 1.00000000 -0.00000000
vn -0.00000000 1.00000000 -0.00000000
vn -0.00000000 1.00000000 -0.00000000
vn -0.00000000 1.00000000 -0.00000000
vn -0.00000000 1.00000000 -0.00000000
vn -0.00000000 1.00000000 -0.00000000
vn -0.00000000 1.00000000 -0.00000000
vn -0.00000000 1.00000000 -0.00000000
vn -0.00000000 1.00000000 -0.00000000
vn -0.00000000 1.00000000 -0.00000000
vn -0.00000000 1.00000000 -0.00000000
vn -0.00000000 1.00000000 -0.00000000
vn -0.00000000 1.00000000 -0.00000000
vn -0.00000000 1.00000000 -0.00000000
vn -0.00000000 1.00000000 -0.00000000
vn -0.00000000 1.00000000 -0.00000000
vn -0.00000000 1.00000000 -0.00000000
vn -0.00000000 1.00000000 -0.00000000
vn -0.00000000 1.00000000 -0.00000000
vn -0.00000000 1.00000000 -0.00000000
vn -0.00000000 1.00000000 -0.00000000
vn -0.00000000 1.00000000 -0.00000000
vn -0.00000000 1.00000000 -0.00000000
vn -0.00000000 1.00000000 -0.00000000
vn -0.00000000 1.00000000 -0.00000000
vn -0.00000000 1.00000000 -0.00000000
vn -0.00000000 1.00000000 -0.00000000
vn -0.00000000 1.00000000 -0.00000000
vn -0.00000000 1.00000000 -0.00000000
vn -0.00000000 1.00000000 -0.00000000
vn -0.00000000 1.00000000 -0.00000000
vn -0.00000000 1.00000000 -0.00000000
vn -0.00000000 1.00000000 -0.00000000
vn -0.00000000 1.00000000 -0.00000000
vn -0.00000000 1.00000000 -0.00000000
vn -0.00000000 1.00000000 -0.00000000
vn -0.00000000 1.00000000 -0.00000000
vn -0.00000000 1.00000000 -0.00000000
vn -0.00000000 1.00000000 -0.00000000
vn -0.00000000 1.00000000 -0.00000000
vn -0.00000000 1.00000000 -0.00000000
vn -0.00000000 1.00000000 -0.00000000
vn -0.00000000 1.00000000 -0.00000000
vn -0.00000000 1.00000000 -0.00000000
vn -0.00000000 1.00000000 -0.00000000
vn -0.00000000 1.00000000 -0.00000000
vn -0.00000000 1.00000000 -0.00000000
vn -0.00000000 1.00000000 -0.00000000
vn -0.00000000 1.00000000 -0.00000000
vn -0.00000000 1.00000000 -0.00000000
vn -0.00000000 1.00000000 -0.00000000
vn -0.00000000 1.00000000 -0.00000000
vn -0.00000000 1.00000000 -0.00000000
vn -0.00000000 1.00000000 -0.00000000
vn -0.00000000 1.00000000 -0.00000000
vn -0.00000000 1.00000000 -0.00000000
vn -0.00000000 1.00000000 -0.00000000
vn -0.00000000 1.00000000 -0.00000000
vn -0.00000000 1.00000000 -0.00000000
vn -0.00000000 1.00000000 -0.00000000
vn -0.00000000 1.00000000 -0.00000000
vn -0.00000000 1.00000000 -0.00000000
vn -0.00000000 1.00000000 -0.00000000
vn -0.00000000 1.00000000 -0.00000000
vn -0.00000000 1.00000000 -0.00000000
vn -0.00000000 1.00000000 -0.00000000
vn -0.00000000 1.00000000 -0.00000000
vn -0.00000000 1.00000000 -0.00000000
vn -0.00000000 1.00000000 -0.00000000
vn -0.00000000 1.00000000 -0.00000000
vn -0.00000000 1.00000000 -0.00000000
vn -0.00000000 1.00000000 -0.00000000
vn -0.00000000 1.00000000 -0.00000000
vn -0.00000000 1.00000000 -0.00000000
vn -0.00000000 1.00000000 -0.00000000
vn -0.00000000 1.00000000 -0.00000000
vn -0.00000000 1.00000000 -0.00000000
vn -0.00000000 1.00000000 -0.00000000
vn -0.00000000 1.00000000 -0.00000000
vn -0.00000000 1.00000000 -0.00000000
vn -0.00000000 1.00000000 -0.00000000
vn -0.00000000 1.00000000 -0.00000000
vn -0.00000000 1.00000000 -0.00000000
vn -0.00000000 1.00000000 -0.00000000
vn -0.00000000 1.00000000 -0.00000000
vn -0.00000000 1.00000000 -0.00000000
vn -0.00000000 1.00000000 -0.00000000
vn -0.00000000 1.00000000 -0.00000000
vn -0.00000000 1.00000000 -0.00000000
vn -0.00000000 1.00000000 -0.00000000
vn -0.00000000 1.00000000 -0.00000000
vn -0.00000000 1.00000000 -0.00000000
vn -0.00000000 1.00000000 -0.00000000
vn -0.00000000 1.00000000 -0.00000000
vn -0.00000000 1.00000000 -0.00000000
vn -0.00000000 1.00000000 -0.00000000
vn -0.00000000 1.00000000 -0.00000000
vn -0.00000000 1.00000000 -0.00000000
vn 0.94800000 0.31820000 -0.00000000
vn 0.94810000 0.31800000 -0.00000000
vn 0.94150000 0.33700000 -0.00000000
vn 0.93400000 0.35720000 -0.00000000
vn 0.91770000 0.39720000 -0.00000000
vn 0.90890000 0.41690000 -0.00000000
vn 0.89010000 0.45580000 -0.00000000
vn 0.88000000 0.47490000 -0.00000000
vn 0.85870000 0.51240000 -0.00000000
vn 0.84750000 0.53080000 -0.00000000
vn 0.82380000 0.56690000 -0.00000000
vn 0.81130000 0.58460000 -0.00000000
vn 0.78540000 0.61900000 -0.00000000
vn 0.77180000 0.63590000 -0.00000000
vn 0.74360000 0.66860000 -0.00000000
vn 0.72900000 0.68450000 -0.00000000
vn 0.69880000 0.71530000 -0.00000000
vn 0.68320000 0.73020000 -0.00000000
vn 0.65110000 0.75900000 -0.00000000
vn 0.63450000 0.77290000 -0.00000000
vn 0.60060000 0.79960000 -0.00000000
vn 0.58320000 0.81230000 -0.00000000
vn 0.54760000 0.83670000 -0.00000000
vn 0.52940000 0.84840000 -0.00000000
vn 0.49230000 0.87040000 -0.00000000
vn 0.47340000 0.88080000 -0.00000000
vn 0.43490000 0.90050000 -0.00000000
vn 0.41540000 0.90960000 -0.00000000
vn 0.37580000 0.92670000 -0.00000000
vn 0.35560000 0.93460000 -0.00000000
vn 0.31500000 0.94910000 -0.00000000
vn 0.29440000 0.95570000 -0.00000000
vn 0.25290000 0.96750000 -0.00000000
vn 0.23200000 0.97270000 -0.00000000
vn 0.18980000 0.98180000 -0.00000000
vn 0.16850000 0.98570000 -0.00000000
vn 0.12580000 0.99210000 -0.00000000
vn 0.10440000 0.99450000 -0.00000000
vn 0.06140000 0.99810000 -0.00000000
vn 0.03980000 0.99920000 -0.00000000
vn -0.00330000 1.00000000 -0.00000000
vn -0.02500000 0.99970000 -0.00000000
vn -0.06810000 0.99770000 -0.00000000
vn -0.08960000 0.99600000 -0.00000000
vn -0.13250000 0.99120000 -0.00000000
vn -0.15390000 0.98810000 -0.00000000
vn -0.19630000 0.98050000 -0.00000000
vn -0.21750000 0.97610000 -0.00000000
vn -0.25940000 0.96580000 -0.00000000
vn -0.28020000 0.95990000 -0.00000000
vn -0.32130000 0.94700000 -0.00000000
vn -0.34170000 0.93980000 -0.00000000
vn -0.38200000 0.92420000 -0.00000000
vn -0.40180000 0.91570000 -0.00000000
vn -0.44100000 0.89750000 -0.00000000
vn -0.46020000 0.88780000 -0.00000000
vn -0.49810000 0.86710000 -0.00000000
vn -0.51670000 0.85620000 -0.00000000
vn -0.55320000 0.83310000 -0.00000000
vn -0.57110000 0.82090000 -0.00000000
vn -0.60590000 0.79550000 -0.00000000
vn -0.62300000 0.78220000 -0.00000000
vn -0.65620000 0.75460000 -0.00000000
vn -0.67230000 0.74030000 -0.00000000
vn -0.70360000 0.71060000 -0.00000000
vn -0.71880000 0.69520000 -0.00000000
vn -0.74810000 0.66360000 -0.00000000
vn -0.76230000 0.64720000 -0.00000000
vn -0.78950000 0.61380000 -0.00000000
vn -0.80260000 0.59660000 -0.00000000
vn -0.82760000 0.56140000 -0.00000000
vn -0.83950000 0.54340000 -0.00000000
vn -0.86220000 0.50660000 -0.00000000
vn -0.87290000 0.48790000 -0.00000000
vn -0.89310000 0.44980000 -0.00000000
vn -0.90260000 0.43040000 -0.00000000
vn -0.92040000 0.39100000 -0.00000000
vn -0.92860000 0.37110000 -0.00000000
vn -0.94370000 0.33070000 -0.00000000
vn -0.95070000 0.31020000 -0.00000000
vn -0.96320000 0.26890000 -0.00000000
vn -0.96880000 0.24800000 -0.00000000
vn -0.97860000 0.20600000 -0.00000000
vn -0.98280000 0.18480000 -0.00000000
vn -0.98980000 0.14220000 -0.00000000
vn -0.99270000 0.12080000 -0.00000000
vn -0.99700000 0.07790000 -0.00000000
vn -0.99840000 0.05630000 -0.00000000
vn -0.99990000 0.01320000 -0.00000000
vn -1.00000000 -0.00840000 -0.00000000
vn -0.99870000 -0.05150000 -0.00000000
vn -0.99730000 -0.07310000 -0.00000000
vn -0.99320000 -0.11600000 -0.00000000
vn -0.99050000 -0.13750000 -0.00000000
vn -0.98360000 -0.18010000 -0.00000000
vn -0.97950000 -0.20130000 -0.00000000
vn -0.96990000 -0.24340000 -0.00000000
vn -0.96440000 -0.26430000 -0.00000000
vn -0.95870000 -0.28460000 -0.00000000
vn -0.95870000 -0.28460000 -0.00000000
vn -0.94820000 0.31770000 -0.00000000
vn -0.94460000 0.32830000 -0.00000000
vn -0.93700000 0.34920000 -0.00000000
vn -0.93310000 0.35960000 -0.00000000
vn 0.05930000 0.99820000 -0.00000000
vn 0.08290000 0.99660000 -0.00000000
vn 0.13010000 0.99150000 -0.00000000
vn 0.15360000 0.98810000 -0.00000000
vn 0.20030000 0.97970000 -0.00000000
vn 0.22350000 0.97470000 -0.00000000
vn 0.26950000 0.96300000 -0.00000000
vn 0.29220000 0.95640000 -0.00000000
vn 0.33730000 0.94140000 -0.00000000
vn 0.35950000 0.93320000 -0.00000000
vn 0.40330000 0.91510000 -0.00000000
vn 0.42490000 0.90520000 -0.00000000
vn 0.46740000 0.88410000 -0.00000000
vn 0.48820000 0.87270000 -0.00000000
vn 0.52910000 0.84860000 -0.00000000
vn 0.54900000 0.83580000 -0.00000000
vn 0.58810000 0.80880000 -0.00000000
vn 0.60710000 0.79460000 -0.00000000
vn 0.64410000 0.76490000 -0.00000000
vn 0.66200000 0.74950000 -0.00000000
vn 0.69690000 0.71720000 -0.00000000
vn 0.71370000 0.70050000 -0.00000000
vn 0.74610000 0.66590000 -0.00000000
vn 0.76170000 0.64800000 -0.00000000
vn 0.79160000 0.61110000 -0.00000000
vn 0.80580000 0.59220000 -0.00000000
vn 0.83300000 0.55330000 -0.00000000
vn 0.84590000 0.53340000 -0.00000000
vn 0.87030000 0.49260000 -0.00000000
vn 0.88170000 0.47190000 -0.00000000
vn 0.90310000 0.42950000 -0.00000000
vn 0.91300000 0.40800000 -0.00000000
vn 0.93130000 0.36420000 -0.00000000
vn 0.93970000 0.34200000 -0.00000000
vn 0.05670000 -0.99840000 -0.00000000
vn 0.07930000 -0.99690000 -0.00000000
vn 0.12450000 -0.99220000 -0.00000000
vn 0.14690000 -0.98920000 -0.00000000
vn 0.19170000 -0.98150000 -0.00000000
vn 0.21390000 -0.97690000 -0.00000000
vn 0.25800000 -0.96610000 -0.00000000
vn 0.27980000 -0.96010000 -0.00000000
vn 0.32310000 -0.94640000 -0.00000000
vn 0.34450000 -0.93880000 -0.00000000
vn 0.38670000 -0.92220000 -0.00000000
vn 0.40750000 -0.91320000 -0.00000000
vn 0.44860000 -0.89370000 -0.00000000
vn 0.46870000 -0.88340000 -0.00000000
vn 0.50830000 -0.86120000 -0.00000000
vn 0.52770000 -0.84940000 -0.00000000
vn 0.56570000 -0.82460000 -0.00000000
vn 0.58420000 -0.81160000 -0.00000000
vn 0.62050000 -0.78420000 -0.00000000
vn 0.63810000 -0.77000000 -0.00000000
vn 0.67240000 -0.74020000 -0.00000000
vn 0.68900000 -0.72480000 -0.00000000
vn 0.72120000 -0.69270000 -0.00000000
vn 0.73670000 -0.67620000 -0.00000000
vn 0.76660000 -0.64210000 -0.00000000
vn 0.78100000 -0.62460000 -0.00000000
vn 0.80850000 -0.58850000 -0.00000000
vn 0.82160000 -0.57000000 -0.00000000
vn 0.84670000 -0.53210000 -0.00000000
vn 0.85850000 -0.51280000 -0.00000000
vn 0.88090000 -0.47330000 -0.00000000
vn 0.89140000 -0.45320000 -0.00000000
vn 0.91110000 -0.41230000 -0.00000000
vn 0.92020000 -0.39150000 -0.00000000
vn 0.95830000 -0.28590000 -0.00000000
vn 0.96440000 -0.26460000 -0.00000000
vn 0.97520000 -0.22140000 -0.00000000
vn 0.97990000 -0.19970000 -0.00000000
vn 0.98780000 -0.15590000 -0.00000000
vn 0.99100000 -0.13400000 -0.00000000
vn 0.99600000 -0.08980000 -0.00000000
vn 0.99770000 -0.06760000 -0.00000000
vn 0.99970000 -0.02320000 -0.00000000
vn 1.00000000 -0.00100000 -0.00000000
vn 0.99910000 0.04350000 -0.00000000
vn 0.99780000 0.06570000 -0.00000000
vn 0.99390000 0.11000000 -0.00000000
vn 0.99130000 0.13200000 -0.00000000
vn 0.98440000 0.17600000 -0.00000000
vn 0.98020000 0.19780000 -0.00000000
vn 0.97050000 0.24120000 -0.00000000
vn 0.96490000 0.26270000 -0.00000000
vn -0.57610000 0.81740000 -0.00000000
vn -0.59410000 0.80440000 -0.00000000
vn -0.62930000 0.77720000 -0.00000000
vn -0.64630000 0.76300000 -0.00000000
vn -0.67960000 0.73360000 -0.00000000
vn -0.69580000 0.71830000 -0.00000000
vn -0.72700000 0.68660000 -0.00000000
vn -0.74210000 0.67030000 -0.00000000
vn -0.77120000 0.63660000 -0.00000000
vn -0.78510000 0.61940000 -0.00000000
vn -0.81190000 0.58380000 -0.00000000
vn -0.82460000 0.56570000 -0.00000000
vn -0.84900000 0.52840000 -0.00000000
vn -0.86050000 0.50940000 -0.00000000
vn -0.88230000 0.47070000 -0.00000000
vn -0.89250000 0.45100000 -0.00000000
vn -0.91170000 0.41080000 -0.00000000
vn -0.92060000 0.39050000 -0.00000000
vn -0.96490000 -0.26270000 -0.00000000
vn -0.97050000 -0.24120000 -0.00000000
vn -0.98020000 -0.19780000 -0.00000000
vn -0.98440000 -0.17600000 -0.00000000
vn -0.99120000 -0.13210000 -0.00000000
vn -0.99390000 -0.11000000 -0.00000000
vn -0.99780000 -0.06570000 -0.00000000
vn -0.99910000 -0.04350000 -0.00000000
vn -1.00000000 0.00090000 -0.00000000
vn -0.99970000 0.02320000 -0.00000000
vn -0.99770000 0.06760000 -0.00000000
vn -0.99600000 0.08980000 -0.00000000
vn -0.99100000 0.13400000 -0.00000000
vn -0.98780000 0.15590000 -0.00000000
vn -0.97990000 0.19970000 -0.00000000
vn -0.97520000 0.22140000 -0.00000000
vn -0.96440000 0.26460000 -0.00000000
vn -0.95830000 0.28590000 -0.00000000
vn 0.99990000 0.01170000 -0.00000000
vn 0.99990000 -0.01170000 -0.00000000
vn 0.99830000 -0.05880000 -0.00000000
vn 0.99660000 -0.08230000 -0.00000000
vn 0.99160000 -0.12910000 -0.00000000
vn 0.98830000 -0.15230000 -0.00000000
vn 0.98010000 -0.19870000 -0.00000000
vn 0.97510000 -0.22170000 -0.00000000
vn 0.96360000 -0.26730000 -0.00000000
vn 0.95710000 -0.28990000 -0.00000000
vn 0.94230000 -0.33470000 -0.00000000
vn 0.93420000 -0.35670000 -0.00000000
vn 0.91640000 -0.40030000 -0.00000000
vn 0.90670000 -0.42170000 -0.00000000
vn 0.88590000 -0.46390000 -0.00000000
vn 0.87470000 -0.48460000 -0.00000000
vn 0.85090000 -0.52530000 -0.00000000
vn 0.83840000 -0.54510000 -0.00000000
vn 0.81180000 -0.58400000 -0.00000000
vn 0.79780000 -0.60290000 -0.00000000
vn 0.76850000 -0.63980000 -0.00000000
vn 0.75330000 -0.65770000 -0.00000000
vn 0.72150000 -0.69240000 -0.00000000
vn 0.70500000 -0.70920000 -0.00000000
vn 0.67090000 -0.74160000 -0.00000000
vn 0.65330000 -0.75710000 -0.00000000
vn 0.61690000 -0.78710000 -0.00000000
vn 0.59820000 -0.80130000 -0.00000000
vn 0.55980000 -0.82860000 -0.00000000
vn 0.54020000 -0.84150000 -0.00000000
vn 0.50000000 -0.86600000 -0.00000000
vn 0.47960000 -0.87750000 -0.00000000
vn 0.43760000 -0.89920000 -0.00000000
vn 0.41640000 -0.90920000 -0.00000000
vn 0.37310000 -0.92780000 -0.00000000
vn 0.35120000 -0.93630000 -0.00000000
vn 0.30680000 -0.95180000 -0.00000000
vn 0.28430000 -0.95870000 -0.00000000
vn 0.23890000 -0.97110000 -0.00000000
vn 0.21600000 -0.97640000 -0.00000000
vn 0.16980000 -0.98550000 -0.00000000
vn 0.14660000 -0.98920000 -0.00000000
vn 0.09980000 -0.99500000 -0.00000000
vn 0.07640000 -0.99710000 -0.00000000
vn 0.02940000 -0.99960000 -0.00000000
vn 0.00590000 -1.00000000 -0.00000000
vn -0.04120000 -0.99920000 -0.00000000
vn -0.06470000 -0.99790000 -0.00000000
vn -0.11160000 -0.99380000 -0.00000000
vn -0.13490000 -0.99090000 -0.00000000
vn -0.18140000 -0.98340000 -0.00000000
vn -0.20440000 -0.97890000 -0.00000000
vn -0.25030000 -0.96820000 -0.00000000
vn -0.27300000 -0.96200000 -0.00000000
vn -0.31800000 -0.94810000 -0.00000000
vn -0.34020000 -0.94040000 -0.00000000
vn -0.38410000 -0.92330000 -0.00000000
vn -0.40560000 -0.91400000 -0.00000000
vn -0.44820000 -0.89390000 -0.00000000
vn -0.46910000 -0.88310000 -0.00000000
vn -0.51020000 -0.86010000 -0.00000000
vn -0.53020000 -0.84790000 -0.00000000
vn -0.56960000 -0.82190000 -0.00000000
vn -0.58870000 -0.80830000 -0.00000000
vn -0.62610000 -0.77970000 -0.00000000
vn -0.64430000 -0.76480000 -0.00000000
vn -0.67960000 -0.73360000 -0.00000000
vn -0.69660000 -0.71740000 -0.00000000
vn -0.72960000 -0.68380000 -0.00000000
vn -0.74550000 -0.66650000 -0.00000000
vn -0.77600000 -0.63070000 -0.00000000
vn -0.79060000 -0.61230000 -0.00000000
vn -0.81860000 -0.57440000 -0.00000000
vn -0.83190000 -0.55500000 -0.00000000
vn -0.85710000 -0.51520000 -0.00000000
vn -0.86900000 -0.49490000 -0.00000000
vn -0.89130000 -0.45350000 -0.00000000
vn -0.90170000 -0.43240000 -0.00000000
vn -0.92100000 -0.38950000 -0.00000000
vn -0.92990000 -0.36770000 -0.00000000
vn -0.94620000 -0.32350000 -0.00000000
vn -0.95360000 -0.30120000 -0.00000000
vn -0.96670000 -0.25600000 -0.00000000
vn -0.97240000 -0.23320000 -0.00000000
vn -0.98230000 -0.18710000 -0.00000000
vn -0.98650000 -0.16400000 -0.00000000
vn -0.99310000 -0.11740000 -0.00000000
vn -0.99560000 -0.09400000 -0.00000000
vn -0.99890000 -0.04700000 -0.00000000
vn -0.99970000 -0.02350000 -0.00000000
vn -0.99970000 0.02350000 -0.00000000
vn -0.99890000 0.04700000 -0.00000000
vn -0.99560000 0.09400000 -0.00000000
vn -0.99310000 0.11740000 -0.00000000
vn -0.98650000 0.16400000 -0.00000000
vn -0.98230000 0.18710000 -0.00000000
vn -0.97240000 0.23320000 -0.00000000
vn -0.96670000 0.25600000 -0.00000000
vn -0.95360000 0.30120000 -0.00000000
vn -0.94620000 0.32350000 -0.00000000
vn -0.92990000 0.36770000 -0.00000000
vn -0.92100000 0.38950000 -0.00000000
vn -0.90170000 0.43240000 -0.00000000
vn -0.89130000 0.45350000 -0.00000000
vn -0.86890000 0.49490000 -0.00000000
vn -0.85710000 0.51520000 -0.00000000
vn -0.83190000 0.55500000 -0.00000000
vn -0.81860000 0.57440000 -0.00000000
vn -0.79060000 0.61230000 -0.00000000
vn -0.77600000 0.63070000 -0.00000000
vn -0.74550000 0.66650000 -0.00000000
vn -0.72960000 0.68390000 -0.00000000
vn -0.69660000 0.71750000 -0.00000000
vn -0.67960000 0.73360000 -0.00000000
vn -0.64430000 0.76480000 -0.00000000
vn -0.62610000 0.77970000 -0.00000000
vn -0.58870000 0.80830000 -0.00000000
vn -0.56960000 0.82190000 -0.00000000
vn -0.53020000 0.84790000 -0.00000000
vn -0.51020000 0.86010000 -0.00000000
vn -0.46910000 0.88310000 -0.00000000
vn -0.44820000 0.89390000 -0.00000000
vn -0.40560000 0.91400000 -0.00000000
vn -0.38410000 0.92330000 -0.00000000
vn -0.34020000 0.94040000 -0.00000000
vn -0.31800000 0.94810000 -0.00000000
vn -0.27300000 0.96200000 -0.00000000
vn -0.25030000 0.96820000 -0.00000000
vn -0.20440000 0.97890000 -0.00000000
vn -0.18140000 0.98340000 -0.00000000
vn -0.13490000 0.99090000 -0.00000000
vn -0.11160000 0.99380000 -0.00000000
vn -0.06470000 0.99790000 -0.00000000
vn -0.04120000 0.99910000 -0.00000000
vn 0.00590000 1.00000000 -0.00000000
vn 0.02940000 0.99960000 -0.00000000
vn 0.07640000 0.99710000 -0.00000000
vn 0.09980000 0.99500000 -0.00000000
vn 0.14660000 0.98920000 -0.00000000
vn 0.16980000 0.98550000 -0.00000000
vn 0.21600000 0.97640000 -0.00000000
vn 0.23890000 0.97110000 -0.00000000
vn 0.28430000 0.95870000 -0.00000000
vn 0.30680000 0.95180000 -0.00000000
vn 0.35120000 0.93630000 -0.00000000
vn 0.37310000 0.92780000 -0.00000000
vn 0.41640000 0.90920000 -0.00000000
vn 0.43770000 0.89910000 -0.00000000
vn 0.47950000 0.87750000 -0.00000000
vn 0.50000000 0.86600000 -0.00000000
vn 0.54020000 0.84150000 -0.00000000
vn 0.55980000 0.82860000 -0.00000000
vn 0.59820000 0.80130000 -0.00000000
vn 0.61690000 0.78710000 -0.00000000
vn 0.65330000 0.75710000 -0.00000000
vn 0.67090000 0.74160000 -0.00000000
vn 0.70500000 0.70920000 -0.00000000
vn 0.72150000 0.69240000 -0.00000000
vn 0.75330000 0.65770000 -0.00000000
vn 0.76860000 0.63980000 -0.00000000
vn 0.79780000 0.60290000 -0.00000000
vn 0.81180000 0.58400000 -0.00000000
vn 0.83840000 0.54510000 -0.00000000
vn 0.85090000 0.52530000 -0.00000000
vn 0.87470000 0.48460000 -0.00000000
vn 0.88590000 0.46390000 -0.00000000
vn 0.90670000 0.42170000 -0.00000000
vn 0.91640000 0.40030000 -0.00000000
vn 0.93420000 0.35670000 -0.00000000
vn 0.94230000 0.33470000 -0.00000000
vn 0.95710000 0.28990000 -0.00000000
vn 0.96360000 0.26730000 -0.00000000
vn 0.97510000 0.22170000 -0.00000000
vn 0.98010000 0.19870000 -0.00000000
vn 0.98830000 0.15230000 -0.00000000
vn 0.99160000 0.12910000 -0.00000000
vn 0.99660000 0.08230000 -0.00000000
vn 0.99830000 0.05880000 -0.00000000
vn -0.00000000 -0.00000000 -1.00000000
vn -0.00000000 -0.00000000 -1.00000000
vn -0.00000000 -0.00000000 -1.00000000
vn -0.00000000 -0.00000000 -1.00000000
vn -0.00000000 -0.00000000 -1.00000000
vn -0.00000000 -0.00000000 -1.00000000
vn -0.00000000 -0.00000000 -1.00000000
vn -0.00000000 -0.00000000 -1.00000000
vn -0.00000000 -0.00000000 -1.00000000
vn -0.00000000 -0.00000000 -1.00000000
vn -0.00000000 -0.00000000 -1.00000000
vn -0.00000000 -0.00000000 -1.00000000
vn -0.00000000 -0.00000000 -1.00000000
vn -0.00000000 -0.00000000 -1.00000000
vn -0.00000000 -0.00000000 -1.00000000
vn -0.00000000 -0.00000000 -1.00000000
vn -0.00000000 -0.00000000 -1.00000000
vn -0.00000000 -0.00000000 -1.00000000
vn -0.00000000 -0.00000000 -1.00000000
vn -0.00000000 -0.00000000 -1.00000000
vn -0.00000000 -0.00000000 -1.00000000
vn -0.00000000 -0.00000000 -1.00000000
vn -0.00000000 -0.00000000 -1.00000000
vn -0.00000000 -0.00000000 -1.00000000
vn -0.00000000 -0.00000000 -1.00000000
vn -0.00000000 -0.00000000 -1.00000000
vn -0.00000000 -0.00000000 -1.00000000
vn -0.00000000 -0.00000000 -1.00000000
vn -0.00000000 -0.00000000 -1.00000000
vn -0.00000000 -0.00000000 -1.00000000
vn -0.00000000 -0.00000000 -1.00000000
vn -0.00000000 -0.00000000 -1.00000000
vn -0.00000000 -0.00000000 -1.00000000
vn -0.00000000 -0.00000000 -1.00000000
vn -0.00000000 -0.00000000 -1.00000000
vn -0.00000000 -0.00000000 -1.00000000
vn -0.00000000 -0.00000000 -1.00000000
vn -0.00000000 -0.00000000 -1.00000000
vn -0.00000000 -0.00000000 -1.00000000
vn -0.00000000 -0.00000000 -1.00000000
vn -0.00000000 -0.00000000 -1.00000000
vn -0.00000000 -0.00000000 -1.00000000
vn -0.00000000 -0.00000000 -1.00000000
vn -0.00000000 -0.00000000 -1.00000000
vn -0.00000000 -0.00000000 -1.00000000
vn -0.00000000 -0.00000000 -1.00000000
vn -0.00000000 -0.00000000 -1.00000000
vn -0.00000000 -0.00000000 -1.00000000
vn -0.00000000 -0.00000000 -1.00000000
vn -0.00000000 -0.00000000 -1.00000000
vn -0.00000000 -0.00000000 -1.00000000
vn -0.00000000 -0.00000000 -1.00000000
vn -0.00000000 -0.00000000 -1.00000000
vn -0.00000000 -0.00000000 -1.00000000
vn -0.00000000 -0.00000000 -1.00000000
vn -0.00000000 -0.00000000 -1.00000000
vn -0.00000000 -0.00000000 -1.00000000
vn -0.00000000 -0.00000000 -1.00000000
vn -0.00000000 -0.00000000 -1.00000000
vn -0.00000000 -0.00000000 -1.00000000
vn -0.00000000 -0.00000000 -1.00000000
vn -0.00000000 -0.00000000 -1.00000000
vn -0.00000000 -0.00000000 -1.00000000
vn -0.00000000 -0.00000000 -1.00000000
vn -0.00000000 -0.00000000 -1.00000000
vn -0.00000000 -0.00000000 -1.00000000
vn -0.00000000 -0.00000000 -1.00000000
vn -0.00000000 -0.00000000 -1.00000000
vn -0.00000000 -0.00000000 -1.00000000
vn -0.00000000 -0.00000000 -1.00000000
vn -0.00000000 -0.00000000 -1.00000000
vn -0.00000000 -0.00000000 -1.00000000
vn -0.00000000 -0.00000000 -1.00000000
vn -0.00000000 -0.00000000 -1.00000000
vn -0.00000000 -0.00000000 -1.00000000
vn -0.00000000 -0.00000000 -1.00000000
vn -0.00000000 -0.00000000 -1.00000000
vn -0.00000000 -0.00000000 -1.00000000
vn -0.00000000 -0.00000000 -1.00000000
vn -0.00000000 -0.00000000 -1.00000000
vn -0.00000000 -0.00000000 -1.00000000
vn -0.00000000 -0.00000000 -1.00000000
vn -0.00000000 -0.00000000 -1.00000000
vn -0.00000000 -0.00000000 -1.00000000
vn -0.00000000 -0.00000000 -1.00000000
vn -0.00000000 -0.00000000 -1.00000000
vn -0.00000000 -0.00000000 -1.00000000
vn -0.00000000 -0.00000000 -1.00000000
vn -0.00000000 -0.00000000 -1.00000000
vn -0.00000000 -0.00000000 -1.00000000
vn -0.00000000 -0.00000000 -1.00000000
vn -0.00000000 -0.00000000 -1.00000000
vn -0.00000000 -0.00000000 -1.00000000
vn -0.00000000 -0.00000000 -1.00000000
vn -0.00000000 -0.00000000 -1.00000000
vn -0.00000000 -0.00000000 -1.00000000
vn -0.00000000 -0.00000000 -1.00000000
vn -0.00000000 -0.00000000 -1.00000000
vn -0.00000000 -0.00000000 -1.00000000
vn -0.00000000 -0.00000000 -1.00000000
vn -0.00000000 -0.00000000 -1.00000000
vn -0.00000000 -0.00000000 -1.00000000
vn -0.00000000 -0.00000000 -1.00000000
vn -0.00000000 -0.00000000 -1.00000000
vn -0.00000000 -0.00000000 -1.00000000
vn -0.00000000 -0.00000000 -1.00000000
vn -0.00000000 -0.00000000 -1.00000000
vn -0.00000000 -0.00000000 -1.00000000
vn -0.00000000 -0.00000000 -1.00000000
vn -0.00000000 -0.00000000 -1.00000000
vn -0.00000000 -0.00000000 -1.00000000
vn -0.00000000 -0.00000000 -1.00000000
vn -0.00000000 -0.00000000 -1.00000000
vn -0.00000000 -0.00000000 -1.00000000
vn -0.00000000 -0.00000000 -1.00000000
vn -0.00000000 -0.00000000 -1.00000000
vn -0.00000000 -0.00000000 -1.00000000
vn -0.00000000 -0.00000000 -1.00000000
vn -0.00000000 -0.00000000 -1.00000000
vn -0.00000000 -0.00000000 -1.00000000
vn -0.00000000 -0.00000000 -1.00000000
vn -0.00000000 -0.00000000 -1.00000000
vn -0.00000000 -0.00000000 -1.00000000
vn -0.00000000 -0.00000000 -1.00000000
vn -0.00000000 -0.00000000 -1.00000000
vn -0.00000000 -0.00000000 -1.00000000
vn -0.00000000 -0.00000000 -1.00000000
vn -0.00000000 -0.00000000 -1.00000000
vn -0.00000000 -0.00000000 -1.00000000
vn -0.00000000 -0.00000000 -1.00000000
vn -0.00000000 -0.00000000 -1.00000000
vn -0.00000000 -0.00000000 -1.00000000
vn -0.00000000 -0.00000000 -1.00000000
vn -0.00000000 -0.00000000 -1.00000000
vn -0.00000000 -0.00000000 -1.00000000
vn -0.00000000 -0.00000000 -1.00000000
vn -0.00000000 -0.00000000 -1.00000000
vn -0.00000000 -0.00000000 -1.00000000
vn -0.00000000 -0.00000000 -1.00000000
vn -0.00000000 -0.00000000 -1.00000000
vn -0.00000000 -0.00000000 -1.00000000
vn -0.00000000 -0.00000000 -1.00000000
vn -0.00000000 -0.00000000 -1.00000000
vn -0.00000000 -0.00000000 -1.00000000
vn -0.00000000 -0.00000000 -1.00000000
vn -0.00000000 -0.00000000 -1.00000000
vn -0.00000000 -0.00000000 -1.00000000
vn -0.00000000 -0.00000000 -1.00000000
vn -0.00000000 -0.00000000 -1.00000000
vn -0.00000000 -0.00000000 -1.00000000
vn -0.00000000 -0.00000000 -1.00000000
vn -0.00000000 -0.00000000 -1.00000000
vn -0.00000000 -0.00000000 -1.00000000
vn -0.00000000 -0.00000000 -1.00000000
vn -0.00000000 -0.00000000 -1.00000000
vn -0.00000000 -0.00000000 -1.00000000
vn -0.00000000 -0.00000000 -1.00000000
vn -0.00000000 -0.00000000 -1.00000000
vn -0.00000000 -0.00000000 -1.00000000
vn -0.00000000 -0.00000000 -1.00000000
vn -0.00000000 -0.00000000 -1.00000000
vn -0.00000000 -0.00000000 -1.00000000
vn -0.00000000 -0.00000000 -1.00000000
vn -0.00000000 -0.00000000 -1.00000000
vn -0.00000000 -0.00000000 -1.00000000
vn -0.00000000 -0.00000000 -1.00000000
vn -0.00000000 -0.00000000 -1.00000000
vn -0.00000000 -0.00000000 -1.00000000
vn -0.00000000 -0.00000000 -1.00000000
vn -0.00000000 -0.00000000 -1.00000000
vn -0.00000000 -0.00000000 -1.00000000
vn -0.00000000 -0.00000000 -1.00000000
vn -0.00000000 -0.00000000 -1.00000000
vn -0.00000000 -0.00000000 -1.00000000
vn -0.00000000 -0.00000000 -1.00000000
vn -0.00000000 -0.00000000 -1.00000000
vn -0.00000000 -0.00000000 -1.00000000
vn -0.00000000 -0.00000000 -1.00000000
vn -0.00000000 -0.00000000 -1.00000000
vn -0.00000000 -0.00000000 -1.00000000
vn 0.99990000 0.01170000 -0.00000000
vn 0.99990000 -0.01170000 -0.00000000
vn 0.99830000 -0.05880000 -0.00000000
vn 0.99660000 -0.08230000 -0.00000000
vn 0.99160000 -0.12910000 -0.00000000
vn 0.98830000 -0.15230000 -0.00000000
vn 0.98010000 -0.19870000 -0.00000000
vn 0.97510000 -0.22170000 -0.00000000
vn 0.96360000 -0.26740000 -0.00000000
vn 0.95710000 -0.28990000 -0.00000000
vn 0.94230000 -0.33470000 -0.00000000
vn 0.93420000 -0.35670000 -0.00000000
vn 0.91640000 -0.40030000 -0.00000000
vn 0.90670000 -0.42170000 -0.00000000
vn 0.88590000 -0.46390000 -0.00000000
vn 0.87470000 -0.48460000 -0.00000000
vn 0.85090000 -0.52530000 -0.00000000
vn 0.83840000 -0.54510000 -0.00000000
vn 0.81180000 -0.58400000 -0.00000000
vn 0.79780000 -0.60290000 -0.00000000
vn 0.76850000 -0.63980000 -0.00000000
vn 0.75330000 -0.65770000 -0.00000000
vn 0.72150000 -0.69240000 -0.00000000
vn 0.70500000 -0.70920000 -0.00000000
vn 0.67090000 -0.74160000 -0.00000000
vn 0.65330000 -0.75710000 -0.00000000
vn 0.61690000 -0.78710000 -0.00000000
vn 0.59820000 -0.80130000 -0.00000000
vn 0.55980000 -0.82860000 -0.00000000
vn 0.54020000 -0.84150000 -0.00000000
vn 0.50000000 -0.86600000 -0.00000000
vn 0.47950000 -0.87750000 -0.00000000
vn 0.43770000 -0.89910000 -0.00000000
vn 0.41640000 -0.90920000 -0.00000000
vn 0.37310000 -0.92780000 -0.00000000
vn 0.35120000 -0.93630000 -0.00000000
vn 0.30680000 -0.95180000 -0.00000000
vn 0.28430000 -0.95870000 -0.00000000
vn 0.23890000 -0.97100000 -0.00000000
vn 0.21600000 -0.97640000 -0.00000000
vn 0.16980000 -0.98550000 -0.00000000
vn 0.14660000 -0.98920000 -0.00000000
vn 0.09980000 -0.99500000 -0.00000000
vn 0.07640000 -0.99710000 -0.00000000
vn 0.02940000 -0.99960000 -0.00000000
vn 0.00590000 -1.00000000 -0.00000000
vn -0.04120000 -0.99920000 -0.00000000
vn -0.06470000 -0.99790000 -0.00000000
vn -0.11160000 -0.99380000 -0.00000000
vn -0.13490000 -0.99090000 -0.00000000
vn -0.18140000 -0.98340000 -0.00000000
vn -0.20440000 -0.97890000 -0.00000000
vn -0.25030000 -0.96820000 -0.00000000
vn -0.27300000 -0.96200000 -0.00000000
vn -0.31800000 -0.94810000 -0.00000000
vn -0.34020000 -0.94040000 -0.00000000
vn -0.38410000 -0.92330000 -0.00000000
vn -0.40560000 -0.91400000 -0.00000000
vn -0.44820000 -0.89390000 -0.00000000
vn -0.46910000 -0.88310000 -0.00000000
vn -0.51020000 -0.86010000 -0.00000000
vn -0.53020000 -0.84790000 -0.00000000
vn -0.56960000 -0.82190000 -0.00000000
vn -0.58870000 -0.80830000 -0.00000000
vn -0.62610000 -0.77970000 -0.00000000
vn -0.64430000 -0.76480000 -0.00000000
vn -0.67960000 -0.73360000 -0.00000000
vn -0.69660000 -0.71750000 -0.00000000
vn -0.72960000 -0.68380000 -0.00000000
vn -0.74550000 -0.66650000 -0.00000000
vn -0.77600000 -0.63070000 -0.00000000
vn -0.79060000 -0.61230000 -0.00000000
vn -0.81860000 -0.57440000 -0.00000000
vn -0.83190000 -0.55500000 -0.00000000
vn -0.85710000 -0.51520000 -0.00000000
vn -0.86890000 -0.49490000 -0.00000000
vn -0.89130000 -0.45350000 -0.00000000
vn -0.90170000 -0.43240000 -0.00000000
vn -0.92100000 -0.38950000 -0.00000000
vn -0.92990000 -0.36770000 -0.00000000
vn -0.94620000 -0.32350000 -0.00000000
vn -0.95360000 -0.30120000 -0.00000000
vn -0.96670000 -0.25600000 -0.00000000
vn -0.97240000 -0.23320000 -0.00000000
vn -0.98230000 -0.18710000 -0.00000000
vn -0.98650000 -0.16400000 -0.00000000
vn -0.99310000 -0.11740000 -0.00000000
vn -0.99560000 -0.09400000 -0.00000000
vn -0.99890000 -0.04700000 -0.00000000
vn -0.99970000 -0.02350000 -0.00000000
vn -0.99970000 0.02350000 -0.00000000
vn -0.99890000 0.04700000 -0.00000000
vn -0.99560000 0.09400000 -0.00000000
vn -0.99310000 0.11740000 -0.00000000
vn -0.98650000 0.16400000 -0.00000000
vn -0.98230000 0.18710000 -0.00000000
vn -0.97240000 0.23320000 -0.00000000
vn -0.96670000 0.25600000 -0.00000000
vn -0.95360000 0.30120000 -0.00000000
vn -0.94620000 0.32350000 -0.00000000
vn -0.92990000 0.36770000 -0.00000000
vn -0.92100000 0.38950000 -0.00000000
vn -0.90170000 0.43240000 -0.00000000
vn -0.89130000 0.45350000 -0.00000000
vn -0.86890000 0.49490000 -0.00000000
vn -0.85710000 0.51520000 -0.00000000
vn -0.83190000 0.55500000 -0.00000000
vn -0.81860000 0.57440000 -0.00000000
vn -0.79060000 0.61230000 -0.00000000
vn -0.77600000 0.63070000 -0.00000000
vn -0.74550000 0.66650000 -0.00000000
vn -0.72960000 0.68380000 -0.00000000
vn -0.69660000 0.71740000 -0.00000000
vn -0.67960000 0.73360000 -0.00000000
vn -0.64430000 0.76480000 -0.00000000
vn -0.62610000 0.77970000 -0.00000000
vn -0.58870000 0.80830000 -0.00000000
vn -0.56960000 0.82190000 -0.00000000
vn -0.53020000 0.84790000 -0.00000000
vn -0.51020000 0.86010000 -0.00000000
vn -0.46910000 0.88310000 -0.00000000
vn -0.44820000 0.89390000 -0.00000000
vn -0.40560000 0.91400000 -0.00000000
vn -0.38410000 0.92330000 -0.00000000
vn -0.34020000 0.94040000 -0.00000000
vn -0.31800000 0.94810000 -0.00000000
vn -0.27300000 0.96200000 -0.00000000
vn -0.25030000 0.96820000 -0.00000000
vn -0.20440000 0.97890000 -0.00000000
vn -0.18140000 0.98340000 -0.00000000
vn -0.13490000 0.99090000 -0.00000000
vn -0.11160000 0.99380000 -0.00000000
vn -0.06470000 0.99790000 -0.00000000
vn -0.04120000 0.99910000 -0.00000000
vn 0.00590000 1.00000000 -0.00000000
vn 0.02940000 0.99960000 -0.00000000
vn 0.07640000 0.99710000 -0.00000000
vn 0.09980000 0.99500000 -0.00000000
vn 0.14660000 0.98920000 -0.00000000
vn 0.16980000 0.98550000 -0.00000000
vn 0.21600000 0.97640000 -0.00000000
vn 0.23890000 0.97100000 -0.00000000
vn 0.28430000 0.95870000 -0.00000000
vn 0.30680000 0.95180000 -0.00000000
vn 0.35120000 0.93630000 -0.00000000
vn 0.37310000 0.92780000 -0.00000000
vn 0.41640000 0.90920000 -0.00000000
vn 0.43770000 0.89910000 -0.00000000
vn 0.47960000 0.87750000 -0.00000000
vn 0.50000000 0.86600000 -0.00000000
vn 0.54020000 0.84150000 -0.00000000
vn 0.55980000 0.82860000 -0.00000000
vn 0.59820000 0.80130000 -0.00000000
vn 0.61690000 0.78710000 -0.00000000
vn 0.65330000 0.75710000 -0.00000000
vn 0.67090000 0.74160000 -0.00000000
vn 0.70500000 0.70920000 -0.00000000
vn 0.72150000 0.69240000 -0.00000000
vn 0.75330000 0.65770000 -0.00000000
vn 0.76850000 0.63980000 -0.00000000
vn 0.79780000 0.60290000 -0.00000000
vn 0.81180000 0.58400000 -0.00000000
vn 0.83840000 0.54510000 -0.00000000
vn 0.85090000 0.52530000 -0.00000000
vn 0.87470000 0.48460000 -0.00000000
vn 0.88590000 0.46390000 -0.00000000
vn 0.90670000 0.42170000 -0.00000000
vn 0.91640000 0.40030000 -0.00000000
vn 0.93420000 0.35670000 -0.00000000
vn 0.94230000 0.33470000 -0.00000000
vn 0.95710000 0.28990000 -0.00000000
vn 0.96360000 0.26740000 -0.00000000
vn 0.97510000 0.22170000 -0.00000000
vn 0.98010000 0.19870000 -0.00000000
vn 0.98830000 0.15230000 -0.00000000
vn 0.99160000 0.12910000 -0.00000000
vn 0.99660000 0.08230000 -0.00000000
vn 0.99830000 0.05880000 -0.00000000
vn -0.00000000 -0.00000000 -1.00000000
vn -0.00000000 -0.00000000 -1.00000000
vn -0.00000000 -0.00000000 -1.00000000
vn -0.00000000 -0.00000000 -1.00000000
vn -0.00000000 -0.00000000 -1.00000000
vn -0.00000000 -0.00000000 -1.00000000
vn -0.00000000 -0.00000000 -1.00000000
vn -0.00000000 -0.00000000 -1.00000000
vn -0.00000000 -0.00000000 -1.00000000
vn -0.00000000 -0.00000000 -1.00000000
vn -0.00000000 -0.00000000 -1.00000000
vn -0.00000000 -0.00000000 -1.00000000
vn -0.00000000 -0.00000000 -1.00000000
vn -0.00000000 -0.00000000 -1.00000000
vn -0.00000000 -0.00000000 -1.00000000
vn -0.00000000 -0.00000000 -1.00000000
vn -0.00000000 -0.00000000 -1.00000000
vn -0.00000000 -0.00000000 -1.00000000
vn -0.00000000 -0.00000000 -1.00000000
vn -0.00000000 -0.00000000 -1.00000000
vn -0.00000000 -0.00000000 -1.00000000
vn -0.00000000 -0.00000000 -1.00000000
vn -0.00000000 -0.00000000 -1.00000000
vn -0.00000000 -0.00000000 -1.00000000
vn -0.00000000 -0.00000000 -1.00000000
vn -0.00000000 -0.00000000 -1.00000000
vn -0.00000000 -0.00000000 -1.00000000
vn -0.00000000 -0.00000000 -1.00000000
vn -0.00000000 -0.00000000 -1.00000000
vn -0.00000000 -0.00000000 -1.00000000
vn -0.00000000 -0.00000000 -1.00000000
vn -0.00000000 -0.00000000 -1.00000000
vn -0.00000000 -0.00000000 -1.00000000
vn -0.00000000 -0.00000000 -1.00000000
vn -0.00000000 -0.00000000 -1.00000000
vn -0.00000000 -0.00000000 -1.00000000
vn -0.00000000 -0.00000000 -1.00000000
vn -0.00000000 -0.00000000 -1.00000000
vn -0.00000000 -0.00000000 -1.00000000
vn -0.00000000 -0.00000000 -1.00000000
vn -0.00000000 -0.00000000 -1.00000000
vn -0.00000000 -0.00000000 -1.00000000
vn -0.00000000 -0.00000000 -1.00000000
vn -0.00000000 -0.00000000 -1.00000000
vn -0.00000000 -0.00000000 -1.00000000
vn -0.00000000 -0.00000000 -1.00000000
vn -0.00000000 -0.00000000 -1.00000000
vn -0.00000000 -0.00000000 -1.00000000
vn -0.00000000 -0.00000000 -1.00000000
vn -0.00000000 -0.00000000 -1.00000000
vn -0.00000000 -0.00000000 -1.00000000
vn -0.00000000 -0.00000000 -1.00000000
vn -0.00000000 -0.00000000 -1.00000000
vn -0.00000000 -0.00000000 -1.00000000
vn -0.00000000 -0.00000000 -1.00000000
vn -0.00000000 -0.00000000 -1.00000000
vn -0.00000000 -0.00000000 -1.00000000
vn -0.00000000 -0.00000000 -1.00000000
vn -0.00000000 -0.00000000 -1.00000000
vn -0.00000000 -0.00000000 -1.00000000
vn -0.00000000 -0.00000000 -1.00000000
vn -0.00000000 -0.00000000 -1.00000000
vn -0.00000000 -0.00000000 -1.00000000
vn -0.00000000 -0.00000000 -1.00000000
vn -0.00000000 -0.00000000 -1.00000000
vn -0.00000000 -0.00000000 -1.00000000
vn -0.00000000 -0.00000000 -1.00000000
vn -0.00000000 -0.00000000 -1.00000000
vn -0.00000000 -0.00000000 -1.00000000
vn -0.00000000 -0.00000000 -1.00000000
vn -0.00000000 -0.00000000 -1.00000000
vn -0.00000000 -0.00000000 -1.00000000
vn -0.00000000 -0.00000000 -1.00000000
vn -0.00000000 -0.00000000 -1.00000000
vn -0.00000000 -0.00000000 -1.00000000
vn -0.00000000 -0.00000000 -1.00000000
vn -0.00000000 -0.00000000 -1.00000000
vn -0.00000000 -0.00000000 -1.00000000
vn -0.00000000 -0.00000000 -1.00000000
vn -0.00000000 -0.00000000 -1.00000000
vn -0.00000000 -0.00000000 -1.00000000
vn -0.00000000 -0.00000000 -1.00000000
vn -0.00000000 -0.00000000 -1.00000000
vn -0.00000000 -0.00000000 -1.00000000
vn -0.00000000 -0.00000000 -1.00000000
vn -0.00000000 -0.00000000 -1.00000000
vn -0.00000000 -0.00000000 -1.00000000
vn -0.00000000 -0.00000000 -1.00000000
vn -0.00000000 -0.00000000 -1.00000000
vn -0.00000000 -0.00000000 -1.00000000
vn -0.00000000 -0.00000000 -1.00000000
vn -0.00000000 -0.00000000 -1.00000000
vn -0.00000000 -0.00000000 -1.00000000
vn -0.00000000 -0.00000000 -1.00000000
vn -0.00000000 -0.00000000 -1.00000000
vn -0.00000000 -0.00000000 -1.00000000
vn -0.00000000 -0.00000000 -1.00000000
vn -0.00000000 -0.00000000 -1.00000000
vn -0.00000000 -0.00000000 -1.00000000
vn -0.00000000 -0.00000000 -1.00000000
vn -0.00000000 -0.00000000 -1.00000000
vn -0.00000000 -0.00000000 -1.00000000
vn -0.00000000 -0.00000000 -1.00000000
vn -0.00000000 -0.00000000 -1.00000000
vn -0.00000000 -0.00000000 -1.00000000
vn -0.00000000 -0.00000000 -1.00000000
vn -0.00000000 -0.00000000 -1.00000000
vn -0.00000000 -0.00000000 -1.00000000
vn -0.00000000 -0.00000000 -1.00000000
vn -0.00000000 -0.00000000 -1.00000000
vn -0.00000000 -0.00000000 -1.00000000
vn -0.00000000 -0.00000000 -1.00000000
vn -0.00000000 -0.00000000 -1.00000000
vn -0.00000000 -0.00000000 -1.00000000
vn -0.00000000 -0.00000000 -1.00000000
vn -0.00000000 -0.00000000 -1.00000000
vn -0.00000000 -0.00000000 -1.00000000
vn -0.00000000 -0.00000000 -1.00000000
vn -0.00000000 -0.00000000 -1.00000000
vn -0.00000000 -0.00000000 -1.00000000
vn -0.00000000 -0.00000000 -1.00000000
vn -0.00000000 -0.00000000 -1.00000000
vn -0.00000000 -0.00000000 -1.00000000
vn -0.00000000 -0.00000000 -1.00000000
vn -0.00000000 -0.00000000 -1.00000000
vn -0.00000000 -0.00000000 -1.00000000
vn -0.00000000 -0.00000000 -1.00000000
vn -0.00000000 -0.00000000 -1.00000000
vn -0.00000000 -0.00000000 -1.00000000
vn -0.00000000 -0.00000000 -1.00000000
vn -0.00000000 -0.00000000 -1.00000000
vn -0.00000000 -0.00000000 -1.00000000
vn -0.00000000 -0.00000000 -1.00000000
vn -0.00000000 -0.00000000 -1.00000000
vn -0.00000000 -0.00000000 -1.00000000
vn -0.00000000 -0.00000000 -1.00000000
vn -0.00000000 -0.00000000 -1.00000000
vn -0.00000000 -0.00000000 -1.00000000
vn -0.00000000 -0.00000000 -1.00000000
vn -0.00000000 -0.00000000 -1.00000000
vn -0.00000000 -0.00000000 -1.00000000
vn -0.00000000 -0.00000000 -1.00000000
vn -0.00000000 -0.00000000 -1.00000000
vn -0.00000000 -0.00000000 -1.00000000
vn -0.00000000 -0.00000000 -1.00000000
vn -0.00000000 -0.00000000 -1.00000000
vn -0.00000000 -0.00000000 -1.00000000
vn -0.00000000 -0.00000000 -1.00000000
vn -0.00000000 -0.00000000 -1.00000000
vn -0.00000000 -0.00000000 -1.00000000
vn -0.00000000 -0.00000000 -1.00000000
vn -0.00000000 -0.00000000 -1.00000000
vn -0.00000000 -0.00000000 -1.00000000
vn -0.00000000 -0.00000000 -1.00000000
vn -0.00000000 -0.00000000 -1.00000000
vn -0.00000000 -0.00000000 -1.00000000
vn -0.00000000 -0.00000000 -1.00000000
vn -0.00000000 -0.00000000 -1.00000000
vn -0.00000000 -0.00000000 -1.00000000
vn -0.00000000 -0.00000000 -1.00000000
vn -0.00000000 -0.00000000 -1.00000000
vn -0.00000000 -0.00000000 -1.00000000
vn -0.00000000 -0.00000000 -1.00000000
vn -0.00000000 -0.00000000 -1.00000000
vn -0.00000000 -0.00000000 -1.00000000
vn -0.00000000 -0.00000000 -1.00000000
vn -0.00000000 -0.00000000 -1.00000000
vn -0.00000000 -0.00000000 -1.00000000
vn -0.00000000 -0.00000000 -1.00000000
vn -0.00000000 -0.00000000 -1.00000000
vn -0.00000000 -0.00000000 -1.00000000
vn -0.00000000 -0.00000000 -1.00000000
vn -0.00000000 -0.00000000 -1.00000000
vn -0.00000000 -0.00000000 -1.00000000
vn -0.00000000 -0.00000000 -1.00000000
vn -0.00000000 -0.00000000 -1.00000000
vn -0.00000000 -0.00000000 -1.00000000
vn -0.00000000 -0.00000000 -1.00000000
vn -0.00000000 -0.00000000 -1.00000000
vn -0.99990000 0.01170000 -0.00000000
vn -0.99990000 -0.01170000 -0.00000000
vn -0.99830000 -0.05880000 -0.00000000
vn -0.99660000 -0.08230000 -0.00000000
vn -0.99160000 -0.12910000 -0.00000000
vn -0.98830000 -0.15230000 -0.00000000
vn -0.98010000 -0.19870000 -0.00000000
vn -0.97510000 -0.22170000 -0.00000000
vn -0.96360000 -0.26740000 -0.00000000
vn -0.95710000 -0.28990000 -0.00000000
vn -0.94230000 -0.33470000 -0.00000000
vn -0.93420000 -0.35670000 -0.00000000
vn -0.91640000 -0.40030000 -0.00000000
vn -0.90670000 -0.42170000 -0.00000000
vn -0.88590000 -0.46390000 -0.00000000
vn -0.87470000 -0.48460000 -0.00000000
vn -0.85090000 -0.52530000 -0.00000000
vn -0.83840000 -0.54510000 -0.00000000
vn -0.81180000 -0.58400000 -0.00000000
vn -0.79780000 -0.60290000 -0.00000000
vn -0.76850000 -0.63980000 -0.00000000
vn -0.75330000 -0.65770000 -0.00000000
vn -0.72150000 -0.69240000 -0.00000000
vn -0.70500000 -0.70920000 -0.00000000
vn -0.67090000 -0.74160000 -0.00000000
vn -0.65330000 -0.75710000 -0.00000000
vn -0.61690000 -0.78710000 -0.00000000
vn -0.59820000 -0.80130000 -0.00000000
vn -0.55980000 -0.82860000 -0.00000000
vn -0.54020000 -0.84150000 -0.00000000
vn -0.50000000 -0.86600000 -0.00000000
vn -0.47950000 -0.87750000 -0.00000000
vn -0.43770000 -0.89910000 -0.00000000
vn -0.41640000 -0.90920000 -0.00000000
vn -0.37310000 -0.92780000 -0.00000000
vn -0.35120000 -0.93630000 -0.00000000
vn -0.30680000 -0.95180000 -0.00000000
vn -0.28430000 -0.95870000 -0.00000000
vn -0.23890000 -0.97100000 -0.00000000
vn -0.21600000 -0.97640000 -0.00000000
vn -0.16980000 -0.98550000 -0.00000000
vn -0.14660000 -0.98920000 -0.00000000
vn -0.09980000 -0.99500000 -0.00000000
vn -0.07640000 -0.99710000 -0.00000000
vn -0.02940000 -0.99960000 -0.00000000
vn -0.00590000 -1.00000000 -0.00000000
vn 0.04120000 -0.99920000 -0.00000000
vn 0.06470000 -0.99790000 -0.00000000
vn 0.11160000 -0.99380000 -0.00000000
vn 0.13490000 -0.99090000 -0.00000000
vn 0.18140000 -0.98340000 -0.00000000
vn 0.20440000 -0.97890000 -0.00000000
vn 0.25030000 -0.96820000 -0.00000000
vn 0.27300000 -0.96200000 -0.00000000
vn 0.31800000 -0.94810000 -0.00000000
vn 0.34020000 -0.94040000 -0.00000000
vn 0.38410000 -0.92330000 -0.00000000
vn 0.40560000 -0.91400000 -0.00000000
vn 0.44820000 -0.89390000 -0.00000000
vn 0.46910000 -0.88310000 -0.00000000
vn 0.51020000 -0.86010000 -0.00000000
vn 0.53020000 -0.84790000 -0.00000000
vn 0.56960000 -0.82190000 -0.00000000
vn 0.58870000 -0.80830000 -0.00000000
vn 0.62610000 -0.77970000 -0.00000000
vn 0.64430000 -0.76480000 -0.00000000
vn 0.67960000 -0.73360000 -0.00000000
vn 0.69660000 -0.71750000 -0.00000000
vn 0.72960000 -0.68380000 -0.00000000
vn 0.74550000 -0.66650000 -0.00000000
vn 0.77600000 -0.63070000 -0.00000000
vn 0.79060000 -0.61230000 -0.00000000
vn 0.81860000 -0.57440000 -0.00000000
vn 0.83190000 -0.55500000 -0.00000000
vn 0.85710000 -0.51520000 -0.00000000
vn 0.86890000 -0.49490000 -0.00000000
vn 0.89130000 -0.45350000 -0.00000000
vn 0.90170000 -0.43240000 -0.00000000
vn 0.92100000 -0.38950000 -0.00000000
vn 0.92990000 -0.36770000 -0.00000000
vn 0.94620000 -0.32350000 -0.00000000
vn 0.95360000 -0.30120000 -0.00000000
vn 0.96670000 -0.25600000 -0.00000000
vn 0.97240000 -0.23320000 -0.00000000
vn 0.98230000 -0.18710000 -0.00000000
vn 0.98650000 -0.16400000 -0.00000000
vn 0.99310000 -0.11740000 -0.00000000
vn 0.99560000 -0.09400000 -0.00000000
vn 0.99890000 -0.04700000 -0.00000000
vn 0.99970000 -0.02350000 -0.00000000
vn 0.99970000 0.02350000 -0.00000000
vn 0.99890000 0.04700000 -0.00000000
vn 0.99560000 0.09400000 -0.00000000
vn 0.99310000 0.11740000 -0.00000000
vn 0.98650000 0.16400000 -0.00000000
vn 0.98230000 0.18710000 -0.00000000
vn 0.97240000 0.23320000 -0.00000000
vn 0.96670000 0.25600000 -0.00000000
vn 0.95360000 0.30120000 -0.00000000
vn 0.94620000 0.32350000 -0.00000000
vn 0.92990000 0.36770000 -0.00000000
vn 0.92100000 0.38950000 -0.00000000
vn 0.90170000 0.43240000 -0.00000000
vn 0.89130000 0.45350000 -0.00000000
vn 0.86890000 0.49490000 -0.00000000
vn 0.85710000 0.51520000 -0.00000000
vn 0.83190000 0.55500000 -0.00000000
vn 0.81860000 0.57440000 -0.00000000
vn 0.79060000 0.61230000 -0.00000000
vn 0.77600000 0.63070000 -0.00000000
vn 0.74550000 0.66650000 -0.00000000
vn 0.72960000 0.68380000 -0.00000000
vn 0.69660000 0.71740000 -0.00000000
vn 0.67960000 0.73360000 -0.00000000
vn 0.64430000 0.76480000 -0.00000000
vn 0.62610000 0.77970000 -0.00000000
vn 0.58870000 0.80830000 -0.00000000
vn 0.56960000 0.82190000 -0.00000000
vn 0.53020000 0.84790000 -0.00000000
vn 0.51020000 0.86010000 -0.00000000
vn 0.46910000 0.88310000 -0.00000000
vn 0.44820000 0.89390000 -0.00000000
vn 0.40560000 0.91400000 -0.00000000
vn 0.38410000 0.92330000 -0.00000000
vn 0.34020000 0.94040000 -0.00000000
vn 0.31800000 0.94810000 -0.00000000
vn 0.27300000 0.96200000 -0.00000000
vn 0.25030000 0.96820000 -0.00000000
vn 0.20440000 0.97890000 -0.00000000
vn 0.18140000 0.98340000 -0.00000000
vn 0.13490000 0.99090000 -0.00000000
vn 0.11160000 0.99380000 -0.00000000
vn 0.06470000 0.99790000 -0.00000000
vn 0.04120000 0.99910000 -0.00000000
vn -0.00590000 1.00000000 -0.00000000
vn -0.02940000 0.99960000 -0.00000000
vn -0.07640000 0.99710000 -0.00000000
vn -0.09980000 0.99500000 -0.00000000
vn -0.14660000 0.98920000 -0.00000000
vn -0.16980000 0.98550000 -0.00000000
vn -0.21600000 0.97640000 -0.00000000
vn -0.23890000 0.97100000 -0.00000000
vn -0.28430000 0.95870000 -0.00000000
vn -0.30680000 0.95180000 -0.00000000
vn -0.35120000 0.93630000 -0.00000000
vn -0.37310000 0.92780000 -0.00000000
vn -0.41640000 0.90920000 -0.00000000
vn -0.43770000 0.89910000 -0.00000000
vn -0.47960000 0.87750000 -0.00000000
vn -0.50000000 0.86600000 -0.00000000
vn -0.54020000 0.84150000 -0.00000000
vn -0.55980000 0.82860000 -0.00000000
vn -0.59820000 0.80130000 -0.00000000
vn -0.61690000 0.78710000 -0.00000000
vn -0.65330000 0.75710000 -0.00000000
vn -0.67090000 0.74160000 -0.00000000
vn -0.70500000 0.70920000 -0.00000000
vn -0.72150000 0.69240000 -0.00000000
vn -0.75330000 0.65770000 -0.00000000
vn -0.76850000 0.63980000 -0.00000000
vn -0.79780000 0.60290000 -0.00000000
vn -0.81180000 0.58400000 -0.00000000
vn -0.83840000 0.54510000 -0.00000000
vn -0.85090000 0.52530000 -0.00000000
vn -0.87470000 0.48460000 -0.00000000
vn -0.88590000 0.46390000 -0.00000000
vn -0.90670000 0.42170000 -0.00000000
vn -0.91640000 0.40030000 -0.00000000
vn -0.93420000 0.35670000 -0.00000000
vn -0.94230000 0.33470000 -0.00000000
vn -0.95710000 0.28990000 -0.00000000
vn -0.96360000 0.26740000 -0.00000000
vn -0.97510000 0.22170000 -0.00000000
vn -0.98010000 0.19870000 -0.00000000
vn -0.98830000 0.15230000 -0.00000000
vn -0.99160000 0.12910000 -0.00000000
vn -0.99660000 0.08230000 -0.00000000
vn -0.99830000 0.05880000 -0.00000000
vn -0.00000000 -0.00000000 1.00000000
vn -0.00000000 -0.00000000 1.00000000
vn -0.00000000 -0.00000000 1.00000000
vn -0.00000000 -0.00000000 1.00000000
vn -0.00000000 -0.00000000 1.00000000
vn -0.00000000 -0.00000000 1.00000000
vn -0.00000000 -0.00000000 1.00000000
vn -0.00000000 -0.00000000 1.00000000
vn -0.00000000 -0.00000000 1.00000000
vn -0.00000000 -0.00000000 1.00000000
vn -0.00000000 -0.00000000 1.00000000
vn -0.00000000 -0.00000000 1.00000000
vn -0.00000000 -0.00000000 1.00000000
vn -0.00000000 -0.00000000 1.00000000
vn -0.00000000 -0.00000000 1.00000000
vn -0.00000000 -0.00000000 1.00000000
vn -0.00000000 -0.00000000 1.00000000
vn -0.00000000 -0.00000000 1.00000000
vn -0.00000000 -0.00000000 1.00000000
vn -0.00000000 -0.00000000 1.00000000
vn -0.00000000 -0.00000000 1.00000000
vn -0.00000000 -0.00000000 1.00000000
vn -0.00000000 -0.00000000 1.00000000
vn -0.00000000 -0.00000000 1.00000000
vn -0.00000000 -0.00000000 1.00000000
vn -0.00000000 -0.00000000 1.00000000
vn -0.00000000 -0.00000000 1.00000000
vn -0.00000000 -0.00000000 1.00000000
vn -0.00000000 -0.00000000 1.00000000
vn -0.00000000 -0.00000000 1.00000000
vn -0.00000000 -0.00000000 1.00000000
vn -0.00000000 -0.00000000 1.00000000
vn -0.00000000 -0.00000000 1.00000000
vn -0.00000000 -0.00000000 1.00000000
vn -0.00000000 -0.00000000 1.00000000
vn -0.00000000 -0.00000000 1.00000000
vn -0.00000000 -0.00000000 1.00000000
vn -0.00000000 -0.00000000 1.00000000
vn -0.00000000 -0.00000000 1.00000000
vn -0.00000000 -0.00000000 1.00000000
vn -0.00000000 -0.00000000 1.00000000
vn -0.00000000 -0.00000000 1.00000000
vn -0.00000000 -0.00000000 1.00000000
vn -0.00000000 -0.00000000 1.00000000
vn -0.00000000 -0.00000000 1.00000000
vn -0.00000000 -0.00000000 1.00000000
vn -0.00000000 -0.00000000 1.00000000
vn -0.00000000 -0.00000000 1.00000000
vn -0.00000000 -0.00000000 1.00000000
vn -0.00000000 -0.00000000 1.00000000
vn -0.00000000 -0.00000000 1.00000000
vn -0.00000000 -0.00000000 1.00000000
vn -0.00000000 -0.00000000 1.00000000
vn -0.00000000 -0.00000000 1.00000000
vn -0.00000000 -0.00000000 1.00000000
vn -0.00000000 -0.00000000 1.00000000
vn -0.00000000 -0.00000000 1.00000000
vn -0.00000000 -0.00000000 1.00000000
vn -0.00000000 -0.00000000 1.00000000
vn -0.00000000 -0.00000000 1.00000000
vn -0.00000000 -0.00000000 1.00000000
vn -0.00000000 -0.00000000 1.00000000
vn -0.00000000 -0.00000000 1.00000000
vn -0.00000000 -0.00000000 1.00000000
vn -0.00000000 -0.00000000 1.00000000
vn -0.00000000 -0.00000000 1.00000000
vn -0.00000000 -0.00000000 1.00000000
vn -0.00000000 -0.00000000 1.00000000
vn -0.00000000 -0.00000000 1.00000000
vn -0.00000000 -0.00000000 1.00000000
vn -0.00000000 -0.00000000 1.00000000
vn -0.00000000 -0.00000000 1.00000000
vn -0.00000000 -0.00000000 1.00000000
vn -0.00000000 -0.00000000 1.00000000
vn -0.00000000 -0.00000000 1.00000000
vn -0.00000000 -0.00000000 1.00000000
vn -0.00000000 -0.00000000 1.00000000
vn -0.00000000 -0.00000000 1.00000000
vn -0.00000000 -0.00000000 1.00000000
vn -0.00000000 -0.00000000 1.00000000
vn -0.00000000 -0.00000000 1.00000000
vn -0.00000000 -0.00000000 1.00000000
vn -0.00000000 -0.00000000 1.00000000
vn -0.00000000 -0.00000000 1.00000000
vn -0.00000000 -0.00000000 1.00000000
vn -0.00000000 -0.00000000 1.00000000
vn -0.00000000 -0.00000000 1.00000000
vn -0.00000000 -0.00000000 1.00000000
vn -0.00000000 -0.00000000 1.00000000
vn -0.00000000 -0.00000000 1.00000000
vn -0.00000000 -0.00000000 1.00000000
vn -0.00000000 -0.00000000 1.00000000
vn -0.00000000 -0.00000000 1.00000000
vn -0.00000000 -0.00000000 1.00000000
vn -0.00000000 -0.00000000 1.00000000
vn -0.00000000 -0.00000000 1.00000000
vn -0.00000000 -0.00000000 1.00000000
vn -0.00000000 -0.00000000 1.00000000
vn -0.00000000 -0.00000000 1.00000000
vn -0.00000000 -0.00000000 1.00000000
vn -0.00000000 -0.00000000 1.00000000
vn -0.00000000 -0.00000000 1.00000000
vn -0.00000000 -0.00000000 1.00000000
vn -0.00000000 -0.00000000 1.00000000
vn -0.00000000 -0.00000000 1.00000000
vn -0.00000000 -0.00000000 1.00000000
vn -0.00000000 -0.00000000 1.00000000
vn -0.00000000 -0.00000000 1.00000000
vn -0.00000000 -0.00000000 1.00000000
vn -0.00000000 -0.00000000 1.00000000
vn -0.00000000 -0.00000000 1.00000000
vn -0.00000000 -0.00000000 1.00000000
vn -0.00000000 -0.00000000 1.00000000
vn -0.00000000 -0.00000000 1.00000000
vn -0.00000000 -0.00000000 1.00000000
vn -0.00000000 -0.00000000 1.00000000
vn -0.00000000 -0.00000000 1.00000000
vn -0.00000000 -0.00000000 1.00000000
vn -0.00000000 -0.00000000 1.00000000
vn -0.00000000 -0.00000000 1.00000000
vn -0.00000000 -0.00000000 1.00000000
vn -0.00000000 -0.00000000 1.00000000
vn -0.00000000 -0.00000000 1.00000000
vn -0.00000000 -0.00000000 1.00000000
vn -0.00000000 -0.00000000 1.00000000
vn -0.00000000 -0.00000000 1.00000000
vn -0.00000000 -0.00000000 1.00000000
vn -0.00000000 -0.00000000 1.00000000
vn -0.00000000 -0.00000000 1.00000000
vn -0.00000000 -0.00000000 1.00000000
vn -0.00000000 -0.00000000 1.00000000
vn -0.00000000 -0.00000000 1.00000000
vn -0.00000000 -0.00000000 1.00000000
vn -0.00000000 -0.00000000 1.00000000
vn -0.00000000 -0.00000000 1.00000000
vn -0.00000000 -0.00000000 1.00000000
vn -0.00000000 -0.00000000 1.00000000
vn -0.00000000 -0.00000000 1.00000000
vn -0.00000000 -0.00000000 1.00000000
vn -0.00000000 -0.00000000 1.00000000
vn -0.00000000 -0.00000000 1.00000000
vn -0.00000000 -0.00000000 1.00000000
vn -0.00000000 -0.00000000 1.00000000
vn -0.00000000 -0.00000000 1.00000000
vn -0.00000000 -0.00000000 1.00000000
vn -0.00000000 -0.00000000 1.00000000
vn -0.00000000 -0.00000000 1.00000000
vn -0.00000000 -0.00000000 1.00000000
vn -0.00000000 -0.00000000 1.00000000
vn -0.00000000 -0.00000000 1.00000000
vn -0.00000000 -0.00000000 1.00000000
vn -0.00000000 -0.00000000 1.00000000
vn -0.00000000 -0.00000000 1.00000000
vn -0.00000000 -0.00000000 1.00000000
vn -0.00000000 -0.00000000 1.00000000
vn -0.00000000 -0.00000000 1.00000000
vn -0.00000000 -0.00000000 1.00000000
vn -0.00000000 -0.00000000 1.00000000
vn -0.00000000 -0.00000000 1.00000000
vn -0.00000000 -0.00000000 1.00000000
vn -0.00000000 -0.00000000 1.00000000
vn -0.00000000 -0.00000000 1.00000000
vn -0.00000000 -0.00000000 1.00000000
vn -0.00000000 -0.00000000 1.00000000
vn -0.00000000 -0.00000000 1.00000000
vn -0.00000000 -0.00000000 1.00000000
vn -0.00000000 -0.00000000 1.00000000
vn -0.00000000 -0.00000000 1.00000000
vn -0.00000000 -0.00000000 1.00000000
vn -0.00000000 -0.00000000 1.00000000
vn -0.00000000 -0.00000000 1.00000000
vn -0.00000000 -0.00000000 1.00000000
vn -0.00000000 -0.00000000 1.00000000
vn -0.00000000 -0.00000000 1.00000000
vn -0.00000000 -0.00000000 1.00000000
vn -0.00000000 -0.00000000 1.00000000
vn -0.00000000 -0.00000000 1.00000000
vn -0.00000000 -0.00000000 1.00000000
vn -0.99990000 0.01170000 -0.00000000
vn -0.99990000 -0.01170000 -0.00000000
vn -0.99830000 -0.05880000 -0.00000000
vn -0.99660000 -0.08230000 -0.00000000
vn -0.99160000 -0.12910000 -0.00000000
vn -0.98830000 -0.15230000 -0.00000000
vn -0.98010000 -0.19870000 -0.00000000
vn -0.97510000 -0.22170000 -0.00000000
vn -0.96360000 -0.26730000 -0.00000000
vn -0.95710000 -0.28990000 -0.00000000
vn -0.94230000 -0.33470000 -0.00000000
vn -0.93420000 -0.35670000 -0.00000000
vn -0.91640000 -0.40030000 -0.00000000
vn -0.90670000 -0.42170000 -0.00000000
vn -0.88590000 -0.46390000 -0.00000000
vn -0.87470000 -0.48460000 -0.00000000
vn -0.85090000 -0.52530000 -0.00000000
vn -0.83840000 -0.54510000 -0.00000000
vn -0.81180000 -0.58400000 -0.00000000
vn -0.79780000 -0.60290000 -0.00000000
vn -0.76850000 -0.63980000 -0.00000000
vn -0.75330000 -0.65770000 -0.00000000
vn -0.72150000 -0.69240000 -0.00000000
vn -0.70500000 -0.70920000 -0.00000000
vn -0.67090000 -0.74160000 -0.00000000
vn -0.65330000 -0.75710000 -0.00000000
vn -0.61690000 -0.78710000 -0.00000000
vn -0.59820000 -0.80130000 -0.00000000
vn -0.55980000 -0.82860000 -0.00000000
vn -0.54020000 -0.84150000 -0.00000000
vn -0.50000000 -0.86600000 -0.00000000
vn -0.47950000 -0.87750000 -0.00000000
vn -0.43760000 -0.89920000 -0.00000000
vn -0.41640000 -0.90920000 -0.00000000
vn -0.37310000 -0.92780000 -0.00000000
vn -0.35120000 -0.93630000 -0.00000000
vn -0.30680000 -0.95180000 -0.00000000
vn -0.28430000 -0.95870000 -0.00000000
vn -0.23890000 -0.97110000 -0.00000000
vn -0.21600000 -0.97640000 -0.00000000
vn -0.16980000 -0.98550000 -0.00000000
vn -0.14660000 -0.98920000 -0.00000000
vn -0.09980000 -0.99500000 -0.00000000
vn -0.07640000 -0.99710000 -0.00000000
vn -0.02940000 -0.99960000 -0.00000000
vn -0.00590000 -1.00000000 -0.00000000
vn 0.04120000 -0.99920000 -0.00000000
vn 0.06470000 -0.99790000 -0.00000000
vn 0.11160000 -0.99380000 -0.00000000
vn 0.13490000 -0.99090000 -0.00000000
vn 0.18140000 -0.98340000 -0.00000000
vn 0.20440000 -0.97890000 -0.00000000
vn 0.25030000 -0.96820000 -0.00000000
vn 0.27300000 -0.96200000 -0.00000000
vn 0.31800000 -0.94810000 -0.00000000
vn 0.34020000 -0.94040000 -0.00000000
vn 0.38410000 -0.92330000 -0.00000000
vn 0.40560000 -0.91400000 -0.00000000
vn 0.44820000 -0.89390000 -0.00000000
vn 0.46910000 -0.88310000 -0.00000000
vn 0.51020000 -0.86010000 -0.00000000
vn 0.53020000 -0.84790000 -0.00000000
vn 0.56960000 -0.82190000 -0.00000000
vn 0.58870000 -0.80830000 -0.00000000
vn 0.62610000 -0.77970000 -0.00000000
vn 0.64430000 -0.76480000 -0.00000000
vn 0.67960000 -0.73360000 -0.00000000
vn 0.69660000 -0.71740000 -0.00000000
vn 0.72960000 -0.68380000 -0.00000000
vn 0.74550000 -0.66650000 -0.00000000
vn 0.77600000 -0.63070000 -0.00000000
vn 0.79060000 -0.61230000 -0.00000000
vn 0.81860000 -0.57440000 -0.00000000
vn 0.83190000 -0.55500000 -0.00000000
vn 0.85710000 -0.51520000 -0.00000000
vn 0.86890000 -0.49490000 -0.00000000
vn 0.89130000 -0.45350000 -0.00000000
vn 0.90170000 -0.43240000 -0.00000000
vn 0.92100000 -0.38950000 -0.00000000
vn 0.92990000 -0.36770000 -0.00000000
vn 0.94620000 -0.32350000 -0.00000000
vn 0.95360000 -0.30120000 -0.00000000
vn 0.96670000 -0.25600000 -0.00000000
vn 0.97240000 -0.23320000 -0.00000000
vn 0.98230000 -0.18720000 -0.00000000
vn 0.98650000 -0.16400000 -0.00000000
vn 0.99310000 -0.11740000 -0.00000000
vn 0.99560000 -0.09400000 -0.00000000
vn 0.99890000 -0.04700000 -0.00000000
vn 0.99970000 -0.02360000 -0.00000000
vn 0.99970000 0.02360000 -0.00000000
vn 0.99890000 0.04700000 -0.00000000
vn 0.99560000 0.09400000 -0.00000000
vn 0.99310000 0.11740000 -0.00000000
vn 0.98650000 0.16400000 -0.00000000
vn 0.98230000 0.18710000 -0.00000000
vn 0.97240000 0.23320000 -0.00000000
vn 0.96670000 0.25600000 -0.00000000
vn 0.95360000 0.30120000 -0.00000000
vn 0.94620000 0.32350000 -0.00000000
vn 0.92990000 0.36770000 -0.00000000
vn 0.92100000 0.38950000 -0.00000000
vn 0.90170000 0.43240000 -0.00000000
vn 0.89130000 0.45350000 -0.00000000
vn 0.86890000 0.49490000 -0.00000000
vn 0.85710000 0.51520000 -0.00000000
vn 0.83190000 0.55500000 -0.00000000
vn 0.81860000 0.57440000 -0.00000000
vn 0.79060000 0.61230000 -0.00000000
vn 0.77600000 0.63070000 -0.00000000
vn 0.74550000 0.66650000 -0.00000000
vn 0.72960000 0.68380000 -0.00000000
vn 0.69660000 0.71740000 -0.00000000
vn 0.67960000 0.73360000 -0.00000000
vn 0.64430000 0.76480000 -0.00000000
vn 0.62610000 0.77970000 -0.00000000
vn 0.58870000 0.80830000 -0.00000000
vn 0.56960000 0.82190000 -0.00000000
vn 0.53020000 0.84790000 -0.00000000
vn 0.51020000 0.86010000 -0.00000000
vn 0.46910000 0.88310000 -0.00000000
vn 0.44820000 0.89390000 -0.00000000
vn 0.40560000 0.91400000 -0.00000000
vn 0.38410000 0.92330000 -0.00000000
vn 0.34020000 0.94040000 -0.00000000
vn 0.31800000 0.94810000 -0.00000000
vn 0.27300000 0.96200000 -0.00000000
vn 0.25030000 0.96820000 -0.00000000
vn 0.20440000 0.97890000 -0.00000000
vn 0.18140000 0.98340000 -0.00000000
vn 0.13490000 0.99090000 -0.00000000
vn 0.11160000 0.99380000 -0.00000000
vn 0.06470000 0.99790000 -0.00000000
vn 0.04120000 0.99910000 -0.00000000
vn -0.00590000 1.00000000 -0.00000000
vn -0.02940000 0.99960000 -0.00000000
vn -0.07640000 0.99710000 -0.00000000
vn -0.09980000 0.99500000 -0.00000000
vn -0.14660000 0.98920000 -0.00000000
vn -0.16980000 0.98550000 -0.00000000
vn -0.21600000 0.97640000 -0.00000000
vn -0.23890000 0.97110000 -0.00000000
vn -0.28430000 0.95870000 -0.00000000
vn -0.30680000 0.95180000 -0.00000000
vn -0.35120000 0.93630000 -0.00000000
vn -0.37310000 0.92780000 -0.00000000
vn -0.41640000 0.90920000 -0.00000000
vn -0.43770000 0.89910000 -0.00000000
vn -0.47950000 0.87750000 -0.00000000
vn -0.50000000 0.86600000 -0.00000000
vn -0.54020000 0.84150000 -0.00000000
vn -0.55980000 0.82860000 -0.00000000
vn -0.59820000 0.80130000 -0.00000000
vn -0.61690000 0.78710000 -0.00000000
vn -0.65330000 0.75710000 -0.00000000
vn -0.67090000 0.74160000 -0.00000000
vn -0.70500000 0.70920000 -0.00000000
vn -0.72150000 0.69240000 -0.00000000
vn -0.75330000 0.65770000 -0.00000000
vn -0.76850000 0.63980000 -0.00000000
vn -0.79780000 0.60290000 -0.00000000
vn -0.81180000 0.58400000 -0.00000000
vn -0.83840000 0.54510000 -0.00000000
vn -0.85090000 0.52530000 -0.00000000
vn -0.87470000 0.48460000 -0.00000000
vn -0.88590000 0.46390000 -0.00000000
vn -0.90670000 0.42170000 -0.00000000
vn -0.91640000 0.40030000 -0.00000000
vn -0.93420000 0.35670000 -0.00000000
vn -0.94230000 0.33470000 -0.00000000
vn -0.95710000 0.28990000 -0.00000000
vn -0.96360000 0.26730000 -0.00000000
vn -0.97510000 0.22170000 -0.00000000
vn -0.98010000 0.19870000 -0.00000000
vn -0.98830000 0.15230000 -0.00000000
vn -0.99160000 0.12910000 -0.00000000
vn -0.99660000 0.08230000 -0.00000000
vn -0.99830000 0.05880000 -0.00000000
vn -0.00000000 -0.00000000 1.00000000
vn -0.00000000 -0.00000000 1.00000000
vn -0.00000000 -0.00000000 1.00000000
vn -0.00000000 -0.00000000 1.00000000
vn -0.00000000 -0.00000000 1.00000000
vn -0.00000000 -0.00000000 1.00000000
vn -0.00000000 -0.00000000 1.00000000
vn -0.00000000 -0.00000000 1.00000000
vn -0.00000000 -0.00000000 1.00000000
vn -0.00000000 -0.00000000 1.00000000
vn -0.00000000 -0.00000000 1.00000000
vn -0.00000000 -0.00000000 1.00000000
vn -0.00000000 -0.00000000 1.00000000
vn -0.00000000 -0.00000000 1.00000000
vn -0.00000000 -0.00000000 1.00000000
vn -0.00000000 -0.00000000 1.00000000
vn -0.00000000 -0.00000000 1.00000000
vn -0.00000000 -0.00000000 1.00000000
vn -0.00000000 -0.00000000 1.00000000
vn -0.00000000 -0.00000000 1.00000000
vn -0.00000000 -0.00000000 1.00000000
vn -0.00000000 -0.00000000 1.00000000
vn -0.00000000 -0.00000000 1.00000000
vn -0.00000000 -0.00000000 1.00000000
vn -0.00000000 -0.00000000 1.00000000
vn -0.00000000 -0.00000000 1.00000000
vn -0.00000000 -0.00000000 1.00000000
vn -0.00000000 -0.00000000 1.00000000
vn -0.00000000 -0.00000000 1.00000000
vn -0.00000000 -0.00000000 1.00000000
vn -0.00000000 -0.00000000 1.00000000
vn -0.00000000 -0.00000000 1.00000000
vn -0.00000000 -0.00000000 1.00000000
vn -0.00000000 -0.00000000 1.00000000
vn -0.00000000 -0.00000000 1.00000000
vn -0.00000000 -0.00000000 1.00000000
vn -0.00000000 -0.00000000 1.00000000
vn -0.00000000 -0.00000000 1.00000000
vn -0.00000000 -0.00000000 1.00000000
vn -0.00000000 -0.00000000 1.00000000
vn -0.00000000 -0.00000000 1.00000000
vn -0.00000000 -0.00000000 1.00000000
vn -0.00000000 -0.00000000 1.00000000
vn -0.00000000 -0.00000000 1.00000000
vn -0.00000000 -0.00000000 1.00000000
vn -0.00000000 -0.00000000 1.00000000
vn -0.00000000 -0.00000000 1.00000000
vn -0.00000000 -0.00000000 1.00000000
vn -0.00000000 -0.00000000 1.00000000
vn -0.00000000 -0.00000000 1.00000000
vn -0.00000000 -0.00000000 1.00000000
vn -0.00000000 -0.00000000 1.00000000
vn -0.00000000 -0.00000000 1.00000000
vn -0.00000000 -0.00000000 1.00000000
vn -0.00000000 -0.00000000 1.00000000
vn -0.00000000 -0.00000000 1.00000000
vn -0.00000000 -0.00000000 1.00000000
vn -0.00000000 -0.00000000 1.00000000
vn -0.00000000 -0.00000000 1.00000000
vn -0.00000000 -0.00000000 1.00000000
vn -0.00000000 -0.00000000 1.00000000
vn -0.00000000 -0.00000000 1.00000000
vn -0.00000000 -0.00000000 1.00000000
vn -0.00000000 -0.00000000 1.00000000
vn -0.00000000 -0.00000000 1.00000000
vn -0.00000000 -0.00000000 1.00000000
vn -0.00000000 -0.00000000 1.00000000
vn -0.00000000 -0.00000000 1.00000000
vn -0.00000000 -0.00000000 1.00000000
vn -0.00000000 -0.00000000 1.00000000
vn -0.00000000 -0.00000000 1.00000000
vn -0.00000000 -0.00000000 1.00000000
vn -0.00000000 -0.00000000 1.00000000
vn -0.00000000 -0.00000000 1.00000000
vn -0.00000000 -0.00000000 1.00000000
vn -0.00000000 -0.00000000 1.00000000
vn -0.00000000 -0.00000000 1.00000000
vn -0.00000000 -0.00000000 1.00000000
vn -0.00000000 -0.00000000 1.00000000
vn -0.00000000 -0.00000000 1.00000000
vn -0.00000000 -0.00000000 1.00000000
vn -0.00000000 -0.00000000 1.00000000
vn -0.00000000 -0.00000000 1.00000000
vn -0.00000000 -0.00000000 1.00000000
vn -0.00000000 -0.00000000 1.00000000
vn -0.00000000 -0.00000000 1.00000000
vn -0.00000000 -0.00000000 1.00000000
vn -0.00000000 -0.00000000 1.00000000
vn -0.00000000 -0.00000000 1.00000000
vn -0.00000000 -0.00000000 1.00000000
vn -0.00000000 -0.00000000 1.00000000
vn -0.00000000 -0.00000000 1.00000000
vn -0.00000000 -0.00000000 1.00000000
vn -0.00000000 -0.00000000 1.00000000
vn -0.00000000 -0.00000000 1.00000000
vn -0.00000000 -0.00000000 1.00000000
vn -0.00000000 -0.00000000 1.00000000
vn -0.00000000 -0.00000000 1.00000000
vn -0.00000000 -0.00000000 1.00000000
vn -0.00000000 -0.00000000 1.00000000
vn -0.00000000 -0.00000000 1.00000000
vn -0.00000000 -0.00000000 1.00000000
vn -0.00000000 -0.00000000 1.00000000
vn -0.00000000 -0.00000000 1.00000000
vn -0.00000000 -0.00000000 1.00000000
vn -0.00000000 -0.00000000 1.00000000
vn -0.00000000 -0.00000000 1.00000000
vn -0.00000000 -0.00000000 1.00000000
vn -0.00000000 -0.00000000 1.00000000
vn -0.00000000 -0.00000000 1.00000000
vn -0.00000000 -0.00000000 1.00000000
vn -0.00000000 -0.00000000 1.00000000
vn -0.00000000 -0.00000000 1.00000000
vn -0.00000000 -0.00000000 1.00000000
vn -0.00000000 -0.00000000 1.00000000
vn -0.00000000 -0.00000000 1.00000000
vn -0.00000000 -0.00000000 1.00000000
vn -0.00000000 -0.00000000 1.00000000
vn -0.00000000 -0.00000000 1.00000000
vn -0.00000000 -0.00000000 1.00000000
vn -0.00000000 -0.00000000 1.00000000
vn -0.00000000 -0.00000000 1.00000000
vn -0.00000000 -0.00000000 1.00000000
vn -0.00000000 -0.00000000 1.00000000
vn -0.00000000 -0.00000000 1.00000000
vn -0.00000000 -0.00000000 1.00000000
vn -0.00000000 -0.00000000 1.00000000
vn -0.00000000 -0.00000000 1.00000000
vn -0.00000000 -0.00000000 1.00000000
vn -0.00000000 -0.00000000 1.00000000
vn -0.00000000 -0.00000000 1.00000000
vn -0.00000000 -0.00000000 1.00000000
vn -0.00000000 -0.00000000 1.00000000
vn -0.00000000 -0.00000000 1.00000000
vn -0.00000000 -0.00000000 1.00000000
vn -0.00000000 -0.00000000 1.00000000
vn -0.00000000 -0.00000000 1.00000000
vn -0.00000000 -0.00000000 1.00000000
vn -0.00000000 -0.00000000 1.00000000
vn -0.00000000 -0.00000000 1.00000000
vn -0.00000000 -0.00000000 1.00000000
vn -0.00000000 -0.00000000 1.00000000
vn -0.00000000 -0.00000000 1.00000000
vn -0.00000000 -0.00000000 1.00000000
vn -0.00000000 -0.00000000 1.00000000
vn -0.00000000 -0.00000000 1.00000000
vn -0.00000000 -0.00000000 1.00000000
vn -0.00000000 -0.00000000 1.00000000
vn -0.00000000 -0.00000000 1.00000000
vn -0.00000000 -0.00000000 1.00000000
vn -0.00000000 -0.00000000 1.00000000
vn -0.00000000 -0.00000000 1.00000000
vn -0.00000000 -0.00000000 1.00000000
vn -0.00000000 -0.00000000 1.00000000
vn -0.00000000 -0.00000000 1.00000000
vn -0.00000000 -0.00000000 1.00000000
vn -0.00000000 -0.00000000 1.00000000
vn -0.00000000 -0.00000000 1.00000000
vn -0.00000000 -0.00000000 1.00000000
vn -0.00000000 -0.00000000 1.00000000
vn -0.00000000 -0.00000000 1.00000000
vn -0.00000000 -0.00000000 1.00000000
vn -0.00000000 -0.00000000 1.00000000
vn -0.00000000 -0.00000000 1.00000000
vn -0.00000000 -0.00000000 1.00000000
vn -0.00000000 -0.00000000 1.00000000
vn -0.00000000 -0.00000000 1.00000000
vn -0.00000000 -0.00000000 1.00000000
vn -0.00000000 -0.00000000 1.00000000
vn -0.00000000 -0.00000000 1.00000000
vn -0.00000000 -0.00000000 1.00000000
vn -0.00000000 -0.00000000 1.00000000
vn -0.00000000 -0.00000000 1.00000000
vn -0.00000000 -0.00000000 1.00000000
vn -0.00000000 -0.00000000 1.00000000
vn -0.00000000 -0.00000000 1.00000000
vn -0.00000000 -0.00000000 1.00000000
vn -0.00000000 -0.00000000 1.00000000
vn -0.00000000 -0.70710000 -0.70710000
vn -0.00000000 -0.70710000 -0.70710000
vn -0.00000000 -0.70710000 -0.70710000
vn -0.00000000 -0.70710000 -0.70710000
vn -0.00000000 -0.70710000 -0.70710000
vn -0.00000000 -0.70710000 -0.70710000
vn -0.00000000 -0.70710000 -0.70710000
vn -0.00000000 -0.70710000 -0.70710000
vn -0.00000000 -0.70710000 -0.70710000
vn 0.01600000 -0.70700000 -0.70700000
vn 0.01610000 -0.70700000 -0.70700000
vn 0.00800000 -0.70710000 -0.70710000
vn -0.00000000 -0.70710000 -0.70710000
vn -0.00000000 -0.70710000 -0.70710000
vn -0.00000000 -0.70710000 -0.70710000
vn 0.66260000 -0.24710000 -0.70710000
vn 0.65980000 -0.25460000 -0.70700000
vn 0.65070000 -0.27680000 -0.70710000
vn 0.64750000 -0.28420000 -0.70710000
vn 0.63050000 -0.32050000 -0.70690000
vn 0.63030000 -0.32050000 -0.70710000
vn 0.63760000 -0.30620000 -0.70690000
vn 0.62290000 -0.33470000 -0.70710000
vn 0.60710000 -0.36260000 -0.70710000
vn 0.59870000 -0.37630000 -0.70710000
vn 0.58100000 -0.40300000 -0.70710000
vn 0.57170000 -0.41610000 -0.70710000
vn 0.55230000 -0.44160000 -0.70710000
vn 0.54210000 -0.45400000 -0.70710000
vn 0.52090000 -0.47820000 -0.70710000
vn 0.50990000 -0.48990000 -0.70710000
vn 0.48720000 -0.51250000 -0.70710000
vn 0.47540000 -0.52340000 -0.70710000
vn 0.45120000 -0.54440000 -0.70710000
vn 0.43880000 -0.55450000 -0.70710000
vn 0.41320000 -0.57390000 -0.70710000
vn 0.40000000 -0.58310000 -0.70710000
vn 0.37320000 -0.60070000 -0.70710000
vn 0.36630000 -0.60480000 -0.70710000
vn 0.33140000 -0.62470000 -0.70710000
vn 0.33150000 -0.62460000 -0.70710000
vn 0.34560000 -0.61710000 -0.70690000
vn 0.32430000 -0.62830000 -0.70710000
vn 0.28820000 -0.64570000 -0.70720000
vn 0.28820000 -0.64570000 -0.70710000
vn 0.30270000 -0.63920000 -0.70690000
vn 0.27340000 -0.65210000 -0.70710000
vn 0.24360000 -0.66380000 -0.70710000
vn 0.22850000 -0.66920000 -0.70710000
vn 0.19790000 -0.67890000 -0.70710000
vn 0.18240000 -0.68320000 -0.70710000
vn 0.15130000 -0.69080000 -0.70710000
vn 0.13550000 -0.69400000 -0.70710000
vn 0.10390000 -0.69950000 -0.70710000
vn 0.08800000 -0.70160000 -0.70710000
vn 0.05610000 -0.70490000 -0.70710000
vn 0.04810000 -0.70550000 -0.70710000
vn 0.02430000 -0.70690000 -0.70690000
vn 0.67050000 -0.22470000 -0.70700000
vn 0.66800000 -0.23210000 -0.70710000
vn 0.67810000 0.20120000 -0.70690000
vn 0.67810000 0.20120000 -0.70690000
vn 0.68230000 0.18570000 -0.70710000
vn 0.68630000 0.17060000 -0.70710000
vn 0.69320000 0.13990000 -0.70710000
vn 0.69610000 0.12440000 -0.70710000
vn 0.70090000 0.09330000 -0.70710000
vn 0.70280000 0.07780000 -0.70710000
vn 0.70560000 0.04640000 -0.70710000
vn 0.70650000 0.03080000 -0.70710000
vn 0.70710000 -0.00070000 -0.70710000
vn 0.70690000 -0.01640000 -0.70710000
vn 0.70550000 -0.04780000 -0.70710000
vn 0.70430000 -0.06350000 -0.70710000
vn 0.70080000 -0.09470000 -0.70710000
vn 0.69850000 -0.11030000 -0.70710000
vn 0.69290000 -0.14120000 -0.70710000
vn 0.68960000 -0.15660000 -0.70710000
vn 0.68190000 -0.18710000 -0.70710000
vn 0.67760000 -0.20220000 -0.70710000
vn 0.68200000 0.18680000 -0.70710000
vn 0.68590000 0.17200000 -0.70710000
vn 0.69270000 0.14220000 -0.70710000
vn 0.69560000 0.12720000 -0.70710000
vn 0.70040000 0.09700000 -0.70710000
vn 0.70240000 0.08180000 -0.70710000
vn 0.70530000 0.05140000 -0.70710000
vn 0.70620000 0.03610000 -0.70710000
vn 0.70710000 0.00560000 -0.70710000
vn 0.70710000 -0.00970000 -0.70710000
vn 0.70600000 -0.04030000 -0.70710000
vn 0.70490000 -0.05550000 -0.70710000
vn 0.70190000 -0.08590000 -0.70710000
vn 0.69990000 -0.10110000 -0.70710000
vn 0.69480000 -0.13130000 -0.70710000
vn 0.69180000 -0.14620000 -0.70710000
vn 0.68490000 -0.17600000 -0.70710000
vn 0.68090000 -0.19080000 -0.70710000
vn 0.67200000 -0.22010000 -0.70710000
vn 0.66710000 -0.23450000 -0.70710000
vn 0.65630000 -0.26310000 -0.70710000
vn 0.65050000 -0.27730000 -0.70710000
vn 0.63790000 -0.30510000 -0.70710000
vn 0.63120000 -0.31880000 -0.70710000
vn 0.61680000 -0.34580000 -0.70710000
vn 0.60920000 -0.35910000 -0.70710000
vn 0.59310000 -0.38510000 -0.70710000
vn 0.58460000 -0.39780000 -0.70710000
vn 0.56690000 -0.42270000 -0.70710000
vn 0.55760000 -0.43490000 -0.70710000
vn 0.53830000 -0.45860000 -0.70710000
vn 0.52820000 -0.47010000 -0.70710000
vn 0.50740000 -0.49250000 -0.70710000
vn 0.49670000 -0.50330000 -0.70710000
vn 0.47440000 -0.52430000 -0.70710000
vn 0.46300000 -0.53450000 -0.70710000
vn 0.43950000 -0.55400000 -0.70710000
vn 0.42740000 -0.56340000 -0.70710000
vn 0.40260000 -0.58130000 -0.70710000
vn 0.39000000 -0.58990000 -0.70710000
vn 0.36410000 -0.60620000 -0.70710000
vn 0.35090000 -0.61390000 -0.70710000
vn 0.32400000 -0.62850000 -0.70710000
vn 0.31040000 -0.63540000 -0.70710000
vn 0.28260000 -0.64820000 -0.70710000
vn 0.26850000 -0.65410000 -0.70710000
vn 0.24000000 -0.66510000 -0.70710000
vn 0.22560000 -0.67020000 -0.70710000
vn 0.19640000 -0.67930000 -0.70710000
vn 0.18170000 -0.68340000 -0.70710000
vn 0.15200000 -0.69060000 -0.70710000
vn 0.13700000 -0.69370000 -0.70710000
vn 0.10690000 -0.69900000 -0.70710000
vn 0.09170000 -0.70120000 -0.70710000
vn 0.06130000 -0.70450000 -0.70710000
vn 0.04610000 -0.70560000 -0.70710000
vn 0.01550000 -0.70700000 -0.70710000
vn 0.00030000 -0.70710000 -0.70710000
vn -0.03030000 -0.70650000 -0.70710000
vn -0.04560000 -0.70570000 -0.70710000
vn -0.07600000 -0.70300000 -0.70710000
vn -0.09120000 -0.70120000 -0.70710000
vn -0.12140000 -0.69660000 -0.70710000
vn -0.13650000 -0.69380000 -0.70710000
vn -0.16630000 -0.68730000 -0.70710000
vn -0.18120000 -0.68350000 -0.70710000
vn -0.21050000 -0.67510000 -0.70710000
vn -0.22510000 -0.67040000 -0.70710000
vn -0.25380000 -0.66000000 -0.70710000
vn -0.26810000 -0.65440000 -0.70710000
vn -0.29610000 -0.64220000 -0.70710000
vn -0.30990000 -0.63560000 -0.70710000
vn -0.33710000 -0.62160000 -0.70710000
vn -0.35040000 -0.61420000 -0.70710000
vn -0.37670000 -0.59850000 -0.70710000
vn -0.38950000 -0.59020000 -0.70710000
vn -0.41470000 -0.57280000 -0.70710000
vn -0.42700000 -0.56370000 -0.70710000
vn -0.45090000 -0.54470000 -0.70710000
vn -0.46260000 -0.53480000 -0.70710000
vn -0.48530000 -0.51430000 -0.70710000
vn -0.49630000 -0.50370000 -0.70710000
vn -0.51760000 -0.48180000 -0.70710000
vn -0.52790000 -0.47050000 -0.70710000
vn -0.54770000 -0.44720000 -0.70710000
vn -0.55730000 -0.43530000 -0.70710000
vn -0.57560000 -0.41080000 -0.70710000
vn -0.58430000 -0.39830000 -0.70710000
vn -0.60100000 -0.37260000 -0.70710000
vn -0.60890000 -0.35950000 -0.70710000
vn -0.62390000 -0.33290000 -0.70710000
vn -0.63090000 -0.31930000 -0.70710000
vn -0.64410000 -0.29170000 -0.70710000
vn -0.65030000 -0.27780000 -0.70710000
vn -0.66170000 -0.24940000 -0.70710000
vn -0.66690000 -0.23500000 -0.70710000
vn -0.67650000 -0.20600000 -0.70710000
vn -0.68080000 -0.19130000 -0.70710000
vn -0.68840000 -0.16170000 -0.70710000
vn -0.69170000 -0.14680000 -0.70710000
vn -0.69740000 -0.11670000 -0.70710000
vn -0.69980000 -0.10160000 -0.70710000
vn -0.70350000 -0.07130000 -0.70710000
vn -0.70490000 -0.05610000 -0.70710000
vn -0.70670000 -0.02550000 -0.70710000
vn -0.70710000 -0.01020000 -0.70710000
vn -0.70680000 0.02030000 -0.70710000
vn -0.70620000 0.03560000 -0.70710000
vn -0.70400000 0.06610000 -0.70710000
vn -0.70240000 0.08130000 -0.70710000
vn -0.69830000 0.11160000 -0.70710000
vn -0.69570000 0.12670000 -0.70710000
vn -0.68960000 0.15660000 -0.70710000
vn -0.68600000 0.17150000 -0.70710000
vn -0.67800000 0.20100000 -0.70710000
vn -0.67350000 0.21560000 -0.70710000
vn -0.66350000 0.24450000 -0.70710000
vn -0.65810000 0.25880000 -0.70710000
vn -0.64630000 0.28700000 -0.70710000
vn -0.63990000 0.30090000 -0.70710000
vn -0.62630000 0.32830000 -0.70710000
vn -0.61910000 0.34170000 -0.70710000
vn -0.60370000 0.36820000 -0.70710000
vn -0.59560000 0.38120000 -0.70710000
vn -0.57860000 0.40660000 -0.70710000
vn -0.56970000 0.41900000 -0.70710000
vn -0.55100000 0.44320000 -0.70710000
vn -0.54130000 0.45500000 -0.70710000
vn -0.52110000 0.47800000 -0.70710000
vn -0.51070000 0.48910000 -0.70710000
vn -0.48900000 0.51080000 -0.70710000
vn -0.47790000 0.52120000 -0.70710000
vn -0.45490000 0.54140000 -0.70710000
vn -0.44310000 0.55110000 -0.70710000
vn -0.41890000 0.56970000 -0.70710000
vn -0.40650000 0.57860000 -0.70710000
vn -0.39400000 0.58740000 -0.70690000
vn -0.39420000 0.58720000 -0.70690000
vn -0.66260000 0.24690000 -0.70710000
vn -0.65990000 0.25430000 -0.70700000
vn -0.65100000 0.27610000 -0.70710000
vn -0.64470000 0.29050000 -0.70710000
vn -0.63110000 0.31890000 -0.70710000
vn -0.62390000 0.33280000 -0.70710000
vn -0.60850000 0.36020000 -0.70710000
vn -0.60030000 0.37370000 -0.70710000
vn -0.58310000 0.40000000 -0.70710000
vn -0.57410000 0.41280000 -0.70710000
vn -0.55520000 0.43800000 -0.70710000
vn -0.54530000 0.45020000 -0.70710000
vn -0.52470000 0.47400000 -0.70710000
vn -0.51410000 0.48550000 -0.70710000
vn -0.49200000 0.50790000 -0.70710000
vn -0.48060000 0.51870000 -0.70710000
vn -0.45700000 0.53960000 -0.70710000
vn -0.44490000 0.54960000 -0.70710000
vn -0.42010000 0.56880000 -0.70710000
vn -0.40730000 0.57800000 -0.70710000
vn -0.67050000 0.22470000 -0.70700000
vn -0.66790000 0.23210000 -0.70710000
vn -0.67800000 -0.20110000 -0.70700000
vn -0.67810000 -0.20130000 -0.70690000
vn -0.68230000 -0.18570000 -0.70710000
vn -0.68630000 -0.17050000 -0.70710000
vn -0.69320000 -0.13990000 -0.70710000
vn -0.69610000 -0.12440000 -0.70710000
vn -0.70090000 -0.09340000 -0.70710000
vn -0.70280000 -0.07780000 -0.70710000
vn -0.70560000 -0.04640000 -0.70710000
vn -0.70650000 -0.03080000 -0.70710000
vn -0.70710000 0.00070000 -0.70710000
vn -0.70710000 -0.01500000 -0.70690000
vn -0.70660000 0.03210000 -0.70690000
vn -0.70550000 0.04780000 -0.70710000
vn -0.70430000 0.06350000 -0.70710000
vn -0.70080000 0.09470000 -0.70710000
vn -0.69850000 0.11030000 -0.70710000
vn -0.69290000 0.14120000 -0.70710000
vn -0.68960000 0.15660000 -0.70710000
vn -0.68190000 0.18710000 -0.70710000
vn -0.67760000 0.20220000 -0.70710000
vn -0.68200000 -0.18690000 -0.70710000
vn -0.68590000 -0.17210000 -0.70710000
vn -0.69270000 -0.14230000 -0.70710000
vn -0.69560000 -0.12730000 -0.70710000
vn -0.70040000 -0.09720000 -0.70710000
vn -0.70240000 -0.08210000 -0.70710000
vn -0.70520000 -0.05170000 -0.70710000
vn -0.70620000 -0.03640000 -0.70710000
vn -0.70710000 -0.00590000 -0.70710000
vn -0.70710000 0.00930000 -0.70710000
vn -0.70600000 0.03980000 -0.70710000
vn -0.70500000 0.05510000 -0.70710000
vn -0.70190000 0.08540000 -0.70710000
vn -0.69990000 0.10060000 -0.70710000
vn -0.69490000 0.13070000 -0.70710000
vn -0.69200000 0.14570000 -0.70710000
vn -0.68500000 0.17540000 -0.70710000
vn -0.68110000 0.19010000 -0.70710000
vn -0.67220000 0.21940000 -0.70710000
vn -0.66730000 0.23380000 -0.70710000
vn -0.65660000 0.26240000 -0.70710000
vn -0.65080000 0.27650000 -0.70710000
vn -0.63830000 0.30430000 -0.70710000
vn -0.63160000 0.31810000 -0.70710000
vn -0.61730000 0.34500000 -0.70710000
vn -0.60970000 0.35830000 -0.70710000
vn -0.59360000 0.38420000 -0.70710000
vn -0.58520000 0.39700000 -0.70710000
vn -0.56750000 0.42180000 -0.70710000
vn -0.55830000 0.43400000 -0.70710000
vn -0.53900000 0.45770000 -0.70710000
vn -0.52900000 0.46920000 -0.70710000
vn -0.50830000 0.49160000 -0.70710000
vn -0.49750000 0.50250000 -0.70710000
vn -0.47540000 0.52350000 -0.70710000
vn -0.46400000 0.53360000 -0.70710000
vn -0.44050000 0.55310000 -0.70710000
vn -0.42850000 0.56250000 -0.70710000
vn -0.40380000 0.58050000 -0.70710000
vn -0.39120000 0.58910000 -0.70710000
vn -0.36540000 0.60540000 -0.70710000
vn -0.35220000 0.61320000 -0.70710000
vn -0.32550000 0.62780000 -0.70710000
vn -0.31180000 0.63470000 -0.70710000
vn -0.28410000 0.64750000 -0.70710000
vn -0.27010000 0.65350000 -0.70710000
vn -0.24160000 0.66460000 -0.70710000
vn -0.22720000 0.66960000 -0.70710000
vn -0.19810000 0.67880000 -0.70710000
vn -0.18340000 0.68290000 -0.70710000
vn -0.15380000 0.69020000 -0.70710000
vn -0.13880000 0.69340000 -0.70710000
vn -0.10880000 0.69870000 -0.70710000
vn -0.09370000 0.70090000 -0.70710000
vn -0.06340000 0.70430000 -0.70710000
vn -0.04810000 0.70550000 -0.70710000
vn -0.01760000 0.70690000 -0.70710000
vn -0.00240000 0.70710000 -0.70710000
vn 0.02810000 0.70660000 -0.70710000
vn 0.04340000 0.70580000 -0.70710000
vn 0.07380000 0.70330000 -0.70710000
vn 0.08900000 0.70150000 -0.70710000
vn 0.11920000 0.69700000 -0.70710000
vn 0.13420000 0.69430000 -0.70710000
vn 0.16400000 0.68780000 -0.70710000
vn 0.17880000 0.68410000 -0.70710000
vn 0.20820000 0.67580000 -0.70710000
vn 0.22270000 0.67110000 -0.70710000
vn 0.25150000 0.66090000 -0.70710000
vn 0.26570000 0.65530000 -0.70710000
vn 0.29370000 0.64320000 -0.70710000
vn 0.30760000 0.63670000 -0.70710000
vn 0.33470000 0.62290000 -0.70710000
vn 0.34810000 0.61550000 -0.70710000
vn 0.37430000 0.59990000 -0.70710000
vn 0.38720000 0.59170000 -0.70710000
vn 0.41240000 0.57440000 -0.70710000
vn 0.42470000 0.56540000 -0.70710000
vn 0.44870000 0.54650000 -0.70710000
vn 0.46040000 0.53670000 -0.70710000
vn 0.48310000 0.51640000 -0.70710000
vn 0.49420000 0.50580000 -0.70710000
vn 0.51550000 0.48400000 -0.70710000
vn 0.52590000 0.47280000 -0.70710000
vn 0.54580000 0.44960000 -0.70710000
vn 0.55540000 0.43770000 -0.70710000
vn 0.57370000 0.41340000 -0.70710000
vn 0.58250000 0.40090000 -0.70710000
vn 0.59930000 0.37540000 -0.70710000
vn 0.60720000 0.36230000 -0.70710000
vn 0.62230000 0.33580000 -0.70710000
vn 0.62940000 0.32230000 -0.70710000
vn 0.64270000 0.29480000 -0.70710000
vn 0.64590000 0.28790000 -0.70710000
vn 0.66050000 0.25260000 -0.70710000
vn 0.65490000 0.26680000 -0.70710000
vn 0.66580000 0.23830000 -0.70710000
vn 0.67030000 0.22470000 -0.70720000
vn 0.67050000 0.22520000 -0.70690000
vn 0.67060000 0.22500000 -0.70690000
vn 0.01250000 0.70710000 -0.70710000
vn 0.01220000 0.70700000 -0.70710000
vn 0.04190000 0.70590000 -0.70710000
vn 0.05860000 0.70470000 -0.70710000
vn 0.09200000 0.70110000 -0.70710000
vn 0.10860000 0.69870000 -0.70710000
vn 0.14160000 0.69280000 -0.70710000
vn 0.15800000 0.68930000 -0.70710000
vn 0.19050000 0.68100000 -0.70710000
vn 0.20660000 0.67630000 -0.70710000
vn 0.23850000 0.66570000 -0.70710000
vn 0.25420000 0.65990000 -0.70710000
vn 0.28520000 0.64710000 -0.70710000
vn 0.30050000 0.64010000 -0.70710000
vn 0.33050000 0.62510000 -0.70710000
vn 0.34530000 0.61710000 -0.70710000
vn 0.37410000 0.60000000 -0.70710000
vn 0.38820000 0.59100000 -0.70710000
vn 0.41590000 0.57190000 -0.70710000
vn 0.42930000 0.56190000 -0.70710000
vn 0.45540000 0.54090000 -0.70710000
vn 0.46820000 0.53000000 -0.70710000
vn 0.49280000 0.50710000 -0.70710000
vn 0.50460000 0.49540000 -0.70710000
vn 0.52760000 0.47080000 -0.70710000
vn 0.51640000 0.48340000 -0.70690000
vn 0.54950000 0.44540000 -0.70690000
vn 0.55970000 0.43210000 -0.70710000
vn 0.56980000 0.41880000 -0.70710000
vn 0.58910000 0.39120000 -0.70710000
vn 0.59810000 0.37720000 -0.70710000
vn 0.61540000 0.34830000 -0.70710000
vn 0.62340000 0.33370000 -0.70710000
vn 0.63860000 0.30370000 -0.70710000
vn 0.63140000 0.31890000 -0.70690000
vn 0.65240000 0.27320000 -0.70690000
vn 0.65860000 0.25750000 -0.70710000
vn 0.66150000 0.24970000 -0.70710000
vn 0.67020000 0.22610000 -0.70690000
vn -0.00000000 0.70710000 -0.70710000
vn -0.00000000 0.70710000 -0.70710000
vn 0.70710000 0.70710000 -0.00000000
vn 0.70710000 0.70710000 -0.00000000
vn 0.70710000 0.70710000 -0.00000000
vn 0.70710000 0.70710000 -0.00000000
vn -0.00000000 0.70710000 0.70710000
vn 0.01250000 0.70700000 0.70710000
vn -0.00000000 0.70710000 0.70710000
vn 0.01270000 0.70710000 0.70700000
vn 0.67060000 0.22500000 0.70690000
vn 0.67060000 0.22500000 0.70690000
vn 0.66450000 0.24190000 0.70710000
vn 0.65860000 0.25750000 0.70710000
vn 0.64560000 0.28850000 0.70710000
vn 0.63860000 0.30370000 0.70710000
vn 0.62340000 0.33370000 0.70710000
vn 0.61540000 0.34830000 0.70710000
vn 0.59820000 0.37710000 0.70710000
vn 0.58910000 0.39120000 0.70710000
vn 0.56980000 0.41880000 0.70710000
vn 0.55970000 0.43220000 0.70710000
vn 0.53860000 0.45820000 0.70710000
vn 0.52760000 0.47080000 0.70710000
vn 0.50470000 0.49530000 0.70710000
vn 0.49270000 0.50720000 0.70710000
vn 0.46810000 0.53000000 0.70710000
vn 0.45540000 0.54090000 0.70710000
vn 0.42930000 0.56190000 0.70710000
vn 0.41580000 0.57200000 0.70710000
vn 0.38820000 0.59100000 0.70710000
vn 0.37410000 0.60000000 0.70710000
vn 0.34520000 0.61710000 0.70710000
vn 0.33790000 0.62120000 0.70710000
vn 0.30050000 0.64010000 0.70710000
vn 0.31570000 0.63300000 0.70690000
vn 0.28520000 0.64710000 0.70710000
vn 0.25420000 0.65990000 0.70710000
vn 0.23850000 0.66570000 0.70710000
vn 0.20660000 0.67630000 0.70710000
vn 0.19060000 0.68100000 0.70710000
vn 0.15800000 0.68930000 0.70710000
vn 0.14160000 0.69280000 0.70710000
vn 0.10860000 0.69870000 0.70710000
vn 0.09200000 0.70110000 0.70710000
vn 0.05860000 0.70470000 0.70710000
vn 0.04190000 0.70590000 0.70710000
vn -0.00000000 -0.70710000 0.70710000
vn 0.00800000 -0.70710000 0.70710000
vn -0.00000000 -0.70710000 0.70710000
vn -0.00000000 -0.70710000 0.70710000
vn -0.00000000 -0.70710000 0.70710000
vn -0.00000000 -0.70710000 0.70710000
vn -0.00000000 -0.70710000 0.70710000
vn -0.00000000 -0.70710000 0.70710000
vn -0.00000000 -0.70710000 0.70710000
vn -0.00000000 -0.70710000 0.70710000
vn -0.00000000 -0.70710000 0.70710000
vn -0.00000000 -0.70710000 0.70710000
vn -0.00000000 -0.70710000 0.70710000
vn 0.66580000 0.23830000 0.70710000
vn 0.66050000 0.25260000 0.70710000
vn 0.64900000 0.28090000 0.70710000
vn 0.64270000 0.29480000 0.70710000
vn 0.62940000 0.32230000 0.70710000
vn 0.62230000 0.33580000 0.70710000
vn 0.60720000 0.36230000 0.70710000
vn 0.59930000 0.37540000 0.70710000
vn 0.58250000 0.40090000 0.70710000
vn 0.57370000 0.41340000 0.70710000
vn 0.55540000 0.43770000 0.70710000
vn 0.54580000 0.44960000 0.70710000
vn 0.52590000 0.47280000 0.70710000
vn 0.51550000 0.48400000 0.70710000
vn 0.49420000 0.50580000 0.70710000
vn 0.48310000 0.51640000 0.70710000
vn 0.46040000 0.53670000 0.70710000
vn 0.44870000 0.54650000 0.70710000
vn 0.42470000 0.56540000 0.70710000
vn 0.41240000 0.57440000 0.70710000
vn 0.38720000 0.59170000 0.70710000
vn 0.37430000 0.59990000 0.70710000
vn 0.34810000 0.61550000 0.70710000
vn 0.33470000 0.62290000 0.70710000
vn 0.30760000 0.63670000 0.70710000
vn 0.29370000 0.64320000 0.70710000
vn 0.26570000 0.65530000 0.70710000
vn 0.25150000 0.66090000 0.70710000
vn 0.22270000 0.67110000 0.70710000
vn 0.20820000 0.67580000 0.70710000
vn 0.17880000 0.68410000 0.70710000
vn 0.16400000 0.68780000 0.70710000
vn 0.13420000 0.69430000 0.70710000
vn 0.11920000 0.69700000 0.70710000
vn 0.08900000 0.70150000 0.70710000
vn 0.07380000 0.70330000 0.70710000
vn 0.04340000 0.70580000 0.70710000
vn 0.02810000 0.70660000 0.70710000
vn -0.00240000 0.70710000 0.70710000
vn -0.01760000 0.70690000 0.70710000
vn -0.04810000 0.70550000 0.70710000
vn -0.06340000 0.70430000 0.70710000
vn -0.09370000 0.70090000 0.70710000
vn -0.10880000 0.69870000 0.70710000
vn -0.13880000 0.69340000 0.70710000
vn -0.15380000 0.69020000 0.70710000
vn -0.18340000 0.68290000 0.70710000
vn -0.19810000 0.67880000 0.70710000
vn -0.22720000 0.66960000 0.70710000
vn -0.24160000 0.66460000 0.70710000
vn -0.27010000 0.65350000 0.70710000
vn -0.28410000 0.64750000 0.70710000
vn -0.31180000 0.63470000 0.70710000
vn -0.32540000 0.62780000 0.70710000
vn -0.35220000 0.61320000 0.70710000
vn -0.36540000 0.60540000 0.70710000
vn -0.39120000 0.58910000 0.70710000
vn -0.40380000 0.58050000 0.70710000
vn -0.42850000 0.56250000 0.70710000
vn -0.44050000 0.55320000 0.70710000
vn -0.46400000 0.53360000 0.70710000
vn -0.47540000 0.52350000 0.70710000
vn -0.49750000 0.50250000 0.70710000
vn -0.50830000 0.49160000 0.70710000
vn -0.52900000 0.46920000 0.70710000
vn -0.53900000 0.45770000 0.70710000
vn -0.55830000 0.43400000 0.70710000
vn -0.56750000 0.42180000 0.70710000
vn -0.58520000 0.39700000 0.70710000
vn -0.59360000 0.38420000 0.70710000
vn -0.60970000 0.35830000 0.70710000
vn -0.61730000 0.34500000 0.70710000
vn -0.63160000 0.31810000 0.70710000
vn -0.63830000 0.30430000 0.70710000
vn -0.65080000 0.27650000 0.70710000
vn -0.65660000 0.26240000 0.70710000
vn -0.66730000 0.23380000 0.70710000
vn -0.67220000 0.21930000 0.70710000
vn -0.68110000 0.19010000 0.70710000
vn -0.68500000 0.17540000 0.70710000
vn -0.69200000 0.14570000 0.70710000
vn -0.69490000 0.13070000 0.70710000
vn -0.69990000 0.10060000 0.70710000
vn -0.70190000 0.08540000 0.70710000
vn -0.70500000 0.05510000 0.70710000
vn -0.70600000 0.03980000 0.70710000
vn -0.70710000 0.00930000 0.70710000
vn -0.70710000 -0.00590000 0.70710000
vn -0.70620000 -0.03640000 0.70710000
vn -0.70520000 -0.05170000 0.70710000
vn -0.70230000 -0.08210000 0.70710000
vn -0.70040000 -0.09720000 0.70710000
vn -0.69560000 -0.12730000 0.70710000
vn -0.69270000 -0.14230000 0.70710000
vn -0.68590000 -0.17210000 0.70710000
vn -0.68200000 -0.18690000 0.70710000
vn -0.67820000 -0.20150000 0.70680000
vn -0.67810000 -0.20130000 0.70690000
vn 0.02410000 -0.70690000 0.70690000
vn 0.04010000 -0.70600000 0.70710000
vn 0.02410000 -0.70690000 0.70690000
vn 0.07210000 -0.70360000 0.70690000
vn 0.08800000 -0.70160000 0.70710000
vn 0.08800000 -0.70170000 0.70700000
vn 0.07210000 -0.70360000 0.70690000
vn 0.11980000 -0.69710000 0.70690000
vn 0.13550000 -0.69400000 0.70710000
vn 0.15130000 -0.69080000 0.70710000
vn 0.18240000 -0.68320000 0.70710000
vn 0.19790000 -0.67890000 0.70710000
vn 0.22850000 -0.66920000 0.70710000
vn 0.24360000 -0.66380000 0.70710000
vn 0.27350000 -0.65210000 0.70710000
vn 0.28810000 -0.64580000 0.70710000
vn 0.31720000 -0.63200000 0.70710000
vn 0.33140000 -0.62460000 0.70710000
vn 0.35940000 -0.60900000 0.70710000
vn 0.37320000 -0.60060000 0.70710000
vn 0.40000000 -0.58310000 0.70710000
vn 0.41310000 -0.57390000 0.70710000
vn 0.43870000 -0.55460000 0.70710000
vn 0.45120000 -0.54440000 0.70710000
vn 0.47550000 -0.52340000 0.70710000
vn 0.48720000 -0.51250000 0.70710000
vn 0.51000000 -0.48990000 0.70710000
vn 0.52090000 -0.47820000 0.70710000
vn 0.54210000 -0.45400000 0.70710000
vn 0.53180000 -0.46640000 0.70690000
vn 0.56230000 -0.42920000 0.70680000
vn 0.57170000 -0.41610000 0.70710000
vn 0.58100000 -0.40300000 0.70710000
vn 0.59870000 -0.37620000 0.70710000
vn 0.60710000 -0.36260000 0.70710000
vn 0.62290000 -0.33470000 0.70710000
vn 0.63030000 -0.32050000 0.70710000
vn 0.64420000 -0.29160000 0.70710000
vn 0.65070000 -0.27680000 0.70710000
vn 0.65980000 -0.25450000 0.70700000
vn 0.66260000 -0.24710000 0.70710000
vn -0.66800000 0.23210000 0.70710000
vn -0.67050000 0.22470000 0.70700000
vn -0.67760000 0.20220000 0.70710000
vn -0.68190000 0.18710000 0.70710000
vn -0.68960000 0.15660000 0.70710000
vn -0.69290000 0.14120000 0.70710000
vn -0.69850000 0.11030000 0.70710000
vn -0.70080000 0.09470000 0.70710000
vn -0.70430000 0.06350000 0.70710000
vn -0.70550000 0.04780000 0.70710000
vn -0.70690000 0.01640000 0.70710000
vn -0.70710000 0.00070000 0.70710000
vn -0.70650000 -0.03080000 0.70710000
vn -0.70560000 -0.04640000 0.70710000
vn -0.70280000 -0.07780000 0.70710000
vn -0.70090000 -0.09340000 0.70710000
vn -0.69610000 -0.12440000 0.70710000
vn -0.69320000 -0.13990000 0.70710000
vn -0.68630000 -0.17060000 0.70710000
vn -0.68230000 -0.18570000 0.70710000
vn 0.67050000 -0.22470000 0.70700000
vn 0.66800000 -0.23210000 0.70710000
vn -0.65990000 0.25430000 0.70700000
vn -0.66260000 0.24690000 0.70710000
vn 0.67760000 -0.20220000 0.70710000
vn 0.68190000 -0.18710000 0.70710000
vn 0.68960000 -0.15660000 0.70710000
vn 0.69290000 -0.14120000 0.70710000
vn 0.69850000 -0.11030000 0.70710000
vn 0.70080000 -0.09470000 0.70710000
vn 0.70430000 -0.06350000 0.70710000
vn 0.70550000 -0.04780000 0.70710000
vn 0.70690000 -0.01640000 0.70710000
vn 0.70710000 -0.00070000 0.70710000
vn 0.70650000 0.03080000 0.70710000
vn 0.70560000 0.04640000 0.70710000
vn 0.70280000 0.07780000 0.70710000
vn 0.70090000 0.09340000 0.70710000
vn 0.69610000 0.12440000 0.70710000
vn 0.69320000 0.13990000 0.70710000
vn 0.68630000 0.17060000 0.70710000
vn 0.68230000 0.18570000 0.70710000
vn 0.67810000 0.20150000 0.70680000
vn 0.67810000 0.20120000 0.70690000
vn -0.39410000 0.58730000 0.70690000
vn -0.39420000 0.58730000 0.70690000
vn -0.40730000 0.57800000 0.70710000
vn -0.42010000 0.56880000 0.70710000
vn -0.44500000 0.54960000 0.70710000
vn -0.45700000 0.53960000 0.70710000
vn -0.48060000 0.51870000 0.70710000
vn -0.49200000 0.50790000 0.70710000
vn -0.51410000 0.48550000 0.70710000
vn -0.52470000 0.47400000 0.70710000
vn -0.54530000 0.45020000 0.70710000
vn -0.55520000 0.43800000 0.70710000
vn -0.57410000 0.41280000 0.70710000
vn -0.58310000 0.40000000 0.70710000
vn -0.60030000 0.37370000 0.70710000
vn -0.60850000 0.36020000 0.70710000
vn -0.62390000 0.33280000 0.70710000
vn -0.63110000 0.31890000 0.70710000
vn -0.64470000 0.29050000 0.70710000
vn -0.65100000 0.27610000 0.70710000
vn -0.40650000 0.57860000 0.70710000
vn -0.41890000 0.56970000 0.70710000
vn -0.44310000 0.55110000 0.70710000
vn -0.45490000 0.54140000 0.70710000
vn -0.47790000 0.52120000 0.70710000
vn -0.48900000 0.51080000 0.70710000
vn -0.51070000 0.48910000 0.70710000
vn -0.52110000 0.47800000 0.70710000
vn -0.54130000 0.45500000 0.70710000
vn -0.55100000 0.44320000 0.70710000
vn -0.56970000 0.41890000 0.70710000
vn -0.57860000 0.40660000 0.70710000
vn -0.59560000 0.38120000 0.70710000
vn -0.60370000 0.36820000 0.70710000
vn -0.61910000 0.34170000 0.70710000
vn -0.62630000 0.32830000 0.70710000
vn -0.63990000 0.30090000 0.70710000
vn -0.64630000 0.28700000 0.70710000
vn -0.65810000 0.25880000 0.70710000
vn -0.66350000 0.24450000 0.70710000
vn -0.67350000 0.21560000 0.70710000
vn -0.67800000 0.20100000 0.70710000
vn -0.68600000 0.17150000 0.70710000
vn -0.68960000 0.15660000 0.70710000
vn -0.69570000 0.12670000 0.70710000
vn -0.69830000 0.11160000 0.70710000
vn -0.70240000 0.08130000 0.70710000
vn -0.70400000 0.06610000 0.70710000
vn -0.70620000 0.03560000 0.70710000
vn -0.70680000 0.02030000 0.70710000
vn -0.70710000 -0.01020000 0.70710000
vn -0.70670000 -0.02550000 0.70710000
vn -0.70490000 -0.05610000 0.70710000
vn -0.70350000 -0.07130000 0.70710000
vn -0.69980000 -0.10160000 0.70710000
vn -0.69740000 -0.11670000 0.70710000
vn -0.69170000 -0.14680000 0.70710000
vn -0.68840000 -0.16170000 0.70710000
vn -0.68080000 -0.19130000 0.70710000
vn -0.67650000 -0.20600000 0.70710000
vn -0.66690000 -0.23500000 0.70710000
vn -0.66170000 -0.24940000 0.70710000
vn -0.65030000 -0.27780000 0.70710000
vn -0.64410000 -0.29170000 0.70710000
vn -0.63090000 -0.31930000 0.70710000
vn -0.62390000 -0.33290000 0.70710000
vn -0.60890000 -0.35950000 0.70710000
vn -0.60100000 -0.37260000 0.70710000
vn -0.58430000 -0.39830000 0.70710000
vn -0.57560000 -0.41080000 0.70710000
vn -0.55730000 -0.43530000 0.70710000
vn -0.54770000 -0.44720000 0.70710000
vn -0.52790000 -0.47050000 0.70710000
vn -0.51760000 -0.48180000 0.70710000
vn -0.49630000 -0.50370000 0.70710000
vn -0.48530000 -0.51430000 0.70710000
vn -0.46260000 -0.53480000 0.70710000
vn -0.45090000 -0.54470000 0.70710000
vn -0.42700000 -0.56370000 0.70710000
vn -0.41470000 -0.57280000 0.70710000
vn -0.38950000 -0.59020000 0.70710000
vn -0.37670000 -0.59850000 0.70710000
vn -0.35040000 -0.61420000 0.70710000
vn -0.33710000 -0.62160000 0.70710000
vn -0.30990000 -0.63560000 0.70710000
vn -0.29610000 -0.64220000 0.70710000
vn -0.26800000 -0.65440000 0.70710000
vn -0.25380000 -0.66000000 0.70710000
vn -0.22510000 -0.67040000 0.70710000
vn -0.21050000 -0.67510000 0.70710000
vn -0.18110000 -0.68350000 0.70710000
vn -0.16630000 -0.68730000 0.70710000
vn -0.13650000 -0.69380000 0.70710000
vn -0.12140000 -0.69660000 0.70710000
vn -0.09120000 -0.70120000 0.70710000
vn -0.07600000 -0.70300000 0.70710000
vn -0.04560000 -0.70570000 0.70710000
vn -0.03030000 -0.70650000 0.70710000
vn 0.00030000 -0.70710000 0.70710000
vn 0.01550000 -0.70700000 0.70710000
vn 0.04610000 -0.70560000 0.70710000
vn 0.06130000 -0.70450000 0.70710000
vn 0.09170000 -0.70120000 0.70710000
vn 0.10690000 -0.69900000 0.70710000
vn 0.13700000 -0.69370000 0.70710000
vn 0.15200000 -0.69060000 0.70710000
vn 0.18170000 -0.68340000 0.70710000
vn 0.19640000 -0.67930000 0.70710000
vn 0.22560000 -0.67020000 0.70710000
vn 0.24000000 -0.66510000 0.70710000
vn 0.26850000 -0.65410000 0.70710000
vn 0.28260000 -0.64820000 0.70710000
vn 0.31040000 -0.63540000 0.70710000
vn 0.32400000 -0.62850000 0.70710000
vn 0.35090000 -0.61390000 0.70710000
vn 0.36410000 -0.60620000 0.70710000
vn 0.39000000 -0.58990000 0.70710000
vn 0.40260000 -0.58130000 0.70710000
vn 0.42740000 -0.56340000 0.70710000
vn 0.43950000 -0.55400000 0.70710000
vn 0.46300000 -0.53450000 0.70710000
vn 0.47440000 -0.52430000 0.70710000
vn 0.49670000 -0.50330000 0.70710000
vn 0.50740000 -0.49250000 0.70710000
vn 0.52820000 -0.47010000 0.70710000
vn 0.53830000 -0.45860000 0.70710000
vn 0.55760000 -0.43490000 0.70710000
vn 0.56690000 -0.42270000 0.70710000
vn 0.58460000 -0.39780000 0.70710000
vn 0.59310000 -0.38510000 0.70710000
vn 0.60920000 -0.35910000 0.70710000
vn 0.61680000 -0.34580000 0.70710000
vn 0.63120000 -0.31880000 0.70710000
vn 0.63790000 -0.30510000 0.70710000
vn 0.65050000 -0.27730000 0.70710000
vn 0.65630000 -0.26310000 0.70710000
vn 0.66710000 -0.23450000 0.70710000
vn 0.67200000 -0.22000000 0.70710000
vn 0.68090000 -0.19080000 0.70710000
vn 0.68490000 -0.17600000 0.70710000
vn 0.69180000 -0.14620000 0.70710000
vn 0.69480000 -0.13130000 0.70710000
vn 0.69990000 -0.10110000 0.70710000
vn 0.70190000 -0.08590000 0.70710000
vn 0.70490000 -0.05550000 0.70710000
vn 0.70600000 -0.04030000 0.70710000
vn 0.70710000 -0.00970000 0.70710000
vn 0.70710000 0.00560000 0.70710000
vn 0.70620000 0.03610000 0.70710000
vn 0.70530000 0.05140000 0.70710000
vn 0.70240000 0.08180000 0.70710000
vn 0.70040000 0.09700000 0.70710000
vn 0.69560000 0.12720000 0.70710000
vn 0.69270000 0.14220000 0.70710000
vn 0.68590000 0.17200000 0.70710000
vn 0.68200000 0.18680000 0.70710000
vn 0.99560000 -0.00000000 -0.09400000
vn 0.99900000 -0.00000000 -0.04410000
vn 0.99960000 -0.00010000 -0.02940000
vn 1.00000000 -0.00000000 -0.00000000
vn 0.99960000 -0.00010000 0.02940000
vn 0.99860000 -0.00000000 0.05290000
vn 0.99560000 -0.00000000 0.09400000
vn 0.99310000 -0.00000000 0.11740000
vn 0.98650000 -0.00000000 0.16400000
vn 0.98230000 -0.00000000 0.18710000
vn 0.97240000 -0.00000000 0.23320000
vn 0.96670000 -0.00000000 0.25600000
vn 0.95360000 -0.00000000 0.30120000
vn 0.96040000 -0.00000000 0.27870000
vn 0.93830000 -0.00000000 0.34570000
vn 0.92990000 -0.00000000 0.36770000
vn 0.92100000 -0.00000000 0.38950000
vn 0.90170000 -0.00000000 0.43240000
vn 0.89130000 -0.00000000 0.45350000
vn 0.86890000 -0.00000000 0.49490000
vn 0.85710000 -0.00000000 0.51520000
vn 0.83190000 -0.00000000 0.55500000
vn 0.81860000 -0.00000000 0.57440000
vn 0.79070000 -0.00000000 0.61230000
vn 0.77600000 -0.00000000 0.63070000
vn 0.74550000 -0.00000000 0.66650000
vn 0.72960000 -0.00000000 0.68390000
vn 0.69660000 -0.00000000 0.71740000
vn 0.67960000 -0.00000000 0.73360000
vn 0.64430000 -0.00000000 0.76480000
vn 0.62610000 -0.00000000 0.77970000
vn 0.58870000 -0.00000000 0.80840000
vn 0.56960000 -0.00000000 0.82190000
vn 0.53020000 -0.00000000 0.84790000
vn 0.51020000 -0.00000000 0.86010000
vn 0.46910000 -0.00000000 0.88320000
vn 0.44820000 -0.00000000 0.89390000
vn 0.40570000 -0.00000000 0.91400000
vn 0.38410000 -0.00000000 0.92330000
vn 0.34020000 -0.00000000 0.94040000
vn 0.31800000 -0.00000000 0.94810000
vn 0.27300000 -0.00000000 0.96200000
vn 0.25030000 -0.00000000 0.96820000
vn 0.20440000 -0.00000000 0.97890000
vn 0.18140000 -0.00000000 0.98340000
vn 0.13490000 -0.00000000 0.99090000
vn 0.11160000 -0.00000000 0.99380000
vn 0.06470000 -0.00000000 0.99790000
vn 0.04120000 -0.00000000 0.99920000
vn -0.00590000 -0.00000000 1.00000000
vn -0.02940000 -0.00000000 0.99960000
vn -0.07640000 -0.00000000 0.99710000
vn -0.09980000 -0.00000000 0.99500000
vn -0.14660000 -0.00000000 0.98920000
vn -0.16980000 -0.00000000 0.98550000
vn -0.21600000 -0.00000000 0.97640000
vn -0.23890000 -0.00000000 0.97100000
vn -0.28430000 -0.00000000 0.95870000
vn -0.30680000 -0.00000000 0.95180000
vn -0.35120000 -0.00000000 0.93630000
vn -0.37310000 -0.00000000 0.92780000
vn -0.41640000 -0.00000000 0.90920000
vn -0.43770000 -0.00000000 0.89910000
vn -0.47950000 -0.00000000 0.87750000
vn -0.50000000 -0.00000000 0.86600000
vn -0.54020000 -0.00000000 0.84150000
vn -0.55980000 -0.00000000 0.82860000
vn -0.59820000 -0.00000000 0.80130000
vn -0.61680000 -0.00000000 0.78710000
vn -0.65330000 -0.00000000 0.75710000
vn -0.67090000 -0.00000000 0.74160000
vn -0.70500000 -0.00000000 0.70920000
vn -0.72150000 -0.00000000 0.69240000
vn -0.75330000 -0.00000000 0.65770000
vn -0.76860000 -0.00000000 0.63980000
vn -0.79780000 -0.00000000 0.60290000
vn -0.81180000 -0.00000000 0.58400000
vn -0.83840000 -0.00000000 0.54510000
vn -0.85090000 -0.00000000 0.52530000
vn -0.87470000 -0.00000000 0.48460000
vn -0.88590000 -0.00000000 0.46390000
vn -0.90670000 -0.00000000 0.42170000
vn -0.91640000 -0.00000000 0.40030000
vn -0.93420000 -0.00000000 0.35670000
vn -0.94230000 -0.00000000 0.33470000
vn -0.95710000 -0.00000000 0.28990000
vn -0.96360000 -0.00000000 0.26730000
vn -0.97510000 -0.00000000 0.22170000
vn -0.98010000 -0.00000000 0.19870000
vn -0.98830000 -0.00000000 0.15240000
vn -0.99000000 -0.00000000 0.14080000
vn -0.99660000 -0.00000000 0.08230000
vn -0.99440000 -0.00000000 0.10570000
vn -0.99750000 -0.00000000 0.07050000
vn -0.99990000 -0.00000000 0.01180000
vn -0.99940000 -0.00000000 0.03530000
vn -0.99990000 -0.00000000 -0.01180000
vn -0.99830000 -0.00000000 -0.05880000
vn -0.99660000 -0.00000000 -0.08230000
vn -0.99160000 -0.00000000 -0.12910000
vn -0.98830000 -0.00000000 -0.15240000
vn -0.98010000 -0.00000000 -0.19870000
vn -0.97510000 -0.00000000 -0.22170000
vn -0.96360000 -0.00000000 -0.26730000
vn -0.95710000 -0.00000000 -0.28990000
vn -0.94230000 -0.00000000 -0.33470000
vn -0.93420000 -0.00000000 -0.35670000
vn -0.91640000 -0.00000000 -0.40030000
vn -0.90670000 -0.00000000 -0.42170000
vn -0.88590000 -0.00000000 -0.46390000
vn -0.87470000 -0.00000000 -0.48460000
vn -0.85090000 -0.00000000 -0.52530000
vn -0.83840000 -0.00000000 -0.54510000
vn -0.81180000 -0.00000000 -0.58400000
vn -0.79780000 -0.00000000 -0.60290000
vn -0.76860000 -0.00000000 -0.63980000
vn -0.75330000 -0.00000000 -0.65770000
vn -0.72150000 -0.00000000 -0.69240000
vn -0.70500000 -0.00000000 -0.70920000
vn -0.67090000 -0.00000000 -0.74160000
vn -0.65330000 -0.00000000 -0.75710000
vn -0.61680000 -0.00000000 -0.78710000
vn -0.59820000 -0.00000000 -0.80130000
vn -0.55980000 -0.00000000 -0.82860000
vn -0.54020000 -0.00000000 -0.84150000
vn -0.50000000 -0.00000000 -0.86600000
vn -0.47950000 -0.00000000 -0.87750000
vn -0.43770000 -0.00000000 -0.89910000
vn -0.41640000 -0.00000000 -0.90920000
vn -0.37310000 -0.00000000 -0.92780000
vn -0.35120000 -0.00000000 -0.93630000
vn -0.30680000 -0.00000000 -0.95180000
vn -0.28430000 -0.00000000 -0.95870000
vn -0.23890000 -0.00000000 -0.97100000
vn -0.21600000 -0.00000000 -0.97640000
vn -0.16980000 -0.00000000 -0.98550000
vn -0.14660000 -0.00000000 -0.98920000
vn -0.09980000 -0.00000000 -0.99500000
vn -0.07640000 -0.00000000 -0.99710000
vn -0.02940000 -0.00000000 -0.99960000
vn -0.00590000 -0.00000000 -1.00000000
vn 0.04120000 -0.00000000 -0.99920000
vn 0.06470000 -0.00000000 -0.99790000
vn 0.11160000 -0.00000000 -0.99380000
vn 0.13490000 -0.00000000 -0.99090000
vn 0.18140000 -0.00000000 -0.98340000
vn 0.20440000 -0.00000000 -0.97890000
vn 0.25030000 -0.00000000 -0.96820000
vn 0.27300000 -0.00000000 -0.96200000
vn 0.31800000 -0.00000000 -0.94810000
vn 0.34020000 -0.00000000 -0.94040000
vn 0.38410000 -0.00000000 -0.92330000
vn 0.40570000 -0.00000000 -0.91400000
vn 0.44820000 -0.00000000 -0.89390000
vn 0.46910000 -0.00000000 -0.88320000
vn 0.51020000 -0.00000000 -0.86010000
vn 0.53020000 -0.00000000 -0.84790000
vn 0.56960000 -0.00000000 -0.82190000
vn 0.58870000 -0.00000000 -0.80840000
vn 0.62610000 -0.00000000 -0.77970000
vn 0.64430000 -0.00000000 -0.76480000
vn 0.67960000 -0.00000000 -0.73360000
vn 0.69660000 -0.00000000 -0.71740000
vn 0.72960000 -0.00000000 -0.68390000
vn 0.74550000 -0.00000000 -0.66650000
vn 0.77600000 -0.00000000 -0.63070000
vn 0.79070000 -0.00000000 -0.61230000
vn 0.81860000 -0.00000000 -0.57440000
vn 0.83190000 -0.00000000 -0.55500000
vn 0.85710000 -0.00000000 -0.51520000
vn 0.86890000 -0.00000000 -0.49490000
vn 0.89130000 -0.00000000 -0.45350000
vn 0.90170000 -0.00000000 -0.43240000
vn 0.92100000 -0.00000000 -0.38950000
vn 0.92990000 -0.00000000 -0.36770000
vn 0.94620000 -0.00000000 -0.32350000
vn 0.95360000 -0.00000000 -0.30120000
vn 0.96670000 -0.00000000 -0.25600000
vn 0.97240000 -0.00000000 -0.23320000
vn 0.98230000 -0.00000000 -0.18710000
vn 0.98650000 -0.00000000 -0.16400000
vn 0.99310000 -0.00000000 -0.11740000
vn 0.99750000 -0.00000000 -0.07050000
vn 0.99560000 -0.00000000 -0.09400000
vn 0.99900000 -0.00000000 -0.04410000
vn 0.99920000 -0.00000000 -0.03970000
vn 1.00000000 -0.00000000 -0.00000000
vn 0.99960000 -0.00010000 0.02940000
vn 0.99860000 -0.00000000 0.05290000
vn 0.99560000 -0.00000000 0.09400000
vn 0.99310000 -0.00000000 0.11740000
vn 0.98650000 -0.00000000 0.16400000
vn 0.98230000 -0.00000000 0.18710000
vn 0.97240000 -0.00000000 0.23320000
vn 0.96670000 -0.00000000 0.25600000
vn 0.95360000 -0.00000000 0.30120000
vn 0.94620000 -0.00000000 0.32350000
vn 0.92990000 -0.00000000 0.36770000
vn 0.92100000 -0.00000000 0.38950000
vn 0.90170000 -0.00000000 0.43240000
vn 0.89130000 -0.00000000 0.45350000
vn 0.86890000 -0.00000000 0.49490000
vn 0.85710000 -0.00000000 0.51520000
vn 0.83190000 -0.00000000 0.55500000
vn 0.81860000 -0.00000000 0.57440000
vn 0.79070000 -0.00000000 0.61230000
vn 0.77600000 -0.00000000 0.63070000
vn 0.74550000 -0.00000000 0.66650000
vn 0.72960000 -0.00000000 0.68390000
vn 0.69660000 -0.00000000 0.71740000
vn 0.67960000 -0.00000000 0.73360000
vn 0.64430000 -0.00000000 0.76480000
vn 0.62610000 -0.00000000 0.77970000
vn 0.58870000 -0.00000000 0.80830000
vn 0.56960000 -0.00000000 0.82190000
vn 0.53020000 -0.00000000 0.84790000
vn 0.51020000 -0.00000000 0.86010000
vn 0.46910000 -0.00000000 0.88310000
vn 0.44820000 -0.00000000 0.89390000
vn 0.40560000 -0.00000000 0.91400000
vn 0.38410000 -0.00000000 0.92330000
vn 0.34020000 -0.00000000 0.94040000
vn 0.31800000 -0.00000000 0.94810000
vn 0.27300000 -0.00000000 0.96200000
vn 0.29560000 -0.00000000 0.95530000
vn 0.22740000 -0.00000000 0.97380000
vn 0.20440000 -0.00000000 0.97890000
vn 0.18140000 -0.00000000 0.98340000
vn 0.13490000 -0.00000000 0.99090000
vn 0.11160000 -0.00000000 0.99380000
vn 0.06470000 -0.00000000 0.99790000
vn 0.04120000 -0.00000000 0.99920000
vn -0.00590000 -0.00000000 1.00000000
vn -0.02940000 -0.00000000 0.99960000
vn -0.07640000 -0.00000000 0.99710000
vn -0.09980000 -0.00000000 0.99500000
vn -0.14660000 -0.00000000 0.98920000
vn -0.16980000 -0.00000000 0.98550000
vn -0.21600000 -0.00000000 0.97640000
vn -0.23890000 -0.00000000 0.97100000
vn -0.28430000 -0.00000000 0.95870000
vn -0.30680000 -0.00000000 0.95180000
vn -0.35120000 -0.00000000 0.93630000
vn -0.37310000 -0.00000000 0.92780000
vn -0.41640000 -0.00000000 0.90920000
vn -0.43770000 -0.00000000 0.89910000
vn -0.47950000 -0.00000000 0.87750000
vn -0.50000000 -0.00000000 0.86600000
vn -0.54020000 -0.00000000 0.84150000
vn -0.55980000 -0.00000000 0.82860000
vn -0.59820000 -0.00000000 0.80130000
vn -0.61680000 -0.00000000 0.78710000
vn -0.65330000 -0.00000000 0.75710000
vn -0.67090000 -0.00000000 0.74160000
vn -0.70500000 -0.00000000 0.70920000
vn -0.72150000 -0.00000000 0.69240000
vn -0.75330000 -0.00000000 0.65770000
vn -0.76860000 -0.00000000 0.63980000
vn -0.79780000 -0.00000000 0.60290000
vn -0.81180000 -0.00000000 0.58400000
vn -0.83830000 -0.00000000 0.54510000
vn -0.83840000 -0.00000000 0.54510000
vn -0.82530000 -0.00000000 0.56470000
vn -0.86310000 -0.00000000 0.50510000
vn -0.87470000 -0.00000000 0.48460000
vn -0.88590000 -0.00000000 0.46390000
vn -0.90670000 -0.00000000 0.42170000
vn -0.91640000 -0.00000000 0.40030000
vn -0.93420000 -0.00000000 0.35670000
vn -0.94240000 -0.00000000 0.33460000
vn -0.95710000 -0.00000000 0.28990000
vn -0.96360000 -0.00000000 0.26730000
vn -0.97510000 -0.00000000 0.22170000
vn -0.98010000 -0.00000000 0.19870000
vn -0.98830000 -0.00000000 0.15230000
vn -0.99160000 -0.00000000 0.12910000
vn -0.99660000 -0.00000000 0.08230000
vn -0.99830000 -0.00000000 0.05880000
vn -0.99990000 -0.00000000 0.01180000
vn -0.99990000 -0.00000000 -0.01180000
vn -0.99830000 -0.00000000 -0.05880000
vn -0.99660000 -0.00000000 -0.08230000
vn -0.99160000 -0.00000000 -0.12910000
vn -0.98830000 -0.00000000 -0.15230000
vn -0.98010000 -0.00000000 -0.19870000
vn -0.97510000 -0.00000000 -0.22170000
vn -0.96360000 -0.00000000 -0.26730000
vn -0.95710000 -0.00000000 -0.28990000
vn -0.94240000 -0.00000000 -0.33460000
vn -0.95000000 -0.00000000 -0.31240000
vn -0.92560000 -0.00000000 -0.37860000
vn -0.91640000 -0.00000000 -0.40030000
vn -0.90670000 -0.00000000 -0.42170000
vn -0.88590000 -0.00000000 -0.46390000
vn -0.87470000 -0.00000000 -0.48460000
vn -0.85090000 -0.00000000 -0.52530000
vn -0.83840000 -0.00000000 -0.54510000
vn -0.81180000 -0.00000000 -0.58400000
vn -0.79780000 -0.00000000 -0.60290000
vn -0.76860000 -0.00000000 -0.63980000
vn -0.75330000 -0.00000000 -0.65770000
vn -0.72150000 -0.00000000 -0.69240000
vn -0.70500000 -0.00000000 -0.70920000
vn -0.67090000 -0.00000000 -0.74160000
vn -0.65330000 -0.00000000 -0.75710000
vn -0.61680000 -0.00000000 -0.78710000
vn -0.59820000 -0.00000000 -0.80130000
vn -0.55980000 -0.00000000 -0.82860000
vn -0.54020000 -0.00000000 -0.84150000
vn -0.50000000 -0.00000000 -0.86600000
vn -0.47950000 -0.00000000 -0.87750000
vn -0.43770000 -0.00000000 -0.89910000
vn -0.41640000 -0.00000000 -0.90920000
vn -0.37310000 -0.00000000 -0.92780000
vn -0.35120000 -0.00000000 -0.93630000
vn -0.30680000 -0.00000000 -0.95180000
vn -0.28430000 -0.00000000 -0.95870000
vn -0.23890000 -0.00000000 -0.97100000
vn -0.21600000 -0.00000000 -0.97640000
vn -0.16980000 -0.00000000 -0.98550000
vn -0.14660000 -0.00000000 -0.98920000
vn -0.09980000 -0.00000000 -0.99500000
vn -0.07640000 -0.00000000 -0.99710000
vn -0.02940000 -0.00000000 -0.99960000
vn -0.00590000 -0.00000000 -1.00000000
vn 0.04120000 -0.00000000 -0.99920000
vn 0.06470000 -0.00000000 -0.99790000
vn 0.11160000 -0.00000000 -0.99380000
vn 0.13490000 -0.00000000 -0.99090000
vn 0.18140000 -0.00000000 -0.98340000
vn 0.20440000 -0.00000000 -0.97890000
vn 0.25030000 -0.00000000 -0.96820000
vn 0.27300000 -0.00000000 -0.96200000
vn 0.31800000 -0.00000000 -0.94810000
vn 0.34020000 -0.00000000 -0.94040000
vn 0.38410000 -0.00000000 -0.92330000
vn 0.40560000 -0.00000000 -0.91400000
vn 0.44820000 -0.00000000 -0.89390000
vn 0.46910000 -0.00000000 -0.88310000
vn 0.51020000 -0.00000000 -0.86010000
vn 0.53020000 -0.00000000 -0.84790000
vn 0.56960000 -0.00000000 -0.82190000
vn 0.58870000 -0.00000000 -0.80830000
vn 0.62610000 -0.00000000 -0.77970000
vn 0.64430000 -0.00000000 -0.76480000
vn 0.67960000 -0.00000000 -0.73360000
vn 0.69660000 -0.00000000 -0.71740000
vn 0.72960000 -0.00000000 -0.68390000
vn 0.74550000 -0.00000000 -0.66650000
vn 0.77600000 -0.00000000 -0.63070000
vn 0.79070000 -0.00000000 -0.61230000
vn 0.81860000 -0.00000000 -0.57440000
vn 0.83190000 -0.00000000 -0.55500000
vn 0.85710000 -0.00000000 -0.51520000
vn 0.86890000 -0.00000000 -0.49490000
vn 0.89130000 -0.00000000 -0.45350000
vn 0.90170000 -0.00000000 -0.43240000
vn 0.92100000 -0.00000000 -0.38950000
vn 0.92990000 -0.00000000 -0.36770000
vn 0.94620000 -0.00000000 -0.32350000
vn 0.95360000 -0.00000000 -0.30120000
vn 0.96670000 -0.00000000 -0.25600000
vn 0.97240000 -0.00000000 -0.23320000
vn 0.98230000 -0.00000000 -0.18710000
vn 0.98650000 -0.00000000 -0.16400000
vn 0.99310000 -0.00000000 -0.11740000
vn 0.70710000 -0.00000000 -0.70710000
vn 0.70710000 -0.00000000 -0.70710000
vn 0.70710000 -0.00000000 -0.70710000
vn 0.70710000 -0.00000000 -0.70710000
vn 0.70710000 -0.00000000 -0.70710000
vn 0.70710000 -0.00000000 -0.70710000
vn 0.70710000 -0.00000000 -0.70710000
vn 0.70710000 -0.00000000 -0.70710000
vn 0.70710000 -0.00000000 -0.70710000
vn 0.70710000 -0.00000000 -0.70710000
vn 0.70710000 -0.00000000 -0.70710000
vn 0.70710000 -0.00000000 -0.70710000
vn 0.70710000 -0.00000000 -0.70710000
vn 0.70710000 -0.00000000 -0.70710000
vn 0.70710000 -0.00010000 -0.70710000
vn 0.70710000 -0.00000000 -0.70710000
vn 0.70710000 -0.00000000 -0.70710000
vn 0.70710000 -0.00000000 -0.70710000
vn 0.70710000 0.00010000 -0.70710000
vn 0.70710000 -0.00000000 -0.70710000
vn 0.70710000 -0.00000000 -0.70710000
vn 0.70710000 -0.00000000 -0.70710000
vn 0.70710000 -0.00000000 -0.70710000
vn 0.70710000 -0.00000000 -0.70710000
vn 0.70710000 -0.00010000 -0.70710000
vn 0.70710000 -0.00000000 -0.70710000
vn 0.70710000 -0.00000000 -0.70710000
vn 0.70710000 -0.00000000 -0.70710000
vn 0.70710000 -0.00000000 -0.70710000
vn 0.70710000 0.00010000 -0.70710000
vn 0.70710000 -0.00000000 -0.70710000
vn 0.70710000 -0.00000000 -0.70710000
vn 0.70710000 0.00010000 -0.70710000
vn 0.70710000 -0.00000000 -0.70710000
vn 0.70710000 -0.00000000 0.70710000
vn 0.70710000 -0.00000000 0.70710000
vn 0.70710000 -0.00000000 0.70710000
vn 0.70710000 -0.00000000 0.70710000
vn 0.70710000 -0.00000000 0.70710000
vn 0.70710000 -0.00000000 0.70710000
vn 0.70710000 -0.00000000 0.70710000
vn 0.70710000 -0.00000000 0.70710000
vn 0.70710000 -0.00010000 0.70710000
vn 0.70710000 -0.00000000 0.70710000
vn 0.70710000 -0.00000000 0.70710000
vn 0.70710000 -0.00000000 0.70710000
vn 0.70710000 -0.00000000 0.70710000
vn 0.70710000 -0.00000000 0.70710000
vn 0.70710000 -0.00000000 0.70710000
vn 0.70710000 0.00010000 0.70710000
vn 0.70710000 -0.00000000 0.70710000
vn 0.70710000 -0.00000000 0.70710000
vn 0.70710000 -0.00000000 0.70710000
vn 0.70710000 -0.00000000 0.70710000
vn 0.70710000 -0.00000000 0.70710000
vn 0.70710000 -0.00010000 0.70710000
vn 0.70710000 -0.00000000 0.70710000
vn 0.70710000 -0.00010000 0.70710000
vn 0.70710000 -0.00000000 0.70710000
vn 0.70710000 -0.00000000 0.70710000
vn 0.70710000 0.00010000 0.70710000
vn 0.70710000 -0.00000000 0.70710000
vn 0.70710000 -0.00000000 0.70710000
vn 0.70710000 0.00010000 0.70710000
vn 0.70710000 -0.00000000 0.70710000
vn 0.70710000 -0.00000000 0.70710000
vn 0.70710000 -0.00000000 0.70710000
vn 0.70710000 -0.00000000 0.70710000
vn 0.95310000 -0.30250000 -0.00000000
vn 0.94230000 -0.33490000 -0.00000000
vn 0.95310000 -0.30250000 -0.00000000
vn 0.28000000 -0.96000000 0.00570000
vn 0.28740000 -0.95740000 0.02780000
vn 0.31920000 -0.94760000 0.00930000
vn 0.32550000 -0.94550000 -0.00560000
vn 0.38790000 -0.92170000 -0.00000000
vn 0.40880000 -0.91260000 -0.00000000
vn 0.44990000 -0.89310000 -0.00000000
vn 0.47010000 -0.88260000 -0.00000000
vn 0.50980000 -0.86030000 -0.00000000
vn 0.52930000 -0.84850000 -0.00000000
vn 0.56730000 -0.82350000 -0.00000000
vn 0.58590000 -0.81040000 -0.00000000
vn 0.62220000 -0.78290000 -0.00000000
vn 0.63990000 -0.76850000 -0.00000000
vn 0.67420000 -0.73860000 -0.00000000
vn 0.69080000 -0.72300000 -0.00000000
vn 0.72300000 -0.69090000 -0.00000000
vn 0.73860000 -0.67420000 -0.00000000
vn 0.76830000 -0.64000000 -0.00000000
vn 0.78280000 -0.62220000 -0.00000000
vn 0.80700000 -0.59050000 -0.00000000
vn 0.81700000 -0.57670000 -0.00000000
vn 0.83620000 -0.54840000 -0.00000000
vn 0.83620000 -0.54840000 -0.00000000
vn 0.85180000 -0.52390000 -0.00000000
vn 0.85730000 -0.51480000 -0.00000000
vn 0.86880000 -0.49520000 -0.00000000
vn 0.87440000 -0.48520000 -0.00000000
vn 0.88520000 -0.46510000 -0.00000000
vn 0.89050000 -0.45500000 -0.00000000
vn 0.90060000 -0.43470000 -0.00000000
vn 0.90550000 -0.42430000 -0.00000000
vn 0.91490000 -0.40360000 -0.00000000
vn 0.91950000 -0.39320000 -0.00000000
vn 0.92820000 -0.37210000 -0.00000000
vn 0.93240000 -0.36150000 -0.00000000
vn 0.94230000 -0.33490000 -0.00000000
vn 0.96140000 -0.27530000 -0.00000000
vn 0.96440000 -0.26430000 -0.00000000
vn 0.97020000 -0.24240000 -0.00000000
vn 0.97290000 -0.23120000 -0.00000000
vn 0.97790000 -0.20890000 -0.00000000
vn 0.98020000 -0.19790000 -0.00000000
vn 0.98450000 -0.17550000 -0.00000000
vn 0.98640000 -0.16430000 -0.00000000
vn 0.99070000 -0.13610000 -0.00000000
vn 0.99070000 -0.13620000 -0.00000000
vn 0.99480000 -0.10220000 -0.00000000
vn 0.99480000 -0.10220000 -0.00000000
vn 0.99770000 -0.06820000 -0.00000000
vn 0.99940000 -0.03420000 -0.00000000
vn 0.99770000 -0.06850000 -0.00000000
vn 0.99940000 -0.03420000 -0.00000000
vn 0.20350000 -0.97910000 -0.00000000
vn 0.23670000 -0.97160000 -0.00000000
vn 0.23680000 -0.97160000 -0.00000000
vn 0.28120000 -0.95960000 -0.00930000
vn 0.28740000 -0.95740000 -0.02780000
vn 0.20350000 -0.97910000 -0.00000000
vn 0.16990000 -0.98550000 -0.00000000
vn 0.16990000 -0.98550000 -0.00000000
vn 0.13620000 -0.99070000 -0.00000000
vn 0.13620000 -0.99070000 -0.00000000
vn 0.10220000 -0.99480000 -0.00000000
vn 0.10220000 -0.99480000 -0.00000000
vn 0.06840000 -0.99770000 -0.00000000
vn 0.03420000 -0.99940000 -0.00000000
vn 0.06830000 -0.99770000 -0.00000000
vn 0.03450000 -0.99940000 -0.00000000
f 1//1 2//2 3//3
f 3//3 2//2 4//4
f 3//3 4//4 5//5
f 5//5 4//4 6//6
f 5//5 6//6 7//7
f 7//7 6//6 8//8
f 7//7 8//8 9//9
f 9//9 8//8 10//10
f 9//9 10//10 11//11
f 11//11 10//10 12//12
f 11//11 12//12 13//13
f 13//13 12//12 14//14
f 13//13 14//14 15//15
f 15//15 14//14 16//16
f 15//15 16//16 17//17
f 17//17 16//16 18//18
f 17//17 18//18 19//19
f 19//19 18//18 20//20
f 19//19 20//20 21//21
f 21//21 20//20 22//22
f 21//21 22//22 23//23
f 23//23 22//22 24//24
f 23//23 24//24 25//25
f 25//25 24//24 26//26
f 25//25 26//26 27//27
f 27//27 26//26 28//28
f 27//27 28//28 29//29
f 29//29 28//28 30//30
f 29//29 30//30 31//31
f 31//31 30//30 32//32
f 31//31 32//32 33//33
f 33//33 32//32 34//34
f 33//33 34//34 35//35
f 35//35 34//34 36//36
f 35//35 36//36 37//37
f 37//37 36//36 38//38
f 37//37 38//38 39//39
f 39//39 38//38 40//40
f 39//39 40//40 41//41
f 41//41 40//40 42//42
f 41//41 42//42 43//43
f 43//43 42//42 44//44
f 43//43 44//44 45//45
f 45//45 44//44 46//46
f 45//45 46//46 47//47
f 47//47 46//46 48//48
f 47//47 48//48 49//49
f 49//49 48//48 50//50
f 49//49 50//50 51//51
f 51//51 50//50 52//52
f 51//51 52//52 53//53
f 53//53 52//52 54//54
f 53//53 54//54 55//55
f 55//55 54//54 56//56
f 55//55 56//56 57//57
f 57//57 56//56 58//58
f 57//57 58//58 59//59
f 59//59 58//58 60//60
f 59//59 60//60 61//61
f 61//61 60//60 62//62
f 61//61 62//62 63//63
f 63//63 62//62 64//64
f 63//63 64//64 65//65
f 65//65 64//64 66//66
f 65//65 66//66 67//67
f 67//67 66//66 68//68
f 67//67 68//68 69//69
f 69//69 68//68 70//70
f 69//69 70//70 71//71
f 71//71 70//70 72//72
f 71//71 72//72 73//73
f 73//73 72//72 74//74
f 73//73 74//74 75//75
f 75//75 74//74 76//76
f 75//75 76//76 77//77
f 77//77 76//76 78//78
f 77//77 78//78 79//79
f 79//79 78//78 80//80
f 79//79 80//80 81//81
f 81//81 80//80 82//82
f 81//81 82//82 83//83
f 83//83 82//82 84//84
f 83//83 84//84 85//85
f 85//85 84//84 86//86
f 85//85 86//86 87//87
f 87//87 86//86 88//88
f 87//87 88//88 89//89
f 89//89 88//88 90//90
f 89//89 90//90 91//91
f 91//91 90//90 92//92
f 91//91 92//92 93//93
f 93//93 92//92 94//94
f 93//93 94//94 95//95
f 95//95 94//94 96//96
f 95//95 96//96 97//97
f 97//97 96//96 98//98
f 97//97 98//98 99//99
f 99//99 98//98 100//100
f 99//99 100//100 101//101
f 101//101 100//100 102//102
f 101//101 102//102 103//103
f 103//103 102//102 104//104
f 103//103 104//104 105//105
f 105//105 104//104 106//106
f 105//105 106//106 107//107
f 107//107 106//106 108//108
f 107//107 108//108 109//109
f 109//109 108//108 110//110
f 109//109 110//110 111//111
f 111//111 110//110 112//112
f 111//111 112//112 113//113
f 113//113 112//112 114//114
f 113//113 114//114 115//115
f 115//115 114//114 116//116
f 115//115 116//116 117//117
f 117//117 116//116 118//118
f 117//117 118//118 119//119
f 119//119 118//118 120//120
f 119//119 120//120 121//121
f 121//121 120//120 122//122
f 121//121 122//122 123//123
f 123//123 122//122 124//124
f 123//123 124//124 125//125
f 125//125 124//124 126//126
f 125//125 126//126 127//127
f 127//127 126//126 128//128
f 127//127 128//128 129//129
f 129//129 128//128 130//130
f 129//129 130//130 131//131
f 131//131 130//130 132//132
f 131//131 132//132 133//133
f 133//133 132//132 134//134
f 133//133 134//134 135//135
f 135//135 134//134 136//136
f 135//135 136//136 137//137
f 137//137 136//136 138//138
f 137//137 138//138 139//139
f 139//139 138//138 140//140
f 139//139 140//140 141//141
f 141//141 140//140 142//142
f 141//141 142//142 143//143
f 143//143 142//142 144//144
f 143//143 144//144 145//145
f 145//145 144//144 146//146
f 145//145 146//146 147//147
f 147//147 146//146 148//148
f 147//147 148//148 149//149
f 149//149 148//148 150//150
f 149//149 150//150 151//151
f 151//151 150//150 152//152
f 151//151 152//152 153//153
f 153//153 152//152 154//154
f 153//153 154//154 155//155
f 155//155 154//154 156//156
f 155//155 156//156 157//157
f 157//157 156//156 158//158
f 157//157 158//158 159//159
f 159//159 158//158 160//160
f 159//159 160//160 161//161
f 161//161 160//160 162//162
f 161//161 162//162 163//163
f 163//163 162//162 164//164
f 163//163 164//164 165//165
f 165//165 164//164 166//166
f 165//165 166//166 167//167
f 167//167 166//166 168//168
f 167//167 168//168 169//169
f 169//169 168//168 170//170
f 169//169 170//170 171//171
f 171//171 170//170 172//172
f 171//171 172//172 173//173
f 173//173 172//172 174//174
f 173//173 174//174 175//175
f 175//175 174//174 176//176
f 175//175 176//176 177//177
f 177//177 176//176 178//178
f 177//177 178//178 179//179
f 179//179 178//178 1//1
f 179//179 1//1 3//3
f 180//180 181//181 182//182
f 182//182 181//181 183//183
f 182//182 183//183 184//184
f 184//184 183//183 185//185
f 184//184 185//185 186//186
f 186//186 185//185 187//187
f 186//186 187//187 188//188
f 188//188 187//187 189//189
f 188//188 189//189 190//190
f 190//190 189//189 191//191
f 190//190 191//191 192//192
f 192//192 191//191 193//193
f 192//192 193//193 194//194
f 194//194 193//193 195//195
f 194//194 195//195 196//196
f 196//196 195//195 197//197
f 196//196 197//197 198//198
f 198//198 197//197 199//199
f 198//198 199//199 200//200
f 200//200 199//199 201//201
f 200//200 201//201 202//202
f 202//202 201//201 203//203
f 202//202 203//203 204//204
f 204//204 203//203 205//205
f 204//204 205//205 206//206
f 206//206 205//205 207//207
f 206//206 207//207 208//208
f 208//208 207//207 209//209
f 208//208 209//209 210//210
f 210//210 209//209 211//211
f 210//210 211//211 212//212
f 212//212 211//211 213//213
f 212//212 213//213 214//214
f 214//214 213//213 215//215
f 214//214 215//215 216//216
f 216//216 215//215 217//217
f 216//216 217//217 218//218
f 218//218 217//217 219//219
f 218//218 219//219 220//220
f 220//220 219//219 221//221
f 220//220 221//221 222//222
f 222//222 221//221 223//223
f 222//222 223//223 224//224
f 224//224 223//223 225//225
f 224//224 225//225 226//226
f 226//226 225//225 227//227
f 226//226 227//227 228//228
f 228//228 227//227 229//229
f 228//228 229//229 230//230
f 230//230 229//229 231//231
f 230//230 231//231 232//232
f 232//232 231//231 233//233
f 232//232 233//233 234//234
f 234//234 233//233 235//235
f 234//234 235//235 236//236
f 236//236 235//235 237//237
f 236//236 237//237 238//238
f 238//238 237//237 239//239
f 238//238 239//239 240//240
f 240//240 239//239 241//241
f 240//240 241//241 242//242
f 242//242 241//241 243//243
f 242//242 243//243 244//244
f 244//244 243//243 245//245
f 244//244 245//245 246//246
f 246//246 245//245 247//247
f 246//246 247//247 248//248
f 248//248 247//247 249//249
f 248//248 249//249 250//250
f 250//250 249//249 251//251
f 250//250 251//251 252//252
f 252//252 251//251 253//253
f 252//252 253//253 254//254
f 254//254 253//253 255//255
f 254//254 255//255 256//256
f 256//256 255//255 257//257
f 256//256 257//257 258//258
f 258//258 257//257 259//259
f 258//258 259//259 260//260
f 260//260 259//259 261//261
f 260//260 261//261 262//262
f 262//262 261//261 263//263
f 262//262 263//263 264//264
f 264//264 263//263 265//265
f 264//264 265//265 266//266
f 266//266 265//265 267//267
f 266//266 267//267 268//268
f 268//268 267//267 269//269
f 268//268 269//269 270//270
f 270//270 269//269 271//271
f 270//270 271//271 272//272
f 272//272 271//271 273//273
f 272//272 273//273 274//274
f 274//274 273//273 275//275
f 274//274 275//275 276//276
f 276//276 275//275 277//277
f 276//276 277//277 278//278
f 278//278 277//277 279//279
f 278//278 279//279 280//280
f 280//280 279//279 281//281
f 280//280 281//281 282//282
f 282//282 281//281 283//283
f 282//282 283//283 284//284
f 284//284 283//283 285//285
f 284//284 285//285 286//286
f 286//286 285//285 287//287
f 286//286 287//287 288//288
f 288//288 287//287 289//289
f 288//288 289//289 290//290
f 290//290 289//289 291//291
f 290//290 291//291 292//292
f 292//292 291//291 293//293
f 292//292 293//293 294//294
f 294//294 293//293 295//295
f 294//294 295//295 296//296
f 296//296 295//295 297//297
f 296//296 297//297 298//298
f 298//298 297//297 299//299
f 298//298 299//299 300//300
f 300//300 299//299 301//301
f 300//300 301//301 302//302
f 302//302 301//301 303//303
f 302//302 303//303 304//304
f 304//304 303//303 305//305
f 304//304 305//305 306//306
f 306//306 305//305 307//307
f 306//306 307//307 308//308
f 308//308 307//307 309//309
f 308//308 309//309 310//310
f 310//310 309//309 311//311
f 310//310 311//311 312//312
f 312//312 311//311 313//313
f 312//312 313//313 314//314
f 314//314 313//313 315//315
f 314//314 315//315 316//316
f 316//316 315//315 317//317
f 316//316 317//317 318//318
f 318//318 317//317 319//319
f 318//318 319//319 320//320
f 320//320 319//319 321//321
f 320//320 321//321 322//322
f 322//322 321//321 323//323
f 322//322 323//323 324//324
f 324//324 323//323 325//325
f 324//324 325//325 326//326
f 326//326 325//325 327//327
f 326//326 327//327 328//328
f 328//328 327//327 329//329
f 328//328 329//329 330//330
f 330//330 329//329 331//331
f 330//330 331//331 332//332
f 332//332 331//331 333//333
f 332//332 333//333 334//334
f 334//334 333//333 335//335
f 334//334 335//335 336//336
f 336//336 335//335 337//337
f 336//336 337//337 338//338
f 338//338 337//337 339//339
f 338//338 339//339 340//340
f 340//340 339//339 341//341
f 340//340 341//341 342//342
f 342//342 341//341 343//343
f 342//342 343//343 344//344
f 344//344 343//343 345//345
f 344//344 345//345 346//346
f 346//346 345//345 347//347
f 346//346 347//347 348//348
f 348//348 347//347 349//349
f 348//348 349//349 350//350
f 350//350 349//349 351//351
f 350//350 351//351 352//352
f 352//352 351//351 353//353
f 352//352 353//353 354//354
f 354//354 353//353 355//355
f 354//354 355//355 356//356
f 356//356 355//355 357//357
f 356//356 357//357 358//358
f 358//358 357//357 180//180
f 358//358 180//180 182//182
f 359//359 360//360 361//361
f 362//362 363//363 364//364
f 365//365 366//366 367//367
f 368//368 369//369 360//360
f 370//370 371//371 365//365
f 365//365 371//371 372//372
f 365//365 372//372 366//366
f 373//373 374//374 375//375
f 375//375 374//374 365//365
f 375//375 365//365 376//376
f 376//376 365//365 367//367
f 362//362 364//364 377//377
f 377//377 364//364 378//378
f 377//377 378//378 379//379
f 370//370 365//365 361//361
f 361//361 365//365 380//380
f 361//361 380//380 359//359
f 381//381 377//377 382//382
f 382//382 377//377 383//383
f 369//369 384//384 360//360
f 360//360 384//384 385//385
f 360//360 385//385 361//361
f 379//379 386//386 377//377
f 377//377 386//386 387//387
f 377//377 387//387 383//383
f 381//381 388//388 377//377
f 377//377 388//388 389//389
f 377//377 389//389 390//390
f 390//390 389//389 391//391
f 390//390 391//391 392//392
f 392//392 391//391 393//393
f 392//392 393//393 394//394
f 394//394 393//393 395//395
f 396//396 397//397 398//398
f 398//398 397//397 399//399
f 398//398 399//399 400//400
f 400//400 399//399 401//401
f 400//400 401//401 402//402
f 402//402 401//401 403//403
f 402//402 403//403 404//404
f 404//404 403//403 405//405
f 404//404 405//405 406//406
f 406//406 405//405 407//407
f 406//406 407//407 408//408
f 408//408 407//407 409//409
f 408//408 409//409 410//410
f 410//410 409//409 411//411
f 410//410 411//411 412//412
f 412//412 411//411 413//413
f 412//412 413//413 414//414
f 414//414 413//413 415//415
f 414//414 415//415 416//416
f 416//416 415//415 417//417
f 416//416 417//417 418//418
f 417//417 419//419 418//418
f 418//418 419//419 420//420
f 418//418 420//420 421//421
f 421//421 420//420 422//422
f 421//421 422//422 423//423
f 423//423 422//422 424//424
f 423//423 424//424 425//425
f 425//425 424//424 426//426
f 425//425 426//426 427//427
f 427//427 426//426 428//428
f 427//427 428//428 429//429
f 429//429 428//428 430//430
f 429//429 430//430 431//431
f 431//431 430//430 432//432
f 431//431 432//432 433//433
f 433//433 432//432 434//434
f 433//433 434//434 435//435
f 435//435 434//434 436//436
f 435//435 436//436 437//437
f 437//437 436//436 438//438
f 437//437 438//438 439//439
f 439//439 438//438 440//440
f 439//439 440//440 395//395
f 395//395 440//440 441//441
f 395//395 441//441 394//394
f 442//442 443//443 444//444
f 444//444 443//443 445//445
f 444//444 445//445 446//446
f 446//446 445//445 447//447
f 446//446 447//447 448//448
f 448//448 447//447 449//449
f 448//448 449//449 450//450
f 450//450 449//449 451//451
f 450//450 451//451 452//452
f 452//452 451//451 453//453
f 452//452 453//453 454//454
f 454//454 453//453 455//455
f 454//454 455//455 456//456
f 456//456 455//455 457//457
f 456//456 457//457 458//458
f 458//458 457//457 459//459
f 458//458 459//459 460//460
f 460//460 459//459 461//461
f 460//460 461//461 462//462
f 462//462 461//461 463//463
f 462//462 463//463 464//464
f 464//464 463//463 465//465
f 464//464 465//465 396//396
f 396//396 465//465 466//466
f 396//396 466//466 397//397
f 467//467 468//468 469//469
f 469//469 468//468 470//470
f 469//469 470//470 471//471
f 471//471 470//470 472//472
f 471//471 472//472 473//473
f 473//473 472//472 474//474
f 473//473 474//474 475//475
f 475//475 474//474 476//476
f 475//475 476//476 477//477
f 477//477 476//476 478//478
f 477//477 478//478 479//479
f 479//479 478//478 480//480
f 479//479 480//480 481//481
f 481//481 480//480 482//482
f 481//481 482//482 483//483
f 483//483 482//482 484//484
f 483//483 484//484 485//485
f 485//485 484//484 486//486
f 485//485 486//486 487//487
f 487//487 486//486 488//488
f 487//487 488//488 489//489
f 489//489 488//488 490//490
f 489//489 490//490 491//491
f 492//492 493//493 494//494
f 494//494 493//493 495//495
f 494//494 495//495 496//496
f 496//496 495//495 497//497
f 496//496 497//497 498//498
f 498//498 497//497 499//499
f 498//498 499//499 500//500
f 500//500 499//499 501//501
f 500//500 501//501 502//502
f 502//502 501//501 503//503
f 502//502 503//503 504//504
f 504//504 503//503 505//505
f 504//504 505//505 506//506
f 506//506 505//505 507//507
f 506//506 507//507 508//508
f 508//508 507//507 509//509
f 508//508 509//509 510//510
f 510//510 509//509 511//511
f 510//510 511//511 512//512
f 512//512 511//511 513//513
f 512//512 513//513 467//467
f 467//467 513//513 514//514
f 467//467 514//514 468//468
f 515//515 516//516 517//517
f 518//518 519//519 520//520
f 519//519 518//518 521//521
f 522//522 523//523 524//524
f 525//525 526//526 527//527
f 528//528 529//529 526//526
f 526//526 529//529 530//530
f 526//526 530//530 527//527
f 524//524 523//523 531//531
f 532//532 533//533 534//534
f 490//490 535//535 491//491
f 491//491 535//535 536//536
f 491//491 536//536 537//537
f 537//537 536//536 538//538
f 537//537 538//538 539//539
f 539//539 538//538 540//540
f 539//539 540//540 541//541
f 541//541 540//540 542//542
f 541//541 542//542 543//543
f 543//543 542//542 544//544
f 543//543 544//544 545//545
f 545//545 544//544 546//546
f 545//545 546//546 547//547
f 547//547 546//546 548//548
f 547//547 548//548 549//549
f 549//549 548//548 550//550
f 549//549 550//550 551//551
f 551//551 550//550 552//552
f 551//551 552//552 553//553
f 553//553 552//552 554//554
f 553//553 554//554 555//555
f 555//555 554//554 556//556
f 555//555 556//556 557//557
f 558//558 559//559 560//560
f 517//517 516//516 561//561
f 562//562 516//516 563//563
f 563//563 516//516 564//564
f 563//563 564//564 565//565
f 566//566 567//567 568//568
f 568//568 567//567 569//569
f 570//570 571//571 572//572
f 572//572 571//571 573//573
f 574//574 573//573 575//575
f 576//576 577//577 578//578
f 578//578 577//577 579//579
f 578//578 579//579 580//580
f 580//580 579//579 581//581
f 580//580 581//581 582//582
f 582//582 581//581 583//583
f 582//582 583//583 584//584
f 584//584 583//583 585//585
f 584//584 585//585 586//586
f 586//586 585//585 587//587
f 586//586 587//587 588//588
f 588//588 587//587 589//589
f 588//588 589//589 590//590
f 590//590 589//589 591//591
f 590//590 591//591 592//592
f 592//592 591//591 593//593
f 592//592 593//593 594//594
f 594//594 593//593 595//595
f 594//594 595//595 442//442
f 442//442 595//595 596//596
f 442//442 596//596 443//443
f 597//597 598//598 599//599
f 523//523 600//600 531//531
f 531//531 600//600 601//601
f 531//531 601//601 602//602
f 602//602 601//601 603//603
f 602//602 603//603 604//604
f 556//556 605//605 557//557
f 557//557 605//605 606//606
f 557//557 606//606 607//607
f 607//607 606//606 608//608
f 607//607 608//608 609//609
f 609//609 608//608 610//610
f 609//609 610//610 611//611
f 611//611 610//610 612//612
f 611//611 612//612 533//533
f 533//533 612//612 613//613
f 533//533 613//613 534//534
f 559//559 614//614 560//560
f 560//560 614//614 615//615
f 560//560 615//615 528//528
f 528//528 615//615 616//616
f 528//528 616//616 529//529
f 569//569 617//617 568//568
f 568//568 617//617 618//618
f 568//568 618//618 619//619
f 620//620 621//621 622//622
f 518//518 623//623 521//521
f 521//521 623//623 574//574
f 521//521 574//574 624//624
f 624//624 574//574 575//575
f 598//598 625//625 599//599
f 599//599 625//625 626//626
f 599//599 626//626 576//576
f 576//576 626//626 627//627
f 576//576 627//627 577//577
f 628//628 629//629 603//603
f 603//603 629//629 630//630
f 603//603 630//630 604//604
f 628//628 631//631 629//629
f 629//629 631//631 632//632
f 629//629 632//632 633//633
f 534//534 634//634 532//532
f 532//532 634//634 635//635
f 532//532 635//635 524//524
f 524//524 635//635 636//636
f 524//524 636//636 522//522
f 637//637 638//638 639//639
f 639//639 638//638 640//640
f 639//639 640//640 641//641
f 641//641 640//640 642//642
f 641//641 642//642 643//643
f 643//643 642//642 644//644
f 643//643 644//644 645//645
f 645//645 644//644 646//646
f 645//645 646//646 647//647
f 647//647 646//646 648//648
f 647//647 648//648 649//649
f 649//649 648//648 650//650
f 649//649 650//650 651//651
f 651//651 650//650 652//652
f 651//651 652//652 653//653
f 653//653 652//652 654//654
f 653//653 654//654 655//655
f 655//655 654//654 656//656
f 655//655 656//656 657//657
f 657//657 656//656 658//658
f 657//657 658//658 492//492
f 492//492 658//658 659//659
f 492//492 659//659 493//493
f 560//560 660//660 562//562
f 562//562 660//660 661//661
f 562//562 661//661 516//516
f 516//516 661//661 662//662
f 516//516 662//662 561//561
f 663//663 664//664 665//665
f 665//665 664//664 666//666
f 665//665 666//666 667//667
f 667//667 666//666 668//668
f 668//668 666//666 669//669
f 668//668 669//669 670//670
f 670//670 669//669 671//671
f 670//670 671//671 568//568
f 568//568 671//671 672//672
f 568//568 672//672 566//566
f 360//360 568//568 368//368
f 368//368 568//568 619//619
f 368//368 619//619 673//673
f 673//673 619//619 674//674
f 673//673 674//674 675//675
f 675//675 674//674 363//363
f 675//675 363//363 676//676
f 676//676 363//363 362//362
f 520//520 677//677 518//518
f 518//518 677//677 620//620
f 518//518 620//620 678//678
f 678//678 620//620 622//622
f 633//633 597//597 629//629
f 629//629 597//597 599//599
f 629//629 599//599 572//572
f 572//572 599//599 679//679
f 572//572 679//679 570//570
f 621//621 680//680 622//622
f 622//622 680//680 681//681
f 622//622 681//681 682//682
f 682//682 681//681 515//515
f 682//682 515//515 683//683
f 683//683 515//515 517//517
f 684//684 685//685 686//686
f 686//686 685//685 687//687
f 686//686 687//687 564//564
f 564//564 687//687 688//688
f 564//564 688//688 565//565
f 663//663 689//689 664//664
f 664//664 689//689 690//690
f 664//664 690//690 686//686
f 686//686 690//690 691//691
f 686//686 691//691 684//684
f 692//692 693//693 694//694
f 694//694 693//693 695//695
f 694//694 695//695 696//696
f 696//696 695//695 697//697
f 696//696 697//697 698//698
f 698//698 697//697 699//699
f 698//698 699//699 700//700
f 700//700 699//699 701//701
f 700//700 701//701 702//702
f 702//702 701//701 703//703
f 702//702 703//703 704//704
f 704//704 703//703 705//705
f 704//704 705//705 706//706
f 706//706 705//705 707//707
f 706//706 707//707 708//708
f 708//708 707//707 709//709
f 708//708 709//709 710//710
f 710//710 709//709 711//711
f 710//710 711//711 712//712
f 712//712 711//711 713//713
f 712//712 713//713 637//637
f 637//637 713//713 714//714
f 637//637 714//714 638//638
f 527//527 715//715 525//525
f 525//525 715//715 716//716
f 525//525 716//716 717//717
f 717//717 716//716 718//718
f 717//717 718//718 719//719
f 719//719 718//718 720//720
f 719//719 720//720 721//721
f 721//721 720//720 722//722
f 721//721 722//722 723//723
f 723//723 722//722 724//724
f 723//723 724//724 725//725
f 725//725 724//724 726//726
f 725//725 726//726 692//692
f 692//692 726//726 727//727
f 692//692 727//727 693//693
f 728//728 729//729 730//730
f 730//730 729//729 731//731
f 731//731 732//732 730//730
f 730//730 732//732 733//733
f 730//730 733//733 734//734
f 735//735 736//736 737//737
f 738//738 739//739 740//740
f 740//740 739//739 741//741
f 742//742 743//743 744//744
f 744//744 743//743 745//745
f 744//744 745//745 746//746
f 746//746 745//745 747//747
f 746//746 747//747 748//748
f 735//735 737//737 749//749
f 749//749 737//737 750//750
f 749//749 750//750 751//751
f 752//752 753//753 754//754
f 755//755 756//756 747//747
f 738//738 757//757 739//739
f 739//739 757//757 758//758
f 739//739 758//758 759//759
f 759//759 760//760 739//739
f 739//739 760//760 761//761
f 739//739 761//761 762//762
f 762//762 763//763 739//739
f 739//739 763//763 764//764
f 739//739 764//764 734//734
f 734//734 764//764 765//765
f 734//734 765//765 730//730
f 736//736 735//735 747//747
f 747//747 735//735 766//766
f 747//747 766//766 755//755
f 747//747 767//767 768//768
f 756//756 769//769 747//747
f 747//747 769//769 770//770
f 747//747 770//770 767//767
f 768//768 771//771 747//747
f 747//747 771//771 772//772
f 747//747 772//772 748//748
f 773//773 774//774 775//775
f 776//776 777//777 778//778
f 779//779 780//780 781//781
f 781//781 780//780 782//782
f 779//779 783//783 780//780
f 780//780 783//783 784//784
f 780//780 784//784 785//785
f 785//785 786//786 780//780
f 780//780 786//786 787//787
f 780//780 787//787 788//788
f 788//788 789//789 780//780
f 780//780 789//789 790//790
f 780//780 790//790 751//751
f 751//751 790//790 791//791
f 751//751 791//791 749//749
f 778//778 792//792 776//776
f 776//776 792//792 793//793
f 776//776 793//793 774//774
f 774//774 793//793 794//794
f 774//774 794//794 775//775
f 752//752 754//754 780//780
f 780//780 754//754 795//795
f 780//780 795//795 796//796
f 796//796 797//797 780//780
f 780//780 797//797 798//798
f 780//780 798//798 799//799
f 799//799 800//800 780//780
f 780//780 800//800 801//801
f 780//780 801//801 782//782
f 775//775 802//802 773//773
f 773//773 802//802 803//803
f 773//773 803//803 804//804
f 804//804 803//803 805//805
f 805//805 806//806 804//804
f 804//804 806//806 807//807
f 804//804 807//807 808//808
f 808//808 807//807 809//809
f 808//808 809//809 810//810
f 811//811 812//812 791//791
f 791//791 812//812 813//813
f 791//791 813//813 749//749
f 814//814 815//815 816//816
f 816//816 815//815 817//817
f 816//816 817//817 818//818
f 818//818 817//817 819//819
f 818//818 819//819 820//820
f 820//820 819//819 821//821
f 820//820 821//821 822//822
f 822//822 821//821 823//823
f 822//822 823//823 824//824
f 824//824 823//823 825//825
f 824//824 825//825 826//826
f 826//826 825//825 827//827
f 826//826 827//827 828//828
f 828//828 827//827 829//829
f 828//828 829//829 830//830
f 830//830 829//829 831//831
f 830//830 831//831 832//832
f 832//832 831//831 833//833
f 832//832 833//833 834//834
f 834//834 833//833 835//835
f 834//834 835//835 836//836
f 836//836 835//835 837//837
f 836//836 837//837 777//777
f 777//777 837//837 838//838
f 777//777 838//838 778//778
f 810//810 809//809 839//839
f 839//839 809//809 840//840
f 839//839 840//840 811//811
f 841//841 842//842 843//843
f 843//843 842//842 844//844
f 843//843 844//844 845//845
f 845//845 844//844 846//846
f 845//845 846//846 847//847
f 847//847 846//846 848//848
f 847//847 848//848 849//849
f 849//849 848//848 850//850
f 849//849 850//850 851//851
f 851//851 850//850 852//852
f 851//851 852//852 853//853
f 853//853 852//852 854//854
f 853//853 854//854 855//855
f 855//855 854//854 856//856
f 855//855 856//856 857//857
f 857//857 856//856 858//858
f 857//857 858//858 859//859
f 859//859 858//858 860//860
f 859//859 860//860 861//861
f 861//861 860//860 862//862
f 861//861 862//862 814//814
f 814//814 862//862 863//863
f 814//814 863//863 815//815
f 864//864 865//865 866//866
f 866//866 865//865 867//867
f 866//866 867//867 868//868
f 868//868 867//867 869//869
f 868//868 869//869 870//870
f 870//870 869//869 871//871
f 870//870 871//871 872//872
f 872//872 871//871 873//873
f 872//872 873//873 874//874
f 874//874 873//873 875//875
f 874//874 875//875 876//876
f 876//876 875//875 877//877
f 876//876 877//877 878//878
f 878//878 877//877 879//879
f 878//878 879//879 880//880
f 880//880 879//879 881//881
f 880//880 881//881 882//882
f 882//882 881//881 883//883
f 882//882 883//883 884//884
f 884//884 883//883 885//885
f 884//884 885//885 841//841
f 841//841 885//885 886//886
f 841//841 886//886 842//842
f 887//887 888//888 889//889
f 889//889 888//888 890//890
f 889//889 890//890 891//891
f 891//891 890//890 892//892
f 891//891 892//892 893//893
f 893//893 892//892 894//894
f 893//893 894//894 895//895
f 895//895 894//894 896//896
f 895//895 896//896 897//897
f 897//897 896//896 898//898
f 897//897 898//898 899//899
f 899//899 898//898 900//900
f 899//899 900//900 901//901
f 901//901 900//900 902//902
f 901//901 902//902 903//903
f 903//903 902//902 904//904
f 903//903 904//904 905//905
f 905//905 904//904 906//906
f 905//905 906//906 907//907
f 907//907 906//906 908//908
f 907//907 908//908 909//909
f 728//728 730//730 752//752
f 752//752 730//730 910//910
f 752//752 910//910 911//911
f 911//911 912//912 752//752
f 752//752 912//912 913//913
f 752//752 913//913 914//914
f 908//908 915//915 909//909
f 909//909 915//915 916//916
f 909//909 916//916 917//917
f 917//917 916//916 918//918
f 917//917 918//918 919//919
f 919//919 918//918 920//920
f 919//919 920//920 921//921
f 921//921 920//920 922//922
f 921//921 922//922 923//923
f 923//923 922//922 924//924
f 923//923 924//924 925//925
f 925//925 924//924 926//926
f 925//925 926//926 927//927
f 927//927 926//926 928//928
f 927//927 928//928 929//929
f 929//929 928//928 930//930
f 929//929 930//930 931//931
f 931//931 930//930 932//932
f 931//931 932//932 933//933
f 933//933 932//932 934//934
f 933//933 934//934 935//935
f 935//935 934//934 936//936
f 935//935 936//936 937//937
f 937//937 936//936 938//938
f 937//937 938//938 864//864
f 864//864 938//938 939//939
f 864//864 939//939 865//865
f 940//940 941//941 753//753
f 739//739 942//942 741//741
f 741//741 942//942 943//943
f 741//741 943//943 944//944
f 944//944 943//943 945//945
f 944//944 945//945 946//946
f 914//914 947//947 752//752
f 752//752 947//947 948//948
f 752//752 948//948 949//949
f 950//950 951//951 753//753
f 949//949 952//952 752//752
f 752//752 952//952 953//953
f 752//752 953//953 954//954
f 753//753 955//955 956//956
f 753//753 941//941 957//957
f 957//957 941//941 958//958
f 957//957 958//958 959//959
f 958//958 960//960 959//959
f 959//959 960//960 961//961
f 959//959 961//961 962//962
f 963//963 944//944 964//964
f 964//964 944//944 965//965
f 966//966 967//967 944//944
f 944//944 967//967 968//968
f 944//944 968//968 969//969
f 969//969 968//968 970//970
f 969//969 970//970 971//971
f 971//971 970//970 972//972
f 971//971 972//972 973//973
f 973//973 972//972 974//974
f 973//973 974//974 975//975
f 975//975 974//974 976//976
f 975//975 976//976 977//977
f 977//977 976//976 978//978
f 977//977 978//978 979//979
f 979//979 978//978 980//980
f 979//979 980//980 981//981
f 981//981 980//980 982//982
f 981//981 982//982 983//983
f 954//954 984//984 752//752
f 752//752 984//984 985//985
f 752//752 985//985 753//753
f 753//753 985//985 986//986
f 753//753 986//986 950//950
f 951//951 987//987 753//753
f 753//753 987//987 988//988
f 753//753 988//988 989//989
f 989//989 990//990 753//753
f 753//753 990//990 991//991
f 753//753 991//991 955//955
f 956//956 992//992 753//753
f 753//753 992//992 993//993
f 753//753 993//993 994//994
f 994//994 995//995 753//753
f 753//753 995//995 996//996
f 753//753 996//996 940//940
f 982//982 997//997 983//983
f 983//983 997//997 998//998
f 983//983 998//998 999//999
f 999//999 998//998 1000//1000
f 999//999 1000//1000 1001//1001
f 1001//1001 1000//1000 1002//1002
f 1001//1001 1002//1002 1003//1003
f 1003//1003 1002//1002 1004//1004
f 1003//1003 1004//1004 1005//1005
f 1005//1005 1004//1004 1006//1006
f 1005//1005 1006//1006 1007//1007
f 1007//1007 1006//1006 1008//1008
f 1007//1007 1008//1008 1009//1009
f 1009//1009 1008//1008 1010//1010
f 1009//1009 1010//1010 1011//1011
f 1011//1011 1010//1010 1012//1012
f 1011//1011 1012//1012 1013//1013
f 1013//1013 1012//1012 1014//1014
f 1013//1013 1014//1014 1015//1015
f 1015//1015 1014//1014 1016//1016
f 1015//1015 1016//1016 1017//1017
f 1017//1017 1016//1016 1018//1018
f 1017//1017 1018//1018 1019//1019
f 946//946 1020//1020 944//944
f 944//944 1020//1020 1021//1021
f 944//944 1021//1021 965//965
f 963//963 1022//1022 944//944
f 944//944 1022//1022 1023//1023
f 944//944 1023//1023 966//966
f 1024//1024 1025//1025 1026//1026
f 1026//1026 1025//1025 1027//1027
f 1026//1026 1027//1027 1028//1028
f 1028//1028 1027//1027 1029//1029
f 1028//1028 1029//1029 1030//1030
f 1030//1030 1029//1029 1031//1031
f 1030//1030 1031//1031 1032//1032
f 1032//1032 1031//1031 1033//1033
f 1032//1032 1033//1033 1034//1034
f 1034//1034 1033//1033 1035//1035
f 1034//1034 1035//1035 1036//1036
f 1037//1037 1038//1038 1039//1039
f 1035//1035 1040//1040 1036//1036
f 1036//1036 1040//1040 1041//1041
f 1036//1036 1041//1041 1038//1038
f 1038//1038 1041//1041 1042//1042
f 1038//1038 1042//1042 1039//1039
f 1043//1043 1044//1044 959//959
f 959//959 1044//1044 1045//1045
f 959//959 1045//1045 1046//1046
f 1046//1046 1047//1047 959//959
f 959//959 1047//1047 1048//1048
f 959//959 1048//1048 1049//1049
f 1049//1049 1048//1048 1050//1050
f 1049//1049 1050//1050 1051//1051
f 1051//1051 1050//1050 1052//1052
f 1051//1051 1052//1052 887//887
f 887//887 1052//1052 1053//1053
f 887//887 1053//1053 888//888
f 1039//1039 1054//1054 1037//1037
f 1037//1037 1054//1054 1055//1055
f 1037//1037 1055//1055 1056//1056
f 1056//1056 1055//1055 1057//1057
f 1057//1057 1058//1058 1056//1056
f 1056//1056 1058//1058 1059//1059
f 1056//1056 1059//1059 1060//1060
f 1060//1060 1059//1059 1061//1061
f 1060//1060 1061//1061 1062//1062
f 1062//1062 1061//1061 1063//1063
f 1064//1064 959//959 1065//1065
f 1065//1065 959//959 962//962
f 1065//1065 1062//1062 1066//1066
f 1066//1066 1062//1062 1063//1063
f 1064//1064 1067//1067 959//959
f 959//959 1067//1067 1068//1068
f 959//959 1068//1068 1069//1069
f 1018//1018 1070//1070 1019//1019
f 1019//1019 1070//1070 1071//1071
f 1019//1019 1071//1071 1072//1072
f 1072//1072 1071//1071 1073//1073
f 1072//1072 1073//1073 1074//1074
f 1074//1074 1073//1073 1075//1075
f 1074//1074 1075//1075 1076//1076
f 1076//1076 1075//1075 1077//1077
f 1076//1076 1077//1077 1078//1078
f 1078//1078 1077//1077 1079//1079
f 1078//1078 1079//1079 1080//1080
f 1080//1080 1079//1079 1081//1081
f 1080//1080 1081//1081 1082//1082
f 1082//1082 1081//1081 1083//1083
f 1082//1082 1083//1083 1084//1084
f 1084//1084 1083//1083 1085//1085
f 1084//1084 1085//1085 1086//1086
f 1086//1086 1085//1085 1087//1087
f 1086//1086 1087//1087 1088//1088
f 1088//1088 1087//1087 1089//1089
f 1088//1088 1089//1089 1090//1090
f 1090//1090 1089//1089 1091//1091
f 1090//1090 1091//1091 1092//1092
f 1092//1092 1091//1091 1093//1093
f 1092//1092 1093//1093 1024//1024
f 1024//1024 1093//1093 1094//1094
f 1024//1024 1094//1094 1025//1025
f 1069//1069 1095//1095 959//959
f 959//959 1095//1095 1096//1096
f 959//959 1096//1096 1043//1043
f 1097//1097 1098//1098 1099//1099
f 1097//1097 1099//1099 1100//1100
f 1100//1100 1099//1099 1101//1101
f 1100//1100 1101//1101 1102//1102
f 1102//1102 1101//1101 1103//1103
f 1102//1102 1103//1103 1104//1104
f 1104//1104 1103//1103 1105//1105
f 1104//1104 1105//1105 1106//1106
f 1106//1106 1105//1105 1107//1107
f 1106//1106 1107//1107 1108//1108
f 1108//1108 1107//1107 1109//1109
f 1108//1108 1109//1109 1110//1110
f 1110//1110 1109//1109 1111//1111
f 1110//1110 1111//1111 1112//1112
f 1112//1112 1111//1111 1113//1113
f 1112//1112 1113//1113 1114//1114
f 1114//1114 1113//1113 1115//1115
f 1114//1114 1115//1115 1116//1116
f 1116//1116 1115//1115 1117//1117
f 1116//1116 1117//1117 1118//1118
f 1118//1118 1117//1117 1119//1119
f 1118//1118 1119//1119 1120//1120
f 1120//1120 1119//1119 1121//1121
f 1120//1120 1121//1121 1122//1122
f 1122//1122 1121//1121 1123//1123
f 1122//1122 1123//1123 1124//1124
f 1124//1124 1123//1123 1125//1125
f 1124//1124 1125//1125 1126//1126
f 1126//1126 1125//1125 1127//1127
f 1126//1126 1127//1127 1128//1128
f 1128//1128 1127//1127 1129//1129
f 1128//1128 1129//1129 1130//1130
f 1130//1130 1129//1129 1131//1131
f 1130//1130 1131//1131 1132//1132
f 1132//1132 1131//1131 1133//1133
f 1132//1132 1133//1133 1134//1134
f 1134//1134 1133//1133 1135//1135
f 1134//1134 1135//1135 1136//1136
f 1136//1136 1135//1135 1137//1137
f 1136//1136 1137//1137 1138//1138
f 1138//1138 1137//1137 1139//1139
f 1138//1138 1139//1139 1140//1140
f 1140//1140 1139//1139 1141//1141
f 1140//1140 1141//1141 1142//1142
f 1142//1142 1141//1141 1143//1143
f 1142//1142 1143//1143 1144//1144
f 1144//1144 1143//1143 1145//1145
f 1144//1144 1145//1145 1146//1146
f 1146//1146 1145//1145 1147//1147
f 1146//1146 1147//1147 1148//1148
f 1148//1148 1147//1147 1149//1149
f 1148//1148 1149//1149 1150//1150
f 1150//1150 1149//1149 1151//1151
f 1150//1150 1151//1151 1152//1152
f 1152//1152 1151//1151 1153//1153
f 1152//1152 1153//1153 1154//1154
f 1154//1154 1153//1153 1155//1155
f 1154//1154 1155//1155 1156//1156
f 1156//1156 1155//1155 1157//1157
f 1156//1156 1157//1157 1158//1158
f 1158//1158 1157//1157 1159//1159
f 1158//1158 1159//1159 1160//1160
f 1160//1160 1159//1159 1161//1161
f 1160//1160 1161//1161 1162//1162
f 1162//1162 1161//1161 1163//1163
f 1162//1162 1163//1163 1164//1164
f 1164//1164 1163//1163 1165//1165
f 1164//1164 1165//1165 1166//1166
f 1166//1166 1165//1165 1167//1167
f 1166//1166 1167//1167 1168//1168
f 1168//1168 1167//1167 1169//1169
f 1168//1168 1169//1169 1170//1170
f 1170//1170 1169//1169 1171//1171
f 1170//1170 1171//1171 1172//1172
f 1172//1172 1171//1171 1173//1173
f 1172//1172 1173//1173 1174//1174
f 1174//1174 1173//1173 1175//1175
f 1174//1174 1175//1175 1176//1176
f 1176//1176 1175//1175 1177//1177
f 1176//1176 1177//1177 1178//1178
f 1178//1178 1177//1177 1179//1179
f 1178//1178 1179//1179 1180//1180
f 1180//1180 1179//1179 1181//1181
f 1180//1180 1181//1181 1182//1182
f 1182//1182 1181//1181 1183//1183
f 1182//1182 1183//1183 1184//1184
f 1184//1184 1183//1183 1185//1185
f 1184//1184 1185//1185 1186//1186
f 1186//1186 1185//1185 1187//1187
f 1186//1186 1187//1187 1188//1188
f 1188//1188 1187//1187 1189//1189
f 1188//1188 1189//1189 1190//1190
f 1190//1190 1189//1189 1191//1191
f 1190//1190 1191//1191 1192//1192
f 1192//1192 1191//1191 1193//1193
f 1192//1192 1193//1193 1194//1194
f 1194//1194 1193//1193 1195//1195
f 1194//1194 1195//1195 1196//1196
f 1196//1196 1195//1195 1197//1197
f 1196//1196 1197//1197 1198//1198
f 1198//1198 1197//1197 1199//1199
f 1198//1198 1199//1199 1200//1200
f 1200//1200 1199//1199 1201//1201
f 1200//1200 1201//1201 1202//1202
f 1202//1202 1201//1201 1203//1203
f 1202//1202 1203//1203 1204//1204
f 1204//1204 1203//1203 1205//1205
f 1204//1204 1205//1205 1206//1206
f 1206//1206 1205//1205 1207//1207
f 1206//1206 1207//1207 1208//1208
f 1208//1208 1207//1207 1209//1209
f 1208//1208 1209//1209 1210//1210
f 1210//1210 1209//1209 1211//1211
f 1210//1210 1211//1211 1212//1212
f 1212//1212 1211//1211 1213//1213
f 1212//1212 1213//1213 1214//1214
f 1214//1214 1213//1213 1215//1215
f 1214//1214 1215//1215 1216//1216
f 1216//1216 1215//1215 1217//1217
f 1216//1216 1217//1217 1218//1218
f 1218//1218 1217//1217 1219//1219
f 1218//1218 1219//1219 1220//1220
f 1220//1220 1219//1219 1221//1221
f 1220//1220 1221//1221 1222//1222
f 1222//1222 1221//1221 1223//1223
f 1222//1222 1223//1223 1224//1224
f 1224//1224 1223//1223 1225//1225
f 1224//1224 1225//1225 1226//1226
f 1226//1226 1225//1225 1227//1227
f 1226//1226 1227//1227 1228//1228
f 1228//1228 1227//1227 1229//1229
f 1228//1228 1229//1229 1230//1230
f 1230//1230 1229//1229 1231//1231
f 1230//1230 1231//1231 1232//1232
f 1232//1232 1231//1231 1233//1233
f 1232//1232 1233//1233 1234//1234
f 1234//1234 1233//1233 1235//1235
f 1234//1234 1235//1235 1236//1236
f 1237//1237 1238//1238 1239//1239
f 1239//1239 1238//1238 1240//1240
f 1241//1241 1242//1242 1243//1243
f 1243//1243 1244//1244 1245//1245
f 1246//1246 1247//1247 1248//1248
f 1248//1248 1247//1247 1249//1249
f 1250//1250 1251//1251 1252//1252
f 1252//1252 1253//1253 1250//1250
f 1250//1250 1253//1253 1254//1254
f 1250//1250 1254//1254 1255//1255
f 1242//1242 1256//1256 1243//1243
f 1243//1243 1256//1256 1257//1257
f 1243//1243 1257//1257 1244//1244
f 1245//1245 1258//1258 1243//1243
f 1243//1243 1258//1258 1259//1259
f 1243//1243 1259//1259 1260//1260
f 1261//1261 1262//1262 1243//1243
f 1263//1263 1264//1264 1243//1243
f 1243//1243 1264//1264 1265//1265
f 1243//1243 1265//1265 1266//1266
f 1243//1243 1267//1267 1268//1268
f 1269//1269 1270//1270 1250//1250
f 1250//1250 1270//1270 1271//1271
f 1250//1250 1271//1271 1272//1272
f 1273//1273 1274//1274 1250//1250
f 1250//1250 1274//1274 1275//1275
f 1260//1260 1276//1276 1243//1243
f 1243//1243 1276//1276 1277//1277
f 1243//1243 1277//1277 1278//1278
f 1262//1262 1279//1279 1243//1243
f 1243//1243 1279//1279 1280//1280
f 1243//1243 1280//1280 1263//1263
f 1266//1266 1281//1281 1243//1243
f 1243//1243 1281//1281 1282//1282
f 1243//1243 1282//1282 1267//1267
f 1283//1283 1284//1284 1248//1248
f 1283//1283 1248//1248 1285//1285
f 1248//1248 1286//1286 1287//1287
f 1273//1273 1250//1250 1288//1288
f 1288//1288 1250//1250 1289//1289
f 1288//1288 1289//1289 1290//1290
f 1291//1291 1292//1292 1293//1293
f 1293//1293 1294//1294 1291//1291
f 1291//1291 1294//1294 1295//1295
f 1291//1291 1295//1295 1296//1296
f 1296//1296 1295//1295 1297//1297
f 1298//1298 1299//1299 1300//1300
f 1300//1300 1299//1299 1301//1301
f 1300//1300 1301//1301 1302//1302
f 1278//1278 1303//1303 1243//1243
f 1243//1243 1303//1303 1304//1304
f 1243//1243 1304//1304 1305//1305
f 1306//1306 1307//1307 1308//1308
f 1308//1308 1307//1307 1309//1309
f 1306//1306 1310//1310 1307//1307
f 1307//1307 1310//1310 1311//1311
f 1307//1307 1311//1311 1312//1312
f 1309//1309 1307//1307 1243//1243
f 1243//1243 1307//1307 1313//1313
f 1243//1243 1313//1313 1261//1261
f 1268//1268 1314//1314 1243//1243
f 1243//1243 1314//1314 1315//1315
f 1243//1243 1315//1315 1248//1248
f 1248//1248 1315//1315 1316//1316
f 1248//1248 1316//1316 1285//1285
f 1284//1284 1317//1317 1248//1248
f 1248//1248 1317//1317 1318//1318
f 1248//1248 1318//1318 1319//1319
f 1319//1319 1320//1320 1248//1248
f 1248//1248 1320//1320 1321//1321
f 1248//1248 1321//1321 1322//1322
f 1287//1287 1323//1323 1248//1248
f 1248//1248 1323//1323 1324//1324
f 1248//1248 1324//1324 1246//1246
f 1249//1249 1325//1325 1248//1248
f 1248//1248 1325//1325 1326//1326
f 1248//1248 1326//1326 1250//1250
f 1250//1250 1326//1326 1327//1327
f 1250//1250 1327//1327 1269//1269
f 1272//1272 1328//1328 1250//1250
f 1250//1250 1328//1328 1329//1329
f 1250//1250 1329//1329 1330//1330
f 1331//1331 1332//1332 1288//1288
f 1288//1288 1332//1332 1333//1333
f 1275//1275 1334//1334 1250//1250
f 1250//1250 1334//1334 1335//1335
f 1250//1250 1335//1335 1251//1251
f 1255//1255 1336//1336 1250//1250
f 1250//1250 1336//1336 1337//1337
f 1250//1250 1337//1337 1338//1338
f 1339//1339 1340//1340 1300//1300
f 1300//1300 1340//1340 1341//1341
f 1300//1300 1341//1341 1342//1342
f 1302//1302 1343//1343 1300//1300
f 1300//1300 1343//1343 1344//1344
f 1300//1300 1344//1344 1243//1243
f 1243//1243 1344//1344 1345//1345
f 1243//1243 1345//1345 1346//1346
f 1305//1305 1347//1347 1243//1243
f 1243//1243 1347//1347 1348//1348
f 1243//1243 1348//1348 1309//1309
f 1349//1349 1307//1307 1350//1350
f 1350//1350 1307//1307 1351//1351
f 1330//1330 1352//1352 1250//1250
f 1250//1250 1352//1352 1353//1353
f 1250//1250 1353//1353 1354//1354
f 1355//1355 1356//1356 1250//1250
f 1250//1250 1356//1356 1357//1357
f 1250//1250 1357//1357 1289//1289
f 1290//1290 1358//1358 1288//1288
f 1288//1288 1358//1358 1359//1359
f 1288//1288 1359//1359 1360//1360
f 1291//1291 1361//1361 1362//1362
f 1362//1362 1361//1361 1288//1288
f 1362//1362 1288//1288 1363//1363
f 1363//1363 1288//1288 1333//1333
f 1342//1342 1364//1364 1300//1300
f 1300//1300 1364//1364 1365//1365
f 1300//1300 1365//1365 1366//1366
f 1367//1367 1368//1368 1300//1300
f 1346//1346 1369//1369 1243//1243
f 1243//1243 1369//1369 1370//1370
f 1243//1243 1370//1370 1371//1371
f 1371//1371 1372//1372 1243//1243
f 1243//1243 1372//1372 1373//1373
f 1243//1243 1373//1373 1241//1241
f 1312//1312 1374//1374 1307//1307
f 1307//1307 1374//1374 1375//1375
f 1307//1307 1375//1375 1376//1376
f 1376//1376 1377//1377 1307//1307
f 1307//1307 1377//1377 1378//1378
f 1307//1307 1378//1378 1351//1351
f 1379//1379 1380//1380 1381//1381
f 1381//1381 1380//1380 1382//1382
f 1349//1349 1383//1383 1307//1307
f 1307//1307 1383//1383 1384//1384
f 1307//1307 1384//1384 1385//1385
f 1385//1385 1384//1384 1379//1379
f 1322//1322 1386//1386 1248//1248
f 1248//1248 1386//1386 1387//1387
f 1248//1248 1387//1387 1388//1388
f 1388//1388 1389//1389 1248//1248
f 1248//1248 1389//1389 1390//1390
f 1248//1248 1390//1390 1286//1286
f 1391//1391 1392//1392 1250//1250
f 1250//1250 1392//1392 1393//1393
f 1250//1250 1393//1393 1355//1355
f 1360//1360 1394//1394 1288//1288
f 1288//1288 1394//1394 1395//1395
f 1288//1288 1395//1395 1396//1396
f 1397//1397 1398//1398 1300//1300
f 1300//1300 1398//1398 1399//1399
f 1368//1368 1400//1400 1300//1300
f 1300//1300 1400//1400 1401//1401
f 1300//1300 1401//1401 1298//1298
f 1250//1250 1402//1402 1403//1403
f 1396//1396 1404//1404 1288//1288
f 1288//1288 1404//1404 1405//1405
f 1288//1288 1405//1405 1331//1331
f 1338//1338 1406//1406 1250//1250
f 1250//1250 1406//1406 1407//1407
f 1250//1250 1407//1407 1300//1300
f 1300//1300 1407//1407 1408//1408
f 1300//1300 1408//1408 1339//1339
f 1366//1366 1409//1409 1300//1300
f 1300//1300 1409//1409 1410//1410
f 1300//1300 1410//1410 1397//1397
f 1399//1399 1411//1411 1300//1300
f 1300//1300 1411//1411 1412//1412
f 1300//1300 1412//1412 1367//1367
f 1403//1403 1413//1413 1250//1250
f 1250//1250 1413//1413 1414//1414
f 1250//1250 1414//1414 1391//1391
f 1382//1382 1415//1415 1381//1381
f 1381//1381 1415//1415 1416//1416
f 1381//1381 1416//1416 1417//1417
f 1417//1417 1416//1416 1418//1418
f 1417//1417 1418//1418 1419//1419
f 1419//1419 1418//1418 1420//1420
f 1419//1419 1420//1420 1297//1297
f 1297//1297 1420//1420 1421//1421
f 1297//1297 1421//1421 1296//1296
f 1354//1354 1422//1422 1250//1250
f 1250//1250 1422//1422 1423//1423
f 1250//1250 1423//1423 1424//1424
f 1424//1424 1425//1425 1250//1250
f 1250//1250 1425//1425 1426//1426
f 1250//1250 1426//1426 1402//1402
f 1427//1427 1428//1428 1429//1429
f 1429//1429 1428//1428 1430//1430
f 1431//1431 1432//1432 1433//1433
f 1433//1433 1432//1432 1434//1434
f 1433//1433 1434//1434 1435//1435
f 1436//1436 1437//1437 1438//1438
f 1438//1438 1437//1437 1439//1439
f 1440//1440 1441//1441 1431//1431
f 1431//1431 1441//1441 1442//1442
f 1431//1431 1442//1442 1432//1432
f 1435//1435 1443//1443 1433//1433
f 1433//1433 1443//1443 1444//1444
f 1433//1433 1444//1444 1445//1445
f 1446//1446 1447//1447 1448//1448
f 1449//1449 1450//1450 1451//1451
f 1452//1452 1453//1453 1454//1454
f 1455//1455 1456//1456 1457//1457
f 1457//1457 1456//1456 1458//1458
f 1457//1457 1458//1458 1451//1451
f 1459//1459 1460//1460 1437//1437
f 1437//1437 1460//1460 1461//1461
f 1437//1437 1461//1461 1439//1439
f 1462//1462 1463//1463 1464//1464
f 1465//1465 1466//1466 1467//1467
f 1451//1451 1468//1468 1469//1469
f 1469//1469 1468//1468 1470//1470
f 1469//1469 1470//1470 1471//1471
f 1471//1471 1472//1472 1469//1469
f 1469//1469 1472//1472 1473//1473
f 1469//1469 1473//1473 1474//1474
f 1475//1475 1476//1476 1437//1437
f 1436//1436 1477//1477 1437//1437
f 1437//1437 1477//1477 1478//1478
f 1437//1437 1478//1478 1479//1479
f 1480//1480 1481//1481 1431//1431
f 1431//1431 1481//1481 1482//1482
f 1431//1431 1482//1482 1440//1440
f 1445//1445 1483//1483 1433//1433
f 1433//1433 1483//1483 1484//1484
f 1433//1433 1484//1484 1448//1448
f 1448//1448 1484//1484 1485//1485
f 1448//1448 1485//1485 1446//1446
f 1469//1469 1486//1486 1487//1487
f 1450//1450 1488//1488 1451//1451
f 1451//1451 1488//1488 1489//1489
f 1451//1451 1489//1489 1457//1457
f 1455//1455 1457//1457 1454//1454
f 1454//1454 1457//1457 1490//1490
f 1454//1454 1490//1490 1452//1452
f 1476//1476 1491//1491 1437//1437
f 1437//1437 1491//1491 1492//1492
f 1437//1437 1492//1492 1459//1459
f 1479//1479 1493//1493 1437//1437
f 1437//1437 1493//1493 1494//1494
f 1437//1437 1494//1494 1431//1431
f 1431//1431 1494//1494 1495//1495
f 1431//1431 1495//1495 1480//1480
f 1496//1496 1497//1497 1498//1498
f 1499//1499 1500//1500 1467//1467
f 1467//1467 1500//1500 1501//1501
f 1467//1467 1501//1501 1465//1465
f 1453//1453 1502//1502 1454//1454
f 1454//1454 1502//1502 1503//1503
f 1454//1454 1503//1503 1504//1504
f 1504//1504 1503//1503 1505//1505
f 1506//1506 1507//1507 1498//1498
f 1498//1498 1507//1507 1508//1508
f 1498//1498 1508//1508 1469//1469
f 1469//1469 1508//1508 1509//1509
f 1469//1469 1509//1509 1486//1486
f 1487//1487 1510//1510 1469//1469
f 1469//1469 1510//1510 1511//1511
f 1469//1469 1511//1511 1512//1512
f 1512//1512 1513//1513 1469//1469
f 1469//1469 1513//1513 1514//1514
f 1469//1469 1514//1514 1515//1515
f 1516//1516 1469//1469 1517//1517
f 1517//1517 1469//1469 1518//1518
f 1451//1451 1519//1519 1520//1520
f 1521//1521 1467//1467 1522//1522
f 1522//1522 1467//1467 1523//1523
f 1521//1521 1524//1524 1467//1467
f 1467//1467 1524//1524 1525//1525
f 1467//1467 1525//1525 1526//1526
f 1474//1474 1527//1527 1469//1469
f 1469//1469 1527//1527 1528//1528
f 1469//1469 1528//1528 1529//1529
f 1448//1448 1530//1530 1531//1531
f 1531//1531 1532//1532 1448//1448
f 1448//1448 1532//1532 1533//1533
f 1448//1448 1533//1533 1534//1534
f 1534//1534 1535//1535 1448//1448
f 1448//1448 1535//1535 1536//1536
f 1448//1448 1536//1536 1537//1537
f 1538//1538 1539//1539 1498//1498
f 1498//1498 1539//1539 1540//1540
f 1498//1498 1540//1540 1496//1496
f 1541//1541 1542//1542 1498//1498
f 1498//1498 1542//1542 1543//1543
f 1498//1498 1543//1543 1506//1506
f 1544//1544 1469//1469 1545//1545
f 1545//1545 1469//1469 1546//1546
f 1544//1544 1547//1547 1469//1469
f 1469//1469 1547//1547 1548//1548
f 1469//1469 1548//1548 1549//1549
f 1549//1549 1550//1550 1469//1469
f 1469//1469 1550//1550 1551//1551
f 1469//1469 1551//1551 1451//1451
f 1451//1451 1551//1551 1552//1552
f 1451//1451 1552//1552 1519//1519
f 1520//1520 1553//1553 1451//1451
f 1451//1451 1553//1553 1554//1554
f 1451//1451 1554//1554 1449//1449
f 1526//1526 1555//1555 1467//1467
f 1467//1467 1555//1555 1556//1556
f 1467//1467 1556//1556 1499//1499
f 1557//1557 1558//1558 1469//1469
f 1469//1469 1558//1558 1559//1559
f 1469//1469 1559//1559 1437//1437
f 1437//1437 1559//1559 1560//1560
f 1437//1437 1560//1560 1475//1475
f 1561//1561 1562//1562 1448//1448
f 1448//1448 1562//1562 1563//1563
f 1448//1448 1563//1563 1564//1564
f 1564//1564 1565//1565 1448//1448
f 1448//1448 1565//1565 1566//1566
f 1448//1448 1566//1566 1567//1567
f 1448//1448 1568//1568 1569//1569
f 1498//1498 1570//1570 1571//1571
f 1497//1497 1572//1572 1498//1498
f 1498//1498 1572//1572 1573//1573
f 1498//1498 1573//1573 1574//1574
f 1574//1574 1575//1575 1498//1498
f 1498//1498 1575//1575 1576//1576
f 1498//1498 1576//1576 1577//1577
f 1515//1515 1578//1578 1469//1469
f 1469//1469 1578//1578 1579//1579
f 1469//1469 1579//1579 1580//1580
f 1516//1516 1581//1581 1469//1469
f 1469//1469 1581//1581 1582//1582
f 1469//1469 1582//1582 1546//1546
f 1462//1462 1464//1464 1467//1467
f 1467//1467 1464//1464 1583//1583
f 1467//1467 1583//1583 1584//1584
f 1584//1584 1585//1585 1467//1467
f 1467//1467 1585//1585 1586//1586
f 1467//1467 1586//1586 1523//1523
f 1466//1466 1587//1587 1467//1467
f 1467//1467 1587//1587 1588//1588
f 1467//1467 1588//1588 1589//1589
f 1589//1589 1588//1588 1505//1505
f 1589//1589 1505//1505 1590//1590
f 1590//1590 1505//1505 1503//1503
f 1529//1529 1591//1591 1469//1469
f 1469//1469 1591//1591 1592//1592
f 1469//1469 1592//1592 1557//1557
f 1447//1447 1593//1593 1448//1448
f 1448//1448 1593//1593 1594//1594
f 1448//1448 1594//1594 1561//1561
f 1567//1567 1595//1595 1448//1448
f 1448//1448 1595//1595 1596//1596
f 1448//1448 1596//1596 1597//1597
f 1569//1569 1598//1598 1448//1448
f 1448//1448 1598//1598 1599//1599
f 1448//1448 1599//1599 1530//1530
f 1571//1571 1600//1600 1498//1498
f 1498//1498 1600//1600 1601//1601
f 1498//1498 1601//1601 1538//1538
f 1577//1577 1602//1602 1498//1498
f 1498//1498 1602//1602 1603//1603
f 1498//1498 1603//1603 1541//1541
f 1580//1580 1604//1604 1469//1469
f 1469//1469 1604//1604 1605//1605
f 1469//1469 1605//1605 1518//1518
f 1537//1537 1606//1606 1448//1448
f 1448//1448 1606//1606 1607//1607
f 1448//1448 1607//1607 1608//1608
f 1608//1608 1609//1609 1448//1448
f 1448//1448 1609//1609 1610//1610
f 1448//1448 1610//1610 1498//1498
f 1498//1498 1610//1610 1611//1611
f 1498//1498 1611//1611 1570//1570
f 1597//1597 1612//1612 1448//1448
f 1448//1448 1612//1612 1613//1613
f 1448//1448 1613//1613 1568//1568
f 1568//1568 1613//1613 1464//1464
f 1568//1568 1464//1464 1614//1614
f 1614//1614 1464//1464 1463//1463
f 1615//1615 1616//1616 1617//1617
f 1615//1615 1617//1617 1618//1618
f 1618//1618 1617//1617 1619//1619
f 1618//1618 1619//1619 1620//1620
f 1620//1620 1619//1619 1621//1621
f 1620//1620 1621//1621 1622//1622
f 1622//1622 1621//1621 1623//1623
f 1622//1622 1623//1623 1624//1624
f 1624//1624 1623//1623 1625//1625
f 1624//1624 1625//1625 1626//1626
f 1626//1626 1625//1625 1627//1627
f 1626//1626 1627//1627 1628//1628
f 1628//1628 1627//1627 1629//1629
f 1628//1628 1629//1629 1630//1630
f 1630//1630 1629//1629 1631//1631
f 1630//1630 1631//1631 1632//1632
f 1632//1632 1631//1631 1633//1633
f 1632//1632 1633//1633 1634//1634
f 1634//1634 1633//1633 1635//1635
f 1634//1634 1635//1635 1636//1636
f 1636//1636 1635//1635 1637//1637
f 1636//1636 1637//1637 1638//1638
f 1638//1638 1637//1637 1639//1639
f 1638//1638 1639//1639 1640//1640
f 1640//1640 1639//1639 1641//1641
f 1640//1640 1641//1641 1642//1642
f 1642//1642 1641//1641 1643//1643
f 1642//1642 1643//1643 1644//1644
f 1644//1644 1643//1643 1645//1645
f 1644//1644 1645//1645 1646//1646
f 1646//1646 1645//1645 1647//1647
f 1646//1646 1647//1647 1648//1648
f 1648//1648 1647//1647 1649//1649
f 1648//1648 1649//1649 1650//1650
f 1650//1650 1649//1649 1651//1651
f 1650//1650 1651//1651 1652//1652
f 1652//1652 1651//1651 1653//1653
f 1652//1652 1653//1653 1654//1654
f 1654//1654 1653//1653 1655//1655
f 1654//1654 1655//1655 1656//1656
f 1656//1656 1655//1655 1657//1657
f 1656//1656 1657//1657 1658//1658
f 1658//1658 1657//1657 1659//1659
f 1658//1658 1659//1659 1660//1660
f 1660//1660 1659//1659 1661//1661
f 1660//1660 1661//1661 1662//1662
f 1662//1662 1661//1661 1663//1663
f 1662//1662 1663//1663 1664//1664
f 1664//1664 1663//1663 1665//1665
f 1664//1664 1665//1665 1666//1666
f 1666//1666 1665//1665 1667//1667
f 1666//1666 1667//1667 1668//1668
f 1668//1668 1667//1667 1669//1669
f 1668//1668 1669//1669 1670//1670
f 1670//1670 1669//1669 1671//1671
f 1670//1670 1671//1671 1672//1672
f 1672//1672 1671//1671 1673//1673
f 1672//1672 1673//1673 1674//1674
f 1674//1674 1673//1673 1675//1675
f 1674//1674 1675//1675 1676//1676
f 1676//1676 1675//1675 1677//1677
f 1676//1676 1677//1677 1678//1678
f 1678//1678 1677//1677 1679//1679
f 1678//1678 1679//1679 1680//1680
f 1680//1680 1679//1679 1681//1681
f 1680//1680 1681//1681 1682//1682
f 1682//1682 1681//1681 1683//1683
f 1682//1682 1683//1683 1684//1684
f 1684//1684 1683//1683 1685//1685
f 1684//1684 1685//1685 1686//1686
f 1686//1686 1685//1685 1687//1687
f 1686//1686 1687//1687 1688//1688
f 1688//1688 1687//1687 1689//1689
f 1688//1688 1689//1689 1690//1690
f 1690//1690 1689//1689 1691//1691
f 1690//1690 1691//1691 1692//1692
f 1692//1692 1691//1691 1693//1693
f 1692//1692 1693//1693 1694//1694
f 1694//1694 1693//1693 1695//1695
f 1694//1694 1695//1695 1696//1696
f 1696//1696 1695//1695 1697//1697
f 1696//1696 1697//1697 1698//1698
f 1698//1698 1697//1697 1699//1699
f 1698//1698 1699//1699 1700//1700
f 1700//1700 1699//1699 1701//1701
f 1700//1700 1701//1701 1702//1702
f 1702//1702 1701//1701 1703//1703
f 1702//1702 1703//1703 1704//1704
f 1704//1704 1703//1703 1705//1705
f 1704//1704 1705//1705 1706//1706
f 1706//1706 1705//1705 1707//1707
f 1706//1706 1707//1707 1708//1708
f 1708//1708 1707//1707 1709//1709
f 1708//1708 1709//1709 1710//1710
f 1710//1710 1709//1709 1711//1711
f 1710//1710 1711//1711 1712//1712
f 1712//1712 1711//1711 1713//1713
f 1712//1712 1713//1713 1714//1714
f 1715//1715 1716//1716 1717//1717
f 1717//1717 1716//1716 1718//1718
f 1498//1498 1469//1469 1719//1719
f 1719//1719 1469//1469 1720//1720
f 1719//1719 1720//1720 1721//1721
f 1721//1721 1720//1720 1722//1722
f 1721//1721 1722//1722 1723//1723
f 1723//1723 1722//1722 1724//1724
f 1723//1723 1724//1724 1725//1725
f 1725//1725 1724//1724 1726//1726
f 1725//1725 1726//1726 1727//1727
f 1727//1727 1726//1726 1728//1728
f 1727//1727 1728//1728 1729//1729
f 1729//1729 1728//1728 1730//1730
f 1729//1729 1730//1730 1731//1731
f 1731//1731 1730//1730 1732//1732
f 1731//1731 1732//1732 1733//1733
f 1733//1733 1732//1732 1734//1734
f 1733//1733 1734//1734 1735//1735
f 1735//1735 1734//1734 1736//1736
f 1735//1735 1736//1736 1737//1737
f 1737//1737 1736//1736 1738//1738
f 1737//1737 1738//1738 1739//1739
f 1739//1739 1738//1738 1740//1740
f 1739//1739 1740//1740 1741//1741
f 1741//1741 1740//1740 1742//1742
f 1741//1741 1742//1742 1743//1743
f 1743//1743 1742//1742 1744//1744
f 1743//1743 1744//1744 1745//1745
f 1745//1745 1744//1744 1746//1746
f 1745//1745 1746//1746 1747//1747
f 1747//1747 1746//1746 1748//1748
f 1747//1747 1748//1748 1749//1749
f 1749//1749 1748//1748 1750//1750
f 1749//1749 1750//1750 1751//1751
f 1751//1751 1750//1750 1752//1752
f 1751//1751 1752//1752 1615//1615
f 1615//1615 1752//1752 1616//1616
f 1248//1248 1250//1250 1753//1753
f 1753//1753 1250//1250 1754//1754
f 1753//1753 1754//1754 1755//1755
f 1755//1755 1754//1754 1756//1756
f 1755//1755 1756//1756 1757//1757
f 1757//1757 1756//1756 1758//1758
f 1757//1757 1758//1758 1759//1759
f 1759//1759 1758//1758 1760//1760
f 1759//1759 1760//1760 1761//1761
f 1761//1761 1760//1760 1762//1762
f 1761//1761 1762//1762 1763//1763
f 1763//1763 1762//1762 1764//1764
f 1763//1763 1764//1764 1765//1765
f 1765//1765 1764//1764 1766//1766
f 1765//1765 1766//1766 1767//1767
f 1767//1767 1766//1766 1768//1768
f 1767//1767 1768//1768 1769//1769
f 1769//1769 1768//1768 1770//1770
f 1769//1769 1770//1770 1771//1771
f 1771//1771 1770//1770 1772//1772
f 1771//1771 1772//1772 1773//1773
f 1773//1773 1772//1772 1774//1774
f 1773//1773 1774//1774 1775//1775
f 1775//1775 1774//1774 1776//1776
f 1775//1775 1776//1776 1777//1777
f 1777//1777 1776//1776 1778//1778
f 1777//1777 1778//1778 1779//1779
f 1779//1779 1778//1778 1780//1780
f 1779//1779 1780//1780 1781//1781
f 1781//1781 1780//1780 1782//1782
f 1781//1781 1782//1782 1783//1783
f 1783//1783 1782//1782 1784//1784
f 1783//1783 1784//1784 1785//1785
f 1785//1785 1784//1784 1786//1786
f 1785//1785 1786//1786 1430//1430
f 1430//1430 1786//1786 1429//1429
f 1428//1428 1427//1427 1787//1787
f 1787//1787 1427//1427 1788//1788
f 1787//1787 1788//1788 1789//1789
f 1789//1789 1788//1788 1790//1790
f 1789//1789 1790//1790 1791//1791
f 1791//1791 1790//1790 1792//1792
f 1791//1791 1792//1792 1793//1793
f 1793//1793 1792//1792 1794//1794
f 1793//1793 1794//1794 1795//1795
f 1795//1795 1794//1794 1796//1796
f 1795//1795 1796//1796 1797//1797
f 1797//1797 1796//1796 1798//1798
f 1797//1797 1798//1798 1799//1799
f 1799//1799 1798//1798 1800//1800
f 1799//1799 1800//1800 1801//1801
f 1801//1801 1800//1800 1802//1802
f 1801//1801 1802//1802 1803//1803
f 1803//1803 1802//1802 1804//1804
f 1803//1803 1804//1804 1097//1097
f 1097//1097 1804//1804 1098//1098
f 1236//1236 1235//1235 1805//1805
f 1805//1805 1235//1235 1806//1806
f 1805//1805 1806//1806 1807//1807
f 1807//1807 1806//1806 1808//1808
f 1807//1807 1808//1808 1809//1809
f 1809//1809 1808//1808 1810//1810
f 1809//1809 1810//1810 1811//1811
f 1811//1811 1810//1810 1812//1812
f 1811//1811 1812//1812 1813//1813
f 1813//1813 1812//1812 1814//1814
f 1813//1813 1814//1814 1815//1815
f 1815//1815 1814//1814 1816//1816
f 1815//1815 1816//1816 1817//1817
f 1817//1817 1816//1816 1818//1818
f 1817//1817 1818//1818 1819//1819
f 1819//1819 1818//1818 1820//1820
f 1819//1819 1820//1820 1821//1821
f 1821//1821 1820//1820 1822//1822
f 1821//1821 1822//1822 1718//1718
f 1718//1718 1822//1822 1717//1717
f 1714//1714 1713//1713 1823//1823
f 1823//1823 1713//1713 1824//1824
f 1823//1823 1824//1824 1825//1825
f 1825//1825 1824//1824 1826//1826
f 1825//1825 1826//1826 1827//1827
f 1827//1827 1826//1826 1828//1828
f 1827//1827 1828//1828 1829//1829
f 1829//1829 1828//1828 1830//1830
f 1829//1829 1830//1830 1831//1831
f 1831//1831 1830//1830 1832//1832
f 1831//1831 1832//1832 1833//1833
f 1833//1833 1832//1832 1834//1834
f 1833//1833 1834//1834 1835//1835
f 1835//1835 1834//1834 1836//1836
f 1835//1835 1836//1836 1837//1837
f 1837//1837 1836//1836 1838//1838
f 1837//1837 1838//1838 1839//1839
f 1839//1839 1838//1838 1840//1840
f 1839//1839 1840//1840 1715//1715
f 1715//1715 1840//1840 1716//1716
f 1841//1841 1842//1842 1843//1843
f 1843//1843 1842//1842 1844//1844
f 1843//1843 1844//1844 1845//1845
f 1845//1845 1844//1844 1846//1846
f 1845//1845 1846//1846 1847//1847
f 1847//1847 1846//1846 1848//1848
f 1847//1847 1848//1848 1849//1849
f 1849//1849 1848//1848 1850//1850
f 1849//1849 1850//1850 1851//1851
f 1851//1851 1850//1850 1852//1852
f 1851//1851 1852//1852 1853//1853
f 1853//1853 1852//1852 1854//1854
f 1853//1853 1854//1854 1855//1855
f 1855//1855 1854//1854 1856//1856
f 1855//1855 1856//1856 1857//1857
f 1857//1857 1856//1856 1858//1858
f 1857//1857 1858//1858 1859//1859
f 1859//1859 1858//1858 1860//1860
f 1859//1859 1860//1860 1861//1861
f 1861//1861 1860//1860 1862//1862
f 1861//1861 1862//1862 1863//1863
f 1863//1863 1862//1862 1864//1864
f 1863//1863 1864//1864 1865//1865
f 1865//1865 1864//1864 1866//1866
f 1865//1865 1866//1866 1867//1867
f 1867//1867 1866//1866 1868//1868
f 1867//1867 1868//1868 1869//1869
f 1869//1869 1868//1868 1870//1870
f 1869//1869 1870//1870 1871//1871
f 1871//1871 1870//1870 1872//1872
f 1871//1871 1872//1872 1873//1873
f 1873//1873 1872//1872 1874//1874
f 1873//1873 1874//1874 1875//1875
f 1875//1875 1874//1874 1876//1876
f 1875//1875 1876//1876 1877//1877
f 1877//1877 1876//1876 1878//1878
f 1877//1877 1878//1878 1879//1879
f 1879//1879 1878//1878 1880//1880
f 1879//1879 1880//1880 1881//1881
f 1881//1881 1880//1880 1882//1882
f 1881//1881 1882//1882 1883//1883
f 1883//1883 1882//1882 1884//1884
f 1883//1883 1884//1884 1885//1885
f 1885//1885 1884//1884 1886//1886
f 1885//1885 1886//1886 1887//1887
f 1887//1887 1886//1886 1888//1888
f 1887//1887 1888//1888 1889//1889
f 1889//1889 1888//1888 1890//1890
f 1889//1889 1890//1890 1891//1891
f 1891//1891 1890//1890 1892//1892
f 1891//1891 1892//1892 1893//1893
f 1893//1893 1892//1892 1894//1894
f 1893//1893 1894//1894 1895//1895
f 1895//1895 1894//1894 1896//1896
f 1895//1895 1896//1896 1897//1897
f 1897//1897 1896//1896 1898//1898
f 1897//1897 1898//1898 1899//1899
f 1899//1899 1898//1898 1900//1900
f 1899//1899 1900//1900 1901//1901
f 1901//1901 1900//1900 1902//1902
f 1901//1901 1902//1902 1903//1903
f 1903//1903 1902//1902 1904//1904
f 1903//1903 1904//1904 1905//1905
f 1905//1905 1904//1904 1906//1906
f 1905//1905 1906//1906 1907//1907
f 1907//1907 1906//1906 1908//1908
f 1907//1907 1908//1908 1909//1909
f 1909//1909 1908//1908 1910//1910
f 1909//1909 1910//1910 1911//1911
f 1911//1911 1910//1910 1912//1912
f 1911//1911 1912//1912 1913//1913
f 1913//1913 1912//1912 1914//1914
f 1913//1913 1914//1914 1915//1915
f 1915//1915 1914//1914 1916//1916
f 1915//1915 1916//1916 1917//1917
f 1917//1917 1916//1916 1918//1918
f 1917//1917 1918//1918 1919//1919
f 1919//1919 1918//1918 1920//1920
f 1919//1919 1920//1920 1921//1921
f 1921//1921 1920//1920 1922//1922
f 1921//1921 1922//1922 1923//1923
f 1923//1923 1922//1922 1924//1924
f 1923//1923 1924//1924 1925//1925
f 1925//1925 1924//1924 1926//1926
f 1925//1925 1926//1926 1927//1927
f 1927//1927 1926//1926 1928//1928
f 1927//1927 1928//1928 1929//1929
f 1929//1929 1928//1928 1930//1930
f 1929//1929 1930//1930 1931//1931
f 1931//1931 1930//1930 1932//1932
f 1931//1931 1932//1932 1933//1933
f 1933//1933 1932//1932 1934//1934
f 1933//1933 1934//1934 1935//1935
f 1935//1935 1934//1934 1936//1936
f 1935//1935 1936//1936 1937//1937
f 1937//1937 1936//1936 1938//1938
f 1937//1937 1938//1938 1939//1939
f 1939//1939 1938//1938 1940//1940
f 1939//1939 1940//1940 1941//1941
f 1941//1941 1940//1940 1942//1942
f 1941//1941 1942//1942 1943//1943
f 1943//1943 1942//1942 1944//1944
f 1943//1943 1944//1944 1945//1945
f 1945//1945 1944//1944 1946//1946
f 1945//1945 1946//1946 1947//1947
f 1947//1947 1946//1946 1948//1948
f 1947//1947 1948//1948 1949//1949
f 1949//1949 1948//1948 1950//1950
f 1949//1949 1950//1950 1951//1951
f 1951//1951 1950//1950 1952//1952
f 1951//1951 1952//1952 1953//1953
f 1953//1953 1952//1952 1954//1954
f 1953//1953 1954//1954 1955//1955
f 1955//1955 1954//1954 1956//1956
f 1955//1955 1956//1956 1957//1957
f 1957//1957 1956//1956 1958//1958
f 1957//1957 1958//1958 1959//1959
f 1959//1959 1958//1958 1960//1960
f 1959//1959 1960//1960 1961//1961
f 1961//1961 1960//1960 1962//1962
f 1961//1961 1962//1962 1963//1963
f 1963//1963 1962//1962 1964//1964
f 1963//1963 1964//1964 1965//1965
f 1965//1965 1964//1964 1966//1966
f 1965//1965 1966//1966 1967//1967
f 1967//1967 1966//1966 1968//1968
f 1967//1967 1968//1968 1969//1969
f 1969//1969 1968//1968 1970//1970
f 1969//1969 1970//1970 1971//1971
f 1971//1971 1970//1970 1972//1972
f 1971//1971 1972//1972 1973//1973
f 1973//1973 1972//1972 1974//1974
f 1973//1973 1974//1974 1975//1975
f 1975//1975 1974//1974 1976//1976
f 1975//1975 1976//1976 1977//1977
f 1977//1977 1976//1976 1978//1978
f 1977//1977 1978//1978 1979//1979
f 1979//1979 1978//1978 1980//1980
f 1979//1979 1980//1980 1981//1981
f 1981//1981 1980//1980 1982//1982
f 1981//1981 1982//1982 1983//1983
f 1983//1983 1982//1982 1984//1984
f 1983//1983 1984//1984 1985//1985
f 1985//1985 1984//1984 1986//1986
f 1985//1985 1986//1986 1987//1987
f 1987//1987 1986//1986 1988//1988
f 1987//1987 1988//1988 1989//1989
f 1989//1989 1988//1988 1990//1990
f 1989//1989 1990//1990 1991//1991
f 1991//1991 1990//1990 1992//1992
f 1991//1991 1992//1992 1993//1993
f 1993//1993 1992//1992 1994//1994
f 1993//1993 1994//1994 1995//1995
f 1995//1995 1994//1994 1996//1996
f 1995//1995 1996//1996 1997//1997
f 1997//1997 1996//1996 1998//1998
f 1997//1997 1998//1998 1999//1999
f 1999//1999 1998//1998 2000//2000
f 1999//1999 2000//2000 2001//2001
f 2001//2001 2000//2000 2002//2002
f 2001//2001 2002//2002 2003//2003
f 2003//2003 2002//2002 2004//2004
f 2003//2003 2004//2004 2005//2005
f 2005//2005 2004//2004 2006//2006
f 2005//2005 2006//2006 2007//2007
f 2007//2007 2006//2006 2008//2008
f 2007//2007 2008//2008 2009//2009
f 2009//2009 2008//2008 2010//2010
f 2009//2009 2010//2010 2011//2011
f 2011//2011 2010//2010 2012//2012
f 2011//2011 2012//2012 2013//2013
f 2013//2013 2012//2012 2014//2014
f 2013//2013 2014//2014 2015//2015
f 2015//2015 2014//2014 2016//2016
f 2015//2015 2016//2016 2017//2017
f 2017//2017 2016//2016 2018//2018
f 2017//2017 2018//2018 1841//1841
f 1841//1841 2018//2018 1842//1842
f 2019//2019 2020//2020 2021//2021
f 2022//2022 2023//2023 2024//2024
f 2024//2024 2023//2023 2025//2025
f 2024//2024 2025//2025 2026//2026
f 2026//2026 2025//2025 2027//2027
f 2026//2026 2027//2027 2028//2028
f 2028//2028 2027//2027 2029//2029
f 2028//2028 2029//2029 2030//2030
f 2030//2030 2029//2029 2031//2031
f 2030//2030 2031//2031 2032//2032
f 2032//2032 2031//2031 2033//2033
f 2032//2032 2033//2033 2034//2034
f 2034//2034 2033//2033 2035//2035
f 2034//2034 2035//2035 2036//2036
f 2036//2036 2035//2035 2037//2037
f 2036//2036 2037//2037 2038//2038
f 2038//2038 2037//2037 2039//2039
f 2038//2038 2039//2039 2040//2040
f 2040//2040 2039//2039 2041//2041
f 2040//2040 2041//2041 2042//2042
f 2042//2042 2041//2041 2043//2043
f 2042//2042 2043//2043 2044//2044
f 2044//2044 2043//2043 2045//2045
f 2044//2044 2045//2045 2046//2046
f 2046//2046 2045//2045 2047//2047
f 2046//2046 2047//2047 2048//2048
f 2048//2048 2047//2047 2049//2049
f 2048//2048 2049//2049 2050//2050
f 2050//2050 2049//2049 2051//2051
f 2050//2050 2051//2051 2052//2052
f 2052//2052 2051//2051 2053//2053
f 2052//2052 2053//2053 2054//2054
f 2054//2054 2053//2053 2055//2055
f 2054//2054 2055//2055 2056//2056
f 2056//2056 2055//2055 2057//2057
f 2056//2056 2057//2057 2058//2058
f 2058//2058 2057//2057 2059//2059
f 2058//2058 2059//2059 2060//2060
f 2060//2060 2059//2059 2061//2061
f 2060//2060 2061//2061 2062//2062
f 2062//2062 2061//2061 2063//2063
f 2062//2062 2063//2063 2064//2064
f 2064//2064 2063//2063 2065//2065
f 2064//2064 2065//2065 2066//2066
f 2066//2066 2065//2065 2067//2067
f 2066//2066 2067//2067 2068//2068
f 2068//2068 2067//2067 2069//2069
f 2068//2068 2069//2069 2070//2070
f 2070//2070 2069//2069 2071//2071
f 2070//2070 2071//2071 2072//2072
f 2072//2072 2071//2071 2073//2073
f 2072//2072 2073//2073 2074//2074
f 2074//2074 2073//2073 2075//2075
f 2074//2074 2075//2075 2076//2076
f 2076//2076 2075//2075 2077//2077
f 2076//2076 2077//2077 2078//2078
f 2078//2078 2077//2077 2079//2079
f 2078//2078 2079//2079 2080//2080
f 2080//2080 2079//2079 2081//2081
f 2080//2080 2081//2081 2082//2082
f 2082//2082 2081//2081 2083//2083
f 2082//2082 2083//2083 2084//2084
f 2084//2084 2083//2083 2085//2085
f 2084//2084 2085//2085 2086//2086
f 2086//2086 2085//2085 2087//2087
f 2086//2086 2087//2087 2088//2088
f 2088//2088 2087//2087 2089//2089
f 2088//2088 2089//2089 2090//2090
f 2090//2090 2089//2089 2091//2091
f 2090//2090 2091//2091 2092//2092
f 2092//2092 2091//2091 2093//2093
f 2092//2092 2093//2093 2094//2094
f 2094//2094 2093//2093 2095//2095
f 2021//2021 2020//2020 2096//2096
f 2096//2096 2020//2020 2097//2097
f 2096//2096 2097//2097 2095//2095
f 2095//2095 2097//2097 2098//2098
f 2095//2095 2098//2098 2094//2094
f 2099//2099 2100//2100 2101//2101
f 2101//2101 2102//2102 2103//2103
f 2101//2101 2103//2103 2104//2104
f 2104//2104 2103//2103 2105//2105
f 2104//2104 2105//2105 2106//2106
f 2106//2106 2105//2105 2107//2107
f 2106//2106 2107//2107 2108//2108
f 2108//2108 2107//2107 2109//2109
f 2108//2108 2109//2109 2110//2110
f 2110//2110 2109//2109 2111//2111
f 2110//2110 2111//2111 2112//2112
f 2112//2112 2111//2111 2113//2113
f 2112//2112 2113//2113 2114//2114
f 2114//2114 2113//2113 2022//2022
f 2114//2114 2022//2022 2115//2115
f 2115//2115 2022//2022 2024//2024
f 2021//2021 2116//2116 2019//2019
f 2019//2019 2116//2116 2117//2117
f 2019//2019 2117//2117 2118//2118
f 2118//2118 2117//2117 2119//2119
f 2118//2118 2119//2119 2120//2120
f 2120//2120 2119//2119 2121//2121
f 2120//2120 2121//2121 2122//2122
f 2122//2122 2121//2121 2123//2123
f 2122//2122 2123//2123 2124//2124
f 2124//2124 2123//2123 2125//2125
f 2124//2124 2125//2125 2126//2126
f 2126//2126 2125//2125 2127//2127
f 2126//2126 2127//2127 2128//2128
f 2128//2128 2127//2127 2129//2129
f 2128//2128 2129//2129 2130//2130
f 2130//2130 2129//2129 2131//2131
f 2130//2130 2131//2131 2132//2132
f 2132//2132 2131//2131 2133//2133
f 2132//2132 2133//2133 2134//2134
f 2134//2134 2133//2133 2135//2135
f 2134//2134 2135//2135 2136//2136
f 2136//2136 2135//2135 2137//2137
f 2136//2136 2137//2137 2138//2138
f 2138//2138 2137//2137 2139//2139
f 2138//2138 2139//2139 2140//2140
f 2140//2140 2139//2139 2141//2141
f 2140//2140 2141//2141 2142//2142
f 2142//2142 2141//2141 2143//2143
f 2142//2142 2143//2143 2144//2144
f 2144//2144 2143//2143 2145//2145
f 2144//2144 2145//2145 2146//2146
f 2146//2146 2145//2145 2147//2147
f 2146//2146 2147//2147 2148//2148
f 2148//2148 2147//2147 2149//2149
f 2148//2148 2149//2149 2150//2150
f 2150//2150 2149//2149 2151//2151
f 2150//2150 2151//2151 2152//2152
f 2152//2152 2151//2151 2153//2153
f 2152//2152 2153//2153 2154//2154
f 2154//2154 2153//2153 2155//2155
f 2154//2154 2155//2155 2156//2156
f 2156//2156 2155//2155 2157//2157
f 2156//2156 2157//2157 2158//2158
f 2158//2158 2157//2157 2159//2159
f 2158//2158 2159//2159 2160//2160
f 2160//2160 2159//2159 2161//2161
f 2160//2160 2161//2161 2162//2162
f 2162//2162 2161//2161 2163//2163
f 2162//2162 2163//2163 2164//2164
f 2164//2164 2163//2163 2165//2165
f 2164//2164 2165//2165 2166//2166
f 2166//2166 2165//2165 2167//2167
f 2166//2166 2167//2167 2168//2168
f 2168//2168 2167//2167 2169//2169
f 2168//2168 2169//2169 2170//2170
f 2170//2170 2169//2169 2171//2171
f 2170//2170 2171//2171 2172//2172
f 2172//2172 2171//2171 2173//2173
f 2172//2172 2173//2173 2174//2174
f 2174//2174 2173//2173 2175//2175
f 2174//2174 2175//2175 2176//2176
f 2176//2176 2175//2175 2177//2177
f 2176//2176 2177//2177 2178//2178
f 2178//2178 2177//2177 2179//2179
f 2178//2178 2179//2179 2180//2180
f 2180//2180 2179//2179 2181//2181
f 2180//2180 2181//2181 2182//2182
f 2182//2182 2181//2181 2183//2183
f 2182//2182 2183//2183 2184//2184
f 2184//2184 2183//2183 2185//2185
f 2184//2184 2185//2185 2186//2186
f 2186//2186 2185//2185 2187//2187
f 2186//2186 2187//2187 2188//2188
f 2188//2188 2187//2187 2189//2189
f 2188//2188 2189//2189 2190//2190
f 2190//2190 2189//2189 2191//2191
f 2190//2190 2191//2191 2192//2192
f 2192//2192 2191//2191 2193//2193
f 2192//2192 2193//2193 2194//2194
f 2194//2194 2193//2193 2195//2195
f 2194//2194 2195//2195 2196//2196
f 2196//2196 2195//2195 2197//2197
f 2196//2196 2197//2197 2099//2099
f 2099//2099 2197//2197 2198//2198
f 2099//2099 2198//2198 2100//2100
f 2199//2199 2200//2200 2201//2201
f 2201//2201 2200//2200 2202//2202
f 2201//2201 2202//2202 2203//2203
f 2203//2203 2202//2202 2204//2204
f 2203//2203 2204//2204 2205//2205
f 2205//2205 2204//2204 2206//2206
f 2205//2205 2206//2206 2207//2207
f 2207//2207 2206//2206 2208//2208
f 2207//2207 2208//2208 2209//2209
f 2209//2209 2208//2208 2210//2210
f 2209//2209 2210//2210 2211//2211
f 2211//2211 2210//2210 2212//2212
f 2211//2211 2212//2212 2213//2213
f 2213//2213 2212//2212 2214//2214
f 2213//2213 2214//2214 2215//2215
f 2215//2215 2214//2214 2216//2216
f 2215//2215 2216//2216 2217//2217
f 2217//2217 2216//2216 2218//2218
f 2217//2217 2218//2218 2219//2219
f 2219//2219 2218//2218 2220//2220
f 2219//2219 2220//2220 2221//2221
f 2221//2221 2220//2220 2222//2222
f 2221//2221 2222//2222 2223//2223
f 2223//2223 2222//2222 2224//2224
f 2223//2223 2224//2224 2225//2225
f 2225//2225 2224//2224 2226//2226
f 2225//2225 2226//2226 2227//2227
f 2227//2227 2226//2226 2228//2228
f 2227//2227 2228//2228 2229//2229
f 2229//2229 2228//2228 2230//2230
f 2229//2229 2230//2230 2231//2231
f 2231//2231 2230//2230 2232//2232
f 2231//2231 2232//2232 2233//2233
f 2233//2233 2232//2232 2234//2234
f 2233//2233 2234//2234 2235//2235
f 2235//2235 2234//2234 2236//2236
f 2235//2235 2236//2236 2237//2237
f 2237//2237 2236//2236 2238//2238
f 2237//2237 2238//2238 2239//2239
f 2239//2239 2238//2238 2240//2240
f 2239//2239 2240//2240 2241//2241
f 2241//2241 2240//2240 2242//2242
f 2241//2241 2242//2242 2243//2243
f 2243//2243 2242//2242 2244//2244
f 2243//2243 2244//2244 2245//2245
f 2245//2245 2244//2244 2246//2246
f 2245//2245 2246//2246 2247//2247
f 2247//2247 2246//2246 2248//2248
f 2247//2247 2248//2248 2249//2249
f 2249//2249 2248//2248 2250//2250
f 2249//2249 2250//2250 2251//2251
f 2251//2251 2250//2250 2252//2252
f 2251//2251 2252//2252 2253//2253
f 2253//2253 2252//2252 2254//2254
f 2253//2253 2254//2254 2255//2255
f 2255//2255 2254//2254 2256//2256
f 2255//2255 2256//2256 2257//2257
f 2257//2257 2256//2256 2258//2258
f 2257//2257 2258//2258 2259//2259
f 2259//2259 2258//2258 2260//2260
f 2259//2259 2260//2260 2261//2261
f 2261//2261 2260//2260 2262//2262
f 2261//2261 2262//2262 2263//2263
f 2263//2263 2262//2262 2264//2264
f 2263//2263 2264//2264 2265//2265
f 2265//2265 2264//2264 2266//2266
f 2265//2265 2266//2266 2267//2267
f 2267//2267 2266//2266 2268//2268
f 2267//2267 2268//2268 2269//2269
f 2269//2269 2268//2268 2270//2270
f 2269//2269 2270//2270 2271//2271
f 2271//2271 2270//2270 2272//2272
f 2271//2271 2272//2272 2273//2273
f 2273//2273 2272//2272 2274//2274
f 2273//2273 2274//2274 2275//2275
f 2275//2275 2274//2274 2276//2276
f 2275//2275 2276//2276 2277//2277
f 2277//2277 2276//2276 2278//2278
f 2277//2277 2278//2278 2279//2279
f 2279//2279 2278//2278 2280//2280
f 2279//2279 2280//2280 2281//2281
f 2281//2281 2280//2280 2282//2282
f 2281//2281 2282//2282 2283//2283
f 2283//2283 2282//2282 2284//2284
f 2283//2283 2284//2284 2285//2285
f 2285//2285 2284//2284 2286//2286
f 2285//2285 2286//2286 2287//2287
f 2287//2287 2286//2286 2288//2288
f 2287//2287 2288//2288 2289//2289
f 2289//2289 2288//2288 2290//2290
f 2289//2289 2290//2290 2291//2291
f 2291//2291 2290//2290 2292//2292
f 2291//2291 2292//2292 2293//2293
f 2293//2293 2292//2292 2294//2294
f 2293//2293 2294//2294 2295//2295
f 2295//2295 2294//2294 2296//2296
f 2295//2295 2296//2296 2297//2297
f 2297//2297 2296//2296 2298//2298
f 2297//2297 2298//2298 2299//2299
f 2299//2299 2298//2298 2300//2300
f 2299//2299 2300//2300 2301//2301
f 2301//2301 2300//2300 2302//2302
f 2301//2301 2302//2302 2303//2303
f 2303//2303 2302//2302 2304//2304
f 2303//2303 2304//2304 2305//2305
f 2305//2305 2304//2304 2306//2306
f 2305//2305 2306//2306 2307//2307
f 2307//2307 2306//2306 2308//2308
f 2307//2307 2308//2308 2309//2309
f 2309//2309 2308//2308 2310//2310
f 2309//2309 2310//2310 2311//2311
f 2311//2311 2310//2310 2312//2312
f 2311//2311 2312//2312 2313//2313
f 2313//2313 2312//2312 2314//2314
f 2313//2313 2314//2314 2315//2315
f 2315//2315 2314//2314 2316//2316
f 2315//2315 2316//2316 2317//2317
f 2317//2317 2316//2316 2318//2318
f 2317//2317 2318//2318 2319//2319
f 2319//2319 2318//2318 2320//2320
f 2319//2319 2320//2320 2321//2321
f 2321//2321 2320//2320 2322//2322
f 2321//2321 2322//2322 2323//2323
f 2323//2323 2322//2322 2324//2324
f 2323//2323 2324//2324 2325//2325
f 2325//2325 2324//2324 2326//2326
f 2325//2325 2326//2326 2327//2327
f 2327//2327 2326//2326 2328//2328
f 2327//2327 2328//2328 2329//2329
f 2329//2329 2328//2328 2330//2330
f 2329//2329 2330//2330 2331//2331
f 2331//2331 2330//2330 2332//2332
f 2331//2331 2332//2332 2333//2333
f 2333//2333 2332//2332 2334//2334
f 2333//2333 2334//2334 2335//2335
f 2335//2335 2334//2334 2336//2336
f 2335//2335 2336//2336 2337//2337
f 2337//2337 2336//2336 2338//2338
f 2337//2337 2338//2338 2339//2339
f 2339//2339 2338//2338 2340//2340
f 2339//2339 2340//2340 2341//2341
f 2341//2341 2340//2340 2342//2342
f 2341//2341 2342//2342 2343//2343
f 2343//2343 2342//2342 2344//2344
f 2343//2343 2344//2344 2345//2345
f 2345//2345 2344//2344 2346//2346
f 2345//2345 2346//2346 2347//2347
f 2347//2347 2346//2346 2348//2348
f 2347//2347 2348//2348 2349//2349
f 2349//2349 2348//2348 2350//2350
f 2349//2349 2350//2350 2351//2351
f 2351//2351 2350//2350 2352//2352
f 2351//2351 2352//2352 2353//2353
f 2353//2353 2352//2352 2354//2354
f 2353//2353 2354//2354 2355//2355
f 2355//2355 2354//2354 2356//2356
f 2355//2355 2356//2356 2357//2357
f 2357//2357 2356//2356 2358//2358
f 2357//2357 2358//2358 2359//2359
f 2359//2359 2358//2358 2360//2360
f 2359//2359 2360//2360 2361//2361
f 2361//2361 2360//2360 2362//2362
f 2361//2361 2362//2362 2363//2363
f 2363//2363 2362//2362 2364//2364
f 2363//2363 2364//2364 2365//2365
f 2365//2365 2364//2364 2366//2366
f 2365//2365 2366//2366 2367//2367
f 2367//2367 2366//2366 2368//2368
f 2367//2367 2368//2368 2369//2369
f 2369//2369 2368//2368 2370//2370
f 2369//2369 2370//2370 2371//2371
f 2371//2371 2370//2370 2372//2372
f 2371//2371 2372//2372 2373//2373
f 2373//2373 2372//2372 2374//2374
f 2373//2373 2374//2374 2375//2375
f 2375//2375 2374//2374 2376//2376
f 2375//2375 2376//2376 2199//2199
f 2199//2199 2376//2376 2200//2200
f 2377//2377 2378//2378 2379//2379
f 2379//2379 2378//2378 2380//2380
f 2379//2379 2380//2380 2381//2381
f 2381//2381 2380//2380 2382//2382
f 2381//2381 2382//2382 2383//2383
f 2383//2383 2382//2382 2384//2384
f 2383//2383 2384//2384 2385//2385
f 2385//2385 2384//2384 2386//2386
f 2385//2385 2386//2386 2387//2387
f 2387//2387 2386//2386 2388//2388
f 2387//2387 2388//2388 2389//2389
f 2389//2389 2388//2388 2390//2390
f 2389//2389 2390//2390 2391//2391
f 2391//2391 2390//2390 2392//2392
f 2391//2391 2392//2392 2393//2393
f 2393//2393 2392//2392 2394//2394
f 2393//2393 2394//2394 2395//2395
f 2395//2395 2394//2394 2396//2396
f 2395//2395 2396//2396 2397//2397
f 2397//2397 2396//2396 2398//2398
f 2397//2397 2398//2398 2399//2399
f 2399//2399 2398//2398 2400//2400
f 2399//2399 2400//2400 2401//2401
f 2401//2401 2400//2400 2402//2402
f 2401//2401 2402//2402 2403//2403
f 2403//2403 2402//2402 2404//2404
f 2403//2403 2404//2404 2405//2405
f 2405//2405 2404//2404 2406//2406
f 2405//2405 2406//2406 2407//2407
f 2407//2407 2406//2406 2408//2408
f 2407//2407 2408//2408 2409//2409
f 2409//2409 2408//2408 2410//2410
f 2409//2409 2410//2410 2411//2411
f 2411//2411 2410//2410 2412//2412
f 2411//2411 2412//2412 2413//2413
f 2413//2413 2412//2412 2414//2414
f 2413//2413 2414//2414 2415//2415
f 2415//2415 2414//2414 2416//2416
f 2415//2415 2416//2416 2417//2417
f 2417//2417 2416//2416 2418//2418
f 2417//2417 2418//2418 2419//2419
f 2419//2419 2418//2418 2420//2420
f 2419//2419 2420//2420 2421//2421
f 2421//2421 2420//2420 2422//2422
f 2421//2421 2422//2422 2423//2423
f 2423//2423 2422//2422 2424//2424
f 2423//2423 2424//2424 2425//2425
f 2425//2425 2424//2424 2426//2426
f 2425//2425 2426//2426 2427//2427
f 2427//2427 2426//2426 2428//2428
f 2427//2427 2428//2428 2429//2429
f 2429//2429 2428//2428 2430//2430
f 2429//2429 2430//2430 2431//2431
f 2431//2431 2430//2430 2432//2432
f 2431//2431 2432//2432 2433//2433
f 2433//2433 2432//2432 2434//2434
f 2433//2433 2434//2434 2435//2435
f 2435//2435 2434//2434 2436//2436
f 2435//2435 2436//2436 2437//2437
f 2437//2437 2436//2436 2438//2438
f 2437//2437 2438//2438 2439//2439
f 2439//2439 2438//2438 2440//2440
f 2439//2439 2440//2440 2441//2441
f 2441//2441 2440//2440 2442//2442
f 2441//2441 2442//2442 2443//2443
f 2443//2443 2442//2442 2444//2444
f 2443//2443 2444//2444 2445//2445
f 2445//2445 2444//2444 2446//2446
f 2445//2445 2446//2446 2447//2447
f 2447//2447 2446//2446 2448//2448
f 2447//2447 2448//2448 2449//2449
f 2449//2449 2448//2448 2450//2450
f 2449//2449 2450//2450 2451//2451
f 2451//2451 2450//2450 2452//2452
f 2451//2451 2452//2452 2453//2453
f 2453//2453 2452//2452 2454//2454
f 2453//2453 2454//2454 2455//2455
f 2455//2455 2454//2454 2456//2456
f 2455//2455 2456//2456 2457//2457
f 2457//2457 2456//2456 2458//2458
f 2457//2457 2458//2458 2459//2459
f 2459//2459 2458//2458 2460//2460
f 2459//2459 2460//2460 2461//2461
f 2461//2461 2460//2460 2462//2462
f 2461//2461 2462//2462 2463//2463
f 2463//2463 2462//2462 2464//2464
f 2463//2463 2464//2464 2465//2465
f 2465//2465 2464//2464 2466//2466
f 2465//2465 2466//2466 2467//2467
f 2467//2467 2466//2466 2468//2468
f 2467//2467 2468//2468 2469//2469
f 2469//2469 2468//2468 2470//2470
f 2469//2469 2470//2470 2471//2471
f 2471//2471 2470//2470 2472//2472
f 2471//2471 2472//2472 2473//2473
f 2473//2473 2472//2472 2474//2474
f 2473//2473 2474//2474 2475//2475
f 2475//2475 2474//2474 2476//2476
f 2475//2475 2476//2476 2477//2477
f 2477//2477 2476//2476 2478//2478
f 2477//2477 2478//2478 2479//2479
f 2479//2479 2478//2478 2480//2480
f 2479//2479 2480//2480 2481//2481
f 2481//2481 2480//2480 2482//2482
f 2481//2481 2482//2482 2483//2483
f 2483//2483 2482//2482 2484//2484
f 2483//2483 2484//2484 2485//2485
f 2485//2485 2484//2484 2486//2486
f 2485//2485 2486//2486 2487//2487
f 2487//2487 2486//2486 2488//2488
f 2487//2487 2488//2488 2489//2489
f 2489//2489 2488//2488 2490//2490
f 2489//2489 2490//2490 2491//2491
f 2491//2491 2490//2490 2492//2492
f 2491//2491 2492//2492 2493//2493
f 2493//2493 2492//2492 2494//2494
f 2493//2493 2494//2494 2495//2495
f 2495//2495 2494//2494 2496//2496
f 2495//2495 2496//2496 2497//2497
f 2497//2497 2496//2496 2498//2498
f 2497//2497 2498//2498 2499//2499
f 2499//2499 2498//2498 2500//2500
f 2499//2499 2500//2500 2501//2501
f 2501//2501 2500//2500 2502//2502
f 2501//2501 2502//2502 2503//2503
f 2503//2503 2502//2502 2504//2504
f 2503//2503 2504//2504 2505//2505
f 2505//2505 2504//2504 2506//2506
f 2505//2505 2506//2506 2507//2507
f 2507//2507 2506//2506 2508//2508
f 2507//2507 2508//2508 2509//2509
f 2509//2509 2508//2508 2510//2510
f 2509//2509 2510//2510 2511//2511
f 2511//2511 2510//2510 2512//2512
f 2511//2511 2512//2512 2513//2513
f 2513//2513 2512//2512 2514//2514
f 2513//2513 2514//2514 2515//2515
f 2515//2515 2514//2514 2516//2516
f 2515//2515 2516//2516 2517//2517
f 2517//2517 2516//2516 2518//2518
f 2517//2517 2518//2518 2519//2519
f 2519//2519 2518//2518 2520//2520
f 2519//2519 2520//2520 2521//2521
f 2521//2521 2520//2520 2522//2522
f 2521//2521 2522//2522 2523//2523
f 2523//2523 2522//2522 2524//2524
f 2523//2523 2524//2524 2525//2525
f 2525//2525 2524//2524 2526//2526
f 2525//2525 2526//2526 2527//2527
f 2527//2527 2526//2526 2528//2528
f 2527//2527 2528//2528 2529//2529
f 2529//2529 2528//2528 2530//2530
f 2529//2529 2530//2530 2531//2531
f 2531//2531 2530//2530 2532//2532
f 2531//2531 2532//2532 2533//2533
f 2533//2533 2532//2532 2534//2534
f 2533//2533 2534//2534 2535//2535
f 2535//2535 2534//2534 2536//2536
f 2535//2535 2536//2536 2537//2537
f 2537//2537 2536//2536 2538//2538
f 2537//2537 2538//2538 2539//2539
f 2539//2539 2538//2538 2540//2540
f 2539//2539 2540//2540 2541//2541
f 2541//2541 2540//2540 2542//2542
f 2541//2541 2542//2542 2543//2543
f 2543//2543 2542//2542 2544//2544
f 2543//2543 2544//2544 2545//2545
f 2545//2545 2544//2544 2546//2546
f 2545//2545 2546//2546 2547//2547
f 2547//2547 2546//2546 2548//2548
f 2547//2547 2548//2548 2549//2549
f 2549//2549 2548//2548 2550//2550
f 2549//2549 2550//2550 2551//2551
f 2551//2551 2550//2550 2552//2552
f 2551//2551 2552//2552 2553//2553
f 2553//2553 2552//2552 2554//2554
f 2553//2553 2554//2554 2555//2555
f 2555//2555 2554//2554 2377//2377
f 2555//2555 2377//2377 2379//2379
f 2556//2556 2557//2557 2558//2558
f 2558//2558 2557//2557 2559//2559
f 2558//2558 2559//2559 2560//2560
f 2560//2560 2559//2559 2561//2561
f 2560//2560 2561//2561 2562//2562
f 2562//2562 2561//2561 2563//2563
f 2562//2562 2563//2563 2564//2564
f 2564//2564 2563//2563 2565//2565
f 2564//2564 2565//2565 2566//2566
f 2566//2566 2565//2565 2567//2567
f 2566//2566 2567//2567 2568//2568
f 2568//2568 2567//2567 2569//2569
f 2568//2568 2569//2569 2570//2570
f 2570//2570 2569//2569 2571//2571
f 2570//2570 2571//2571 2572//2572
f 2572//2572 2571//2571 2573//2573
f 2572//2572 2573//2573 2574//2574
f 2574//2574 2573//2573 2575//2575
f 2574//2574 2575//2575 2576//2576
f 2576//2576 2575//2575 2577//2577
f 2576//2576 2577//2577 2578//2578
f 2578//2578 2577//2577 2579//2579
f 2578//2578 2579//2579 2580//2580
f 2580//2580 2579//2579 2581//2581
f 2580//2580 2581//2581 2582//2582
f 2582//2582 2581//2581 2583//2583
f 2582//2582 2583//2583 2584//2584
f 2584//2584 2583//2583 2585//2585
f 2584//2584 2585//2585 2586//2586
f 2586//2586 2585//2585 2587//2587
f 2586//2586 2587//2587 2588//2588
f 2588//2588 2587//2587 2589//2589
f 2588//2588 2589//2589 2590//2590
f 2590//2590 2589//2589 2591//2591
f 2590//2590 2591//2591 2592//2592
f 2592//2592 2591//2591 2593//2593
f 2592//2592 2593//2593 2594//2594
f 2594//2594 2593//2593 2595//2595
f 2594//2594 2595//2595 2596//2596
f 2596//2596 2595//2595 2597//2597
f 2596//2596 2597//2597 2598//2598
f 2598//2598 2597//2597 2599//2599
f 2598//2598 2599//2599 2600//2600
f 2600//2600 2599//2599 2601//2601
f 2600//2600 2601//2601 2602//2602
f 2602//2602 2601//2601 2603//2603
f 2602//2602 2603//2603 2604//2604
f 2604//2604 2603//2603 2605//2605
f 2604//2604 2605//2605 2606//2606
f 2606//2606 2605//2605 2607//2607
f 2606//2606 2607//2607 2608//2608
f 2608//2608 2607//2607 2609//2609
f 2608//2608 2609//2609 2610//2610
f 2610//2610 2609//2609 2611//2611
f 2610//2610 2611//2611 2612//2612
f 2612//2612 2611//2611 2613//2613
f 2612//2612 2613//2613 2614//2614
f 2614//2614 2613//2613 2615//2615
f 2614//2614 2615//2615 2616//2616
f 2616//2616 2615//2615 2617//2617
f 2616//2616 2617//2617 2618//2618
f 2618//2618 2617//2617 2619//2619
f 2618//2618 2619//2619 2620//2620
f 2620//2620 2619//2619 2621//2621
f 2620//2620 2621//2621 2622//2622
f 2622//2622 2621//2621 2623//2623
f 2622//2622 2623//2623 2624//2624
f 2624//2624 2623//2623 2625//2625
f 2624//2624 2625//2625 2626//2626
f 2626//2626 2625//2625 2627//2627
f 2626//2626 2627//2627 2628//2628
f 2628//2628 2627//2627 2629//2629
f 2628//2628 2629//2629 2630//2630
f 2630//2630 2629//2629 2631//2631
f 2630//2630 2631//2631 2632//2632
f 2632//2632 2631//2631 2633//2633
f 2632//2632 2633//2633 2634//2634
f 2634//2634 2633//2633 2635//2635
f 2634//2634 2635//2635 2636//2636
f 2636//2636 2635//2635 2637//2637
f 2636//2636 2637//2637 2638//2638
f 2638//2638 2637//2637 2639//2639
f 2638//2638 2639//2639 2640//2640
f 2640//2640 2639//2639 2641//2641
f 2640//2640 2641//2641 2642//2642
f 2642//2642 2641//2641 2643//2643
f 2642//2642 2643//2643 2644//2644
f 2644//2644 2643//2643 2645//2645
f 2644//2644 2645//2645 2646//2646
f 2646//2646 2645//2645 2647//2647
f 2646//2646 2647//2647 2648//2648
f 2648//2648 2647//2647 2649//2649
f 2648//2648 2649//2649 2650//2650
f 2650//2650 2649//2649 2651//2651
f 2650//2650 2651//2651 2652//2652
f 2652//2652 2651//2651 2653//2653
f 2652//2652 2653//2653 2654//2654
f 2654//2654 2653//2653 2655//2655
f 2654//2654 2655//2655 2656//2656
f 2656//2656 2655//2655 2657//2657
f 2656//2656 2657//2657 2658//2658
f 2658//2658 2657//2657 2659//2659
f 2658//2658 2659//2659 2660//2660
f 2660//2660 2659//2659 2661//2661
f 2660//2660 2661//2661 2662//2662
f 2662//2662 2661//2661 2663//2663
f 2662//2662 2663//2663 2664//2664
f 2664//2664 2663//2663 2665//2665
f 2664//2664 2665//2665 2666//2666
f 2666//2666 2665//2665 2667//2667
f 2666//2666 2667//2667 2668//2668
f 2668//2668 2667//2667 2669//2669
f 2668//2668 2669//2669 2670//2670
f 2670//2670 2669//2669 2671//2671
f 2670//2670 2671//2671 2672//2672
f 2672//2672 2671//2671 2673//2673
f 2672//2672 2673//2673 2674//2674
f 2674//2674 2673//2673 2675//2675
f 2674//2674 2675//2675 2676//2676
f 2676//2676 2675//2675 2677//2677
f 2676//2676 2677//2677 2678//2678
f 2678//2678 2677//2677 2679//2679
f 2678//2678 2679//2679 2680//2680
f 2680//2680 2679//2679 2681//2681
f 2680//2680 2681//2681 2682//2682
f 2682//2682 2681//2681 2683//2683
f 2682//2682 2683//2683 2684//2684
f 2684//2684 2683//2683 2685//2685
f 2684//2684 2685//2685 2686//2686
f 2686//2686 2685//2685 2687//2687
f 2686//2686 2687//2687 2688//2688
f 2688//2688 2687//2687 2689//2689
f 2688//2688 2689//2689 2690//2690
f 2690//2690 2689//2689 2691//2691
f 2690//2690 2691//2691 2692//2692
f 2692//2692 2691//2691 2693//2693
f 2692//2692 2693//2693 2694//2694
f 2694//2694 2693//2693 2695//2695
f 2694//2694 2695//2695 2696//2696
f 2696//2696 2695//2695 2697//2697
f 2696//2696 2697//2697 2698//2698
f 2698//2698 2697//2697 2699//2699
f 2698//2698 2699//2699 2700//2700
f 2700//2700 2699//2699 2701//2701
f 2700//2700 2701//2701 2702//2702
f 2702//2702 2701//2701 2703//2703
f 2702//2702 2703//2703 2704//2704
f 2704//2704 2703//2703 2705//2705
f 2704//2704 2705//2705 2706//2706
f 2706//2706 2705//2705 2707//2707
f 2706//2706 2707//2707 2708//2708
f 2708//2708 2707//2707 2709//2709
f 2708//2708 2709//2709 2710//2710
f 2710//2710 2709//2709 2711//2711
f 2710//2710 2711//2711 2712//2712
f 2712//2712 2711//2711 2713//2713
f 2712//2712 2713//2713 2714//2714
f 2714//2714 2713//2713 2715//2715
f 2714//2714 2715//2715 2716//2716
f 2716//2716 2715//2715 2717//2717
f 2716//2716 2717//2717 2718//2718
f 2718//2718 2717//2717 2719//2719
f 2718//2718 2719//2719 2720//2720
f 2720//2720 2719//2719 2721//2721
f 2720//2720 2721//2721 2722//2722
f 2722//2722 2721//2721 2723//2723
f 2722//2722 2723//2723 2724//2724
f 2724//2724 2723//2723 2725//2725
f 2724//2724 2725//2725 2726//2726
f 2726//2726 2725//2725 2727//2727
f 2726//2726 2727//2727 2728//2728
f 2728//2728 2727//2727 2729//2729
f 2728//2728 2729//2729 2730//2730
f 2730//2730 2729//2729 2731//2731
f 2730//2730 2731//2731 2732//2732
f 2732//2732 2731//2731 2733//2733
f 2732//2732 2733//2733 2556//2556
f 2556//2556 2733//2733 2557//2557
f 2734//2734 2735//2735 2736//2736
f 2736//2736 2735//2735 2737//2737
f 2736//2736 2737//2737 2738//2738
f 2738//2738 2737//2737 2739//2739
f 2738//2738 2739//2739 2740//2740
f 2740//2740 2739//2739 2741//2741
f 2740//2740 2741//2741 2742//2742
f 2742//2742 2741//2741 2743//2743
f 2742//2742 2743//2743 2744//2744
f 2744//2744 2743//2743 2745//2745
f 2744//2744 2745//2745 2746//2746
f 2746//2746 2745//2745 2747//2747
f 2746//2746 2747//2747 2748//2748
f 2748//2748 2747//2747 2749//2749
f 2748//2748 2749//2749 2750//2750
f 2750//2750 2749//2749 2751//2751
f 2750//2750 2751//2751 2752//2752
f 2752//2752 2751//2751 2753//2753
f 2752//2752 2753//2753 2754//2754
f 2754//2754 2753//2753 2755//2755
f 2754//2754 2755//2755 2756//2756
f 2756//2756 2755//2755 2757//2757
f 2756//2756 2757//2757 2758//2758
f 2758//2758 2757//2757 2759//2759
f 2758//2758 2759//2759 2760//2760
f 2760//2760 2759//2759 2761//2761
f 2760//2760 2761//2761 2762//2762
f 2762//2762 2761//2761 2763//2763
f 2762//2762 2763//2763 2764//2764
f 2764//2764 2763//2763 2765//2765
f 2764//2764 2765//2765 2766//2766
f 2766//2766 2765//2765 2767//2767
f 2766//2766 2767//2767 2768//2768
f 2768//2768 2767//2767 2769//2769
f 2768//2768 2769//2769 2770//2770
f 2770//2770 2769//2769 2771//2771
f 2770//2770 2771//2771 2772//2772
f 2772//2772 2771//2771 2773//2773
f 2772//2772 2773//2773 2774//2774
f 2774//2774 2773//2773 2775//2775
f 2774//2774 2775//2775 2776//2776
f 2776//2776 2775//2775 2777//2777
f 2776//2776 2777//2777 2778//2778
f 2778//2778 2777//2777 2779//2779
f 2778//2778 2779//2779 2780//2780
f 2780//2780 2779//2779 2781//2781
f 2780//2780 2781//2781 2782//2782
f 2782//2782 2781//2781 2783//2783
f 2782//2782 2783//2783 2784//2784
f 2784//2784 2783//2783 2785//2785
f 2784//2784 2785//2785 2786//2786
f 2786//2786 2785//2785 2787//2787
f 2786//2786 2787//2787 2788//2788
f 2788//2788 2787//2787 2789//2789
f 2788//2788 2789//2789 2790//2790
f 2790//2790 2789//2789 2791//2791
f 2790//2790 2791//2791 2792//2792
f 2792//2792 2791//2791 2793//2793
f 2792//2792 2793//2793 2794//2794
f 2794//2794 2793//2793 2795//2795
f 2794//2794 2795//2795 2796//2796
f 2796//2796 2795//2795 2797//2797
f 2796//2796 2797//2797 2798//2798
f 2798//2798 2797//2797 2799//2799
f 2798//2798 2799//2799 2800//2800
f 2800//2800 2799//2799 2801//2801
f 2800//2800 2801//2801 2802//2802
f 2802//2802 2801//2801 2803//2803
f 2802//2802 2803//2803 2804//2804
f 2804//2804 2803//2803 2805//2805
f 2804//2804 2805//2805 2806//2806
f 2806//2806 2805//2805 2807//2807
f 2806//2806 2807//2807 2808//2808
f 2808//2808 2807//2807 2809//2809
f 2808//2808 2809//2809 2810//2810
f 2810//2810 2809//2809 2811//2811
f 2810//2810 2811//2811 2812//2812
f 2812//2812 2811//2811 2813//2813
f 2812//2812 2813//2813 2814//2814
f 2814//2814 2813//2813 2815//2815
f 2814//2814 2815//2815 2816//2816
f 2816//2816 2815//2815 2817//2817
f 2816//2816 2817//2817 2818//2818
f 2818//2818 2817//2817 2819//2819
f 2818//2818 2819//2819 2820//2820
f 2820//2820 2819//2819 2821//2821
f 2820//2820 2821//2821 2822//2822
f 2822//2822 2821//2821 2823//2823
f 2822//2822 2823//2823 2824//2824
f 2824//2824 2823//2823 2825//2825
f 2824//2824 2825//2825 2826//2826
f 2826//2826 2825//2825 2827//2827
f 2826//2826 2827//2827 2828//2828
f 2828//2828 2827//2827 2829//2829
f 2828//2828 2829//2829 2830//2830
f 2830//2830 2829//2829 2831//2831
f 2830//2830 2831//2831 2832//2832
f 2832//2832 2831//2831 2833//2833
f 2832//2832 2833//2833 2834//2834
f 2834//2834 2833//2833 2835//2835
f 2834//2834 2835//2835 2836//2836
f 2836//2836 2835//2835 2837//2837
f 2836//2836 2837//2837 2838//2838
f 2838//2838 2837//2837 2839//2839
f 2838//2838 2839//2839 2840//2840
f 2840//2840 2839//2839 2841//2841
f 2840//2840 2841//2841 2842//2842
f 2842//2842 2841//2841 2843//2843
f 2842//2842 2843//2843 2844//2844
f 2844//2844 2843//2843 2845//2845
f 2844//2844 2845//2845 2846//2846
f 2846//2846 2845//2845 2847//2847
f 2846//2846 2847//2847 2848//2848
f 2848//2848 2847//2847 2849//2849
f 2848//2848 2849//2849 2850//2850
f 2850//2850 2849//2849 2851//2851
f 2850//2850 2851//2851 2852//2852
f 2852//2852 2851//2851 2853//2853
f 2852//2852 2853//2853 2854//2854
f 2854//2854 2853//2853 2855//2855
f 2854//2854 2855//2855 2856//2856
f 2856//2856 2855//2855 2857//2857
f 2856//2856 2857//2857 2858//2858
f 2858//2858 2857//2857 2859//2859
f 2858//2858 2859//2859 2860//2860
f 2860//2860 2859//2859 2861//2861
f 2860//2860 2861//2861 2862//2862
f 2862//2862 2861//2861 2863//2863
f 2862//2862 2863//2863 2864//2864
f 2864//2864 2863//2863 2865//2865
f 2864//2864 2865//2865 2866//2866
f 2866//2866 2865//2865 2867//2867
f 2866//2866 2867//2867 2868//2868
f 2868//2868 2867//2867 2869//2869
f 2868//2868 2869//2869 2870//2870
f 2870//2870 2869//2869 2871//2871
f 2870//2870 2871//2871 2872//2872
f 2872//2872 2871//2871 2873//2873
f 2872//2872 2873//2873 2874//2874
f 2874//2874 2873//2873 2875//2875
f 2874//2874 2875//2875 2876//2876
f 2876//2876 2875//2875 2877//2877
f 2876//2876 2877//2877 2878//2878
f 2878//2878 2877//2877 2879//2879
f 2878//2878 2879//2879 2880//2880
f 2880//2880 2879//2879 2881//2881
f 2880//2880 2881//2881 2882//2882
f 2882//2882 2881//2881 2883//2883
f 2882//2882 2883//2883 2884//2884
f 2884//2884 2883//2883 2885//2885
f 2884//2884 2885//2885 2886//2886
f 2886//2886 2885//2885 2887//2887
f 2886//2886 2887//2887 2888//2888
f 2888//2888 2887//2887 2889//2889
f 2888//2888 2889//2889 2890//2890
f 2890//2890 2889//2889 2891//2891
f 2890//2890 2891//2891 2892//2892
f 2892//2892 2891//2891 2893//2893
f 2892//2892 2893//2893 2894//2894
f 2894//2894 2893//2893 2895//2895
f 2894//2894 2895//2895 2896//2896
f 2896//2896 2895//2895 2897//2897
f 2896//2896 2897//2897 2898//2898
f 2898//2898 2897//2897 2899//2899
f 2898//2898 2899//2899 2900//2900
f 2900//2900 2899//2899 2901//2901
f 2900//2900 2901//2901 2902//2902
f 2902//2902 2901//2901 2903//2903
f 2902//2902 2903//2903 2904//2904
f 2904//2904 2903//2903 2905//2905
f 2904//2904 2905//2905 2906//2906
f 2906//2906 2905//2905 2907//2907
f 2906//2906 2907//2907 2908//2908
f 2908//2908 2907//2907 2909//2909
f 2908//2908 2909//2909 2910//2910
f 2910//2910 2909//2909 2911//2911
f 2910//2910 2911//2911 2734//2734
f 2734//2734 2911//2911 2735//2735
f 2912//2912 2913//2913 2914//2914
f 2914//2914 2913//2913 2915//2915
f 2914//2914 2915//2915 2916//2916
f 2916//2916 2915//2915 2917//2917
f 2916//2916 2917//2917 2918//2918
f 2918//2918 2917//2917 2919//2919
f 2918//2918 2919//2919 2920//2920
f 2920//2920 2919//2919 2921//2921
f 2920//2920 2921//2921 2922//2922
f 2922//2922 2921//2921 2923//2923
f 2922//2922 2923//2923 2924//2924
f 2924//2924 2923//2923 2925//2925
f 2924//2924 2925//2925 2926//2926
f 2926//2926 2925//2925 2927//2927
f 2926//2926 2927//2927 2928//2928
f 2928//2928 2927//2927 2929//2929
f 2928//2928 2929//2929 2930//2930
f 2930//2930 2929//2929 2931//2931
f 2930//2930 2931//2931 2932//2932
f 2932//2932 2931//2931 2933//2933
f 2932//2932 2933//2933 2934//2934
f 2934//2934 2933//2933 2935//2935
f 2934//2934 2935//2935 2936//2936
f 2936//2936 2935//2935 2937//2937
f 2936//2936 2937//2937 2938//2938
f 2938//2938 2937//2937 2939//2939
f 2938//2938 2939//2939 2940//2940
f 2940//2940 2939//2939 2941//2941
f 2940//2940 2941//2941 2942//2942
f 2942//2942 2941//2941 2943//2943
f 2942//2942 2943//2943 2944//2944
f 2944//2944 2943//2943 2945//2945
f 2944//2944 2945//2945 2946//2946
f 2946//2946 2945//2945 2947//2947
f 2946//2946 2947//2947 2948//2948
f 2948//2948 2947//2947 2949//2949
f 2948//2948 2949//2949 2950//2950
f 2950//2950 2949//2949 2951//2951
f 2950//2950 2951//2951 2952//2952
f 2952//2952 2951//2951 2953//2953
f 2952//2952 2953//2953 2954//2954
f 2954//2954 2953//2953 2955//2955
f 2954//2954 2955//2955 2956//2956
f 2956//2956 2955//2955 2957//2957
f 2956//2956 2957//2957 2958//2958
f 2958//2958 2957//2957 2959//2959
f 2958//2958 2959//2959 2960//2960
f 2960//2960 2959//2959 2961//2961
f 2960//2960 2961//2961 2962//2962
f 2962//2962 2961//2961 2963//2963
f 2962//2962 2963//2963 2964//2964
f 2964//2964 2963//2963 2965//2965
f 2964//2964 2965//2965 2966//2966
f 2966//2966 2965//2965 2967//2967
f 2966//2966 2967//2967 2968//2968
f 2968//2968 2967//2967 2969//2969
f 2968//2968 2969//2969 2970//2970
f 2970//2970 2969//2969 2971//2971
f 2970//2970 2971//2971 2972//2972
f 2972//2972 2971//2971 2973//2973
f 2972//2972 2973//2973 2974//2974
f 2974//2974 2973//2973 2975//2975
f 2974//2974 2975//2975 2976//2976
f 2976//2976 2975//2975 2977//2977
f 2976//2976 2977//2977 2978//2978
f 2978//2978 2977//2977 2979//2979
f 2978//2978 2979//2979 2980//2980
f 2980//2980 2979//2979 2981//2981
f 2980//2980 2981//2981 2982//2982
f 2982//2982 2981//2981 2983//2983
f 2982//2982 2983//2983 2984//2984
f 2984//2984 2983//2983 2985//2985
f 2984//2984 2985//2985 2986//2986
f 2986//2986 2985//2985 2987//2987
f 2986//2986 2987//2987 2988//2988
f 2988//2988 2987//2987 2989//2989
f 2988//2988 2989//2989 2990//2990
f 2990//2990 2989//2989 2991//2991
f 2990//2990 2991//2991 2992//2992
f 2992//2992 2991//2991 2993//2993
f 2992//2992 2993//2993 2994//2994
f 2994//2994 2993//2993 2995//2995
f 2994//2994 2995//2995 2996//2996
f 2996//2996 2995//2995 2997//2997
f 2996//2996 2997//2997 2998//2998
f 2998//2998 2997//2997 2999//2999
f 2998//2998 2999//2999 3000//3000
f 3000//3000 2999//2999 3001//3001
f 3000//3000 3001//3001 3002//3002
f 3002//3002 3001//3001 3003//3003
f 3002//3002 3003//3003 3004//3004
f 3004//3004 3003//3003 3005//3005
f 3004//3004 3005//3005 3006//3006
f 3006//3006 3005//3005 3007//3007
f 3006//3006 3007//3007 3008//3008
f 3008//3008 3007//3007 3009//3009
f 3008//3008 3009//3009 3010//3010
f 3010//3010 3009//3009 3011//3011
f 3010//3010 3011//3011 3012//3012
f 3012//3012 3011//3011 3013//3013
f 3012//3012 3013//3013 3014//3014
f 3014//3014 3013//3013 3015//3015
f 3014//3014 3015//3015 3016//3016
f 3016//3016 3015//3015 3017//3017
f 3016//3016 3017//3017 3018//3018
f 3018//3018 3017//3017 3019//3019
f 3018//3018 3019//3019 3020//3020
f 3020//3020 3019//3019 3021//3021
f 3020//3020 3021//3021 3022//3022
f 3022//3022 3021//3021 3023//3023
f 3022//3022 3023//3023 3024//3024
f 3024//3024 3023//3023 3025//3025
f 3024//3024 3025//3025 3026//3026
f 3026//3026 3025//3025 3027//3027
f 3026//3026 3027//3027 3028//3028
f 3028//3028 3027//3027 3029//3029
f 3028//3028 3029//3029 3030//3030
f 3030//3030 3029//3029 3031//3031
f 3030//3030 3031//3031 3032//3032
f 3032//3032 3031//3031 3033//3033
f 3032//3032 3033//3033 3034//3034
f 3034//3034 3033//3033 3035//3035
f 3034//3034 3035//3035 3036//3036
f 3036//3036 3035//3035 3037//3037
f 3036//3036 3037//3037 3038//3038
f 3038//3038 3037//3037 3039//3039
f 3038//3038 3039//3039 3040//3040
f 3040//3040 3039//3039 3041//3041
f 3040//3040 3041//3041 3042//3042
f 3042//3042 3041//3041 3043//3043
f 3042//3042 3043//3043 3044//3044
f 3044//3044 3043//3043 3045//3045
f 3044//3044 3045//3045 3046//3046
f 3046//3046 3045//3045 3047//3047
f 3046//3046 3047//3047 3048//3048
f 3048//3048 3047//3047 3049//3049
f 3048//3048 3049//3049 3050//3050
f 3050//3050 3049//3049 3051//3051
f 3050//3050 3051//3051 3052//3052
f 3052//3052 3051//3051 3053//3053
f 3052//3052 3053//3053 3054//3054
f 3054//3054 3053//3053 3055//3055
f 3054//3054 3055//3055 3056//3056
f 3056//3056 3055//3055 3057//3057
f 3056//3056 3057//3057 3058//3058
f 3058//3058 3057//3057 3059//3059
f 3058//3058 3059//3059 3060//3060
f 3060//3060 3059//3059 3061//3061
f 3060//3060 3061//3061 3062//3062
f 3062//3062 3061//3061 3063//3063
f 3062//3062 3063//3063 3064//3064
f 3064//3064 3063//3063 3065//3065
f 3064//3064 3065//3065 3066//3066
f 3066//3066 3065//3065 3067//3067
f 3066//3066 3067//3067 3068//3068
f 3068//3068 3067//3067 3069//3069
f 3068//3068 3069//3069 3070//3070
f 3070//3070 3069//3069 3071//3071
f 3070//3070 3071//3071 3072//3072
f 3072//3072 3071//3071 3073//3073
f 3072//3072 3073//3073 3074//3074
f 3074//3074 3073//3073 3075//3075
f 3074//3074 3075//3075 3076//3076
f 3076//3076 3075//3075 3077//3077
f 3076//3076 3077//3077 3078//3078
f 3078//3078 3077//3077 3079//3079
f 3078//3078 3079//3079 3080//3080
f 3080//3080 3079//3079 3081//3081
f 3080//3080 3081//3081 3082//3082
f 3082//3082 3081//3081 3083//3083
f 3082//3082 3083//3083 3084//3084
f 3084//3084 3083//3083 3085//3085
f 3084//3084 3085//3085 3086//3086
f 3086//3086 3085//3085 3087//3087
f 3086//3086 3087//3087 3088//3088
f 3088//3088 3087//3087 3089//3089
f 3088//3088 3089//3089 2912//2912
f 2912//2912 3089//3089 2913//2913
f 3090//3090 3091//3091 3092//3092
f 3092//3092 3091//3091 3093//3093
f 3092//3092 3093//3093 3094//3094
f 3094//3094 3093//3093 3095//3095
f 3094//3094 3095//3095 3096//3096
f 3096//3096 3095//3095 3097//3097
f 3096//3096 3097//3097 3098//3098
f 3098//3098 3097//3097 3099//3099
f 3098//3098 3099//3099 3100//3100
f 3100//3100 3099//3099 3101//3101
f 3100//3100 3101//3101 3102//3102
f 3102//3102 3101//3101 3103//3103
f 3102//3102 3103//3103 3104//3104
f 3104//3104 3103//3103 3105//3105
f 3104//3104 3105//3105 3106//3106
f 3106//3106 3105//3105 3107//3107
f 3106//3106 3107//3107 3108//3108
f 3108//3108 3107//3107 3109//3109
f 3108//3108 3109//3109 3110//3110
f 3110//3110 3109//3109 3111//3111
f 3110//3110 3111//3111 3112//3112
f 3112//3112 3111//3111 3113//3113
f 3112//3112 3113//3113 3114//3114
f 3114//3114 3113//3113 3115//3115
f 3114//3114 3115//3115 3116//3116
f 3116//3116 3115//3115 3117//3117
f 3116//3116 3117//3117 3118//3118
f 3118//3118 3117//3117 3119//3119
f 3118//3118 3119//3119 3120//3120
f 3120//3120 3119//3119 3121//3121
f 3120//3120 3121//3121 3122//3122
f 3122//3122 3121//3121 3123//3123
f 3122//3122 3123//3123 3124//3124
f 3124//3124 3123//3123 3125//3125
f 3124//3124 3125//3125 3126//3126
f 3126//3126 3125//3125 3127//3127
f 3126//3126 3127//3127 3128//3128
f 3128//3128 3127//3127 3129//3129
f 3128//3128 3129//3129 3130//3130
f 3130//3130 3129//3129 3131//3131
f 3130//3130 3131//3131 3132//3132
f 3132//3132 3131//3131 3133//3133
f 3132//3132 3133//3133 3134//3134
f 3134//3134 3133//3133 3135//3135
f 3134//3134 3135//3135 3136//3136
f 3136//3136 3135//3135 3137//3137
f 3136//3136 3137//3137 3138//3138
f 3138//3138 3137//3137 3139//3139
f 3138//3138 3139//3139 3140//3140
f 3140//3140 3139//3139 3141//3141
f 3140//3140 3141//3141 3142//3142
f 3142//3142 3141//3141 3143//3143
f 3142//3142 3143//3143 3144//3144
f 3144//3144 3143//3143 3145//3145
f 3144//3144 3145//3145 3146//3146
f 3146//3146 3145//3145 3147//3147
f 3146//3146 3147//3147 3148//3148
f 3148//3148 3147//3147 3149//3149
f 3148//3148 3149//3149 3150//3150
f 3150//3150 3149//3149 3151//3151
f 3150//3150 3151//3151 3152//3152
f 3152//3152 3151//3151 3153//3153
f 3152//3152 3153//3153 3154//3154
f 3154//3154 3153//3153 3155//3155
f 3154//3154 3155//3155 3156//3156
f 3156//3156 3155//3155 3157//3157
f 3156//3156 3157//3157 3158//3158
f 3158//3158 3157//3157 3159//3159
f 3158//3158 3159//3159 3160//3160
f 3160//3160 3159//3159 3161//3161
f 3160//3160 3161//3161 3162//3162
f 3162//3162 3161//3161 3163//3163
f 3162//3162 3163//3163 3164//3164
f 3164//3164 3163//3163 3165//3165
f 3164//3164 3165//3165 3166//3166
f 3166//3166 3165//3165 3167//3167
f 3166//3166 3167//3167 3168//3168
f 3168//3168 3167//3167 3169//3169
f 3168//3168 3169//3169 3170//3170
f 3170//3170 3169//3169 3171//3171
f 3170//3170 3171//3171 3172//3172
f 3172//3172 3171//3171 3173//3173
f 3172//3172 3173//3173 3174//3174
f 3174//3174 3173//3173 3175//3175
f 3174//3174 3175//3175 3176//3176
f 3176//3176 3175//3175 3177//3177
f 3176//3176 3177//3177 3178//3178
f 3178//3178 3177//3177 3179//3179
f 3178//3178 3179//3179 3180//3180
f 3180//3180 3179//3179 3181//3181
f 3180//3180 3181//3181 3182//3182
f 3182//3182 3181//3181 3183//3183
f 3182//3182 3183//3183 3184//3184
f 3184//3184 3183//3183 3185//3185
f 3184//3184 3185//3185 3186//3186
f 3186//3186 3185//3185 3187//3187
f 3186//3186 3187//3187 3188//3188
f 3188//3188 3187//3187 3189//3189
f 3188//3188 3189//3189 3190//3190
f 3190//3190 3189//3189 3191//3191
f 3190//3190 3191//3191 3192//3192
f 3192//3192 3191//3191 3193//3193
f 3192//3192 3193//3193 3194//3194
f 3194//3194 3193//3193 3195//3195
f 3194//3194 3195//3195 3196//3196
f 3196//3196 3195//3195 3197//3197
f 3196//3196 3197//3197 3198//3198
f 3198//3198 3197//3197 3199//3199
f 3198//3198 3199//3199 3200//3200
f 3200//3200 3199//3199 3201//3201
f 3200//3200 3201//3201 3202//3202
f 3202//3202 3201//3201 3203//3203
f 3202//3202 3203//3203 3204//3204
f 3204//3204 3203//3203 3205//3205
f 3204//3204 3205//3205 3206//3206
f 3206//3206 3205//3205 3207//3207
f 3206//3206 3207//3207 3208//3208
f 3208//3208 3207//3207 3209//3209
f 3208//3208 3209//3209 3210//3210
f 3210//3210 3209//3209 3211//3211
f 3210//3210 3211//3211 3212//3212
f 3212//3212 3211//3211 3213//3213
f 3212//3212 3213//3213 3214//3214
f 3214//3214 3213//3213 3215//3215
f 3214//3214 3215//3215 3216//3216
f 3216//3216 3215//3215 3217//3217
f 3216//3216 3217//3217 3218//3218
f 3218//3218 3217//3217 3219//3219
f 3218//3218 3219//3219 3220//3220
f 3220//3220 3219//3219 3221//3221
f 3220//3220 3221//3221 3222//3222
f 3222//3222 3221//3221 3223//3223
f 3222//3222 3223//3223 3224//3224
f 3224//3224 3223//3223 3225//3225
f 3224//3224 3225//3225 3226//3226
f 3226//3226 3225//3225 3227//3227
f 3226//3226 3227//3227 3228//3228
f 3228//3228 3227//3227 3229//3229
f 3228//3228 3229//3229 3230//3230
f 3230//3230 3229//3229 3231//3231
f 3230//3230 3231//3231 3232//3232
f 3232//3232 3231//3231 3233//3233
f 3232//3232 3233//3233 3234//3234
f 3234//3234 3233//3233 3235//3235
f 3234//3234 3235//3235 3236//3236
f 3236//3236 3235//3235 3237//3237
f 3236//3236 3237//3237 3238//3238
f 3238//3238 3237//3237 3239//3239
f 3238//3238 3239//3239 3240//3240
f 3240//3240 3239//3239 3241//3241
f 3240//3240 3241//3241 3242//3242
f 3242//3242 3241//3241 3243//3243
f 3242//3242 3243//3243 3244//3244
f 3244//3244 3243//3243 3245//3245
f 3244//3244 3245//3245 3246//3246
f 3246//3246 3245//3245 3247//3247
f 3246//3246 3247//3247 3248//3248
f 3248//3248 3247//3247 3249//3249
f 3248//3248 3249//3249 3250//3250
f 3250//3250 3249//3249 3251//3251
f 3250//3250 3251//3251 3252//3252
f 3252//3252 3251//3251 3253//3253
f 3252//3252 3253//3253 3254//3254
f 3254//3254 3253//3253 3255//3255
f 3254//3254 3255//3255 3256//3256
f 3256//3256 3255//3255 3257//3257
f 3256//3256 3257//3257 3258//3258
f 3258//3258 3257//3257 3259//3259
f 3258//3258 3259//3259 3260//3260
f 3260//3260 3259//3259 3261//3261
f 3260//3260 3261//3261 3262//3262
f 3262//3262 3261//3261 3263//3263
f 3262//3262 3263//3263 3264//3264
f 3264//3264 3263//3263 3265//3265
f 3264//3264 3265//3265 3266//3266
f 3266//3266 3265//3265 3267//3267
f 3266//3266 3267//3267 3090//3090
f 3090//3090 3267//3267 3091//3091
f 3268//3268 3269//3269 3270//3270
f 3270//3270 3271//3271 3268//3268
f 3268//3268 3271//3271 3272//3272
f 3268//3268 3272//3272 3273//3273
f 3273//3273 3274//3274 3268//3268
f 3268//3268 3274//3274 3275//3275
f 3268//3268 3275//3275 3276//3276
f 3277//3277 3279//3279 3280//3280
f 3280//3280 3279//3279 3281//3281
f 3280//3280 3268//3268 3282//3282
f 3282//3282 3268//3268 3276//3276
f 3283//3283 3284//3284 3285//3285
f 3285//3285 3284//3284 3286//3286
f 3285//3285 3286//3286 3287//3287
f 3288//3288 3289//3289 3290//3290
f 3288//3288 3290//3290 3291//3291
f 3291//3291 3290//3290 3292//3292
f 3291//3291 3292//3292 3293//3293
f 3293//3293 3292//3292 3294//3294
f 3293//3293 3294//3294 3295//3295
f 3295//3295 3294//3294 3296//3296
f 3295//3295 3296//3296 3297//3297
f 3297//3297 3296//3296 3298//3298
f 3297//3297 3298//3298 3299//3299
f 3299//3299 3298//3298 3300//3300
f 3299//3299 3300//3300 3301//3301
f 3301//3301 3300//3300 3302//3302
f 3301//3301 3302//3302 3303//3303
f 3303//3303 3302//3302 3304//3304
f 3303//3303 3304//3304 3305//3305
f 3305//3305 3304//3304 3306//3306
f 3305//3305 3306//3306 3308//3308
f 3307//3307 3309//3309 3310//3310
f 3307//3307 3310//3310 3311//3311
f 3312//3312 3313//3313 3314//3314
f 3312//3312 3314//3314 3315//3315
f 3315//3315 3314//3314 3316//3316
f 3315//3315 3316//3316 3317//3317
f 3317//3317 3316//3316 3318//3318
f 3317//3317 3318//3318 3319//3319
f 3319//3319 3318//3318 3320//3320
f 3319//3319 3320//3320 3321//3321
f 3321//3321 3320//3320 3322//3322
f 3321//3321 3322//3322 3323//3323
f 3323//3323 3322//3322 3324//3324
f 3323//3323 3324//3324 3278//3278
f 3277//3277 3325//3325 3279//3279
f 3326//3326 3327//3327 3283//3283
f 3283//3283 3327//3327 3284//3284
f 3328//3328 3329//3329 3330//3330
f 3330//3330 3329//3329 3331//3331
f 3330//3330 3331//3331 3332//3332
f 3332//3332 3331//3331 3333//3333
f 3332//3332 3333//3333 3334//3334
f 3334//3334 3333//3333 3335//3335
f 3334//3334 3335//3335 3336//3336
f 3336//3336 3335//3335 3337//3337
f 3336//3336 3337//3337 3338//3338
f 3338//3338 3337//3337 3339//3339
f 3338//3338 3339//3339 3340//3340
f 3340//3340 3339//3339 3341//3341
f 3340//3340 3341//3341 3342//3342
f 3342//3342 3341//3341 3343//3343
f 3342//3342 3343//3343 3344//3344
f 3344//3344 3343//3343 3345//3345
f 3344//3344 3345//3345 3346//3346
f 3346//3346 3345//3345 3347//3347
f 3346//3346 3347//3347 3326//3326
f 3326//3326 3347//3347 3327//3327
f 3329//3329 3328//3328 3348//3348
f 3329//3329 3348//3348 3349//3349
f 3349//3349 3348//3348 3350//3350
f 3349//3349 3350//3350 3351//3351
f 3351//3351 3350//3350 3352//3352
f 3351//3351 3352//3352 3353//3353
f 3353//3353 3352//3352 3354//3354
f 3353//3353 3354//3354 3355//3355
f 3355//3355 3354//3354 3356//3356
f 3355//3355 3356//3356 3357//3357
f 3357//3357 3356//3356 3358//3358
f 3357//3357 3358//3358 3359//3359
f 3359//3359 3358//3358 3360//3360
f 3359//3359 3360//3360 3361//3361
f 3361//3361 3360//3360 3362//3362
f 3361//3361 3362//3362 3363//3363
f 3363//3363 3362//3362 3364//3364
f 3363//3363 3364//3364 3365//3365
f 3365//3365 3364//3364 3366//3366
f 3365//3365 3366//3366 3367//3367
f 3367//3367 3366//3366 3368//3368
f 3367//3367 3368//3368 3369//3369
f 3369//3369 3368//3368 3370//3370
f 3369//3369 3370//3370 3371//3371
f 3371//3371 3370//3370 3372//3372
f 3371//3371 3372//3372 3373//3373
f 3373//3373 3372//3372 3374//3374
f 3373//3373 3374//3374 3375//3375
f 3375//3375 3374//3374 3376//3376
f 3375//3375 3376//3376 3377//3377
f 3377//3377 3376//3376 3378//3378
f 3377//3377 3378//3378 3379//3379
f 3379//3379 3378//3378 3380//3380
f 3379//3379 3380//3380 3381//3381
f 3381//3381 3380//3380 3382//3382
f 3381//3381 3382//3382 3383//3383
f 3383//3383 3382//3382 3384//3384
f 3383//3383 3384//3384 3385//3385
f 3385//3385 3384//3384 3386//3386
f 3385//3385 3386//3386 3387//3387
f 3387//3387 3386//3386 3388//3388
f 3387//3387 3388//3388 3389//3389
f 3389//3389 3388//3388 3390//3390
f 3389//3389 3390//3390 3391//3391
f 3391//3391 3390//3390 3392//3392
f 3391//3391 3392//3392 3393//3393
f 3393//3393 3392//3392 3394//3394
f 3393//3393 3394//3394 3395//3395
f 3395//3395 3394//3394 3396//3396
f 3395//3395 3396//3396 3397//3397
f 3397//3397 3396//3396 3398//3398
f 3397//3397 3398//3398 3399//3399
f 3399//3399 3398//3398 3400//3400
f 3399//3399 3400//3400 3401//3401
f 3401//3401 3400//3400 3402//3402
f 3401//3401 3402//3402 3403//3403
f 3403//3403 3402//3402 3404//3404
f 3403//3403 3404//3404 3405//3405
f 3405//3405 3404//3404 3406//3406
f 3405//3405 3406//3406 3407//3407
f 3407//3407 3406//3406 3408//3408
f 3407//3407 3408//3408 3409//3409
f 3409//3409 3408//3408 3410//3410
f 3409//3409 3410//3410 3411//3411
f 3411//3411 3410//3410 3412//3412
f 3411//3411 3412//3412 3413//3413
f 3413//3413 3412//3412 3414//3414
f 3413//3413 3414//3414 3415//3415
f 3415//3415 3414//3414 3416//3416
f 3415//3415 3416//3416 3417//3417
f 3417//3417 3416//3416 3418//3418
f 3417//3417 3418//3418 3419//3419
f 3419//3419 3418//3418 3420//3420
f 3419//3419 3420//3420 3421//3421
f 3421//3421 3420//3420 3422//3422
f 3421//3421 3422//3422 3423//3423
f 3423//3423 3422//3422 3424//3424
f 3423//3423 3424//3424 3425//3425
f 3425//3425 3424//3424 3426//3426
f 3425//3425 3426//3426 3427//3427
f 3427//3427 3426//3426 3428//3428
f 3427//3427 3428//3428 3429//3429
f 3429//3429 3428//3428 3430//3430
f 3429//3429 3430//3430 3431//3431
f 3431//3431 3430//3430 3432//3432
f 3431//3431 3432//3432 3433//3433
f 3433//3433 3432//3432 3434//3434
f 3433//3433 3434//3434 3435//3435
f 3435//3435 3434//3434 3436//3436
f 3435//3435 3436//3436 3437//3437
f 3437//3437 3436//3436 3438//3438
f 3437//3437 3438//3438 3439//3439
f 3439//3439 3438//3438 3440//3440
f 3439//3439 3440//3440 3441//3441
f 3441//3441 3440//3440 3442//3442
f 3441//3441 3442//3442 3443//3443
f 3443//3443 3442//3442 3444//3444
f 3443//3443 3444//3444 3445//3445
f 3445//3445 3444//3444 3446//3446
f 3445//3445 3446//3446 3447//3447
f 3447//3447 3446//3446 3448//3448
f 3447//3447 3448//3448 3449//3449
f 3449//3449 3448//3448 3450//3450
f 3449//3449 3450//3450 3451//3451
f 3451//3451 3450//3450 3452//3452
f 3451//3451 3452//3452 3453//3453
f 3453//3453 3452//3452 3454//3454
f 3453//3453 3454//3454 3455//3455
f 3455//3455 3454//3454 3456//3456
f 3455//3455 3456//3456 3457//3457
f 3457//3457 3456//3456 3458//3458
f 3457//3457 3458//3458 3459//3459
f 3459//3459 3458//3458 3460//3460
f 3459//3459 3460//3460 3461//3461
f 3461//3461 3460//3460 3462//3462
f 3461//3461 3462//3462 3463//3463
f 3463//3463 3462//3462 3464//3464
f 3463//3463 3464//3464 3465//3465
f 3465//3465 3464//3464 3466//3466
f 3465//3465 3466//3466 3467//3467
f 3467//3467 3466//3466 3468//3468
f 3467//3467 3468//3468 3469//3469
f 3469//3469 3468//3468 3470//3470
f 3469//3469 3470//3470 3471//3471
f 3471//3471 3470//3470 3472//3472
f 3471//3471 3472//3472 3473//3473
f 3473//3473 3472//3472 3474//3474
f 3473//3473 3474//3474 3475//3475
f 3475//3475 3474//3474 3476//3476
f 3475//3475 3476//3476 3477//3477
f 3477//3477 3476//3476 3478//3478
f 3477//3477 3478//3478 3479//3479
f 3479//3479 3478//3478 3480//3480
f 3479//3479 3480//3480 3481//3481
f 3481//3481 3480//3480 3482//3482
f 3481//3481 3482//3482 3483//3483
f 3483//3483 3482//3482 3484//3484
f 3483//3483 3484//3484 3485//3485
f 3486//3486 3487//3487 3488//3488
f 3488//3488 3487//3487 3489//3489
f 3488//3488 3489//3489 3490//3490
f 3490//3490 3489//3489 3491//3491
f 3490//3490 3491//3491 3492//3492
f 3492//3492 3491//3491 3493//3493
f 3492//3492 3493//3493 3494//3494
f 3494//3494 3493//3493 3495//3495
f 3494//3494 3495//3495 3496//3496
f 3496//3496 3495//3495 3497//3497
f 3496//3496 3497//3497 3498//3498
f 3498//3498 3497//3497 3499//3499
f 3498//3498 3499//3499 3500//3500
f 3500//3500 3499//3499 3501//3501
f 3500//3500 3501//3501 3502//3502
f 3502//3502 3501//3501 3503//3503
f 3502//3502 3503//3503 3504//3504
f 3504//3504 3503//3503 3505//3505
f 3504//3504 3505//3505 3484//3484
f 3484//3484 3505//3505 3485//3485
f 3506//3506 3507//3507 3486//3486
f 3486//3486 3507//3507 3487//3487
f 3508//3508 3509//3509 3510//3510
f 3510//3510 3509//3509 3511//3511
f 3510//3510 3511//3511 3512//3512
f 3512//3512 3511//3511 3513//3513
f 3512//3512 3513//3513 3514//3514
f 3514//3514 3513//3513 3515//3515
f 3514//3514 3515//3515 3516//3516
f 3516//3516 3515//3515 3517//3517
f 3516//3516 3517//3517 3518//3518
f 3518//3518 3517//3517 3519//3519
f 3518//3518 3520//3520 3521//3521
f 3521//3521 3520//3520 3522//3522
f 3521//3521 3522//3522 3523//3523
f 3523//3523 3522//3522 3524//3524
f 3523//3523 3524//3524 3525//3525
f 3525//3525 3524//3524 3526//3526
f 3525//3525 3526//3526 3527//3527
f 3527//3527 3526//3526 3528//3528
f 3527//3527 3528//3528 3506//3506
f 3506//3506 3528//3528 3507//3507
f 3509//3509 3508//3508 3529//3529
f 3509//3509 3529//3529 3530//3530
f 3530//3530 3529//3529 3531//3531
f 3530//3530 3531//3531 3532//3532
f 3532//3532 3531//3531 3533//3533
f 3532//3532 3533//3533 3534//3534
f 3534//3534 3533//3533 3535//3535
f 3534//3534 3535//3535 3536//3536
f 3536//3536 3535//3535 3537//3537
f 3536//3536 3537//3537 3538//3538
f 3538//3538 3537//3537 3539//3539
f 3538//3538 3539//3539 3540//3540
f 3540//3540 3539//3539 3541//3541
f 3540//3540 3541//3541 3542//3542
f 3542//3542 3541//3541 3543//3543
f 3542//3542 3543//3543 3544//3544
f 3544//3544 3543//3543 3545//3545
f 3544//3544 3545//3545 3546//3546
f 3546//3546 3545//3545 3547//3547
f 3546//3546 3547//3547 3548//3548
f 3548//3548 3547//3547 3549//3549
f 3548//3548 3549//3549 3550//3550
f 3550//3550 3549//3549 3551//3551
f 3550//3550 3551//3551 3552//3552
f 3552//3552 3551//3551 3553//3553
f 3552//3552 3553//3553 3554//3554
f 3554//3554 3553//3553 3555//3555
f 3554//3554 3555//3555 3556//3556
f 3556//3556 3555//3555 3557//3557
f 3556//3556 3557//3557 3558//3558
f 3558//3558 3557//3557 3559//3559
f 3558//3558 3559//3559 3560//3560
f 3560//3560 3559//3559 3561//3561
f 3560//3560 3561//3561 3562//3562
f 3562//3562 3561//3561 3563//3563
f 3562//3562 3563//3563 3564//3564
f 3564//3564 3563//3563 3565//3565
f 3564//3564 3565//3565 3566//3566
f 3566//3566 3565//3565 3567//3567
f 3566//3566 3567//3567 3568//3568
f 3568//3568 3567//3567 3569//3569
f 3568//3568 3569//3569 3570//3570
f 3570//3570 3569//3569 3571//3571
f 3570//3570 3571//3571 3572//3572
f 3572//3572 3571//3571 3573//3573
f 3572//3572 3573//3573 3574//3574
f 3574//3574 3573//3573 3575//3575
f 3574//3574 3575//3575 3576//3576
f 3576//3576 3575//3575 3577//3577
f 3576//3576 3577//3577 3578//3578
f 3578//3578 3577//3577 3579//3579
f 3578//3578 3579//3579 3580//3580
f 3580//3580 3579//3579 3581//3581
f 3580//3580 3581//3581 3582//3582
f 3582//3582 3581//3581 3583//3583
f 3582//3582 3583//3583 3584//3584
f 3584//3584 3583//3583 3585//3585
f 3584//3584 3585//3585 3586//3586
f 3586//3586 3585//3585 3587//3587
f 3586//3586 3587//3587 3588//3588
f 3588//3588 3587//3587 3589//3589
f 3588//3588 3589//3589 3590//3590
f 3590//3590 3589//3589 3591//3591
f 3590//3590 3591//3591 3592//3592
f 3592//3592 3591//3591 3593//3593
f 3592//3592 3593//3593 3594//3594
f 3594//3594 3593//3593 3595//3595
f 3594//3594 3595//3595 3596//3596
f 3596//3596 3595//3595 3597//3597
f 3596//3596 3597//3597 3598//3598
f 3598//3598 3597//3597 3599//3599
f 3598//3598 3599//3599 3600//3600
f 3600//3600 3599//3599 3601//3601
f 3600//3600 3601//3601 3602//3602
f 3602//3602 3601//3601 3603//3603
f 3602//3602 3603//3603 3604//3604
f 3604//3604 3603//3603 3605//3605
f 3604//3604 3605//3605 3606//3606
f 3606//3606 3605//3605 3607//3607
f 3606//3606 3607//3607 3608//3608
f 3608//3608 3607//3607 3609//3609
f 3608//3608 3609//3609 3610//3610
f 3610//3610 3609//3609 3611//3611
f 3610//3610 3611//3611 3612//3612
f 3612//3612 3611//3611 3613//3613
f 3612//3612 3613//3613 3614//3614
f 3614//3614 3613//3613 3615//3615
f 3614//3614 3615//3615 3616//3616
f 3616//3616 3615//3615 3617//3617
f 3616//3616 3617//3617 3618//3618
f 3618//3618 3617//3617 3619//3619
f 3618//3618 3619//3619 3620//3620
f 3620//3620 3619//3619 3621//3621
f 3620//3620 3621//3621 3622//3622
f 3622//3622 3621//3621 3623//3623
f 3624//3624 3623//3623 3625//3625
f 3625//3625 3623//3623 3626//3626
f 3625//3625 3626//3626 3628//3628
f 3629//3629 3630//3630 3631//3631
f 3631//3631 3630//3630 3632//3632
f 3631//3631 3632//3632 3633//3633
f 3633//3633 3632//3632 3634//3634
f 3633//3633 3634//3634 3635//3635
f 3635//3635 3634//3634 3636//3636
f 3635//3635 3636//3636 3637//3637
f 3637//3637 3636//3636 3638//3638
f 3637//3637 3638//3638 3639//3639
f 3639//3639 3638//3638 3640//3640
f 3639//3639 3640//3640 3641//3641
f 3641//3641 3640//3640 3642//3642
f 3641//3641 3642//3642 3643//3643
f 3643//3643 3642//3642 3644//3644
f 3643//3643 3644//3644 3645//3645
f 3645//3645 3644//3644 3646//3646
f 3645//3645 3646//3646 3647//3647
f 3647//3647 3646//3646 3648//3648
f 3647//3647 3648//3648 3649//3649
f 3649//3649 3648//3648 3650//3650
f 3649//3649 3650//3650 3651//3651
f 3651//3651 3650//3650 3652//3652
f 3651//3651 3652//3652 3653//3653
f 3653//3653 3652//3652 3654//3654
f 3653//3653 3655//3655 3656//3656
f 3656//3656 3655//3655 3657//3657
f 3656//3656 3657//3657 3658//3658
f 3658//3658 3657//3657 3659//3659
f 3658//3658 3659//3659 3660//3660
f 3660//3660 3659//3659 3661//3661
f 3660//3660 3661//3661 3662//3662
f 3662//3662 3661//3661 3663//3663
f 3662//3662 3664//3664 3665//3665
f 3665//3665 3664//3664 3666//3666
f 3665//3665 3666//3666 3627//3627
f 3626//3626 3667//3667 3628//3628
f 3668//3668 3630//3630 3669//3669
f 3669//3669 3630//3630 3629//3629
f 3670//3670 3671//3671 3672//3672
f 3672//3672 3671//3671 3673//3673
f 3674//3674 3675//3675 3676//3676
f 3676//3676 3675//3675 3677//3677
f 3678//3678 3679//3679 3680//3680
f 3680//3680 3679//3679 3681//3681
f 3680//3680 3681//3681 3682//3682
f 3682//3682 3681//3681 3683//3683
f 3682//3682 3683//3683 3684//3684
f 3684//3684 3683//3683 3685//3685
f 3684//3684 3685//3685 3686//3686
f 3686//3686 3685//3685 3687//3687
f 3686//3686 3687//3687 3688//3688
f 3688//3688 3687//3687 3689//3689
f 3688//3688 3689//3689 3690//3690
f 3690//3690 3689//3689 3691//3691
f 3690//3690 3691//3691 3692//3692
f 3692//3692 3691//3691 3693//3693
f 3692//3692 3693//3693 3694//3694
f 3694//3694 3693//3693 3695//3695
f 3694//3694 3695//3695 3696//3696
f 3696//3696 3695//3695 3697//3697
f 3696//3696 3697//3697 3698//3698
f 3698//3698 3697//3697 3699//3699
f 3698//3698 3699//3699 3700//3700
f 3700//3700 3699//3699 3701//3701
f 3700//3700 3701//3701 3702//3702
f 3702//3702 3703//3703 3704//3704
f 3702//3702 3704//3704 3705//3705
f 3705//3705 3704//3704 3706//3706
f 3705//3705 3706//3706 3707//3707
f 3707//3707 3706//3706 3708//3708
f 3707//3707 3708//3708 3709//3709
f 3709//3709 3708//3708 3710//3710
f 3709//3709 3710//3710 3711//3711
f 3711//3711 3710//3710 3712//3712
f 3711//3711 3712//3712 3713//3713
f 3713//3713 3712//3712 3714//3714
f 3713//3713 3714//3714 3675//3675
f 3675//3675 3714//3714 3677//3677
f 3715//3715 3716//3716 3717//3717
f 3717//3717 3716//3716 3718//3718
f 3719//3719 3720//3720 3717//3717
f 3717//3717 3720//3720 3721//3721
f 3717//3717 3721//3721 3722//3722
f 3723//3723 3724//3724 3717//3717
f 3717//3717 3724//3724 3725//3725
f 3717//3717 3725//3725 3719//3719
f 3718//3718 3726//3726 3717//3717
f 3717//3717 3726//3726 3727//3727
f 3717//3717 3727//3727 3723//3723
f 3679//3679 3678//3678 3728//3728
f 3679//3679 3728//3728 3729//3729
f 3729//3729 3728//3728 3730//3730
f 3729//3729 3730//3730 3731//3731
f 3731//3731 3730//3730 3732//3732
f 3731//3731 3732//3732 3733//3733
f 3733//3733 3732//3732 3734//3734
f 3733//3733 3734//3734 3735//3735
f 3735//3735 3734//3734 3736//3736
f 3735//3735 3736//3736 3737//3737
f 3737//3737 3736//3736 3738//3738
f 3737//3737 3738//3738 3739//3739
f 3739//3739 3738//3738 3740//3740
f 3739//3739 3740//3740 3741//3741
f 3741//3741 3740//3740 3742//3742
f 3741//3741 3742//3742 3743//3743
f 3743//3743 3742//3742 3744//3744
f 3743//3743 3744//3744 3745//3745
f 3745//3745 3744//3744 3746//3746
f 3745//3745 3746//3746 3747//3747
f 3747//3747 3746//3746 3748//3748
f 3747//3747 3748//3748 3749//3749
f 3749//3749 3748//3748 3750//3750
f 3749//3749 3750//3750 3751//3751
f 3751//3751 3750//3750 3752//3752
f 3751//3751 3752//3752 3753//3753
f 3753//3753 3752//3752 3754//3754
f 3753//3753 3754//3754 3755//3755
f 3755//3755 3754//3754 3756//3756
f 3755//3755 3756//3756 3757//3757
f 3757//3757 3756//3756 3758//3758
f 3757//3757 3758//3758 3759//3759
f 3759//3759 3758//3758 3760//3760
f 3759//3759 3760//3760 3761//3761
f 3761//3761 3760//3760 3762//3762
f 3761//3761 3762//3762 3763//3763
f 3763//3763 3762//3762 3764//3764
f 3763//3763 3764//3764 3765//3765
f 3765//3765 3764//3764 3766//3766
f 3765//3765 3766//3766 3767//3767
f 3767//3767 3766//3766 3768//3768
f 3767//3767 3768//3768 3769//3769
f 3769//3769 3768//3768 3770//3770
f 3769//3769 3770//3770 3771//3771
f 3771//3771 3770//3770 3772//3772
f 3771//3771 3772//3772 3773//3773
f 3773//3773 3772//3772 3774//3774
f 3773//3773 3774//3774 3775//3775
f 3775//3775 3774//3774 3776//3776
f 3775//3775 3776//3776 3777//3777
f 3777//3777 3776//3776 3778//3778
f 3777//3777 3778//3778 3779//3779
f 3779//3779 3778//3778 3780//3780
f 3779//3779 3780//3780 3781//3781
f 3781//3781 3780//3780 3782//3782
f 3781//3781 3782//3782 3783//3783
f 3783//3783 3782//3782 3784//3784
f 3783//3783 3784//3784 3785//3785
f 3785//3785 3784//3784 3786//3786
f 3785//3785 3786//3786 3787//3787
f 3787//3787 3786//3786 3788//3788
f 3787//3787 3788//3788 3789//3789
f 3789//3789 3788//3788 3790//3790
f 3789//3789 3790//3790 3791//3791
f 3791//3791 3790//3790 3792//3792
f 3791//3791 3792//3792 3793//3793
f 3793//3793 3792//3792 3794//3794
f 3793//3793 3794//3794 3795//3795
f 3795//3795 3794//3794 3796//3796
f 3795//3795 3796//3796 3797//3797
f 3797//3797 3796//3796 3798//3798
f 3797//3797 3798//3798 3799//3799
f 3799//3799 3798//3798 3800//3800
f 3799//3799 3800//3800 3801//3801
f 3801//3801 3800//3800 3802//3802
f 3801//3801 3802//3802 3803//3803
f 3803//3803 3802//3802 3804//3804
f 3803//3803 3804//3804 3805//3805
f 3805//3805 3804//3804 3806//3806
f 3805//3805 3806//3806 3807//3807
f 3807//3807 3806//3806 3808//3808
f 3807//3807 3808//3808 3809//3809
f 3809//3809 3808//3808 3810//3810
f 3809//3809 3810//3810 3811//3811
f 3811//3811 3810//3810 3812//3812
f 3811//3811 3812//3812 3813//3813
f 3813//3813 3812//3812 3814//3814
f 3813//3813 3814//3814 3815//3815
f 3815//3815 3814//3814 3816//3816
f 3815//3815 3816//3816 3817//3817
f 3817//3817 3816//3816 3818//3818
f 3817//3817 3818//3818 3819//3819
f 3819//3819 3818//3818 3820//3820
f 3819//3819 3820//3820 3821//3821
f 3821//3821 3820//3820 3822//3822
f 3821//3821 3822//3822 3823//3823
f 3823//3823 3822//3822 3824//3824
f 3823//3823 3824//3824 3825//3825
f 3716//3716 3826//3826 3827//3827
f 3827//3827 3826//3826 3828//3828
f 3827//3827 3829//3829 3831//3831
f 3831//3831 3829//3829 3832//3832
f 3830//3830 3833//3833 3834//3834
f 3834//3834 3833//3833 3835//3835
f 3834//3834 3835//3835 3836//3836
f 3836//3836 3835//3835 3837//3837
f 3836//3836 3837//3837 3838//3838
f 3838//3838 3837//3837 3839//3839
f 3838//3838 3839//3839 3840//3840
f 3840//3840 3839//3839 3841//3841
f 3840//3840 3841//3841 3842//3842
f 3842//3842 3841//3841 3843//3843
f 3842//3842 3843//3843 3844//3844
f 3844//3844 3843//3843 3845//3845
f 3844//3844 3845//3845 3846//3846
f 3846//3846 3845//3845 3847//3847
f 3846//3846 3847//3847 3848//3848
f 3848//3848 3847//3847 3849//3849
f 3848//3848 3849//3849 3850//3850
f 3850//3850 3849//3849 3851//3851
f 3850//3850 3851//3851 3852//3852
f 3852//3852 3851//3851 3853//3853
f 3852//3852 3853//3853 3854//3854
f 3854//3854 3853//3853 3855//3855
f 3854//3854 3856//3856 3857//3857
f 3857//3857 3856//3856 3858//3858
f 3857//3857 3858//3858 3859//3859
f 3859//3859 3858//3858 3860//3860
f 3859//3859 3860//3860 3861//3861
f 3861//3861 3860//3860 3862//3862
f 3861//3861 3862//3862 3863//3863
f 3863//3863 3862//3862 3864//3864
f 3863//3863 3864//3864 3865//3865
f 3865//3865 3864//3864 3866//3866
f 3867//3867 3868//3868 3869//3869
f 3869//3869 3868//3868 3870//3870
f 3869//3869 3870//3870 3871//3871
f 3871//3871 3870//3870 3872//3872
f 3871//3871 3872//3872 3873//3873
f 3873//3873 3872//3872 3874//3874
f 3873//3873 3874//3874 3875//3875
f 3875//3875 3874//3874 3876//3876
f 3875//3875 3876//3876 3877//3877
f 3877//3877 3876//3876 3878//3878
f 3877//3877 3878//3878 3879//3879
f 3879//3879 3878//3878 3880//3880
f 3879//3879 3880//3880 3881//3881
f 3881//3881 3880//3880 3882//3882
f 3881//3881 3882//3882 3883//3883
f 3883//3883 3882//3882 3884//3884
f 3883//3883 3884//3884 3885//3885
f 3885//3885 3884//3884 3886//3886
f 3885//3885 3886//3886 3824//3824
f 3824//3824 3886//3886 3825//3825
f 3887//3887 3888//3888 3866//3866
f 3866//3866 3888//3888 3865//3865
f 3889//3889 3890//3890 3867//3867
f 3867//3867 3890//3890 3868//3868
f 3888//3888 3887//3887 3891//3891
f 3891//3891 3887//3887 3892//3892
f 3891//3891 3892//3892 3893//3893
f 3893//3893 3892//3892 3894//3894
f 3893//3893 3894//3894 3895//3895
f 3895//3895 3894//3894 3896//3896
f 3895//3895 3896//3896 3897//3897
f 3897//3897 3896//3896 3898//3898
f 3897//3897 3898//3898 3899//3899
f 3899//3899 3898//3898 3900//3900
f 3899//3899 3900//3900 3901//3901
f 3901//3901 3900//3900 3902//3902
f 3901//3901 3902//3902 3903//3903
f 3903//3903 3902//3902 3904//3904
f 3903//3903 3904//3904 3905//3905
f 3905//3905 3904//3904 3906//3906
f 3905//3905 3906//3906 3907//3907
f 3907//3907 3906//3906 3908//3908
f 3907//3907 3908//3908 3909//3909
f 3909//3909 3908//3908 3910//3910
f 3911//3911 3912//3912 3913//3913
f 3913//3913 3912//3912 3914//3914
f 3913//3913 3914//3914 3915//3915
f 3915//3915 3914//3914 3916//3916
f 3915//3915 3916//3916 3917//3917
f 3917//3917 3916//3916 3918//3918
f 3917//3917 3918//3918 3919//3919
f 3919//3919 3918//3918 3920//3920
f 3919//3919 3920//3920 3921//3921
f 3921//3921 3920//3920 3922//3922
f 3921//3921 3922//3922 3923//3923
f 3923//3923 3922//3922 3924//3924
f 3923//3923 3924//3924 3925//3925
f 3925//3925 3924//3924 3926//3926
f 3925//3925 3926//3926 3927//3927
f 3927//3927 3926//3926 3928//3928
f 3927//3927 3928//3928 3929//3929
f 3929//3929 3928//3928 3930//3930
f 3929//3929 3930//3930 3889//3889
f 3889//3889 3930//3930 3890//3890
f 3912//3912 3911//3911 3931//3931
f 3912//3912 3931//3931 3932//3932
f 3932//3932 3931//3931 3933//3933
f 3932//3932 3933//3933 3934//3934
f 3934//3934 3933//3933 3935//3935
f 3934//3934 3935//3935 3936//3936
f 3936//3936 3935//3935 3937//3937
f 3936//3936 3937//3937 3938//3938
f 3938//3938 3937//3937 3939//3939
f 3938//3938 3939//3939 3940//3940
f 3940//3940 3939//3939 3941//3941
f 3940//3940 3941//3941 3942//3942
f 3942//3942 3941//3941 3943//3943
f 3942//3942 3943//3943 3944//3944
f 3944//3944 3943//3943 3945//3945
f 3944//3944 3945//3945 3946//3946
f 3946//3946 3945//3945 3947//3947
f 3946//3946 3947//3947 3948//3948
f 3948//3948 3947//3947 3949//3949
f 3948//3948 3949//3949 3950//3950
f 3950//3950 3949//3949 3951//3951
f 3950//3950 3951//3951 3952//3952
f 3952//3952 3951//3951 3953//3953
f 3952//3952 3953//3953 3954//3954
f 3954//3954 3953//3953 3955//3955
f 3954//3954 3955//3955 3956//3956
f 3956//3956 3955//3955 3957//3957
f 3956//3956 3957//3957 3958//3958
f 3958//3958 3957//3957 3959//3959
f 3958//3958 3959//3959 3960//3960
f 3960//3960 3959//3959 3961//3961
f 3960//3960 3961//3961 3962//3962
f 3962//3962 3961//3961 3963//3963
f 3962//3962 3963//3963 3964//3964
f 3964//3964 3963//3963 3965//3965
f 3964//3964 3965//3965 3966//3966
f 3966//3966 3965//3965 3967//3967
f 3966//3966 3967//3967 3968//3968
f 3968//3968 3967//3967 3969//3969
f 3968//3968 3969//3969 3970//3970
f 3970//3970 3969//3969 3971//3971
f 3970//3970 3971//3971 3972//3972
f 3972//3972 3971//3971 3973//3973
f 3972//3972 3973//3973 3974//3974
f 3974//3974 3973//3973 3975//3975
f 3974//3974 3975//3975 3976//3976
f 3976//3976 3975//3975 3977//3977
f 3976//3976 3977//3977 3978//3978
f 3978//3978 3977//3977 3979//3979
f 3978//3978 3979//3979 3980//3980
f 3980//3980 3979//3979 3981//3981
f 3980//3980 3981//3981 3982//3982
f 3982//3982 3981//3981 3983//3983
f 3982//3982 3983//3983 3984//3984
f 3984//3984 3983//3983 3985//3985
f 3984//3984 3985//3985 3986//3986
f 3986//3986 3985//3985 3987//3987
f 3986//3986 3987//3987 3988//3988
f 3988//3988 3987//3987 3989//3989
f 3988//3988 3989//3989 3990//3990
f 3990//3990 3989//3989 3991//3991
f 3990//3990 3991//3991 3992//3992
f 3992//3992 3991//3991 3993//3993
f 3992//3992 3993//3993 3994//3994
f 3994//3994 3993//3993 3995//3995
f 3994//3994 3995//3995 3996//3996
f 3996//3996 3995//3995 3997//3997
f 3996//3996 3997//3997 3998//3998
f 3998//3998 3997//3997 3999//3999
f 3998//3998 3999//3999 4000//4000
f 4000//4000 3999//3999 4001//4001
f 4000//4000 4001//4001 4002//4002
f 4002//4002 4001//4001 4003//4003
f 4002//4002 4003//4003 4004//4004
f 4004//4004 4003//4003 4005//4005
f 4004//4004 4005//4005 4006//4006
f 4006//4006 4005//4005 4007//4007
f 4006//4006 4007//4007 4008//4008
f 4008//4008 4007//4007 4009//4009
f 4008//4008 4009//4009 4010//4010
f 4010//4010 4009//4009 4011//4011
f 4010//4010 4011//4011 4012//4012
f 4012//4012 4011//4011 4013//4013
f 4012//4012 4013//4013 4014//4014
f 4014//4014 4013//4013 4015//4015
f 4014//4014 4015//4015 4016//4016
f 4016//4016 4015//4015 4017//4017
f 4016//4016 4017//4017 4018//4018
f 4018//4018 4017//4017 4019//4019
f 4018//4018 4019//4019 4020//4020
f 4020//4020 4019//4019 4021//4021
f 4020//4020 4021//4021 4022//4022
f 4022//4022 4021//4021 4023//4023
f 4022//4022 4023//4023 4024//4024
f 4024//4024 4023//4023 4025//4025
f 4024//4024 4025//4025 4026//4026
f 4026//4026 4025//4025 4027//4027
f 4026//4026 4027//4027 4028//4028
f 4028//4028 4027//4027 4029//4029
f 4028//4028 4029//4029 4030//4030
f 4030//4030 4029//4029 4031//4031
f 4030//4030 4031//4031 4032//4032
f 4032//4032 4031//4031 4033//4033
f 4032//4032 4033//4033 4034//4034
f 4034//4034 4033//4033 4035//4035
f 4034//4034 4035//4035 4036//4036
f 4036//4036 4035//4035 4037//4037
f 4036//4036 4037//4037 4038//4038
f 4038//4038 4037//4037 4039//4039
f 4038//4038 4039//4039 4040//4040
f 4040//4040 4039//4039 4041//4041
f 4040//4040 4041//4041 4042//4042
f 4042//4042 4041//4041 4043//4043
f 4042//4042 4043//4043 4044//4044
f 4044//4044 4043//4043 4045//4045
f 4044//4044 4045//4045 4046//4046
f 4046//4046 4045//4045 4047//4047
f 4046//4046 4047//4047 4048//4048
f 4048//4048 4047//4047 4049//4049
f 4048//4048 4049//4049 4050//4050
f 4050//4050 4049//4049 4051//4051
f 4050//4050 4051//4051 4052//4052
f 4052//4052 4051//4051 4053//4053
f 4052//4052 4053//4053 4054//4054
f 4054//4054 4053//4053 4055//4055
f 4054//4054 4055//4055 4056//4056
f 4056//4056 4055//4055 4057//4057
f 4056//4056 4057//4057 4058//4058
f 4058//4058 4057//4057 4059//4059
f 4058//4058 4059//4059 4060//4060
f 4060//4060 4059//4059 4061//4061
f 4060//4060 4061//4061 4062//4062
f 4062//4062 4061//4061 4063//4063
f 4062//4062 4063//4063 4064//4064
f 4064//4064 4063//4063 4065//4065
f 4064//4064 4065//4065 4066//4066
f 4066//4066 4065//4065 3909//3909
f 4066//4066 3909//3909 3910//3910
f 4067//4067 4068//4068 4069//4069
f 4069//4069 4068//4068 4070//4070
f 4069//4069 4070//4070 4071//4071
f 4071//4071 4070//4070 4072//4072
f 4071//4071 4072//4072 4073//4073
f 4073//4073 4072//4072 4074//4074
f 4073//4073 4074//4074 4075//4075
f 4075//4075 4074//4074 4076//4076
f 4075//4075 4076//4076 4077//4077
f 4077//4077 4076//4076 4078//4078
f 4077//4077 4078//4078 4079//4079
f 4079//4079 4078//4078 4080//4080
f 4079//4079 4081//4081 4082//4082
f 4082//4082 4081//4081 4083//4083
f 4082//4082 4083//4083 4084//4084
f 4084//4084 4083//4083 4085//4085
f 4084//4084 4085//4085 4086//4086
f 4086//4086 4085//4085 4087//4087
f 4086//4086 4087//4087 4088//4088
f 4088//4088 4087//4087 4089//4089
f 4088//4088 4089//4089 4090//4090
f 4090//4090 4089//4089 4091//4091
f 4090//4090 4091//4091 4092//4092
f 4092//4092 4091//4091 4093//4093
f 4092//4092 4093//4093 4094//4094
f 4094//4094 4093//4093 4095//4095
f 4094//4094 4095//4095 4096//4096
f 4096//4096 4095//4095 4097//4097
f 4096//4096 4097//4097 4098//4098
f 4098//4098 4097//4097 4099//4099
f 4098//4098 4099//4099 4100//4100
f 4100//4100 4099//4099 4101//4101
f 4100//4100 4101//4101 4102//4102
f 4102//4102 4101//4101 4103//4103
f 4102//4102 4103//4103 4104//4104
f 4104//4104 4103//4103 4105//4105
f 4104//4104 4105//4105 4106//4106
f 4106//4106 4105//4105 4107//4107
f 4106//4106 4107//4107 4108//4108
f 4108//4108 4107//4107 4109//4109
f 4108//4108 4109//4109 4110//4110
f 4110//4110 4109//4109 4111//4111
f 4110//4110 4111//4111 4112//4112
f 4112//4112 4111//4111 4113//4113
f 4112//4112 4113//4113 4114//4114
f 4114//4114 4113//4113 4115//4115
f 4114//4114 4115//4115 4116//4116
f 4116//4116 4115//4115 4117//4117
f 4116//4116 4117//4117 4118//4118
f 4118//4118 4117//4117 4119//4119
f 4118//4118 4119//4119 4120//4120
f 4120//4120 4119//4119 4121//4121
f 4120//4120 4121//4121 4122//4122
f 4122//4122 4121//4121 4123//4123
f 4122//4122 4123//4123 4124//4124
f 4124//4124 4123//4123 4125//4125
f 4124//4124 4125//4125 4126//4126
f 4126//4126 4125//4125 4127//4127
f 4126//4126 4127//4127 4128//4128
f 4128//4128 4127//4127 4129//4129
f 4128//4128 4129//4129 4130//4130
f 4130//4130 4129//4129 4131//4131
f 4130//4130 4131//4131 4132//4132
f 4132//4132 4131//4131 4133//4133
f 4132//4132 4133//4133 4134//4134
f 4134//4134 4133//4133 4135//4135
f 4134//4134 4135//4135 4136//4136
f 4136//4136 4135//4135 4137//4137
f 4136//4136 4137//4137 4138//4138
f 4138//4138 4137//4137 4139//4139
f 4138//4138 4139//4139 4140//4140
f 4140//4140 4139//4139 4141//4141
f 4140//4140 4141//4141 4142//4142
f 4142//4142 4141//4141 4143//4143
f 4142//4142 4143//4143 4144//4144
f 4144//4144 4143//4143 4145//4145
f 4144//4144 4145//4145 4146//4146
f 4146//4146 4145//4145 4147//4147
f 4146//4146 4147//4147 4148//4148
f 4148//4148 4147//4147 4149//4149
f 4148//4148 4149//4149 4150//4150
f 4150//4150 4149//4149 4151//4151
f 4150//4150 4151//4151 4152//4152
f 4152//4152 4151//4151 4153//4153
f 4152//4152 4153//4153 4154//4154
f 4154//4154 4153//4153 4155//4155
f 4154//4154 4155//4155 4156//4156
f 4156//4156 4155//4155 4157//4157
f 4156//4156 4157//4157 4158//4158
f 4158//4158 4159//4159 4160//4160
f 4158//4158 4160//4160 4161//4161
f 4161//4161 4162//4162 4163//4163
f 4161//4161 4163//4163 4164//4164
f 4164//4164 4163//4163 4165//4165
f 4164//4164 4165//4165 4166//4166
f 4166//4166 4165//4165 4167//4167
f 4166//4166 4167//4167 4168//4168
f 4168//4168 4167//4167 4169//4169
f 4168//4168 4169//4169 4170//4170
f 4170//4170 4169//4169 4171//4171
f 4170//4170 4171//4171 4172//4172
f 4172//4172 4171//4171 4173//4173
f 4172//4172 4173//4173 4174//4174
f 4174//4174 4173//4173 4175//4175
f 4174//4174 4175//4175 4176//4176
f 4176//4176 4175//4175 4177//4177
f 4176//4176 4177//4177 4178//4178
f 4178//4178 4177//4177 4179//4179
f 4178//4178 4179//4179 4180//4180
f 4180//4180 4179//4179 4181//4181
f 4180//4180 4181//4181 4182//4182
f 4182//4182 4181//4181 4183//4183
f 4182//4182 4183//4183 4184//4184
f 4184//4184 4183//4183 4185//4185
f 4184//4184 4185//4185 4186//4186
f 4186//4186 4185//4185 4187//4187
f 4186//4186 4187//4187 4188//4188
f 4188//4188 4187//4187 4189//4189
f 4188//4188 4189//4189 4190//4190
f 4190//4190 4189//4189 4191//4191
f 4190//4190 4191//4191 4192//4192
f 4192//4192 4191//4191 4193//4193
f 4192//4192 4193//4193 4194//4194
f 4194//4194 4193//4193 4195//4195
f 4194//4194 4195//4195 4196//4196
f 4196//4196 4195//4195 4197//4197
f 4196//4196 4197//4197 4198//4198
f 4198//4198 4197//4197 4199//4199
f 4198//4198 4199//4199 4200//4200
f 4200//4200 4199//4199 4201//4201
f 4200//4200 4201//4201 4202//4202
f 4202//4202 4201//4201 4203//4203
f 4202//4202 4203//4203 4204//4204
f 4204//4204 4203//4203 4205//4205
f 4204//4204 4205//4205 4206//4206
f 4206//4206 4205//4205 4207//4207
f 4206//4206 4207//4207 4208//4208
f 4208//4208 4207//4207 4209//4209
f 4208//4208 4209//4209 4210//4210
f 4210//4210 4209//4209 4211//4211
f 4210//4210 4211//4211 4212//4212
f 4212//4212 4211//4211 4213//4213
f 4212//4212 4213//4213 4214//4214
f 4214//4214 4213//4213 4215//4215
f 4214//4214 4215//4215 4216//4216
f 4216//4216 4215//4215 4217//4217
f 4216//4216 4217//4217 4218//4218
f 4218//4218 4217//4217 4219//4219
f 4218//4218 4219//4219 4220//4220
f 4220//4220 4219//4219 4221//4221
f 4220//4220 4221//4221 4222//4222
f 4222//4222 4221//4221 4223//4223
f 4222//4222 4223//4223 4224//4224
f 4224//4224 4223//4223 4225//4225
f 4224//4224 4225//4225 4226//4226
f 4226//4226 4225//4225 4227//4227
f 4226//4226 4227//4227 4228//4228
f 4228//4228 4227//4227 4229//4229
f 4228//4228 4229//4229 4230//4230
f 4230//4230 4229//4229 4231//4231
f 4230//4230 4231//4231 4232//4232
f 4232//4232 4231//4231 4233//4233
f 4232//4232 4233//4233 4234//4234
f 4234//4234 4233//4233 4235//4235
f 4234//4234 4235//4235 4236//4236
f 4236//4236 4235//4235 4237//4237
f 4236//4236 4237//4237 4238//4238
f 4238//4238 4237//4237 4239//4239
f 4238//4238 4239//4239 4240//4240
f 4240//4240 4239//4239 4241//4241
f 4240//4240 4241//4241 4242//4242
f 4242//4242 4241//4241 4243//4243
f 4242//4242 4243//4243 4244//4244
f 4244//4244 4243//4243 4245//4245
f 4244//4244 4245//4245 4246//4246
f 4246//4246 4245//4245 4247//4247
f 4246//4246 4247//4247 4248//4248
f 4248//4248 4247//4247 4067//4067
f 4248//4248 4067//4067 4249//4249
f 4250//4250 4251//4251 4252//4252
f 4252//4252 4251//4251 4253//4253
f 4252//4252 4253//4253 4254//4254
f 4254//4254 4253//4253 4255//4255
f 4254//4254 4255//4255 4256//4256
f 4256//4256 4255//4255 4257//4257
f 4256//4256 4257//4257 4258//4258
f 4258//4258 4257//4257 4259//4259
f 4258//4258 4259//4259 4260//4260
f 4260//4260 4259//4259 4261//4261
f 4260//4260 4261//4261 4262//4262
f 4262//4262 4261//4261 4263//4263
f 4262//4262 4263//4263 4264//4264
f 4264//4264 4263//4263 4265//4265
f 4264//4264 4265//4265 4266//4266
f 4266//4266 4265//4265 4267//4267
f 4266//4266 4267//4267 4268//4268
f 4268//4268 4267//4267 4269//4269
f 4268//4268 4269//4269 4270//4270
f 4270//4270 4269//4269 4271//4271
f 4270//4270 4271//4271 4272//4272
f 4272//4272 4271//4271 4273//4273
f 4272//4272 4273//4273 4274//4274
f 4274//4274 4273//4273 4275//4275
f 4274//4274 4275//4275 4276//4276
f 4276//4276 4275//4275 4277//4277
f 4276//4276 4277//4277 4278//4278
f 4278//4278 4277//4277 4279//4279
f 4278//4278 4279//4279 4280//4280
f 4280//4280 4279//4279 4281//4281
f 4280//4280 4281//4281 4282//4282
f 4282//4282 4281//4281 4283//4283
f 4282//4282 4283//4283 4284//4284
f 4284//4284 4283//4283 4285//4285
f 4284//4284 4285//4285 4286//4286
f 4286//4286 4285//4285 4287//4287
f 4286//4286 4287//4287 4288//4288
f 4288//4288 4287//4287 4289//4289
f 4288//4288 4289//4289 4290//4290
f 4290//4290 4289//4289 4291//4291
f 4290//4290 4292//4292 4293//4293
f 4293//4293 4292//4292 4294//4294
f 4293//4293 4294//4294 4295//4295
f 4295//4295 4294//4294 4296//4296
f 4295//4295 4296//4296 4297//4297
f 4297//4297 4296//4296 4298//4298
f 4297//4297 4298//4298 4299//4299
f 4299//4299 4298//4298 4300//4300
f 4299//4299 4300//4300 4301//4301
f 4301//4301 4300//4300 4302//4302
f 4301//4301 4302//4302 4303//4303
f 4303//4303 4302//4302 4304//4304
f 4303//4303 4304//4304 4305//4305
f 4305//4305 4304//4304 4306//4306
f 4305//4305 4306//4306 4307//4307
f 4307//4307 4306//4306 4308//4308
f 4307//4307 4308//4308 4309//4309
f 4309//4309 4308//4308 4310//4310
f 4309//4309 4310//4310 4311//4311
f 4311//4311 4310//4310 4312//4312
f 4311//4311 4312//4312 4313//4313
f 4313//4313 4312//4312 4314//4314
f 4313//4313 4314//4314 4315//4315
f 4315//4315 4314//4314 4316//4316
f 4315//4315 4316//4316 4317//4317
f 4317//4317 4316//4316 4318//4318
f 4317//4317 4318//4318 4319//4319
f 4319//4319 4318//4318 4320//4320
f 4319//4319 4320//4320 4321//4321
f 4321//4321 4320//4320 4322//4322
f 4321//4321 4322//4322 4323//4323
f 4323//4323 4322//4322 4324//4324
f 4323//4323 4324//4324 4325//4325
f 4325//4325 4324//4324 4326//4326
f 4325//4325 4326//4326 4328//4328
f 4328//4328 4326//4326 4329//4329
f 4327//4327 4330//4330 4331//4331
f 4331//4331 4330//4330 4332//4332
f 4331//4331 4332//4332 4333//4333
f 4333//4333 4332//4332 4334//4334
f 4333//4333 4334//4334 4335//4335
f 4335//4335 4334//4334 4336//4336
f 4335//4335 4336//4336 4337//4337
f 4337//4337 4336//4336 4338//4338
f 4337//4337 4338//4338 4339//4339
f 4339//4339 4338//4338 4340//4340
f 4339//4339 4340//4340 4341//4341
f 4341//4341 4340//4340 4342//4342
f 4341//4341 4342//4342 4343//4343
f 4343//4343 4342//4342 4344//4344
f 4343//4343 4344//4344 4345//4345
f 4345//4345 4344//4344 4346//4346
f 4345//4345 4346//4346 4347//4347
f 4347//4347 4346//4346 4348//4348
f 4347//4347 4348//4348 4349//4349
f 4349//4349 4348//4348 4350//4350
f 4349//4349 4350//4350 4351//4351
f 4351//4351 4350//4350 4352//4352
f 4351//4351 4352//4352 4353//4353
f 4353//4353 4352//4352 4354//4354
f 4353//4353 4354//4354 4355//4355
f 4355//4355 4354//4354 4356//4356
f 4355//4355 4357//4357 4358//4358
f 4358//4358 4357//4357 4359//4359
f 4358//4358 4359//4359 4360//4360
f 4360//4360 4359//4359 4361//4361
f 4360//4360 4361//4361 4362//4362
f 4362//4362 4361//4361 4363//4363
f 4362//4362 4363//4363 4364//4364
f 4364//4364 4363//4363 4365//4365
f 4364//4364 4365//4365 4366//4366
f 4366//4366 4365//4365 4367//4367
f 4366//4366 4367//4367 4368//4368
f 4368//4368 4367//4367 4369//4369
f 4368//4368 4369//4369 4370//4370
f 4370//4370 4369//4369 4371//4371
f 4370//4370 4371//4371 4372//4372
f 4372//4372 4371//4371 4373//4373
f 4372//4372 4373//4373 4374//4374
f 4374//4374 4373//4373 4375//4375
f 4374//4374 4375//4375 4376//4376
f 4376//4376 4375//4375 4377//4377
f 4376//4376 4377//4377 4378//4378
f 4378//4378 4377//4377 4379//4379
f 4378//4378 4379//4379 4380//4380
f 4380//4380 4379//4379 4381//4381
f 4380//4380 4381//4381 4382//4382
f 4382//4382 4381//4381 4383//4383
f 4382//4382 4383//4383 4384//4384
f 4384//4384 4383//4383 4385//4385
f 4384//4384 4385//4385 4386//4386
f 4386//4386 4385//4385 4387//4387
f 4386//4386 4387//4387 4388//4388
f 4388//4388 4387//4387 4389//4389
f 4388//4388 4389//4389 4390//4390
f 4390//4390 4389//4389 4391//4391
f 4390//4390 4391//4391 4392//4392
f 4392//4392 4391//4391 4393//4393
f 4392//4392 4393//4393 4394//4394
f 4394//4394 4393//4393 4395//4395
f 4394//4394 4395//4395 4396//4396
f 4396//4396 4395//4395 4397//4397
f 4396//4396 4397//4397 4398//4398
f 4398//4398 4397//4397 4399//4399
f 4398//4398 4399//4399 4400//4400
f 4400//4400 4399//4399 4401//4401
f 4400//4400 4401//4401 4402//4402
f 4402//4402 4401//4401 4403//4403
f 4402//4402 4403//4403 4404//4404
f 4404//4404 4403//4403 4405//4405
f 4404//4404 4405//4405 4406//4406
f 4406//4406 4405//4405 4407//4407
f 4406//4406 4407//4407 4408//4408
f 4408//4408 4407//4407 4409//4409
f 4408//4408 4409//4409 4410//4410
f 4410//4410 4409//4409 4411//4411
f 4410//4410 4411//4411 4412//4412
f 4412//4412 4411//4411 4413//4413
f 4412//4412 4413//4413 4414//4414
f 4414//4414 4413//4413 4415//4415
f 4414//4414 4415//4415 4416//4416
f 4416//4416 4415//4415 4417//4417
f 4416//4416 4417//4417 4418//4418
f 4418//4418 4417//4417 4419//4419
f 4418//4418 4419//4419 4420//4420
f 4420//4420 4419//4419 4421//4421
f 4420//4420 4421//4421 4422//4422
f 4422//4422 4421//4421 4423//4423
f 4422//4422 4423//4423 4424//4424
f 4424//4424 4423//4423 4425//4425
f 4424//4424 4425//4425 4426//4426
f 4426//4426 4425//4425 4427//4427
f 4426//4426 4427//4427 4428//4428
f 4428//4428 4427//4427 4429//4429
f 4428//4428 4429//4429 4430//4430
f 4430//4430 4429//4429 4431//4431
f 4430//4430 4431//4431 4432//4432
f 4432//4432 4431//4431 4250//4250
f 4432//4432 4250//4250 4252//4252
f 4433//4433 4434//4434 4435//4435
f 4436//4436 4437//4437 4438//4438
f 4438//4438 4437//4437 4439//4439
f 4438//4438 4439//4439 4440//4440
f 4441//4441 4442//4442 4435//4435
f 4443//4443 4444//4444 4435//4435
f 4435//4435 4444//4444 4445//4445
f 4435//4435 4445//4445 4433//4433
f 4442//4442 4446//4446 4435//4435
f 4435//4435 4446//4446 4447//4447
f 4435//4435 4447//4447 4448//4448
f 4449//4449 4450//4450 4435//4435
f 4435//4435 4450//4450 4451//4451
f 4435//4435 4451//4451 4441//4441
f 4452//4452 4453//4453 4435//4435
f 4435//4435 4453//4453 4454//4454
f 4435//4435 4454//4454 4443//4443
f 4455//4455 4456//4456 4435//4435
f 4435//4435 4456//4456 4457//4457
f 4435//4435 4457//4457 4449//4449
f 4448//4448 4458//4458 4435//4435
f 4435//4435 4458//4458 4459//4459
f 4435//4435 4459//4459 4452//4452
f 4460//4460 4461//4461 4435//4435
f 4435//4435 4461//4461 4462//4462
f 4435//4435 4462//4462 4455//4455
f 4463//4463 4464//4464 4435//4435
f 4435//4435 4464//4464 4465//4465
f 4435//4435 4465//4465 4460//4460
f 4440//4440 4439//4439 4435//4435
f 4435//4435 4439//4439 4466//4466
f 4435//4435 4466//4466 4463//4463
f 4467//4467 4468//4468 4469//4469
f 4469//4469 4468//4468 4470//4470
f 4469//4469 4470//4470 4471//4471
f 4472//4472 4473//4473 4470//4470
f 4470//4470 4473//4473 4474//4474
f 4475//4475 4476//4476 4470//4470
f 4470//4470 4476//4476 4477//4477
f 4470//4470 4477//4477 4478//4478
f 4474//4474 4479//4479 4470//4470
f 4470//4470 4479//4479 4480//4480
f 4470//4470 4480//4480 4481//4481
f 4478//4478 4482//4482 4470//4470
f 4470//4470 4482//4482 4483//4483
f 4470//4470 4483//4483 4484//4484
f 4481//4481 4485//4485 4470//4470
f 4470//4470 4485//4485 4486//4486
f 4470//4470 4486//4486 4487//4487
f 4484//4484 4488//4488 4470//4470
f 4470//4470 4488//4488 4489//4489
f 4470//4470 4489//4489 4490//4490
f 4487//4487 4491//4491 4470//4470
f 4470//4470 4491//4491 4492//4492
f 4470//4470 4492//4492 4475//4475
f 4490//4490 4493//4493 4470//4470
f 4470//4470 4493//4493 4494//4494
f 4470//4470 4494//4494 4495//4495
f 4495//4495 4496//4496 4470//4470
f 4470//4470 4496//4496 4497//4497
f 4470//4470 4497//4497 4498//4498
f 4498//4498 4499//4499 4470//4470
f 4470//4470 4499//4499 4500//4500
f 4470//4470 4500//4500 4471//4471
f 4501//4501 4502//4502 4503//4503
f 4504//4504 4505//4505 4506//4506
f 4504//4504 4506//4506 4507//4507
f 4507//4507 4506//4506 4508//4508
f 4507//4507 4508//4508 4509//4509
f 4509//4509 4508//4508 4510//4510
f 4509//4509 4510//4510 4511//4511
f 4511//4511 4510//4510 4512//4512
f 4511//4511 4512//4512 4513//4513
f 4513//4513 4512//4512 4514//4514
f 4513//4513 4514//4514 4515//4515
f 4515//4515 4514//4514 4516//4516
f 4515//4515 4516//4516 4517//4517
f 4517//4517 4516//4516 4518//4518
f 4517//4517 4518//4518 4519//4519
f 4519//4519 4518//4518 4520//4520
f 4519//4519 4520//4520 4521//4521
f 4521//4521 4520//4520 4522//4522
f 4521//4521 4522//4522 4523//4523
f 4523//4523 4522//4522 4524//4524
f 4523//4523 4524//4524 4525//4525
f 4525//4525 4524//4524 4526//4526
f 4525//4525 4526//4526 4527//4527
f 4527//4527 4526//4526 4528//4528
f 4528//4528 4526//4526 4529//4529
f 4528//4528 4529//4529 4530//4530
f 4530//4530 4529//4529 4531//4531
f 4530//4530 4531//4531 4532//4532
f 4532//4532 4531//4531 4533//4533
f 4532//4532 4533//4533 4534//4534
f 4534//4534 4533//4533 4535//4535
f 4534//4534 4535//4535 4536//4536
f 4536//4536 4535//4535 4537//4537
f 4536//4536 4537//4537 4538//4538
f 4538//4538 4537//4537 4539//4539
f 4538//4538 4539//4539 4502//4502
f 4502//4502 4539//4539 4540//4540
f 4502//4502 4540//4540 4503//4503
f 4501//4501 4503//4503 4541//4541
f 4541//4541 4503//4503 4542//4542
f 4541//4541 4542//4542 4543//4543
f 4543//4543 4542//4542 4544//4544
f 4543//4543 4544//4544 4545//4545
f 4545//4545 4544//4544 4546//4546
f 4545//4545 4546//4546 4547//4547
f 4547//4547 4546//4546 4548//4548
f 4547//4547 4548//4548 4549//4549
f 4548//4548 4550//4550 4549//4549
f 4549//4549 4550//4550 4551//4551
f 4549//4549 4551//4551 4552//4552
f 4552//4552 4551//4551 4553//4553
f 4554//4554 1237//1237 1239//1239
f 4551//4551 4555//4555 4553//4553
f 4553//4553 4555//4555 4554//4554
f 4553//4553 4554//4554 4556//4556
f 4556//4556 4554//4554 1239//1239
f 4557//4557 4558//4558 4559//4559
f 4559//4559 4558//4558 4504//4504
f 4559//4559 4504//4504 4560//4560
f 4560//4560 4504//4504 4507//4507
f 4560//4560 4507//4507 4561//4561
f 4559//4559 4562//4562 4557//4557
f 4557//4557 4562//4562 4563//4563
f 4557//4557 4563//4563 4564//4564
f 4564//4564 4563//4563 4565//4565
f 4563//4563 4566//4566 4565//4565
f 4565//4565 4566//4566 4567//4567
f 4565//4565 4567//4567 4568//4568
f 4568//4568 4567//4567 4569//4569
f 4570//4570 1300//1300 1243//1243
f 4567//4567 4571//4571 4569//4569
f 4569//4569 4571//4571 4570//4570
f 4569//4569 4570//4570 4572//4572
f 4572//4572 4570//4570 1243//1243

