mtllib material.mtl
usemtl plastic_black
v 0.00550000 -0.00620000 -0.01015000
v 0.03080300 -0.00620000 -0.01015000
v 0.00550000 -0.00670000 -0.01015000
v 0.03080300 -0.00670000 -0.01015000
v 0.00550000 -0.00620000 0.01015000
v 0.00550000 -0.00620000 -0.01015000
v 0.00550000 -0.00670000 0.01015000
v 0.00550000 -0.00670000 -0.01015000
v 0.03080300 -0.00620000 0.01015000
v 0.00550000 -0.00620000 0.01015000
v 0.03080300 -0.00670000 0.01015000
v 0.00550000 -0.00670000 0.01015000
v 0.03093400 -0.00670000 0.01014600
v 0.03093400 -0.00620000 0.01014600
v 0.03106400 -0.00670000 0.01013300
v 0.03106400 -0.00620000 0.01013300
v 0.03119300 -0.00670000 0.01011200
v 0.03119300 -0.00620000 0.01011200
v 0.06228100 -0.00620000 0.00392300
v 0.06228100 -0.00670000 0.00392300
v 0.06255500 -0.00670000 0.00385800
v 0.06255500 -0.00620000 0.00385800
v 0.06282400 -0.00670000 0.00377400
v 0.06282400 -0.00620000 0.00377400
v 0.06308700 -0.00670000 0.00367200
v 0.06308700 -0.00620000 0.00367200
v 0.06334100 -0.00670000 0.00355100
v 0.06334100 -0.00620000 0.00355100
v 0.06358700 -0.00670000 0.00341200
v 0.06358700 -0.00620000 0.00341200
v 0.06382200 -0.00670000 0.00325700
v 0.06382200 -0.00620000 0.00325700
v 0.06404600 -0.00670000 0.00308500
v 0.06404600 -0.00620000 0.00308500
v 0.06425700 -0.00670000 0.00289800
v 0.06425700 -0.00620000 0.00289800
v 0.06445400 -0.00670000 0.00269700
v 0.06445400 -0.00620000 0.00269700
v 0.06463600 -0.00670000 0.00248200
v 0.06463600 -0.00620000 0.00248200
v 0.06480300 -0.00670000 0.00225500
v 0.06480300 -0.00620000 0.00225500
v 0.06495400 -0.00670000 0.00201700
v 0.06495400 -0.00620000 0.00201700
v 0.06508800 -0.00670000 0.00176900
v 0.06508800 -0.00620000 0.00176900
v 0.06520300 -0.00670000 0.00151200
v 0.06520300 -0.00620000 0.00151200
v 0.06530100 -0.00670000 0.00124700
v 0.06530100 -0.00620000 0.00124700
v 0.06537900 -0.00670000 0.00097700
v 0.06537900 -0.00620000 0.00097700
v 0.06543800 -0.00670000 0.00070100
v 0.06543800 -0.00620000 0.00070100
v 0.06547800 -0.00670000 0.00042200
v 0.06547800 -0.00620000 0.00042200
v 0.06549800 -0.00670000 0.00014100
v 0.06549800 -0.00620000 0.00014100
v 0.06549800 -0.00670000 -0.00014100
v 0.06549800 -0.00620000 -0.00014100
v 0.06547800 -0.00670000 -0.00042200
v 0.06547800 -0.00620000 -0.00042200
v 0.06543800 -0.00670000 -0.00070100
v 0.06543800 -0.00620000 -0.00070100
v 0.06537900 -0.00670000 -0.00097700
v 0.06537900 -0.00620000 -0.00097700
v 0.06530100 -0.00670000 -0.00124700
v 0.06530100 -0.00620000 -0.00124700
v 0.06520300 -0.00670000 -0.00151200
v 0.06520300 -0.00620000 -0.00151200
v 0.06508800 -0.00670000 -0.00176900
v 0.06508800 -0.00620000 -0.00176900
v 0.06495400 -0.00670000 -0.00201700
v 0.06495400 -0.00620000 -0.00201700
v 0.06480300 -0.00670000 -0.00225500
v 0.06480300 -0.00620000 -0.00225500
v 0.06463600 -0.00670000 -0.00248200
v 0.06463600 -0.00620000 -0.00248200
v 0.06445400 -0.00670000 -0.00269700
v 0.06445400 -0.00620000 -0.00269700
v 0.06425700 -0.00670000 -0.00289800
v 0.06425700 -0.00620000 -0.00289800
v 0.06404600 -0.00670000 -0.00308500
v 0.06404600 -0.00620000 -0.00308500
v 0.06382200 -0.00670000 -0.00325700
v 0.06382200 -0.00620000 -0.00325700
v 0.06358700 -0.00670000 -0.00341200
v 0.06358700 -0.00620000 -0.00341200
v 0.06334100 -0.00670000 -0.00355100
v 0.06334100 -0.00620000 -0.00355100
v 0.06308700 -0.00670000 -0.00367200
v 0.06308700 -0.00620000 -0.00367200
v 0.06282400 -0.00670000 -0.00377400
v 0.06282400 -0.00620000 -0.00377400
v 0.06255500 -0.00670000 -0.00385800
v 0.06255500 -0.00620000 -0.00385800
v 0.06228100 -0.00670000 -0.00392300
v 0.06228100 -0.00620000 -0.00392300
v 0.03119300 -0.00620000 -0.01011200
v 0.03119300 -0.00670000 -0.01011200
v 0.03106400 -0.00670000 -0.01013300
v 0.03106400 -0.00620000 -0.01013300
v 0.03093400 -0.00670000 -0.01014600
v 0.03093400 -0.00620000 -0.01014600
v 0.00550000 -0.00620000 -0.01015000
v 0.00550000 -0.00620000 0.01015000
v 0.03080300 -0.00620000 -0.01015000
v 0.03080300 -0.00620000 0.01015000
v 0.03093400 -0.00620000 -0.01014600
v 0.03093400 -0.00620000 0.01014600
v 0.03119300 -0.00620000 -0.01011200
v 0.03080300 -0.00620000 0.01015000
v 0.03106400 -0.00620000 -0.01013300
v 0.06480300 -0.00620000 0.00225500
v 0.06495400 -0.00620000 0.00201700
v 0.06508800 -0.00620000 0.00176900
v 0.06228100 -0.00620000 0.00392300
v 0.06530100 -0.00620000 -0.00124700
v 0.06520300 -0.00620000 -0.00151200
v 0.06282400 -0.00620000 0.00377400
v 0.06308700 -0.00620000 0.00367200
v 0.06549800 -0.00620000 -0.00014100
v 0.06382200 -0.00620000 0.00325700
v 0.06404600 -0.00620000 0.00308500
v 0.06425700 -0.00620000 0.00289800
v 0.06463600 -0.00620000 0.00248200
v 0.06520300 -0.00620000 0.00151200
v 0.06530100 -0.00620000 0.00124700
v 0.06537900 -0.00620000 0.00097700
v 0.06543800 -0.00620000 0.00070100
v 0.06547800 -0.00620000 0.00042200
v 0.06547800 -0.00620000 -0.00042200
v 0.06543800 -0.00620000 -0.00070100
v 0.06537900 -0.00620000 -0.00097700
v 0.06334100 -0.00620000 0.00355100
v 0.06358700 -0.00620000 0.00341200
v 0.06445400 -0.00620000 0.00269700
v 0.06463600 -0.00620000 0.00248200
v 0.06549800 -0.00620000 0.00014100
v 0.03106400 -0.00620000 0.01013300
v 0.03119300 -0.00620000 0.01011200
v 0.06228100 -0.00620000 -0.00392300
v 0.03119300 -0.00620000 0.01011200
v 0.06228100 -0.00620000 0.00392300
v 0.06255500 -0.00620000 -0.00385800
v 0.06282400 -0.00620000 -0.00377400
v 0.06255500 -0.00620000 0.00385800
v 0.06508800 -0.00620000 -0.00176900
v 0.06495400 -0.00620000 -0.00201700
v 0.06480300 -0.00620000 -0.00225500
v 0.06463600 -0.00620000 -0.00248200
v 0.06445400 -0.00620000 -0.00269700
v 0.06425700 -0.00620000 -0.00289800
v 0.06404600 -0.00620000 -0.00308500
v 0.06382200 -0.00620000 -0.00325700
v 0.06358700 -0.00620000 -0.00341200
v 0.06334100 -0.00620000 -0.00355100
v 0.06308700 -0.00620000 -0.00367200
v 0.00550000 -0.00670000 0.01015000
v 0.00550000 -0.00670000 -0.01015000
v 0.03080300 -0.00670000 0.01015000
v 0.03080300 -0.00670000 -0.01015000
v 0.03093400 -0.00670000 -0.01014600
v 0.03119300 -0.00670000 -0.01011200
v 0.03119300 -0.00670000 0.01011200
v 0.03106400 -0.00670000 0.01013300
v 0.03106400 -0.00670000 -0.01013300
v 0.03093400 -0.00670000 0.01014600
v 0.06520300 -0.00670000 -0.00151200
v 0.06530100 -0.00670000 -0.00124700
v 0.06228100 -0.00670000 0.00392300
v 0.06537900 -0.00670000 -0.00097700
v 0.06543800 -0.00670000 0.00070100
v 0.06537900 -0.00670000 0.00097700
v 0.06255500 -0.00670000 -0.00385800
v 0.06282400 -0.00670000 -0.00377400
v 0.06480300 -0.00670000 -0.00225500
v 0.06495400 -0.00670000 -0.00201700
v 0.06508800 -0.00670000 -0.00176900
v 0.06543800 -0.00670000 -0.00070100
v 0.06547800 -0.00670000 -0.00042200
v 0.06549800 -0.00670000 -0.00014100
v 0.06549800 -0.00670000 0.00014100
v 0.06547800 -0.00670000 0.00042200
v 0.06530100 -0.00670000 0.00124700
v 0.06520300 -0.00670000 0.00151200
v 0.06508800 -0.00670000 0.00176900
v 0.06228100 -0.00670000 -0.00392300
v 0.06495400 -0.00670000 0.00201700
v 0.06480300 -0.00670000 0.00225500
v 0.06463600 -0.00670000 0.00248200
v 0.06445400 -0.00670000 0.00269700
v 0.06425700 -0.00670000 0.00289800
v 0.06404600 -0.00670000 0.00308500
v 0.06382200 -0.00670000 0.00325700
v 0.06358700 -0.00670000 0.00341200
v 0.06334100 -0.00670000 0.00355100
v 0.06308700 -0.00670000 0.00367200
v 0.06282400 -0.00670000 0.00377400
v 0.06255500 -0.00670000 0.00385800
v 0.06308700 -0.00670000 -0.00367200
v 0.06334100 -0.00670000 -0.00355100
v 0.06358700 -0.00670000 -0.00341200
v 0.06382200 -0.00670000 -0.00325700
v 0.06404600 -0.00670000 -0.00308500
v 0.06425700 -0.00670000 -0.00289800
v 0.06445400 -0.00670000 -0.00269700
v 0.06463600 -0.00670000 -0.00248200
v 0.00550000 0.00600000 0.00555000
v 0.00550000 0.00600000 0.00965000
v 0.03100000 0.00600000 0.00555000
v 0.03100000 0.00600000 0.00965000
v 0.03100000 0.00600000 0.00555000
v 0.03100000 0.00600000 0.00965000
v 0.03150000 0.00550000 0.00505000
v 0.03141700 0.00558300 0.01006700
v 0.03558100 0.00141900 0.00505000
v 0.03558100 0.00141900 0.00923800
v 0.00600000 -0.00620000 0.01015000
v 0.03100000 -0.00620000 0.01015000
v 0.00600000 0.00550000 0.01015000
v 0.03100000 0.00550000 0.01015000
v 0.03100000 0.00600000 -0.00555000
v 0.03100000 0.00600000 -0.00965000
v 0.00550000 0.00600000 -0.00555000
v 0.00550000 0.00600000 -0.00965000
v 0.03100000 0.00550000 -0.01015000
v 0.03100000 -0.00620000 -0.01015000
v 0.00600000 0.00550000 -0.01015000
v 0.00600000 -0.00620000 -0.01015000
v 0.06547800 -0.00620000 0.00042200
v 0.06228100 -0.00620000 -0.00392300
v 0.06549800 -0.00620000 0.00014100
v 0.06549800 -0.00620000 -0.00014100
v 0.06543800 -0.00620000 0.00070100
v 0.06537900 -0.00620000 0.00097700
v 0.06530100 -0.00620000 0.00124700
v 0.06495400 -0.00620000 0.00201700
v 0.06480300 -0.00620000 0.00225500
v 0.06404600 -0.00620000 -0.00308500
v 0.06425700 -0.00620000 -0.00289800
v 0.06445400 -0.00620000 -0.00269700
v 0.06463600 -0.00620000 -0.00248200
v 0.06480300 -0.00620000 -0.00225500
v 0.06495400 -0.00620000 -0.00201700
v 0.06508800 -0.00620000 -0.00176900
v 0.06537900 -0.00620000 -0.00097700
v 0.06543800 -0.00620000 -0.00070100
v 0.06547800 -0.00620000 -0.00042200
v 0.06463600 -0.00620000 0.00248200
v 0.06445400 -0.00620000 0.00269700
v 0.06425700 -0.00620000 0.00289800
v 0.06404600 -0.00620000 0.00308500
v 0.06382200 -0.00620000 0.00325700
v 0.06358700 -0.00620000 0.00341200
v 0.06334100 -0.00620000 0.00355100
v 0.06308700 -0.00620000 0.00367200
v 0.06282400 -0.00620000 0.00377400
v 0.00600000 -0.00620000 0.01015000
v 0.00600000 -0.00620000 -0.01015000
v 0.03100000 -0.00620000 0.01015000
v 0.03100000 -0.00620000 -0.01015000
v 0.06228100 -0.00620000 0.00392300
v 0.06255500 -0.00620000 0.00385800
v 0.06255500 -0.00620000 -0.00385800
v 0.06358700 -0.00620000 -0.00341200
v 0.06382200 -0.00620000 -0.00325700
v 0.06282400 -0.00620000 -0.00377400
v 0.06308700 -0.00620000 -0.00367200
v 0.06334100 -0.00620000 -0.00355100
v 0.06520300 -0.00620000 -0.00151200
v 0.06530100 -0.00620000 -0.00124700
v 0.06520300 -0.00620000 0.00151200
v 0.06508800 -0.00620000 0.00176900
v 0.03141700 0.00558300 -0.01006700
v 0.03558100 0.00141900 -0.00923800
v 0.03576700 0.00124400 -0.00920100
v 0.03596500 0.00108100 -0.00916200
v 0.03617200 0.00093200 -0.00912000
v 0.03638900 0.00079500 -0.00907700
v 0.03661400 0.00067300 -0.00903200
v 0.03684600 0.00056600 -0.00898600
v 0.03708500 0.00047300 -0.00893900
v 0.06228100 -0.00491600 -0.00392300
v 0.06228100 -0.00620000 -0.00392300
v 0.03757800 0.00033500 -0.00884100
v 0.03732900 0.00039600 -0.00889000
v 0.03141700 0.00558300 0.01006700
v 0.03558100 0.00141900 0.00923800
v 0.03576700 0.00124400 0.00920100
v 0.03100000 -0.00620000 0.01015000
v 0.03596500 0.00108100 0.00916200
v 0.03661400 0.00067300 0.00903200
v 0.03638900 0.00079500 0.00907700
v 0.03617200 0.00093200 0.00912000
v 0.03732900 0.00039600 0.00889000
v 0.03708500 0.00047300 0.00893900
v 0.03684600 0.00056600 0.00898600
v 0.06228100 -0.00620000 0.00392300
v 0.06228100 -0.00491600 0.00392300
v 0.03757800 0.00033500 0.00884100
v 0.06549000 -0.00559800 0.00028200
v 0.06547800 -0.00559500 0.00042200
v 0.06547800 -0.00620000 0.00042200
v 0.06255500 -0.00620000 0.00385800
v 0.06255500 -0.00497400 0.00385800
v 0.06282400 -0.00620000 0.00377400
v 0.06282400 -0.00503100 0.00377400
v 0.06308700 -0.00620000 0.00367200
v 0.06308700 -0.00508700 0.00367200
v 0.06334100 -0.00620000 0.00355100
v 0.06334100 -0.00514100 0.00355100
v 0.06358700 -0.00620000 0.00341200
v 0.06358700 -0.00519300 0.00341200
v 0.06382200 -0.00620000 0.00325700
v 0.06382200 -0.00524300 0.00325700
v 0.06404600 -0.00620000 0.00308500
v 0.06404600 -0.00529100 0.00308500
v 0.06425700 -0.00620000 0.00289800
v 0.06425700 -0.00533600 0.00289800
v 0.06445400 -0.00620000 0.00269700
v 0.06445400 -0.00537800 0.00269700
v 0.06463600 -0.00620000 0.00248200
v 0.06463600 -0.00541600 0.00248200
v 0.06480300 -0.00620000 0.00225500
v 0.06480300 -0.00545200 0.00225500
v 0.06495400 -0.00620000 0.00201700
v 0.06495400 -0.00548400 0.00201700
v 0.06508800 -0.00620000 0.00176900
v 0.06520300 -0.00620000 0.00151200
v 0.06520300 -0.00553700 0.00151200
v 0.06514800 -0.00552500 0.00164100
v 0.06508800 -0.00551200 0.00176900
v 0.06502300 -0.00549900 0.00189400
v 0.06530100 -0.00620000 0.00124700
v 0.06537900 -0.00620000 0.00097700
v 0.06537900 -0.00557400 0.00097700
v 0.06534200 -0.00556600 0.00111300
v 0.06530100 -0.00555800 0.00124700
v 0.06525400 -0.00554800 0.00138100
v 0.06543800 -0.00620000 0.00070100
v 0.06546000 -0.00559200 0.00056200
v 0.06543800 -0.00558700 0.00070100
v 0.06541100 -0.00558100 0.00083900
v 0.06549800 -0.00559900 0.00014100
v 0.06549800 -0.00620000 0.00014100
v 0.06550000 -0.00560000 0.00000000
v 0.06549800 -0.00620000 -0.00014100
v 0.06549800 -0.00559900 -0.00014100
v 0.06549000 -0.00559800 -0.00028200
v 0.06547800 -0.00620000 -0.00042200
v 0.06547800 -0.00559500 -0.00042200
v 0.06546000 -0.00559200 -0.00056200
v 0.06543800 -0.00620000 -0.00070100
v 0.06543800 -0.00558700 -0.00070100
v 0.06541100 -0.00558100 -0.00083900
v 0.06537900 -0.00620000 -0.00097700
v 0.06537900 -0.00557400 -0.00097700
v 0.06534200 -0.00556600 -0.00111300
v 0.06530100 -0.00620000 -0.00124700
v 0.06530100 -0.00555800 -0.00124700
v 0.06525400 -0.00554800 -0.00138100
v 0.06520300 -0.00620000 -0.00151200
v 0.06520300 -0.00553700 -0.00151200
v 0.06514800 -0.00552500 -0.00164100
v 0.06508800 -0.00620000 -0.00176900
v 0.06508800 -0.00551200 -0.00176900
v 0.06502300 -0.00549900 -0.00189400
v 0.06495400 -0.00620000 -0.00201700
v 0.06495400 -0.00548400 -0.00201700
v 0.06480300 -0.00620000 -0.00225500
v 0.06480300 -0.00545200 -0.00225500
v 0.06463600 -0.00620000 -0.00248200
v 0.06463600 -0.00541600 -0.00248200
v 0.06445400 -0.00620000 -0.00269700
v 0.06445400 -0.00537800 -0.00269700
v 0.06425700 -0.00620000 -0.00289800
v 0.06425700 -0.00533600 -0.00289800
v 0.06404600 -0.00620000 -0.00308500
v 0.06404600 -0.00529100 -0.00308500
v 0.06382200 -0.00620000 -0.00325700
v 0.06382200 -0.00524300 -0.00325700
v 0.06358700 -0.00620000 -0.00341200
v 0.06358700 -0.00519300 -0.00341200
v 0.06334100 -0.00620000 -0.00355100
v 0.06334100 -0.00514100 -0.00355100
v 0.06308700 -0.00620000 -0.00367200
v 0.06308700 -0.00508700 -0.00367200
v 0.06282400 -0.00620000 -0.00377400
v 0.06282400 -0.00503100 -0.00377400
v 0.06255500 -0.00620000 -0.00385800
v 0.06255500 -0.00497400 -0.00385800
v 0.03558100 0.00141900 -0.00505000
v 0.03558100 0.00141900 -0.00923800
v 0.03150000 0.00550000 -0.00505000
v 0.03141700 0.00558300 -0.01006700
v 0.03100000 0.00600000 -0.00555000
v 0.03100000 0.00600000 -0.00965000
v 0.00550000 0.00600000 -0.00555000
v 0.00550000 0.00600000 -0.00965000
v 0.00550000 -0.00050000 -0.00555000
v 0.00550000 -0.00570000 -0.00965000
v 0.00550000 -0.00050000 0.00555000
v 0.00550000 -0.00570000 0.00965000
v 0.00550000 0.00600000 0.00555000
v 0.00550000 0.00600000 0.00965000
v 0.03150000 0.00550000 -0.00505000
v 0.00600000 0.00550000 -0.00505000
v 0.03558100 0.00141900 -0.00505000
v 0.00600000 -0.00000000 -0.00505000
v 0.03576700 0.00124400 -0.00505000
v 0.03638900 0.00079500 -0.00505000
v 0.03617200 0.00093200 -0.00505000
v 0.03596500 0.00108100 -0.00505000
v 0.03915400 -0.00000000 -0.00505000
v 0.03757800 0.00033500 -0.00505000
v 0.03732900 0.00039600 -0.00505000
v 0.03708500 0.00047300 -0.00505000
v 0.03684600 0.00056600 -0.00505000
v 0.03661400 0.00067300 -0.00505000
v 0.00600000 0.00550000 0.00505000
v 0.03150000 0.00550000 0.00505000
v 0.00600000 0.00000000 0.00505000
v 0.03558100 0.00141900 0.00505000
v 0.03576700 0.00124400 0.00505000
v 0.03596500 0.00108100 0.00505000
v 0.03617200 0.00093200 0.00505000
v 0.03638900 0.00079500 0.00505000
v 0.03661400 0.00067300 0.00505000
v 0.03684600 0.00056600 0.00505000
v 0.03708500 0.00047300 0.00505000
v 0.03732900 0.00039600 0.00505000
v 0.03757800 0.00033500 0.00505000
v 0.03915400 0.00000000 0.00505000
v 0.01208800 -0.00000000 -0.00124700
v 0.01217600 -0.00000000 -0.00123800
v 0.00600000 -0.00000000 -0.00505000
v 0.01274200 -0.00000000 -0.00100600
v 0.01281100 -0.00000000 -0.00095100
v 0.02200000 -0.00000000 -0.00125000
v 0.01293700 -0.00000000 -0.00082800
v 0.01299300 -0.00000000 -0.00075900
v 0.02191200 -0.00000000 -0.00124700
v 0.01287600 -0.00000000 -0.00089200
v 0.01304400 -0.00000000 -0.00068800
v 0.01309000 -0.00000000 -0.00061200
v 0.01313000 -0.00000000 -0.00053400
v 0.01083500 -0.00000000 -0.00045300
v 0.01087000 -0.00000000 -0.00053400
v 0.01091000 -0.00000000 -0.00061200
v 0.01095600 -0.00000000 -0.00068800
v 0.02076600 -0.00000000 -0.00019800
v 0.02078300 -0.00000000 -0.00028400
v 0.01313000 -0.00000000 -0.00053400
v 0.01284400 0.00000000 0.00092200
v 0.01277700 0.00000000 0.00097900
v 0.03915400 0.00000000 0.00505000
v 0.01103500 0.00000000 0.00079400
v 0.01098100 0.00000000 0.00072400
v 0.00600000 0.00000000 0.00505000
v 0.01226300 -0.00000000 -0.00122200
v 0.01234800 -0.00000000 -0.00120000
v 0.01243200 -0.00000000 -0.00117300
v 0.01251400 -0.00000000 -0.00114000
v 0.01259300 -0.00000000 -0.00110000
v 0.01266900 -0.00000000 -0.00105600
v 0.01093200 0.00000000 0.00065000
v 0.01088900 0.00000000 0.00057300
v 0.01085200 0.00000000 0.00049400
v 0.01082000 0.00000000 0.00041100
v 0.01079400 0.00000000 0.00032700
v 0.01077300 0.00000000 0.00024100
v 0.01075500 -0.00000000 -0.00011000
v 0.01076600 -0.00000000 -0.00019800
v 0.01156800 -0.00000000 -0.00117300
v 0.01165200 -0.00000000 -0.00120000
v 0.01173700 -0.00000000 -0.00122200
v 0.01182400 -0.00000000 -0.00123800
v 0.02136900 0.00000000 0.00107900
v 0.02129400 0.00000000 0.00103200
v 0.01321700 -0.00000000 -0.00028400
v 0.02093200 0.00000000 0.00065000
v 0.02088900 0.00000000 0.00057300
v 0.02085200 0.00000000 0.00049400
v 0.02082000 0.00000000 0.00041100
v 0.02079400 0.00000000 0.00032700
v 0.02077300 0.00000000 0.00024100
v 0.02076000 0.00000000 0.00015400
v 0.02075500 -0.00000000 -0.00011000
v 0.02178100 0.00000000 0.00123100
v 0.01323400 -0.00000000 -0.00019800
v 0.01324500 -0.00000000 -0.00011000
v 0.01314800 0.00000000 0.00049400
v 0.01311100 0.00000000 0.00057300
v 0.01306800 0.00000000 0.00065000
v 0.01301900 0.00000000 0.00072400
v 0.01296500 0.00000000 0.00079400
v 0.01290700 0.00000000 0.00086000
v 0.01076000 0.00000000 0.00015400
v 0.01075200 0.00000000 0.00006600
v 0.01075000 -0.00000000 -0.00002200
v 0.01078300 -0.00000000 -0.00028400
v 0.01080600 -0.00000000 -0.00036900
v 0.01133100 -0.00000000 -0.00105600
v 0.01140700 -0.00000000 -0.00110000
v 0.01148600 -0.00000000 -0.00114000
v 0.01191200 -0.00000000 -0.00124700
v 0.01200000 -0.00000000 -0.00125000
v 0.02122300 0.00000000 0.00097900
v 0.02115600 0.00000000 0.00092200
v 0.02109300 0.00000000 0.00086000
v 0.02230600 0.00000000 0.00121200
v 0.02221900 0.00000000 0.00123100
v 0.02213200 0.00000000 0.00124300
v 0.02204400 0.00000000 0.00124900
v 0.01325000 -0.00000000 -0.00002200
v 0.01324800 0.00000000 0.00006600
v 0.02186800 0.00000000 0.00124300
v 0.02186800 0.00000000 0.00124300
v 0.01324000 0.00000000 0.00015400
v 0.01322700 0.00000000 0.00024100
v 0.01320600 0.00000000 0.00032700
v 0.01318000 0.00000000 0.00041100
v 0.02161000 0.00000000 0.00118700
v 0.02152700 0.00000000 0.00115700
v 0.02144600 0.00000000 0.00112100
v 0.02103500 0.00000000 0.00079400
v 0.02098100 0.00000000 0.00072400
v 0.02080600 -0.00000000 -0.00036900
v 0.02083500 -0.00000000 -0.00045300
v 0.02087000 -0.00000000 -0.00053400
v 0.02133100 -0.00000000 -0.00105600
v 0.02125800 -0.00000000 -0.00100600
v 0.02118900 -0.00000000 -0.00095100
v 0.02156800 -0.00000000 -0.00117300
v 0.02165200 -0.00000000 -0.00120000
v 0.02217600 -0.00000000 -0.00123800
v 0.02226300 -0.00000000 -0.00122200
v 0.03915400 -0.00000000 -0.00505000
v 0.02234800 -0.00000000 -0.00120000
v 0.02243200 -0.00000000 -0.00117300
v 0.02251400 -0.00000000 -0.00114000
v 0.02259300 -0.00000000 -0.00110000
v 0.02266900 -0.00000000 -0.00105600
v 0.01100700 -0.00000000 -0.00075900
v 0.01106300 -0.00000000 -0.00082800
v 0.01112400 -0.00000000 -0.00089200
v 0.01118900 -0.00000000 -0.00095100
v 0.01125800 -0.00000000 -0.00100600
v 0.01321700 -0.00000000 -0.00028400
v 0.02169400 0.00000000 0.00121200
v 0.02091000 -0.00000000 -0.00061200
v 0.02095600 -0.00000000 -0.00068800
v 0.02100700 -0.00000000 -0.00075900
v 0.02208800 -0.00000000 -0.00124700
v 0.02324000 0.00000000 0.00015400
v 0.02322700 0.00000000 0.00024100
v 0.02320600 0.00000000 0.00032700
v 0.02318000 0.00000000 0.00041100
v 0.02314800 0.00000000 0.00049400
v 0.02311100 0.00000000 0.00057300
v 0.01270600 0.00000000 0.00103200
v 0.01263100 0.00000000 0.00107900
v 0.01255400 0.00000000 0.00112100
v 0.01247300 0.00000000 0.00115700
v 0.01239000 0.00000000 0.00118700
v 0.01230600 0.00000000 0.00121200
v 0.01221900 0.00000000 0.00123100
v 0.01122300 0.00000000 0.00097900
v 0.01115600 0.00000000 0.00092200
v 0.01109300 0.00000000 0.00086000
v 0.02075200 0.00000000 0.00006600
v 0.02075000 -0.00000000 -0.00002200
v 0.01319400 -0.00000000 -0.00036900
v 0.01316500 -0.00000000 -0.00045300
v 0.02106300 -0.00000000 -0.00082800
v 0.02112400 -0.00000000 -0.00089200
v 0.02173700 -0.00000000 -0.00122200
v 0.02182400 -0.00000000 -0.00123800
v 0.02274200 -0.00000000 -0.00100600
v 0.02281100 -0.00000000 -0.00095100
v 0.02287600 -0.00000000 -0.00089200
v 0.02306800 0.00000000 0.00065000
v 0.02301900 0.00000000 0.00072400
v 0.02296500 0.00000000 0.00079400
v 0.02290700 0.00000000 0.00086000
v 0.02284400 0.00000000 0.00092200
v 0.02277700 0.00000000 0.00097900
v 0.02270600 0.00000000 0.00103200
v 0.02263100 0.00000000 0.00107900
v 0.02255400 0.00000000 0.00112100
v 0.02247300 0.00000000 0.00115700
v 0.02239000 0.00000000 0.00118700
v 0.02195600 0.00000000 0.00124900
v 0.01144600 0.00000000 0.00112100
v 0.01136900 0.00000000 0.00107900
v 0.01129400 0.00000000 0.00103200
v 0.02140700 -0.00000000 -0.00110000
v 0.02148600 -0.00000000 -0.00114000
v 0.01213200 0.00000000 0.00124300
v 0.01204400 0.00000000 0.00124900
v 0.01195600 0.00000000 0.00124900
v 0.01186800 0.00000000 0.00124300
v 0.01178100 0.00000000 0.00123100
v 0.01169400 0.00000000 0.00121200
v 0.01161000 0.00000000 0.00118700
v 0.01152700 0.00000000 0.00115700
v 0.02293700 -0.00000000 -0.00082800
v 0.02299300 -0.00000000 -0.00075900
v 0.02304400 -0.00000000 -0.00068800
v 0.02309000 -0.00000000 -0.00061200
v 0.02313000 -0.00000000 -0.00053400
v 0.02316500 -0.00000000 -0.00045300
v 0.02323400 -0.00000000 -0.00019800
v 0.02324500 -0.00000000 -0.00011000
v 0.02325000 -0.00000000 -0.00002200
v 0.02324800 0.00000000 0.00006600
v 0.02319400 -0.00000000 -0.00036900
v 0.02321700 -0.00000000 -0.00028400
v 0.02200000 -0.00550000 0.00000000
v 0.02200000 -0.00474900 -0.00125000
v 0.02191200 -0.00474900 -0.00124700
v 0.02173700 -0.00474900 -0.00122200
v 0.02165200 -0.00474900 -0.00120000
v 0.02182400 -0.00474900 -0.00123800
v 0.02148600 -0.00474900 -0.00114000
v 0.02140700 -0.00474900 -0.00110000
v 0.02156800 -0.00474900 -0.00117300
v 0.02125800 -0.00474900 -0.00100600
v 0.02118900 -0.00474900 -0.00095100
v 0.02133100 -0.00474900 -0.00105600
v 0.02106300 -0.00474900 -0.00082800
v 0.02100700 -0.00474900 -0.00075900
v 0.02112400 -0.00474900 -0.00089200
v 0.02091000 -0.00474900 -0.00061200
v 0.02087000 -0.00474900 -0.00053400
v 0.02095600 -0.00474900 -0.00068800
v 0.02080600 -0.00474900 -0.00036900
v 0.02078300 -0.00474900 -0.00028400
v 0.02083500 -0.00474900 -0.00045300
v 0.02075500 -0.00474900 -0.00011000
v 0.02075000 -0.00474900 -0.00002200
v 0.02076600 -0.00474900 -0.00019800
v 0.02076000 -0.00474900 0.00015400
v 0.02077300 -0.00474900 0.00024100
v 0.02075200 -0.00474900 0.00006600
v 0.02082000 -0.00474900 0.00041100
v 0.02085200 -0.00474900 0.00049400
v 0.02079400 -0.00474900 0.00032700
v 0.02093200 -0.00474900 0.00065000
v 0.02098100 -0.00474900 0.00072400
v 0.02088900 -0.00474900 0.00057300
v 0.02109300 -0.00474900 0.00086000
v 0.02115600 -0.00474900 0.00092200
v 0.02103500 -0.00474900 0.00079400
v 0.02129400 -0.00474900 0.00103200
v 0.02136900 -0.00474900 0.00107900
v 0.02122300 -0.00474900 0.00097900
v 0.02152700 -0.00474900 0.00115700
v 0.02161000 -0.00474900 0.00118700
v 0.02144600 -0.00474900 0.00112100
v 0.02178100 -0.00474900 0.00123100
v 0.02186800 -0.00474900 0.00124300
v 0.02169400 -0.00474900 0.00121200
v 0.02204400 -0.00474900 0.00124900
v 0.02213200 -0.00474900 0.00124300
v 0.02195600 -0.00474900 0.00124900
v 0.02230600 -0.00474900 0.00121200
v 0.02239000 -0.00474900 0.00118700
v 0.02221900 -0.00474900 0.00123100
v 0.02255400 -0.00474900 0.00112100
v 0.02263100 -0.00474900 0.00107900
v 0.02247300 -0.00474900 0.00115700
v 0.02277700 -0.00474900 0.00097900
v 0.02284400 -0.00474900 0.00092200
v 0.02270600 -0.00474900 0.00103200
v 0.02296500 -0.00474900 0.00079400
v 0.02301900 -0.00474900 0.00072400
v 0.02290700 -0.00474900 0.00086000
v 0.02311100 -0.00474900 0.00057300
v 0.02314800 -0.00474900 0.00049400
v 0.02306800 -0.00474900 0.00065000
v 0.02320600 -0.00474900 0.00032700
v 0.02322700 -0.00474900 0.00024100
v 0.02318000 -0.00474900 0.00041100
v 0.02324800 -0.00474900 0.00006600
v 0.02325000 -0.00474900 -0.00002200
v 0.02324000 -0.00474900 0.00015400
v 0.02323400 -0.00474900 -0.00019800
v 0.02321700 -0.00474900 -0.00028400
v 0.02324500 -0.00474900 -0.00011000
v 0.02316500 -0.00474900 -0.00045300
v 0.02313000 -0.00474900 -0.00053400
v 0.02319400 -0.00474900 -0.00036900
v 0.02304400 -0.00474900 -0.00068800
v 0.02299300 -0.00474900 -0.00075900
v 0.02309000 -0.00474900 -0.00061200
v 0.02287600 -0.00474900 -0.00089200
v 0.02281100 -0.00474900 -0.00095100
v 0.02293700 -0.00474900 -0.00082800
v 0.02266900 -0.00474900 -0.00105600
v 0.02259300 -0.00474900 -0.00110000
v 0.02274200 -0.00474900 -0.00100600
v 0.02243200 -0.00474900 -0.00117300
v 0.02234800 -0.00474900 -0.00120000
v 0.02251400 -0.00474900 -0.00114000
v 0.02217600 -0.00474900 -0.00123800
v 0.02208800 -0.00474900 -0.00124700
v 0.02226300 -0.00474900 -0.00122200
v 0.02200000 -0.00474900 -0.00125000
v 0.02200000 -0.00000000 -0.00125000
v 0.02191200 -0.00474900 -0.00124700
v 0.02191200 -0.00000000 -0.00124700
v 0.02182400 -0.00474900 -0.00123800
v 0.02182400 -0.00000000 -0.00123800
v 0.02173700 -0.00474900 -0.00122200
v 0.02173700 -0.00000000 -0.00122200
v 0.02165200 -0.00474900 -0.00120000
v 0.02165200 -0.00000000 -0.00120000
v 0.02156800 -0.00474900 -0.00117300
v 0.02156800 -0.00000000 -0.00117300
v 0.02148600 -0.00474900 -0.00114000
v 0.02148600 -0.00000000 -0.00114000
v 0.02140700 -0.00474900 -0.00110000
v 0.02140700 -0.00000000 -0.00110000
v 0.02133100 -0.00474900 -0.00105600
v 0.02133100 -0.00000000 -0.00105600
v 0.02125800 -0.00474900 -0.00100600
v 0.02125800 -0.00000000 -0.00100600
v 0.02118900 -0.00474900 -0.00095100
v 0.02118900 -0.00000000 -0.00095100
v 0.02112400 -0.00474900 -0.00089200
v 0.02112400 -0.00000000 -0.00089200
v 0.02106300 -0.00474900 -0.00082800
v 0.02106300 -0.00000000 -0.00082800
v 0.02100700 -0.00474900 -0.00075900
v 0.02100700 -0.00000000 -0.00075900
v 0.02095600 -0.00474900 -0.00068800
v 0.02095600 -0.00000000 -0.00068800
v 0.02091000 -0.00474900 -0.00061200
v 0.02091000 -0.00000000 -0.00061200
v 0.02087000 -0.00474900 -0.00053400
v 0.02087000 -0.00000000 -0.00053400
v 0.02083500 -0.00474900 -0.00045300
v 0.02083500 -0.00000000 -0.00045300
v 0.02080600 -0.00474900 -0.00036900
v 0.02080600 -0.00000000 -0.00036900
v 0.02078300 -0.00474900 -0.00028400
v 0.02078300 -0.00000000 -0.00028400
v 0.02076600 -0.00474900 -0.00019800
v 0.02076600 -0.00000000 -0.00019800
v 0.02075500 -0.00474900 -0.00011000
v 0.02075500 -0.00000000 -0.00011000
v 0.02075000 -0.00474900 -0.00002200
v 0.02075000 -0.00000000 -0.00002200
v 0.02075200 -0.00474900 0.00006600
v 0.02075200 0.00000000 0.00006600
v 0.02076000 -0.00474900 0.00015400
v 0.02076000 0.00000000 0.00015400
v 0.02077300 -0.00474900 0.00024100
v 0.02077300 0.00000000 0.00024100
v 0.02079400 -0.00474900 0.00032700
v 0.02079400 0.00000000 0.00032700
v 0.02082000 -0.00474900 0.00041100
v 0.02082000 0.00000000 0.00041100
v 0.02085200 -0.00474900 0.00049400
v 0.02085200 0.00000000 0.00049400
v 0.02088900 -0.00474900 0.00057300
v 0.02088900 0.00000000 0.00057300
v 0.02093200 -0.00474900 0.00065000
v 0.02093200 0.00000000 0.00065000
v 0.02098100 -0.00474900 0.00072400
v 0.02098100 0.00000000 0.00072400
v 0.02103500 -0.00474900 0.00079400
v 0.02103500 0.00000000 0.00079400
v 0.02109300 -0.00474900 0.00086000
v 0.02109300 0.00000000 0.00086000
v 0.02115600 -0.00474900 0.00092200
v 0.02115600 0.00000000 0.00092200
v 0.02122300 -0.00474900 0.00097900
v 0.02122300 0.00000000 0.00097900
v 0.02129400 -0.00474900 0.00103200
v 0.02129400 0.00000000 0.00103200
v 0.02136900 -0.00474900 0.00107900
v 0.02136900 0.00000000 0.00107900
v 0.02136900 0.00000000 0.00107900
v 0.02144600 -0.00474900 0.00112100
v 0.02144600 0.00000000 0.00112100
v 0.02152700 -0.00474900 0.00115700
v 0.02152700 0.00000000 0.00115700
v 0.02161000 -0.00474900 0.00118700
v 0.02161000 0.00000000 0.00118700
v 0.02169400 -0.00474900 0.00121200
v 0.02169400 0.00000000 0.00121200
v 0.02178100 -0.00474900 0.00123100
v 0.02178100 0.00000000 0.00123100
v 0.02186800 -0.00474900 0.00124300
v 0.02186800 0.00000000 0.00124300
v 0.02195600 -0.00474900 0.00124900
v 0.02195600 0.00000000 0.00124900
v 0.02204400 -0.00474900 0.00124900
v 0.02204400 0.00000000 0.00124900
v 0.02213200 -0.00474900 0.00124300
v 0.02213200 0.00000000 0.00124300
v 0.02221900 -0.00474900 0.00123100
v 0.02221900 0.00000000 0.00123100
v 0.02230600 -0.00474900 0.00121200
v 0.02230600 0.00000000 0.00121200
v 0.02239000 -0.00474900 0.00118700
v 0.02239000 0.00000000 0.00118700
v 0.02247300 -0.00474900 0.00115700
v 0.02247300 0.00000000 0.00115700
v 0.02255400 -0.00474900 0.00112100
v 0.02255400 0.00000000 0.00112100
v 0.02263100 -0.00474900 0.00107900
v 0.02263100 0.00000000 0.00107900
v 0.02270600 -0.00474900 0.00103200
v 0.02270600 0.00000000 0.00103200
v 0.02277700 -0.00474900 0.00097900
v 0.02277700 0.00000000 0.00097900
v 0.02284400 -0.00474900 0.00092200
v 0.02284400 0.00000000 0.00092200
v 0.02290700 -0.00474900 0.00086000
v 0.02290700 0.00000000 0.00086000
v 0.02296500 -0.00474900 0.00079400
v 0.02296500 0.00000000 0.00079400
v 0.02301900 -0.00474900 0.00072400
v 0.02301900 0.00000000 0.00072400
v 0.02306800 -0.00474900 0.00065000
v 0.02306800 0.00000000 0.00065000
v 0.02311100 -0.00474900 0.00057300
v 0.02311100 0.00000000 0.00057300
v 0.02314800 -0.00474900 0.00049400
v 0.02314800 0.00000000 0.00049400
v 0.02318000 -0.00474900 0.00041100
v 0.02318000 0.00000000 0.00041100
v 0.02320600 -0.00474900 0.00032700
v 0.02320600 0.00000000 0.00032700
v 0.02322700 -0.00474900 0.00024100
v 0.02322700 0.00000000 0.00024100
v 0.02324000 -0.00474900 0.00015400
v 0.02324000 0.00000000 0.00015400
v 0.02324800 -0.00474900 0.00006600
v 0.02324800 0.00000000 0.00006600
v 0.02325000 -0.00474900 -0.00002200
v 0.02325000 -0.00000000 -0.00002200
v 0.02324500 -0.00474900 -0.00011000
v 0.02324500 -0.00000000 -0.00011000
v 0.02323400 -0.00474900 -0.00019800
v 0.02323400 -0.00000000 -0.00019800
v 0.02321700 -0.00474900 -0.00028400
v 0.02321700 -0.00000000 -0.00028400
v 0.02319400 -0.00474900 -0.00036900
v 0.02319400 -0.00000000 -0.00036900
v 0.02316500 -0.00474900 -0.00045300
v 0.02316500 -0.00000000 -0.00045300
v 0.02313000 -0.00474900 -0.00053400
v 0.02313000 -0.00000000 -0.00053400
v 0.02309000 -0.00474900 -0.00061200
v 0.02309000 -0.00000000 -0.00061200
v 0.02304400 -0.00474900 -0.00068800
v 0.02304400 -0.00000000 -0.00068800
v 0.02299300 -0.00474900 -0.00075900
v 0.02299300 -0.00000000 -0.00075900
v 0.02293700 -0.00474900 -0.00082800
v 0.02293700 -0.00000000 -0.00082800
v 0.02287600 -0.00474900 -0.00089200
v 0.02287600 -0.00000000 -0.00089200
v 0.02281100 -0.00474900 -0.00095100
v 0.02281100 -0.00000000 -0.00095100
v 0.02274200 -0.00474900 -0.00100600
v 0.02274200 -0.00000000 -0.00100600
v 0.02266900 -0.00474900 -0.00105600
v 0.02266900 -0.00000000 -0.00105600
v 0.02259300 -0.00474900 -0.00110000
v 0.02259300 -0.00000000 -0.00110000
v 0.02251400 -0.00474900 -0.00114000
v 0.02251400 -0.00000000 -0.00114000
v 0.02243200 -0.00474900 -0.00117300
v 0.02243200 -0.00000000 -0.00117300
v 0.02234800 -0.00474900 -0.00120000
v 0.02234800 -0.00000000 -0.00120000
v 0.02226300 -0.00474900 -0.00122200
v 0.02226300 -0.00000000 -0.00122200
v 0.02217600 -0.00474900 -0.00123800
v 0.02217600 -0.00000000 -0.00123800
v 0.02208800 -0.00474900 -0.00124700
v 0.02208800 -0.00000000 -0.00124700
v 0.01200000 -0.00550000 0.00000000
v 0.01200000 -0.00474900 -0.00125000
v 0.01191200 -0.00474900 -0.00124700
v 0.01173700 -0.00474900 -0.00122200
v 0.01165200 -0.00474900 -0.00120000
v 0.01182400 -0.00474900 -0.00123800
v 0.01148600 -0.00474900 -0.00114000
v 0.01140700 -0.00474900 -0.00110000
v 0.01156800 -0.00474900 -0.00117300
v 0.01125800 -0.00474900 -0.00100600
v 0.01118900 -0.00474900 -0.00095100
v 0.01133100 -0.00474900 -0.00105600
v 0.01106300 -0.00474900 -0.00082800
v 0.01100700 -0.00474900 -0.00075900
v 0.01112400 -0.00474900 -0.00089200
v 0.01091000 -0.00474900 -0.00061200
v 0.01087000 -0.00474900 -0.00053400
v 0.01095600 -0.00474900 -0.00068800
v 0.01080600 -0.00474900 -0.00036900
v 0.01078300 -0.00474900 -0.00028400
v 0.01083500 -0.00474900 -0.00045300
v 0.01075500 -0.00474900 -0.00011000
v 0.01075000 -0.00474900 -0.00002200
v 0.01076600 -0.00474900 -0.00019800
v 0.01076000 -0.00474900 0.00015400
v 0.01077300 -0.00474900 0.00024100
v 0.01075200 -0.00474900 0.00006600
v 0.01082000 -0.00474900 0.00041100
v 0.01085200 -0.00474900 0.00049400
v 0.01079400 -0.00474900 0.00032700
v 0.01093200 -0.00474900 0.00065000
v 0.01098100 -0.00474900 0.00072400
v 0.01088900 -0.00474900 0.00057300
v 0.01109300 -0.00474900 0.00086000
v 0.01115600 -0.00474900 0.00092200
v 0.01103500 -0.00474900 0.00079400
v 0.01129400 -0.00474900 0.00103200
v 0.01136900 -0.00474900 0.00107900
v 0.01122300 -0.00474900 0.00097900
v 0.01152700 -0.00474900 0.00115700
v 0.01161000 -0.00474900 0.00118700
v 0.01144600 -0.00474900 0.00112100
v 0.01178100 -0.00474900 0.00123100
v 0.01186800 -0.00474900 0.00124300
v 0.01169400 -0.00474900 0.00121200
v 0.01204400 -0.00474900 0.00124900
v 0.01213200 -0.00474900 0.00124300
v 0.01195600 -0.00474900 0.00124900
v 0.01230600 -0.00474900 0.00121200
v 0.01239000 -0.00474900 0.00118700
v 0.01221900 -0.00474900 0.00123100
v 0.01255400 -0.00474900 0.00112100
v 0.01263100 -0.00474900 0.00107900
v 0.01247300 -0.00474900 0.00115700
v 0.01277700 -0.00474900 0.00097900
v 0.01284400 -0.00474900 0.00092200
v 0.01270600 -0.00474900 0.00103200
v 0.01296500 -0.00474900 0.00079400
v 0.01301900 -0.00474900 0.00072400
v 0.01290700 -0.00474900 0.00086000
v 0.01311100 -0.00474900 0.00057300
v 0.01314800 -0.00474900 0.00049400
v 0.01306800 -0.00474900 0.00065000
v 0.01320600 -0.00474900 0.00032700
v 0.01322700 -0.00474900 0.00024100
v 0.01318000 -0.00474900 0.00041100
v 0.01324800 -0.00474900 0.00006600
v 0.01325000 -0.00474900 -0.00002200
v 0.01324000 -0.00474900 0.00015400
v 0.01323400 -0.00474900 -0.00019800
v 0.01321700 -0.00474900 -0.00028400
v 0.01324500 -0.00474900 -0.00011000
v 0.01316500 -0.00474900 -0.00045300
v 0.01313000 -0.00474900 -0.00053400
v 0.01319400 -0.00474900 -0.00036900
v 0.01304400 -0.00474900 -0.00068800
v 0.01299300 -0.00474900 -0.00075900
v 0.01309000 -0.00474900 -0.00061200
v 0.01287600 -0.00474900 -0.00089200
v 0.01281100 -0.00474900 -0.00095100
v 0.01293700 -0.00474900 -0.00082800
v 0.01266900 -0.00474900 -0.00105600
v 0.01259300 -0.00474900 -0.00110000
v 0.01274200 -0.00474900 -0.00100600
v 0.01243200 -0.00474900 -0.00117300
v 0.01234800 -0.00474900 -0.00120000
v 0.01251400 -0.00474900 -0.00114000
v 0.01217600 -0.00474900 -0.00123800
v 0.01208800 -0.00474900 -0.00124700
v 0.01226300 -0.00474900 -0.00122200
v 0.01200000 -0.00474900 -0.00125000
v 0.01200000 -0.00000000 -0.00125000
v 0.01191200 -0.00474900 -0.00124700
v 0.01191200 -0.00000000 -0.00124700
v 0.01182400 -0.00474900 -0.00123800
v 0.01182400 -0.00000000 -0.00123800
v 0.01173700 -0.00474900 -0.00122200
v 0.01173700 -0.00000000 -0.00122200
v 0.01165200 -0.00474900 -0.00120000
v 0.01165200 -0.00000000 -0.00120000
v 0.01156800 -0.00474900 -0.00117300
v 0.01156800 -0.00000000 -0.00117300
v 0.01148600 -0.00474900 -0.00114000
v 0.01148600 -0.00000000 -0.00114000
v 0.01140700 -0.00474900 -0.00110000
v 0.01140700 -0.00000000 -0.00110000
v 0.01133100 -0.00474900 -0.00105600
v 0.01133100 -0.00000000 -0.00105600
v 0.01125800 -0.00474900 -0.00100600
v 0.01125800 -0.00000000 -0.00100600
v 0.01118900 -0.00474900 -0.00095100
v 0.01118900 -0.00000000 -0.00095100
v 0.01112400 -0.00474900 -0.00089200
v 0.01112400 -0.00000000 -0.00089200
v 0.01106300 -0.00474900 -0.00082800
v 0.01106300 -0.00000000 -0.00082800
v 0.01100700 -0.00474900 -0.00075900
v 0.01100700 -0.00000000 -0.00075900
v 0.01095600 -0.00474900 -0.00068800
v 0.01095600 -0.00000000 -0.00068800
v 0.01091000 -0.00474900 -0.00061200
v 0.01091000 -0.00000000 -0.00061200
v 0.01087000 -0.00474900 -0.00053400
v 0.01087000 -0.00000000 -0.00053400
v 0.01083500 -0.00474900 -0.00045300
v 0.01083500 -0.00000000 -0.00045300
v 0.01080600 -0.00474900 -0.00036900
v 0.01080600 -0.00000000 -0.00036900
v 0.01078300 -0.00474900 -0.00028400
v 0.01078300 -0.00000000 -0.00028400
v 0.01076600 -0.00474900 -0.00019800
v 0.01076600 -0.00000000 -0.00019800
v 0.01075500 -0.00474900 -0.00011000
v 0.01075500 -0.00000000 -0.00011000
v 0.01075000 -0.00474900 -0.00002200
v 0.01075000 -0.00000000 -0.00002200
v 0.01075200 -0.00474900 0.00006600
v 0.01075200 0.00000000 0.00006600
v 0.01076000 -0.00474900 0.00015400
v 0.01076000 0.00000000 0.00015400
v 0.01077300 -0.00474900 0.00024100
v 0.01077300 0.00000000 0.00024100
v 0.01079400 -0.00474900 0.00032700
v 0.01079400 0.00000000 0.00032700
v 0.01082000 -0.00474900 0.00041100
v 0.01082000 0.00000000 0.00041100
v 0.01085200 -0.00474900 0.00049400
v 0.01085200 0.00000000 0.00049400
v 0.01088900 -0.00474900 0.00057300
v 0.01088900 0.00000000 0.00057300
v 0.01093200 -0.00474900 0.00065000
v 0.01093200 0.00000000 0.00065000
v 0.01098100 -0.00474900 0.00072400
v 0.01098100 0.00000000 0.00072400
v 0.01103500 -0.00474900 0.00079400
v 0.01103500 0.00000000 0.00079400
v 0.01109300 -0.00474900 0.00086000
v 0.01109300 0.00000000 0.00086000
v 0.01115600 -0.00474900 0.00092200
v 0.01115600 0.00000000 0.00092200
v 0.01122300 -0.00474900 0.00097900
v 0.01122300 0.00000000 0.00097900
v 0.01129400 -0.00474900 0.00103200
v 0.01129400 0.00000000 0.00103200
v 0.01136900 -0.00474900 0.00107900
v 0.01136900 0.00000000 0.00107900
v 0.01144600 -0.00474900 0.00112100
v 0.01144600 0.00000000 0.00112100
v 0.01152700 -0.00474900 0.00115700
v 0.01152700 0.00000000 0.00115700
v 0.01161000 -0.00474900 0.00118700
v 0.01161000 0.00000000 0.00118700
v 0.01169400 -0.00474900 0.00121200
v 0.01169400 0.00000000 0.00121200
v 0.01178100 -0.00474900 0.00123100
v 0.01178100 0.00000000 0.00123100
v 0.01186800 -0.00474900 0.00124300
v 0.01186800 0.00000000 0.00124300
v 0.01195600 -0.00474900 0.00124900
v 0.01195600 0.00000000 0.00124900
v 0.01204400 -0.00474900 0.00124900
v 0.01204400 0.00000000 0.00124900
v 0.01213200 -0.00474900 0.00124300
v 0.01213200 0.00000000 0.00124300
v 0.01221900 -0.00474900 0.00123100
v 0.01221900 0.00000000 0.00123100
v 0.01230600 -0.00474900 0.00121200
v 0.01230600 0.00000000 0.00121200
v 0.01239000 -0.00474900 0.00118700
v 0.01239000 0.00000000 0.00118700
v 0.01247300 -0.00474900 0.00115700
v 0.01247300 0.00000000 0.00115700
v 0.01255400 -0.00474900 0.00112100
v 0.01255400 0.00000000 0.00112100
v 0.01263100 -0.00474900 0.00107900
v 0.01263100 0.00000000 0.00107900
v 0.01270600 -0.00474900 0.00103200
v 0.01270600 0.00000000 0.00103200
v 0.01277700 -0.00474900 0.00097900
v 0.01277700 0.00000000 0.00097900
v 0.01284400 -0.00474900 0.00092200
v 0.01284400 0.00000000 0.00092200
v 0.01290700 -0.00474900 0.00086000
v 0.01290700 0.00000000 0.00086000
v 0.01296500 -0.00474900 0.00079400
v 0.01296500 0.00000000 0.00079400
v 0.01301900 -0.00474900 0.00072400
v 0.01301900 0.00000000 0.00072400
v 0.01306800 -0.00474900 0.00065000
v 0.01306800 0.00000000 0.00065000
v 0.01311100 -0.00474900 0.00057300
v 0.01311100 0.00000000 0.00057300
v 0.01314800 -0.00474900 0.00049400
v 0.01314800 0.00000000 0.00049400
v 0.01318000 -0.00474900 0.00041100
v 0.01318000 0.00000000 0.00041100
v 0.01320600 -0.00474900 0.00032700
v 0.01320600 0.00000000 0.00032700
v 0.01322700 -0.00474900 0.00024100
v 0.01322700 0.00000000 0.00024100
v 0.01324000 -0.00474900 0.00015400
v 0.01324000 0.00000000 0.00015400
v 0.01324800 -0.00474900 0.00006600
v 0.01324800 0.00000000 0.00006600
v 0.01325000 -0.00474900 -0.00002200
v 0.01325000 -0.00000000 -0.00002200
v 0.01324500 -0.00474900 -0.00011000
v 0.01324500 -0.00000000 -0.00011000
v 0.01323400 -0.00474900 -0.00019800
v 0.01323400 -0.00000000 -0.00019800
v 0.01321700 -0.00474900 -0.00028400
v 0.01321700 -0.00000000 -0.00028400
v 0.01319400 -0.00474900 -0.00036900
v 0.01319400 -0.00000000 -0.00036900
v 0.01316500 -0.00474900 -0.00045300
v 0.01319400 -0.00000000 -0.00036900
v 0.01316500 -0.00000000 -0.00045300
v 0.01313000 -0.00474900 -0.00053400
v 0.01313000 -0.00000000 -0.00053400
v 0.01309000 -0.00474900 -0.00061200
v 0.01309000 -0.00000000 -0.00061200
v 0.01304400 -0.00474900 -0.00068800
v 0.01304400 -0.00000000 -0.00068800
v 0.01299300 -0.00474900 -0.00075900
v 0.01299300 -0.00000000 -0.00075900
v 0.01293700 -0.00474900 -0.00082800
v 0.01293700 -0.00000000 -0.00082800
v 0.01287600 -0.00474900 -0.00089200
v 0.01287600 -0.00000000 -0.00089200
v 0.01281100 -0.00474900 -0.00095100
v 0.01281100 -0.00000000 -0.00095100
v 0.01274200 -0.00474900 -0.00100600
v 0.01274200 -0.00000000 -0.00100600
v 0.01266900 -0.00474900 -0.00105600
v 0.01266900 -0.00000000 -0.00105600
v 0.01259300 -0.00474900 -0.00110000
v 0.01259300 -0.00000000 -0.00110000
v 0.01251400 -0.00474900 -0.00114000
v 0.01251400 -0.00000000 -0.00114000
v 0.01243200 -0.00474900 -0.00117300
v 0.01243200 -0.00000000 -0.00117300
v 0.01234800 -0.00474900 -0.00120000
v 0.01234800 -0.00000000 -0.00120000
v 0.01226300 -0.00474900 -0.00122200
v 0.01226300 -0.00000000 -0.00122200
v 0.01217600 -0.00474900 -0.00123800
v 0.01217600 -0.00000000 -0.00123800
v 0.01208800 -0.00474900 -0.00124700
v 0.01208800 -0.00000000 -0.00124700
v 0.06502300 -0.00549900 0.00189400
v 0.06508800 -0.00551200 0.00176900
v 0.06502300 -0.00549900 -0.00189400
v 0.06495400 -0.00548400 -0.00201700
v 0.06255500 -0.00497400 0.00385800
v 0.06228100 -0.00491600 0.00392300
v 0.03757800 0.00033500 0.00884100
v 0.03757800 0.00033500 0.00505000
v 0.06282400 -0.00503100 -0.00377400
v 0.06255500 -0.00497400 -0.00385800
v 0.06228100 -0.00491600 -0.00392300
v 0.03915400 -0.00000000 -0.00505000
v 0.03757800 0.00033500 -0.00884100
v 0.03757800 0.00033500 -0.00505000
v 0.06282400 -0.00503100 0.00377400
v 0.06308700 -0.00508700 0.00367200
v 0.06334100 -0.00514100 0.00355100
v 0.06520300 -0.00553700 -0.00151200
v 0.06514800 -0.00552500 -0.00164100
v 0.06508800 -0.00551200 -0.00176900
v 0.06358700 -0.00519300 -0.00341200
v 0.06334100 -0.00514100 -0.00355100
v 0.06308700 -0.00508700 -0.00367200
v 0.06358700 -0.00519300 0.00341200
v 0.06382200 -0.00524300 0.00325700
v 0.06404600 -0.00529100 0.00308500
v 0.06514800 -0.00552500 0.00164100
v 0.06520300 -0.00553700 0.00151200
v 0.06525400 -0.00554800 0.00138100
v 0.06425700 -0.00533600 -0.00289800
v 0.06404600 -0.00529100 -0.00308500
v 0.06382200 -0.00524300 -0.00325700
v 0.06534200 -0.00556600 -0.00111300
v 0.06530100 -0.00555800 -0.00124700
v 0.06525400 -0.00554800 -0.00138100
v 0.06425700 -0.00533600 0.00289800
v 0.06445400 -0.00537800 0.00269700
v 0.06463600 -0.00541600 0.00248200
v 0.06480300 -0.00545200 0.00225500
v 0.06495400 -0.00548400 0.00201700
v 0.06480300 -0.00545200 -0.00225500
v 0.06463600 -0.00541600 -0.00248200
v 0.06445400 -0.00537800 -0.00269700
v 0.06530100 -0.00555800 0.00124700
v 0.06534200 -0.00556600 0.00111300
v 0.06537900 -0.00557400 0.00097700
v 0.06543800 -0.00558700 -0.00070100
v 0.06541100 -0.00558100 -0.00083900
v 0.06537900 -0.00557400 -0.00097700
v 0.06541100 -0.00558100 0.00083900
v 0.06543800 -0.00558700 0.00070100
v 0.06546000 -0.00559200 0.00056200
v 0.06549000 -0.00559800 -0.00028200
v 0.06547800 -0.00559500 -0.00042200
v 0.06546000 -0.00559200 -0.00056200
v 0.06547800 -0.00559500 0.00042200
v 0.06549000 -0.00559800 0.00028200
v 0.06549800 -0.00559900 0.00014100
v 0.06550000 -0.00560000 0.00000000
v 0.06549800 -0.00559900 -0.00014100
v 0.03732900 0.00039600 0.00505000
v 0.03732900 0.00039600 0.00889000
v 0.03708500 0.00047300 0.00505000
v 0.03708500 0.00047300 0.00893900
v 0.03684600 0.00056600 0.00505000
v 0.03684600 0.00056600 0.00898600
v 0.03661400 0.00067300 0.00505000
v 0.03661400 0.00067300 0.00903200
v 0.03638900 0.00079500 0.00505000
v 0.03638900 0.00079500 0.00907700
v 0.03617200 0.00093200 0.00505000
v 0.03617200 0.00093200 0.00912000
v 0.03596500 0.00108100 0.00505000
v 0.03596500 0.00108100 0.00916200
v 0.03576700 0.00124400 0.00505000
v 0.03576700 0.00124400 0.00920100
v 0.03576700 0.00124400 -0.00505000
v 0.03576700 0.00124400 -0.00920100
v 0.03596500 0.00108100 -0.00505000
v 0.03596500 0.00108100 -0.00916200
v 0.03617200 0.00093200 -0.00505000
v 0.03617200 0.00093200 -0.00912000
v 0.03638900 0.00079500 -0.00505000
v 0.03638900 0.00079500 -0.00907700
v 0.03661400 0.00067300 -0.00505000
v 0.03661400 0.00067300 -0.00903200
v 0.03684600 0.00056600 -0.00505000
v 0.03684600 0.00056600 -0.00898600
v 0.03708500 0.00047300 -0.00505000
v 0.03708500 0.00047300 -0.00893900
v 0.03732900 0.00039600 -0.00505000
v 0.03732900 0.00039600 -0.00889000
v 0.00600000 0.00550000 0.00505000
v 0.00550000 0.00600000 0.00555000
v 0.03150000 0.00550000 0.00505000
v 0.03100000 0.00600000 0.00555000
v 0.00600000 0.00000000 0.00505000
v 0.00550000 -0.00050000 0.00555000
v 0.00600000 0.00550000 0.00505000
v 0.00550000 0.00600000 0.00555000
v 0.00600000 -0.00000000 -0.00505000
v 0.00550000 -0.00050000 -0.00555000
v 0.00600000 0.00000000 0.00505000
v 0.00550000 -0.00050000 0.00555000
v 0.00600000 0.00550000 -0.00505000
v 0.00550000 0.00600000 -0.00555000
v 0.00600000 -0.00000000 -0.00505000
v 0.00550000 -0.00050000 -0.00555000
v 0.00550000 0.00600000 -0.00555000
v 0.00600000 0.00550000 -0.00505000
v 0.03100000 0.00600000 -0.00555000
v 0.03150000 0.00550000 -0.00505000
v 0.00550000 0.00600000 0.00965000
v 0.00600000 0.00550000 0.01015000
v 0.03100000 0.00600000 0.00965000
v 0.03100000 0.00550000 0.01015000
v 0.03141700 0.00558300 0.01006700
v 0.00550000 -0.00570000 0.00965000
v 0.00600000 -0.00620000 0.01015000
v 0.00550000 0.00600000 0.00965000
v 0.00600000 0.00550000 0.01015000
v 0.00550000 -0.00570000 -0.00965000
v 0.00600000 -0.00620000 -0.01015000
v 0.00550000 -0.00570000 0.00965000
v 0.00600000 -0.00620000 0.01015000
v 0.00550000 0.00600000 -0.00965000
v 0.00600000 0.00550000 -0.01015000
v 0.00550000 -0.00570000 -0.00965000
v 0.00600000 -0.00620000 -0.01015000
v 0.00600000 0.00550000 -0.01015000
v 0.00550000 0.00600000 -0.00965000
v 0.03100000 0.00550000 -0.01015000
v 0.03100000 0.00600000 -0.00965000
v 0.03141700 0.00558300 -0.01006700
vn -0.00000000 -0.00000000 -1.00000000
vn 0.01090000 -0.00000000 -0.99990000
vn -0.00000000 -0.00000000 -1.00000000
vn 0.02180000 -0.00000000 -0.99980000
vn -1.00000000 -0.00000000 -0.00000000
vn -1.00000000 -0.00000000 -0.00000000
vn -1.00000000 -0.00000000 -0.00000000
vn -1.00000000 -0.00000000 -0.00000000
vn 0.02180000 -0.00000000 0.99980000
vn -0.00000000 -0.00000000 1.00000000
vn 0.01090000 -0.00000000 0.99990000
vn -0.00000000 -0.00000000 1.00000000
vn 0.05460000 -0.00000000 0.99850000
vn 0.07640000 -0.00000000 0.99710000
vn 0.11980000 -0.00000000 0.99280000
vn 0.14140000 -0.00000000 0.98990000
vn 0.17380000 -0.00000000 0.98480000
vn 0.18450000 -0.00000000 0.98280000
vn 0.21820000 -0.00000000 0.97590000
vn 0.20680000 -0.00000000 0.97840000
vn 0.25240000 -0.00000000 0.96760000
vn 0.27510000 -0.00000000 0.96140000
vn 0.32000000 -0.00000000 0.94740000
vn 0.34220000 -0.00000000 0.93960000
vn 0.38590000 -0.00000000 0.92250000
vn 0.40750000 -0.00000000 0.91320000
vn 0.44990000 -0.00000000 0.89310000
vn 0.47080000 -0.00000000 0.88230000
vn 0.51170000 -0.00000000 0.85920000
vn 0.53170000 -0.00000000 0.84690000
vn 0.57090000 -0.00000000 0.82100000
vn 0.59010000 -0.00000000 0.80740000
vn 0.62730000 -0.00000000 0.77880000
vn 0.64540000 -0.00000000 0.76380000
vn 0.68060000 -0.00000000 0.73270000
vn 0.69760000 -0.00000000 0.71650000
vn 0.73050000 -0.00000000 0.68290000
vn 0.74630000 -0.00000000 0.66560000
vn 0.77680000 -0.00000000 0.62980000
vn 0.79140000 -0.00000000 0.61140000
vn 0.81920000 -0.00000000 0.57350000
vn 0.83240000 -0.00000000 0.55410000
vn 0.85750000 -0.00000000 0.51440000
vn 0.86940000 -0.00000000 0.49410000
vn 0.89160000 -0.00000000 0.45280000
vn 0.90200000 -0.00000000 0.43170000
vn 0.92130000 -0.00000000 0.38880000
vn 0.93020000 -0.00000000 0.36710000
vn 0.94640000 -0.00000000 0.32300000
vn 0.95370000 -0.00000000 0.30070000
vn 0.96680000 -0.00000000 0.25560000
vn 0.97250000 -0.00000000 0.23280000
vn 0.98240000 -0.00000000 0.18680000
vn 0.98650000 -0.00000000 0.16370000
vn 0.99310000 -0.00000000 0.11720000
vn 0.99560000 -0.00000000 0.09380000
vn 0.99890000 -0.00000000 0.04700000
vn 0.99970000 -0.00000000 0.02350000
vn 0.99970000 -0.00000000 -0.02350000
vn 0.99890000 -0.00000000 -0.04700000
vn 0.99560000 -0.00000000 -0.09380000
vn 0.99310000 -0.00000000 -0.11720000
vn 0.98650000 -0.00000000 -0.16370000
vn 0.98240000 -0.00000000 -0.18680000
vn 0.97250000 -0.00000000 -0.23280000
vn 0.96680000 -0.00000000 -0.25560000
vn 0.95370000 -0.00000000 -0.30070000
vn 0.94640000 -0.00000000 -0.32300000
vn 0.93020000 -0.00000000 -0.36710000
vn 0.92130000 -0.00000000 -0.38880000
vn 0.90200000 -0.00000000 -0.43170000
vn 0.89160000 -0.00000000 -0.45280000
vn 0.86940000 -0.00000000 -0.49420000
vn 0.85760000 -0.00000000 -0.51440000
vn 0.83240000 -0.00000000 -0.55410000
vn 0.81920000 -0.00000000 -0.57350000
vn 0.79140000 -0.00000000 -0.61140000
vn 0.77680000 -0.00000000 -0.62980000
vn 0.74630000 -0.00000000 -0.66560000
vn 0.73050000 -0.00000000 -0.68290000
vn 0.69760000 -0.00000000 -0.71650000
vn 0.68060000 -0.00000000 -0.73270000
vn 0.64540000 -0.00000000 -0.76380000
vn 0.62730000 -0.00000000 -0.77880000
vn 0.59010000 -0.00000000 -0.80740000
vn 0.57090000 -0.00000000 -0.82100000
vn 0.53170000 -0.00000000 -0.84690000
vn 0.51170000 -0.00000000 -0.85920000
vn 0.47080000 -0.00000000 -0.88230000
vn 0.44990000 -0.00000000 -0.89310000
vn 0.40750000 -0.00000000 -0.91320000
vn 0.38590000 -0.00000000 -0.92250000
vn 0.34220000 -0.00000000 -0.93960000
vn 0.32000000 -0.00000000 -0.94740000
vn 0.27510000 -0.00000000 -0.96140000
vn 0.25250000 -0.00000000 -0.96760000
vn 0.21820000 -0.00000000 -0.97590000
vn 0.20670000 -0.00000000 -0.97840000
vn 0.17380000 -0.00000000 -0.98480000
vn 0.18450000 -0.00000000 -0.98280000
vn 0.14140000 -0.00000000 -0.98990000
vn 0.11980000 -0.00000000 -0.99280000
vn 0.07630000 -0.00000000 -0.99710000
vn 0.05460000 -0.00000000 -0.99850000
vn -0.00000000 1.00000000 -0.00000000
vn -0.00000000 1.00000000 -0.00000000
vn -0.00000000 1.00000000 -0.00000000
vn -0.00000000 1.00000000 -0.00000000
vn -0.00000000 1.00000000 -0.00000000
vn -0.00000000 1.00000000 -0.00000000
vn -0.00000000 1.00000000 -0.00000000
vn -0.00000000 1.00000000 -0.00000000
vn -0.00000000 1.00000000 -0.00000000
vn -0.00000000 1.00000000 -0.00000000
vn -0.00000000 1.00000000 -0.00000000
vn -0.00000000 1.00000000 -0.00000000
vn -0.00000000 1.00000000 -0.00000000
vn -0.00000000 1.00000000 -0.00000000
vn -0.00000000 1.00000000 -0.00000000
vn -0.00000000 1.00000000 -0.00000000
vn -0.00000000 1.00000000 -0.00000000
vn -0.00000000 1.00000000 -0.00000000
vn -0.00000000 1.00000000 -0.00000000
vn -0.00000000 1.00000000 -0.00000000
vn -0.00000000 1.00000000 -0.00000000
vn -0.00000000 1.00000000 -0.00000000
vn -0.00000000 1.00000000 -0.00000000
vn -0.00000000 1.00000000 -0.00000000
vn -0.00000000 1.00000000 -0.00000000
vn -0.00000000 1.00000000 -0.00000000
vn -0.00000000 1.00000000 -0.00000000
vn -0.00000000 1.00000000 -0.00000000
vn -0.00000000 1.00000000 -0.00000000
vn -0.00000000 1.00000000 -0.00000000
vn -0.00000000 1.00000000 -0.00000000
vn -0.00000000 1.00000000 -0.00000000
vn -0.00000000 1.00000000 -0.00000000
vn -0.00000000 1.00000000 -0.00000000
vn -0.00000000 1.00000000 -0.00000000
vn -0.00000000 1.00000000 -0.00000000
vn -0.00000000 1.00000000 -0.00000000
vn -0.00000000 1.00000000 -0.00000000
vn -0.00000000 1.00000000 -0.00000000
vn -0.00000000 1.00000000 -0.00000000
vn -0.00000000 1.00000000 -0.00000000
vn -0.00000000 1.00000000 -0.00000000
vn -0.00000000 1.00000000 -0.00000000
vn -0.00000000 1.00000000 -0.00000000
vn -0.00000000 1.00000000 -0.00000000
vn -0.00000000 1.00000000 -0.00000000
vn -0.00000000 1.00000000 -0.00000000
vn -0.00000000 1.00000000 -0.00000000
vn -0.00000000 1.00000000 -0.00000000
vn -0.00000000 1.00000000 -0.00000000
vn -0.00000000 1.00000000 -0.00000000
vn -0.00000000 1.00000000 -0.00000000
vn -0.00000000 1.00000000 -0.00000000
vn -0.00000000 1.00000000 -0.00000000
vn -0.00000000 -1.00000000 -0.00000000
vn -0.00000000 -1.00000000 -0.00000000
vn -0.00000000 -1.00000000 -0.00000000
vn -0.00000000 -1.00000000 -0.00000000
vn -0.00000000 -1.00000000 -0.00000000
vn -0.00000000 -1.00000000 -0.00000000
vn -0.00000000 -1.00000000 -0.00000000
vn -0.00000000 -1.00000000 -0.00000000
vn -0.00000000 -1.00000000 -0.00000000
vn -0.00000000 -1.00000000 -0.00000000
vn -0.00000000 -1.00000000 -0.00000000
vn -0.00000000 -1.00000000 -0.00000000
vn -0.00000000 -1.00000000 -0.00000000
vn -0.00000000 -1.00000000 -0.00000000
vn -0.00000000 -1.00000000 -0.00000000
vn -0.00000000 -1.00000000 -0.00000000
vn -0.00000000 -1.00000000 -0.00000000
vn -0.00000000 -1.00000000 -0.00000000
vn -0.00000000 -1.00000000 -0.00000000
vn -0.00000000 -1.00000000 -0.00000000
vn -0.00000000 -1.00000000 -0.00000000
vn -0.00000000 -1.00000000 -0.00000000
vn -0.00000000 -1.00000000 -0.00000000
vn -0.00000000 -1.00000000 -0.00000000
vn -0.00000000 -1.00000000 -0.00000000
vn -0.00000000 -1.00000000 -0.00000000
vn -0.00000000 -1.00000000 -0.00000000
vn -0.00000000 -1.00000000 -0.00000000
vn -0.00000000 -1.00000000 -0.00000000
vn -0.00000000 -1.00000000 -0.00000000
vn -0.00000000 -1.00000000 -0.00000000
vn -0.00000000 -1.00000000 -0.00000000
vn -0.00000000 -1.00000000 -0.00000000
vn -0.00000000 -1.00000000 -0.00000000
vn -0.00000000 -1.00000000 -0.00000000
vn -0.00000000 -1.00000000 -0.00000000
vn -0.00000000 -1.00000000 -0.00000000
vn -0.00000000 -1.00000000 -0.00000000
vn -0.00000000 -1.00000000 -0.00000000
vn -0.00000000 -1.00000000 -0.00000000
vn -0.00000000 -1.00000000 -0.00000000
vn -0.00000000 -1.00000000 -0.00000000
vn -0.00000000 -1.00000000 -0.00000000
vn -0.00000000 -1.00000000 -0.00000000
vn -0.00000000 -1.00000000 -0.00000000
vn -0.00000000 -1.00000000 -0.00000000
vn -0.00000000 -1.00000000 -0.00000000
vn -0.00000000 -1.00000000 -0.00000000
vn -0.00000000 -1.00000000 -0.00000000
vn -0.00000000 -1.00000000 -0.00000000
vn -0.00000000 1.00000000 -0.00000000
vn -0.00000000 1.00000000 -0.00000000
vn -0.00000000 1.00000000 -0.00000000
vn -0.00000000 1.00000000 -0.00000000
vn 0.70710000 0.70710000 -0.00000000
vn 0.70710000 0.70710000 -0.00000000
vn 0.70710000 0.70710000 -0.00000000
vn 0.70710000 0.70710000 -0.00000000
vn 0.69570000 0.71830000 -0.00000000
vn 0.69570000 0.71830000 -0.00000000
vn -0.00000000 -0.00000000 1.00000000
vn 0.09810000 -0.00000000 0.99520000
vn -0.00000000 -0.00000000 1.00000000
vn 0.13070000 -0.00000000 0.99140000
vn -0.00000000 1.00000000 -0.00000000
vn -0.00000000 1.00000000 -0.00000000
vn -0.00000000 1.00000000 -0.00000000
vn -0.00000000 1.00000000 -0.00000000
vn 0.09810000 -0.00000000 -0.99520000
vn 0.16770000 -0.00000000 -0.98580000
vn -0.00000000 -0.00000000 -1.00000000
vn -0.00000000 -0.00000000 -1.00000000
vn -0.00000000 -1.00000000 -0.00000000
vn -0.00000000 -1.00000000 -0.00000000
vn -0.00000000 -1.00000000 -0.00000000
vn -0.00000000 -1.00000000 -0.00000000
vn -0.00000000 -1.00000000 -0.00000000
vn -0.00000000 -1.00000000 -0.00000000
vn -0.00000000 -1.00000000 -0.00000000
vn -0.00000000 -1.00000000 -0.00000000
vn -0.00000000 -1.00000000 -0.00000000
vn -0.00000000 -1.00000000 -0.00000000
vn -0.00000000 -1.00000000 -0.00000000
vn -0.00000000 -1.00000000 -0.00000000
vn -0.00000000 -1.00000000 -0.00000000
vn -0.00000000 -1.00000000 -0.00000000
vn -0.00000000 -1.00000000 -0.00000000
vn -0.00000000 -1.00000000 -0.00000000
vn -0.00000000 -1.00000000 -0.00000000
vn -0.00000000 -1.00000000 -0.00000000
vn -0.00000000 -1.00000000 -0.00000000
vn -0.00000000 -1.00000000 -0.00000000
vn -0.00000000 -1.00000000 -0.00000000
vn -0.00000000 -1.00000000 -0.00000000
vn -0.00000000 -1.00000000 -0.00000000
vn -0.00000000 -1.00000000 -0.00000000
vn -0.00000000 -1.00000000 -0.00000000
vn -0.00000000 -1.00000000 -0.00000000
vn -0.00000000 -1.00000000 -0.00000000
vn -0.00000000 -1.00000000 -0.00000000
vn -0.00000000 -1.00000000 -0.00000000
vn -0.00000000 -1.00000000 -0.00000000
vn -0.00000000 -1.00000000 -0.00000000
vn -0.00000000 -1.00000000 -0.00000000
vn -0.00000000 -1.00000000 -0.00000000
vn -0.00000000 -1.00000000 -0.00000000
vn -0.00000000 -1.00000000 -0.00000000
vn -0.00000000 -1.00000000 -0.00000000
vn -0.00000000 -1.00000000 -0.00000000
vn -0.00000000 -1.00000000 -0.00000000
vn -0.00000000 -1.00000000 -0.00000000
vn -0.00000000 -1.00000000 -0.00000000
vn -0.00000000 -1.00000000 -0.00000000
vn -0.00000000 -1.00000000 -0.00000000
vn -0.00000000 -1.00000000 -0.00000000
vn -0.00000000 -1.00000000 -0.00000000
vn 0.19520000 -0.00000000 -0.98080000
vn 0.19520000 -0.00000000 -0.98080000
vn 0.19520000 -0.00000000 -0.98080000
vn 0.19520000 -0.00000000 -0.98080000
vn 0.19520000 -0.00000000 -0.98080000
vn 0.19520000 -0.00000000 -0.98080000
vn 0.19520000 -0.00000000 -0.98080000
vn 0.19520000 -0.00000000 -0.98080000
vn 0.19520000 -0.00000000 -0.98080000
vn 0.21250000 -0.00000000 -0.97720000
vn 0.21250000 -0.00000000 -0.97720000
vn 0.19520000 -0.00000000 -0.98080000
vn 0.19520000 -0.00000000 -0.98080000
vn 0.19520000 -0.00000000 0.98080000
vn 0.19520000 -0.00000000 0.98080000
vn 0.19520000 -0.00000000 0.98080000
vn 0.19520000 -0.00000000 0.98080000
vn 0.19520000 -0.00000000 0.98080000
vn 0.19520000 -0.00000000 0.98080000
vn 0.19520000 -0.00000000 0.98080000
vn 0.19520000 -0.00000000 0.98080000
vn 0.19520000 -0.00000000 0.98080000
vn 0.19520000 -0.00000000 0.98080000
vn 0.19520000 -0.00000000 0.98080000
vn 0.21250000 -0.00000000 0.97720000
vn 0.21250000 -0.00000000 0.97720000
vn 0.19520000 -0.00000000 0.98080000
vn 0.99750000 -0.00410000 0.07050000
vn 0.99310000 -0.00280000 0.11730000
vn 0.99610000 -0.00210000 0.08800000
vn 0.25250000 -0.00000000 0.96760000
vn 0.27510000 -0.00000000 0.96140000
vn 0.32000000 -0.00000000 0.94740000
vn 0.34210000 -0.00000000 0.93970000
vn 0.38590000 -0.00000000 0.92250000
vn 0.40750000 -0.00000000 0.91320000
vn 0.44990000 -0.00000000 0.89310000
vn 0.47080000 -0.00000000 0.88230000
vn 0.51170000 -0.00000000 0.85920000
vn 0.53170000 -0.00000000 0.84690000
vn 0.57090000 -0.00000000 0.82100000
vn 0.59000000 -0.00000000 0.80740000
vn 0.62730000 -0.00000000 0.77880000
vn 0.64540000 -0.00000000 0.76380000
vn 0.68060000 -0.00000000 0.73270000
vn 0.69760000 -0.00000000 0.71650000
vn 0.73050000 -0.00000000 0.68290000
vn 0.74630000 -0.00000000 0.66560000
vn 0.77680000 -0.00000000 0.62980000
vn 0.79130000 -0.00000000 0.61140000
vn 0.81920000 -0.00000000 0.57350000
vn 0.83240000 -0.00000000 0.55410000
vn 0.86700000 -0.00140000 0.49830000
vn 0.85910000 -0.00000000 0.51190000
vn 0.90450000 -0.00180000 0.42650000
vn 0.93230000 -0.00190000 0.36170000
vn 0.92120000 -0.00240000 0.38900000
vn 0.91180000 -0.00360000 0.41060000
vn 0.89150000 -0.00230000 0.45300000
vn 0.88060000 -0.00350000 0.47390000
vn 0.95540000 -0.00190000 0.29520000
vn 0.97390000 -0.00200000 0.22710000
vn 0.96680000 -0.00250000 0.25570000
vn 0.96050000 -0.00390000 0.27840000
vn 0.94630000 -0.00250000 0.32320000
vn 0.93850000 -0.00380000 0.34530000
vn 0.98740000 -0.00200000 0.15800000
vn 0.99010000 -0.00410000 0.14060000
vn 0.98240000 -0.00260000 0.18690000
vn 0.97770000 -0.00400000 0.20990000
vn 0.99890000 -0.00270000 0.04700000
vn 0.99960000 -0.00140000 0.02940000
vn 1.00000000 -0.00150000 -0.00000000
vn 0.99940000 -0.00210000 -0.03520000
vn 0.99940000 -0.00000000 -0.03530000
vn 0.99750000 -0.00150000 -0.07040000
vn 0.99440000 -0.00210000 -0.10550000
vn 0.99440000 -0.00000000 -0.10580000
vn 0.99010000 -0.00120000 -0.14060000
vn 0.98450000 -0.00210000 -0.17530000
vn 0.98450000 -0.00000000 -0.17540000
vn 0.97770000 -0.00130000 -0.20980000
vn 0.96970000 -0.00200000 -0.24420000
vn 0.96970000 -0.00000000 -0.24430000
vn 0.96050000 -0.00120000 -0.27830000
vn 0.95010000 -0.00190000 -0.31190000
vn 0.95010000 -0.00000000 -0.31180000
vn 0.93850000 -0.00120000 -0.34520000
vn 0.92580000 -0.00180000 -0.37800000
vn 0.92580000 -0.00000000 -0.37800000
vn 0.91190000 -0.00120000 -0.41040000
vn 0.89690000 -0.00180000 -0.44220000
vn 0.89690000 -0.00000000 -0.44230000
vn 0.88080000 -0.00120000 -0.47360000
vn 0.86650000 -0.00120000 -0.49920000
vn 0.85450000 -0.00000000 -0.51940000
vn 0.83240000 -0.00000000 -0.55410000
vn 0.81920000 -0.00000000 -0.57350000
vn 0.79140000 -0.00000000 -0.61140000
vn 0.77680000 -0.00000000 -0.62980000
vn 0.74630000 -0.00000000 -0.66560000
vn 0.73050000 -0.00000000 -0.68290000
vn 0.69760000 -0.00000000 -0.71650000
vn 0.68060000 -0.00000000 -0.73270000
vn 0.64540000 -0.00000000 -0.76380000
vn 0.62730000 -0.00000000 -0.77880000
vn 0.59000000 -0.00000000 -0.80740000
vn 0.57090000 -0.00000000 -0.82100000
vn 0.53170000 -0.00000000 -0.84690000
vn 0.51170000 -0.00000000 -0.85920000
vn 0.47080000 -0.00000000 -0.88230000
vn 0.44990000 -0.00000000 -0.89310000
vn 0.40750000 -0.00000000 -0.91320000
vn 0.38590000 -0.00000000 -0.92250000
vn 0.34210000 -0.00000000 -0.93960000
vn 0.32000000 -0.00000000 -0.94740000
vn 0.27510000 -0.00000000 -0.96140000
vn 0.25250000 -0.00000000 -0.96760000
vn 0.69570000 0.71830000 -0.00000000
vn 0.69570000 0.71830000 -0.00000000
vn 0.70710000 0.70710000 -0.00000000
vn 0.70710000 0.70710000 -0.00000000
vn 0.70710000 0.70710000 -0.00000000
vn 0.70710000 0.70710000 -0.00000000
vn -1.00000000 -0.00000000 -0.00000000
vn -1.00000000 -0.00000000 -0.00000000
vn -1.00000000 -0.00000000 -0.00000000
vn -1.00000000 -0.00000000 -0.00000000
vn -1.00000000 -0.00000000 -0.00000000
vn -1.00000000 -0.00000000 -0.00000000
vn -1.00000000 -0.00000000 -0.00000000
vn -1.00000000 -0.00000000 -0.00000000
vn -0.00000000 -0.00000000 1.00000000
vn -0.00000000 -0.00000000 1.00000000
vn -0.00000000 -0.00000000 1.00000000
vn -0.00000000 -0.00000000 1.00000000
vn -0.00000000 -0.00000000 1.00000000
vn -0.00000000 -0.00000000 1.00000000
vn -0.00000000 -0.00000000 1.00000000
vn -0.00000000 -0.00000000 1.00000000
vn -0.00000000 -0.00000000 1.00000000
vn -0.00000000 -0.00000000 1.00000000
vn -0.00000000 -0.00000000 1.00000000
vn -0.00000000 -0.00000000 1.00000000
vn -0.00000000 -0.00000000 1.00000000
vn -0.00000000 -0.00000000 1.00000000
vn -0.00000000 -0.00000000 -1.00000000
vn -0.00000000 -0.00000000 -1.00000000
vn -0.00000000 -0.00000000 -1.00000000
vn -0.00000000 -0.00000000 -1.00000000
vn -0.00000000 -0.00000000 -1.00000000
vn -0.00000000 -0.00000000 -1.00000000
vn -0.00000000 -0.00000000 -1.00000000
vn -0.00000000 -0.00000000 -1.00000000
vn -0.00000000 -0.00000000 -1.00000000
vn -0.00000000 -0.00000000 -1.00000000
vn -0.00000000 -0.00000000 -1.00000000
vn -0.00000000 -0.00000000 -1.00000000
vn -0.00000000 -0.00000000 -1.00000000
vn -0.00000000 -0.00000000 -1.00000000
vn -0.00000000 1.00000000 -0.00000000
vn -0.00000000 1.00000000 -0.00000000
vn -0.00000000 1.00000000 -0.00000000
vn -0.00000000 1.00000000 -0.00000000
vn -0.00000000 1.00000000 -0.00000000
vn -0.00000000 1.00000000 -0.00000000
vn -0.00000000 1.00000000 -0.00000000
vn -0.00000000 1.00000000 -0.00000000
vn -0.00000000 1.00000000 -0.00000000
vn -0.00000000 1.00000000 -0.00000000
vn -0.00000000 1.00000000 -0.00000000
vn -0.00000000 1.00000000 -0.00000000
vn -0.00000000 1.00000000 -0.00000000
vn -0.00000000 1.00000000 -0.00000000
vn -0.00000000 1.00000000 -0.00000000
vn -0.00000000 1.00000000 -0.00000000
vn -0.00000000 1.00000000 -0.00000000
vn -0.00000000 1.00000000 -0.00000000
vn -0.00000000 1.00000000 -0.00000000
vn -0.00000000 1.00000000 -0.00000000
vn -0.00000000 1.00000000 -0.00000000
vn -0.00000000 1.00000000 -0.00000000
vn 0.01490000 0.99990000 -0.00000000
vn -0.00000000 1.00000000 -0.00000000
vn -0.00000000 1.00000000 -0.00000000
vn -0.00000000 1.00000000 -0.00000000
vn -0.00000000 1.00000000 -0.00000000
vn -0.00000000 1.00000000 -0.00000000
vn -0.00000000 1.00000000 -0.00000000
vn -0.00000000 1.00000000 -0.00000000
vn -0.00000000 1.00000000 -0.00000000
vn -0.00000000 1.00000000 -0.00000000
vn -0.00000000 1.00000000 -0.00000000
vn -0.00000000 1.00000000 -0.00000000
vn -0.00000000 1.00000000 -0.00000000
vn -0.00000000 1.00000000 -0.00000000
vn -0.00000000 1.00000000 -0.00000000
vn -0.00000000 1.00000000 -0.00000000
vn -0.00000000 1.00000000 -0.00000000
vn -0.00000000 1.00000000 -0.00000000
vn -0.00000000 1.00000000 -0.00000000
vn -0.00000000 1.00000000 -0.00000000
vn -0.00000000 1.00000000 -0.00000000
vn -0.00000000 1.00000000 -0.00000000
vn -0.00000000 1.00000000 -0.00000000
vn -0.00000000 1.00000000 -0.00000000
vn -0.00000000 1.00000000 -0.00000000
vn -0.00000000 1.00000000 -0.00000000
vn -0.00000000 1.00000000 -0.00000000
vn -0.00000000 1.00000000 -0.00000000
vn -0.00000000 1.00000000 -0.00000000
vn -0.00000000 1.00000000 -0.00000000
vn -0.00000000 1.00000000 -0.00000000
vn -0.00000000 1.00000000 -0.00000000
vn -0.00000000 1.00000000 -0.00000000
vn -0.00000000 1.00000000 -0.00000000
vn -0.00000000 1.00000000 -0.00000000
vn -0.00000000 1.00000000 -0.00000000
vn -0.00000000 1.00000000 -0.00000000
vn -0.00000000 1.00000000 -0.00000000
vn -0.00000000 1.00000000 -0.00000000
vn -0.00000000 1.00000000 -0.00000000
vn -0.00000000 1.00000000 -0.00000000
vn -0.00000000 1.00000000 -0.00000000
vn -0.00000000 1.00000000 -0.00000000
vn -0.00000000 1.00000000 -0.00000000
vn -0.00000000 1.00000000 -0.00000000
vn -0.00000000 1.00000000 -0.00000000
vn -0.00000000 1.00000000 -0.00000000
vn -0.00000000 1.00000000 -0.00000000
vn -0.00000000 1.00000000 -0.00000000
vn -0.00000000 1.00000000 -0.00000000
vn -0.00000000 1.00000000 -0.00000000
vn -0.00000000 1.00000000 -0.00000000
vn -0.00000000 1.00000000 -0.00000000
vn -0.00000000 1.00000000 -0.00000000
vn -0.00000000 1.00000000 -0.00000000
vn -0.00000000 1.00000000 -0.00000000
vn -0.00000000 1.00000000 -0.00000000
vn -0.00000000 1.00000000 -0.00000000
vn -0.00000000 1.00000000 -0.00000000
vn -0.00000000 1.00000000 -0.00000000
vn -0.00000000 1.00000000 -0.00000000
vn -0.00000000 1.00000000 -0.00000000
vn -0.00000000 1.00000000 -0.00000000
vn -0.00000000 1.00000000 -0.00000000
vn -0.00000000 1.00000000 -0.00000000
vn -0.00000000 1.00000000 -0.00000000
vn -0.00000000 1.00000000 -0.00000000
vn -0.00000000 1.00000000 -0.00000000
vn -0.00000000 1.00000000 -0.00000000
vn -0.00000000 1.00000000 -0.00000000
vn -0.00000000 1.00000000 -0.00000000
vn -0.00000000 1.00000000 -0.00000000
vn -0.00000000 1.00000000 -0.00000000
vn -0.00000000 1.00000000 -0.00000000
vn -0.00000000 1.00000000 -0.00000000
vn -0.00000000 1.00000000 -0.00000000
vn -0.00000000 1.00000000 -0.00000000
vn -0.00000000 1.00000000 -0.00000000
vn -0.00000000 1.00000000 -0.00000000
vn -0.00000000 1.00000000 -0.00000000
vn -0.00000000 1.00000000 -0.00000000
vn -0.00000000 1.00000000 -0.00000000
vn 0.13410000 0.99100000 -0.00000000
vn -0.00000000 1.00000000 -0.00000000
vn -0.00000000 1.00000000 -0.00000000
vn -0.00000000 1.00000000 -0.00000000
vn -0.00000000 1.00000000 -0.00000000
vn -0.00000000 1.00000000 -0.00000000
vn -0.00000000 1.00000000 -0.00000000
vn -0.00000000 1.00000000 -0.00000000
vn -0.00000000 1.00000000 -0.00000000
vn -0.00000000 1.00000000 -0.00000000
vn -0.00000000 1.00000000 -0.00000000
vn -0.00000000 1.00000000 -0.00000000
vn -0.00000000 1.00000000 -0.00000000
vn -0.00000000 1.00000000 -0.00000000
vn -0.00000000 1.00000000 -0.00000000
vn -0.00000000 1.00000000 -0.00000000
vn -0.00000000 1.00000000 -0.00000000
vn -0.00000000 1.00000000 -0.00000000
vn -0.00000000 1.00000000 -0.00000000
vn -0.00000000 1.00000000 -0.00000000
vn -0.00000000 1.00000000 -0.00000000
vn -0.00000000 1.00000000 -0.00000000
vn -0.00000000 1.00000000 -0.00000000
vn -0.00000000 1.00000000 -0.00000000
vn -0.00000000 1.00000000 -0.00000000
vn -0.00000000 1.00000000 -0.00000000
vn -0.00000000 1.00000000 -0.00000000
vn -0.00000000 1.00000000 -0.00000000
vn -0.00000000 1.00000000 -0.00000000
vn -0.00000000 1.00000000 -0.00000000
vn -0.00000000 1.00000000 -0.00000000
vn -0.00000000 1.00000000 -0.00000000
vn -0.00000000 1.00000000 -0.00000000
vn -0.00000000 1.00000000 -0.00000000
vn -0.00000000 1.00000000 -0.00000000
vn -0.00000000 1.00000000 -0.00000000
vn -0.00000000 1.00000000 -0.00000000
vn -0.00000000 1.00000000 -0.00000000
vn -0.00000000 1.00000000 -0.00000000
vn -0.00000000 1.00000000 -0.00000000
vn -0.00000000 1.00000000 -0.00000000
vn -0.00000000 1.00000000 -0.00000000
vn -0.00000000 1.00000000 -0.00000000
vn -0.00000000 1.00000000 -0.00000000
vn -0.00000000 1.00000000 -0.00000000
vn -0.00000000 1.00000000 -0.00000000
vn -0.00000000 1.00000000 -0.00000000
vn -0.00000000 1.00000000 -0.00000000
vn -0.00000000 1.00000000 -0.00000000
vn -0.00000000 1.00000000 -0.00000000
vn -0.00000000 1.00000000 -0.00000000
vn -0.00000000 1.00000000 -0.00000000
vn -0.00000000 1.00000000 -0.00000000
vn -0.00000000 1.00000000 -0.00000000
vn -0.00000000 1.00000000 -0.00000000
vn -0.00000000 1.00000000 -0.00000000
vn -0.00000000 1.00000000 -0.00000000
vn -0.00000000 1.00000000 -0.00000000
vn -0.00000000 1.00000000 -0.00000000
vn -0.00000000 1.00000000 -0.00000000
vn -0.00000000 1.00000000 -0.00000000
vn -0.00000000 1.00000000 -0.00000000
vn -0.00000000 1.00000000 -0.00000000
vn -0.00000000 1.00000000 -0.00000000
vn -0.00000000 1.00000000 -0.00000000
vn -0.00000000 1.00000000 -0.00000000
vn -0.00000000 1.00000000 -0.00000000
vn -0.00000000 1.00000000 -0.00000000
vn -0.00000000 1.00000000 -0.00000000
vn -0.00000000 1.00000000 -0.00000000
vn -0.00000000 1.00000000 -0.00000000
vn -0.00000000 1.00000000 -0.00000000
vn -0.00000000 1.00000000 -0.00000000
vn -0.00000000 1.00000000 -0.00000000
vn -0.00000000 1.00000000 -0.00000000
vn -0.00000000 1.00000000 -0.00000000
vn -0.00000000 1.00000000 -0.00000000
vn -0.00000000 1.00000000 -0.00000000
vn -0.00000000 1.00000000 -0.00000000
vn -0.00000000 1.00000000 -0.00000000
vn -0.00000000 1.00000000 -0.00000000
vn -0.00000000 1.00000000 -0.00000000
vn -0.00000000 0.85720000 0.51500000
vn 0.03630000 0.85720000 0.51380000
vn 0.10830000 0.85720000 0.50350000
vn 0.14350000 0.85720000 0.49460000
vn 0.07250000 0.85720000 0.50990000
vn 0.21170000 0.85720000 0.46950000
vn 0.24430000 0.85720000 0.45340000
vn 0.17810000 0.85720000 0.48330000
vn 0.30570000 0.85720000 0.41450000
vn 0.33410000 0.85720000 0.39190000
vn 0.27570000 0.85720000 0.43510000
vn 0.38600000 0.85720000 0.34100000
vn 0.40910000 0.85720000 0.31290000
vn 0.36100000 0.85720000 0.36740000
vn 0.44900000 0.85720000 0.25230000
vn 0.46570000 0.85720000 0.21990000
vn 0.43010000 0.85720000 0.28330000
vn 0.49200000 0.85720000 0.15220000
vn 0.50150000 0.85720000 0.11710000
vn 0.48010000 0.85720000 0.18650000
vn 0.51300000 0.85720000 0.04540000
vn 0.51500000 0.85720000 0.00910000
vn 0.50860000 0.85720000 0.08150000
vn 0.51110000 0.85720000 -0.06350000
vn 0.50540000 0.85720000 -0.09940000
vn 0.51430000 0.85720000 -0.02730000
vn 0.48630000 0.85720000 -0.16950000
vn 0.47320000 0.85720000 -0.20340000
vn 0.49710000 0.85720000 -0.13480000
vn 0.43980000 0.85720000 -0.26790000
vn 0.41990000 0.85720000 -0.29830000
vn 0.45770000 0.85720000 -0.23620000
vn 0.37370000 0.85720000 -0.35440000
vn 0.34780000 0.85720000 -0.37990000
vn 0.39780000 0.85720000 -0.32720000
vn 0.29080000 0.85720000 -0.42510000
vn 0.26010000 0.85720000 -0.44450000
vn 0.32010000 0.85720000 -0.40350000
vn 0.19500000 0.85720000 -0.47670000
vn 0.16090000 0.85720000 -0.48930000
vn 0.22810000 0.85720000 -0.46180000
vn 0.09040000 0.85720000 -0.50700000
vn 0.05440000 0.85720000 -0.51220000
vn 0.12600000 0.85720000 -0.49940000
vn -0.01820000 0.85720000 -0.51470000
vn -0.05440000 0.85720000 -0.51220000
vn 0.01820000 0.85720000 -0.51470000
vn -0.12600000 0.85720000 -0.49940000
vn -0.16090000 0.85720000 -0.48930000
vn -0.09040000 0.85720000 -0.50700000
vn -0.22810000 0.85720000 -0.46180000
vn -0.26010000 0.85720000 -0.44450000
vn -0.19500000 0.85720000 -0.47670000
vn -0.32010000 0.85720000 -0.40350000
vn -0.34780000 0.85720000 -0.37990000
vn -0.29080000 0.85720000 -0.42510000
vn -0.39780000 0.85720000 -0.32720000
vn -0.41990000 0.85720000 -0.29830000
vn -0.37370000 0.85720000 -0.35440000
vn -0.45770000 0.85720000 -0.23620000
vn -0.47320000 0.85720000 -0.20340000
vn -0.43980000 0.85720000 -0.26790000
vn -0.49710000 0.85720000 -0.13480000
vn -0.50540000 0.85720000 -0.09940000
vn -0.48640000 0.85720000 -0.16950000
vn -0.51430000 0.85720000 -0.02730000
vn -0.51500000 0.85720000 0.00910000
vn -0.51110000 0.85720000 -0.06350000
vn -0.50860000 0.85720000 0.08150000
vn -0.50150000 0.85720000 0.11710000
vn -0.51300000 0.85720000 0.04540000
vn -0.48010000 0.85720000 0.18660000
vn -0.46570000 0.85720000 0.21990000
vn -0.49200000 0.85720000 0.15220000
vn -0.43010000 0.85720000 0.28330000
vn -0.40910000 0.85720000 0.31290000
vn -0.44900000 0.85720000 0.25220000
vn -0.36100000 0.85720000 0.36740000
vn -0.33420000 0.85720000 0.39190000
vn -0.38600000 0.85720000 0.34100000
vn -0.27570000 0.85720000 0.43510000
vn -0.24430000 0.85720000 0.45340000
vn -0.30570000 0.85720000 0.41450000
vn -0.17810000 0.85720000 0.48330000
vn -0.14350000 0.85720000 0.49460000
vn -0.21170000 0.85720000 0.46950000
vn -0.07250000 0.85720000 0.50990000
vn -0.03630000 0.85720000 0.51370000
vn -0.10830000 0.85720000 0.50350000
vn -0.01180000 -0.00000000 0.99990000
vn 0.01180000 -0.00000000 0.99990000
vn 0.05880000 -0.00000000 0.99830000
vn 0.08230000 -0.00000000 0.99660000
vn 0.12910000 -0.00000000 0.99160000
vn 0.15240000 -0.00000000 0.98830000
vn 0.19870000 -0.00000000 0.98010000
vn 0.22170000 -0.00000000 0.97510000
vn 0.26730000 -0.00000000 0.96360000
vn 0.28990000 -0.00000000 0.95710000
vn 0.33460000 -0.00000000 0.94230000
vn 0.35670000 -0.00000000 0.93420000
vn 0.40030000 -0.00000000 0.91640000
vn 0.42170000 -0.00000000 0.90670000
vn 0.46390000 -0.00000000 0.88590000
vn 0.48460000 -0.00000000 0.87470000
vn 0.52530000 -0.00000000 0.85090000
vn 0.54510000 -0.00000000 0.83840000
vn 0.58400000 -0.00000000 0.81180000
vn 0.60290000 -0.00000000 0.79780000
vn 0.63980000 -0.00000000 0.76860000
vn 0.65770000 -0.00000000 0.75330000
vn 0.69240000 -0.00000000 0.72150000
vn 0.70920000 -0.00000000 0.70500000
vn 0.74160000 -0.00000000 0.67090000
vn 0.75710000 -0.00000000 0.65330000
vn 0.78710000 -0.00000000 0.61690000
vn 0.80130000 -0.00000000 0.59820000
vn 0.82860000 -0.00000000 0.55980000
vn 0.84150000 -0.00000000 0.54020000
vn 0.86600000 -0.00000000 0.50000000
vn 0.87750000 -0.00000000 0.47950000
vn 0.89910000 -0.00000000 0.43770000
vn 0.90920000 -0.00000000 0.41640000
vn 0.92780000 -0.00000000 0.37310000
vn 0.93630000 -0.00000000 0.35120000
vn 0.95180000 -0.00000000 0.30680000
vn 0.95870000 -0.00000000 0.28430000
vn 0.97110000 -0.00000000 0.23890000
vn 0.97640000 -0.00000000 0.21600000
vn 0.98550000 -0.00000000 0.16980000
vn 0.98920000 -0.00000000 0.14660000
vn 0.99500000 -0.00000000 0.09980000
vn 0.99710000 -0.00000000 0.07640000
vn 0.99960000 -0.00000000 0.02940000
vn 1.00000000 -0.00000000 0.00590000
vn 0.99920000 -0.00000000 -0.04120000
vn 0.99790000 -0.00000000 -0.06470000
vn 0.99380000 -0.00000000 -0.11160000
vn 0.99090000 -0.00000000 -0.13490000
vn 0.98340000 -0.00000000 -0.18140000
vn 0.97890000 -0.00000000 -0.20440000
vn 0.96820000 -0.00000000 -0.25030000
vn 0.96200000 -0.00000000 -0.27300000
vn 0.94810000 -0.00000000 -0.31800000
vn 0.94040000 -0.00000000 -0.34020000
vn 0.92330000 -0.00000000 -0.38400000
vn 0.91400000 -0.00000000 -0.40560000
vn 0.89390000 -0.00000000 -0.44820000
vn 0.88310000 -0.00000000 -0.46910000
vn 0.86010000 -0.00000000 -0.51020000
vn 0.84780000 -0.00000000 -0.53020000
vn 0.82190000 -0.00000000 -0.56960000
vn 0.80830000 -0.00000000 -0.58870000
vn 0.77970000 -0.00000000 -0.62610000
vn 0.76480000 -0.00000000 -0.64430000
vn 0.73360000 -0.00000000 -0.67960000
vn 0.71740000 -0.00000000 -0.69660000
vn 0.68390000 -0.00000000 -0.72960000
vn 0.66650000 -0.00000000 -0.74550000
vn 0.63070000 -0.00000000 -0.77600000
vn 0.61230000 -0.00000000 -0.79070000
vn 0.57440000 -0.00000000 -0.81860000
vn 0.55500000 -0.00000000 -0.83190000
vn 0.51520000 -0.00000000 -0.85710000
vn 0.53520000 -0.00000000 -0.84470000
vn 0.47430000 -0.00000000 -0.88040000
vn 0.45350000 -0.00000000 -0.89130000
vn 0.43240000 -0.00000000 -0.90170000
vn 0.38950000 -0.00000000 -0.92100000
vn 0.36770000 -0.00000000 -0.92990000
vn 0.32350000 -0.00000000 -0.94620000
vn 0.30120000 -0.00000000 -0.95360000
vn 0.25600000 -0.00000000 -0.96670000
vn 0.23320000 -0.00000000 -0.97240000
vn 0.18710000 -0.00000000 -0.98230000
vn 0.16400000 -0.00000000 -0.98650000
vn 0.11740000 -0.00000000 -0.99310000
vn 0.09400000 -0.00000000 -0.99560000
vn 0.04700000 -0.00000000 -0.99890000
vn 0.02350000 -0.00000000 -0.99970000
vn -0.02350000 -0.00000000 -0.99970000
vn -0.04700000 -0.00000000 -0.99890000
vn -0.09400000 -0.00000000 -0.99560000
vn -0.11740000 -0.00000000 -0.99310000
vn -0.16400000 -0.00000000 -0.98650000
vn -0.18710000 -0.00000000 -0.98230000
vn -0.23320000 -0.00000000 -0.97240000
vn -0.25600000 -0.00000000 -0.96670000
vn -0.30120000 -0.00000000 -0.95360000
vn -0.32350000 -0.00000000 -0.94620000
vn -0.36770000 -0.00000000 -0.92990000
vn -0.38950000 -0.00000000 -0.92100000
vn -0.43240000 -0.00000000 -0.90170000
vn -0.45350000 -0.00000000 -0.89130000
vn -0.49490000 -0.00000000 -0.86890000
vn -0.51520000 -0.00000000 -0.85710000
vn -0.55500000 -0.00000000 -0.83190000
vn -0.57440000 -0.00000000 -0.81860000
vn -0.61230000 -0.00000000 -0.79070000
vn -0.63070000 -0.00000000 -0.77600000
vn -0.66650000 -0.00000000 -0.74550000
vn -0.68380000 -0.00000000 -0.72960000
vn -0.71740000 -0.00000000 -0.69660000
vn -0.73360000 -0.00000000 -0.67960000
vn -0.76480000 -0.00000000 -0.64430000
vn -0.77970000 -0.00000000 -0.62610000
vn -0.80830000 -0.00000000 -0.58870000
vn -0.82190000 -0.00000000 -0.56960000
vn -0.84780000 -0.00000000 -0.53020000
vn -0.86010000 -0.00000000 -0.51020000
vn -0.88310000 -0.00000000 -0.46910000
vn -0.89390000 -0.00000000 -0.44820000
vn -0.91400000 -0.00000000 -0.40560000
vn -0.92330000 -0.00000000 -0.38400000
vn -0.94040000 -0.00000000 -0.34020000
vn -0.94810000 -0.00000000 -0.31800000
vn -0.96200000 -0.00000000 -0.27300000
vn -0.96820000 -0.00000000 -0.25030000
vn -0.97890000 -0.00000000 -0.20450000
vn -0.98340000 -0.00000000 -0.18140000
vn -0.99090000 -0.00000000 -0.13490000
vn -0.99380000 -0.00000000 -0.11160000
vn -0.99790000 -0.00000000 -0.06470000
vn -0.99920000 -0.00000000 -0.04120000
vn -1.00000000 -0.00000000 0.00590000
vn -0.99960000 -0.00000000 0.02940000
vn -0.99710000 -0.00000000 0.07640000
vn -0.99500000 -0.00000000 0.09980000
vn -0.98920000 -0.00000000 0.14660000
vn -0.98550000 -0.00000000 0.16980000
vn -0.97640000 -0.00000000 0.21600000
vn -0.97110000 -0.00000000 0.23890000
vn -0.95870000 -0.00000000 0.28430000
vn -0.95180000 -0.00000000 0.30680000
vn -0.93630000 -0.00000000 0.35120000
vn -0.92780000 -0.00000000 0.37310000
vn -0.90920000 -0.00000000 0.41640000
vn -0.89910000 -0.00000000 0.43770000
vn -0.87750000 -0.00000000 0.47950000
vn -0.86600000 -0.00000000 0.50000000
vn -0.84150000 -0.00000000 0.54020000
vn -0.82860000 -0.00000000 0.55980000
vn -0.80130000 -0.00000000 0.59820000
vn -0.78710000 -0.00000000 0.61690000
vn -0.75710000 -0.00000000 0.65330000
vn -0.74160000 -0.00000000 0.67090000
vn -0.70920000 -0.00000000 0.70500000
vn -0.69240000 -0.00000000 0.72150000
vn -0.65770000 -0.00000000 0.75330000
vn -0.63980000 -0.00000000 0.76860000
vn -0.60290000 -0.00000000 0.79780000
vn -0.58400000 -0.00000000 0.81180000
vn -0.54510000 -0.00000000 0.83840000
vn -0.52530000 -0.00000000 0.85090000
vn -0.48460000 -0.00000000 0.87470000
vn -0.46390000 -0.00000000 0.88590000
vn -0.42170000 -0.00000000 0.90670000
vn -0.40030000 -0.00000000 0.91640000
vn -0.35670000 -0.00000000 0.93420000
vn -0.33460000 -0.00000000 0.94230000
vn -0.28990000 -0.00000000 0.95710000
vn -0.26730000 -0.00000000 0.96360000
vn -0.22170000 -0.00000000 0.97510000
vn -0.19870000 -0.00000000 0.98010000
vn -0.15240000 -0.00000000 0.98830000
vn -0.12910000 -0.00000000 0.99160000
vn -0.08230000 -0.00000000 0.99660000
vn -0.05880000 -0.00000000 0.99830000
vn -0.00000000 1.00000000 -0.00000000
vn -0.00000000 0.85720000 0.51500000
vn 0.03630000 0.85720000 0.51380000
vn 0.10830000 0.85720000 0.50350000
vn 0.14350000 0.85720000 0.49460000
vn 0.07250000 0.85720000 0.50990000
vn 0.21170000 0.85720000 0.46950000
vn 0.24430000 0.85720000 0.45340000
vn 0.17810000 0.85720000 0.48330000
vn 0.30570000 0.85720000 0.41450000
vn 0.33410000 0.85720000 0.39190000
vn 0.27570000 0.85720000 0.43510000
vn 0.38600000 0.85720000 0.34100000
vn 0.40910000 0.85720000 0.31290000
vn 0.36100000 0.85720000 0.36740000
vn 0.44900000 0.85720000 0.25230000
vn 0.46570000 0.85720000 0.21990000
vn 0.43010000 0.85720000 0.28330000
vn 0.49200000 0.85720000 0.15220000
vn 0.50150000 0.85720000 0.11710000
vn 0.48010000 0.85720000 0.18650000
vn 0.51300000 0.85720000 0.04540000
vn 0.51500000 0.85720000 0.00910000
vn 0.50860000 0.85720000 0.08150000
vn 0.51110000 0.85720000 -0.06350000
vn 0.50540000 0.85720000 -0.09940000
vn 0.51430000 0.85720000 -0.02730000
vn 0.48630000 0.85720000 -0.16950000
vn 0.47320000 0.85720000 -0.20340000
vn 0.49710000 0.85720000 -0.13480000
vn 0.43990000 0.85720000 -0.26790000
vn 0.41990000 0.85720000 -0.29830000
vn 0.45770000 0.85720000 -0.23630000
vn 0.37370000 0.85720000 -0.35440000
vn 0.34780000 0.85720000 -0.37990000
vn 0.39780000 0.85720000 -0.32720000
vn 0.29080000 0.85720000 -0.42510000
vn 0.26010000 0.85720000 -0.44450000
vn 0.32010000 0.85720000 -0.40350000
vn 0.19500000 0.85720000 -0.47670000
vn 0.16090000 0.85720000 -0.48930000
vn 0.22810000 0.85720000 -0.46180000
vn 0.09040000 0.85720000 -0.50700000
vn 0.05440000 0.85720000 -0.51220000
vn 0.12600000 0.85720000 -0.49940000
vn -0.01820000 0.85720000 -0.51470000
vn -0.05440000 0.85720000 -0.51220000
vn 0.01820000 0.85720000 -0.51470000
vn -0.12600000 0.85720000 -0.49940000
vn -0.16090000 0.85720000 -0.48930000
vn -0.09040000 0.85720000 -0.50700000
vn -0.22810000 0.85720000 -0.46180000
vn -0.26010000 0.85720000 -0.44450000
vn -0.19500000 0.85720000 -0.47670000
vn -0.32010000 0.85720000 -0.40350000
vn -0.34780000 0.85720000 -0.37990000
vn -0.29080000 0.85720000 -0.42510000
vn -0.39780000 0.85720000 -0.32720000
vn -0.41990000 0.85720000 -0.29830000
vn -0.37370000 0.85720000 -0.35440000
vn -0.45770000 0.85720000 -0.23620000
vn -0.47320000 0.85720000 -0.20340000
vn -0.43990000 0.85720000 -0.26790000
vn -0.49710000 0.85720000 -0.13480000
vn -0.50540000 0.85720000 -0.09940000
vn -0.48640000 0.85720000 -0.16950000
vn -0.51430000 0.85720000 -0.02730000
vn -0.51500000 0.85720000 0.00910000
vn -0.51110000 0.85720000 -0.06350000
vn -0.50860000 0.85720000 0.08150000
vn -0.50150000 0.85720000 0.11710000
vn -0.51300000 0.85720000 0.04540000
vn -0.48010000 0.85720000 0.18660000
vn -0.46570000 0.85720000 0.21990000
vn -0.49200000 0.85720000 0.15220000
vn -0.43010000 0.85720000 0.28330000
vn -0.40910000 0.85720000 0.31290000
vn -0.44900000 0.85720000 0.25220000
vn -0.36100000 0.85720000 0.36740000
vn -0.33410000 0.85720000 0.39190000
vn -0.38600000 0.85720000 0.34100000
vn -0.27570000 0.85720000 0.43510000
vn -0.24430000 0.85720000 0.45340000
vn -0.30570000 0.85720000 0.41450000
vn -0.17810000 0.85720000 0.48330000
vn -0.14350000 0.85720000 0.49460000
vn -0.21170000 0.85720000 0.46950000
vn -0.07250000 0.85720000 0.50990000
vn -0.03630000 0.85720000 0.51380000
vn -0.10830000 0.85720000 0.50350000
vn -0.01180000 -0.00000000 0.99990000
vn 0.01180000 -0.00000000 0.99990000
vn 0.05880000 -0.00000000 0.99830000
vn 0.08230000 -0.00000000 0.99660000
vn 0.12910000 -0.00000000 0.99160000
vn 0.15240000 -0.00000000 0.98830000
vn 0.19870000 -0.00000000 0.98010000
vn 0.22170000 -0.00000000 0.97510000
vn 0.26730000 -0.00000000 0.96360000
vn 0.28990000 -0.00000000 0.95710000
vn 0.33470000 -0.00000000 0.94230000
vn 0.35670000 -0.00000000 0.93420000
vn 0.40030000 -0.00000000 0.91640000
vn 0.42170000 -0.00000000 0.90670000
vn 0.46390000 -0.00000000 0.88590000
vn 0.48460000 -0.00000000 0.87470000
vn 0.52530000 -0.00000000 0.85090000
vn 0.54510000 -0.00000000 0.83840000
vn 0.58400000 -0.00000000 0.81180000
vn 0.60290000 -0.00000000 0.79780000
vn 0.63980000 -0.00000000 0.76860000
vn 0.65770000 -0.00000000 0.75330000
vn 0.69240000 -0.00000000 0.72150000
vn 0.70920000 -0.00000000 0.70500000
vn 0.74160000 -0.00000000 0.67090000
vn 0.75710000 -0.00000000 0.65320000
vn 0.78700000 -0.00000000 0.61690000
vn 0.80130000 -0.00000000 0.59820000
vn 0.82860000 -0.00000000 0.55980000
vn 0.84150000 -0.00000000 0.54020000
vn 0.86600000 -0.00000000 0.50000000
vn 0.87750000 -0.00000000 0.47950000
vn 0.89910000 -0.00000000 0.43770000
vn 0.90920000 -0.00000000 0.41640000
vn 0.92780000 -0.00000000 0.37310000
vn 0.93630000 -0.00000000 0.35120000
vn 0.95180000 -0.00000000 0.30680000
vn 0.95870000 -0.00000000 0.28430000
vn 0.97110000 -0.00000000 0.23890000
vn 0.97640000 -0.00000000 0.21600000
vn 0.98550000 -0.00000000 0.16980000
vn 0.98920000 -0.00000000 0.14660000
vn 0.99500000 -0.00000000 0.09980000
vn 0.99710000 -0.00000000 0.07640000
vn 0.99960000 -0.00000000 0.02940000
vn 1.00000000 -0.00000000 0.00590000
vn 0.99920000 -0.00000000 -0.04120000
vn 0.99790000 -0.00000000 -0.06470000
vn 0.99380000 -0.00000000 -0.11160000
vn 0.99090000 -0.00000000 -0.13490000
vn 0.98340000 -0.00000000 -0.18140000
vn 0.97890000 -0.00000000 -0.20440000
vn 0.96820000 -0.00000000 -0.25030000
vn 0.96200000 -0.00000000 -0.27300000
vn 0.94810000 -0.00000000 -0.31800000
vn 0.94040000 -0.00000000 -0.34020000
vn 0.92330000 -0.00000000 -0.38410000
vn 0.91400000 -0.00000000 -0.40570000
vn 0.89390000 -0.00000000 -0.44820000
vn 0.88310000 -0.00000000 -0.46910000
vn 0.86010000 -0.00000000 -0.51020000
vn 0.84780000 -0.00000000 -0.53020000
vn 0.82190000 -0.00000000 -0.56960000
vn 0.80830000 -0.00000000 -0.58870000
vn 0.77970000 -0.00000000 -0.62610000
vn 0.76480000 -0.00000000 -0.64430000
vn 0.73360000 -0.00000000 -0.67960000
vn 0.71740000 -0.00000000 -0.69660000
vn 0.68390000 -0.00000000 -0.72960000
vn 0.66650000 -0.00000000 -0.74550000
vn 0.63070000 -0.00000000 -0.77600000
vn 0.61230000 -0.00000000 -0.79070000
vn 0.57440000 -0.00000000 -0.81860000
vn 0.55500000 -0.00000000 -0.83190000
vn 0.51520000 -0.00000000 -0.85710000
vn 0.49490000 -0.00000000 -0.86890000
vn 0.45350000 -0.00000000 -0.89130000
vn 0.43240000 -0.00000000 -0.90170000
vn 0.38950000 -0.00000000 -0.92100000
vn 0.36770000 -0.00000000 -0.92990000
vn 0.32350000 -0.00000000 -0.94620000
vn 0.30120000 -0.00000000 -0.95360000
vn 0.25600000 -0.00000000 -0.96670000
vn 0.23320000 -0.00000000 -0.97240000
vn 0.18710000 -0.00000000 -0.98230000
vn 0.16400000 -0.00000000 -0.98650000
vn 0.11740000 -0.00000000 -0.99310000
vn 0.09400000 -0.00000000 -0.99560000
vn 0.04700000 -0.00000000 -0.99890000
vn 0.02350000 -0.00000000 -0.99970000
vn -0.02350000 -0.00000000 -0.99970000
vn -0.04700000 -0.00000000 -0.99890000
vn -0.09400000 -0.00000000 -0.99560000
vn -0.11740000 -0.00000000 -0.99310000
vn -0.16400000 -0.00000000 -0.98650000
vn -0.18710000 -0.00000000 -0.98230000
vn -0.23320000 -0.00000000 -0.97240000
vn -0.25600000 -0.00000000 -0.96670000
vn -0.30120000 -0.00000000 -0.95360000
vn -0.32350000 -0.00000000 -0.94620000
vn -0.36770000 -0.00000000 -0.92990000
vn -0.38950000 -0.00000000 -0.92100000
vn -0.43240000 -0.00000000 -0.90170000
vn -0.45350000 -0.00000000 -0.89130000
vn -0.49490000 -0.00000000 -0.86890000
vn -0.51520000 -0.00000000 -0.85710000
vn -0.55500000 -0.00000000 -0.83190000
vn -0.57440000 -0.00000000 -0.81860000
vn -0.61230000 -0.00000000 -0.79070000
vn -0.63070000 -0.00000000 -0.77600000
vn -0.66650000 -0.00000000 -0.74550000
vn -0.68390000 -0.00000000 -0.72960000
vn -0.71740000 -0.00000000 -0.69660000
vn -0.73360000 -0.00000000 -0.67960000
vn -0.76480000 -0.00000000 -0.64430000
vn -0.77970000 -0.00000000 -0.62610000
vn -0.80830000 -0.00000000 -0.58870000
vn -0.82190000 -0.00000000 -0.56960000
vn -0.84780000 -0.00000000 -0.53020000
vn -0.86010000 -0.00000000 -0.51020000
vn -0.88310000 -0.00000000 -0.46910000
vn -0.89390000 -0.00000000 -0.44820000
vn -0.91400000 -0.00000000 -0.40570000
vn -0.92330000 -0.00000000 -0.38410000
vn -0.94040000 -0.00000000 -0.34020000
vn -0.94810000 -0.00000000 -0.31800000
vn -0.96200000 -0.00000000 -0.27300000
vn -0.96820000 -0.00000000 -0.25030000
vn -0.97890000 -0.00000000 -0.20440000
vn -0.98340000 -0.00000000 -0.18140000
vn -0.99090000 -0.00000000 -0.13490000
vn -0.99380000 -0.00000000 -0.11160000
vn -0.99790000 -0.00000000 -0.06470000
vn -0.99920000 -0.00000000 -0.04120000
vn -1.00000000 -0.00000000 0.00590000
vn -0.99960000 -0.00000000 0.02940000
vn -0.99710000 -0.00000000 0.07640000
vn -0.99500000 -0.00000000 0.09980000
vn -0.98920000 -0.00000000 0.14660000
vn -0.98550000 -0.00000000 0.16980000
vn -0.97640000 -0.00000000 0.21600000
vn -0.97110000 -0.00000000 0.23890000
vn -0.95870000 -0.00000000 0.28430000
vn -0.95530000 -0.00000000 0.29550000
vn -0.93630000 -0.00000000 0.35120000
vn -0.94430000 -0.00000000 0.32910000
vn -0.92780000 -0.00000000 0.37310000
vn -0.90920000 -0.00000000 0.41640000
vn -0.89910000 -0.00000000 0.43770000
vn -0.87750000 -0.00000000 0.47950000
vn -0.86600000 -0.00000000 0.50000000
vn -0.84150000 -0.00000000 0.54020000
vn -0.82860000 -0.00000000 0.55980000
vn -0.80130000 -0.00000000 0.59820000
vn -0.78710000 -0.00000000 0.61690000
vn -0.75710000 -0.00000000 0.65330000
vn -0.74160000 -0.00000000 0.67090000
vn -0.70920000 -0.00000000 0.70500000
vn -0.69240000 -0.00000000 0.72150000
vn -0.65770000 -0.00000000 0.75330000
vn -0.63980000 -0.00000000 0.76860000
vn -0.60290000 -0.00000000 0.79780000
vn -0.58400000 -0.00000000 0.81180000
vn -0.54510000 -0.00000000 0.83840000
vn -0.52530000 -0.00000000 0.85090000
vn -0.48460000 -0.00000000 0.87470000
vn -0.46390000 -0.00000000 0.88590000
vn -0.42170000 -0.00000000 0.90670000
vn -0.40030000 -0.00000000 0.91640000
vn -0.35670000 -0.00000000 0.93420000
vn -0.33470000 -0.00000000 0.94230000
vn -0.28990000 -0.00000000 0.95710000
vn -0.26730000 -0.00000000 0.96360000
vn -0.22170000 -0.00000000 0.97510000
vn -0.19870000 -0.00000000 0.98010000
vn -0.15240000 -0.00000000 0.98830000
vn -0.12910000 -0.00000000 0.99160000
vn -0.08230000 -0.00000000 0.99660000
vn -0.05880000 -0.00000000 0.99830000
vn 0.20790000 0.97810000 -0.00000000
vn 0.20790000 0.97810000 -0.00000000
vn 0.20790000 0.97810000 -0.00000000
vn 0.20790000 0.97810000 -0.00000000
vn 0.20790000 0.97810000 -0.00000000
vn 0.20790000 0.97810000 -0.00000000
vn 0.22350000 0.97470000 -0.00000000
vn 0.22350000 0.97470000 -0.00000000
vn 0.20790000 0.97810000 -0.00000000
vn 0.20790000 0.97810000 -0.00000000
vn 0.20790000 0.97810000 -0.00000000
vn 0.20790000 0.97810000 -0.00000000
vn 0.21830000 0.97590000 -0.00000000
vn 0.22870000 0.97350000 -0.00000000
vn 0.20790000 0.97810000 -0.00000000
vn 0.20790000 0.97810000 -0.00000000
vn 0.20790000 0.97810000 -0.00000000
vn 0.20790000 0.97810000 -0.00000000
vn 0.20790000 0.97810000 -0.00000000
vn 0.20790000 0.97810000 -0.00000000
vn 0.20790000 0.97810000 -0.00000000
vn 0.20790000 0.97810000 -0.00000000
vn 0.20790000 0.97810000 -0.00000000
vn 0.20790000 0.97810000 -0.00000000
vn 0.20790000 0.97810000 -0.00000000
vn 0.20790000 0.97810000 -0.00000000
vn 0.20790000 0.97810000 -0.00000000
vn 0.20790000 0.97810000 -0.00000000
vn 0.20790000 0.97810000 -0.00000000
vn 0.20790000 0.97820000 -0.00000000
vn 0.20790000 0.97810000 -0.00000000
vn 0.20790000 0.97820000 -0.00000000
vn 0.20790000 0.97810000 -0.00000000
vn 0.20790000 0.97810000 -0.00000000
vn 0.20790000 0.97810000 -0.00000000
vn 0.20790000 0.97810000 -0.00000000
vn 0.20790000 0.97810000 -0.00000000
vn 0.20790000 0.97810000 -0.00000000
vn 0.20790000 0.97810000 -0.00000000
vn 0.20790000 0.97810000 -0.00000000
vn 0.20790000 0.97820000 -0.00000000
vn 0.20790000 0.97820000 -0.00000000
vn 0.20790000 0.97810000 -0.00000000
vn 0.20790000 0.97810000 -0.00000000
vn 0.20790000 0.97810000 -0.00000000
vn 0.20790000 0.97810000 -0.00000000
vn 0.20790000 0.97810000 -0.00000000
vn 0.20790000 0.97810000 -0.00000000
vn 0.20790000 0.97810000 -0.00000000
vn 0.20790000 0.97810000 -0.00000000
vn 0.20790000 0.97810000 -0.00000000
vn 0.20790000 0.97810000 -0.00000000
vn 0.20790000 0.97810000 -0.00000000
vn 0.20790000 0.97810000 -0.00000000
vn 0.20790000 0.97810000 -0.00000000
vn 0.20790000 0.97810000 -0.00000000
vn 0.20790000 0.97810000 -0.00000000
vn 0.20790000 0.97810000 -0.00000000
vn 0.20790000 0.97810000 -0.00000000
vn 0.20790000 0.97810000 -0.00000000
vn 0.25970000 0.96570000 -0.00000000
vn 0.28030000 0.95990000 -0.00000000
vn 0.32100000 0.94710000 -0.00000000
vn 0.34110000 0.94000000 -0.00000000
vn 0.38090000 0.92460000 -0.00000000
vn 0.40050000 0.91630000 -0.00000000
vn 0.43920000 0.89840000 -0.00000000
vn 0.45830000 0.88880000 -0.00000000
vn 0.49580000 0.86840000 -0.00000000
vn 0.51420000 0.85770000 -0.00000000
vn 0.55030000 0.83500000 -0.00000000
vn 0.56800000 0.82300000 -0.00000000
vn 0.60260000 0.79810000 -0.00000000
vn 0.61950000 0.78500000 -0.00000000
vn 0.65240000 0.75790000 -0.00000000
vn 0.66840000 0.74380000 -0.00000000
vn 0.66840000 0.74380000 -0.00000000
vn 0.65240000 0.75790000 -0.00000000
vn 0.61950000 0.78500000 -0.00000000
vn 0.60260000 0.79800000 -0.00000000
vn 0.56800000 0.82300000 -0.00000000
vn 0.55030000 0.83500000 -0.00000000
vn 0.51420000 0.85770000 -0.00000000
vn 0.49580000 0.86840000 -0.00000000
vn 0.45830000 0.88880000 -0.00000000
vn 0.43930000 0.89840000 -0.00000000
vn 0.40050000 0.91630000 -0.00000000
vn 0.38090000 0.92460000 -0.00000000
vn 0.34110000 0.94000000 -0.00000000
vn 0.32100000 0.94710000 -0.00000000
vn 0.28030000 0.95990000 -0.00000000
vn 0.25980000 0.96570000 -0.00000000
vn -0.00000000 0.70710000 -0.70710000
vn -0.00000000 0.70710000 -0.70710000
vn -0.00000000 0.70710000 -0.70710000
vn -0.00000000 0.70710000 -0.70710000
vn -0.70710000 -0.00000000 -0.70710000
vn -0.70710000 -0.00000000 -0.70710000
vn -0.70710000 -0.00000000 -0.70710000
vn -0.70710000 -0.00000000 -0.70710000
vn -0.70710000 0.70710000 -0.00000000
vn -0.70710000 0.70710000 -0.00000000
vn -0.70710000 0.70710000 -0.00000000
vn -0.70710000 0.70710000 -0.00000000
vn -0.70710000 -0.00000000 0.70710000
vn -0.70710000 -0.00000000 0.70710000
vn -0.70710000 -0.00000000 0.70710000
vn -0.70710000 -0.00000000 0.70710000
vn -0.00000000 0.70710000 0.70710000
vn -0.00000000 0.70710000 0.70710000
vn -0.00000000 0.70710000 0.70710000
vn -0.00000000 0.70710000 0.70710000
vn -0.00000000 0.70710000 0.70710000
vn -0.00000000 0.70710000 0.70710000
vn -0.00000000 0.70710000 0.70710000
vn -0.00000000 0.70710000 0.70710000
vn -0.00000000 0.70710000 0.70710000
vn -0.70710000 -0.00000000 0.70710000
vn -0.70710000 -0.00000000 0.70710000
vn -0.70710000 -0.00000000 0.70710000
vn -0.70710000 -0.00000000 0.70710000
vn -0.70710000 -0.70710000 -0.00000000
vn -0.70710000 -0.70710000 -0.00000000
vn -0.70710000 -0.70710000 -0.00000000
vn -0.70710000 -0.70710000 -0.00000000
vn -0.70710000 -0.00000000 -0.70710000
vn -0.70710000 -0.00000000 -0.70710000
vn -0.70710000 -0.00000000 -0.70710000
vn -0.70710000 -0.00000000 -0.70710000
vn -0.00000000 0.70710000 -0.70710000
vn -0.00000000 0.70710000 -0.70710000
vn -0.00000000 0.70710000 -0.70710000
vn -0.00000000 0.70710000 -0.70710000
vn -0.00000000 0.70710000 -0.70710000
f 1//1 2//2 3//3
f 3//3 2//2 4//4
f 5//5 6//6 7//7
f 7//7 6//6 8//8
f 9//9 10//10 11//11
f 11//11 10//10 12//12
f 9//9 11//11 13//13
f 9//9 13//13 14//14
f 14//14 13//13 15//15
f 14//14 15//15 16//16
f 16//16 15//15 17//17
f 16//16 17//17 18//18
f 19//19 18//18 20//20
f 20//20 18//18 17//17
f 19//19 20//20 21//21
f 19//19 21//21 22//22
f 22//22 21//21 23//23
f 22//22 23//23 24//24
f 24//24 23//23 25//25
f 24//24 25//25 26//26
f 26//26 25//25 27//27
f 26//26 27//27 28//28
f 28//28 27//27 29//29
f 28//28 29//29 30//30
f 30//30 29//29 31//31
f 30//30 31//31 32//32
f 32//32 31//31 33//33
f 32//32 33//33 34//34
f 34//34 33//33 35//35
f 34//34 35//35 36//36
f 36//36 35//35 37//37
f 36//36 37//37 38//38
f 38//38 37//37 39//39
f 38//38 39//39 40//40
f 40//40 39//39 41//41
f 40//40 41//41 42//42
f 42//42 41//41 43//43
f 42//42 43//43 44//44
f 44//44 43//43 45//45
f 44//44 45//45 46//46
f 46//46 45//45 47//47
f 46//46 47//47 48//48
f 48//48 47//47 49//49
f 48//48 49//49 50//50
f 50//50 49//49 51//51
f 50//50 51//51 52//52
f 52//52 51//51 53//53
f 52//52 53//53 54//54
f 54//54 53//53 55//55
f 54//54 55//55 56//56
f 56//56 55//55 57//57
f 56//56 57//57 58//58
f 58//58 57//57 59//59
f 58//58 59//59 60//60
f 60//60 59//59 61//61
f 60//60 61//61 62//62
f 62//62 61//61 63//63
f 62//62 63//63 64//64
f 64//64 63//63 65//65
f 64//64 65//65 66//66
f 66//66 65//65 67//67
f 66//66 67//67 68//68
f 68//68 67//67 69//69
f 68//68 69//69 70//70
f 70//70 69//69 71//71
f 70//70 71//71 72//72
f 72//72 71//71 73//73
f 72//72 73//73 74//74
f 74//74 73//73 75//75
f 74//74 75//75 76//76
f 76//76 75//75 77//77
f 76//76 77//77 78//78
f 78//78 77//77 79//79
f 78//78 79//79 80//80
f 80//80 79//79 81//81
f 80//80 81//81 82//82
f 82//82 81//81 83//83
f 82//82 83//83 84//84
f 84//84 83//83 85//85
f 84//84 85//85 86//86
f 86//86 85//85 87//87
f 86//86 87//87 88//88
f 88//88 87//87 89//89
f 88//88 89//89 90//90
f 90//90 89//89 91//91
f 90//90 91//91 92//92
f 92//92 91//91 93//93
f 92//92 93//93 94//94
f 94//94 93//93 95//95
f 94//94 95//95 96//96
f 96//96 95//95 97//97
f 96//96 97//97 98//98
f 99//99 98//98 100//100
f 100//100 98//98 97//97
f 99//99 100//100 101//101
f 99//99 101//101 102//102
f 102//102 101//101 103//103
f 102//102 103//103 104//104
f 104//104 103//103 4//4
f 104//104 4//4 2//2
f 105//105 106//106 107//107
f 107//107 106//106 108//108
f 107//107 108//108 109//109
f 110//110 111//111 112//112
f 108//108 111//111 113//113
f 108//108 113//113 109//109
f 114//114 115//115 116//116
f 117//117 118//118 119//119
f 120//120 121//121 122//122
f 123//123 124//124 122//122
f 122//122 124//124 125//125
f 114//114 116//116 126//126
f 126//126 116//116 127//127
f 126//126 127//127 128//128
f 128//128 129//129 126//126
f 126//126 129//129 130//130
f 126//126 130//130 131//131
f 132//132 133//133 117//117
f 117//117 133//133 134//134
f 117//117 134//134 118//118
f 121//121 135//135 122//122
f 122//122 135//135 136//136
f 122//122 136//136 123//123
f 125//125 137//137 122//122
f 122//122 137//137 138//138
f 122//122 138//138 139//139
f 139//139 126//126 131//131
f 110//110 140//140 111//111
f 111//111 140//140 141//141
f 111//111 141//141 142//142
f 142//142 143//143 144//144
f 142//142 144//144 145//145
f 145//145 117//117 146//146
f 132//132 117//117 122//122
f 122//122 117//117 147//147
f 122//122 147//147 120//120
f 119//119 148//148 117//117
f 117//117 148//148 149//149
f 117//117 149//149 150//150
f 150//150 151//151 117//117
f 117//117 151//151 152//152
f 117//117 152//152 153//153
f 153//153 154//154 117//117
f 117//117 154//154 155//155
f 117//117 155//155 156//156
f 156//156 157//157 117//117
f 117//117 157//157 158//158
f 117//117 158//158 146//146
f 159//159 160//160 161//161
f 161//161 160//160 162//162
f 161//161 162//162 163//163
f 164//164 165//165 166//166
f 163//163 167//167 161//161
f 161//161 167//167 164//164
f 161//161 164//164 168//168
f 168//168 164//164 166//166
f 169//169 170//170 171//171
f 171//171 170//170 172//172
f 171//171 173//173 174//174
f 175//175 176//176 171//171
f 177//177 178//178 171//171
f 171//171 178//178 179//179
f 171//171 179//179 169//169
f 172//172 180//180 171//171
f 171//171 180//180 181//181
f 171//171 181//181 182//182
f 182//182 183//183 171//171
f 171//171 183//183 184//184
f 171//171 184//184 173//173
f 174//174 185//185 171//171
f 171//171 185//185 186//186
f 171//171 186//186 187//187
f 165//165 164//164 171//171
f 171//171 164//164 188//188
f 171//171 188//188 175//175
f 187//187 189//189 171//171
f 171//171 189//189 190//190
f 171//171 190//190 191//191
f 191//191 192//192 171//171
f 171//171 192//192 193//193
f 171//171 193//193 194//194
f 194//194 195//195 171//171
f 171//171 195//195 196//196
f 171//171 196//196 197//197
f 197//197 198//198 171//171
f 171//171 198//198 199//199
f 171//171 199//199 200//200
f 176//176 201//201 171//171
f 171//171 201//201 202//202
f 171//171 202//202 203//203
f 203//203 204//204 171//171
f 171//171 204//204 205//205
f 171//171 205//205 206//206
f 206//206 207//207 171//171
f 171//171 207//207 208//208
f 171//171 208//208 177//177
f 209//209 210//210 211//211
f 211//211 210//210 212//212
f 213//213 214//214 215//215
f 215//215 214//214 216//216
f 215//215 216//216 217//217
f 217//217 216//216 218//218
f 219//219 220//220 221//221
f 221//221 220//220 222//222
f 223//223 224//224 225//225
f 225//225 224//224 226//226
f 227//227 228//228 229//229
f 229//229 228//228 230//230
f 231//231 232//232 233//233
f 233//233 232//232 234//234
f 231//231 235//235 232//232
f 232//232 235//235 236//236
f 232//232 236//236 237//237
f 238//238 239//239 232//232
f 240//240 241//241 232//232
f 232//232 241//241 242//242
f 232//232 242//242 243//243
f 243//243 244//244 232//232
f 232//232 244//244 245//245
f 232//232 245//245 246//246
f 247//247 248//248 232//232
f 232//232 248//248 249//249
f 232//232 249//249 234//234
f 239//239 250//250 232//232
f 232//232 250//250 251//251
f 232//232 251//251 252//252
f 252//252 253//253 232//232
f 232//232 253//253 254//254
f 232//232 254//254 255//255
f 255//255 256//256 232//232
f 232//232 256//256 257//257
f 232//232 257//257 258//258
f 259//259 260//260 261//261
f 261//261 260//260 262//262
f 261//261 262//262 263//263
f 263//263 262//262 232//232
f 263//263 232//232 264//264
f 264//264 232//232 258//258
f 265//265 266//266 232//232
f 232//232 266//266 267//267
f 232//232 267//267 240//240
f 265//265 268//268 266//266
f 266//266 268//268 269//269
f 266//266 269//269 270//270
f 246//246 271//271 232//232
f 232//232 271//271 272//272
f 232//232 272//272 247//247
f 237//237 273//273 232//232
f 232//232 273//273 274//274
f 232//232 274//274 238//238
f 227//227 275//275 228//228
f 228//228 275//275 276//276
f 228//228 276//276 277//277
f 277//277 278//278 228//228
f 228//228 278//278 279//279
f 228//228 279//279 280//280
f 280//280 281//281 228//228
f 228//228 281//281 282//282
f 228//228 282//282 283//283
f 284//284 285//285 286//286
f 286//286 285//285 228//228
f 286//286 228//228 287//287
f 287//287 228//228 283//283
f 288//288 222//222 289//289
f 289//289 222//222 220//220
f 289//289 220//220 290//290
f 290//290 291//291 292//292
f 293//293 294//294 291//291
f 291//291 294//294 295//295
f 291//291 295//295 292//292
f 296//296 297//297 291//291
f 291//291 297//297 298//298
f 291//291 298//298 293//293
f 299//299 300//300 291//291
f 291//291 300//300 301//301
f 291//291 301//301 296//296
f 302//302 303//303 304//304
f 300//300 299//299 305//305
f 300//300 305//305 306//306
f 306//306 305//305 307//307
f 306//306 307//307 308//308
f 308//308 307//307 309//309
f 308//308 309//309 310//310
f 310//310 309//309 311//311
f 310//310 311//311 312//312
f 312//312 311//311 313//313
f 312//312 313//313 314//314
f 314//314 313//313 315//315
f 314//314 315//315 316//316
f 316//316 315//315 317//317
f 316//316 317//317 318//318
f 318//318 317//317 319//319
f 318//318 319//319 320//320
f 320//320 319//319 321//321
f 320//320 321//321 322//322
f 322//322 321//321 323//323
f 322//322 323//323 324//324
f 324//324 323//323 325//325
f 324//324 325//325 326//326
f 326//326 325//325 327//327
f 326//326 327//327 328//328
f 329//329 330//330 331//331
f 331//331 332//332 329//329
f 329//329 332//332 333//333
f 329//329 333//333 327//327
f 327//327 333//333 334//334
f 327//327 334//334 328//328
f 335//335 336//336 337//337
f 337//337 338//338 335//335
f 335//335 338//338 339//339
f 335//335 339//339 330//330
f 330//330 339//339 340//340
f 330//330 340//340 331//331
f 304//304 303//303 341//341
f 303//303 342//342 341//341
f 341//341 342//342 343//343
f 341//341 343//343 336//336
f 336//336 343//343 344//344
f 336//336 344//344 337//337
f 302//302 304//304 345//345
f 345//345 304//304 346//346
f 345//345 346//346 347//347
f 347//347 346//346 348//348
f 347//347 348//348 349//349
f 349//349 348//348 350//350
f 350//350 348//348 351//351
f 350//350 351//351 352//352
f 352//352 351//351 353//353
f 353//353 351//351 354//354
f 353//353 354//354 355//355
f 355//355 354//354 356//356
f 356//356 354//354 357//357
f 356//356 357//357 358//358
f 358//358 357//357 359//359
f 359//359 357//357 360//360
f 359//359 360//360 361//361
f 361//361 360//360 362//362
f 362//362 360//360 363//363
f 362//362 363//363 364//364
f 364//364 363//363 365//365
f 365//365 363//363 366//366
f 365//365 366//366 367//367
f 367//367 366//366 368//368
f 368//368 366//366 369//369
f 368//368 369//369 370//370
f 370//370 369//369 371//371
f 370//370 371//371 372//372
f 372//372 371//371 373//373
f 372//372 373//373 374//374
f 374//374 373//373 375//375
f 374//374 375//375 376//376
f 376//376 375//375 377//377
f 376//376 377//377 378//378
f 378//378 377//377 379//379
f 378//378 379//379 380//380
f 380//380 379//379 381//381
f 380//380 381//381 382//382
f 382//382 381//381 383//383
f 382//382 383//383 384//384
f 384//384 383//383 385//385
f 384//384 385//385 386//386
f 386//386 385//385 387//387
f 386//386 387//387 388//388
f 388//388 387//387 389//389
f 388//388 389//389 390//390
f 390//390 389//389 391//391
f 390//390 391//391 392//392
f 392//392 391//391 285//285
f 392//392 285//285 284//284
f 393//393 394//394 395//395
f 395//395 394//394 396//396
f 395//395 396//396 397//397
f 397//397 396//396 398//398
f 399//399 400//400 401//401
f 401//401 400//400 402//402
f 401//401 402//402 403//403
f 403//403 402//402 404//404
f 403//403 404//404 405//405
f 405//405 404//404 406//406
f 407//407 408//408 409//409
f 409//409 408//408 410//410
f 409//409 410//410 411//411
f 412//412 413//413 410//410
f 410//410 413//413 414//414
f 410//410 414//414 411//411
f 415//415 416//416 410//410
f 410//410 416//416 417//417
f 410//410 417//417 418//418
f 418//418 419//419 410//410
f 410//410 419//419 420//420
f 410//410 420//420 412//412
f 421//421 422//422 423//423
f 423//423 422//422 424//424
f 423//423 424//424 425//425
f 425//425 426//426 423//423
f 423//423 426//426 427//427
f 423//423 427//427 428//428
f 428//428 429//429 423//423
f 423//423 429//429 430//430
f 423//423 430//430 431//431
f 431//431 432//432 423//423
f 423//423 432//432 433//433
f 423//423 433//433 434//434
f 435//435 436//436 437//437
f 438//438 439//439 440//440
f 441//441 442//442 443//443
f 440//440 439//439 443//443
f 443//443 439//439 444//444
f 443//443 444//444 441//441
f 442//442 445//445 443//443
f 443//443 445//445 446//446
f 443//443 446//446 447//447
f 448//448 449//449 437//437
f 437//437 449//449 450//450
f 437//437 450//450 451//451
f 452//452 453//453 454//454
f 455//455 456//456 457//457
f 458//458 459//459 460//460
f 461//461 462//462 440//440
f 440//440 462//462 463//463
f 440//440 463//463 464//464
f 464//464 465//465 440//440
f 440//440 465//465 466//466
f 440//440 466//466 438//438
f 459//459 467//467 460//460
f 460//460 467//467 468//468
f 460//460 468//468 469//469
f 469//469 470//470 460//460
f 460//460 470//470 471//471
f 460//460 471//471 472//472
f 437//437 473//473 474//474
f 475//475 476//476 437//437
f 437//437 476//476 477//477
f 437//437 477//477 478//478
f 479//479 480//480 481//481
f 482//482 483//483 481//481
f 481//481 483//483 484//484
f 481//481 484//484 485//485
f 485//485 486//486 481//481
f 481//481 486//486 487//487
f 481//481 487//487 488//488
f 452//452 454//454 489//489
f 490//490 491//491 492//492
f 493//493 494//494 457//457
f 457//457 494//494 495//495
f 457//457 495//495 496//496
f 496//496 497//497 457//457
f 457//457 497//497 498//498
f 457//457 498//498 455//455
f 472//472 499//499 460//460
f 460//460 499//499 500//500
f 460//460 500//500 437//437
f 437//437 500//500 501//501
f 437//437 501//501 473//473
f 474//474 502//502 437//437
f 437//437 502//502 503//503
f 437//437 503//503 448//448
f 504//504 505//505 437//437
f 437//437 505//505 506//506
f 437//437 506//506 475//475
f 478//478 507//507 437//437
f 437//437 507//507 508//508
f 437//437 508//508 435//435
f 480//480 509//509 481//481
f 481//481 509//509 510//510
f 481//481 510//510 511//511
f 512//512 513//513 457//457
f 457//457 513//513 514//514
f 457//457 514//514 515//515
f 492//492 516//516 490//490
f 490//490 516//516 517//517
f 490//490 517//517 518//518
f 519//519 517//517 520//520
f 521//521 522//522 457//457
f 457//457 522//522 523//523
f 457//457 523//523 493//493
f 524//524 525//525 481//481
f 481//481 525//525 526//526
f 481//481 526//526 479//479
f 511//511 527//527 481//481
f 481//481 527//527 528//528
f 481//481 528//528 482//482
f 453//453 529//529 454//454
f 454//454 529//529 530//530
f 454//454 530//530 531//531
f 532//532 454//454 533//533
f 533//533 454//454 534//534
f 535//535 536//536 454//454
f 537//537 538//538 539//539
f 539//539 538//538 540//540
f 539//539 540//540 541//541
f 541//541 542//542 539//539
f 539//539 542//542 543//543
f 539//539 543//543 544//544
f 451//451 545//545 437//437
f 437//437 545//545 546//546
f 437//437 546//546 547//547
f 547//547 548//548 437//437
f 437//437 548//548 549//549
f 437//437 549//549 504//504
f 491//491 490//490 550//550
f 550//550 490//490 551//551
f 550//550 551//551 524//524
f 531//531 552//552 454//454
f 454//454 552//552 553//553
f 454//454 553//553 554//554
f 436//436 461//461 437//437
f 437//437 461//461 440//440
f 437//437 440//440 539//539
f 539//539 440//440 555//555
f 539//539 555//555 537//537
f 556//556 557//557 457//457
f 457//457 557//557 558//558
f 558//558 559//559 457//457
f 457//457 559//559 560//560
f 457//457 560//560 561//561
f 456//456 562//562 457//457
f 457//457 562//562 563//563
f 457//457 563//563 460//460
f 460//460 563//563 564//564
f 460//460 564//564 565//565
f 565//565 566//566 460//460
f 460//460 566//566 567//567
f 460//460 567//567 568//568
f 569//569 570//570 460//460
f 460//460 570//570 571//571
f 460//460 571//571 458//458
f 488//488 572//572 481//481
f 481//481 572//572 573//573
f 481//481 573//573 574//574
f 574//574 573//573 489//489
f 574//574 489//489 575//575
f 575//575 489//489 454//454
f 554//554 576//576 454//454
f 454//454 576//576 577//577
f 454//454 577//577 534//534
f 536//536 578//578 447//447
f 447//447 578//578 579//579
f 447//447 579//579 443//443
f 544//544 580//580 539//539
f 539//539 580//580 581//581
f 539//539 581//581 582//582
f 561//561 583//583 457//457
f 457//457 583//583 584//584
f 457//457 584//584 585//585
f 585//585 586//586 457//457
f 457//457 586//586 587//587
f 457//457 587//587 588//588
f 588//588 589//589 457//457
f 457//457 589//589 590//590
f 457//457 590//590 591//591
f 591//591 592//592 457//457
f 457//457 592//592 593//593
f 457//457 593//593 512//512
f 515//515 594//594 457//457
f 457//457 594//594 519//519
f 457//457 519//519 521//521
f 521//521 519//519 520//520
f 595//595 596//596 460//460
f 460//460 596//596 597//597
f 460//460 597//597 569//569
f 532//532 598//598 454//454
f 454//454 598//598 599//599
f 454//454 599//599 535//535
f 568//568 600//600 460//460
f 460//460 600//600 601//601
f 460//460 601//601 602//602
f 602//602 603//603 460//460
f 460//460 603//603 604//604
f 460//460 604//604 605//605
f 605//605 606//606 460//460
f 460//460 606//606 607//607
f 460//460 607//607 595//595
f 582//582 608//608 539//539
f 539//539 608//608 609//609
f 539//539 609//609 610//610
f 610//610 611//611 539//539
f 539//539 611//611 612//612
f 539//539 612//612 613//613
f 614//614 615//615 539//539
f 539//539 615//615 616//616
f 539//539 616//616 457//457
f 457//457 616//616 617//617
f 457//457 617//617 556//556
f 613//613 618//618 539//539
f 539//539 618//618 619//619
f 539//539 619//619 614//614
f 620//620 621//621 622//622
f 620//620 623//623 624//624
f 625//625 623//623 620//620
f 622//622 625//625 620//620
f 620//620 626//626 627//627
f 628//628 626//626 620//620
f 624//624 628//628 620//620
f 620//620 629//629 630//630
f 631//631 629//629 620//620
f 627//627 631//631 620//620
f 620//620 632//632 633//633
f 634//634 632//632 620//620
f 630//630 634//634 620//620
f 620//620 635//635 636//636
f 637//637 635//635 620//620
f 633//633 637//637 620//620
f 620//620 638//638 639//639
f 640//640 638//638 620//620
f 636//636 640//640 620//620
f 620//620 641//641 642//642
f 643//643 641//641 620//620
f 639//639 643//643 620//620
f 620//620 644//644 645//645
f 646//646 644//644 620//620
f 642//642 646//646 620//620
f 620//620 647//647 648//648
f 649//649 647//647 620//620
f 645//645 649//649 620//620
f 620//620 650//650 651//651
f 652//652 650//650 620//620
f 648//648 652//652 620//620
f 620//620 653//653 654//654
f 655//655 653//653 620//620
f 651//651 655//655 620//620
f 620//620 656//656 657//657
f 658//658 656//656 620//620
f 654//654 658//658 620//620
f 620//620 659//659 660//660
f 661//661 659//659 620//620
f 657//657 661//661 620//620
f 620//620 662//662 663//663
f 664//664 662//662 620//620
f 660//660 664//664 620//620
f 620//620 665//665 666//666
f 667//667 665//665 620//620
f 663//663 667//667 620//620
f 620//620 668//668 669//669
f 670//670 668//668 620//620
f 666//666 670//670 620//620
f 620//620 671//671 672//672
f 673//673 671//671 620//620
f 669//669 673//673 620//620
f 620//620 674//674 675//675
f 676//676 674//674 620//620
f 672//672 676//676 620//620
f 620//620 677//677 678//678
f 679//679 677//677 620//620
f 675//675 679//679 620//620
f 620//620 680//680 681//681
f 682//682 680//680 620//620
f 678//678 682//682 620//620
f 620//620 683//683 684//684
f 685//685 683//683 620//620
f 681//681 685//685 620//620
f 620//620 686//686 687//687
f 688//688 686//686 620//620
f 684//684 688//688 620//620
f 620//620 689//689 690//690
f 691//691 689//689 620//620
f 687//687 691//691 620//620
f 620//620 692//692 693//693
f 694//694 692//692 620//620
f 690//690 694//694 620//620
f 620//620 695//695 696//696
f 697//697 695//695 620//620
f 693//693 697//697 620//620
f 620//620 698//698 699//699
f 700//700 698//698 620//620
f 696//696 700//700 620//620
f 620//620 701//701 702//702
f 703//703 701//701 620//620
f 699//699 703//703 620//620
f 620//620 704//704 705//705
f 706//706 704//704 620//620
f 702//702 706//706 620//620
f 620//620 707//707 708//708
f 709//709 707//707 620//620
f 705//705 709//709 620//620
f 708//708 621//621 620//620
f 710//710 711//711 712//712
f 712//712 711//711 713//713
f 712//712 713//713 714//714
f 714//714 713//713 715//715
f 714//714 715//715 716//716
f 716//716 715//715 717//717
f 716//716 717//717 718//718
f 718//718 717//717 719//719
f 718//718 719//719 720//720
f 720//720 719//719 721//721
f 720//720 721//721 722//722
f 722//722 721//721 723//723
f 722//722 723//723 724//724
f 724//724 723//723 725//725
f 724//724 725//725 726//726
f 726//726 725//725 727//727
f 726//726 727//727 728//728
f 728//728 727//727 729//729
f 728//728 729//729 730//730
f 730//730 729//729 731//731
f 730//730 731//731 732//732
f 732//732 731//731 733//733
f 732//732 733//733 734//734
f 734//734 733//733 735//735
f 734//734 735//735 736//736
f 736//736 735//735 737//737
f 736//736 737//737 738//738
f 738//738 737//737 739//739
f 738//738 739//739 740//740
f 740//740 739//739 741//741
f 740//740 741//741 742//742
f 742//742 741//741 743//743
f 742//742 743//743 744//744
f 744//744 743//743 745//745
f 744//744 745//745 746//746
f 746//746 745//745 747//747
f 746//746 747//747 748//748
f 748//748 747//747 749//749
f 748//748 749//749 750//750
f 750//750 749//749 751//751
f 750//750 751//751 752//752
f 752//752 751//751 753//753
f 752//752 753//753 754//754
f 754//754 753//753 755//755
f 754//754 755//755 756//756
f 756//756 755//755 757//757
f 756//756 757//757 758//758
f 758//758 757//757 759//759
f 758//758 759//759 760//760
f 760//760 759//759 761//761
f 760//760 761//761 762//762
f 762//762 761//761 763//763
f 762//762 763//763 764//764
f 764//764 763//763 765//765
f 764//764 765//765 766//766
f 766//766 765//765 767//767
f 766//766 767//767 768//768
f 768//768 767//767 769//769
f 768//768 769//769 770//770
f 770//770 769//769 771//771
f 770//770 771//771 772//772
f 772//772 771//771 773//773
f 772//772 773//773 774//774
f 774//774 773//773 775//775
f 774//774 775//775 776//776
f 776//776 775//775 777//777
f 776//776 777//777 778//778
f 778//778 777//777 779//779
f 778//778 779//779 780//780
f 780//780 779//779 781//781
f 780//780 781//781 782//782
f 782//782 781//781 783//783
f 782//782 783//783 784//784
f 784//784 783//783 785//785
f 784//784 786//786 787//787
f 787//787 786//786 788//788
f 787//787 788//788 789//789
f 789//789 788//788 790//790
f 789//789 790//790 791//791
f 791//791 790//790 792//792
f 791//791 792//792 793//793
f 793//793 792//792 794//794
f 793//793 794//794 795//795
f 795//795 794//794 796//796
f 795//795 796//796 797//797
f 797//797 796//796 798//798
f 797//797 798//798 799//799
f 799//799 798//798 800//800
f 799//799 800//800 801//801
f 801//801 800//800 802//802
f 801//801 802//802 803//803
f 803//803 802//802 804//804
f 803//803 804//804 805//805
f 805//805 804//804 806//806
f 805//805 806//806 807//807
f 807//807 806//806 808//808
f 807//807 808//808 809//809
f 809//809 808//808 810//810
f 809//809 810//810 811//811
f 811//811 810//810 812//812
f 811//811 812//812 813//813
f 813//813 812//812 814//814
f 813//813 814//814 815//815
f 815//815 814//814 816//816
f 815//815 816//816 817//817
f 817//817 816//816 818//818
f 817//817 818//818 819//819
f 819//819 818//818 820//820
f 819//819 820//820 821//821
f 821//821 820//820 822//822
f 821//821 822//822 823//823
f 823//823 822//822 824//824
f 823//823 824//824 825//825
f 825//825 824//824 826//826
f 825//825 826//826 827//827
f 827//827 826//826 828//828
f 827//827 828//828 829//829
f 829//829 828//828 830//830
f 829//829 830//830 831//831
f 831//831 830//830 832//832
f 831//831 832//832 833//833
f 833//833 832//832 834//834
f 833//833 834//834 835//835
f 835//835 834//834 836//836
f 835//835 836//836 837//837
f 837//837 836//836 838//838
f 837//837 838//838 839//839
f 839//839 838//838 840//840
f 839//839 840//840 841//841
f 841//841 840//840 842//842
f 841//841 842//842 843//843
f 843//843 842//842 844//844
f 843//843 844//844 845//845
f 845//845 844//844 846//846
f 845//845 846//846 847//847
f 847//847 846//846 848//848
f 847//847 848//848 849//849
f 849//849 848//848 850//850
f 849//849 850//850 851//851
f 851//851 850//850 852//852
f 851//851 852//852 853//853
f 853//853 852//852 854//854
f 853//853 854//854 855//855
f 855//855 854//854 856//856
f 855//855 856//856 857//857
f 857//857 856//856 858//858
f 857//857 858//858 859//859
f 859//859 858//858 860//860
f 859//859 860//860 861//861
f 861//861 860//860 862//862
f 861//861 862//862 863//863
f 863//863 862//862 864//864
f 863//863 864//864 865//865
f 865//865 864//864 866//866
f 865//865 866//866 867//867
f 867//867 866//866 868//868
f 867//867 868//868 869//869
f 869//869 868//868 870//870
f 869//869 870//870 871//871
f 871//871 870//870 872//872
f 871//871 872//872 873//873
f 873//873 872//872 874//874
f 873//873 874//874 875//875
f 875//875 874//874 876//876
f 875//875 876//876 877//877
f 877//877 876//876 878//878
f 877//877 878//878 879//879
f 879//879 878//878 880//880
f 879//879 880//880 881//881
f 881//881 880//880 882//882
f 881//881 882//882 883//883
f 883//883 882//882 884//884
f 883//883 884//884 885//885
f 885//885 884//884 886//886
f 885//885 886//886 887//887
f 887//887 886//886 888//888
f 887//887 888//888 710//710
f 710//710 888//888 711//711
f 889//889 890//890 891//891
f 889//889 892//892 893//893
f 894//894 892//892 889//889
f 891//891 894//894 889//889
f 889//889 895//895 896//896
f 897//897 895//895 889//889
f 893//893 897//897 889//889
f 889//889 898//898 899//899
f 900//900 898//898 889//889
f 896//896 900//900 889//889
f 889//889 901//901 902//902
f 903//903 901//901 889//889
f 899//899 903//903 889//889
f 889//889 904//904 905//905
f 906//906 904//904 889//889
f 902//902 906//906 889//889
f 889//889 907//907 908//908
f 909//909 907//907 889//889
f 905//905 909//909 889//889
f 889//889 910//910 911//911
f 912//912 910//910 889//889
f 908//908 912//912 889//889
f 889//889 913//913 914//914
f 915//915 913//913 889//889
f 911//911 915//915 889//889
f 889//889 916//916 917//917
f 918//918 916//916 889//889
f 914//914 918//918 889//889
f 889//889 919//919 920//920
f 921//921 919//919 889//889
f 917//917 921//921 889//889
f 889//889 922//922 923//923
f 924//924 922//922 889//889
f 920//920 924//924 889//889
f 889//889 925//925 926//926
f 927//927 925//925 889//889
f 923//923 927//927 889//889
f 889//889 928//928 929//929
f 930//930 928//928 889//889
f 926//926 930//930 889//889
f 889//889 931//931 932//932
f 933//933 931//931 889//889
f 929//929 933//933 889//889
f 889//889 934//934 935//935
f 936//936 934//934 889//889
f 932//932 936//936 889//889
f 889//889 937//937 938//938
f 939//939 937//937 889//889
f 935//935 939//939 889//889
f 889//889 940//940 941//941
f 942//942 940//940 889//889
f 938//938 942//942 889//889
f 889//889 943//943 944//944
f 945//945 943//943 889//889
f 941//941 945//945 889//889
f 889//889 946//946 947//947
f 948//948 946//946 889//889
f 944//944 948//948 889//889
f 889//889 949//949 950//950
f 951//951 949//949 889//889
f 947//947 951//951 889//889
f 889//889 952//952 953//953
f 954//954 952//952 889//889
f 950//950 954//954 889//889
f 889//889 955//955 956//956
f 957//957 955//955 889//889
f 953//953 957//957 889//889
f 889//889 958//958 959//959
f 960//960 958//958 889//889
f 956//956 960//960 889//889
f 889//889 961//961 962//962
f 963//963 961//961 889//889
f 959//959 963//963 889//889
f 889//889 964//964 965//965
f 966//966 964//964 889//889
f 962//962 966//966 889//889
f 889//889 967//967 968//968
f 969//969 967//967 889//889
f 965//965 969//969 889//889
f 889//889 970//970 971//971
f 972//972 970//970 889//889
f 968//968 972//972 889//889
f 889//889 973//973 974//974
f 975//975 973//973 889//889
f 971//971 975//975 889//889
f 889//889 976//976 977//977
f 978//978 976//976 889//889
f 974//974 978//978 889//889
f 977//977 890//890 889//889
f 979//979 980//980 981//981
f 981//981 980//980 982//982
f 981//981 982//982 983//983
f 983//983 982//982 984//984
f 983//983 984//984 985//985
f 985//985 984//984 986//986
f 985//985 986//986 987//987
f 987//987 986//986 988//988
f 987//987 988//988 989//989
f 989//989 988//988 990//990
f 989//989 990//990 991//991
f 991//991 990//990 992//992
f 991//991 992//992 993//993
f 993//993 992//992 994//994
f 993//993 994//994 995//995
f 995//995 994//994 996//996
f 995//995 996//996 997//997
f 997//997 996//996 998//998
f 997//997 998//998 999//999
f 999//999 998//998 1000//1000
f 999//999 1000//1000 1001//1001
f 1001//1001 1000//1000 1002//1002
f 1001//1001 1002//1002 1003//1003
f 1003//1003 1002//1002 1004//1004
f 1003//1003 1004//1004 1005//1005
f 1005//1005 1004//1004 1006//1006
f 1005//1005 1006//1006 1007//1007
f 1007//1007 1006//1006 1008//1008
f 1007//1007 1008//1008 1009//1009
f 1009//1009 1008//1008 1010//1010
f 1009//1009 1010//1010 1011//1011
f 1011//1011 1010//1010 1012//1012
f 1011//1011 1012//1012 1013//1013
f 1013//1013 1012//1012 1014//1014
f 1013//1013 1014//1014 1015//1015
f 1015//1015 1014//1014 1016//1016
f 1015//1015 1016//1016 1017//1017
f 1017//1017 1016//1016 1018//1018
f 1017//1017 1018//1018 1019//1019
f 1019//1019 1018//1018 1020//1020
f 1019//1019 1020//1020 1021//1021
f 1021//1021 1020//1020 1022//1022
f 1021//1021 1022//1022 1023//1023
f 1023//1023 1022//1022 1024//1024
f 1023//1023 1024//1024 1025//1025
f 1025//1025 1024//1024 1026//1026
f 1025//1025 1026//1026 1027//1027
f 1027//1027 1026//1026 1028//1028
f 1027//1027 1028//1028 1029//1029
f 1029//1029 1028//1028 1030//1030
f 1029//1029 1030//1030 1031//1031
f 1031//1031 1030//1030 1032//1032
f 1031//1031 1032//1032 1033//1033
f 1033//1033 1032//1032 1034//1034
f 1033//1033 1034//1034 1035//1035
f 1035//1035 1034//1034 1036//1036
f 1035//1035 1036//1036 1037//1037
f 1037//1037 1036//1036 1038//1038
f 1037//1037 1038//1038 1039//1039
f 1039//1039 1038//1038 1040//1040
f 1039//1039 1040//1040 1041//1041
f 1041//1041 1040//1040 1042//1042
f 1041//1041 1042//1042 1043//1043
f 1043//1043 1042//1042 1044//1044
f 1043//1043 1044//1044 1045//1045
f 1045//1045 1044//1044 1046//1046
f 1045//1045 1046//1046 1047//1047
f 1047//1047 1046//1046 1048//1048
f 1047//1047 1048//1048 1049//1049
f 1049//1049 1048//1048 1050//1050
f 1049//1049 1050//1050 1051//1051
f 1051//1051 1050//1050 1052//1052
f 1051//1051 1052//1052 1053//1053
f 1053//1053 1052//1052 1054//1054
f 1053//1053 1054//1054 1055//1055
f 1055//1055 1054//1054 1056//1056
f 1055//1055 1056//1056 1057//1057
f 1057//1057 1056//1056 1058//1058
f 1057//1057 1058//1058 1059//1059
f 1059//1059 1058//1058 1060//1060
f 1059//1059 1060//1060 1061//1061
f 1061//1061 1060//1060 1062//1062
f 1061//1061 1062//1062 1063//1063
f 1063//1063 1062//1062 1064//1064
f 1063//1063 1064//1064 1065//1065
f 1065//1065 1064//1064 1066//1066
f 1065//1065 1066//1066 1067//1067
f 1067//1067 1066//1066 1068//1068
f 1067//1067 1068//1068 1069//1069
f 1069//1069 1068//1068 1070//1070
f 1069//1069 1070//1070 1071//1071
f 1071//1071 1070//1070 1072//1072
f 1071//1071 1072//1072 1073//1073
f 1073//1073 1072//1072 1074//1074
f 1073//1073 1074//1074 1075//1075
f 1075//1075 1074//1074 1076//1076
f 1075//1075 1076//1076 1077//1077
f 1077//1077 1076//1076 1078//1078
f 1077//1077 1078//1078 1079//1079
f 1079//1079 1078//1078 1080//1080
f 1079//1079 1080//1080 1081//1081
f 1081//1081 1080//1080 1082//1082
f 1081//1081 1082//1082 1083//1083
f 1083//1083 1082//1082 1084//1084
f 1083//1083 1084//1084 1085//1085
f 1085//1085 1084//1084 1086//1086
f 1085//1085 1086//1086 1087//1087
f 1087//1087 1086//1086 1088//1088
f 1087//1087 1088//1088 1089//1089
f 1089//1089 1088//1088 1090//1090
f 1089//1089 1090//1090 1091//1091
f 1091//1091 1090//1090 1092//1092
f 1091//1091 1092//1092 1093//1093
f 1093//1093 1092//1092 1094//1094
f 1093//1093 1094//1094 1095//1095
f 1095//1095 1094//1094 1096//1096
f 1095//1095 1096//1096 1097//1097
f 1097//1097 1096//1096 1098//1098
f 1097//1097 1098//1098 1099//1099
f 1099//1099 1098//1098 1100//1100
f 1099//1099 1100//1100 1101//1101
f 1101//1101 1100//1100 1102//1102
f 1101//1101 1102//1102 1103//1103
f 1103//1103 1102//1102 1104//1104
f 1103//1103 1104//1104 1105//1105
f 1105//1105 1104//1104 1106//1106
f 1105//1105 1106//1106 1107//1107
f 1107//1107 1106//1106 1108//1108
f 1107//1107 1108//1108 1109//1109
f 1109//1109 1108//1108 1110//1110
f 1109//1109 1110//1110 1111//1111
f 1111//1111 1110//1110 1112//1112
f 1111//1111 1112//1112 1113//1113
f 1113//1113 1112//1112 1114//1114
f 1113//1113 1114//1114 1115//1115
f 1115//1115 1114//1114 1116//1116
f 1115//1115 1116//1116 1117//1117
f 1117//1117 1116//1116 1118//1118
f 1117//1117 1118//1118 1119//1119
f 1119//1119 1118//1118 1120//1120
f 1119//1119 1120//1120 1121//1121
f 1121//1121 1120//1120 1122//1122
f 1121//1121 1122//1122 1123//1123
f 1123//1123 1124//1124 1125//1125
f 1123//1123 1125//1125 1126//1126
f 1126//1126 1125//1125 1127//1127
f 1126//1126 1127//1127 1128//1128
f 1128//1128 1127//1127 1129//1129
f 1128//1128 1129//1129 1130//1130
f 1130//1130 1129//1129 1131//1131
f 1130//1130 1131//1131 1132//1132
f 1132//1132 1131//1131 1133//1133
f 1132//1132 1133//1133 1134//1134
f 1134//1134 1133//1133 1135//1135
f 1134//1134 1135//1135 1136//1136
f 1136//1136 1135//1135 1137//1137
f 1136//1136 1137//1137 1138//1138
f 1138//1138 1137//1137 1139//1139
f 1138//1138 1139//1139 1140//1140
f 1140//1140 1139//1139 1141//1141
f 1140//1140 1141//1141 1142//1142
f 1142//1142 1141//1141 1143//1143
f 1142//1142 1143//1143 1144//1144
f 1144//1144 1143//1143 1145//1145
f 1144//1144 1145//1145 1146//1146
f 1146//1146 1145//1145 1147//1147
f 1146//1146 1147//1147 1148//1148
f 1148//1148 1147//1147 1149//1149
f 1148//1148 1149//1149 1150//1150
f 1150//1150 1149//1149 1151//1151
f 1150//1150 1151//1151 1152//1152
f 1152//1152 1151//1151 1153//1153
f 1152//1152 1153//1153 1154//1154
f 1154//1154 1153//1153 1155//1155
f 1154//1154 1155//1155 1156//1156
f 1156//1156 1155//1155 1157//1157
f 1156//1156 1157//1157 979//979
f 979//979 1157//1157 980//980
f 539//539 1158//1158 1159//1159
f 539//539 1160//1160 1161//1161
f 1162//1162 539//539 1163//1163
f 1163//1163 539//539 457//457
f 1163//1163 457//457 1164//1164
f 1164//1164 457//457 1165//1165
f 1166//1166 1167//1167 1161//1161
f 1161//1161 1167//1167 1168//1168
f 1161//1161 1168//1168 1169//1169
f 1169//1169 1168//1168 1170//1170
f 1169//1169 1170//1170 1171//1171
f 1162//1162 1172//1172 539//539
f 539//539 1172//1172 1173//1173
f 539//539 1173//1173 1174//1174
f 1175//1175 1176//1176 539//539
f 539//539 1176//1176 1177//1177
f 539//539 1177//1177 1160//1160
f 1178//1178 1179//1179 1161//1161
f 1161//1161 1179//1179 1180//1180
f 1161//1161 1180//1180 1166//1166
f 1174//1174 1181//1181 539//539
f 539//539 1181//1181 1182//1182
f 539//539 1182//1182 1183//1183
f 1159//1159 1184//1184 539//539
f 539//539 1184//1184 1185//1185
f 539//539 1185//1185 1186//1186
f 1187//1187 1188//1188 1161//1161
f 1161//1161 1188//1188 1189//1189
f 1161//1161 1189//1189 1178//1178
f 1190//1190 1191//1191 539//539
f 539//539 1191//1191 1192//1192
f 539//539 1192//1192 1175//1175
f 1183//1183 1193//1193 539//539
f 539//539 1193//1193 1194//1194
f 539//539 1194//1194 1195//1195
f 1195//1195 1196//1196 539//539
f 539//539 1196//1196 1197//1197
f 539//539 1197//1197 1158//1158
f 1198//1198 1199//1199 1161//1161
f 1161//1161 1199//1199 1200//1200
f 1161//1161 1200//1200 1187//1187
f 1186//1186 1201//1201 539//539
f 539//539 1201//1201 1202//1202
f 539//539 1202//1202 1203//1203
f 1204//1204 1205//1205 539//539
f 539//539 1205//1205 1206//1206
f 539//539 1206//1206 1190//1190
f 1203//1203 1207//1207 539//539
f 539//539 1207//1207 1208//1208
f 539//539 1208//1208 1209//1209
f 1210//1210 1211//1211 539//539
f 539//539 1211//1211 1212//1212
f 539//539 1212//1212 1204//1204
f 1209//1209 1213//1213 539//539
f 539//539 1213//1213 1214//1214
f 539//539 1214//1214 1215//1215
f 1215//1215 1216//1216 539//539
f 539//539 1216//1216 1217//1217
f 539//539 1217//1217 1210//1210
f 1164//1164 1165//1165 1218//1218
f 1164//1164 1218//1218 1219//1219
f 1219//1219 1218//1218 1220//1220
f 1219//1219 1220//1220 1221//1221
f 1221//1221 1220//1220 1222//1222
f 1221//1221 1222//1222 1223//1223
f 1223//1223 1222//1222 1224//1224
f 1223//1223 1224//1224 1225//1225
f 1225//1225 1224//1224 1226//1226
f 1225//1225 1226//1226 1227//1227
f 1227//1227 1226//1226 1228//1228
f 1227//1227 1228//1228 1229//1229
f 1229//1229 1228//1228 1230//1230
f 1229//1229 1230//1230 1231//1231
f 1231//1231 1230//1230 1232//1232
f 1231//1231 1232//1232 1233//1233
f 1233//1233 1232//1232 217//217
f 1233//1233 217//217 218//218
f 394//394 393//393 1234//1234
f 394//394 1234//1234 1235//1235
f 1235//1235 1234//1234 1236//1236
f 1235//1235 1236//1236 1237//1237
f 1237//1237 1236//1236 1238//1238
f 1237//1237 1238//1238 1239//1239
f 1239//1239 1238//1238 1240//1240
f 1239//1239 1240//1240 1241//1241
f 1241//1241 1240//1240 1242//1242
f 1241//1241 1242//1242 1243//1243
f 1243//1243 1242//1242 1244//1244
f 1243//1243 1244//1244 1245//1245
f 1245//1245 1244//1244 1246//1246
f 1245//1245 1246//1246 1247//1247
f 1247//1247 1246//1246 1248//1248
f 1247//1247 1248//1248 1249//1249
f 1249//1249 1248//1248 1171//1171
f 1249//1249 1171//1171 1170//1170
f 1250//1250 1251//1251 1252//1252
f 1252//1252 1251//1251 1253//1253
f 1254//1254 1255//1255 1256//1256
f 1256//1256 1255//1255 1257//1257
f 1258//1258 1259//1259 1260//1260
f 1260//1260 1259//1259 1261//1261
f 1262//1262 1263//1263 1264//1264
f 1264//1264 1263//1263 1265//1265
f 1266//1266 1267//1267 1268//1268
f 1268//1268 1267//1267 1269//1269
f 1270//1270 1271//1271 1272//1272
f 1272//1272 1271//1271 1273//1273
f 1272//1272 1273//1273 1274//1274
f 1275//1275 1276//1276 1277//1277
f 1277//1277 1276//1276 1278//1278
f 1279//1279 1280//1280 1281//1281
f 1281//1281 1280//1280 1282//1282
f 1283//1283 1284//1284 1285//1285
f 1285//1285 1284//1284 1286//1286
f 1287//1287 1288//1288 1289//1289
f 1289//1289 1288//1288 1290//1290
f 1289//1289 1290//1290 1291//1291

